Date,Open,High,Low,Close,Volume
2018-07-23,81.2300033569336,81.2300033569336,79.66999816894531,79.97000122070312,2844900
2018-07-24,80.0999984741211,80.13999938964844,78.77999877929688,79.88999938964844,4065500
2018-07-25,79.79000091552734,80.62000274658203,79.69000244140625,80.18000030517578,2582100
2018-07-26,80.44999694824219,81.33999633789062,80.41000366210938,81.13999938964844,2812000
2018-07-27,81.0,81.69999694824219,80.75,81.08999633789062,2097200
2018-07-30,80.8499984741211,81.19999694824219,80.5999984741211,80.7699966430664,2306900
2018-07-31,81.19999694824219,81.70999908447266,80.76000213623047,81.62000274658203,3691100
2018-08-01,81.13999938964844,81.44000244140625,80.13999938964844,81.05000305175781,3478500
2018-08-02,80.62999725341797,81.19999694824219,79.51000213623047,80.44999694824219,4075600
2018-08-03,80.5199966430664,81.72000122070312,80.29000091552734,81.55000305175781,3122300
2018-08-06,81.56999969482422,82.22000122070312,80.80000305175781,81.12000274658203,3285600
2018-08-07,81.12000274658203,81.18000030517578,80.0,80.87999725341797,2629400
2018-08-08,80.62000274658203,80.9000015258789,80.18000030517578,80.43000030517578,2429900
2018-08-09,80.45999908447266,80.87000274658203,80.27999877929688,80.80999755859375,1658000
2018-08-10,80.9800033569336,81.80000305175781,80.8499984741211,80.88999938964844,3467100
2018-08-13,80.91999816894531,81.12000274658203,80.5199966430664,80.94000244140625,4051000
2018-08-14,80.97000122070312,81.52999877929688,80.77999877929688,81.22000122070312,2379000
2018-08-15,81.44000244140625,82.44999694824219,81.30999755859375,81.86000061035156,3683400
2018-08-16,80.91000366210938,81.83999633789062,80.55000305175781,81.79000091552734,3104900
2018-08-17,81.63999938964844,82.72000122070312,81.58000183105469,82.27999877929688,3090200
2018-08-20,82.37999725341797,82.56999969482422,81.62000274658203,81.80999755859375,2643600
2018-08-21,81.70999908447266,81.77999877929688,80.83000183105469,81.27999877929688,2623400
2018-08-22,81.4000015258789,81.80000305175781,80.54000091552734,80.83000183105469,3050000
2018-08-23,80.7300033569336,81.44999694824219,80.66999816894531,80.87999725341797,1828100
2018-08-24,81.06999969482422,81.48999786376953,80.66000366210938,81.41000366210938,2296600
2018-08-27,81.41999816894531,81.58999633789062,80.30000305175781,80.58999633789062,2559200
2018-08-28,80.44000244140625,80.62000274658203,80.16000366210938,80.3499984741211,2307900
2018-08-29,80.48999786376953,80.77999877929688,80.19000244140625,80.7300033569336,2322700
2018-08-30,80.95999908447266,81.44999694824219,80.63999938964844,81.31999969482422,2738700
2018-08-31,81.30000305175781,81.80000305175781,80.87000274658203,81.23999786376953,3837400
2018-09-04,81.37999725341797,81.87999725341797,81.23999786376953,81.41999816894531,2887100
2018-09-05,81.51000213623047,83.30000305175781,81.51000213623047,83.19000244140625,4884700
2018-09-06,82.62000274658203,83.7699966430664,82.62000274658203,83.47000122070312,3213600
2018-09-07,82.81999969482422,83.19000244140625,81.94000244140625,82.47000122070312,3113000
2018-09-10,82.72000122070312,83.2300033569336,82.26000213623047,82.30999755859375,4512800
2018-09-11,82.44000244140625,82.80000305175781,81.2699966430664,81.37999725341797,4085500
2018-09-12,81.2300033569336,81.5,80.61000061035156,80.88999938964844,4646300
2018-09-13,80.91000366210938,82.20999908447266,80.55000305175781,82.1500015258789,4725200
2018-09-14,81.98999786376953,82.0,81.04000091552734,81.69999694824219,3102700
2018-09-17,81.7699966430664,82.13999938964844,81.26000213623047,82.08000183105469,3052100
2018-09-18,82.44000244140625,82.5,81.66000366210938,81.91999816894531,4191000
2018-09-19,81.88999938964844,81.95999908447266,79.62000274658203,80.08999633789062,4469600
2018-09-20,80.0,80.73999786376953,79.2699966430664,80.62000274658203,4074900
2018-09-21,80.5,80.91999816894531,78.52999877929688,79.81999969482422,15566200
2018-09-24,79.70999908447266,79.97000122070312,79.43000030517578,79.61000061035156,3633700
2018-09-25,79.5999984741211,79.69999694824219,78.55000305175781,78.80999755859375,4748700
2018-09-26,78.80000305175781,79.25,78.04000091552734,78.08999633789062,5169800
2018-09-27,78.0,79.31999969482422,78.0,78.94000244140625,3256000
2018-09-28,79.12999725341797,80.05999755859375,79.0999984741211,80.0199966430664,4540900
2018-10-01,79.91000366210938,80.0,79.19000244140625,79.55000305175781,2727200
2018-10-02,79.93000030517578,80.75,79.91000366210938,80.41999816894531,2509500
2018-10-03,80.33999633789062,80.61000061035156,78.5199966430664,79.19000244140625,4127400
2018-10-04,79.11000061035156,80.02999877929688,78.55999755859375,79.94000244140625,3620300
2018-10-05,79.9000015258789,81.72000122070312,79.83000183105469,81.4000015258789,4824800
2018-10-08,81.5,82.94999694824219,81.3499984741211,82.13999938964844,4450200
2018-10-09,82.2699966430664,82.69000244140625,81.80999755859375,82.25,4204200
2018-10-10,82.19999694824219,83.30999755859375,81.83000183105469,81.87999725341797,5042100
2018-10-11,82.1500015258789,82.41000366210938,79.66999816894531,79.9800033569336,6074700
2018-10-12,79.7699966430664,80.11000061035156,79.01000213623047,79.98999786376953,5821700
2018-10-15,79.91999816894531,80.8499984741211,79.70999908447266,80.12999725341797,3018400
2018-10-16,80.05000305175781,81.41000366210938,79.75,80.94000244140625,3333200
2018-10-17,80.81999969482422,81.06999969482422,80.19000244140625,80.7699966430664,2670600
2018-10-18,81.48999786376953,81.73999786376953,80.91000366210938,81.26000213623047,4274200
2018-10-19,81.25,83.41999816894531,81.2300033569336,82.75,4395800
2018-10-22,83.0199966430664,83.20999908447266,82.33000183105469,82.63999938964844,4275800
2018-10-23,82.97000122070312,84.02999877929688,82.20999908447266,82.30000305175781,4882800
2018-10-24,82.63999938964844,85.08000183105469,82.27999877929688,84.75,4890200
2018-10-25,84.5,84.55000305175781,83.41000366210938,83.63999938964844,6787900
2018-10-26,84.0199966430664,84.63999938964844,81.41999816894531,81.88999938964844,5326900
2018-10-29,82.08999633789062,83.62000274658203,81.87999725341797,83.45999908447266,4157900
2018-10-30,83.80000305175781,84.2300033569336,82.62999725341797,83.83000183105469,2996000
2018-10-31,83.22000122070312,83.3499984741211,82.04000091552734,82.62999725341797,4084000
2018-11-01,82.56999969482422,82.62999725341797,80.95999908447266,81.66000366210938,6994300
2018-11-02,83.41000366210938,83.83000183105469,80.88999938964844,82.58999633789062,7038400
2018-11-05,83.08000183105469,83.83999633789062,82.68000030517578,83.58000183105469,3057700
2018-11-06,83.66000366210938,84.44999694824219,83.44000244140625,84.33000183105469,2642900
2018-11-07,84.75,84.77999877929688,83.58999633789062,84.69999694824219,2981500
2018-11-08,84.73999786376953,85.0199966430664,83.33000183105469,84.33000183105469,3002400
2018-11-09,84.5,85.7699966430664,84.25,85.58000183105469,4432500
2018-11-12,85.25,86.95999908447266,85.19999694824219,85.91999816894531,3250900
2018-11-13,85.9000015258789,86.62000274658203,85.30000305175781,86.3499984741211,2833200
2018-11-14,85.9000015258789,86.94999694824219,85.6500015258789,86.41999816894531,3860600
2018-11-15,84.83999633789062,86.29000091552734,84.04000091552734,86.13999938964844,4481100
2018-11-16,86.44000244140625,87.0999984741211,85.88999938964844,86.68000030517578,3351200
2018-11-19,86.58000183105469,87.70999908447266,86.5,87.63999938964844,4114400
2018-11-20,88.06999969482422,89.2300033569336,87.80000305175781,88.5199966430664,6879300
2018-11-21,88.05000305175781,88.18000030517578,86.12000274658203,86.44999694824219,3640300
2018-11-23,86.62000274658203,86.98999786376953,86.19999694824219,86.75,1448300
2018-11-26,86.69999694824219,87.30000305175781,86.26000213623047,86.9800033569336,2169100
2018-11-27,87.0199966430664,88.0,86.52999877929688,87.83000183105469,2383400
2018-11-28,87.69999694824219,87.87999725341797,86.91000366210938,87.5999984741211,2950200
2018-11-29,87.61000061035156,88.05999755859375,86.6500015258789,87.5999984741211,2940100
2018-11-30,87.79000091552734,88.7300033569336,87.20999908447266,88.56999969482422,4829300
2018-12-03,88.0,89.62999725341797,87.19999694824219,89.62000274658203,3904800
2018-12-04,89.76000213623047,90.69999694824219,89.62999725341797,90.05000305175781,5598100
2018-12-06,90.5,90.63999938964844,88.36000061035156,89.83000183105469,4758300
2018-12-07,89.94999694824219,90.55000305175781,89.22000122070312,89.98999786376953,4985100
2018-12-10,90.16000366210938,90.66000366210938,88.80000305175781,90.51000213623047,3904000
2018-12-11,90.5,90.9800033569336,89.73999786376953,90.79000091552734,4707000
2018-12-12,90.79000091552734,91.25,89.5199966430664,89.5999984741211,5225800
2018-12-13,89.77999877929688,91.25,89.77999877929688,90.9000015258789,4180900
2018-12-14,91.0,91.3499984741211,90.18000030517578,90.75,3651900
2018-12-17,91.0,91.30000305175781,87.63999938964844,88.08999633789062,5527300
2018-12-18,88.43000030517578,89.2300033569336,87.23999786376953,87.66000366210938,4224100
2018-12-19,87.8499984741211,88.31999969482422,86.7300033569336,87.2300033569336,4832800
2018-12-20,87.4000015258789,89.11000061035156,86.37000274658203,88.13999938964844,4622300
2018-12-21,87.86000061035156,90.25,87.51000213623047,87.66999816894531,6798600
2018-12-24,87.66000366210938,88.38999938964844,83.26000213623047,83.91000366210938,2752700
2018-12-26,84.0,85.2699966430664,82.7699966430664,85.25,2616900
2018-12-27,85.38999938964844,85.95999908447266,83.93000030517578,85.95999908447266,3081700
2018-12-28,86.12000274658203,87.18000030517578,85.7699966430664,86.12000274658203,2447500
2018-12-31,86.33999633789062,86.5999984741211,85.30999755859375,86.30000305175781,2240100
2019-01-02,86.11000061035156,86.19000244140625,84.30000305175781,84.69999694824219,2857400
2019-01-03,84.76000213623047,85.5999984741211,84.05999755859375,84.66999816894531,2959700
2019-01-04,84.16000366210938,85.44999694824219,84.05999755859375,85.37000274658203,3278100
2019-01-07,84.8499984741211,85.38999938964844,84.33000183105469,85.01000213623047,3060200
2019-01-08,85.04000091552734,86.16999816894531,84.5,86.08000183105469,2350500
2019-01-09,84.95999908447266,86.0,84.33999633789062,84.80999755859375,3264400
2019-01-10,85.05000305175781,85.58999633789062,84.62999725341797,85.2699966430664,3758000
2019-01-11,85.20999908447266,85.20999908447266,84.20999908447266,84.61000061035156,3082400
2019-01-14,84.31999969482422,84.31999969482422,82.45999908447266,83.66000366210938,3931000
2019-01-15,83.5999984741211,85.45999908447266,83.33000183105469,85.13999938964844,2722900
2019-01-16,84.72000122070312,85.37999725341797,84.33999633789062,85.2699966430664,2279100
2019-01-17,85.29000091552734,85.7699966430664,84.91999816894531,85.63999938964844,1895700
2019-01-18,85.94000244140625,86.0199966430664,85.20999908447266,85.5999984741211,2842600
2019-01-22,85.01000213623047,86.51000213623047,84.8499984741211,85.61000061035156,2693600
2019-01-23,85.48999786376953,86.1500015258789,85.29000091552734,86.12999725341797,2629400
2019-01-24,86.2300033569336,86.7699966430664,85.36000061035156,86.69999694824219,2504400
2019-01-25,86.33999633789062,86.98999786376953,85.62999725341797,85.8499984741211,2472900
2019-01-28,86.0199966430664,86.29000091552734,85.12999725341797,85.6500015258789,2079100
2019-01-29,85.94999694824219,86.16000366210938,85.27999877929688,85.62999725341797,3625500
2019-01-30,85.36000061035156,86.54000091552734,85.26000213623047,86.05000305175781,2215100
2019-01-31,86.08999633789062,88.4800033569336,85.5199966430664,87.77999877929688,6869400
2019-02-01,87.77999877929688,88.05000305175781,86.86000061035156,87.77999877929688,3207100
2019-02-04,87.16000366210938,87.83000183105469,86.4800033569336,87.81999969482422,3301800
2019-02-05,87.91000366210938,88.6500015258789,87.41000366210938,88.5,3464300
2019-02-06,88.44999694824219,88.79000091552734,87.80999755859375,88.45999908447266,2467400
2019-02-07,88.4000015258789,89.5,87.8499984741211,89.4800033569336,2844600
2019-02-08,89.41999816894531,90.58000183105469,89.30000305175781,90.30000305175781,3716600
2019-02-11,90.08000183105469,90.6500015258789,89.69999694824219,90.16999816894531,2428100
2019-02-12,90.30000305175781,90.73999786376953,89.6500015258789,90.2300033569336,2676900
2019-02-13,89.9000015258789,90.20999908447266,89.31999969482422,89.58999633789062,5281400
2019-02-14,88.52999877929688,88.61000061035156,87.25,87.81999969482422,3987400
2019-02-15,88.44999694824219,88.48999786376953,87.0199966430664,87.51000213623047,4472900
2019-02-19,87.63999938964844,88.13999938964844,87.23999786376953,87.94000244140625,4358600
2019-02-20,87.94999694824219,89.05999755859375,87.54000091552734,88.8499984741211,3471200
2019-02-21,88.31999969482422,89.66000366210938,88.2699966430664,89.58999633789062,3167800
2019-02-22,89.69999694824219,90.29000091552734,89.36000061035156,89.91000366210938,2538500
2019-02-25,89.91000366210938,89.94999694824219,88.91999816894531,89.4800033569336,2551000
2019-02-26,89.62999725341797,89.88999938964844,88.19000244140625,88.87999725341797,3234500
2019-02-27,88.7300033569336,89.43000030517578,88.47000122070312,89.27999877929688,2112500
2019-02-28,89.20999908447266,89.98999786376953,89.0,89.66000366210938,4137300
2019-03-01,89.5999984741211,89.91000366210938,88.93000030517578,89.52999877929688,5613700
2019-03-04,89.81999969482422,89.94999694824219,88.9800033569336,89.87999725341797,3104400
2019-03-05,89.66000366210938,89.94000244140625,89.43000030517578,89.52999877929688,3513400
2019-03-06,89.6500015258789,89.95999908447266,89.36000061035156,89.56999969482422,3121400
2019-03-07,89.95999908447266,90.6500015258789,89.29000091552734,89.58000183105469,3531000
2019-03-08,89.91000366210938,90.2300033569336,89.30000305175781,90.19999694824219,2443800
2019-03-11,90.26000213623047,90.47000122070312,89.87999725341797,90.36000061035156,3720200
2019-03-12,90.47000122070312,90.87000274658203,90.11000061035156,90.51000213623047,4583700
2019-03-13,90.38999938964844,90.79000091552734,90.31999969482422,90.55999755859375,4510500
2019-03-14,90.47000122070312,91.08000183105469,90.12000274658203,90.36000061035156,3600300
2019-03-15,90.44999694824219,91.02999877929688,90.23999786376953,90.6500015258789,7614200
2019-03-18,90.86000061035156,90.91000366210938,89.7300033569336,90.05999755859375,3977000
2019-03-19,90.08000183105469,90.2300033569336,88.66000366210938,89.12000274658203,4656600
2019-03-20,89.33999633789062,90.16000366210938,89.0,89.37999725341797,3838800
2019-03-21,89.4000015258789,90.23999786376953,89.20999908447266,89.91000366210938,4461100
2019-03-22,90.16000366210938,91.66999816894531,89.91000366210938,90.69999694824219,4174400
2019-03-25,90.9000015258789,91.12999725341797,90.44999694824219,90.7699966430664,3350900
2019-03-26,90.69999694824219,91.66999816894531,90.62999725341797,91.52999877929688,3342100
2019-03-27,91.58999633789062,91.62999725341797,90.2300033569336,90.4800033569336,3592200
2019-03-28,90.68000030517578,90.9000015258789,89.0199966430664,89.37999725341797,4565800
2019-03-29,89.2300033569336,90.08999633789062,88.80999755859375,90.0,5434800
2019-04-01,89.75,89.83000183105469,88.62999725341797,89.27999877929688,4555500
2019-04-02,89.5999984741211,89.5999984741211,88.6500015258789,89.12999725341797,3386400
2019-04-03,89.0,89.19000244140625,88.22000122070312,88.8499984741211,2998800
2019-04-04,89.02999877929688,89.52999877929688,87.93000030517578,89.3499984741211,4847600
2019-04-05,89.48999786376953,90.62000274658203,89.18000030517578,90.52999877929688,5433200
2019-04-08,90.5,90.62000274658203,89.6500015258789,90.11000061035156,3115500
2019-04-09,90.05999755859375,90.4800033569336,89.81999969482422,90.25,2475300
2019-04-10,90.48999786376953,91.08000183105469,89.69999694824219,89.94000244140625,3412300
2019-04-11,90.04000091552734,90.45999908447266,89.80000305175781,90.26000213623047,2424500
2019-04-12,89.69999694824219,90.47000122070312,89.20999908447266,90.44999694824219,3520900
2019-04-15,90.5,90.73999786376953,90.16000366210938,90.44000244140625,2808900
2019-04-16,90.13999938964844,90.6500015258789,88.86000061035156,89.08999633789062,3166400
2019-04-17,89.12999725341797,89.72000122070312,88.70999908447266,89.05999755859375,4518200
2019-04-18,89.31999969482422,89.6500015258789,88.94000244140625,89.13999938964844,2822400
2019-04-22,89.01000213623047,89.55999755859375,88.52999877929688,88.7300033569336,2615800
2019-04-23,88.81999969482422,89.30999755859375,88.29000091552734,89.01000213623047,2336800
2019-04-24,89.27999877929688,89.9800033569336,88.87999725341797,89.68000030517578,1942400
2019-04-25,89.41999816894531,90.66000366210938,89.2699966430664,90.44999694824219,2506600
2019-04-26,90.69999694824219,91.33000183105469,90.27999877929688,90.31999969482422,1921400
2019-04-29,89.91000366210938,90.29000091552734,89.31999969482422,89.58000183105469,2370800
2019-04-30,89.69000244140625,91.22000122070312,89.43000030517578,91.12000274658203,3242700
2019-05-01,90.68000030517578,91.05999755859375,90.0999984741211,90.41000366210938,2323400
2019-05-02,90.44000244140625,90.80999755859375,89.62000274658203,89.80999755859375,2656600
2019-05-03,90.16999816894531,90.44999694824219,89.81999969482422,90.16000366210938,2988600
2019-05-06,90.18000030517578,90.41999816894531,89.30000305175781,89.4800033569336,2659600
2019-05-07,89.5,89.63999938964844,88.83000183105469,89.26000213623047,2546200
2019-05-08,89.1500015258789,89.30000305175781,87.72000122070312,87.80000305175781,2832400
2019-05-09,88.68000030517578,88.68000030517578,86.66999816894531,86.83000183105469,3165000
2019-05-10,86.62000274658203,88.06999969482422,86.44999694824219,87.98999786376953,2965400
2019-05-13,87.69999694824219,88.16000366210938,86.80000305175781,88.05000305175781,4046600
2019-05-14,87.31999969482422,87.62000274658203,86.55999755859375,87.01000213623047,4955500
2019-05-15,87.20999908447266,87.55999755859375,86.7699966430664,86.79000091552734,3653200
2019-05-16,85.91999816894531,86.70999908447266,85.72000122070312,86.23999786376953,4151900
2019-05-17,85.69999694824219,87.44000244140625,85.68000030517578,87.19999694824219,4428300
2019-05-20,87.30999755859375,87.5999984741211,86.66000366210938,86.95999908447266,3100200
2019-05-21,87.19000244140625,88.02999877929688,86.87000274658203,87.08000183105469,2728300
2019-05-22,87.37999725341797,88.0,87.1500015258789,87.80999755859375,2225700
2019-05-23,88.12000274658203,88.98999786376953,87.94000244140625,88.9000015258789,3862000
2019-05-24,88.9000015258789,89.44999694824219,88.6500015258789,88.80999755859375,1987700
2019-05-28,88.80999755859375,88.8499984741211,86.93000030517578,87.12000274658203,3837700
2019-05-29,87.4000015258789,87.58000183105469,85.7300033569336,85.80999755859375,2319000
2019-05-30,85.88999938964844,86.27999877929688,85.33999633789062,85.52999877929688,2319200
2019-05-31,85.55000305175781,86.08999633789062,84.45999908447266,85.61000061035156,3182500
2019-06-03,86.04000091552734,86.13999938964844,85.26000213623047,86.0199966430664,3061800
2019-06-04,85.9800033569336,86.16000366210938,84.27999877929688,85.9000015258789,2498700
2019-06-05,86.16000366210938,87.66999816894531,85.51000213623047,87.22000122070312,2819200
2019-06-06,87.31999969482422,88.0,86.95999908447266,87.70999908447266,2985500
2019-06-07,87.95999908447266,88.5999984741211,86.94999694824219,87.04000091552734,3243300
2019-06-10,86.93000030517578,86.97000122070312,86.05000305175781,86.29000091552734,3028400
2019-06-11,86.04000091552734,86.48999786376953,85.06999969482422,85.63999938964844,2841300
2019-06-12,86.12000274658203,86.87000274658203,86.12000274658203,86.6500015258789,2893800
2019-06-13,86.94999694824219,87.44000244140625,86.31999969482422,86.7699966430664,3753100
2019-06-14,86.77999877929688,88.16999816894531,86.75,87.87000274658203,3237600
2019-06-17,88.08000183105469,88.58999633789062,87.5199966430664,87.94999694824219,2448600
2019-06-18,88.36000061035156,88.5,86.31999969482422,87.23999786376953,2532600
2019-06-19,86.9000015258789,88.12000274658203,86.68000030517578,87.6500015258789,2683200
2019-06-20,88.13999938964844,88.83999633789062,87.68000030517578,88.58000183105469,2428300
2019-06-21,88.63999938964844,89.5999984741211,87.97000122070312,89.52999877929688,6867500
2019-06-24,89.62000274658203,90.12999725341797,89.22000122070312,89.91000366210938,3305700
2019-06-25,89.91000366210938,90.68000030517578,89.77999877929688,90.12000274658203,3996800
2019-06-26,89.83999633789062,89.94000244140625,87.93000030517578,87.9800033569336,3437000
2019-06-27,88.06999969482422,88.72000122070312,87.7699966430664,88.55000305175781,2726700
2019-06-28,88.48999786376953,89.13999938964844,87.94000244140625,88.23999786376953,3875700
2019-07-01,88.01000213623047,88.23999786376953,87.23999786376953,88.01000213623047,2848000
2019-07-02,88.16999816894531,89.44999694824219,88.16000366210938,89.13999938964844,2039000
2019-07-03,89.19999694824219,90.5999984741211,89.19999694824219,90.0999984741211,1717600
2019-07-05,89.41999816894531,89.7699966430664,88.20999908447266,89.68000030517578,1744000
2019-07-08,89.9000015258789,90.05999755859375,89.05999755859375,89.66000366210938,2046900
2019-07-09,90.25,90.2699966430664,88.87000274658203,89.4000015258789,2598000
2019-07-10,89.80000305175781,90.13999938964844,89.30000305175781,89.62999725341797,2401700
2019-07-11,89.48999786376953,90.02999877929688,88.61000061035156,89.44999694824219,2379100
2019-07-12,89.58999633789062,89.58999633789062,88.44000244140625,88.69999694824219,2101400
2019-07-15,88.80999755859375,89.52999877929688,88.55000305175781,89.37999725341797,1847700
2019-07-16,89.11000061035156,89.52999877929688,88.37000274658203,89.02999877929688,1727100
2019-07-17,89.33999633789062,89.69000244140625,88.88999938964844,89.13999938964844,2102700
2019-07-18,89.20999908447266,89.8499984741211,88.66000366210938,89.79000091552734,1911700
2019-07-19,89.63999938964844,89.81999969482422,88.43000030517578,88.44999694824219,2408000
2019-07-22,88.5999984741211,88.69000244140625,87.83999633789062,88.1500015258789,2160300
2019-07-23,88.18000030517578,88.23999786376953,87.37000274658203,87.68000030517578,3141800
2019-07-24,87.94999694824219,87.9800033569336,86.80000305175781,87.18000030517578,2386500
2019-07-25,86.9000015258789,87.38999938964844,86.16999816894531,86.48999786376953,2680300
2019-07-26,86.5,87.08000183105469,86.2699966430664,86.91000366210938,2426000
2019-07-29,87.2300033569336,87.87999725341797,87.0199966430664,87.79000091552734,2442900
2019-07-30,87.61000061035156,88.18000030517578,86.91000366210938,87.73999786376953,2693400
2019-07-31,87.62000274658203,87.83000183105469,86.30999755859375,86.72000122070312,2824800
2019-08-01,86.80000305175781,88.0199966430664,86.37999725341797,87.5,3055000
2019-08-02,87.83999633789062,88.7300033569336,87.55000305175781,88.12000274658203,3228900
2019-08-05,88.4800033569336,88.8499984741211,86.52999877929688,86.95999908447266,3969200
2019-08-06,87.30000305175781,89.43000030517578,86.30999755859375,88.91999816894531,3943300
2019-08-07,88.91000366210938,89.5,87.83999633789062,88.83999633789062,2630100
2019-08-08,88.41999816894531,89.5199966430664,88.33999633789062,89.30999755859375,2252100
2019-08-09,89.48999786376953,90.18000030517578,89.27999877929688,89.75,2355200
2019-08-12,89.94999694824219,90.0,88.97000122070312,89.5,2302000
2019-08-13,89.63999938964844,90.02999877929688,88.80000305175781,89.81999969482422,2400900
2019-08-14,90.16000366210938,90.55999755859375,88.6500015258789,88.80999755859375,3584600
2019-08-15,87.69000244140625,89.58000183105469,87.56999969482422,89.27999877929688,2384800
2019-08-16,89.4000015258789,90.13999938964844,89.2300033569336,89.7699966430664,2285500
2019-08-19,89.69999694824219,91.12000274658203,89.36000061035156,90.66999816894531,2632000
2019-08-20,91.02999877929688,91.54000091552734,90.66999816894531,91.18000030517578,3611300
2019-08-21,90.47000122070312,91.29000091552734,90.08999633789062,91.23999786376953,2754400
2019-08-22,91.29000091552734,92.11000061035156,90.5,91.31999969482422,1945500
2019-08-23,91.44999694824219,91.66999816894531,90.26000213623047,90.73999786376953,3153900
2019-08-26,90.93000030517578,91.38999938964844,90.56999969482422,91.3499984741211,2037100
2019-08-27,91.7699966430664,92.83999633789062,91.66000366210938,92.1500015258789,3668000
2019-08-28,92.41000366210938,93.1500015258789,91.9000015258789,92.30000305175781,2639200
2019-08-29,92.76000213623047,92.80000305175781,91.52999877929688,92.76000213623047,2231400
2019-08-30,93.0,93.3499984741211,92.61000061035156,92.73999786376953,2157900
2019-09-03,92.5,93.72000122070312,92.33000183105469,93.66999816894531,2620200
2019-09-04,93.9000015258789,94.18000030517578,93.2300033569336,93.97000122070312,2102600
2019-09-05,93.5,93.8499984741211,92.80999755859375,93.41000366210938,2721200
2019-09-06,93.62999725341797,94.29000091552734,93.37000274658203,93.76000213623047,2578000
2019-09-09,93.55999755859375,93.83999633789062,93.08000183105469,93.72000122070312,2935100
2019-09-10,93.26000213623047,94.54000091552734,93.23999786376953,93.94000244140625,3179600
2019-09-11,93.55000305175781,94.54000091552734,93.25,94.48999786376953,2756500
2019-09-12,95.16000366210938,95.69999694824219,94.66999816894531,94.95999908447266,2339400
2019-09-13,94.48999786376953,95.0,93.66000366210938,93.9000015258789,3322200
2019-09-16,93.83000183105469,93.9800033569336,92.73999786376953,93.12000274658203,2934600
2019-09-17,93.33000183105469,94.19999694824219,93.16000366210938,93.87000274658203,2615600
2019-09-18,94.29000091552734,94.68000030517578,93.5199966430664,94.26000213623047,3066500
2019-09-19,94.55000305175781,94.55999755859375,93.76000213623047,94.48999786376953,2049900
2019-09-20,95.20999908447266,95.44000244140625,94.23999786376953,95.2699966430664,5069100
2019-09-23,95.29000091552734,95.72000122070312,95.08000183105469,95.4000015258789,2089100
2019-09-24,95.66000366210938,96.80000305175781,95.55000305175781,96.27999877929688,3166100
2019-09-25,96.18000030517578,96.62999725341797,95.73999786376953,96.0,2383600
2019-09-26,96.01000213623047,96.61000061035156,95.87999725341797,96.19999694824219,1986100
2019-09-27,96.29000091552734,96.45999908447266,95.66999816894531,96.26000213623047,1960700
2019-09-30,96.25,96.48999786376953,95.58999633789062,95.86000061035156,2501700
2019-10-01,95.56999969482422,96.19999694824219,95.25,96.19000244140625,2009200
2019-10-02,96.20999908447266,96.3499984741211,94.61000061035156,94.70999908447266,3044000
2019-10-03,95.0,95.61000061035156,94.76000213623047,95.0999984741211,3015800
2019-10-04,95.45999908447266,97.37000274658203,95.30999755859375,97.16999816894531,3129600
2019-10-07,96.75,97.25,96.4000015258789,96.91999816894531,2311700
2019-10-08,96.95999908447266,97.05999755859375,95.98999786376953,96.08999633789062,2470800
2019-10-09,96.27999877929688,96.55999755859375,95.97000122070312,96.02999877929688,2608800
2019-10-10,95.87000274658203,96.45999908447266,95.51000213623047,96.29000091552734,2382200
2019-10-11,96.29000091552734,96.5999984741211,95.44999694824219,95.97000122070312,2320000
2019-10-14,96.16000366210938,96.16000366210938,94.83999633789062,95.12999725341797,2483600
2019-10-15,95.13999938964844,95.47000122070312,94.66000366210938,95.0,1904600
2019-10-16,94.7300033569336,95.1500015258789,94.41000366210938,95.12999725341797,2617100
2019-10-17,95.11000061035156,95.61000061035156,94.94000244140625,95.16999816894531,2051700
2019-10-18,94.94999694824219,95.58999633789062,94.5,95.3499984741211,3041900
2019-10-21,95.16000366210938,95.4000015258789,94.66000366210938,95.33000183105469,1550200
2019-10-22,95.5,95.61000061035156,95.08000183105469,95.31999969482422,1743700
2019-10-23,95.52999877929688,96.18000030517578,95.2699966430664,96.16999816894531,2199800
2019-10-24,96.05000305175781,96.5,95.95999908447266,96.06999969482422,1763400
2019-10-25,96.2699966430664,96.36000061035156,94.98999786376953,95.43000030517578,1818100
2019-10-28,95.02999877929688,95.25,93.87999725341797,94.0999984741211,2761600
2019-10-29,93.79000091552734,93.94000244140625,93.33000183105469,93.52999877929688,2675100
2019-10-30,93.6500015258789,94.37000274658203,93.43000030517578,94.01000213623047,1831300
2019-10-31,93.9000015258789,94.44000244140625,93.58000183105469,94.26000213623047,2454100
2019-11-01,94.30000305175781,94.55000305175781,93.77999877929688,94.37999725341797,2647200
2019-11-04,94.33999633789062,94.41999816894531,93.05999755859375,93.63999938964844,3105900
2019-11-05,93.04000091552734,93.58000183105469,92.4000015258789,93.1500015258789,2626800
2019-11-06,93.19999694824219,93.69000244140625,93.05000305175781,93.36000061035156,2186900
2019-11-07,93.0,93.30000305175781,91.75,92.58000183105469,4125000
2019-11-08,91.69999694824219,91.77999877929688,89.22000122070312,89.94999694824219,6146200
2019-11-11,89.9800033569336,90.0,87.47000122070312,87.5999984741211,4871000
2019-11-12,87.80000305175781,88.11000061035156,87.2300033569336,87.58999633789062,3843000
2019-11-13,88.0,88.69000244140625,87.30999755859375,88.52999877929688,5441900
2019-11-14,87.69999694824219,88.81999969482422,87.5199966430664,88.25,3905700
2019-11-15,88.63999938964844,88.72000122070312,88.08999633789062,88.58000183105469,3567000
2019-11-18,88.9000015258789,89.72000122070312,88.41999816894531,88.6500015258789,4274200
2019-11-19,87.04000091552734,87.45999908447266,86.5199966430664,87.02999877929688,16085000
2019-11-20,86.9800033569336,87.61000061035156,86.5199966430664,87.12999725341797,6414900
2019-11-21,87.54000091552734,87.55999755859375,86.43000030517578,86.66000366210938,7570900
2019-11-22,87.25,87.33999633789062,86.36000061035156,87.13999938964844,5763100
2019-11-25,87.19999694824219,87.66999816894531,86.7300033569336,87.5999984741211,6254300
2019-11-26,87.4800033569336,88.41999816894531,87.44999694824219,88.19999694824219,6569900
2019-11-27,88.12999725341797,88.77999877929688,88.0199966430664,88.55999755859375,3229500
2019-11-29,88.80000305175781,88.93000030517578,87.83000183105469,88.16999816894531,1325600
2019-12-02,87.87000274658203,88.16999816894531,87.25,87.29000091552734,4202000
2019-12-03,87.5,87.94000244140625,87.1500015258789,87.86000061035156,3954400
2019-12-04,87.8499984741211,89.12000274658203,87.8499984741211,88.94999694824219,3503600
2019-12-05,88.86000061035156,89.33999633789062,88.5999984741211,89.29000091552734,3055400
2019-12-06,89.20999908447266,89.94000244140625,89.01000213623047,89.76000213623047,2964700
2019-12-09,89.83000183105469,89.86000061035156,89.19999694824219,89.27999877929688,3798500
2019-12-10,89.25,89.44999694824219,88.83000183105469,89.05000305175781,3208900
2019-12-11,89.18000030517578,89.36000061035156,88.66999816894531,89.0,4994400
2019-12-12,88.9800033569336,89.79000091552734,88.9000015258789,89.55999755859375,5842000
2019-12-13,89.31999969482422,90.43000030517578,89.16999816894531,90.0999984741211,5092800
2019-12-16,90.75,90.79000091552734,89.44999694824219,90.48999786376953,4597500
2019-12-17,90.4000015258789,91.5,90.12000274658203,90.55000305175781,2969500
2019-12-18,90.69999694824219,90.9000015258789,90.26000213623047,90.61000061035156,4003000
2019-12-19,90.52999877929688,90.75,89.4000015258789,89.94999694824219,4867400
2019-12-20,90.22000122070312,90.91000366210938,89.75,90.62000274658203,6715300
2019-12-23,90.62000274658203,90.87999725341797,89.61000061035156,90.1500015258789,5060700
2019-12-24,90.11000061035156,90.51000213623047,89.7300033569336,90.2300033569336,804500
2019-12-26,90.0,90.52999877929688,89.94999694824219,90.38999938964844,2314000
2019-12-27,90.45999908447266,90.98999786376953,90.22000122070312,90.97000122070312,2596200
2019-12-30,90.5999984741211,91.04000091552734,90.45999908447266,90.79000091552734,2237700
2019-12-31,90.88999938964844,91.23999786376953,90.62000274658203,91.20999908447266,2540700
2020-01-02,91.27999877929688,91.77999877929688,90.02999877929688,90.33999633789062,3921800
2020-01-03,90.2300033569336,91.06999969482422,90.1500015258789,90.4000015258789,2825400
2020-01-06,90.4000015258789,91.04000091552734,90.30000305175781,90.83999633789062,2410300
2020-01-07,90.88999938964844,90.88999938964844,89.83999633789062,90.2699966430664,3980900
2020-01-08,90.45999908447266,90.87000274658203,89.95999908447266,90.4000015258789,2583300
2020-01-09,90.27999877929688,90.77999877929688,90.08000183105469,90.62000274658203,2377200
2020-01-10,90.87999725341797,91.2300033569336,90.37000274658203,90.44000244140625,3225000
2020-01-13,90.5,91.55000305175781,90.5,91.23999786376953,2979000
2020-01-14,91.16000366210938,91.44000244140625,90.5,91.30000305175781,3009800
2020-01-15,91.54000091552734,92.58000183105469,91.36000061035156,92.48999786376953,2357300
2020-01-16,92.7699966430664,93.41999816894531,92.66999816894531,93.18000030517578,3244200
2020-01-17,93.13999938964844,93.91999816894531,92.9800033569336,93.72000122070312,3053500
2020-01-21,94.0,94.86000061035156,93.54000091552734,94.79000091552734,3429000
2020-01-22,95.0,95.5999984741211,94.87000274658203,95.30999755859375,3638500
2020-01-23,95.27999877929688,96.16000366210938,95.22000122070312,96.08000183105469,3824900
2020-01-24,95.93000030517578,96.61000061035156,95.80999755859375,96.27999877929688,2218600
2020-01-27,96.12999725341797,96.66000366210938,95.72000122070312,96.0999984741211,2481100
2020-01-28,96.30000305175781,97.08999633789062,96.02999877929688,96.20999908447266,3696500
2020-01-29,96.3499984741211,97.08999633789062,96.16000366210938,96.75,2335700
2020-01-30,96.5199966430664,97.55000305175781,96.41000366210938,97.47000122070312,3273100
2020-01-31,97.37000274658203,98.05000305175781,96.97000122070312,97.62999725341797,3175200
2020-02-03,97.62999725341797,97.87999725341797,97.30999755859375,97.66999816894531,2666200
2020-02-04,97.55000305175781,98.0199966430664,96.55000305175781,96.5999984741211,2802600
2020-02-05,96.41999816894531,97.36000061035156,96.30000305175781,97.13999938964844,2319300
2020-02-06,97.01000213623047,97.38999938964844,96.80999755859375,96.93000030517578,1611100
2020-02-07,97.25,97.29000091552734,96.19000244140625,96.2699966430664,2747900
2020-02-10,96.36000061035156,96.41000366210938,95.70999908447266,96.2300033569336,2647800
2020-02-11,96.37000274658203,97.23999786376953,96.29000091552734,96.98999786376953,2993100
2020-02-12,96.9800033569336,98.23999786376953,96.93000030517578,97.91999816894531,4377700
2020-02-13,97.80999755859375,100.38999938964844,97.55999755859375,100.11000061035156,5132500
2020-02-14,100.16000366210938,101.7699966430664,100.08999633789062,101.27999877929688,6300400
2020-02-18,101.6500015258789,102.44000244140625,101.52999877929688,102.0199966430664,6256900
2020-02-19,102.22000122070312,102.37999725341797,101.37000274658203,101.41999816894531,2809100
2020-02-20,101.16999816894531,101.83999633789062,101.01000213623047,101.43000030517578,2711000
2020-02-21,101.33000183105469,102.98999786376953,101.30000305175781,102.43000030517578,3520000
2020-02-24,102.08000183105469,103.79000091552734,101.72000122070312,102.30000305175781,5282900
2020-02-25,102.51000213623047,102.68000030517578,99.0199966430664,99.2699966430664,4093000
2020-02-26,99.29000091552734,100.48999786376953,98.81999969482422,98.94000244140625,3152200
2020-02-27,98.08999633789062,99.30000305175781,94.95999908447266,94.98999786376953,4784000
2020-02-28,93.30000305175781,93.30000305175781,89.38999938964844,91.69999694824219,7908900
2020-03-02,91.6500015258789,96.94000244140625,91.54000091552734,96.66999816894531,6803600
2020-03-03,96.55999755859375,98.70999908447266,94.80999755859375,95.61000061035156,5060500
2020-03-04,96.69000244140625,101.69000244140625,96.58999633789062,101.6500015258789,4284200
2020-03-05,100.37000274658203,101.48999786376953,99.0,100.12999725341797,4327400
2020-03-06,97.44999694824219,99.5,95.58000183105469,99.05000305175781,5522600
2020-03-09,94.5,96.69999694824219,92.8499984741211,94.58000183105469,5616000
2020-03-10,95.63999938964844,96.62000274658203,91.41000366210938,95.05000305175781,6386600
2020-03-11,92.88999938964844,93.16999816894531,89.79000091552734,90.94000244140625,6268200
2020-03-12,85.51000213623047,86.36000061035156,76.0,80.4800033569336,7684400
2020-03-13,85.01000213623047,85.86000061035156,80.0,85.7699966430664,6156000
2020-03-16,79.30000305175781,84.6500015258789,76.0,76.58000183105469,7118500
2020-03-17,78.58000183105469,86.55000305175781,78.1500015258789,86.0,6712800
2020-03-18,81.01000213623047,82.9800033569336,77.16999816894531,79.27999877929688,6426500
2020-03-19,79.12000274658203,79.16999816894531,74.0,75.05000305175781,6361700
2020-03-20,75.8499984741211,76.0,68.0999984741211,68.4000015258789,8975700
2020-03-23,66.38999938964844,67.93000030517578,62.130001068115234,64.1500015258789,7060100
2020-03-24,67.01000213623047,71.91000366210938,66.12999725341797,71.5,6516900
2020-03-25,71.19000244140625,78.55000305175781,70.19000244140625,74.70999908447266,6573700
2020-03-26,75.18000030517578,81.93000030517578,75.01000213623047,81.19000244140625,6163700
2020-03-27,78.02999877929688,83.69000244140625,77.94999694824219,80.19000244140625,5091300
2020-03-30,81.3499984741211,83.94000244140625,80.56999969482422,83.45999908447266,5300800
2020-03-31,82.37000274658203,83.95999908447266,80.51000213623047,80.87999725341797,5115500
2020-04-01,77.91999816894531,79.75,76.36000061035156,77.56999969482422,4600700
2020-04-02,76.43000030517578,79.95999908447266,76.23999786376953,79.38999938964844,3665500
2020-04-03,78.33000183105469,79.33999633789062,75.58000183105469,76.0199966430664,2907200
2020-04-06,78.62000274658203,81.9800033569336,78.41000366210938,81.25,3960100
2020-04-07,83.5,83.69000244140625,80.0,80.11000061035156,3522900
2020-04-08,80.5,86.58000183105469,80.02999877929688,85.5,6729500
2020-04-09,86.5,93.0,86.31999969482422,90.30999755859375,6536800
2020-04-13,89.58999633789062,90.02999877929688,86.43000030517578,87.36000061035156,3800500
2020-04-14,89.33999633789062,90.87999725341797,88.20999908447266,90.41999816894531,3812800
2020-04-15,88.5,89.44999694824219,87.0999984741211,87.54000091552734,3694300
2020-04-16,88.0,88.58999633789062,87.02999877929688,87.58999633789062,2335100
2020-04-17,89.31999969482422,90.58999633789062,87.56999969482422,90.0999984741211,4299100
2020-04-20,89.05999755859375,89.4800033569336,86.58000183105469,86.6500015258789,3144000
2020-04-21,85.23999786376953,86.44999694824219,84.37999725341797,85.44000244140625,3682900
2020-04-22,86.75,88.4000015258789,86.4800033569336,87.1500015258789,3089900
2020-04-23,87.4800033569336,88.18000030517578,84.9000015258789,85.12000274658203,3298100
2020-04-24,85.47000122070312,86.16999816894531,83.69999694824219,85.69000244140625,3723900
2020-04-27,86.27999877929688,87.68000030517578,86.16999816894531,86.75,2593100
2020-04-28,88.12000274658203,89.13999938964844,87.33000183105469,87.62999725341797,3135500
2020-04-29,88.54000091552734,88.75,86.44999694824219,86.62999725341797,2997600
2020-04-30,86.0,86.41000366210938,84.18000030517578,84.66000366210938,3536500
2020-05-01,83.86000061035156,83.94999694824219,82.08999633789062,82.63999938964844,3036700
2020-05-04,82.7300033569336,82.94999694824219,81.27999877929688,82.62999725341797,2947400
2020-05-05,82.83000183105469,83.88999938964844,82.80999755859375,83.13999938964844,2781000
2020-05-06,83.18000030517578,83.37000274658203,80.04000091552734,80.06999969482422,3581900
2020-05-07,80.88999938964844,81.44999694824219,80.04000091552734,80.30999755859375,3426400
2020-05-08,81.48999786376953,82.06999969482422,80.5,81.77999877929688,2875200
2020-05-11,81.44999694824219,82.2699966430664,80.33000183105469,81.66000366210938,3924200
2020-05-12,82.48999786376953,83.66000366210938,81.87999725341797,81.87999725341797,3524700
2020-05-13,81.55000305175781,82.0999984741211,80.62000274658203,81.88999938964844,3998300
2020-05-14,80.0,82.38999938964844,79.72000122070312,82.30000305175781,3649300
2020-05-15,81.4800033569336,81.79000091552734,80.16999816894531,81.19000244140625,5250700
2020-05-18,82.69000244140625,85.44000244140625,82.58000183105469,84.91999816894531,6747800
2020-05-19,84.37999725341797,84.37999725341797,83.25,83.29000091552734,3020800
2020-05-20,83.94999694824219,84.08999633789062,83.13999938964844,83.30999755859375,2710900
2020-05-21,83.05999755859375,83.7699966430664,82.01000213623047,82.33999633789062,3108000
2020-05-22,82.19000244140625,83.31999969482422,81.88999938964844,83.2300033569336,2760600
2020-05-26,84.45999908447266,84.66999816894531,82.69000244140625,82.80999755859375,3910200
2020-05-27,84.12000274658203,84.19999694824219,82.69000244140625,83.72000122070312,3606600
2020-05-28,84.8499984741211,86.0999984741211,84.68000030517578,85.83000183105469,3957600
2020-05-29,85.54000091552734,86.37000274658203,84.66999816894531,85.62999725341797,4017500
2020-06-01,85.83999633789062,87.58000183105469,85.2300033569336,87.44000244140625,2438800
2020-06-02,87.81999969482422,88.0999984741211,86.5999984741211,87.66999816894531,3446800
2020-06-03,88.33000183105469,89.6500015258789,88.0,89.2300033569336,2449600
2020-06-04,88.80000305175781,89.37999725341797,87.4800033569336,88.44000244140625,3640800
2020-06-05,89.4000015258789,91.55999755859375,89.1500015258789,89.48999786376953,3353300
2020-06-08,89.45999908447266,92.19999694824219,89.11000061035156,91.91000366210938,2771000
2020-06-09,91.0,91.06999969482422,88.93000030517578,90.31999969482422,3023400
2020-06-10,90.41000366210938,90.94999694824219,89.5,90.19000244140625,2721400
2020-06-11,88.80000305175781,89.05000305175781,86.33999633789062,87.08000183105469,4974100
2020-06-12,88.93000030517578,88.98999786376953,85.7300033569336,86.73999786376953,3935700
2020-06-15,85.04000091552734,87.41999816894531,84.30000305175781,86.95999908447266,4501000
2020-06-16,89.0,89.4800033569336,86.41000366210938,86.94999694824219,3865100
2020-06-17,87.0,87.36000061035156,85.4800033569336,86.20999908447266,4181800
2020-06-18,85.66000366210938,86.37999725341797,85.0,85.7699966430664,3480100
2020-06-19,86.73999786376953,86.93000030517578,82.11000061035156,82.11000061035156,8089900
2020-06-22,82.31999969482422,83.55000305175781,81.30999755859375,82.52999877929688,3878700
2020-06-23,83.23999786376953,83.5,81.48999786376953,81.8499984741211,3771600
2020-06-24,81.08000183105469,81.33999633789062,79.81999969482422,80.47000122070312,3675900
2020-06-25,80.11000061035156,80.2300033569336,78.79000091552734,79.44999694824219,3984800
2020-06-26,79.3499984741211,79.91999816894531,77.58000183105469,78.93000030517578,5321500
2020-06-29,79.56999969482422,80.25,78.5199966430664,80.25,2953700
2020-06-30,80.08999633789062,80.4800033569336,78.93000030517578,79.88999938964844,4890000
2020-07-01,79.97000122070312,82.37999725341797,79.76000213623047,81.93000030517578,2835800
2020-07-02,82.63999938964844,82.91999816894531,81.44000244140625,81.83999633789062,2819700
2020-07-06,80.5,81.86000061035156,79.12000274658203,79.80999755859375,5997800
2020-07-07,79.19999694824219,81.18000030517578,79.1500015258789,80.81999969482422,4129600
2020-07-08,80.86000061035156,81.94999694824219,80.33000183105469,81.44000244140625,3434200
2020-07-09,81.33000183105469,81.33000183105469,79.11000061035156,79.73999786376953,3457400
2020-07-10,79.79000091552734,81.58000183105469,79.76000213623047,81.31999969482422,2545700
2020-07-13,81.1500015258789,81.97000122070312,80.95999908447266,81.41999816894531,2205100
2020-07-14,81.41999816894531,82.47000122070312,81.38999938964844,81.69000244140625,4218200
2020-07-15,82.4800033569336,82.63999938964844,80.31999969482422,80.43000030517578,4501700
2020-07-16,80.69999694824219,81.33999633789062,80.43000030517578,81.06999969482422,2874300
2020-07-17,81.69000244140625,82.62999725341797,81.45999908447266,82.4000015258789,4603000
2020-07-20,82.05000305175781,82.2300033569336,80.94999694824219,81.0999984741211,3271400
2020-07-21,81.5,82.79000091552734,81.0999984741211,82.33000183105469,3892800
2020-07-22,82.0,84.51000213623047,81.5199966430664,84.1500015258789,3763300
2020-07-23,84.05999755859375,84.38999938964844,83.4800033569336,83.98999786376953,2373100
2020-07-24,84.3499984741211,84.9000015258789,82.62000274658203,82.79000091552734,2953100
2020-07-27,82.5,82.63999938964844,81.08999633789062,81.29000091552734,4198700
2020-07-28,81.25,84.9800033569336,81.20999908447266,84.5999984741211,4851400
2020-07-29,84.52999877929688,85.05000305175781,83.83999633789062,84.97000122070312,2501600
2020-07-30,84.30999755859375,84.58000183105469,83.48999786376953,84.56999969482422,2828600
2020-07-31,84.05000305175781,84.80999755859375,83.5999984741211,84.73999786376953,3292100
2020-08-03,84.66999816894531,84.75,83.11000061035156,83.80999755859375,2552200
2020-08-04,83.5,84.97000122070312,83.33999633789062,84.69000244140625,3234500
2020-08-05,84.72000122070312,84.86000061035156,83.27999877929688,83.51000213623047,2861400
2020-08-06,83.2699966430664,84.38999938964844,82.66999816894531,84.20999908447266,3036300
2020-08-07,83.79000091552734,86.69000244140625,83.68000030517578,86.61000061035156,4289500
2020-08-10,87.19000244140625,87.20999908447266,84.52999877929688,84.76000213623047,4323300
2020-08-11,84.98999786376953,85.08999633789062,83.47000122070312,83.66999816894531,4546200
2020-08-12,84.0199966430664,84.77999877929688,83.83000183105469,84.31999969482422,3397100
2020-08-13,83.02999877929688,83.2300033569336,82.0,82.73999786376953,3219200
2020-08-14,82.66000366210938,82.9000015258789,81.93000030517578,82.1500015258789,2016100
2020-08-17,82.29000091552734,83.11000061035156,81.66000366210938,82.5999984741211,3849500
2020-08-18,82.56999969482422,82.7699966430664,81.5,81.66000366210938,2606900
2020-08-19,81.87999725341797,82.19000244140625,81.45999908447266,81.66000366210938,2623100
2020-08-20,81.26000213623047,81.61000061035156,80.55999755859375,81.04000091552734,2715200
2020-08-21,81.19999694824219,81.33000183105469,80.27999877929688,81.0,3911100
2020-08-24,81.37999725341797,81.66000366210938,80.5,81.47000122070312,2679100
2020-08-25,81.5,81.5,80.43000030517578,80.8499984741211,2769200
2020-08-26,80.41999816894531,80.62000274658203,79.30999755859375,79.55000305175781,3367900
2020-08-27,79.68000030517578,80.37000274658203,79.22000122070312,79.55000305175781,2932800
2020-08-28,79.91999816894531,79.98999786376953,78.94999694824219,79.70999908447266,3190500
2020-08-31,79.69999694824219,81.52999877929688,79.61000061035156,80.33999633789062,3569300
2020-09-01,79.83999633789062,80.18000030517578,78.97000122070312,79.20999908447266,3194100
2020-09-02,79.23999786376953,81.9000015258789,78.9800033569336,81.47000122070312,3626200
2020-09-03,81.81999969482422,82.69999694824219,80.33999633789062,81.13999938964844,3134800
2020-09-04,81.22000122070312,81.81999969482422,79.93000030517578,80.97000122070312,2820200
2020-09-08,81.05999755859375,81.23999786376953,79.37999725341797,80.7300033569336,3252000
2020-09-09,82.41999816894531,83.88999938964844,81.8499984741211,82.58999633789062,4411100
2020-09-10,82.22000122070312,82.7300033569336,81.41000366210938,82.0,3591200
2020-09-11,82.06999969482422,83.41000366210938,81.75,83.02999877929688,3196800
2020-09-14,83.58000183105469,84.94000244140625,83.58000183105469,84.37999725341797,3438100
2020-09-15,84.94000244140625,85.87000274658203,83.93000030517578,84.44999694824219,2582500
2020-09-16,85.0,85.4800033569336,84.56999969482422,84.83999633789062,2904600
2020-09-17,84.25,84.77999877929688,83.63999938964844,84.5999984741211,3355800
2020-09-18,84.19999694824219,84.73999786376953,82.9000015258789,82.94999694824219,5035900
2020-09-21,82.05000305175781,82.56999969482422,81.16999816894531,82.56999969482422,3001600
2020-09-22,82.41000366210938,84.01000213623047,82.26000213623047,82.69000244140625,2703700
2020-09-23,82.9000015258789,83.12999725341797,81.2300033569336,81.27999877929688,2322700
2020-09-24,81.2300033569336,82.41000366210938,80.41000366210938,81.66999816894531,2582300
2020-09-25,81.27999877929688,82.58999633789062,80.94999694824219,82.47000122070312,3854600
2020-09-28,82.97000122070312,84.08000183105469,82.66000366210938,82.87000274658203,2424600
2020-09-29,83.06999969482422,83.4000015258789,82.04000091552734,82.41000366210938,2126100
2020-09-30,88.0,89.48999786376953,86.43000030517578,88.55999755859375,18804900
2020-10-01,88.02999877929688,90.36000061035156,87.5999984741211,90.05000305175781,6249600
2020-10-02,89.22000122070312,92.1500015258789,88.69000244140625,91.58000183105469,5925200
2020-10-05,90.9800033569336,92.1500015258789,89.9000015258789,91.73999786376953,3038400
2020-10-06,91.72000122070312,92.06999969482422,90.45999908447266,90.7699966430664,2993500
2020-10-07,91.61000061035156,92.12999725341797,90.69999694824219,91.30000305175781,2480000
2020-10-08,91.48999786376953,93.43000030517578,90.9000015258789,93.1500015258789,3253300
2020-10-09,93.13999938964844,93.91999816894531,92.04000091552734,93.30000305175781,3686800
2020-10-12,93.19000244140625,93.8499984741211,92.58999633789062,93.11000061035156,3131600
2020-10-13,92.63999938964844,93.26000213623047,91.30000305175781,92.91999816894531,2544400
2020-10-14,92.83999633789062,93.5,92.01000213623047,92.66999816894531,2420700
2020-10-15,91.06999969482422,92.81999969482422,90.75,91.95999908447266,2170600
2020-10-16,92.18000030517578,93.05999755859375,91.7300033569336,92.37000274658203,2811200
2020-10-19,92.12000274658203,92.87000274658203,91.75,92.06999969482422,2284000
2020-10-20,92.11000061035156,92.80000305175781,91.80000305175781,92.05999755859375,2243100
2020-10-21,91.95999908447266,92.9800033569336,91.55999755859375,92.51000213623047,2233300
2020-10-22,92.58999633789062,93.91000366210938,92.05999755859375,93.88999938964844,4162200
2020-10-23,94.0,94.37000274658203,90.97000122070312,92.77999877929688,4532000
2020-10-26,91.94000244140625,93.5,91.47000122070312,93.18000030517578,2711800
2020-10-27,93.31999969482422,93.94000244140625,92.62000274658203,93.05999755859375,2275900
2020-10-28,91.79000091552734,93.08999633789062,90.83000183105469,90.9800033569336,3658800
2020-10-29,90.72000122070312,93.19000244140625,89.62000274658203,92.23999786376953,3424900
2020-10-30,91.66000366210938,93.0,91.2300033569336,92.11000061035156,3304800
2020-11-02,92.93000030517578,94.19999694824219,92.25,93.81999969482422,2929900
2020-11-03,94.86000061035156,96.55999755859375,94.43000030517578,95.5199966430664,3512400
2020-11-04,95.06999969482422,96.7300033569336,93.55000305175781,93.55000305175781,2883700
2020-11-05,94.81999969482422,96.95999908447266,93.97000122070312,94.22000122070312,2531900
2020-11-06,94.5,95.52999877929688,93.33999633789062,93.44000244140625,2380500
2020-11-09,96.80999755859375,98.87999725341797,95.11000061035156,95.4000015258789,4148100
2020-11-10,95.72000122070312,97.2699966430664,94.30000305175781,97.13999938964844,3146100
2020-11-11,97.68000030517578,98.66000366210938,97.04000091552734,97.30999755859375,2704500
2020-11-12,95.5,95.91000366210938,93.5999984741211,94.25,3119000
2020-11-13,94.70999908447266,95.36000061035156,94.5999984741211,94.9800033569336,1887300
2020-11-16,96.05000305175781,96.05000305175781,94.47000122070312,95.01000213623047,2842900
2020-11-17,94.30000305175781,95.0,92.83000183105469,92.91999816894531,3178500
2020-11-18,93.58999633789062,93.95999908447266,91.45999908447266,91.52999877929688,2948800
2020-11-19,91.33999633789062,91.76000213623047,90.01000213623047,91.69999694824219,3368600
2020-11-20,91.69999694824219,92.68000030517578,91.37999725341797,92.58000183105469,4213800
2020-11-23,92.5199966430664,93.43000030517578,92.01000213623047,93.33000183105469,3795700
2020-11-24,94.47000122070312,96.33000183105469,93.9000015258789,96.26000213623047,4350900
2020-11-25,95.94999694824219,96.23999786376953,94.83999633789062,96.1500015258789,1959300
2020-11-27,96.1500015258789,96.1500015258789,94.0999984741211,94.5999984741211,1293800
2020-11-30,94.12999725341797,94.25,91.94000244140625,92.66000366210938,5012200
2020-12-01,93.55999755859375,94.63999938964844,93.16999816894531,93.26000213623047,2947300
2020-12-02,93.0999984741211,93.91000366210938,91.91000366210938,93.87000274658203,2173900
2020-12-03,93.4800033569336,93.69999694824219,92.0999984741211,92.3499984741211,2286100
2020-12-04,92.19999694824219,92.66999816894531,90.13999938964844,91.1500015258789,3172200
2020-12-07,90.69999694824219,92.30999755859375,90.55000305175781,91.87000274658203,2030700
2020-12-08,91.33000183105469,92.0199966430664,90.4000015258789,91.51000213623047,2409300
2020-12-09,91.48999786376953,91.73999786376953,90.29000091552734,91.38999938964844,2998200
2020-12-10,91.69000244140625,92.06999969482422,90.83000183105469,91.76000213623047,3628500
2020-12-11,91.25,91.88999938964844,90.9000015258789,91.54000091552734,3225100
2020-12-14,92.37999725341797,94.08000183105469,91.0999984741211,91.12999725341797,3684200
2020-12-15,91.26000213623047,92.83999633789062,90.9000015258789,92.11000061035156,4059600
2020-12-16,92.38999938964844,92.9800033569336,90.5999984741211,90.61000061035156,4057900
2020-12-17,91.30999755859375,91.83000183105469,91.0,91.5199966430664,4309900
2020-12-18,91.44999694824219,91.5999984741211,90.23999786376953,90.31999969482422,7342800
2020-12-21,89.80999755859375,90.0,88.18000030517578,89.0999984741211,4682100
2020-12-22,89.08999633789062,89.56999969482422,88.5999984741211,89.52999877929688,2831600
2020-12-23,89.9800033569336,90.75,89.0199966430664,89.04000091552734,1956500
2020-12-24,89.22000122070312,89.72000122070312,88.80000305175781,89.66999816894531,733500
2020-12-28,90.16000366210938,90.66000366210938,89.7300033569336,90.25,1473400
2020-12-29,90.52999877929688,91.04000091552734,89.68000030517578,89.86000061035156,2044400
2020-12-30,89.91999816894531,91.08000183105469,89.91999816894531,90.55999755859375,1838700
2020-12-31,90.61000061035156,91.63999938964844,90.2699966430664,91.55999755859375,1638800
2021-01-04,91.77999877929688,92.12999725341797,89.19999694824219,89.70999908447266,2683700
2021-01-05,89.79000091552734,90.19000244140625,89.04000091552734,89.75,2547400
2021-01-06,89.94999694824219,91.7699966430664,89.87000274658203,90.91000366210938,2823000
2021-01-07,91.1500015258789,91.45999908447266,89.73999786376953,89.88999938964844,2989500
2021-01-08,89.94999694824219,90.4000015258789,89.41999816894531,90.05000305175781,2752100
2021-01-11,89.63999938964844,90.41999816894531,88.52999877929688,89.29000091552734,2193700
2021-01-12,89.13999938964844,89.55999755859375,87.62000274658203,88.93000030517578,2860700
2021-01-13,88.9800033569336,92.37000274658203,88.94999694824219,91.55999755859375,3592500
2021-01-14,91.55999755859375,91.95999908447266,90.33000183105469,91.66000366210938,3097300
2021-01-15,90.91000366210938,92.37999725341797,90.5999984741211,92.11000061035156,2914600
2021-01-19,92.58999633789062,92.94999694824219,90.3499984741211,90.37999725341797,2486200
2021-01-20,90.30000305175781,91.20999908447266,89.5,90.77999877929688,2331300
2021-01-21,90.5,90.7699966430664,89.80000305175781,90.18000030517578,2254700
2021-01-22,89.81999969482422,90.66999816894531,89.45999908447266,90.29000091552734,1917500
2021-01-25,90.01000213623047,93.06999969482422,89.79000091552734,92.91000366210938,3469200
2021-01-26,92.79000091552734,93.44999694824219,91.86000061035156,92.91999816894531,2261500
2021-01-27,92.3499984741211,94.16000366210938,91.33000183105469,91.70999908447266,3002300
2021-01-28,92.16000366210938,93.69999694824219,91.44999694824219,91.4800033569336,2001000
2021-01-29,92.01000213623047,94.58000183105469,91.05000305175781,94.0,4967400
2021-02-01,94.05000305175781,94.4000015258789,92.88999938964844,93.16000366210938,2570900
2021-02-02,93.08999633789062,94.94999694824219,92.69000244140625,93.0999984741211,2240700
2021-02-03,92.73999786376953,93.61000061035156,92.5199966430664,93.38999938964844,2577200
2021-02-04,93.66999816894531,94.47000122070312,93.30999755859375,94.3499984741211,2375800
2021-02-05,94.47000122070312,95.44999694824219,94.02999877929688,94.73999786376953,2465900
2021-02-08,94.61000061035156,94.68000030517578,93.0199966430664,93.5999984741211,2087100
2021-02-09,93.61000061035156,94.05999755859375,92.79000091552734,93.31999969482422,1932900
2021-02-10,93.7699966430664,94.19000244140625,92.80999755859375,93.69999694824219,2356700
2021-02-11,92.69999694824219,92.81999969482422,90.3499984741211,90.41999816894531,3633400
2021-02-12,89.91999816894531,90.38999938964844,89.1500015258789,89.81999969482422,2742400
2021-02-16,89.63999938964844,90.19999694824219,88.02999877929688,88.37999725341797,2931600
2021-02-17,88.56999969482422,89.56999969482422,87.88999938964844,89.19999694824219,3772600
2021-02-18,89.20999908447266,90.47000122070312,89.0999984741211,89.52999877929688,3658400
2021-02-19,89.44000244140625,89.44000244140625,88.22000122070312,88.43000030517578,3537300
2021-02-22,88.13999938964844,88.63999938964844,87.08000183105469,88.3499984741211,2981400
2021-02-23,89.38999938964844,90.04000091552734,88.2699966430664,89.04000091552734,2640200
2021-02-24,88.94000244140625,88.98999786376953,87.33000183105469,87.33999633789062,2886400
2021-02-25,87.25,88.76000213623047,86.69999694824219,87.12000274658203,3423000
2021-02-26,87.33999633789062,88.63999938964844,85.55999755859375,85.58999633789062,3877300
2021-03-01,86.0,88.04000091552734,86.0,87.04000091552734,2828000
2021-03-02,87.05999755859375,87.87000274658203,86.44999694824219,87.23999786376953,2427600
2021-03-03,86.88999938964844,87.45999908447266,85.80000305175781,87.2699966430664,2724700
2021-03-04,87.30000305175781,88.7699966430664,86.01000213623047,86.45999908447266,4197300
2021-03-05,86.75,89.0,86.18000030517578,88.52999877929688,3788000
2021-03-08,89.0,91.2300033569336,88.55999755859375,90.22000122070312,3740800
2021-03-09,90.22000122070312,91.47000122070312,89.79000091552734,90.94999694824219,3228200
2021-03-10,90.94999694824219,91.69999694824219,90.5999984741211,90.79000091552734,4227800
2021-03-11,90.66999816894531,92.30000305175781,90.27999877929688,90.69000244140625,3565200
2021-03-12,91.01000213623047,91.94999694824219,90.69000244140625,91.4000015258789,3462300
2021-03-15,91.87999725341797,92.55000305175781,91.52999877929688,92.33000183105469,4261000
2021-03-16,92.19000244140625,93.37999725341797,91.80999755859375,93.0199966430664,3140100
2021-03-17,92.95999908447266,93.30999755859375,91.4800033569336,91.8499984741211,4138400
2021-03-18,91.81999969482422,92.66000366210938,91.29000091552734,92.33000183105469,3471800
2021-03-19,92.47000122070312,93.3499984741211,91.5999984741211,92.72000122070312,11280800
2021-03-22,92.72000122070312,93.23999786376953,92.0999984741211,93.12000274658203,4107800
2021-03-23,92.98999786376953,94.58999633789062,92.6500015258789,94.0199966430664,3852900
2021-03-24,93.52999877929688,95.12999725341797,93.4000015258789,94.38999938964844,3024300
2021-03-25,94.97000122070312,95.9000015258789,94.4000015258789,95.52999877929688,2622900
2021-03-26,95.33000183105469,95.94999694824219,94.80000305175781,95.83000183105469,6036000
2021-03-29,95.79000091552734,97.91999816894531,95.31999969482422,97.58000183105469,4941200
2021-03-30,97.58999633789062,97.63999938964844,95.55999755859375,96.23999786376953,3275100
2021-03-31,95.91000366210938,96.79000091552734,95.83999633789062,96.52999877929688,3480700
2021-04-01,96.43000030517578,96.52999877929688,95.33999633789062,96.27999877929688,2876100
2021-04-05,96.3499984741211,97.66000366210938,96.16999816894531,96.93000030517578,2839800
2021-04-06,96.76000213623047,97.5999984741211,96.06999969482422,97.56999969482422,3634300
2021-04-07,97.69999694824219,98.05000305175781,97.3499984741211,97.81999969482422,2549200
2021-04-08,97.93000030517578,98.1500015258789,97.37000274658203,97.62000274658203,4922400
2021-04-09,98.0,98.73999786376953,97.44000244140625,97.54000091552734,2028700
2021-04-12,97.13999938964844,98.11000061035156,97.06999969482422,97.63999938964844,3784600
2021-04-13,97.12000274658203,98.8499984741211,96.80999755859375,98.5,3661300
2021-04-14,98.29000091552734,98.88999938964844,98.02999877929688,98.79000091552734,3604100
2021-04-15,98.83999633789062,99.88999938964844,98.73999786376953,99.75,3271600
2021-04-16,99.8499984741211,101.12999725341797,99.75,100.66999816894531,3820900
2021-04-19,100.68000030517578,100.75,99.66000366210938,100.19999694824219,3491600
2021-04-20,100.25,101.83000183105469,100.05999755859375,101.41000366210938,3171600
2021-04-21,101.37000274658203,101.6500015258789,100.56999969482422,101.08999633789062,3741900
2021-04-22,101.20999908447266,101.20999908447266,100.04000091552734,100.08000183105469,3866800
2021-04-23,100.08999633789062,100.45999908447266,99.44000244140625,99.8499984741211,2849400
2021-04-26,99.94000244140625,99.94000244140625,99.01000213623047,99.19999694824219,2749800
2021-04-27,98.95999908447266,99.1500015258789,98.33999633789062,98.61000061035156,3441300
2021-04-28,98.88999938964844,99.16000366210938,98.06999969482422,98.56999969482422,2514600
2021-04-29,98.68000030517578,99.62999725341797,98.58000183105469,99.55000305175781,2172000
2021-04-30,99.86000061035156,100.70999908447266,99.2699966430664,100.69000244140625,2574800
2021-05-03,100.81999969482422,101.9000015258789,100.37999725341797,100.70999908447266,3572100
2021-05-04,100.70999908447266,101.08000183105469,100.11000061035156,100.77999877929688,3096400
2021-05-05,100.5,100.66000366210938,98.6500015258789,99.36000061035156,3582200
2021-05-06,99.76000213623047,100.73999786376953,99.3499984741211,100.54000091552734,2051600
2021-05-07,100.38999938964844,101.43000030517578,100.19000244140625,100.86000061035156,4544800
2021-05-10,101.27999877929688,108.0,101.05999755859375,103.73999786376953,8173900
2021-05-11,104.18000030517578,104.5999984741211,102.72000122070312,103.62999725341797,4487600
2021-05-12,103.55999755859375,103.70999908447266,101.1500015258789,101.22000122070312,4477600
2021-05-13,100.4000015258789,103.58999633789062,100.25,103.0,3318200
2021-05-14,103.30999755859375,103.83000183105469,102.62000274658203,103.05999755859375,2409600
2021-05-17,103.16999816894531,108.0,102.37999725341797,102.44999694824219,5583000
2021-05-18,102.19999694824219,103.11000061035156,101.95999908447266,102.48999786376953,4857100
2021-05-19,102.19999694824219,102.36000061035156,100.12000274658203,101.16000366210938,4371600
2021-05-20,101.30999755859375,102.77999877929688,101.19000244140625,102.2699966430664,3110200
2021-05-21,102.52999877929688,103.06999969482422,101.91999816894531,102.86000061035156,4136400
2021-05-24,103.08999633789062,103.51000213623047,102.16000366210938,102.30999755859375,2726500
2021-05-25,102.12000274658203,102.26000213623047,100.80000305175781,101.30999755859375,3015000
2021-05-26,101.30000305175781,101.61000061035156,100.77999877929688,101.11000061035156,2607800
2021-05-27,101.30999755859375,101.36000061035156,99.9000015258789,100.01000213623047,4251100
2021-05-28,100.37000274658203,100.7699966430664,99.98999786376953,100.22000122070312,2271200
2021-06-01,100.54000091552734,100.75,99.58000183105469,100.08000183105469,2816100
2021-06-02,100.41000366210938,101.2699966430664,99.72000122070312,100.68000030517578,1889900
2021-06-03,100.23999786376953,102.0199966430664,100.18000030517578,101.66999816894531,3401900
2021-06-04,101.97000122070312,102.08999633789062,101.38999938964844,101.4800033569336,2771400
2021-06-07,101.55000305175781,102.20999908447266,101.44999694824219,101.86000061035156,3335100
2021-06-08,102.13999938964844,102.13999938964844,100.44000244140625,100.58999633789062,3147900
2021-06-09,100.62000274658203,101.47000122070312,100.43000030517578,101.38999938964844,1584800
2021-06-10,101.37999725341797,101.86000061035156,101.1500015258789,101.70999908447266,1783900
2021-06-11,101.52999877929688,102.05999755859375,101.13999938964844,101.93000030517578,1909000
2021-06-14,101.93000030517578,102.55000305175781,101.76000213623047,102.52999877929688,2003300
2021-06-15,102.5999984741211,103.51000213623047,102.22000122070312,103.22000122070312,2738600
2021-06-16,103.72000122070312,103.9000015258789,101.7300033569336,101.80999755859375,3865400
2021-06-17,101.81999969482422,103.16999816894531,101.48999786376953,102.41999816894531,3998700
2021-06-18,102.06999969482422,102.25,99.51000213623047,99.61000061035156,5190400
2021-06-21,100.08999633789062,101.55999755859375,99.76000213623047,101.30999755859375,3566100
2021-06-22,100.83999633789062,101.47000122070312,100.27999877929688,100.4000015258789,2562000
2021-06-23,100.1500015258789,100.91999816894531,99.08000183105469,99.2300033569336,3997300
2021-06-24,99.2300033569336,99.45999908447266,98.69999694824219,99.06999969482422,2448600
2021-06-25,99.36000061035156,99.83000183105469,98.94999694824219,99.72000122070312,3236200
2021-06-28,100.0,100.7300033569336,99.63999938964844,100.01000213623047,3192800
2021-06-29,99.76000213623047,100.23999786376953,97.68000030517578,98.12000274658203,2669200
2021-06-30,98.16999816894531,98.94999694824219,97.68000030517578,98.72000122070312,2493300
2021-07-01,98.95999908447266,99.87000274658203,98.3499984741211,99.55000305175781,2406900
2021-07-02,99.73999786376953,99.73999786376953,99.18000030517578,99.51000213623047,1779300
2021-07-06,99.58999633789062,99.88999938964844,98.4000015258789,99.83000183105469,3258100
2021-07-07,99.94999694824219,100.55999755859375,99.18000030517578,100.37000274658203,2044400
2021-07-08,100.02999877929688,101.0,99.8499984741211,100.55999755859375,2386200
2021-07-09,100.94999694824219,101.04000091552734,99.9000015258789,100.66000366210938,2676300
2021-07-12,100.22000122070312,101.63999938964844,99.86000061035156,101.52999877929688,2509100
2021-07-13,101.45999908447266,101.8499984741211,100.97000122070312,101.52999877929688,2774400
2021-07-14,101.5,103.04000091552734,100.56999969482422,102.69999694824219,2692900
2021-07-15,102.54000091552734,104.0,102.54000091552734,103.94000244140625,2869100
2021-07-16,104.0999984741211,105.37999725341797,103.80999755859375,104.76000213623047,2758800
2021-07-19,104.41000366210938,105.45999908447266,102.73999786376953,103.88999938964844,5548800
2021-07-20,104.08000183105469,105.41999816894531,103.43000030517578,103.73999786376953,2411400
2021-07-21,103.91999816894531,104.0999984741211,103.12000274658203,103.16000366210938,2078100
2021-07-22,103.16999816894531,103.97000122070312,102.76000213623047,102.91999816894531,2948600
2021-07-23,103.05999755859375,104.58999633789062,103.05999755859375,104.47000122070312,1896100
2021-07-26,104.5999984741211,105.05000305175781,103.94999694824219,104.58000183105469,3170100
2021-07-27,104.37000274658203,106.68000030517578,104.05000305175781,106.36000061035156,2036000
2021-07-28,106.26000213623047,106.4000015258789,104.75,105.6500015258789,2144700
2021-07-29,105.91000366210938,106.05999755859375,104.97000122070312,105.68000030517578,1477900
2021-07-30,105.68000030517578,106.70999908447266,104.87999725341797,105.11000061035156,2567700
2021-08-02,105.38999938964844,106.66000366210938,105.16000366210938,106.19000244140625,3392300
2021-08-03,106.41000366210938,107.55999755859375,105.9800033569336,106.61000061035156,2398900
2021-08-04,106.29000091552734,107.0,105.37000274658203,106.7300033569336,2261800
2021-08-05,106.75,108.0,106.33000183105469,107.93000030517578,2843600
2021-08-06,107.41999816894531,108.05999755859375,106.87999725341797,106.95999908447266,2617800
2021-08-09,106.69999694824219,107.01000213623047,105.47000122070312,106.1500015258789,2435800
2021-08-10,106.5,107.23999786376953,106.0,106.9000015258789,2022100
2021-08-11,107.27999877929688,107.80999755859375,106.97000122070312,107.13999938964844,2510400
2021-08-12,105.79000091552734,106.5,105.47000122070312,105.69000244140625,2227000
2021-08-13,105.9800033569336,106.29000091552734,105.52999877929688,106.0,2010900
2021-08-16,106.33000183105469,108.37999725341797,106.16000366210938,107.80999755859375,3286700
2021-08-17,107.79000091552734,108.23999786376953,106.75,107.70999908447266,2151900
2021-08-18,107.7699966430664,107.83999633789062,106.56999969482422,107.05000305175781,2834100
2021-08-19,107.05999755859375,108.22000122070312,106.69999694824219,106.87999725341797,2464600
2021-08-20,106.2300033569336,107.33999633789062,105.63999938964844,107.20999908447266,2569100
2021-08-23,107.05999755859375,107.47000122070312,105.68000030517578,105.83000183105469,2712700
2021-08-24,106.02999877929688,106.16999816894531,104.38999938964844,105.1500015258789,3730600
2021-08-25,105.12999725341797,105.95999908447266,104.43000030517578,105.37999725341797,2357900
2021-08-26,105.4000015258789,105.58000183105469,104.81999969482422,104.8499984741211,2495800
2021-08-27,105.08000183105469,105.33000183105469,104.51000213623047,104.66999816894531,1724400
2021-08-30,104.5,105.16000366210938,104.33999633789062,104.79000091552734,1947800
2021-08-31,104.83999633789062,105.62000274658203,104.4000015258789,104.66000366210938,3069300
2021-09-01,104.9000015258789,106.37999725341797,104.66999816894531,106.12000274658203,2499500
2021-09-02,106.19999694824219,106.94999694824219,106.0,106.6500015258789,2792500
2021-09-03,106.38999938964844,106.63999938964844,105.47000122070312,105.68000030517578,3043700
2021-09-07,105.5199966430664,105.58999633789062,103.16999816894531,103.19999694824219,4472500
2021-09-08,103.2699966430664,105.6500015258789,102.70999908447266,105.33000183105469,3616300
2021-09-09,105.08999633789062,105.3499984741211,104.52999877929688,104.62000274658203,2317700
2021-09-10,104.6500015258789,104.79000091552734,103.1500015258789,103.19999694824219,2391700
2021-09-13,103.9800033569336,104.22000122070312,102.55000305175781,102.7300033569336,2801100
2021-09-14,103.0,103.51000213623047,101.4800033569336,101.61000061035156,3421700
2021-09-15,101.25,102.41999816894531,100.80000305175781,102.02999877929688,2795800
2021-09-16,102.48999786376953,102.80999755859375,101.27999877929688,101.41000366210938,3219100
2021-09-17,101.0,101.58000183105469,99.56999969482422,99.66999816894531,6699200
2021-09-20,99.29000091552734,100.30999755859375,98.52999877929688,99.63999938964844,4907800
2021-09-21,99.91999816894531,100.47000122070312,98.83000183105469,98.91999816894531,3274900
2021-09-22,99.25,99.45999908447266,98.18000030517578,98.54000091552734,2732900
2021-09-23,98.61000061035156,99.44999694824219,98.19999694824219,98.4000015258789,2419900
2021-09-24,98.25,99.08000183105469,97.88999938964844,98.45999908447266,3010800
2021-09-27,98.44999694824219,99.55999755859375,97.5,97.62999725341797,2772800
2021-09-28,97.44999694824219,97.86000061035156,96.58000183105469,97.05000305175781,3126800
2021-09-29,97.05000305175781,99.02999877929688,96.94999694824219,98.33999633789062,3299000
2021-09-30,98.5199966430664,98.69999694824219,97.55999755859375,97.58999633789062,2962300
2021-10-01,98.19999694824219,98.87999725341797,97.61000061035156,98.45999908447266,4598500
2021-10-04,98.66000366210938,101.02999877929688,98.51000213623047,100.76000213623047,4645600
2021-10-05,100.87999725341797,100.9800033569336,99.94999694824219,100.16999816894531,3411500
2021-10-06,99.93000030517578,101.91000366210938,99.25,101.8499984741211,2794800
2021-10-07,101.91999816894531,102.55999755859375,100.86000061035156,100.95999908447266,2020000
2021-10-08,101.0,101.31999969482422,100.41000366210938,100.52999877929688,1745000
2021-10-11,100.18000030517578,100.7300033569336,99.3499984741211,99.70999908447266,1659700
2021-10-12,99.8499984741211,100.55999755859375,99.58000183105469,99.81999969482422,2426000
2021-10-13,99.83999633789062,100.75,99.05000305175781,100.69999694824219,1798800
2021-10-14,101.11000061035156,101.88999938964844,100.76000213623047,101.6500015258789,3045600
2021-10-15,101.75,101.98999786376953,100.0999984741211,100.3499984741211,2593400
2021-10-18,99.8499984741211,100.18000030517578,99.1500015258789,99.86000061035156,2057600
2021-10-19,100.3499984741211,101.22000122070312,100.12999725341797,101.12999725341797,1759000
2021-10-20,101.25,102.56999969482422,101.25,102.2300033569336,1892700
2021-10-21,102.38999938964844,103.02999877929688,102.16999816894531,103.0,2057800
2021-10-22,103.20999908447266,104.94000244140625,102.97000122070312,103.77999877929688,2430300
2021-10-25,103.69000244140625,103.69999694824219,102.62000274658203,102.83999633789062,1681600
2021-10-26,102.79000091552734,104.13999938964844,102.63999938964844,103.29000091552734,2298300
2021-10-27,103.6500015258789,103.81999969482422,102.6500015258789,102.76000213623047,1519200
2021-10-28,102.41999816894531,102.8499984741211,101.7699966430664,102.48999786376953,1973600
2021-10-29,102.23999786376953,102.95999908447266,101.5999984741211,102.01000213623047,2301300
2021-11-01,102.12999725341797,102.68000030517578,101.45999908447266,102.30999755859375,1606500
2021-11-02,102.62999725341797,102.80999755859375,101.5,102.44999694824219,2701100
2021-11-03,102.25,102.94999694824219,101.44999694824219,102.54000091552734,2062000
2021-11-04,102.38999938964844,102.8499984741211,99.87000274658203,101.0199966430664,3054500
2021-11-05,101.19000244140625,102.66999816894531,101.05000305175781,101.68000030517578,2127800
2021-11-08,101.87999725341797,101.98999786376953,100.51000213623047,101.41999816894531,3686700
2021-11-09,101.79000091552734,102.25,101.2300033569336,101.95999908447266,2876300
2021-11-10,101.27999877929688,101.91000366210938,100.69000244140625,101.62000274658203,1876700
2021-11-11,101.36000061035156,101.55999755859375,99.95999908447266,100.25,2002600
2021-11-12,100.25,100.5,99.58000183105469,99.87999725341797,2504100
2021-11-15,100.23999786376953,101.01000213623047,99.7300033569336,100.5999984741211,2362900
2021-11-16,100.52999877929688,100.7699966430664,98.95999908447266,99.08000183105469,3758800
2021-11-17,99.0,99.25,98.41000366210938,98.98999786376953,2368600
2021-11-18,98.58000183105469,98.66000366210938,97.9800033569336,98.37000274658203,2809800
2021-11-19,98.44999694824219,98.76000213623047,97.95999908447266,98.41999816894531,2986300
2021-11-22,98.5,100.55000305175781,98.31999969482422,100.25,3913900
2021-11-23,100.48999786376953,101.06999969482422,99.37999725341797,100.73999786376953,3174100
2021-11-24,100.98999786376953,101.19000244140625,99.91999816894531,100.18000030517578,2236800
2021-11-26,99.18000030517578,100.66000366210938,99.1500015258789,99.27999877929688,1805400
2021-11-29,99.91999816894531,100.48999786376953,99.11000061035156,100.22000122070312,2128900
2021-11-30,99.6500015258789,99.72000122070312,96.75,97.01000213623047,3873200
2021-12-01,97.44000244140625,99.0,96.58000183105469,96.62000274658203,2825600
2021-12-02,97.0999984741211,98.68000030517578,96.93000030517578,97.6500015258789,2956200
2021-12-03,98.0999984741211,99.94999694824219,97.30999755859375,99.87999725341797,3106800
2021-12-06,100.5199966430664,102.69999694824219,100.26000213623047,101.20999908447266,2972500
2021-12-07,100.87999725341797,101.55000305175781,100.5,101.16999816894531,4402500
2021-12-08,100.98999786376953,101.63999938964844,100.19999694824219,100.8499984741211,4819400
2021-12-09,101.04000091552734,101.12000274658203,99.26000213623047,100.27999877929688,4020800
2021-12-10,100.80999755859375,102.05000305175781,100.36000061035156,101.51000213623047,3039900
2021-12-13,101.5,103.62999725341797,101.44999694824219,103.04000091552734,3932500
2021-12-14,103.05000305175781,103.5,102.31999969482422,102.7699966430664,2825100
2021-12-15,102.80999755859375,104.11000061035156,102.80999755859375,103.81999969482422,3378800
2021-12-16,104.0,105.11000061035156,103.63999938964844,104.54000091552734,3066600
2021-12-17,104.44999694824219,105.16999816894531,102.31999969482422,103.04000091552734,7150200
2021-12-20,102.5199966430664,103.83000183105469,101.87999725341797,103.66999816894531,3678600
2021-12-21,104.0,104.48999786376953,102.68000030517578,103.0199966430664,2054600
2021-12-22,102.91000366210938,103.52999877929688,102.66999816894531,103.16000366210938,1588700
2021-12-23,103.27999877929688,103.88999938964844,102.93000030517578,102.97000122070312,1435100
2021-12-27,102.97000122070312,103.44000244140625,102.68000030517578,103.29000091552734,1269600
2021-12-28,103.45999908447266,104.5999984741211,103.45999908447266,104.56999969482422,1197400
2021-12-29,104.76000213623047,105.02999877929688,104.2300033569336,104.76000213623047,1176300
2021-12-30,104.80000305175781,105.04000091552734,104.12000274658203,104.79000091552734,1690700
2021-12-31,104.72000122070312,105.2300033569336,104.0,104.9000015258789,1945700
2022-01-03,104.91000366210938,104.91000366210938,103.0199966430664,103.48999786376953,3272700
2022-01-04,103.36000061035156,104.94000244140625,103.27999877929688,103.41000366210938,2558300
2022-01-05,103.5,104.91999816894531,103.47000122070312,103.63999938964844,2446600
2022-01-06,103.51000213623047,104.7699966430664,103.33000183105469,103.47000122070312,3944100
2022-01-07,102.80999755859375,104.97000122070312,102.26000213623047,104.5,2990100
2022-01-10,104.6500015258789,105.31999969482422,104.06999969482422,104.55999755859375,2683500
2022-01-11,104.58000183105469,104.69999694824219,102.52999877929688,103.2300033569336,2937300
2022-01-12,102.68000030517578,103.81999969482422,102.19999694824219,103.62000274658203,2226300
2022-01-13,103.54000091552734,104.5,103.19999694824219,104.1500015258789,2591200
2022-01-14,104.44000244140625,104.68000030517578,103.2699966430664,104.04000091552734,3425900
2022-01-18,103.33000183105469,103.75,101.73999786376953,101.87000274658203,3082000
2022-01-19,101.87999725341797,102.83000183105469,101.30999755859375,102.16999816894531,2460800
2022-01-20,102.05000305175781,103.52999877929688,101.98999786376953,102.30999755859375,2426800
2022-01-21,103.0199966430664,104.20999908447266,102.66999816894531,102.9800033569336,3453800
2022-01-24,103.62000274658203,103.9800033569336,100.25,102.58000183105469,5654600
2022-01-25,101.70999908447266,103.1500015258789,101.55999755859375,102.31999969482422,3336300
2022-01-26,102.18000030517578,103.30000305175781,101.19999694824219,101.94999694824219,3111000
2022-01-27,102.51000213623047,104.37999725341797,102.47000122070312,103.25,3384900
2022-01-28,103.19000244140625,104.7699966430664,102.80000305175781,104.7300033569336,2874200
2022-01-31,103.87000274658203,105.23999786376953,103.45999908447266,105.05999755859375,4306700
2022-02-01,104.55000305175781,105.08000183105469,102.38999938964844,103.44999694824219,3036300
2022-02-02,103.3499984741211,105.22000122070312,103.05000305175781,105.0,3391100
2022-02-03,105.22000122070312,105.76000213623047,104.69999694824219,105.43000030517578,2238900
2022-02-04,104.55999755859375,105.33999633789062,103.62999725341797,104.25,2217100
2022-02-07,104.13999938964844,104.81999969482422,103.3499984741211,104.33999633789062,3046600
2022-02-08,105.2699966430664,105.36000061035156,104.05999755859375,104.41000366210938,2298800
2022-02-09,104.75,105.20999908447266,104.22000122070312,104.70999908447266,2259800
2022-02-10,104.19000244140625,104.33000183105469,99.58000183105469,99.79000091552734,5918200
2022-02-11,100.0999984741211,100.86000061035156,99.55999755859375,99.75,3953500
2022-02-14,100.55000305175781,101.01000213623047,98.62999725341797,99.94999694824219,5284400
2022-02-15,100.12999725341797,101.11000061035156,98.7699966430664,99.30000305175781,3149200
2022-02-16,99.36000061035156,99.97000122070312,98.9000015258789,99.51000213623047,2955900
2022-02-17,98.47000122070312,99.16000366210938,97.52999877929688,98.7300033569336,2401800
2022-02-18,98.36000061035156,100.19000244140625,98.08000183105469,99.80999755859375,4505500
2022-02-22,100.0,100.23999786376953,98.56999969482422,99.44999694824219,3304900
2022-02-23,99.66000366210938,99.87000274658203,97.5999984741211,97.66999816894531,4055900
2022-02-24,97.43000030517578,97.62000274658203,95.4800033569336,97.04000091552734,4207800
2022-02-25,98.04000091552734,100.33999633789062,97.83999633789062,100.22000122070312,3326800
2022-02-28,99.20999908447266,100.5199966430664,98.98999786376953,100.41000366210938,3069400
2022-03-01,100.41000366210938,101.05999755859375,98.66999816894531,99.83000183105469,2448100
2022-03-02,99.94000244140625,101.25,99.73999786376953,100.79000091552734,2334300
2022-03-03,101.25,103.2300033569336,101.05999755859375,102.63999938964844,2607400
2022-03-04,102.45999908447266,105.37000274658203,102.4000015258789,105.26000213623047,3276600
2022-03-07,105.4000015258789,106.98999786376953,104.55000305175781,106.69999694824219,3611000
2022-03-08,106.76000213623047,107.44999694824219,105.33000183105469,105.47000122070312,3549800
2022-03-09,106.19000244140625,106.56999969482422,105.12000274658203,105.33000183105469,3293200
2022-03-10,104.62000274658203,106.41999816894531,104.44000244140625,106.19000244140625,2038500
2022-03-11,106.0999984741211,107.08999633789062,105.94999694824219,106.13999938964844,2229700
2022-03-14,107.05000305175781,107.69999694824219,105.73999786376953,106.30000305175781,2562900
2022-03-15,107.33999633789062,107.37999725341797,106.12999725341797,106.69000244140625,2113300
2022-03-16,107.0199966430664,107.0199966430664,104.16999816894531,105.97000122070312,2636500
2022-03-17,106.0,107.54000091552734,105.29000091552734,106.5,2675000
2022-03-18,106.30000305175781,106.91999816894531,104.56999969482422,105.05000305175781,4859200
2022-03-21,105.31999969482422,106.87000274658203,105.27999877929688,106.16000366210938,1987500
2022-03-22,106.7699966430664,106.94999694824219,104.86000061035156,106.19000244140625,2574900
2022-03-23,106.68000030517578,107.51000213623047,105.91999816894531,106.83000183105469,2617400
2022-03-24,106.56999969482422,108.08000183105469,106.4000015258789,107.47000122070312,2196500
2022-03-25,107.80000305175781,109.36000061035156,107.52999877929688,109.12999725341797,1703600
2022-03-28,109.0,110.04000091552734,108.25,110.04000091552734,2470300
2022-03-29,110.12999725341797,110.98999786376953,109.62000274658203,110.97000122070312,2461600
2022-03-30,111.0,111.5,110.4000015258789,111.4800033569336,1979300
2022-03-31,111.37999725341797,112.55000305175781,111.19999694824219,111.66000366210938,3280100
2022-04-01,111.69999694824219,112.9000015258789,110.55000305175781,112.81999969482422,2302500
2022-04-04,112.0999984741211,112.25,110.41000366210938,111.79000091552734,2265700
2022-04-05,112.0,114.13999938964844,111.9800033569336,112.5199966430664,2489200
2022-04-06,113.11000061035156,115.26000213623047,112.48999786376953,115.1500015258789,3413200
2022-04-07,114.98999786376953,115.22000122070312,113.44999694824219,114.86000061035156,2785900
2022-04-08,115.38999938964844,115.79000091552734,114.16999816894531,115.3499984741211,1678100
2022-04-11,115.45999908447266,115.95999908447266,113.79000091552734,114.2300033569336,2574200
2022-04-12,114.02999877929688,115.7300033569336,113.2699966430664,115.41999816894531,2509800
2022-04-13,115.51000213623047,115.9000015258789,114.4000015258789,115.11000061035156,2092300
2022-04-14,115.19000244140625,115.5199966430664,114.4800033569336,114.8499984741211,2719300
2022-04-18,115.27999877929688,115.81999969482422,113.58999633789062,114.23999786376953,1962500
2022-04-19,114.37000274658203,114.69999694824219,113.7699966430664,114.47000122070312,2018100
2022-04-20,115.48999786376953,115.87000274658203,115.16999816894531,115.43000030517578,2152900
2022-04-21,115.1500015258789,116.33000183105469,114.66999816894531,115.27999877929688,1865900
2022-04-22,115.16999816894531,115.44999694824219,114.13999938964844,114.27999877929688,3185600
2022-04-25,114.81999969482422,115.02999877929688,112.04000091552734,113.7699966430664,3743600
2022-04-26,113.80999755859375,115.83000183105469,113.3499984741211,113.5,3937200
2022-04-27,113.55999755859375,114.88999938964844,112.20999908447266,113.08999633789062,2483900
2022-04-28,113.56999969482422,114.69999694824219,112.5999984741211,113.80000305175781,2734100
2022-04-29,113.41999816894531,113.51000213623047,109.77999877929688,110.16000366210938,5424000
2022-05-02,110.66999816894531,111.08999633789062,107.47000122070312,108.69999694824219,3831700
2022-05-03,109.3499984741211,110.4000015258789,108.19000244140625,108.36000061035156,2428400
2022-05-04,108.19999694824219,110.77999877929688,107.93000030517578,110.51000213623047,2561400
2022-05-05,110.0199966430664,110.97000122070312,109.08000183105469,110.05000305175781,2200100
2022-05-06,109.79000091552734,111.97000122070312,109.33000183105469,111.31999969482422,2723500
2022-05-09,109.63999938964844,112.12000274658203,108.5,110.80000305175781,3663300
2022-05-10,110.58999633789062,112.19999694824219,108.04000091552734,108.91000366210938,3372200
2022-05-11,109.12000274658203,111.66000366210938,108.83999633789062,109.91000366210938,3082800
2022-05-12,108.79000091552734,109.30999755859375,107.4000015258789,108.8499984741211,3429200
2022-05-13,109.38999938964844,109.66999816894531,107.70999908447266,109.30000305175781,3251300
2022-05-16,109.6500015258789,110.87999725341797,109.43000030517578,110.02999877929688,2408000
2022-05-17,109.43000030517578,110.0,107.12999725341797,109.3499984741211,4076100
2022-05-18,109.81999969482422,110.55999755859375,108.58000183105469,108.9000015258789,4006100
2022-05-19,108.66999816894531,109.44999694824219,107.2300033569336,108.94999694824219,3687600
2022-05-20,108.83999633789062,110.01000213623047,108.19000244140625,109.83000183105469,3375100
2022-05-23,110.6500015258789,111.9000015258789,109.80999755859375,110.80999755859375,2577300
2022-05-24,111.30999755859375,113.33000183105469,110.72000122070312,112.9800033569336,3009200
2022-05-25,113.19999694824219,113.41999816894531,111.69999694824219,112.38999938964844,2771900
2022-05-26,113.06999969482422,113.79000091552734,112.5999984741211,113.2300033569336,2717600
2022-05-27,112.88999938964844,114.5,112.58000183105469,114.4000015258789,2628900
2022-05-31,113.16999816894531,113.54000091552734,112.0999984741211,112.5199966430664,5037700
2022-06-01,112.55000305175781,112.7300033569336,110.95999908447266,111.66999816894531,2552100
2022-06-02,112.0999984741211,112.36000061035156,109.91999816894531,111.79000091552734,2712800
2022-06-03,111.4800033569336,112.0999984741211,110.97000122070312,111.16000366210938,1547800
2022-06-06,111.51000213623047,112.08000183105469,110.93000030517578,111.11000061035156,1483200
2022-06-07,110.94999694824219,112.41000366210938,110.26000213623047,112.33999633789062,2113300
2022-06-08,111.95999908447266,112.06999969482422,110.2699966430664,110.48999786376953,1810700
2022-06-09,110.43000030517578,111.02999877929688,107.58999633789062,107.7300033569336,2379400
2022-06-10,106.91000366210938,108.69000244140625,105.94999694824219,107.7699966430664,3342600
2022-06-13,106.77999877929688,107.0,102.93000030517578,103.43000030517578,2752200
2022-06-14,103.70999908447266,104.23999786376953,99.66000366210938,100.94000244140625,3899500
2022-06-15,102.01000213623047,102.12000274658203,99.05999755859375,100.18000030517578,4039500
2022-06-16,99.02999877929688,99.83000183105469,97.86000061035156,99.54000091552734,4134000
2022-06-17,99.23999786376953,99.95999908447266,96.87000274658203,97.81999969482422,5533000
2022-06-21,97.94000244140625,99.5,97.62000274658203,99.20999908447266,2877800
2022-06-22,98.91999816894531,101.0,98.69000244140625,100.16000366210938,2909900
2022-06-23,100.66999816894531,103.6500015258789,100.55000305175781,103.41000366210938,3724300
2022-06-24,103.66999816894531,104.80000305175781,103.30000305175781,104.52999877929688,2953800
2022-06-27,104.02999877929688,105.37000274658203,103.7300033569336,105.19999694824219,1725000
2022-06-28,105.76000213623047,106.83000183105469,105.36000061035156,105.69999694824219,2215700
2022-06-29,105.7300033569336,106.31999969482422,105.30999755859375,106.01000213623047,1767300
2022-06-30,105.2699966430664,107.94000244140625,105.04000091552734,107.20999908447266,3568900
2022-07-01,107.75,109.79000091552734,107.20999908447266,109.62000274658203,2874200
2022-07-05,109.69999694824219,109.69999694824219,104.54000091552734,106.33999633789062,2951900
2022-07-06,106.66999816894531,108.43000030517578,106.08000183105469,107.58000183105469,1920800
2022-07-07,107.81999969482422,108.22000122070312,106.54000091552734,106.83000183105469,1913500
2022-07-08,106.87999725341797,107.06999969482422,105.73999786376953,105.91000366210938,1697600
2022-07-11,106.04000091552734,107.98999786376953,105.86000061035156,107.95999908447266,2435700
2022-07-12,107.58000183105469,108.9800033569336,107.12999725341797,107.66999816894531,2102700
2022-07-13,106.93000030517578,108.19999694824219,106.72000122070312,107.23999786376953,2417200
2022-07-14,105.2699966430664,107.22000122070312,105.19000244140625,106.94999694824219,2274900
2022-07-15,107.44000244140625,107.63999938964844,106.18000030517578,107.43000030517578,2244200
2022-07-18,106.9000015258789,107.12000274658203,105.4000015258789,105.43000030517578,2228100
2022-07-19,106.05000305175781,106.47000122070312,105.44000244140625,105.54000091552734,2097300
2022-07-20,105.66000366210938,105.83999633789062,102.83999633789062,102.98999786376953,2981000
2022-07-21,102.91000366210938,103.73999786376953,102.16999816894531,103.54000091552734,3085300
2022-07-22,104.23999786376953,105.0,103.94000244140625,104.9800033569336,1501200
2022-07-25,104.62999725341797,106.0199966430664,104.4000015258789,105.9800033569336,1432500
2022-07-26,105.77999877929688,107.31999969482422,105.51000213623047,107.0199966430664,1788900
2022-07-27,106.66000366210938,106.86000061035156,105.87000274658203,106.5199966430664,2003700
2022-07-28,107.43000030517578,109.2699966430664,106.63999938964844,108.94999694824219,2326300
2022-07-29,108.58999633789062,110.41999816894531,108.55999755859375,109.93000030517578,2522500
2022-08-01,109.87000274658203,110.55000305175781,108.95999908447266,109.8499984741211,2386900
2022-08-02,110.29000091552734,111.33999633789062,109.43000030517578,109.62000274658203,2182500
2022-08-03,109.41999816894531,111.1500015258789,107.45999908447266,110.81999969482422,2784900
2022-08-04,111.80000305175781,111.9800033569336,109.5,109.7300033569336,2963500
2022-08-05,109.1500015258789,109.48999786376953,107.30999755859375,109.16000366210938,3033600
2022-08-08,109.87000274658203,110.61000061035156,108.7699966430664,109.04000091552734,3130300
2022-08-09,109.38999938964844,110.16000366210938,109.1500015258789,109.80999755859375,2366400
2022-08-10,110.30000305175781,110.5,109.5199966430664,110.05999755859375,2907400
2022-08-11,109.1500015258789,109.87999725341797,108.33999633789062,108.51000213623047,2640900
2022-08-12,109.12999725341797,110.33000183105469,108.94999694824219,110.25,3302700
2022-08-15,110.36000061035156,111.08999633789062,109.62999725341797,110.9800033569336,2163200
2022-08-16,110.9800033569336,112.4800033569336,110.80000305175781,112.11000061035156,2504400
2022-08-17,111.91000366210938,112.9000015258789,111.83999633789062,112.02999877929688,1894500
2022-08-18,112.0999984741211,113.06999969482422,112.0999984741211,112.58000183105469,1744300
2022-08-19,112.77999877929688,113.66999816894531,112.31999969482422,113.23999786376953,2091800
2022-08-22,112.9800033569336,113.27999877929688,111.83000183105469,112.05000305175781,2282400
2022-08-23,112.1500015258789,112.1500015258789,110.80000305175781,111.02999877929688,1489700
2022-08-24,111.19999694824219,111.36000061035156,110.33000183105469,110.93000030517578,1796400
2022-08-25,111.04000091552734,111.12000274658203,109.61000061035156,110.69999694824219,2612200
2022-08-26,110.83999633789062,110.88999938964844,108.61000061035156,108.7300033569336,3367000
2022-08-29,108.41000366210938,109.91999816894531,107.5999984741211,109.19999694824219,1773300
2022-08-30,108.95999908447266,109.25,107.26000213623047,107.68000030517578,1919800
2022-08-31,107.68000030517578,108.55999755859375,106.75,106.91000366210938,2890900
2022-09-01,107.04000091552734,108.55000305175781,106.73999786376953,108.19000244140625,1612200
2022-09-02,108.2699966430664,109.2699966430664,106.68000030517578,107.0,1496200
2022-09-06,107.2300033569336,108.36000061035156,106.41999816894531,106.76000213623047,2037500
2022-09-07,107.47000122070312,110.33999633789062,107.45999908447266,110.25,3324400
2022-09-08,109.87999725341797,110.7300033569336,108.70999908447266,109.19999694824219,2390800
2022-09-09,109.58000183105469,110.37999725341797,108.91000366210938,109.87999725341797,1456200
2022-09-12,109.95999908447266,111.26000213623047,109.9000015258789,110.87999725341797,1653700
2022-09-13,110.1500015258789,110.5199966430664,107.58000183105469,108.19000244140625,2387900
2022-09-14,108.31999969482422,109.94000244140625,108.31999969482422,109.2699966430664,2309800
2022-09-15,108.54000091552734,108.68000030517578,106.0999984741211,106.27999877929688,3103000
2022-09-16,106.93000030517578,107.58999633789062,105.9000015258789,106.11000061035156,4565300
2022-09-19,105.83000183105469,106.8499984741211,105.33000183105469,106.80999755859375,1783400
2022-09-20,106.0199966430664,106.25,104.56999969482422,105.63999938964844,1622400
2022-09-21,106.04000091552734,106.87000274658203,104.2699966430664,104.29000091552734,1495600
2022-09-22,104.0999984741211,105.58999633789062,103.58999633789062,104.68000030517578,2324900
2022-09-23,103.94999694824219,104.2699966430664,102.5199966430664,103.70999908447266,2297600
2022-09-26,103.5,103.61000061035156,99.91999816894531,100.83999633789062,2812800
2022-09-27,101.08999633789062,101.52999877929688,97.95999908447266,98.31999969482422,4027900
2022-09-28,99.44999694824219,100.19999694824219,98.16000366210938,99.61000061035156,2338200
2022-09-29,99.36000061035156,99.4000015258789,94.94999694824219,95.0999984741211,3104500
2022-09-30,95.75,96.0999984741211,92.80000305175781,93.0199966430664,5163600
2022-10-03,94.45999908447266,96.01000213623047,93.44999694824219,95.33000183105469,3786800
2022-10-04,96.0,97.33000183105469,95.2699966430664,97.12000274658203,3105700
2022-10-05,95.9000015258789,96.12999725341797,93.44999694824219,94.0199966430664,3865500
2022-10-06,93.66000366210938,93.75,90.6500015258789,90.7699966430664,4230800
2022-10-07,90.73999786376953,91.0,88.58999633789062,89.06999969482422,3162700
2022-10-10,89.11000061035156,90.13999938964844,89.0199966430664,89.1500015258789,2982300
2022-10-11,88.80000305175781,90.5,88.66000366210938,89.52999877929688,4892500
2022-10-12,89.0,89.29000091552734,85.91000366210938,85.97000122070312,4243000
2022-10-13,85.0,88.5199966430664,83.76000213623047,87.98999786376953,7258400
2022-10-14,88.88999938964844,89.45999908447266,86.4000015258789,86.81999969482422,4711100
2022-10-17,88.0,89.95999908447266,87.87000274658203,89.0999984741211,3704400
2022-10-18,90.27999877929688,91.0999984741211,89.81999969482422,90.80999755859375,3009900
2022-10-19,89.62000274658203,90.37000274658203,88.81999969482422,89.29000091552734,2611700
2022-10-20,89.0,89.16999816894531,86.72000122070312,87.2300033569336,4057700
2022-10-21,87.41000366210938,89.0999984741211,86.91999816894531,88.45999908447266,2789000
2022-10-24,89.05999755859375,89.81999969482422,88.04000091552734,88.69000244140625,2318600
2022-10-25,88.70999908447266,90.62000274658203,88.69999694824219,90.23999786376953,2781000
2022-10-26,90.75,91.43000030517578,89.98999786376953,90.80999755859375,2938300
2022-10-27,91.63999938964844,92.30999755859375,90.9000015258789,91.04000091552734,3367400
2022-10-28,91.26000213623047,94.22000122070312,91.26000213623047,94.0,3139200
2022-10-31,93.70999908447266,94.23999786376953,92.58000183105469,93.18000030517578,3237600
2022-11-01,93.56999969482422,94.16000366210938,92.7300033569336,93.73999786376953,2889100
2022-11-02,93.47000122070312,95.38999938964844,92.73999786376953,92.87999725341797,3061200
2022-11-03,91.98999786376953,93.80999755859375,91.58000183105469,93.22000122070312,3132300
2022-11-04,94.6500015258789,94.79000091552734,91.44000244140625,93.61000061035156,4813400
2022-11-07,93.5,93.55999755859375,90.36000061035156,92.2300033569336,4501300
2022-11-08,92.52999877929688,94.0199966430664,92.33999633789062,93.19999694824219,2876600
2022-11-09,93.62999725341797,94.4000015258789,93.13999938964844,93.44999694824219,2742400
2022-11-10,95.86000061035156,97.36000061035156,94.26000213623047,97.0999984741211,3601900
2022-11-11,97.20999908447266,97.25,94.44999694824219,95.16999816894531,3286300
2022-11-14,95.6500015258789,96.44000244140625,95.2699966430664,95.44999694824219,4782300
2022-11-15,96.5999984741211,97.47000122070312,95.83000183105469,97.12999725341797,4625600
2022-11-16,97.37000274658203,99.08000183105469,97.37000274658203,97.94000244140625,3645300
2022-11-17,96.30999755859375,96.73999786376953,94.93000030517578,95.5199966430664,2755500
2022-11-18,96.45999908447266,97.2300033569336,96.0,96.79000091552734,3680500
2022-11-21,96.55000305175781,97.55000305175781,96.18000030517578,97.04000091552734,3314500
2022-11-22,97.48999786376953,98.69000244140625,97.27999877929688,97.68000030517578,2334000
2022-11-23,97.47000122070312,98.68000030517578,97.44999694824219,98.54000091552734,2726000
2022-11-25,99.0,99.98999786376953,98.9000015258789,99.62000274658203,1275700
2022-11-28,99.19999694824219,99.66000366210938,98.22000122070312,98.61000061035156,2283800
2022-11-29,98.02999877929688,98.2300033569336,97.23999786376953,97.94000244140625,2127400
2022-11-30,97.58000183105469,100.41999816894531,97.26000213623047,99.93000030517578,6052200
2022-12-01,100.83999633789062,101.9000015258789,99.87999725341797,100.30999755859375,3329800
2022-12-02,99.38999938964844,99.75,98.5,99.5199966430664,2097700
2022-12-05,98.73999786376953,99.55999755859375,98.5199966430664,99.12999725341797,2212500
2022-12-06,99.2300033569336,100.69999694824219,99.05000305175781,100.51000213623047,2828800
2022-12-07,100.3499984741211,101.26000213623047,99.33000183105469,99.58000183105469,2635600
2022-12-08,99.61000061035156,100.6500015258789,99.31999969482422,100.44999694824219,2065900
2022-12-09,100.08000183105469,100.91999816894531,100.01000213623047,100.3499984741211,1998200
2022-12-12,101.43000030517578,102.43000030517578,100.30000305175781,102.31999969482422,2734900
2022-12-13,103.3499984741211,104.33999633789062,102.41999816894531,103.0999984741211,5581400
2022-12-14,103.23999786376953,105.5199966430664,102.62999725341797,103.30000305175781,4468700
2022-12-15,103.05999755859375,103.31999969482422,101.94000244140625,102.51000213623047,3631400
2022-12-16,102.08000183105469,102.12000274658203,99.19000244140625,100.33999633789062,10623600
2022-12-19,100.12999725341797,101.33000183105469,99.70999908447266,100.2300033569336,3628800
2022-12-20,100.08000183105469,100.91999816894531,99.19999694824219,100.20999908447266,2394300
2022-12-21,100.69999694824219,102.08999633789062,100.6500015258789,101.91999816894531,2269400
2022-12-22,101.69999694824219,101.9800033569336,100.20999908447266,101.94999694824219,2312200
2022-12-23,101.81999969482422,103.1500015258789,101.05999755859375,102.98999786376953,1803300
2022-12-27,103.08999633789062,103.9800033569336,102.55000305175781,103.66999816894531,1698500
2022-12-28,104.0,104.4800033569336,102.66999816894531,102.9000015258789,1687600
2022-12-29,103.30000305175781,104.41999816894531,103.30000305175781,103.83999633789062,1444600
2022-12-30,103.87999725341797,104.0,101.98999786376953,102.98999786376953,2055600
2023-01-03,103.19999694824219,103.80000305175781,102.19000244140625,103.69999694824219,2688900
2023-01-04,104.2699966430664,105.37999725341797,103.8499984741211,104.80999755859375,2819900
2023-01-05,103.8499984741211,104.36000061035156,102.41999816894531,103.26000213623047,1920600
2023-01-06,104.19999694824219,105.79000091552734,104.0,105.18000030517578,2157300
2023-01-09,105.02999877929688,106.43000030517578,104.76000213623047,105.19000244140625,2358300
2023-01-10,104.87999725341797,105.47000122070312,104.47000122070312,105.43000030517578,2244500
2023-01-11,105.43000030517578,106.0999984741211,105.18000030517578,105.66000366210938,2358800
2023-01-12,105.79000091552734,106.12999725341797,104.81999969482422,105.08000183105469,2350100
2023-01-13,104.5,105.44999694824219,104.26000213623047,104.9800033569336,2722900
2023-01-17,105.18000030517578,105.43000030517578,104.0999984741211,104.22000122070312,3552700
2023-01-18,104.41000366210938,104.58000183105469,102.01000213623047,102.25,3152600
2023-01-19,102.25,102.91999816894531,101.55999755859375,101.97000122070312,3025900
2023-01-20,101.87000274658203,102.11000061035156,100.05000305175781,101.81999969482422,3968400
2023-01-23,101.52999877929688,102.3499984741211,100.75,100.98999786376953,3326700
2023-01-24,101.33000183105469,101.48999786376953,99.16000366210938,101.37000274658203,3048200
2023-01-25,100.29000091552734,101.44999694824219,99.9800033569336,101.41999816894531,2066600
2023-01-26,100.9000015258789,101.70999908447266,100.75,101.33999633789062,2093500
2023-01-27,101.20999908447266,101.9800033569336,100.58000183105469,101.58000183105469,2277000
2023-01-30,101.2300033569336,102.16000366210938,101.16999816894531,101.63999938964844,2470900
2023-01-31,102.0,102.55999755859375,101.05000305175781,102.44999694824219,3722600
2023-02-01,101.75,103.22000122070312,101.23999786376953,102.54000091552734,3054300
2023-02-02,102.61000061035156,103.83000183105469,102.0,102.04000091552734,3796600
2023-02-03,101.5,101.80000305175781,98.45999908447266,100.58000183105469,4331100
2023-02-06,100.1500015258789,101.91000366210938,100.04000091552734,101.80999755859375,3050300
2023-02-07,101.08000183105469,101.1500015258789,99.55000305175781,100.81999969482422,2672600
2023-02-08,100.19999694824219,100.29000091552734,98.83000183105469,99.18000030517578,3328600
2023-02-09,99.27999877929688,100.37999725341797,97.0,97.55000305175781,4403000
2023-02-10,97.36000061035156,99.20999908447266,96.7699966430664,99.11000061035156,2633200
2023-02-13,98.88999938964844,100.4000015258789,98.88999938964844,100.04000091552734,1931400
2023-02-14,99.98999786376953,100.44000244140625,99.06999969482422,99.47000122070312,2190700
2023-02-15,99.0,99.44000244140625,98.55000305175781,99.26000213623047,3276800
2023-02-16,97.5,98.75,96.44999694824219,98.29000091552734,2150000
2023-02-17,98.55999755859375,99.98999786376953,97.87999725341797,99.48999786376953,3041300
2023-02-21,98.98999786376953,99.33000183105469,97.5999984741211,97.68000030517578,3262600
2023-02-22,97.45999908447266,98.5199966430664,97.16999816894531,97.47000122070312,2070500
2023-02-23,97.87000274658203,98.0999984741211,96.4000015258789,96.83999633789062,1889400
2023-02-24,95.83000183105469,97.04000091552734,95.48999786376953,96.91999816894531,2320800
2023-02-27,97.0199966430664,97.91000366210938,95.69000244140625,95.80999755859375,2416300
2023-02-28,95.48999786376953,96.05000305175781,94.18000030517578,94.26000213623047,3155500
2023-03-01,94.0199966430664,94.04000091552734,91.77999877929688,91.91000366210938,3373100
2023-03-02,91.7699966430664,93.97000122070312,91.72000122070312,93.7699966430664,2589000
2023-03-03,93.95999908447266,95.44999694824219,93.26000213623047,95.38999938964844,4061800
2023-03-06,95.48999786376953,96.04000091552734,95.33000183105469,95.9800033569336,2709100
2023-03-07,96.12000274658203,96.16999816894531,92.9800033569336,93.5199966430664,2817000
2023-03-08,93.6500015258789,94.83000183105469,93.51000213623047,94.66999816894531,2450000
2023-03-09,95.01000213623047,96.06999969482422,93.73999786376953,94.22000122070312,2750800
2023-03-10,94.41999816894531,94.62000274658203,92.3499984741211,92.83000183105469,2629100
2023-03-13,92.72000122070312,96.52999877929688,92.72000122070312,94.16999816894531,4542700
2023-03-14,94.83999633789062,96.12999725341797,94.08999633789062,95.08999633789062,3778300
2023-03-15,95.0,97.48999786376953,94.66999816894531,96.83000183105469,3856800
2023-03-16,96.7699966430664,98.6500015258789,96.51000213623047,97.19999694824219,4859300
2023-03-17,96.5,97.12999725341797,95.70999908447266,96.38999938964844,5914300
2023-03-20,96.86000061035156,97.5999984741211,96.66000366210938,97.30999755859375,3159900
2023-03-21,97.06999969482422,97.1500015258789,93.55999755859375,94.7699966430664,4087400
2023-03-22,94.44999694824219,94.95999908447266,92.91000366210938,92.94999694824219,3089700
2023-03-23,93.0,93.62999725341797,91.37000274658203,91.55000305175781,2764400
2023-03-24,91.66000366210938,94.41000366210938,91.6500015258789,94.37000274658203,3608700
2023-03-27,94.73999786376953,95.37000274658203,94.31999969482422,94.69000244140625,2718100
2023-03-28,94.58000183105469,95.81999969482422,94.33999633789062,94.75,3004000
2023-03-29,95.0,96.38999938964844,94.98999786376953,96.2699966430664,2348400
2023-03-30,96.44999694824219,97.11000061035156,95.69999694824219,96.16000366210938,2500300
2023-03-31,96.4000015258789,96.98999786376953,95.91999816894531,96.47000122070312,3205200
2023-04-03,95.11000061035156,96.69000244140625,94.48999786376953,95.08999633789062,6259100
2023-04-04,94.95999908447266,96.29000091552734,94.70999908447266,96.2300033569336,5001100
2023-04-05,97.0,99.29000091552734,96.7699966430664,98.83999633789062,4461100
2023-04-06,99.5,99.77999877929688,98.4000015258789,99.73999786376953,2879600
2023-04-10,99.2699966430664,99.41000366210938,98.05999755859375,99.12999725341797,2628500
2023-04-11,99.18000030517578,99.5999984741211,98.6500015258789,99.3499984741211,1804500
2023-04-12,99.76000213623047,100.02999877929688,98.97000122070312,99.41000366210938,1941600
2023-04-13,98.56999969482422,99.31999969482422,97.08999633789062,99.13999938964844,3211300
2023-04-14,98.12999725341797,98.30999755859375,97.33000183105469,97.63999938964844,3217700
2023-04-17,98.18000030517578,98.73999786376953,97.47000122070312,98.41000366210938,2214300
2023-04-18,98.1500015258789,98.47000122070312,97.2300033569336,97.41000366210938,1974200
2023-04-19,97.91000366210938,98.55000305175781,97.52999877929688,98.4000015258789,2125500
2023-04-20,98.76000213623047,98.83000183105469,97.75,98.22000122070312,1989400
2023-04-21,98.80000305175781,99.1500015258789,97.68000030517578,98.36000061035156,2186500
2023-04-24,98.5999984741211,99.27999877929688,97.55999755859375,98.9000015258789,2153100
2023-04-25,99.01000213623047,100.38999938964844,98.94999694824219,99.73999786376953,2770800
2023-04-26,99.0,99.66999816894531,98.12000274658203,98.3499984741211,2677700
2023-04-27,98.41000366210938,99.5,98.31999969482422,99.47000122070312,2285300
2023-04-28,99.27999877929688,99.83999633789062,98.18000030517578,98.87999725341797,1995000
2023-05-01,98.8499984741211,100.12999725341797,98.58999633789062,99.08999633789062,3231900
2023-05-02,99.0,99.20999908447266,97.2300033569336,97.5999984741211,2576200
2023-05-03,98.08999633789062,98.7300033569336,97.2300033569336,97.33000183105469,3174000
2023-05-04,97.58000183105469,98.48999786376953,97.11000061035156,98.11000061035156,3067100
2023-05-05,98.13999938964844,99.41999816894531,97.73999786376953,99.36000061035156,2588900
2023-05-08,99.0999984741211,99.80999755859375,98.25,98.9000015258789,3099800
2023-05-09,97.72000122070312,98.37000274658203,97.16999816894531,98.05000305175781,4174800
2023-05-10,98.81999969482422,99.5,98.12999725341797,99.13999938964844,3008200
2023-05-11,98.0,98.33999633789062,96.91999816894531,97.33000183105469,1824300
2023-05-12,97.79000091552734,98.37000274658203,97.01000213623047,97.44999694824219,2216000
2023-05-15,97.6500015258789,97.8499984741211,96.08000183105469,96.33000183105469,2020400
2023-05-16,96.48999786376953,96.58999633789062,94.0,94.01000213623047,2209000
2023-05-17,94.19999694824219,94.51000213623047,92.5999984741211,93.0199966430664,2967400
2023-05-18,92.41000366210938,93.0199966430664,91.98999786376953,92.80999755859375,2775800
2023-05-19,93.26000213623047,93.7300033569336,92.51000213623047,92.51000213623047,2388500
2023-05-22,92.9000015258789,93.20999908447266,91.80000305175781,91.97000122070312,2725100
2023-05-23,91.55000305175781,92.37999725341797,90.5999984741211,90.75,3694200
2023-05-24,90.98999786376953,91.37999725341797,90.02999877929688,90.16000366210938,2820300
2023-05-25,90.0,90.01000213623047,88.2300033569336,88.88999938964844,3621600
2023-05-26,88.70999908447266,88.81999969482422,87.5199966430664,88.69999694824219,3065500
2023-05-30,88.80000305175781,89.45999908447266,87.88999938964844,88.01000213623047,3002600
2023-05-31,88.30000305175781,89.75,87.91000366210938,89.29000091552734,4150000
2023-06-01,89.69999694824219,89.70999908447266,87.66000366210938,88.12000274658203,3659200
2023-06-02,88.0,89.9000015258789,87.19999694824219,89.68000030517578,3835600
2023-06-05,90.0,91.02999877929688,89.70999908447266,90.16000366210938,2513200
2023-06-06,90.75,90.91999816894531,89.72000122070312,89.75,1970800
2023-06-07,89.83999633789062,91.76000213623047,89.20999908447266,91.56999969482422,2531900
2023-06-08,91.30000305175781,92.0199966430664,90.63999938964844,92.0,3156700
2023-06-09,92.0,92.16000366210938,91.33000183105469,91.5199966430664,2647600
2023-06-12,91.73999786376953,91.73999786376953,90.86000061035156,91.38999938964844,3131300
2023-06-13,90.25,91.0199966430664,89.9000015258789,90.76000213623047,3630600
2023-06-14,91.62000274658203,92.69000244140625,90.73999786376953,90.8499984741211,3433000
2023-06-15,91.3499984741211,91.94000244140625,90.87000274658203,91.69000244140625,3038500
2023-06-16,92.18000030517578,92.97000122070312,91.6500015258789,92.18000030517578,8693700
2023-06-20,92.0199966430664,92.23999786376953,90.91000366210938,90.94999694824219,2851900
2023-06-21,90.69000244140625,91.86000061035156,89.94000244140625,91.6500015258789,2435300
2023-06-22,92.16000366210938,92.26000213623047,90.38999938964844,90.9000015258789,2563800
2023-06-23,91.19999694824219,91.55000305175781,89.54000091552734,89.72000122070312,3800200
2023-06-26,90.05999755859375,91.05999755859375,89.3499984741211,90.83999633789062,2209100
2023-06-27,90.93000030517578,91.12000274658203,90.47000122070312,90.5199966430664,2283200
2023-06-28,90.44000244140625,90.48999786376953,88.9000015258789,89.0999984741211,2410500
2023-06-29,88.36000061035156,89.27999877929688,88.0999984741211,88.87999725341797,2538100
2023-06-30,89.01000213623047,89.87999725341797,88.6500015258789,89.73999786376953,2736200
2023-07-03,89.7300033569336,90.79000091552734,89.4800033569336,90.72000122070312,1181000
2023-07-05,90.05000305175781,92.44999694824219,90.0,91.61000061035156,3073800
2023-07-06,91.08000183105469,91.2300033569336,90.25,90.55999755859375,2101000
2023-07-07,90.0199966430664,90.56999969482422,89.69999694824219,89.7699966430664,2208500
2023-07-10,89.54000091552734,89.83999633789062,88.56999969482422,89.22000122070312,2312300
2023-07-11,89.93000030517578,90.94999694824219,89.48999786376953,90.87999725341797,3051100
2023-07-12,91.0999984741211,92.52999877929688,90.95999908447266,92.36000061035156,2566300
2023-07-13,92.3499984741211,93.30999755859375,91.81999969482422,93.30999755859375,2912100
2023-07-14,93.08999633789062,93.45999908447266,92.62999725341797,93.01000213623047,2833200
2023-07-17,92.76000213623047,92.87999725341797,91.75,91.77999877929688,1921300
2023-07-18,91.80999755859375,92.79000091552734,90.16999816894531,90.91000366210938,2279900
2023-07-19,91.22000122070312,92.62000274658203,91.19000244140625,91.6500015258789,1970400
2023-07-20,92.0,93.33999633789062,91.37999725341797,93.19999694824219,2428700
2023-07-21,93.54000091552734,94.98999786376953,93.16999816894531,94.77999877929688,2694300
2023-07-24,95.0,95.29000091552734,94.11000061035156,94.7699966430664,2248700
2023-07-25,94.55999755859375,95.47000122070312,94.11000061035156,95.29000091552734,2648500
2023-07-26,95.05999755859375,96.41000366210938,94.87999725341797,95.55999755859375,2196700
2023-07-27,95.13999938964844,95.73999786376953,94.01000213623047,94.44000244140625,2841800
2023-07-28,95.05000305175781,95.33000183105469,93.06999969482422,93.33999633789062,2567000
2023-07-31,93.73999786376953,94.16999816894531,92.94999694824219,93.62000274658203,2902800
2023-08-01,93.58000183105469,93.81999969482422,92.12999725341797,92.1500015258789,2422100
2023-08-02,92.0,93.12000274658203,91.87000274658203,92.52999877929688,2295000
2023-08-03,92.29000091552734,92.4800033569336,90.19999694824219,90.37000274658203,2880500
2023-08-04,90.7300033569336,91.55999755859375,88.91999816894531,89.45999908447266,3043500
2023-08-07,89.58000183105469,90.0999984741211,89.5199966430664,89.66000366210938,3604500
2023-08-08,90.27999877929688,92.19999694824219,89.23999786376953,92.12999725341797,5240800
2023-08-09,91.87000274658203,93.23999786376953,91.75,92.81999969482422,3219200
2023-08-10,93.33999633789062,93.98999786376953,92.69000244140625,92.91000366210938,3635500
2023-08-11,93.0,93.98999786376953,92.94000244140625,93.81999969482422,2428700
2023-08-14,93.87999725341797,93.87999725341797,92.47000122070312,92.79000091552734,2340400
2023-08-15,92.05999755859375,92.31999969482422,91.3499984741211,91.44000244140625,2669700
2023-08-16,91.69000244140625,92.33000183105469,91.31999969482422,91.69999694824219,2382100
2023-08-17,90.83999633789062,92.19000244140625,90.54000091552734,90.69999694824219,2578600
2023-08-18,90.51000213623047,91.44999694824219,90.41999816894531,91.19999694824219,2766400
2023-08-21,90.80000305175781,91.0999984741211,89.12999725341797,89.62999725341797,3910700
2023-08-22,89.62999725341797,89.87000274658203,89.05999755859375,89.58999633789062,2365900
2023-08-23,90.3499984741211,90.41000366210938,89.12999725341797,90.33999633789062,2231500
2023-08-24,90.13999938964844,91.36000061035156,89.86000061035156,89.98999786376953,2376000
2023-08-25,90.19999694824219,91.33999633789062,89.98999786376953,90.58000183105469,2374600
2023-08-28,90.58999633789062,91.16999816894531,90.0,90.0199966430664,2128800
2023-08-29,90.0,90.95999908447266,89.94999694824219,90.29000091552734,2279700
2023-08-30,90.01000213623047,90.83000183105469,89.47000122070312,89.94999694824219,2250900
2023-08-31,90.26000213623047,90.43000030517578,88.72000122070312,88.80000305175781,3139600
2023-09-01,89.25,89.62999725341797,87.5,87.93000030517578,3777700
2023-09-05,87.77999877929688,87.98999786376953,86.04000091552734,86.6500015258789,3155500
2023-09-06,86.91000366210938,87.61000061035156,86.16000366210938,87.48999786376953,3249700
2023-09-07,88.19999694824219,90.22000122070312,88.08000183105469,89.4000015258789,4765200
2023-09-08,89.56999969482422,91.16999816894531,89.27999877929688,91.0199966430664,3302700
2023-09-11,90.8499984741211,92.47000122070312,90.7300033569336,91.77999877929688,3992900
2023-09-12,91.91000366210938,92.66999816894531,90.9000015258789,92.12000274658203,3689300
2023-09-13,92.43000030517578,94.36000061035156,92.31999969482422,93.87999725341797,4383300
2023-09-14,94.6500015258789,95.70999908447266,94.36000061035156,95.44999694824219,4594400
2023-09-15,95.33999633789062,96.08000183105469,94.93000030517578,95.18000030517578,9702900
2023-09-18,95.25,95.45999908447266,94.16000366210938,94.95999908447266,3701700
2023-09-19,94.95999908447266,95.2300033569336,93.79000091552734,93.83999633789062,3291000
2023-09-20,94.27999877929688,95.41000366210938,93.76000213623047,94.37000274658203,2855800
2023-09-21,94.25,94.7300033569336,93.19999694824219,93.41000366210938,3129300
2023-09-22,93.01000213623047,93.83999633789062,92.69999694824219,93.33000183105469,1973000
2023-09-25,92.83000183105469,93.38999938964844,92.30999755859375,93.30999755859375,2376500
2023-09-26,93.0,93.05999755859375,90.75,91.12000274658203,3000600
2023-09-27,91.0999984741211,91.41000366210938,89.26000213623047,90.08999633789062,3715400
2023-09-28,90.61000061035156,90.61000061035156,88.47000122070312,88.68000030517578,4489700
2023-09-29,89.63999938964844,89.95999908447266,87.62999725341797,88.26000213623047,3900500
2023-10-02,87.73999786376953,87.98999786376953,84.13999938964844,85.44000244140625,6498300
2023-10-03,85.0,86.05999755859375,83.37999725341797,85.76000213623047,5606500
2023-10-04,85.76000213623047,86.41000366210938,84.87000274658203,86.12000274658203,3322900
2023-10-05,85.87999725341797,86.0199966430664,84.7300033569336,85.4800033569336,3716400
2023-10-06,84.33000183105469,87.04000091552734,83.05999755859375,86.91999816894531,3511900
2023-10-09,86.66999816894531,88.25,86.37999725341797,88.2300033569336,3008500
2023-10-10,88.25,89.01000213623047,87.86000061035156,88.94000244140625,2619500
2023-10-11,89.4000015258789,90.12000274658203,88.6500015258789,89.87000274658203,2658900
2023-10-12,89.52999877929688,90.02999877929688,87.19000244140625,88.02999877929688,3172500
2023-10-13,88.94000244140625,89.54000091552734,88.05000305175781,88.68000030517578,3277000
2023-10-16,89.0,89.86000061035156,88.41999816894531,89.45999908447266,2993500
2023-10-17,88.7699966430664,89.76000213623047,88.4800033569336,88.95999908447266,2911500
2023-10-18,88.97000122070312,89.41999816894531,87.62999725341797,88.19000244140625,2790100
2023-10-19,87.91999816894531,88.8499984741211,87.2699966430664,87.77999877929688,3134300
2023-10-20,87.51000213623047,88.86000061035156,87.01000213623047,87.02999877929688,3468400
2023-10-23,86.19999694824219,87.62000274658203,85.79000091552734,86.33000183105469,3172100
2023-10-24,87.11000061035156,88.26000213623047,86.83000183105469,87.76000213623047,3213100
2023-10-25,87.63999938964844,88.44000244140625,87.16999816894531,88.1500015258789,2652800
2023-10-26,88.44999694824219,89.75,88.22000122070312,89.19999694824219,3033500
2023-10-27,88.86000061035156,89.12000274658203,87.08999633789062,87.52999877929688,2764300
2023-10-30,87.83999633789062,88.66999816894531,87.05999755859375,87.9000015258789,2426900
2023-10-31,88.3499984741211,88.93000030517578,87.91000366210938,88.88999938964844,3094500
2023-11-01,89.19999694824219,89.98999786376953,88.31999969482422,89.54000091552734,3944500
2023-11-02,89.5,90.5999984741211,88.98999786376953,89.88999938964844,4553000
2023-11-03,91.16000366210938,91.97000122070312,90.2300033569336,90.27999877929688,4022900
2023-11-06,90.18000030517578,90.58000183105469,89.47000122070312,89.72000122070312,3370700
2023-11-07,90.0,90.01000213623047,89.12000274658203,89.27999877929688,3054500
2023-11-08,88.77999877929688,88.97000122070312,87.16000366210938,88.36000061035156,3623800
2023-11-09,88.52999877929688,89.37000274658203,87.91000366210938,87.95999908447266,3441800
2023-11-10,88.47000122070312,88.68000030517578,87.7300033569336,88.2699966430664,2491100
2023-11-13,88.19000244140625,88.38999938964844,86.61000061035156,87.0199966430664,3396400
2023-11-14,88.62999725341797,89.9000015258789,88.5,89.8499984741211,5739200
2023-11-15,89.7699966430664,90.91999816894531,89.18000030517578,89.61000061035156,3175600
2023-11-16,89.3499984741211,90.58000183105469,89.3499984741211,90.18000030517578,3872300
2023-11-17,90.63999938964844,90.68000030517578,89.68000030517578,90.01000213623047,3340600
2023-11-20,89.5199966430664,90.04000091552734,88.2699966430664,89.30000305175781,3637300
2023-11-21,89.52999877929688,89.93000030517578,88.7300033569336,89.87999725341797,2483900
2023-11-22,90.0,90.44000244140625,89.5199966430664,90.36000061035156,2553200
2023-11-24,90.23999786376953,90.79000091552734,89.91999816894531,90.73999786376953,1472400
2023-11-27,90.86000061035156,91.12999725341797,90.16999816894531,90.93000030517578,2439400
2023-11-28,90.95999908447266,91.93000030517578,90.72000122070312,91.12999725341797,2774300
2023-11-29,91.22000122070312,91.69000244140625,90.36000061035156,90.70999908447266,2986800
2023-11-30,91.66000366210938,92.4000015258789,91.12000274658203,92.27999877929688,4959400
2023-12-01,92.19999694824219,92.6500015258789,91.55000305175781,92.63999938964844,4016400
2023-12-04,92.0199966430664,93.2300033569336,92.0199966430664,92.7300033569336,2796500
2023-12-05,92.86000061035156,92.97000122070312,91.9000015258789,92.47000122070312,2601200
2023-12-06,92.8499984741211,93.95999908447266,92.6500015258789,93.94000244140625,3260400
2023-12-07,93.9000015258789,94.88999938964844,93.33000183105469,94.45999908447266,3813000
2023-12-08,94.44999694824219,94.73999786376953,93.80000305175781,94.38999938964844,3271700
2023-12-11,94.04000091552734,95.4000015258789,93.58999633789062,95.36000061035156,4989100
2023-12-12,95.48999786376953,95.5,94.12000274658203,95.33000183105469,3942700
2023-12-13,95.5,98.13999938964844,94.8499984741211,98.08000183105469,3970200
2023-12-14,98.76000213623047,99.4800033569336,97.98999786376953,98.30999755859375,6870800
2023-12-15,97.98999786376953,98.1500015258789,95.62000274658203,96.62999725341797,8742700
2023-12-18,97.19999694824219,98.33000183105469,96.75,97.16999816894531,4277100
2023-12-19,97.51000213623047,97.54000091552734,96.45999908447266,96.80999755859375,2711900
2023-12-20,96.63999938964844,97.2699966430664,95.55000305175781,95.68000030517578,3428500
2023-12-21,95.94000244140625,96.5,95.22000122070312,96.36000061035156,3072500
2023-12-22,96.83999633789062,97.63999938964844,96.31999969482422,96.86000061035156,1927500
2023-12-26,96.62000274658203,97.51000213623047,96.43000030517578,96.7300033569336,2228300
2023-12-27,96.4000015258789,96.77999877929688,96.0199966430664,96.30000305175781,1987600
2023-12-28,96.05999755859375,97.05999755859375,96.0,96.91999816894531,1912700
2023-12-29,96.63999938964844,97.2699966430664,96.3499984741211,97.04000091552734,2295300
2024-01-02,96.5199966430664,98.27999877929688,96.12999725341797,97.80999755859375,3352200
2024-01-03,97.93000030517578,98.88999938964844,97.5,98.77999877929688,3687400
2024-01-04,99.0,99.3499984741211,98.36000061035156,98.48999786376953,2423700
2024-01-05,98.48999786376953,98.75,97.56999969482422,98.54000091552734,2192100
2024-01-08,98.37999725341797,99.44000244140625,98.05999755859375,99.38999938964844,2453400
2024-01-09,98.75,99.38999938964844,98.5199966430664,99.08999633789062,2024900
2024-01-10,99.5,99.91999816894531,99.0999984741211,99.27999877929688,3076700
2024-01-11,99.01000213623047,99.01000213623047,96.83999633789062,97.1500015258789,3063500
2024-01-12,97.72000122070312,98.77999877929688,97.30000305175781,98.45999908447266,2791900
2024-01-16,97.86000061035156,98.94999694824219,97.55999755859375,98.02999877929688,3527100
2024-01-17,97.63999938964844,98.69000244140625,95.97000122070312,96.83000183105469,3272700
2024-01-18,96.56999969482422,96.58000183105469,95.36000061035156,95.86000061035156,2453700
2024-01-19,96.30000305175781,96.30000305175781,95.19999694824219,95.55999755859375,2965100
2024-01-22,95.5999984741211,96.29000091552734,94.69999694824219,95.05999755859375,2465500
2024-01-23,95.01000213623047,95.94000244140625,95.01000213623047,95.61000061035156,2903000
2024-01-24,96.04000091552734,96.13999938964844,94.1500015258789,94.54000091552734,3869800
2024-01-25,95.55000305175781,95.77999877929688,94.44000244140625,95.7300033569336,2460800
2024-01-26,95.62999725341797,96.30000305175781,95.23999786376953,95.87000274658203,3554100
2024-01-29,96.02999877929688,96.18000030517578,95.30999755859375,95.7699966430664,3149000
2024-01-30,95.69000244140625,96.12000274658203,94.7699966430664,95.52999877929688,3201200
2024-01-31,96.0999984741211,96.98999786376953,95.30000305175781,95.83000183105469,3678500
2024-02-01,95.3499984741211,97.8499984741211,94.75,97.79000091552734,2745900
2024-02-02,96.8499984741211,97.0999984741211,95.51000213623047,96.22000122070312,2519400
2024-02-05,95.5,96.08000183105469,94.76000213623047,95.25,3142600
2024-02-06,95.08999633789062,95.41000366210938,94.75,95.05999755859375,2171800
2024-02-07,95.47000122070312,95.61000061035156,94.77999877929688,95.5,2470800
2024-02-08,94.73999786376953,95.19999694824219,91.47000122070312,92.6500015258789,5581100
2024-02-09,92.26000213623047,92.7300033569336,91.62999725341797,91.69000244140625,4642800
2024-02-12,91.55999755859375,92.8499984741211,91.16999816894531,92.6500015258789,3925900
2024-02-13,92.61000061035156,92.93000030517578,90.30000305175781,91.61000061035156,3428000
2024-02-14,91.30000305175781,91.98999786376953,90.93000030517578,91.33999633789062,3062300
2024-02-15,90.7300033569336,92.41000366210938,90.52999877929688,92.36000061035156,2951900
2024-02-16,92.06999969482422,92.33999633789062,91.0999984741211,91.87999725341797,4120800
2024-02-20,92.0,92.77999877929688,91.51000213623047,91.94000244140625,2590700
2024-02-21,92.19999694824219,93.27999877929688,92.0199966430664,92.98999786376953,2781500
2024-02-22,92.29000091552734,92.58999633789062,91.30000305175781,92.12999725341797,4131500
2024-02-23,92.4000015258789,93.33000183105469,91.91999816894531,92.7300033569336,2494500
2024-02-26,92.47000122070312,92.56999969482422,90.5199966430664,90.6500015258789,3797700
2024-02-27,90.63999938964844,91.33000183105469,90.45999908447266,90.8499984741211,2962200
2024-02-28,90.75,91.25,90.43000030517578,90.73999786376953,3255400
2024-02-29,91.05999755859375,92.08000183105469,90.76000213623047,91.83000183105469,5245500
2024-03-01,91.75,91.87999725341797,90.08999633789062,90.86000061035156,3367600
2024-03-04,90.22000122070312,92.55999755859375,90.22000122070312,92.41999816894531,3724600
2024-03-05,92.77999877929688,94.2699966430664,92.33000183105469,92.69000244140625,3679300
2024-03-06,93.47000122070312,94.31999969482422,92.97000122070312,94.06999969482422,4229900
2024-03-07,94.91000366210938,95.12999725341797,94.2300033569336,94.4800033569336,2610600
2024-03-08,94.4800033569336,95.12000274658203,93.80000305175781,94.94000244140625,2266700
2024-03-11,94.81999969482422,95.88999938964844,94.5,95.83999633789062,1966900
2024-03-12,95.38999938964844,96.25,94.69000244140625,95.01000213623047,2878100
2024-03-13,95.5,96.30000305175781,95.41000366210938,95.5,3519200
2024-03-14,95.4000015258789,95.81999969482422,94.33999633789062,95.05000305175781,3540900
2024-03-15,94.36000061035156,95.66000366210938,94.36000061035156,94.70999908447266,6197000
2024-03-18,94.8499984741211,95.23999786376953,94.11000061035156,94.94000244140625,2736700
2024-03-19,95.26000213623047,95.58999633789062,94.55000305175781,95.13999938964844,2492600
2024-03-20,95.0,95.72000122070312,94.58000183105469,95.41000366210938,2682200
2024-03-21,95.48999786376953,96.05000305175781,94.93000030517578,94.95999908447266,2744900
2024-03-22,95.55000305175781,95.7300033569336,94.55999755859375,94.61000061035156,2308600
2024-03-25,94.87999725341797,95.16000366210938,94.38999938964844,94.83999633789062,2016000
2024-03-26,94.80000305175781,95.06999969482422,93.56999969482422,93.66999816894531,2823100
2024-03-27,94.0999984741211,96.12999725341797,94.02999877929688,96.08999633789062,3166200
2024-03-28,96.13999938964844,96.8499984741211,95.7699966430664,96.70999908447266,2637600
2024-04-01,96.5,96.58999633789062,95.37999725341797,96.06999969482422,1859700
2024-04-02,96.13999938964844,97.36000061035156,95.45999908447266,96.54000091552734,2305600
2024-04-03,96.5,96.61000061035156,95.83999633789062,95.97000122070312,2278100
2024-04-04,96.73999786376953,96.87000274658203,95.19999694824219,96.12000274658203,2694700
2024-04-05,95.72000122070312,96.19999694824219,95.16000366210938,95.91000366210938,2525200
2024-04-08,95.62999725341797,96.55000305175781,95.54000091552734,96.30999755859375,2348500
2024-04-09,96.69999694824219,97.48999786376953,96.11000061035156,97.31999969482422,2460300
2024-04-10,95.70999908447266,96.08000183105469,94.51000213623047,95.41000366210938,2475500
2024-04-11,96.22000122070312,96.2300033569336,94.51000213623047,95.29000091552734,2116100
2024-04-12,95.63999938964844,95.91999816894531,94.62000274658203,94.9000015258789,2279800
2024-04-15,95.44999694824219,95.62999725341797,93.68000030517578,94.12999725341797,2623100
2024-04-16,94.0,94.0,92.75,92.87000274658203,2655500
2024-04-17,93.56999969482422,94.76000213623047,93.19999694824219,94.5,1768000
2024-04-18,94.91000366210938,96.02999877929688,94.20999908447266,95.93000030517578,2639200
2024-04-19,96.0999984741211,98.41000366210938,95.9800033569336,98.23999786376953,4212800
2024-04-22,98.12999725341797,98.5,97.69999694824219,98.12000274658203,2933000
2024-04-23,98.11000061035156,99.05000305175781,97.9000015258789,98.19999694824219,2148800
2024-04-24,97.51000213623047,99.19000244140625,96.68000030517578,98.95999908447266,2652700
2024-04-25,98.83999633789062,99.61000061035156,98.01000213623047,99.02999877929688,2540700
2024-04-26,99.0,99.22000122070312,97.62000274658203,97.70999908447266,1994800
2024-04-29,98.25,99.08000183105469,98.20999908447266,98.7300033569336,2043500
2024-04-30,98.29000091552734,98.94000244140625,97.6500015258789,98.26000213623047,2565900
2024-05-01,97.94999694824219,100.55999755859375,97.48999786376953,99.77999877929688,4860700
2024-05-02,100.0,100.08000183105469,98.58000183105469,99.30999755859375,2808100
2024-05-03,99.8499984741211,100.33999633789062,99.0999984741211,100.26000213623047,4338300
2024-05-06,100.48999786376953,100.73999786376953,99.8499984741211,100.41999816894531,3081700
2024-05-07,101.0,102.36000061035156,100.30000305175781,102.26000213623047,5229900
2024-05-08,102.43000030517578,102.63999938964844,101.66999816894531,102.37999725341797,3497900
2024-05-09,102.25,103.05000305175781,102.0,103.0199966430664,2996200
2024-05-10,103.48999786376953,103.63999938964844,102.5999984741211,102.66999816894531,2778700
2024-05-13,102.69999694824219,103.83000183105469,102.61000061035156,102.88999938964844,2185300
2024-05-14,103.16000366210938,103.26000213623047,102.2300033569336,102.30999755859375,2168200
2024-05-15,103.30000305175781,103.66000366210938,102.86000061035156,103.3499984741211,2636100
2024-05-16,102.30000305175781,103.25,102.30000305175781,102.83999633789062,4143300
2024-05-17,103.13999938964844,103.93000030517578,102.44000244140625,103.88999938964844,3694000
2024-05-20,103.93000030517578,103.93000030517578,103.33000183105469,103.66000366210938,2088800
2024-05-21,103.79000091552734,104.5999984741211,103.25,104.37999725341797,2753600
2024-05-22,103.9000015258789,104.37999725341797,103.13999938964844,103.44000244140625,3124900
2024-05-23,103.0,103.1500015258789,101.61000061035156,101.79000091552734,2529800
2024-05-24,102.0199966430664,102.5,101.66999816894531,102.16999816894531,1864500
2024-05-28,101.9000015258789,102.66999816894531,101.0999984741211,101.18000030517578,2472200
2024-05-29,100.52999877929688,100.86000061035156,100.02999877929688,100.41999816894531,2527900
2024-05-30,100.77999877929688,101.36000061035156,100.0199966430664,101.30000305175781,2423800
2024-05-31,101.62000274658203,103.63999938964844,101.44999694824219,103.56999969482422,4000800
2024-06-03,103.08999633789062,103.81999969482422,102.81999969482422,103.41000366210938,3429700
2024-06-04,103.25,104.87000274658203,103.05000305175781,104.5999984741211,4822700
2024-06-05,104.4000015258789,104.5999984741211,103.02999877929688,103.19999694824219,2228200
2024-06-06,103.04000091552734,103.81999969482422,102.5199966430664,102.86000061035156,1945300
2024-06-07,102.0,103.77999877929688,101.7300033569336,102.62000274658203,1886800
2024-06-10,102.5,102.9800033569336,101.91999816894531,102.5199966430664,1915500
2024-06-11,102.01000213623047,102.66999816894531,101.29000091552734,102.36000061035156,2434400
2024-06-12,103.0,103.26000213623047,100.93000030517578,101.31999969482422,2397300
2024-06-13,101.29000091552734,101.80000305175781,100.44999694824219,101.26000213623047,1811200
2024-06-14,100.88999938964844,102.38999938964844,100.66999816894531,102.36000061035156,2668000
2024-06-17,101.94999694824219,102.0999984741211,100.69000244140625,100.80000305175781,2953100
2024-06-18,100.7300033569336,101.13999938964844,99.69999694824219,100.02999877929688,2469400
2024-06-20,100.25,100.7300033569336,99.4000015258789,100.0999984741211,3084800
2024-06-21,100.29000091552734,101.05000305175781,99.55000305175781,99.83999633789062,4986000
2024-06-24,99.98999786376953,101.83999633789062,99.77999877929688,101.51000213623047,2026400
2024-06-25,101.23999786376953,101.45999908447266,99.95999908447266,100.19999694824219,2115600
2024-06-26,99.8499984741211,100.20999908447266,99.30000305175781,99.94999694824219,1958900
2024-06-27,100.0,100.88999938964844,99.75,100.58999633789062,2358000
2024-06-28,100.58999633789062,100.76000213623047,99.6500015258789,100.2300033569336,3898700
2024-07-01,100.7300033569336,101.26000213623047,99.29000091552734,99.3499984741211,2097600
2024-07-02,99.62999725341797,100.01000213623047,99.20999908447266,99.80999755859375,1856100
2024-07-03,99.72000122070312,101.06999969482422,99.54000091552734,99.83999633789062,1072700
2024-07-05,100.0,100.97000122070312,99.55000305175781,100.55999755859375,1929800
2024-07-08,100.44000244140625,101.38999938964844,100.02999877929688,100.63999938964844,2535100
2024-07-09,100.58999633789062,101.4000015258789,100.30000305175781,100.94000244140625,3200600
2024-07-10,101.25,102.9000015258789,100.9000015258789,102.83000183105469,3128400
2024-07-11,103.05999755859375,104.88999938964844,102.66000366210938,104.45999908447266,3329800
2024-07-12,104.68000030517578,105.9000015258789,104.2699966430664,105.38999938964844,2715300
2024-07-15,104.69000244140625,105.38999938964844,104.0199966430664,105.31999969482422,2863400
2024-07-16,106.30999755859375,107.26000213623047,105.8499984741211,106.52999877929688,3057000
2024-07-17,107.06999969482422,108.44000244140625,105.6500015258789,107.5199966430664,3374700
2024-07-18,107.01000213623047,108.58999633789062,106.72000122070312,106.91000366210938,2638700
2024-07-19,107.58000183105469,107.61000061035156,106.30999755859375,106.91999816894531,2163200
2024-07-22,106.94000244140625,107.69999694824219,106.58000183105469,107.54000091552734,2373200
2024-07-23,107.4800033569336,107.9000015258789,107.0199966430664,107.12000274658203,1512000
2024-07-24,108.25,108.91999816894531,107.04000091552734,108.5999984741211,2875500
2024-07-25,109.0,110.0199966430664,106.94999694824219,107.55999755859375,3165200
2024-07-26,107.80000305175781,108.4800033569336,107.41000366210938,108.02999877929688,2270500
2024-07-29,108.27999877929688,109.19999694824219,107.94000244140625,108.68000030517578,3445100
2024-07-30,108.12000274658203,110.02999877929688,107.9000015258789,109.9000015258789,2929800
2024-07-31,108.9000015258789,109.75,108.43000030517578,109.2699966430664,3946000
2024-08-01,109.7699966430664,112.70999908447266,109.2699966430664,112.5999984741211,3975500
2024-08-02,114.3499984741211,116.66999816894531,111.6500015258789,113.91999816894531,4606500
2024-08-05,114.11000061035156,114.9800033569336,111.01000213623047,111.01000213623047,4918700
2024-08-06,112.48999786376953,114.19999694824219,111.36000061035156,112.91999816894531,4289800
2024-08-07,113.22000122070312,114.77999877929688,112.62999725341797,113.51000213623047,4921300
2024-08-08,112.47000122070312,113.95999908447266,111.9000015258789,112.43000030517578,4716700
2024-08-09,112.94999694824219,112.95999908447266,111.12999725341797,112.66999816894531,2218700
2024-08-12,112.62999725341797,113.41999816894531,112.0999984741211,113.37000274658203,3058600
2024-08-13,113.3499984741211,113.94000244140625,112.7699966430664,113.72000122070312,2732900
2024-08-14,113.37999725341797,114.54000091552734,112.80999755859375,113.45999908447266,1979200
2024-08-15,112.93000030517578,113.2699966430664,112.4000015258789,113.11000061035156,2658200
2024-08-16,112.37999725341797,112.6500015258789,111.61000061035156,112.30000305175781,2642700
2024-08-19,112.27999877929688,113.18000030517578,112.25,112.72000122070312,1716200
2024-08-20,112.91000366210938,113.41000366210938,112.0999984741211,112.37999725341797,2822600
2024-08-21,112.37000274658203,113.16000366210938,112.26000213623047,112.7300033569336,2798600
2024-08-22,112.66000366210938,112.68000030517578,111.44999694824219,112.12000274658203,5459600
2024-08-23,112.25,113.0,111.9000015258789,112.36000061035156,2732500
2024-08-26,112.52999877929688,113.62999725341797,112.01000213623047,113.01000213623047,3038900
2024-08-27,112.7699966430664,113.08999633789062,111.77999877929688,111.9000015258789,2136500
2024-08-28,112.38999938964844,113.63999938964844,111.88999938964844,112.69999694824219,2429700
2024-08-29,112.69999694824219,113.06999969482422,111.8499984741211,112.98999786376953,2021900
2024-08-30,113.0,114.08000183105469,112.83999633789062,113.94999694824219,3022400
2024-09-03,114.0,116.41000366210938,113.91000366210938,115.79000091552734,3792500
2024-09-04,116.4800033569336,117.93000030517578,116.19000244140625,117.05999755859375,2795000
2024-09-05,117.7699966430664,118.11000061035156,116.31999969482422,116.8499984741211,2585900
2024-09-06,117.05000305175781,117.33000183105469,116.2300033569336,116.5999984741211,3482400
2024-09-09,116.93000030517578,117.25,115.94000244140625,117.16000366210938,2829800
2024-09-10,117.37000274658203,118.18000030517578,116.70999908447266,116.93000030517578,2594200
2024-09-11,116.37999725341797,116.48999786376953,115.33999633789062,116.19999694824219,3667400
2024-09-12,116.36000061035156,116.83000183105469,115.83999633789062,115.97000122070312,2390300
2024-09-13,116.23999786376953,117.4000015258789,115.73999786376953,117.30999755859375,2311000
2024-09-16,118.11000061035156,118.30999755859375,117.45999908447266,117.69999694824219,2212000
2024-09-17,117.55000305175781,117.7300033569336,116.31999969482422,116.7300033569336,2251500
2024-09-18,116.62999725341797,117.18000030517578,115.29000091552734,115.87999725341797,2265300
2024-09-19,115.08999633789062,115.54000091552734,113.94999694824219,115.13999938964844,3952300
2024-09-20,115.66000366210938,116.66999816894531,115.33999633789062,116.37000274658203,6277000
2024-09-23,116.86000061035156,117.47000122070312,116.45999908447266,117.30999755859375,2332400
2024-09-24,116.5,117.7699966430664,115.83999633789062,115.9800033569336,2925300
2024-09-25,116.5999984741211,116.76000213623047,115.37000274658203,116.20999908447266,3496700
2024-09-26,115.12000274658203,116.31999969482422,114.83999633789062,115.16999816894531,3425700
2024-09-27,115.5,116.33000183105469,114.83000183105469,115.97000122070312,3523000
2024-09-30,116.29000091552734,116.33999633789062,114.33999633789062,115.30000305175781,5539400
2024-10-01,115.44999694824219,116.45999908447266,114.91000366210938,116.22000122070312,3729700
2024-10-02,115.5,116.80999755859375,115.12999725341797,116.68000030517578,3360200
2024-10-03,116.9800033569336,117.08999633789062,115.4800033569336,115.76000213623047,3856600
2024-10-04,114.62999725341797,114.87000274658203,113.80999755859375,114.05000305175781,3512900
2024-10-07,113.79000091552734,113.79000091552734,110.12000274658203,110.2300033569336,5955000
2024-10-08,111.0,111.13999938964844,110.05000305175781,110.66999816894531,4810600
2024-10-09,110.80000305175781,111.62000274658203,110.30000305175781,111.31999969482422,3601500
2024-10-10,111.88999938964844,113.5,111.02999877929688,113.12000274658203,6301600
2024-10-11,113.4000015258789,114.33000183105469,113.12000274658203,114.16999816894531,3406700
2024-10-14,114.16999816894531,115.26000213623047,114.0999984741211,115.08999633789062,2807100
2024-10-15,116.5,118.06999969482422,115.69999694824219,117.12000274658203,2863200
2024-10-16,117.5999984741211,120.08999633789062,116.94999694824219,119.77999877929688,4776800
2024-10-17,119.77999877929688,120.80999755859375,119.4800033569336,120.58000183105469,4589900
2024-10-18,120.73999786376953,120.8499984741211,119.62000274658203,120.76000213623047,3562300
2024-10-21,121.05000305175781,121.25,119.66999816894531,119.88999938964844,2703200
2024-10-22,118.72000122070312,119.94000244140625,118.37999725341797,119.87999725341797,2877000
2024-10-23,119.79000091552734,120.61000061035156,119.37999725341797,120.56999969482422,2286400
2024-10-24,120.80000305175781,120.94999694824219,118.91999816894531,119.0199966430664,2283700
2024-10-25,119.48999786376953,119.52999877929688,117.20999908447266,117.20999908447266,2406300
2024-10-28,117.20999908447266,118.05999755859375,117.0199966430664,117.05999755859375,2214300
2024-10-29,116.0,116.3499984741211,114.37999725341797,114.41000366210938,3478800
2024-10-30,115.02999877929688,115.2699966430664,113.81999969482422,114.0,2480000
2024-10-31,113.98999786376953,115.81999969482422,113.88999938964844,115.2699966430664,3835800
2024-11-01,114.68000030517578,115.4000015258789,112.5999984741211,112.68000030517578,3713100
2024-11-04,112.68000030517578,113.12999725341797,112.06999969482422,112.5199966430664,3050100
2024-11-05,112.58999633789062,114.16999816894531,112.05999755859375,114.08000183105469,2558500
2024-11-06,114.01000213623047,114.25,112.5199966430664,113.62999725341797,4236700
2024-11-07,112.63999938964844,113.20999908447266,110.30999755859375,111.08000183105469,5593500
2024-11-08,111.7699966430664,114.05000305175781,111.55999755859375,113.2300033569336,3788500
2024-11-11,112.63999938964844,114.16000366210938,112.38999938964844,112.45999908447266,3243400
2024-11-12,112.66000366210938,113.08000183105469,111.76000213623047,111.87999725341797,2876800
2024-11-13,112.5199966430664,112.80000305175781,110.66999816894531,111.30999755859375,2193000
2024-11-14,111.56999969482422,111.56999969482422,110.54000091552734,110.68000030517578,3685800
2024-11-15,109.47000122070312,112.25,109.4000015258789,112.16999816894531,3868000
2024-11-18,111.98999786376953,113.68000030517578,111.66999816894531,113.54000091552734,5030800
2024-11-19,113.30000305175781,113.62999725341797,112.05000305175781,113.58000183105469,3862000
2024-11-20,113.44000244140625,113.94999694824219,113.0,113.73999786376953,2325500
2024-11-21,114.12999725341797,115.04000091552734,113.1500015258789,114.86000061035156,3095300
2024-11-22,115.5199966430664,116.0,114.61000061035156,114.69999694824219,2008700
2024-11-25,115.05000305175781,115.9000015258789,114.16999816894531,115.0,4163000
2024-11-26,115.38999938964844,117.0999984741211,115.08000183105469,117.04000091552734,2850500
2024-11-27,117.68000030517578,118.58000183105469,117.27999877929688,117.41999816894531,2221900
2024-11-29,117.19999694824219,117.72000122070312,116.87999725341797,117.05000305175781,1899500
2024-12-02,117.05000305175781,117.29000091552734,114.80999755859375,115.18000030517578,3429900
2024-12-03,115.80000305175781,116.20999908447266,113.62999725341797,113.63999938964844,2440600
2024-12-04,113.44999694824219,113.75,112.72000122070312,113.27999877929688,2218900
2024-12-05,113.20999908447266,114.4000015258789,113.0,114.01000213623047,2178700
2024-12-06,113.83999633789062,114.3499984741211,111.94999694824219,112.0999984741211,2808800
2024-12-09,111.70999908447266,112.5999984741211,111.27999877929688,111.86000061035156,2573900
2024-12-10,111.94000244140625,111.94000244140625,110.31999969482422,111.11000061035156,2941300
2024-12-11,110.80000305175781,110.98999786376953,109.18000030517578,109.58999633789062,3820800
2024-12-12,110.20999908447266,110.31999969482422,108.7699966430664,109.16000366210938,3087600
2024-12-13,109.66000366210938,110.0,108.7300033569336,108.81999969482422,5141200
2024-12-16,108.73999786376953,109.20999908447266,107.18000030517578,107.44000244140625,5673900
2024-12-17,106.94999694824219,108.19999694824219,106.52999877929688,107.88999938964844,2784900
2024-12-18,107.37999725341797,107.91000366210938,105.62999725341797,105.76000213623047,4713900
2024-12-19,105.87999725341797,108.23999786376953,105.73999786376953,107.08000183105469,4237600
2024-12-20,107.16000366210938,108.69000244140625,106.72000122070312,108.27999877929688,6044500
2024-12-23,108.11000061035156,108.63999938964844,107.16000366210938,108.55999755859375,2757400
2024-12-24,108.38999938964844,109.02999877929688,108.11000061035156,108.97000122070312,991900
2024-12-26,108.68000030517578,108.94999694824219,107.87000274658203,108.30999755859375,2914600
2024-12-27,107.5999984741211,109.0,107.5,108.33999633789062,2127200
2024-12-30,108.0,108.12999725341797,107.05000305175781,107.70999908447266,2217200
2024-12-31,107.87999725341797,108.12000274658203,107.18000030517578,107.73999786376953,2987400
2025-01-02,108.4800033569336,108.87999725341797,107.44000244140625,107.81999969482422,2865500
2025-01-03,108.06999969482422,108.66999816894531,107.6500015258789,107.77999877929688,2299300
2025-01-06,107.3499984741211,107.41999816894531,105.9000015258789,106.37000274658203,4358500
2025-01-07,106.68000030517578,107.8499984741211,106.30000305175781,106.80999755859375,2976400
2025-01-08,106.55999755859375,108.44999694824219,106.48999786376953,108.2300033569336,3209300
2025-01-10,107.47000122070312,108.58999633789062,105.44000244140625,105.87000274658203,2998100
2025-01-13,106.47000122070312,106.55999755859375,105.19999694824219,106.13999938964844,2387900
2025-01-14,106.16000366210938,106.87999725341797,105.61000061035156,106.8499984741211,2866200
2025-01-15,108.0999984741211,108.0999984741211,106.3499984741211,106.44999694824219,3791800
2025-01-16,106.0999984741211,109.08000183105469,105.9000015258789,109.05999755859375,2899100
2025-01-17,108.7300033569336,109.9000015258789,108.44999694824219,109.26000213623047,2928400
2025-01-21,110.0,111.3499984741211,109.30000305175781,110.7699966430664,3144100
2025-01-22,110.55000305175781,110.62000274658203,108.62999725341797,108.81999969482422,4276900
2025-01-23,109.30000305175781,109.73999786376953,108.68000030517578,109.33999633789062,2612500
2025-01-24,108.8499984741211,110.25,108.73999786376953,109.86000061035156,2695300
2025-01-27,111.0,112.76000213623047,109.43000030517578,112.62000274658203,3585100
2025-01-28,112.37999725341797,112.69999694824219,111.27999877929688,111.30999755859375,3664600
2025-01-29,111.4800033569336,112.20999908447266,110.54000091552734,110.62000274658203,2744200
2025-01-30,112.0199966430664,112.4000015258789,110.80999755859375,112.26000213623047,2204800
2025-01-31,112.26000213623047,112.44999694824219,111.37999725341797,111.98999786376953,3537800
2025-02-03,111.9800033569336,113.45999908447266,111.19999694824219,113.19999694824219,4830200
2025-02-04,112.63999938964844,112.83000183105469,111.31999969482422,112.43000030517578,2087900
2025-02-05,113.13999938964844,114.20999908447266,112.44999694824219,113.86000061035156,4858600
2025-02-06,114.02999877929688,114.91000366210938,113.36000061035156,114.5199966430664,2593300
2025-02-07,114.18000030517578,115.69999694824219,113.91999816894531,114.98999786376953,3476900
2025-02-10,114.98999786376953,115.62000274658203,113.66000366210938,115.5999984741211,2606700
2025-02-11,115.41999816894531,116.80999755859375,113.9800033569336,116.69000244140625,2404700
2025-02-12,114.73999786376953,116.4800033569336,114.33999633789062,116.37000274658203,4149900
2025-02-13,115.30000305175781,115.66000366210938,112.87999725341797,113.94999694824219,5658500
2025-02-14,113.2699966430664,113.94999694824219,111.52999877929688,111.5999984741211,3581600
2025-02-18,111.5,112.2300033569336,110.51000213623047,110.88999938964844,4726600
2025-02-19,111.31999969482422,112.11000061035156,110.94999694824219,111.79000091552734,3860600
2025-02-20,111.51000213623047,113.26000213623047,111.04000091552734,113.16000366210938,3159500
2025-02-21,112.69000244140625,115.95999908447266,112.55999755859375,115.55000305175781,4424000
2025-02-24,115.9000015258789,116.97000122070312,114.79000091552734,115.91999816894531,2731300
2025-02-25,116.41999816894531,117.70999908447266,116.01000213623047,117.29000091552734,3111900
2025-02-26,116.91000366210938,117.13999938964844,115.80000305175781,116.30999755859375,3021500
2025-02-27,115.62000274658203,116.79000091552734,115.0,115.88999938964844,3239100
2025-02-28,117.0999984741211,117.9800033569336,115.80000305175781,117.48999786376953,5403200
2025-03-03,117.31999969482422,118.72000122070312,116.66000366210938,118.66999816894531,4264900
2025-03-04,119.2699966430664,119.68000030517578,116.37000274658203,116.41000366210938,3888700
2025-03-05,115.61000061035156,116.91000366210938,115.05000305175781,115.2300033569336,3491300
2025-03-06,115.5,115.68000030517578,113.80999755859375,114.83999633789062,3756100
2025-03-07,114.80999755859375,116.94000244140625,114.31999969482422,116.73999786376953,3479200
2025-03-10,116.94999694824219,119.26000213623047,116.91000366210938,118.5,5022400
2025-03-11,118.27999877929688,119.51000213623047,117.19999694824219,117.69999694824219,6297500
2025-03-12,116.72000122070312,117.30000305175781,115.6500015258789,116.63999938964844,4668300
2025-03-13,116.94999694824219,118.33999633789062,116.37000274658203,118.20999908447266,5370300
2025-03-14,118.16000366210938,120.4000015258789,117.54000091552734,120.12000274658203,5709900
2025-03-17,119.66000366210938,121.47000122070312,119.05000305175781,120.80999755859375,7126500
2025-03-18,119.83000183105469,121.06999969482422,119.69000244140625,120.76000213623047,4384800
2025-03-19,120.51000213623047,120.87999725341797,118.66999816894531,119.30999755859375,4220600
2025-03-20,119.58999633789062,120.26000213623047,119.11000061035156,120.16000366210938,4343900
2025-03-21,119.9800033569336,120.91000366210938,118.37999725341797,119.0999984741211,5850300
2025-03-24,118.83999633789062,119.80999755859375,118.01000213623047,118.1500015258789,3904700
2025-03-25,118.0999984741211,118.2300033569336,114.91999816894531,116.08000183105469,5551600
2025-03-26,116.30000305175781,117.33000183105469,116.08000183105469,117.11000061035156,3095900
2025-03-27,117.87000274658203,118.2300033569336,117.11000061035156,117.6500015258789,2833500
2025-03-28,118.68000030517578,119.95999908447266,117.63999938964844,119.41000366210938,3941400
2025-03-31,120.30000305175781,122.5,120.16999816894531,121.97000122070312,6465600
2025-04-01,122.04000091552734,122.04000091552734,120.58999633789062,121.06999969482422,2934100
2025-04-02,121.05999755859375,121.38999938964844,119.9000015258789,120.38999938964844,2541700
2025-04-03,123.0,124.66999816894531,121.62999725341797,124.05000305175781,7427100
2025-04-04,125.0,125.2699966430664,117.86000061035156,118.93000030517578,8332600
2025-04-07,117.72000122070312,120.31999969482422,115.70999908447266,116.86000061035156,7214800
2025-04-08,118.16999816894531,118.36000061035156,114.69999694824219,115.94999694824219,4976200
2025-04-09,114.75,117.83999633789062,112.06999969482422,116.30999755859375,7414700
2025-04-10,116.30999755859375,118.0,114.62000274658203,116.83999633789062,6360400
2025-04-11,116.87999725341797,119.33000183105469,115.5199966430664,118.94000244140625,6054400
2025-04-14,118.69000244140625,121.19000244140625,118.06999969482422,120.5999984741211,3226200
2025-04-15,121.06999969482422,121.75,120.33999633789062,120.48999786376953,2340900
2025-04-16,121.48999786376953,121.9800033569336,120.06999969482422,120.3499984741211,2506800
2025-04-17,120.94000244140625,123.55000305175781,120.5,121.80000305175781,3409800
2025-04-21,121.58000183105469,121.94999694824219,118.98999786376953,120.16999816894531,3076200
2025-04-22,121.37999725341797,122.88999938964844,120.5,122.52999877929688,3522600
2025-04-23,121.20999908447266,122.12000274658203,120.04000091552734,121.41999816894531,4036000
2025-04-24,121.1500015258789,121.5199966430664,120.16999816894531,120.69999694824219,3199000
2025-04-25,120.7699966430664,121.2699966430664,119.41999816894531,119.8499984741211,2717200
2025-04-28,119.98999786376953,120.87999725341797,119.18000030517578,120.66999816894531,2119800
2025-04-29,120.29000091552734,121.91000366210938,119.37000274658203,121.69999694824219,2323600
2025-04-30,122.3499984741211,122.4000015258789,120.66000366210938,122.0199966430664,2999000
2025-05-01,121.80000305175781,122.37000274658203,120.68000030517578,121.33000183105469,2609900
2025-05-02,121.37000274658203,122.0,120.54000091552734,121.58000183105469,2720100
2025-05-05,122.12000274658203,122.16000366210938,120.23999786376953,120.75,3875200
2025-05-06,122.01000213623047,124.16999816894531,121.5199966430664,122.94000244140625,3959100
2025-05-07,122.55000305175781,123.37000274658203,121.66999816894531,122.5999984741211,3466700
2025-05-08,122.0199966430664,122.44000244140625,119.81999969482422,120.0,3571300
2025-05-09,120.23999786376953,120.48999786376953,119.37000274658203,120.33000183105469,3036900
2025-05-12,119.01000213623047,120.31999969482422,115.44999694824219,115.8499984741211,5661200
2025-05-13,115.9800033569336,116.04000091552734,113.05000305175781,113.06999969482422,7359400
2025-05-14,113.06999969482422,113.19000244140625,111.22000122070312,112.45999908447266,4203200
2025-05-15,113.56999969482422,116.08000183105469,113.37000274658203,115.94000244140625,4177700
2025-05-16,115.05999755859375,116.30000305175781,114.58999633789062,116.26000213623047,2966700
2025-05-19,116.05999755859375,117.12000274658203,115.75,116.98999786376953,2773000
2025-05-20,116.68000030517578,117.83000183105469,116.5,117.30999755859375,4459300
2025-05-21,117.30000305175781,117.6500015258789,116.05999755859375,116.44000244140625,2769900
2025-05-22,116.5999984741211,116.69000244140625,114.79000091552734,115.56999969482422,4702600
2025-05-23,116.72000122070312,116.97000122070312,114.86000061035156,116.48999786376953,2683700
2025-05-27,116.87999725341797,116.91000366210938,116.0,116.37999725341797,3742300
2025-05-28,116.0,116.2699966430664,113.97000122070312,114.44999694824219,2797700
2025-05-29,113.9000015258789,115.58999633789062,113.38999938964844,115.44999694824219,2292800
2025-05-30,115.44999694824219,117.87999725341797,114.83000183105469,117.72000122070312,8078800
2025-06-02,117.01000213623047,117.66999816894531,116.33000183105469,117.2300033569336,2820300
2025-06-03,117.33999633789062,117.5999984741211,115.51000213623047,116.7300033569336,2609600
2025-06-04,116.79000091552734,117.68000030517578,115.62000274658203,115.9800033569336,3288300
2025-06-05,116.30999755859375,116.30999755859375,115.33999633789062,115.73999786376953,2443000
2025-06-06,115.58000183105469,116.0999984741211,114.76000213623047,115.2300033569336,2094600
2025-06-09,114.70999908447266,116.4000015258789,114.4000015258789,115.47000122070312,2407400
2025-06-10,115.58999633789062,116.58999633789062,114.8499984741211,116.33000183105469,2095400
2025-06-11,116.27999877929688,116.58999633789062,115.86000061035156,116.3499984741211,1929700
2025-06-12,116.77999877929688,117.58999633789062,116.44000244140625,117.27999877929688,2432200
2025-06-13,117.5,118.33999633789062,116.54000091552734,116.86000061035156,2789500
2025-06-16,117.25,117.69999694824219,114.83000183105469,115.4000015258789,3276000
2025-06-17,115.62000274658203,115.68000030517578,113.66000366210938,114.79000091552734,2344100
2025-06-18,114.9000015258789,114.94000244140625,114.02999877929688,114.58000183105469,2937900
2025-06-20,114.86000061035156,116.1500015258789,114.68000030517578,115.4000015258789,6203100
2025-06-23,115.94000244140625,117.29000091552734,115.77999877929688,116.97000122070312,2440500
2025-06-24,116.72000122070312,117.55000305175781,116.0,116.94999694824219,2477800
2025-06-25,117.95999908447266,117.95999908447266,115.80000305175781,115.94999694824219,2966300
2025-06-26,116.0199966430664,116.7699966430664,115.3499984741211,116.25,3143600
2025-06-27,116.1500015258789,117.80000305175781,116.0999984741211,116.91999816894531,3578700
2025-06-30,116.62000274658203,118.05999755859375,116.30000305175781,118.0,3486700
2025-07-01,118.68000030517578,119.33000183105469,117.0,118.87000274658203,3498600
2025-07-02,118.08999633789062,118.41999816894531,116.06999969482422,117.05999755859375,2834200
2025-07-03,117.0,117.87999725341797,116.47000122070312,117.30999755859375,1953900
2025-07-07,117.19999694824219,117.41999816894531,116.58000183105469,117.29000091552734,2050600
2025-07-08,116.54000091552734,116.77999877929688,115.4000015258789,116.30999755859375,3135100
2025-07-09,116.30999755859375,117.4000015258789,115.54000091552734,117.16999816894531,2102800
2025-07-10,116.5999984741211,118.38999938964844,116.25,118.16999816894531,2072700
2025-07-11,117.7300033569336,117.8499984741211,116.58999633789062,117.45999908447266,2098900
2025-07-14,117.44999694824219,118.5999984741211,116.7300033569336,117.93000030517578,2684800
2025-07-15,117.52999877929688,117.83999633789062,115.94000244140625,117.0999984741211,2431500
2025-07-16,116.98999786376953,118.12000274658203,116.75,117.79000091552734,2160600
2025-07-17,117.27999877929688,118.08000183105469,117.0,117.45999908447266,2430900
2025-07-18,117.33999633789062,119.08999633789062,117.25,118.41999816894531,2475600
2025-07-21,118.44999694824219,120.27999877929688,118.44999694824219,119.83000183105469,2232100
2025-07-22,120.12000274658203,121.97000122070312,119.9000015258789,120.7300033569336,3194700
2025-07-23,120.81999969482422,120.83000183105469,118.9000015258789,119.51000213623047,3309500
2025-07-24,119.51000213623047,120.0999984741211,119.20999908447266,119.75,2133200
2025-07-25,119.68000030517578,120.38999938964844,119.58999633789062,119.93000030517578,2317100
2025-07-28,119.62999725341797,119.91000366210938,117.44999694824219,117.5999984741211,2930100
2025-07-29,118.0199966430664,119.52999877929688,117.69000244140625,119.48999786376953,2848000
2025-07-30,119.5,121.48999786376953,119.25,120.4800033569336,3432300
2025-07-31,120.02999877929688,121.77999877929688,119.5,121.63999938964844,5490800
2025-08-01,122.23999786376953,123.38999938964844,121.68000030517578,122.91000366210938,4642700
2025-08-04,123.02999877929688,124.51000213623047,122.69999694824219,124.16999816894531,4066000
2025-08-05,126.97000122070312,127.8499984741211,123.97000122070312,124.0,6746900
2025-08-06,124.6500015258789,126.41000366210938,124.0,125.20999908447266,3813100
2025-08-07,124.72000122070312,126.33999633789062,124.69999694824219,125.93000030517578,2832100
2025-08-08,125.9800033569336,126.52999877929688,125.18000030517578,125.31999969482422,2643800
2025-08-11,125.69000244140625,125.95999908447266,124.91000366210938,125.55999755859375,2244500
2025-08-12,125.4000015258789,125.58000183105469,123.36000061035156,124.47000122070312,3826300
2025-08-13,124.38999938964844,125.76000213623047,123.94999694824219,125.70999908447266,3009200
2025-08-14,125.69999694824219,125.69999694824219,124.0,124.26000213623047,3410300
2025-08-15,123.5199966430664,123.69999694824219,121.93000030517578,122.44999694824219,4024700
2025-08-18,123.0,123.0,121.33000183105469,121.45999908447266,3224700
2025-08-19,121.63999938964844,123.81999969482422,121.37999725341797,123.77999877929688,2908400
2025-08-20,124.5,125.94999694824219,124.18000030517578,124.4800033569336,3455700
2025-08-21,124.31999969482422,124.91999816894531,123.94000244140625,124.13999938964844,2084700
2025-08-22,124.79000091552734,125.25,123.33000183105469,124.33999633789062,2182900
2025-08-25,123.94999694824219,124.22000122070312,122.87000274658203,123.11000061035156,2454300
2025-08-26,123.0,123.54000091552734,122.0999984741211,123.27999877929688,3102000
2025-08-27,123.61000061035156,123.8499984741211,122.76000213623047,123.68000030517578,2560800
2025-08-28,123.30000305175781,123.61000061035156,122.25,122.37000274658203,2496500
2025-08-29,122.4000015258789,123.19000244140625,122.11000061035156,122.48999786376953,2151200
2025-09-02,122.45999908447266,122.7699966430664,121.37000274658203,121.88999938964844,2449100
2025-09-03,121.30000305175781,121.88999938964844,120.62000274658203,121.5,2152100
2025-09-04,122.19999694824219,122.44999694824219,120.37999725341797,120.87000274658203,3069700
2025-09-05,121.30999755859375,121.4800033569336,120.04000091552734,120.61000061035156,1980700
2025-09-08,120.4000015258789,120.83000183105469,119.76000213623047,120.16999816894531,3069000
2025-09-09,120.25,121.02999877929688,119.9000015258789,120.37999725341797,2182800
2025-09-10,120.41000366210938,121.45999908447266,120.19999694824219,121.3499984741211,2104400
2025-09-11,121.36000061035156,122.2300033569336,120.97000122070312,122.11000061035156,2178000
2025-09-12,122.08000183105469,122.9000015258789,121.87000274658203,121.94999694824219,2136400
2025-09-15,121.6500015258789,122.6500015258789,121.62000274658203,122.37000274658203,2202600
2025-09-16,122.62999725341797,122.83000183105469,120.19999694824219,120.25,4158400
2025-09-17,120.73999786376953,121.5,120.2699966430664,121.0999984741211,2437700
2025-09-18,120.02999877929688,121.12000274658203,119.69000244140625,120.38999938964844,2541100
2025-09-19,120.76000213623047,121.6500015258789,120.0,121.08000183105469,4842000
2025-09-22,121.20999908447266,122.01000213623047,120.7300033569336,121.58000183105469,2062000
2025-09-23,121.45999908447266,123.23999786376953,120.97000122070312,123.0999984741211,2123700
2025-09-24,123.0,123.94999694824219,122.94999694824219,123.63999938964844,2173100
2025-09-25,124.11000061035156,124.30000305175781,122.2699966430664,122.31999969482422,2285600
2025-09-26,122.13999938964844,123.44999694824219,122.04000091552734,123.0199966430664,2644400
2025-09-29,123.05000305175781,123.08000183105469,121.31999969482422,122.80000305175781,4210000
2025-09-30,122.9800033569336,123.93000030517578,122.62000274658203,123.75,3719800
2025-10-01,123.55999755859375,123.81999969482422,122.31999969482422,122.38999938964844,2489200
2025-10-02,121.5,122.08000183105469,120.94000244140625,121.56999969482422,3098800
2025-10-03,122.11000061035156,123.83000183105469,122.0,123.54000091552734,2761900
2025-10-06,123.43000030517578,124.45999908447266,122.77999877929688,124.37999725341797,2289000
2025-10-07,124.8499984741211,125.94999694824219,124.33999633789062,125.55999755859375,2723300
2025-10-08,126.26000213623047,126.31999969482422,124.4000015258789,125.2300033569336,2423000
2025-10-09,125.9000015258789,126.08999633789062,124.61000061035156,124.70999908447266,1500800
2025-10-10,125.29000091552734,127.2699966430664,125.0199966430664,127.0199966430664,2955400
2025-10-13,126.20999908447266,126.94999694824219,125.69000244140625,126.08999633789062,2136200
2025-10-14,126.91000366210938,128.49000549316406,126.29000091552734,127.81999969482422,2712900
2025-10-15,128.17999267578125,128.99000549316406,127.06999969482422,128.6699981689453,3023200
2025-10-16,128.83999633789062,129.50999450683594,127.4000015258789,127.4000015258789,2785200
2025-10-17,128.1699981689453,128.64999389648438,127.12000274658203,128.52999877929688,3120800
2025-10-20,129.0,129.1999969482422,127.69000244140625,128.94000244140625,3759300
2025-10-21,129.5,129.5,127.26000213623047,128.3300018310547,2628800
2025-10-22,128.5500030517578,130.02999877929688,127.48999786376953,129.02999877929688,3143000
2025-10-23,129.86000061035156,129.86000061035156,127.16999816894531,127.26000213623047,2531000
2025-10-24,127.30000305175781,128.44000244140625,126.9800033569336,127.37000274658203,2175000
2025-10-27,127.0,127.58000183105469,126.26000213623047,127.48999786376953,2308300
2025-10-28,126.86000061035156,127.3499984741211,125.37999725341797,125.6500015258789,3159200
2025-10-29,125.6500015258789,126.06999969482422,123.81999969482422,124.29000091552734,3686400
2025-10-30,124.5199966430664,125.87999725341797,124.37999725341797,125.20999908447266,2666400
2025-10-31,124.33999633789062,124.93000030517578,123.75,124.30000305175781,2961900
2025-11-03,123.87000274658203,124.0,122.2699966430664,123.66999816894531,3365700
2025-11-04,124.33999633789062,124.51000213623047,123.48999786376953,123.83000183105469,3169800
2025-11-05,123.79000091552734,124.4800033569336,123.16999816894531,123.7699966430664,3822300
2025-11-06,123.5999984741211,124.86000061035156,123.4000015258789,124.0,4674700
2025-11-07,124.0999984741211,125.72000122070312,122.41000366210938,123.66000366210938,5456800
2025-11-10,123.05000305175781,123.68000030517578,121.83999633789062,122.93000030517578,4442000
2025-11-11,123.12999725341797,124.22000122070312,122.30999755859375,123.66999816894531,3101600
2025-11-12,123.66000366210938,124.29000091552734,123.43000030517578,123.9000015258789,3238900
2025-11-13,123.76000213623047,124.58999633789062,123.0999984741211,123.58999633789062,3277900
2025-11-14,123.33000183105469,124.19999694824219,122.25,122.70999908447266,3878200
2025-11-17,123.33000183105469,125.20999908447266,122.86000061035156,125.18000030517578,3879900
2025-11-18,125.6500015258789,125.93000030517578,123.79000091552734,123.80000305175781,3774300
2025-11-19,123.87999725341797,123.87999725341797,121.44999694824219,122.2300033569336,3411000
2025-11-20,122.27999877929688,122.9800033569336,121.86000061035156,122.54000091552734,2639200
2025-11-21,122.94000244140625,123.38999938964844,121.91000366210938,122.80000305175781,4407000
2025-11-24,123.06999969482422,123.41000366210938,121.4000015258789,122.08999633789062,3442700
2025-11-25,122.26000213623047,122.9800033569336,121.58999633789062,121.93000030517578,2835100
2025-11-26,122.41000366210938,123.5999984741211,121.94999694824219,123.43000030517578,3374400
2025-11-28,123.1500015258789,124.12999725341797,123.04000091552734,123.94000244140625,1439800
2025-12-01,123.20999908447266,123.45999908447266,120.66999816894531,120.75,4050600
2025-12-02,121.0999984741211,121.13999938964844,119.37000274658203,119.69000244140625,3554400
2025-12-03,119.87000274658203,120.55999755859375,118.37000274658203,118.62000274658203,3328400
2025-12-04,118.37999725341797,119.44000244140625,117.83999633789062,117.97000122070312,3151000
2025-12-05,117.83999633789062,118.18000030517578,116.4000015258789,116.5199966430664,3983100
2025-12-08,116.19999694824219,116.41999816894531,114.12999725341797,115.22000122070312,5217200
2025-12-09,115.80000305175781,116.20999908447266,115.05000305175781,115.23999786376953,2929700
2025-12-10,115.27999877929688,115.4000015258789,113.9000015258789,114.0,3366400
2025-12-11,114.55999755859375,115.5,113.98999786376953,114.38999938964844,2992300
2025-12-12,114.5,115.3499984741211,114.4000015258789,115.30000305175781,2955700
2025-12-15,115.80999755859375,116.94999694824219,115.41000366210938,116.7300033569336,3797200
2025-12-16,116.9800033569336,117.22000122070312,115.23999786376953,115.58999633789062,3222300
2025-12-17,115.47000122070312,117.91000366210938,115.4000015258789,117.43000030517578,4436700
2025-12-18,117.33999633789062,117.80999755859375,116.6500015258789,117.55000305175781,4611000
2025-12-19,117.43000030517578,117.48999786376953,115.55000305175781,115.55999755859375,6898600
2025-12-22,115.30000305175781,116.45999908447266,115.0,116.30000305175781,2477200
2025-12-23,116.37000274658203,117.19000244140625,116.12000274658203,116.79000091552734,3627800
2025-12-24,117.19000244140625,117.51000213623047,116.81999969482422,117.4800033569336,1060600
2025-12-26,117.16000366210938,117.80000305175781,116.7699966430664,117.18000030517578,1440300
2025-12-29,117.30000305175781,118.02999877929688,117.08000183105469,117.5199966430664,2489100
2025-12-30,117.58999633789062,117.94000244140625,117.25,117.68000030517578,1834800
2025-12-31,117.69999694824219,117.80999755859375,117.0999984741211,117.20999908447266,1973900
2026-01-02,117.18000030517578,118.06999969482422,116.37999725341797,117.44000244140625,2619600
2026-01-05,117.0,117.0,115.0999984741211,116.80999755859375,4310300
2026-01-06,116.76000213623047,117.91000366210938,116.4000015258789,117.73999786376953,3303700
2026-01-07,118.12000274658203,118.30000305175781,115.94999694824219,116.19000244140625,3227800
2026-01-08,116.51000213623047,118.5999984741211,116.19000244140625,117.31999969482422,3214100
2026-01-09,117.38999938964844,118.26000213623047,116.76000213623047,116.80000305175781,2884800
2026-01-12,116.7699966430664,117.48999786376953,116.2699966430664,116.70999908447266,3007800
2026-01-13,116.4800033569336,117.55999755859375,115.9800033569336,117.38999938964844,3284100
2026-01-14,117.56999969482422,119.29000091552734,117.3499984741211,118.68000030517578,4554900
2026-01-15,118.62999725341797,119.41000366210938,118.44999694824219,118.9000015258789,3716400
2026-01-16,118.5,119.4000015258789,117.86000061035156,119.22000122070312,4499800
2026-01-20,119.06999969482422,119.6500015258789,118.0999984741211,119.55000305175781,4595000
2026-01-21,120.19000244140625,120.83999633789062,118.45999908447266,119.37000274658203,4751700
2026-01-22,119.1500015258789,119.51000213623047,117.62000274658203,117.70999908447266,3807200
2026-01-23,117.88999938964844,117.94000244140625,116.25,117.43000030517578,4491000
2026-01-26,118.16000366210938,119.69999694824219,118.01000213623047,118.77999877929688,3955600
2026-01-27,118.77999877929688,120.31999969482422,118.19999694824219,120.29000091552734,4812900
2026-01-28,120.19999694824219,121.0999984741211,119.5999984741211,120.23999786376953,4463400
2026-01-29,120.37999725341797,121.73999786376953,120.29000091552734,120.88999938964844,4298400
2026-01-30,120.72000122070312,121.43000030517578,120.0999984741211,121.3499984741211,5603000
2026-02-02,121.45999908447266,122.0,119.04000091552734,119.48999786376953,4273000
2026-02-03,119.4800033569336,121.9000015258789,119.4800033569336,121.66999816894531,4169300
2026-02-04,122.44000244140625,123.3499984741211,121.61000061035156,122.20999908447266,5679700
2026-02-05,123.02999877929688,124.05000305175781,122.43000030517578,123.41000366210938,4224100
2026-02-06,124.0,124.27999877929688,121.33999633789062,121.86000061035156,4412100
2026-02-09,121.48999786376953,122.05999755859375,120.77999877929688,121.72000122070312,4288500
2026-02-10,122.19999694824219,124.37000274658203,120.45999908447266,123.63999938964844,6608700
2026-02-11,124.2699966430664,125.4000015258789,122.91999816894531,125.19999694824219,5980300
2026-02-12,125.4000015258789,128.08999633789062,125.30999755859375,126.11000061035156,7095000
2026-02-13,125.11000061035156,128.25999450683594,124.9800033569336,128.1999969482422,5569400
2026-02-17,128.5,129.0,126.16999816894531,126.70999908447266,4252700
2026-02-18,126.9000015258789,126.9000015258789,124.77999877929688,125.23999786376953,4111700
2026-02-19,125.63999938964844,126.76000213623047,125.30000305175781,126.37000274658203,5483600
2026-02-20,127.18000030517578,127.30999755859375,125.08000183105469,126.77999877929688,5039300
2026-02-23,126.83000183105469,128.61000061035156,126.80999755859375,127.79000091552734,4891100
2026-02-24,127.86000061035156,128.57000732421875,126.5199966430664,128.4600067138672,4231900
2026-02-25,128.0800018310547,129.1699981689453,126.27999877929688,128.92999267578125,3853900
2026-02-26,129.27000427246094,129.8000030517578,128.24000549316406,129.22999572753906,3737800
2026-02-27,129.8699951171875,131.57000732421875,129.3000030517578,130.85000610351562,4691400
2026-03-02,131.0,132.1999969482422,130.5500030517578,131.6300048828125,5034200
2026-03-03,130.85000610351562,132.3000030517578,128.49000549316406,131.42999267578125,3579600
2026-03-04,131.5,132.66000366210938,130.55999755859375,131.8800048828125,3702400
2026-03-05,131.00999450683594,131.72999572753906,129.52999877929688,131.61000061035156,4860500
2026-03-06,131.39999389648438,132.6300048828125,130.22999572753906,132.5,5041000
2026-03-09,131.86000061035156,132.47999572753906,130.5399932861328,131.0800018310547,7057200
2026-03-10,129.5,130.69000244140625,128.5500030517578,129.69000244140625,8176600
2026-03-11,129.5,130.5,129.16000366210938,130.02999877929688,4249500
2026-03-12,130.0,133.1999969482422,129.9600067138672,131.82000732421875,5842300
2026-03-13,132.49000549316406,134.1199951171875,132.49000549316406,133.14999389648438,4710200
2026-03-16,133.85000610351562,134.27000427246094,133.0500030517578,133.4600067138672,4974000
2026-03-17,134.27999877929688,134.49000549316406,132.7899932861328,132.9499969482422,3948800
2026-03-18,132.30999755859375,132.63999938964844,130.6999969482422,130.75,3454700
2026-03-19,130.75,131.41000366210938,128.8800048828125,129.74000549316406,5543100
2026-03-20,130.42999267578125,130.5399932861328,126.7699966430664,126.80999755859375,7644800
2026-03-23,127.91999816894531,128.1199951171875,126.94999694824219,127.33999633789062,4320600
2026-03-24,126.9800033569336,129.08999633789062,126.8499984741211,127.37999725341797,4423400
2026-03-25,128.1999969482422,129.0,127.18000030517578,128.16000366210938,3369100
2026-03-26,128.3300018310547,129.8800048828125,127.9000015258789,129.3800048828125,3182300
2026-03-27,129.5500030517578,131.2100067138672,129.02000427246094,129.99000549316406,4797600
2026-03-30,131.4499969482422,132.7100067138672,131.07000732421875,131.7100067138672,3968800
2026-03-31,132.66000366210938,132.66000366210938,129.75,130.94000244140625,5376100
2026-04-01,130.42999267578125,131.8699951171875,129.86000061035156,130.89999389648438,4314900
2026-04-02,131.89999389648438,133.02999877929688,130.89999389648438,132.22000122070312,3720600
2026-04-06,131.6300048828125,132.6999969482422,131.0,131.41000366210938,2819800
2026-04-07,131.5,132.8800048828125,131.14999389648438,131.82000732421875,2563300
2026-04-08,130.32000732421875,131.66000366210938,129.4600067138672,131.60000610351562,3716800
2026-04-09,131.27999877929688,134.1300048828125,131.27999877929688,133.0,3118700
2026-04-10,132.41000366210938,133.52000427246094,131.7899932861328,131.7899932861328,2758800
2026-04-13,131.8300018310547,132.1199951171875,129.75,130.39999389648438,3580000
2026-04-14,129.85000610351562,130.10000610351562,128.3800048828125,129.77999877929688,2506200
2026-04-15,129.25,129.25,127.93000030517578,127.9800033569336,3294800
2026-04-16,127.7300033569336,129.00999450683594,127.12000274658203,128.6300048828125,2712700
2026-04-17,127.51000213623047,128.1999969482422,125.93000030517578,128.02999877929688,3461600
2026-04-20,128.1300048828125,129.17999267578125,127.58000183105469,127.86000061035156,2710600
2026-04-21,128.47000122070312,128.50999450683594,125.63999938964844,125.66999816894531,2842800
2026-04-22,126.75,127.26000213623047,124.9000015258789,125.25,3053000
2026-04-23,126.4000015258789,128.32000732421875,126.0,128.0399932861328,2624800
2026-04-24,127.79000091552734,128.25,126.7699966430664,127.2699966430664,2399700
2026-04-27,127.66000366210938,128.33999633789062,126.86000061035156,127.08999633789062,2322600
2026-04-28,128.47000122070312,128.60000610351562,127.0999984741211,127.80000305175781,2167000
2026-04-29,127.30999755859375,127.94000244140625,126.3499984741211,126.51000213623047,2322100
2026-04-30,127.02999877929688,129.83999633789062,126.11000061035156,129.5500030517578,3799600
2026-05-01,129.44000244140625,130.6999969482422,128.58999633789062,128.60000610351562,2578900
2026-05-04,128.0,129.0,126.75,127.44999694824219,3365800
2026-05-05,128.89999389648438,129.2899932861328,127.55999755859375,127.58000183105469,3994000
2026-05-06,127.04000091552734,127.48999786376953,125.0,125.54000091552734,5947000
2026-05-07,125.0,125.0999984741211,124.05000305175781,124.87000274658203,3296400
2026-05-08,125.04000091552734,125.69000244140625,123.43000030517578,124.16999816894531,2585800
2026-05-11,124.52999877929688,125.36000061035156,124.37999725341797,124.9000015258789,2256300
2026-05-12,125.0,125.83000183105469,123.8499984741211,125.06999969482422,3337900
2026-05-13,123.98999786376953,124.52999877929688,122.83999633789062,123.9000015258789,3404400
2026-05-14,123.9000015258789,124.4000015258789,123.41000366210938,124.30999755859375,2483100
2026-05-15,122.94999694824219,123.26000213623047,120.9000015258789,120.94999694824219,3832100
2026-05-18,121.80000305175781,122.94999694824219,121.19999694824219,122.83999633789062,2865500
2026-05-19,122.80999755859375,124.66000366210938,122.51000213623047,124.55999755859375,4381600
2026-05-20,124.69999694824219,125.19999694824219,123.66999816894531,123.80999755859375,3988800
2026-05-21,123.68000030517578,124.80999755859375,123.25,124.66000366210938,2205900
2026-05-22,124.44999694824219,125.88999938964844,124.22000122070312,125.66999816894531,2446300
2026-05-26,125.69999694824219,125.80999755859375,124.94999694824219,124.97000122070312,2877000
2026-05-27,124.5199966430664,125.6500015258789,124.12000274658203,125.3499984741211,3128900
2026-05-28,125.16000366210938,125.94999694824219,123.6500015258789,123.76000213623047,3047800
2026-05-29,123.95999908447266,124.41999816894531,122.29000091552734,122.7300033569336,3903100
2026-06-01,121.41999816894531,122.16000366210938,119.79000091552734,119.88999938964844,3215700
2026-06-02,120.05999755859375,121.23999786376953,119.76000213623047,121.08999633789062,3445100
2026-06-03,121.33999633789062,123.47000122070312,121.0,121.04000091552734,3499900
2026-06-04,121.58000183105469,122.72000122070312,120.0999984741211,121.81999969482422,3481900
2026-06-05,122.5,125.30000305175781,122.2699966430664,124.22000122070312,3362900
2026-06-08,123.87000274658203,124.55999755859375,121.9000015258789,122.05000305175781,3058800
2026-06-09,122.38999938964844,124.9000015258789,121.61000061035156,123.81999969482422,3009400
2026-06-10,124.98999786376953,125.61000061035156,123.44999694824219,125.04000091552734,2883100
2026-06-11,125.54000091552734,126.25,124.08000183105469,124.19000244140625,3286600
2026-06-12,124.69000244140625,125.48999786376953,124.2300033569336,124.97000122070312,2451300
2026-06-15,124.0,126.0199966430664,123.05999755859375,125.27999877929688,4018800
2026-06-16,125.0199966430664,126.97000122070312,125.0,126.05999755859375,3559300
2026-06-17,125.19999694824219,125.80999755859375,123.01000213623047,123.7300033569336,3266500
2026-06-18,123.0,125.25,122.83000183105469,123.86000061035156,8866200
2026-06-22,123.4800033569336,124.72000122070312,123.3499984741211,123.5199966430664,3802800
2026-06-23,124.75,125.58000183105469,123.44999694824219,125.05000305175781,3674000
2026-06-24,125.86000061035156,126.54000091552734,124.7300033569336,126.52999877929688,4420100
2026-06-25,126.69000244140625,128.16000366210938,125.72000122070312,127.11000061035156,3985100
2026-06-26,127.8499984741211,128.47999572753906,127.5,128.39999389648438,4450300
2026-06-29,128.27000427246094,128.64999389648438,127.5999984741211,128.3300018310547,2818600
2026-06-30,127.6500015258789,127.93000030517578,126.38999938964844,126.58000183105469,3882100
2026-07-01,126.58000183105469,126.80999755859375,125.23999786376953,125.7699966430664,4257900
2026-07-02,126.5,129.66000366210938,126.30000305175781,129.60000610351562,5123300
2026-07-06,129.1699981689453,129.44000244140625,125.77999877929688,125.97000122070312,5757600
2026-07-07,127.44999694824219,130.3699951171875,126.91999816894531,128.22000122070312,3416100
2026-07-08,128.25,128.72000122070312,126.54000091552734,126.79000091552734,2570100
2026-07-09,126.5199966430664,127.19999694824219,124.77999877929688,125.26000213623047,3807500
2026-07-10,125.16000366210938,126.16000366210938,124.69000244140625,125.4800033569336,2801200
2026-07-13,125.5999984741211,127.27999877929688,125.5,126.86000061035156,2362000
2026-07-14,127.18000030517578,127.7300033569336,125.87999725341797,126.37000274658203,2391500
2026-07-15,126.20999908447266,126.76000213623047,124.0999984741211,124.33999633789062,3482200
2026-07-16,124.69999694824219,126.26000213623047,124.3499984741211,126.11000061035156,3518500
2026-07-17,127.95999908447266,129.25999450683594,124.66000366210938,125.01000213623047,4890200
2026-07-20,125.91000366210938,127.5199966430664,125.01000213623047,125.8499984741211,4309300
2026-07-21,125.0999984741211,125.91999816894531,124.62000274658203,125.91000366210938,4113000
2026-07-22,127.13999938964844,127.9800033569336,126.44999694824219,127.94999694824219,3410100
