Date,Open,High,Low,Close,Volume
2018-07-23,231.8000030517578,234.86000061035156,231.72000122070312,233.75999450683594,2788500
2018-07-24,234.75,237.47999572753906,234.33999633789062,235.8800048828125,2887400
2018-07-25,235.00999450683594,236.85000610351562,233.9499969482422,236.69000244140625,2181500
2018-07-26,237.0,238.33999633789062,236.42999267578125,237.11000061035156,1885500
2018-07-27,237.9600067138672,238.8000030517578,235.99000549316406,237.63999938964844,1998200
2018-07-30,238.0,239.72999572753906,236.88999938964844,238.9499969482422,2454100
2018-07-31,239.5,239.5,236.5500030517578,237.42999267578125,2503700
2018-08-01,238.5,239.39999389648438,235.77999877929688,236.0399932861328,2510500
2018-08-02,233.92999267578125,235.2100067138672,232.77000427246094,233.99000549316406,2579700
2018-08-03,234.44000244140625,235.52000427246094,233.49000549316406,234.08999633789062,3053100
2018-08-06,234.13999938964844,236.97999572753906,234.02999877929688,235.92999267578125,2259600
2018-08-07,237.25,239.4600067138672,236.49000549316406,237.8300018310547,2399500
2018-08-08,238.1199951171875,239.16000366210938,236.22999572753906,236.3699951171875,2522400
2018-08-09,236.35000610351562,236.85000610351562,233.38999938964844,233.77999877929688,2951900
2018-08-10,230.97000122070312,231.4600067138672,228.11000061035156,229.61000061035156,3863400
2018-08-13,229.49000549316406,229.88999938964844,226.57000732421875,226.86000061035156,2662700
2018-08-14,227.35000610351562,230.3699951171875,227.3000030517578,229.55999755859375,2359000
2018-08-15,229.35000610351562,231.5399932861328,228.30999755859375,229.25,3218500
2018-08-16,230.6699981689453,233.2899932861328,230.4499969482422,233.0,2438300
2018-08-17,232.50999450683594,233.72000122070312,231.63999938964844,233.3800048828125,2107200
2018-08-20,234.1300048828125,235.97999572753906,234.0800018310547,235.77999877929688,2604900
2018-08-21,235.2899932861328,239.52999877929688,235.2899932861328,238.64999389648438,2437300
2018-08-22,237.88999938964844,239.6699981689453,237.5800018310547,239.33999633789062,1870900
2018-08-23,239.0500030517578,239.27999877929688,235.83999633789062,236.33999633789062,2064700
2018-08-24,237.36000061035156,237.8000030517578,234.6999969482422,235.11000061035156,1948100
2018-08-27,236.99000549316406,243.64999389648438,236.55999755859375,242.60000610351562,4106900
2018-08-28,243.05999755859375,245.0800018310547,241.58999633789062,242.3699951171875,2951000
2018-08-29,242.0500030517578,242.7899932861328,240.30999755859375,241.39999389648438,1911700
2018-08-30,240.8000030517578,241.1199951171875,238.67999267578125,239.39999389648438,1963700
2018-08-31,238.94000244140625,239.35000610351562,237.1199951171875,237.80999755859375,1965500
2018-09-04,237.75999450683594,238.1199951171875,234.58999633789062,237.66000366210938,2083500
2018-09-05,237.00999450683594,239.4499969482422,236.1699981689453,237.55999755859375,2092000
2018-09-06,237.0,238.6300048828125,233.8800048828125,234.52000427246094,2651400
2018-09-07,235.0500030517578,235.63999938964844,232.67999267578125,233.91000366210938,1952900
2018-09-10,235.00999450683594,235.5,231.74000549316406,231.91000366210938,1948100
2018-09-11,230.6699981689453,231.64999389648438,228.66000366210938,230.2100067138672,2719400
2018-09-12,230.91000366210938,231.99000549316406,227.3000030517578,228.14999389648438,3577700
2018-09-13,229.5,229.85000610351562,227.57000732421875,228.3300018310547,3003600
2018-09-14,229.0800018310547,230.5500030517578,228.75999450683594,229.24000549316406,2228300
2018-09-17,229.39999389648438,230.16000366210938,227.3000030517578,227.88999938964844,1918800
2018-09-18,228.35000610351562,229.39999389648438,226.57000732421875,228.88999938964844,2498100
2018-09-19,229.89999389648438,236.27999877929688,229.52000427246094,235.5800018310547,3716500
2018-09-20,237.0,238.50999450683594,236.02999877929688,237.39999389648438,2503000
2018-09-21,238.05999755859375,238.52000427246094,234.8300018310547,235.33999633789062,3760300
2018-09-24,234.74000549316406,235.74000549316406,232.24000549316406,232.89999389648438,2057000
2018-09-25,234.63999938964844,234.63999938964844,232.22999572753906,232.5,2003200
2018-09-26,232.9600067138672,233.0,228.24000549316406,228.8800048828125,2372700
2018-09-27,228.77000427246094,229.85000610351562,227.52000427246094,227.74000549316406,2451500
2018-09-28,225.75,227.39999389648438,223.8000030517578,224.24000549316406,3097800
2018-10-01,226.22000122070312,227.58999633789062,225.0,225.3300018310547,2451300
2018-10-02,225.27999877929688,226.3300018310547,223.97000122070312,226.07000732421875,2272700
2018-10-03,227.75,229.77000427246094,226.5800018310547,227.77999877929688,2573900
2018-10-04,229.25999450683594,231.39999389648438,225.38999938964844,227.47999572753906,2903600
2018-10-05,228.0,228.41000366210938,224.2100067138672,225.7100067138672,1722400
2018-10-08,224.25999450683594,226.9199981689453,222.5,225.35000610351562,2522900
2018-10-09,224.99000549316406,225.1199951171875,222.52999877929688,222.91000366210938,1862900
2018-10-10,223.24000549316406,223.63999938964844,214.55999755859375,214.88999938964844,3955500
2018-10-11,214.1999969482422,216.02999877929688,210.9499969482422,212.97000122070312,6217400
2018-10-12,217.0,217.97999572753906,211.4600067138672,213.8699951171875,4161300
2018-10-15,214.4499969482422,217.13999938964844,213.0500030517578,215.22000122070312,3333800
2018-10-16,219.35000610351562,222.0,216.3000030517578,221.6999969482422,5924200
2018-10-17,220.52999877929688,228.89999389648438,220.0500030517578,228.27999877929688,4953700
2018-10-18,227.5,228.72999572753906,223.86000061035156,224.9499969482422,2995400
2018-10-19,225.25999450683594,228.3000030517578,224.19000244140625,226.9600067138672,2759100
2018-10-22,226.92999267578125,228.8699951171875,221.52000427246094,221.60000610351562,2736800
2018-10-23,216.58999633789062,219.52000427246094,214.32000732421875,218.55999755859375,3318200
2018-10-24,218.13999938964844,218.92999267578125,208.39999389648438,209.17999267578125,4152700
2018-10-25,211.27000427246094,215.69000244140625,210.33999633789062,214.00999450683594,3179700
2018-10-26,210.72999572753906,214.8000030517578,209.52999877929688,212.36000061035156,3557900
2018-10-29,214.14999389648438,218.2100067138672,212.0500030517578,214.49000549316406,3278200
2018-10-30,215.99000549316406,220.35000610351562,215.0399932861328,219.27999877929688,3897400
2018-10-31,221.88999938964844,229.0,221.39999389648438,225.3699951171875,4369600
2018-11-01,225.75999450683594,228.8800048828125,225.47000122070312,226.97000122070312,2557600
2018-11-02,230.0,231.69000244140625,226.2899932861328,229.69000244140625,3699000
2018-11-05,228.32000732421875,231.10000610351562,226.9499969482422,228.72000122070312,2565200
2018-11-06,228.19000244140625,229.52000427246094,227.0500030517578,228.1999969482422,2275600
2018-11-07,230.0500030517578,232.8000030517578,226.89999389648438,231.27999877929688,3514300
2018-11-08,231.0,234.05999755859375,230.60000610351562,231.64999389648438,2404800
2018-11-09,231.69000244140625,231.69000244140625,222.3000030517578,222.64999389648438,3721700
2018-11-12,222.0,222.30999755859375,205.1300048828125,206.0500030517578,11019400
2018-11-13,204.39999389648438,209.58999633789062,202.3300018310547,205.0500030517578,6984800
2018-11-14,206.24000549316406,207.33999633789062,198.44000244140625,202.49000549316406,5742500
2018-11-15,201.8000030517578,204.5,199.32000732421875,203.74000549316406,4260000
2018-11-16,202.92999267578125,204.74000549316406,200.35000610351562,202.1199951171875,2829600
2018-11-19,201.8300018310547,202.3000030517578,197.35000610351562,198.22000122070312,3419100
2018-11-20,195.10000610351562,195.88999938964844,190.35000610351562,191.33999633789062,5513800
2018-11-21,192.08999633789062,195.24000549316406,191.19000244140625,192.60000610351562,4111700
2018-11-23,191.61000061035156,191.8699951171875,188.94000244140625,189.10000610351562,1862600
2018-11-26,191.1699981689453,195.22999572753906,190.69000244140625,194.33999633789062,3143300
2018-11-27,193.39999389648438,194.6199951171875,191.55999755859375,193.64999389648438,2345400
2018-11-28,194.83999633789062,198.4499969482422,192.22999572753906,198.35000610351562,3762900
2018-11-29,196.02000427246094,197.4499969482422,193.16000366210938,194.85000610351562,2665700
2018-11-30,190.57000732421875,191.4499969482422,188.1199951171875,190.69000244140625,6220000
2018-12-03,194.0,195.66000366210938,191.6199951171875,191.6300048828125,4017000
2018-12-04,190.69000244140625,191.11000061035156,183.6300048828125,184.30999755859375,5797500
2018-12-06,181.3300018310547,184.8800048828125,180.14999389648438,184.08999633789062,5275500
2018-12-07,183.85000610351562,186.25,179.0,179.6699981689453,3921200
2018-12-10,178.60000610351562,179.83999633789062,174.67999267578125,178.8300018310547,4528300
2018-12-11,182.14999389648438,184.42999267578125,175.4499969482422,176.8000030517578,4713900
2018-12-12,178.5,180.0,176.47999572753906,176.6999969482422,3677300
2018-12-13,177.8300018310547,178.69000244140625,175.1199951171875,175.9199981689453,4008600
2018-12-14,174.33999633789062,176.25999450683594,172.3699951171875,172.77000427246094,5078300
2018-12-17,169.39999389648438,171.42999267578125,166.52999877929688,168.00999450683594,8395800
2018-12-18,169.77999877929688,173.02000427246094,169.32000732421875,171.5,5150800
2018-12-19,171.58999633789062,174.85000610351562,167.60000610351562,169.25,5316100
2018-12-20,168.38999938964844,171.64999389648438,167.16000366210938,168.41000366210938,6488200
2018-12-21,168.25,169.6300048828125,159.4199981689453,160.0500030517578,8960000
2018-12-24,159.0,160.0,154.30999755859375,156.35000610351562,3783500
2018-12-26,157.0,163.11000061035156,151.6999969482422,162.92999267578125,7054700
2018-12-27,160.1199951171875,165.41000366210938,159.02000427246094,165.41000366210938,4973000
2018-12-28,165.63999938964844,165.9499969482422,162.02000427246094,163.02999877929688,4110500
2018-12-31,163.77999877929688,167.1199951171875,163.77999877929688,167.0500030517578,4550000
2019-01-02,164.3300018310547,172.25,163.35000610351562,172.02999877929688,3999400
2019-01-03,170.66000366210938,171.77000427246094,168.2899932861328,169.50999450683594,4060200
2019-01-04,172.99000549316406,176.0,171.10000610351562,175.0500030517578,3788300
2019-01-07,175.22999572753906,177.8300018310547,172.27000427246094,176.02000427246094,3152100
2019-01-08,177.77999877929688,178.10000610351562,172.89999389648438,175.3699951171875,2692700
2019-01-09,176.10000610351562,177.69000244140625,174.91000366210938,176.47000122070312,3321400
2019-01-10,175.66000366210938,178.07000732421875,175.5,176.0,2808700
2019-01-11,175.10000610351562,177.0399932861328,172.4199981689453,176.92999267578125,3182700
2019-01-14,174.52000427246094,179.5399932861328,174.10000610351562,178.72000122070312,3361700
2019-01-15,178.32000732421875,179.99000549316406,176.39999389648438,179.91000366210938,2911800
2019-01-16,187.0,198.14999389648438,185.60000610351562,197.0800018310547,15194200
2019-01-17,195.9499969482422,199.8000030517578,192.8300018310547,199.08999633789062,8177000
2019-01-18,200.3800048828125,203.0,196.91000366210938,202.5399932861328,5650900
2019-01-22,200.5,201.47000122070312,195.9199981689453,197.67999267578125,4648500
2019-01-23,197.5500030517578,198.08999633789062,194.52999877929688,196.89999389648438,3410700
2019-01-24,196.22000122070312,199.67999267578125,195.75999450683594,197.8000030517578,2631800
2019-01-25,199.8300018310547,201.19000244140625,199.4199981689453,200.74000549316406,3275000
2019-01-28,197.99000549316406,200.07000732421875,197.10000610351562,199.72000122070312,2369600
2019-01-29,199.0,201.97000122070312,197.8699951171875,200.5,2694100
2019-01-30,200.89999389648438,203.2899932861328,199.64999389648438,202.47999572753906,2773300
2019-01-31,200.10000610351562,202.35000610351562,196.9499969482422,198.00999450683594,5604500
2019-02-01,198.0,199.63999938964844,196.5399932861328,196.5399932861328,3174200
2019-02-04,195.8000030517578,197.75999450683594,194.7899932861328,197.72000122070312,2400200
2019-02-05,198.1199951171875,199.3300018310547,196.86000061035156,198.00999450683594,2601000
2019-02-06,197.17999267578125,199.05999755859375,195.8300018310547,196.6199951171875,2063100
2019-02-07,195.27999877929688,195.8800048828125,191.0500030517578,193.07000732421875,2948800
2019-02-08,191.72000122070312,192.6199951171875,188.22000122070312,191.6699981689453,2757500
2019-02-11,192.8800048828125,193.32000732421875,191.07000732421875,191.3300018310547,2056500
2019-02-12,193.0500030517578,195.64999389648438,193.0,194.49000549316406,2392900
2019-02-13,195.9199981689453,198.77999877929688,194.60000610351562,194.69000244140625,2757300
2019-02-14,192.2100067138672,194.1300048828125,189.44000244140625,192.52999877929688,2865000
2019-02-15,193.2100067138672,198.88999938964844,193.10000610351562,198.5,3065400
2019-02-19,196.66000366210938,199.05999755859375,195.61000061035156,198.6699981689453,2558200
2019-02-20,198.72999572753906,199.3000030517578,197.50999450683594,198.60000610351562,2266000
2019-02-21,198.97000122070312,199.4499969482422,195.0500030517578,196.36000061035156,2785900
2019-02-22,196.60000610351562,197.75,195.1999969482422,196.0,2626600
2019-02-25,198.0,201.5,197.7100067138672,198.64999389648438,3032200
2019-02-26,198.47000122070312,200.55999755859375,196.5500030517578,198.89999389648438,2499800
2019-02-27,198.5,199.88999938964844,197.1199951171875,198.10000610351562,1804200
2019-02-28,198.0399932861328,198.39999389648438,196.00999450683594,196.6999969482422,2964300
2019-03-01,198.75,201.44000244140625,197.42999267578125,198.1999969482422,2580500
2019-03-04,198.80999755859375,200.8300018310547,194.14999389648438,195.97999572753906,2683600
2019-03-05,195.85000610351562,196.17999267578125,193.0,196.0,2338600
2019-03-06,195.89999389648438,197.55999755859375,194.52999877929688,194.74000549316406,2247500
2019-03-07,193.1300048828125,193.4499969482422,190.0800018310547,192.77000427246094,3567800
2019-03-08,190.39999389648438,195.77000427246094,189.7100067138672,195.24000549316406,3162700
2019-03-11,197.22999572753906,198.97000122070312,195.72999572753906,195.97000122070312,2669000
2019-03-12,196.0,197.39999389648438,195.69000244140625,196.6300048828125,1977400
2019-03-13,197.75,198.92999267578125,196.52000427246094,197.25,1904500
2019-03-14,197.32000732421875,198.5,196.6999969482422,197.47000122070312,1482300
2019-03-15,197.16000366210938,198.85000610351562,196.85000610351562,198.25999450683594,2985200
2019-03-18,199.17999267578125,203.85000610351562,198.9199981689453,202.47000122070312,3354900
2019-03-19,204.8800048828125,206.4499969482422,200.77999877929688,201.1199951171875,3284900
2019-03-20,200.3300018310547,200.3300018310547,193.97000122070312,194.32000732421875,5033500
2019-03-21,192.89999389648438,195.5500030517578,191.75,194.5800018310547,4031500
2019-03-22,192.6699981689453,193.7100067138672,187.77999877929688,188.9600067138672,5703100
2019-03-25,189.3300018310547,191.4499969482422,186.5,188.50999450683594,3751000
2019-03-26,190.02999877929688,192.41000366210938,188.69000244140625,190.69000244140625,2910100
2019-03-27,190.60000610351562,191.61000061035156,188.74000549316406,190.02999877929688,2343800
2019-03-28,190.74000549316406,191.91000366210938,189.2899932861328,191.17999267578125,2343400
2019-03-29,192.67999267578125,193.11000061035156,191.13999938964844,191.99000549316406,2632800
2019-04-01,194.0,198.08999633789062,193.61000061035156,196.74000549316406,3562600
2019-04-02,196.24000549316406,197.75999450683594,195.39999389648438,197.5,2247000
2019-04-03,199.25,201.08999633789062,198.5399932861328,200.86000061035156,3227900
2019-04-04,200.8000030517578,204.2899932861328,200.5,202.22999572753906,2582300
2019-04-05,203.3800048828125,205.5,202.05999755859375,202.3800048828125,2447100
2019-04-08,202.7899932861328,203.6300048828125,201.17999267578125,202.5399932861328,1891500
2019-04-09,201.22999572753906,201.58999633789062,198.86000061035156,200.6199951171875,2400900
2019-04-10,201.8000030517578,203.1699981689453,200.27000427246094,202.97999572753906,1907100
2019-04-11,204.22999572753906,205.4499969482422,201.57000732421875,202.8300018310547,2802100
2019-04-12,207.0,209.97000122070312,206.3699951171875,207.83999633789062,5096600
2019-04-15,204.11000061035156,205.74000549316406,199.6999969482422,199.91000366210938,6617200
2019-04-16,199.6199951171875,202.94000244140625,199.24000549316406,201.83999633789062,4852600
2019-04-17,201.9600067138672,208.5,201.77999877929688,207.89999389648438,4195300
2019-04-18,207.08999633789062,207.86000061035156,205.14999389648438,205.91000366210938,2874300
2019-04-22,205.1199951171875,205.58999633789062,204.13999938964844,204.60000610351562,1591400
2019-04-23,204.25,205.19000244140625,202.74000549316406,204.13999938964844,2120900
2019-04-24,203.0,203.52000427246094,199.72999572753906,200.5399932861328,4606100
2019-04-25,199.6999969482422,202.55999755859375,199.10000610351562,201.39999389648438,2075300
2019-04-26,201.72999572753906,203.1199951171875,200.32000732421875,203.0800018310547,1543100
2019-04-29,203.5,208.0,203.27000427246094,206.9199981689453,2997000
2019-04-30,206.94000244140625,207.99000549316406,204.14999389648438,205.9199981689453,1833000
2019-05-01,206.39999389648438,208.41000366210938,204.02999877929688,204.72999572753906,1981800
2019-05-02,204.42999267578125,206.22000122070312,203.1199951171875,204.99000549316406,1514700
2019-05-03,206.00999450683594,208.75,205.6699981689453,207.52000427246094,1897600
2019-05-06,202.8000030517578,206.97999572753906,201.7100067138672,206.42999267578125,1927800
2019-05-07,203.33999633789062,204.0,201.00999450683594,202.6300048828125,2839500
2019-05-08,201.39999389648438,203.1999969482422,200.8000030517578,200.9499969482422,1817600
2019-05-09,199.50999450683594,202.22000122070312,197.91000366210938,201.6300048828125,2333400
2019-05-10,200.97999572753906,202.10000610351562,198.99000549316406,202.0500030517578,2089400
2019-05-13,197.89999389648438,197.89999389648438,194.0,194.97000122070312,3605600
2019-05-14,194.99000549316406,198.1300048828125,194.89999389648438,196.27999877929688,2463300
2019-05-15,194.63999938964844,197.58999633789062,193.4199981689453,196.39999389648438,2271100
2019-05-16,196.6300048828125,200.0,196.6199951171875,199.13999938964844,2008100
2019-05-17,196.3000030517578,199.08999633789062,196.3000030517578,197.42999267578125,1928300
2019-05-20,197.08999633789062,197.77999877929688,195.57000732421875,197.24000549316406,2483400
2019-05-21,198.66000366210938,199.32000732421875,198.0,199.11000061035156,2327600
2019-05-22,197.44000244140625,198.47999572753906,195.4600067138672,195.52000427246094,2427200
2019-05-23,193.0,193.0,189.55999755859375,191.97000122070312,3184100
2019-05-24,192.88999938964844,194.07000732421875,191.67999267578125,193.0,1637200
2019-05-28,192.0,193.30999755859375,189.38999938964844,189.44000244140625,3040000
2019-05-29,187.74000549316406,188.64999389648438,184.9199981689453,188.0500030517578,2815800
2019-05-30,188.08999633789062,189.3699951171875,186.00999450683594,187.3699951171875,1919300
2019-05-31,184.77000427246094,184.88999938964844,182.30999755859375,182.49000549316406,2640100
2019-06-03,181.6999969482422,183.49000549316406,180.72999572753906,183.19000244140625,2857800
2019-06-04,186.17999267578125,189.99000549316406,185.7100067138672,189.8800048828125,2420800
2019-06-05,190.10000610351562,190.16000366210938,187.00999450683594,188.44000244140625,1967800
2019-06-06,188.05999755859375,190.74000549316406,187.30999755859375,189.80999755859375,1653500
2019-06-07,189.8800048828125,190.61000061035156,188.52000427246094,189.80999755859375,1838600
2019-06-10,191.39999389648438,197.0,191.39999389648438,194.1199951171875,2372000
2019-06-11,195.3000030517578,196.1199951171875,193.50999450683594,194.72999572753906,1632200
2019-06-12,193.61000061035156,194.0500030517578,189.8300018310547,190.22000122070312,2059400
2019-06-13,190.41000366210938,192.25,190.07000732421875,191.4499969482422,1411400
2019-06-14,191.2899932861328,192.1699981689453,189.30999755859375,191.66000366210938,1403900
2019-06-17,192.02000427246094,193.22999572753906,190.74000549316406,190.8300018310547,1155600
2019-06-18,190.6699981689453,197.1300048828125,190.6699981689453,194.97999572753906,2363000
2019-06-19,195.35000610351562,197.61000061035156,194.7899932861328,195.63999938964844,2196800
2019-06-20,197.5,198.19000244140625,193.61000061035156,195.6999969482422,2749300
2019-06-21,195.33999633789062,198.33999633789062,193.97000122070312,195.94000244140625,3365500
2019-06-24,196.52999877929688,199.35000610351562,196.02999877929688,197.49000549316406,2069800
2019-06-25,197.5,197.52000427246094,194.00999450683594,196.05999755859375,1828300
2019-06-26,196.5,197.8699951171875,196.1199951171875,197.00999450683594,1649900
2019-06-27,197.57000732421875,199.61000061035156,196.75999450683594,199.32000732421875,2239200
2019-06-28,203.5,205.83999633789062,202.94000244140625,204.60000610351562,4854900
2019-07-01,208.0,209.85000610351562,205.74000549316406,206.86000061035156,2465700
2019-07-02,205.39999389648438,206.30999755859375,204.16000366210938,205.97999572753906,1621400
2019-07-03,207.3000030517578,207.39999389648438,205.22999572753906,206.0399932861328,978800
2019-07-05,206.86000061035156,208.75999450683594,206.1999969482422,207.89999389648438,1511400
2019-07-08,206.36000061035156,207.25,204.7100067138672,205.75,1853900
2019-07-09,203.75,207.94000244140625,203.5399932861328,207.77000427246094,1812100
2019-07-10,207.17999267578125,208.99000549316406,205.64999389648438,205.97000122070312,1779800
2019-07-11,206.1999969482422,212.58999633789062,206.0,211.35000610351562,3691600
2019-07-12,212.0,214.19000244140625,210.7899932861328,213.94000244140625,2626000
2019-07-15,214.11000061035156,214.60000610351562,209.7899932861328,211.5800018310547,2600200
2019-07-16,214.8000030517578,217.3300018310547,212.5500030517578,215.52000427246094,5283700
2019-07-17,213.8300018310547,215.77999877929688,213.16000366210938,213.3000030517578,2583500
2019-07-18,212.7100067138672,215.8300018310547,211.75,214.52000427246094,2858100
2019-07-19,214.02000427246094,215.77000427246094,213.35000610351562,213.52000427246094,1822300
2019-07-22,213.39999389648438,214.86000061035156,212.30999755859375,214.0,1907100
2019-07-23,214.9499969482422,220.0,214.9499969482422,219.42999267578125,3330600
2019-07-24,219.25,222.08999633789062,218.6300048828125,222.02999877929688,3180000
2019-07-25,221.77000427246094,221.77000427246094,218.22999572753906,219.97999572753906,2776700
2019-07-26,220.4499969482422,222.24000549316406,220.3699951171875,222.13999938964844,2304500
2019-07-29,221.0,222.1300048828125,220.1999969482422,220.32000732421875,1372800
2019-07-30,218.49000549316406,221.99000549316406,217.3300018310547,221.39999389648438,1644600
2019-07-31,221.24000549316406,221.97999572753906,219.00999450683594,220.1300048828125,1991100
2019-08-01,219.35000610351562,219.9499969482422,210.75999450683594,211.60000610351562,3070100
2019-08-02,211.5800018310547,211.5800018310547,205.30999755859375,209.3699951171875,2503000
2019-08-05,205.82000732421875,205.82000732421875,199.5800018310547,201.67999267578125,2794200
2019-08-06,203.55999755859375,206.07000732421875,200.88999938964844,206.00999450683594,2349400
2019-08-07,201.11000061035156,205.9600067138672,199.0500030517578,205.74000549316406,2454200
2019-08-08,207.1699981689453,207.8000030517578,203.5399932861328,207.0,2342200
2019-08-09,205.6199951171875,208.3000030517578,203.86000061035156,206.89999389648438,1790100
2019-08-12,203.27999877929688,204.14999389648438,200.47999572753906,201.52000427246094,1479300
2019-08-13,201.50999450683594,206.60000610351562,200.22999572753906,204.11000061035156,2115900
2019-08-14,199.8000030517578,199.91000366210938,195.05999755859375,195.55999755859375,3025100
2019-08-15,195.91000366210938,196.97000122070312,193.7100067138672,196.17999267578125,1981900
2019-08-16,197.02999877929688,200.6699981689453,197.0,199.4199981689453,1878700
2019-08-19,203.80999755859375,204.4499969482422,201.82000732421875,202.1999969482422,1646100
2019-08-20,200.2100067138672,201.99000549316406,199.6999969482422,199.97999572753906,1545600
2019-08-21,202.74000549316406,203.02000427246094,200.1699981689453,200.67999267578125,1160800
2019-08-22,202.27999877929688,203.4499969482422,200.91000366210938,202.4199981689453,1275900
2019-08-23,200.80999755859375,201.8800048828125,195.19000244140625,196.1999969482422,2200500
2019-08-26,198.27000427246094,199.7100067138672,198.0,199.64999389648438,1441900
2019-08-27,200.3300018310547,200.86000061035156,196.5,198.07000732421875,1513300
2019-08-28,196.57000732421875,201.47000122070312,196.25,200.4199981689453,1437800
2019-08-29,201.36000061035156,204.3699951171875,201.36000061035156,203.44000244140625,1816800
2019-08-30,204.85000610351562,205.2100067138672,203.00999450683594,203.91000366210938,1529600
2019-09-03,201.10000610351562,201.61000061035156,196.5800018310547,198.97000122070312,2633600
2019-09-04,201.49000549316406,202.10000610351562,200.0500030517578,201.72999572753906,1720600
2019-09-05,205.27000427246094,208.92999267578125,205.0399932861328,207.0500030517578,2237900
2019-09-06,207.05999755859375,208.25,205.57000732421875,207.2100067138672,1438800
2019-09-09,209.22000122070312,213.8800048828125,208.44000244140625,211.97999572753906,2734500
2019-09-10,213.5,217.08999633789062,213.22000122070312,215.6300048828125,2615800
2019-09-11,215.2100067138672,216.85000610351562,213.36000061035156,216.8000030517578,1886300
2019-09-12,216.3800048828125,220.75999450683594,215.14999389648438,218.74000549316406,2913800
2019-09-13,220.35000610351562,221.5,219.1999969482422,219.89999389648438,2722400
2019-09-16,217.82000732421875,219.3300018310547,216.32000732421875,217.22000122070312,2205500
2019-09-17,215.8000030517578,216.13999938964844,212.5399932861328,215.91000366210938,2429100
2019-09-18,214.8300018310547,217.88999938964844,213.3000030517578,217.0800018310547,2474900
2019-09-19,217.5800018310547,217.92999267578125,215.05999755859375,215.22999572753906,1596200
2019-09-20,214.66000366210938,216.67999267578125,213.6300048828125,213.74000549316406,5458900
2019-09-23,212.85000610351562,214.11000061035156,211.55999755859375,213.4600067138672,1485500
2019-09-24,214.0399932861328,214.1999969482422,206.8000030517578,207.75,2837600
2019-09-25,207.9600067138672,211.08999633789062,207.4499969482422,210.02999877929688,1593400
2019-09-26,209.0500030517578,209.97000122070312,208.11000061035156,208.22000122070312,1685500
2019-09-27,209.85000610351562,210.5500030517578,208.08999633789062,208.97000122070312,1530900
2019-09-30,209.7100067138672,209.7100067138672,206.8300018310547,207.22999572753906,1794500
2019-10-01,207.00999450683594,209.3800048828125,202.61000061035156,202.69000244140625,3156200
2019-10-02,201.69000244140625,201.8800048828125,197.60000610351562,198.25,3386800
2019-10-03,197.61000061035156,198.3699951171875,193.99000549316406,197.24000549316406,2914500
2019-10-04,196.99000549316406,201.22999572753906,196.0399932861328,200.8000030517578,3021100
2019-10-07,200.7899932861328,202.52999877929688,199.47000122070312,200.39999389648438,2202200
2019-10-08,197.60000610351562,198.9499969482422,195.9199981689453,197.3699951171875,2654900
2019-10-09,198.19000244140625,198.97999572753906,196.67999267578125,196.85000610351562,2443500
2019-10-10,197.58999633789062,201.32000732421875,197.5399932861328,199.8699951171875,2108000
2019-10-11,203.72000122070312,207.2899932861328,203.72000122070312,204.67999267578125,3334300
2019-10-14,203.8300018310547,206.1699981689453,202.9199981689453,205.82000732421875,2286100
2019-10-15,202.0,208.24000549316406,198.61000061035156,206.4600067138672,8241900
2019-10-16,206.1699981689453,208.6199951171875,206.10000610351562,207.4199981689453,3405800
2019-10-17,208.2899932861328,208.92999267578125,204.38999938964844,206.4600067138672,2876500
2019-10-18,204.99000549316406,208.05999755859375,204.99000549316406,206.52000427246094,2207000
2019-10-21,208.6699981689453,210.86000061035156,207.67999267578125,209.25,1934900
2019-10-22,209.58999633789062,211.64999389648438,208.30999755859375,209.60000610351562,1868000
2019-10-23,209.22000122070312,212.02000427246094,209.0,211.32000732421875,1574500
2019-10-24,211.61000061035156,213.14999389648438,209.77999877929688,211.0500030517578,1266500
2019-10-25,210.17999267578125,215.4199981689453,210.17999267578125,214.22999572753906,2602100
2019-10-28,216.32000732421875,218.9199981689453,215.69000244140625,217.75,2707800
2019-10-29,217.22000122070312,219.27999877929688,216.4499969482422,217.63999938964844,2030800
2019-10-30,217.02000427246094,217.0500030517578,213.80999755859375,215.80999755859375,1584900
2019-10-31,215.14999389648438,215.36000061035156,211.32000732421875,213.3800048828125,1876200
2019-11-01,215.25999450683594,217.88999938964844,214.75,217.38999938964844,2112300
2019-11-04,219.6999969482422,220.69000244140625,218.57000732421875,219.8699951171875,2538100
2019-11-05,220.8000030517578,221.77999877929688,218.47000122070312,218.63999938964844,2525100
2019-11-06,218.00999450683594,219.07000732421875,216.5500030517578,218.4199981689453,1863000
2019-11-07,220.77000427246094,224.77000427246094,220.41000366210938,223.2899932861328,3748600
2019-11-08,223.0,223.22999572753906,221.10000610351562,222.91000366210938,1610800
2019-11-11,220.89999389648438,221.41000366210938,218.52000427246094,219.02999877929688,2754500
2019-11-12,218.55999755859375,221.11000061035156,217.92999267578125,220.41000366210938,1891600
2019-11-13,218.38999938964844,219.83999633789062,217.00999450683594,219.32000732421875,1756000
2019-11-14,218.7899932861328,220.47000122070312,218.02999877929688,219.42999267578125,1483100
2019-11-15,220.0,221.08999633789062,219.0399932861328,220.25,1693100
2019-11-18,219.72999572753906,219.9499969482422,218.0399932861328,219.72999572753906,1603400
2019-11-19,220.55999755859375,220.67999267578125,218.30999755859375,220.0399932861328,1817100
2019-11-20,218.36000061035156,219.47000122070312,216.39999389648438,217.91000366210938,2177700
2019-11-21,218.60000610351562,219.32000732421875,216.82000732421875,218.22999572753906,1677700
2019-11-22,218.0,220.7100067138672,218.0,220.27999877929688,1529100
2019-11-25,220.88999938964844,223.9499969482422,220.88999938964844,222.75,2181800
2019-11-26,222.67999267578125,222.75999450683594,221.11000061035156,222.4499969482422,1926300
2019-11-27,223.4499969482422,224.27999877929688,221.86000061035156,222.9499969482422,1614600
2019-11-29,220.8800048828125,222.0,220.41000366210938,221.35000610351562,770400
2019-12-02,220.97000122070312,221.8000030517578,217.0800018310547,217.63999938964844,2118500
2019-12-03,215.42999267578125,215.42999267578125,210.0,212.24000549316406,3207100
2019-12-04,213.5399932861328,216.99000549316406,212.3800048828125,215.94000244140625,1583600
2019-12-05,217.14999389648438,217.6300048828125,215.4199981689453,217.13999938964844,1329300
2019-12-06,219.9499969482422,225.39999389648438,218.82000732421875,224.61000061035156,4229400
2019-12-09,224.61000061035156,224.64999389648438,221.77000427246094,221.80999755859375,2134600
2019-12-10,221.6699981689453,222.8800048828125,220.5500030517578,221.8800048828125,1854100
2019-12-11,222.25,222.85000610351562,220.83999633789062,221.19000244140625,1778600
2019-12-12,221.91000366210938,226.77999877929688,220.60000610351562,226.0500030517578,2974300
2019-12-13,226.72000122070312,227.99000549316406,223.6999969482422,225.0,1908200
2019-12-16,228.5,230.6999969482422,227.8699951171875,228.0399932861328,3218400
2019-12-17,230.0,232.07000732421875,228.8000030517578,231.14999389648438,3590000
2019-12-18,231.97000122070312,232.1999969482422,229.94000244140625,230.4499969482422,2280800
2019-12-19,230.9499969482422,231.38999938964844,228.9600067138672,229.94000244140625,2418100
2019-12-20,230.9600067138672,231.2899932861328,228.6199951171875,228.92999267578125,3715500
2019-12-23,229.66000366210938,230.47999572753906,228.41000366210938,229.08999633789062,1670400
2019-12-24,228.97999572753906,229.9499969482422,228.3699951171875,229.91000366210938,467700
2019-12-26,230.25999450683594,232.1999969482422,229.99000549316406,231.2100067138672,1704000
2019-12-27,231.80999755859375,232.2100067138672,230.47000122070312,230.66000366210938,1343900
2019-12-30,231.67999267578125,231.67999267578125,229.5,229.8000030517578,1494500
2019-12-31,229.7100067138672,229.97000122070312,228.6699981689453,229.92999267578125,1447200
2020-01-02,231.0,234.63999938964844,230.16000366210938,234.32000732421875,3736300
2020-01-03,231.60000610351562,232.61000061035156,230.3000030517578,231.5800018310547,2274500
2020-01-06,229.92999267578125,234.02000427246094,229.49000549316406,233.9499969482422,3329300
2020-01-07,235.0,237.77000427246094,234.75999450683594,235.49000549316406,5255200
2020-01-08,235.67999267578125,239.75,235.47999572753906,237.75999450683594,3564700
2020-01-09,241.33999633789062,243.39999389648438,239.82000732421875,242.60000610351562,3980700
2020-01-10,242.75,243.38999938964844,241.38999938964844,242.11000061035156,2248100
2020-01-13,244.44000244140625,246.11000061035156,243.0,245.2100067138672,3359200
2020-01-14,245.32000732421875,248.52000427246094,244.60000610351562,245.66000366210938,4302800
2020-01-15,242.0,249.5,239.16000366210938,245.2100067138672,5411200
2020-01-16,247.00999450683594,249.82000732421875,246.22999572753906,249.72000122070312,3968400
2020-01-17,250.22999572753906,250.4600067138672,248.0,249.4600067138672,3108400
2020-01-21,247.2100067138672,248.85000610351562,245.60000610351562,245.6999969482422,2492400
2020-01-22,246.61000061035156,248.52000427246094,246.33999633789062,247.0500030517578,2030900
2020-01-23,244.5,247.0,242.8800048828125,245.5800018310547,2806800
2020-01-24,245.07000732421875,245.7100067138672,240.60000610351562,241.9199981689453,2877400
2020-01-27,236.3699951171875,238.99000549316406,235.00999450683594,238.13999938964844,2506200
2020-01-28,239.49000549316406,243.5800018310547,238.0500030517578,242.5800018310547,3123000
2020-01-29,244.52000427246094,246.5,239.57000732421875,240.1199951171875,3711600
2020-01-30,237.69000244140625,244.33999633789062,236.72999572753906,244.1300048828125,3261700
2020-01-31,241.99000549316406,242.88999938964844,236.8800048828125,237.75,3482800
2020-02-03,238.36000061035156,242.38999938964844,238.0500030517578,239.00999450683594,2733000
2020-02-04,242.8800048828125,243.74000549316406,241.5500030517578,241.94000244140625,3052500
2020-02-05,244.99000549316406,245.1300048828125,243.0,244.3000030517578,3126600
2020-02-06,245.35000610351562,245.77000427246094,241.17999267578125,241.82000732421875,2225600
2020-02-07,239.75,240.52000427246094,236.5500030517578,238.0,3006500
2020-02-10,237.39999389648438,237.8699951171875,235.4600067138672,237.36000061035156,2591300
2020-02-11,239.0,239.5500030517578,236.22000122070312,236.4600067138672,2238800
2020-02-12,238.00999450683594,241.17999267578125,237.72000122070312,238.64999389648438,2119200
2020-02-13,237.85000610351562,238.97000122070312,236.57000732421875,238.35000610351562,1461300
2020-02-14,237.94000244140625,239.00999450683594,236.22999572753906,237.0800018310547,1718700
2020-02-18,236.5500030517578,237.07000732421875,231.1999969482422,233.2100067138672,2736500
2020-02-19,235.0,237.8000030517578,233.27999877929688,237.3300018310547,2207100
2020-02-20,236.41000366210938,236.89999389648438,231.25,232.72999572753906,3183700
2020-02-21,230.91000366210938,231.8000030517578,228.3699951171875,230.6199951171875,3081600
2020-02-24,223.22999572753906,226.69000244140625,222.5399932861328,224.5399932861328,4139400
2020-02-25,224.77999877929688,225.8699951171875,215.88999938964844,217.61000061035156,5343100
2020-02-26,218.6999969482422,220.0,214.75999450683594,215.77999877929688,4171100
2020-02-27,210.49000549316406,213.47999572753906,205.3699951171875,205.69000244140625,5848200
2020-02-28,199.08999633789062,202.25,194.85000610351562,200.77000427246094,6727100
2020-03-02,201.41000366210938,209.6199951171875,197.6300048828125,209.47000122070312,5285500
2020-03-03,209.0,211.7899932861328,202.1199951171875,203.42999267578125,5677200
2020-03-04,205.83999633789062,208.9199981689453,202.6999969482422,208.74000549316406,3520400
2020-03-05,201.3300018310547,203.47000122070312,196.9499969482422,198.7899932861328,4151500
2020-03-06,190.67999267578125,196.3000030517578,189.27999877929688,192.85000610351562,5071900
2020-03-09,173.5800018310547,179.25,170.16000366210938,172.80999755859375,6443000
2020-03-10,181.6199951171875,185.39999389648438,173.2899932861328,184.35000610351562,6803900
2020-03-11,178.47999572753906,180.77000427246094,170.97000122070312,171.88999938964844,5314000
2020-03-12,160.0,166.75,150.0,150.67999267578125,8357700
2020-03-13,162.82000732421875,177.55999755859375,152.35000610351562,177.1699981689453,6368400
2020-03-16,150.22999572753906,169.5399932861328,150.0,154.66000366210938,6888000
2020-03-17,157.0,166.74000549316406,150.0,158.6699981689453,6876300
2020-03-18,150.0,155.97000122070312,135.41000366210938,140.02000427246094,9543200
2020-03-19,137.3800048828125,152.49000549316406,130.85000610351562,149.49000549316406,6548200
2020-03-20,148.99000549316406,149.19000244140625,138.2899932861328,138.41000366210938,7561300
2020-03-23,136.02999877929688,141.94000244140625,133.25999450683594,134.97000122070312,5472600
2020-03-24,144.32000732421875,153.89999389648438,143.6300048828125,153.60000610351562,6647400
2020-03-25,154.60000610351562,162.2100067138672,145.32000732421875,155.1300048828125,8587800
2020-03-26,156.3699951171875,167.66000366210938,154.30999755859375,165.7899932861328,6762200
2020-03-27,159.0800018310547,163.72999572753906,157.0,158.33999633789062,4186700
2020-03-30,158.52000427246094,160.42999267578125,153.17999267578125,159.6199951171875,4152800
2020-03-31,158.1300048828125,161.10000610351562,153.72000122070312,154.58999633789062,3588200
2020-04-01,146.10000610351562,149.57000732421875,145.0,145.2899932861328,4689100
2020-04-02,143.02000427246094,150.4499969482422,141.6699981689453,149.92999267578125,4446900
2020-04-03,149.1999969482422,150.9199981689453,145.22999572753906,146.92999267578125,2801600
2020-04-06,155.47000122070312,158.92999267578125,153.77000427246094,158.22999572753906,4689400
2020-04-07,166.0,169.13999938964844,162.4499969482422,166.02000427246094,4953500
2020-04-08,168.5500030517578,178.10000610351562,168.5500030517578,176.9600067138672,5194800
2020-04-09,180.5800018310547,187.3300018310547,179.77000427246094,184.25999450683594,6445800
2020-04-13,183.85000610351562,184.97000122070312,179.1300048828125,179.17999267578125,4774300
2020-04-14,182.35000610351562,183.3800048828125,174.5399932861328,178.22999572753906,4149600
2020-04-15,170.6300048828125,181.67999267578125,169.14999389648438,178.52000427246094,6042700
2020-04-16,177.22000122070312,178.44000244140625,172.38999938964844,177.0399932861328,4662200
2020-04-17,183.49000549316406,185.27999877929688,178.2899932861328,183.49000549316406,5426700
2020-04-20,179.6999969482422,186.32000732421875,178.02000427246094,180.39999389648438,4674800
2020-04-21,175.44000244140625,179.1999969482422,173.66000366210938,173.80999755859375,3819000
2020-04-22,177.5,178.17999267578125,174.47000122070312,175.97999572753906,2314500
2020-04-23,177.0,179.07000732421875,174.4499969482422,175.0500030517578,2013300
2020-04-24,177.0,177.9499969482422,173.49000549316406,177.0,2024400
2020-04-27,179.10000610351562,184.25,178.72000122070312,183.5399932861328,2743100
2020-04-28,189.16000366210938,190.4199981689453,184.8699951171875,187.00999450683594,3344700
2020-04-29,192.61000061035156,193.72000122070312,189.57000732421875,190.02999877929688,3086300
2020-04-30,186.0,187.5500030517578,182.89999389648438,183.4199981689453,2695400
2020-05-01,179.0,179.60000610351562,176.64999389648438,177.10000610351562,2650200
2020-05-04,175.0,176.30999755859375,171.72000122070312,176.02999877929688,2990100
2020-05-05,179.10000610351562,182.60000610351562,178.13999938964844,178.3000030517578,3272600
2020-05-06,179.67999267578125,181.1999969482422,175.2100067138672,176.9199981689453,2408700
2020-05-07,179.17999267578125,183.3800048828125,179.17999267578125,182.32000732421875,2480100
2020-05-08,185.02999877929688,185.91000366210938,182.74000549316406,185.38999938964844,2277500
2020-05-11,182.5399932861328,184.85000610351562,181.25999450683594,183.16000366210938,2212200
2020-05-12,183.88999938964844,184.3000030517578,176.75,177.2100067138672,3549200
2020-05-13,175.66000366210938,176.8800048828125,170.75999450683594,171.8000030517578,3445300
2020-05-14,169.0399932861328,174.77999877929688,165.36000061035156,174.4499969482422,4176700
2020-05-15,173.47999572753906,174.08999633789062,170.5800018310547,171.8699951171875,2867800
2020-05-18,177.7100067138672,183.10000610351562,175.24000549316406,181.8800048828125,4505800
2020-05-19,180.55999755859375,182.19000244140625,177.72000122070312,177.8300018310547,2210500
2020-05-20,180.9499969482422,183.8300018310547,180.3000030517578,181.44000244140625,2599900
2020-05-21,180.1999969482422,181.1699981689453,177.67999267578125,180.10000610351562,2153500
2020-05-22,180.02999877929688,180.63999938964844,178.05999755859375,179.92999267578125,2176400
2020-05-26,185.6300048828125,197.10000610351562,185.22000122070312,196.05999755859375,5971200
2020-05-27,203.0,210.7100067138672,200.00999450683594,209.66000366210938,8182100
2020-05-28,210.83999633789062,211.30999755859375,201.2100067138672,201.22000122070312,4886100
2020-05-29,197.22999572753906,200.9199981689453,194.64999389648438,196.49000549316406,3822600
2020-06-01,197.30999755859375,201.77000427246094,195.1199951171875,199.92999267578125,2230800
2020-06-02,203.77000427246094,206.5,201.32000732421875,204.13999938964844,4128700
2020-06-03,208.49000549316406,211.92999267578125,206.42999267578125,210.57000732421875,3471900
2020-06-04,208.7899932861328,214.99000549316406,207.9600067138672,214.82000732421875,3522300
2020-06-05,222.0,222.97999572753906,217.66000366210938,217.9199981689453,4737600
2020-06-08,220.02000427246094,222.25999450683594,218.24000549316406,220.80999755859375,3260300
2020-06-09,215.74000549316406,220.02000427246094,215.16000366210938,218.10000610351562,2478400
2020-06-10,217.38999938964844,219.85000610351562,212.8000030517578,213.52000427246094,3091200
2020-06-11,204.6999969482422,206.89999389648438,194.02000427246094,194.1300048828125,4923400
2020-06-12,200.6199951171875,202.94000244140625,196.2100067138672,201.77999877929688,3380800
2020-06-15,195.72999572753906,206.99000549316406,195.14999389648438,206.30999755859375,3467400
2020-06-16,214.97999572753906,214.97999572753906,203.72999572753906,209.58999633789062,3099100
2020-06-17,210.0,210.7899932861328,205.44000244140625,206.19000244140625,1798300
2020-06-18,203.99000549316406,207.25999450683594,202.6699981689453,203.83999633789062,2051700
2020-06-19,207.0500030517578,207.4199981689453,200.97000122070312,201.6300048828125,4962400
2020-06-22,200.99000549316406,204.5800018310547,200.0,203.4199981689453,1806900
2020-06-23,206.5,207.50999450683594,203.63999938964844,204.77999877929688,2451800
2020-06-24,202.33999633789062,202.61000061035156,197.3800048828125,198.02000427246094,2756700
2020-06-25,197.86000061035156,207.38999938964844,197.61000061035156,207.10000610351562,3466500
2020-06-26,199.0,200.24000549316406,188.50999450683594,189.19000244140625,9530700
2020-06-29,191.3800048828125,193.89999389648438,188.66000366210938,193.47000122070312,3736000
2020-06-30,193.83999633789062,198.41000366210938,193.6199951171875,197.6199951171875,3102800
2020-07-01,198.8800048828125,199.74000549316406,195.52000427246094,197.57000732421875,2620100
2020-07-02,202.5,203.0,197.1300048828125,197.39999389648438,2699400
2020-07-06,201.33999633789062,207.7899932861328,201.1300048828125,207.36000061035156,3567700
2020-07-07,205.5,205.7100067138672,199.19000244140625,199.36000061035156,2853500
2020-07-08,199.5399932861328,203.25,199.02000427246094,202.25,2789700
2020-07-09,202.11000061035156,202.5,195.0,196.8300018310547,3160100
2020-07-10,196.8699951171875,206.32000732421875,196.8300018310547,205.55999755859375,4414800
2020-07-13,209.0,212.97999572753906,207.0,208.8800048828125,4449600
2020-07-14,211.42999267578125,214.3000030517578,207.00999450683594,214.00999450683594,5202000
2020-07-15,224.3699951171875,225.24000549316406,214.69000244140625,216.89999389648438,12516700
2020-07-16,213.50999450683594,220.4600067138672,213.5,214.6699981689453,5769600
2020-07-17,214.89999389648438,215.1699981689453,211.25,211.41000366210938,3614300
2020-07-20,210.72999572753906,213.1699981689453,210.25,211.7100067138672,2268700
2020-07-21,212.25,213.80999755859375,210.38999938964844,212.02000427246094,3393500
2020-07-22,210.5,211.0,205.35000610351562,206.0,4978400
2020-07-23,205.10000610351562,206.02000427246094,202.0500030517578,203.02000427246094,4088600
2020-07-24,203.0,204.92999267578125,201.32000732421875,201.47000122070312,3191500
2020-07-27,200.10000610351562,204.17999267578125,199.58999633789062,203.02000427246094,2601200
2020-07-28,201.91000366210938,203.60000610351562,201.08999633789062,201.6199951171875,2139600
2020-07-29,201.6999969482422,203.88999938964844,199.6199951171875,202.5800018310547,2635000
2020-07-30,199.5,199.99000549316406,196.3000030517578,199.52999877929688,3057900
2020-07-31,199.83999633789062,199.83999633789062,196.50999450683594,197.9600067138672,2399700
2020-08-03,198.49000549316406,199.8800048828125,196.52999877929688,199.38999938964844,2294600
2020-08-04,199.35000610351562,201.72000122070312,198.47999572753906,201.63999938964844,1944700
2020-08-05,203.1699981689453,204.80999755859375,203.00999450683594,204.52000427246094,2232400
2020-08-06,205.0,206.2899932861328,203.8300018310547,204.25,1882400
2020-08-07,203.47999572753906,208.8000030517578,202.4499969482422,208.27000427246094,3075000
2020-08-10,209.58999633789062,210.63999938964844,208.0399932861328,209.3800048828125,2432800
2020-08-11,212.72000122070312,216.9499969482422,210.52999877929688,211.05999755859375,4042700
2020-08-12,214.6999969482422,215.9499969482422,209.27000427246094,212.1300048828125,2439400
2020-08-13,210.41000366210938,212.1999969482422,207.69000244140625,208.38999938964844,2219900
2020-08-14,207.4600067138672,209.47999572753906,206.61000061035156,207.97000122070312,2287600
2020-08-17,207.0,207.85000610351562,202.52999877929688,203.07000732421875,3922600
2020-08-18,203.4499969482422,203.5800018310547,201.10000610351562,201.30999755859375,3067900
2020-08-19,202.39999389648438,206.10000610351562,201.77000427246094,203.02000427246094,2458500
2020-08-20,200.75999450683594,203.27999877929688,200.33999633789062,201.85000610351562,1764200
2020-08-21,200.11000061035156,203.35000610351562,199.82000732421875,202.42999267578125,1780900
2020-08-24,203.11000061035156,207.42999267578125,201.32000732421875,207.33999633789062,3097400
2020-08-25,209.99000549316406,210.49000549316406,205.1699981689453,206.0,2627600
2020-08-26,205.88999938964844,207.27999877929688,205.02999877929688,207.22000122070312,2563200
2020-08-27,206.67999267578125,213.0,206.41000366210938,210.14999389648438,3692400
2020-08-28,211.88999938964844,212.0,207.08999633789062,207.7100067138672,3697400
2020-08-31,205.5,206.41000366210938,203.6300048828125,204.8699951171875,3046200
2020-09-01,203.60000610351562,206.7100067138672,203.00999450683594,205.4600067138672,2457000
2020-09-02,205.7899932861328,210.92999267578125,205.3699951171875,210.0399932861328,3565200
2020-09-03,211.75,215.22999572753906,205.8300018310547,207.55999755859375,3533500
2020-09-04,210.88999938964844,213.35000610351562,205.32000732421875,210.94000244140625,3668900
2020-09-08,209.50999450683594,209.9600067138672,201.27000427246094,202.47999572753906,4574700
2020-09-09,204.19000244140625,204.8300018310547,202.02999877929688,202.22000122070312,4681400
2020-09-10,203.72999572753906,205.35000610351562,199.5500030517578,200.00999450683594,2510300
2020-09-11,200.24000549316406,201.91000366210938,198.9499969482422,200.9199981689453,2376400
2020-09-14,203.3000030517578,203.3000030517578,200.6699981689453,201.33999633789062,2756900
2020-09-15,202.0,202.58999633789062,197.97999572753906,198.0,3717600
2020-09-16,198.49000549316406,203.8000030517578,198.07000732421875,200.67999267578125,3571400
2020-09-17,198.2100067138672,199.88999938964844,194.50999450683594,194.8300018310547,4274800
2020-09-18,195.00999450683594,196.64999389648438,192.3800048828125,194.86000061035156,9066300
2020-09-21,189.89999389648438,194.1699981689453,187.47000122070312,194.0,4871300
2020-09-22,194.0,196.13999938964844,188.42999267578125,191.6199951171875,3355800
2020-09-23,192.0,192.9199981689453,185.8699951171875,186.1199951171875,3116100
2020-09-24,188.97999572753906,197.4600067138672,187.0500030517578,195.11000061035156,5114600
2020-09-25,192.9600067138672,195.38999938964844,189.61000061035156,194.9499969482422,3106000
2020-09-28,197.77999877929688,201.8699951171875,197.14999389648438,199.07000732421875,3280100
2020-09-29,198.16000366210938,198.77000427246094,195.42999267578125,196.7899932861328,2400000
2020-09-30,198.67999267578125,203.0800018310547,198.36000061035156,200.97000122070312,3075800
2020-10-01,201.52999877929688,203.1300048828125,197.8699951171875,198.5500030517578,2288700
2020-10-02,195.33999633789062,200.6999969482422,195.2899932861328,199.89999389648438,2541200
2020-10-05,201.92999267578125,202.83999633789062,199.58999633789062,201.8000030517578,2551600
2020-10-06,204.25,206.08999633789062,199.89999389648438,201.08999633789062,2833100
2020-10-07,203.89999389648438,205.0,201.1699981689453,203.60000610351562,2326600
2020-10-08,205.14999389648438,208.16000366210938,204.11000061035156,207.97999572753906,2330600
2020-10-09,208.75999450683594,209.80999755859375,206.07000732421875,207.5399932861328,3040900
2020-10-12,207.41000366210938,214.88999938964844,207.41000366210938,214.1199951171875,3474200
2020-10-13,214.00999450683594,214.11000061035156,209.17999267578125,210.80999755859375,3317300
2020-10-14,213.8800048828125,214.4499969482422,210.27000427246094,211.22999572753906,7550100
2020-10-15,209.5800018310547,210.72999572753906,206.89999389648438,208.60000610351562,4325700
2020-10-16,208.32000732421875,210.0,205.80999755859375,206.2100067138672,3244500
2020-10-19,207.38999938964844,207.91000366210938,204.58999633789062,205.69000244140625,3235300
2020-10-20,206.6999969482422,211.3800048828125,206.47000122070312,208.02999877929688,3335500
2020-10-21,207.38999938964844,207.9499969482422,202.00999450683594,202.91000366210938,3083600
2020-10-22,203.1999969482422,206.3699951171875,202.1999969482422,205.39999389648438,2136900
2020-10-23,206.75999450683594,208.2100067138672,204.02000427246094,205.0399932861328,2110200
2020-10-26,202.49000549316406,202.80999755859375,198.50999450683594,201.13999938964844,3249700
2020-10-27,200.0,200.58999633789062,195.41000366210938,195.67999267578125,3430400
2020-10-28,191.30999755859375,193.3699951171875,188.94000244140625,189.77000427246094,4214600
2020-10-29,189.8000030517578,192.35000610351562,186.89999389648438,189.94000244140625,3581200
2020-10-30,189.50999450683594,190.39999389648438,185.52000427246094,189.0399932861328,3658800
2020-11-02,192.0,192.6999969482422,188.22999572753906,190.1999969482422,2459600
2020-11-03,193.94000244140625,199.0,193.22000122070312,197.92999267578125,4545500
2020-11-04,196.25,200.82000732421875,194.89999389648438,197.8699951171875,3868500
2020-11-05,199.64999389648438,204.1199951171875,199.05999755859375,202.9600067138672,2892800
2020-11-06,204.33999633789062,204.38999938964844,200.4199981689453,201.25999450683594,2475100
2020-11-09,214.49000549316406,218.0,209.3699951171875,214.92999267578125,6960500
2020-11-10,215.25,218.3800048828125,211.17999267578125,217.47000122070312,4166500
2020-11-11,218.63999938964844,219.9199981689453,215.02999877929688,218.0500030517578,2680700
2020-11-12,215.22000122070312,216.86000061035156,212.39999389648438,214.50999450683594,3005500
2020-11-13,215.85000610351562,220.9600067138672,215.41000366210938,219.0800018310547,2832100
2020-11-16,223.52999877929688,224.60000610351562,220.02999877929688,222.3800048828125,3004700
2020-11-17,220.02000427246094,224.85000610351562,218.3300018310547,224.64999389648438,2722900
2020-11-18,225.0,227.72000122070312,223.50999450683594,224.3000030517578,2856200
2020-11-19,224.3000030517578,224.94000244140625,222.11000061035156,224.57000732421875,1505200
2020-11-20,223.0,224.80999755859375,222.6300048828125,223.35000610351562,1848100
2020-11-23,226.05999755859375,230.0,225.72999572753906,228.8300018310547,3371300
2020-11-24,231.10000610351562,238.1199951171875,230.6300048828125,237.5,3915200
2020-11-25,235.0,237.4499969482422,232.42999267578125,236.5399932861328,2272800
2020-11-27,237.0,237.3000030517578,233.7899932861328,235.39999389648438,1050400
2020-11-30,232.0500030517578,235.0,230.36000061035156,230.5800018310547,2705400
2020-12-01,231.9600067138672,234.8699951171875,231.35000610351562,232.0800018310547,2577600
2020-12-02,232.0800018310547,238.1300048828125,231.5800018310547,237.64999389648438,2136300
2020-12-03,237.2899932861328,238.85000610351562,234.63999938964844,235.47000122070312,2142600
2020-12-04,237.6999969482422,239.75,236.9499969482422,239.5800018310547,2373000
2020-12-07,238.5399932861328,239.85000610351562,235.4499969482422,238.4499969482422,1788600
2020-12-08,237.00999450683594,239.19000244140625,236.5800018310547,238.83999633789062,1371800
2020-12-09,240.0,245.36000061035156,239.52999877929688,242.82000732421875,3552300
2020-12-10,240.0,245.17999267578125,239.50999450683594,244.39999389648438,2541700
2020-12-11,240.80999755859375,241.1999969482422,237.10000610351562,239.99000549316406,2077300
2020-12-14,243.27999877929688,243.5,237.38999938964844,237.7899932861328,1927800
2020-12-15,239.5,243.61000061035156,237.19000244140625,242.42999267578125,2348000
2020-12-16,243.55999755859375,243.89999389648438,241.1199951171875,243.77000427246094,2400900
2020-12-17,245.0,245.92999267578125,243.0,244.42999267578125,2983600
2020-12-18,245.38999938964844,245.38999938964844,240.55999755859375,242.1300048828125,4088100
2020-12-21,250.2899932861328,260.8500061035156,248.75999450683594,256.9800109863281,7408500
2020-12-22,256.8599853515625,257.70001220703125,249.8000030517578,250.08999633789062,3599800
2020-12-23,251.5,260.5799865722656,251.3000030517578,256.45001220703125,3376100
2020-12-24,257.0400085449219,257.6199951171875,253.75,256.1600036621094,968100
2020-12-28,257.80999755859375,262.6499938964844,257.0,259.5899963378906,2793400
2020-12-29,260.260009765625,260.8599853515625,256.5,258.010009765625,1430900
2020-12-30,258.80999755859375,260.6499938964844,257.8299865722656,259.45001220703125,1566500
2020-12-31,258.79998779296875,263.92999267578125,258.0,263.7099914550781,2043100
2021-01-04,267.0,267.5799865722656,260.1600036621094,265.0,3572000
2021-01-05,263.8800048828125,273.5,262.57000732421875,270.92999267578125,4207100
2021-01-06,276.2900085449219,288.3800048828125,273.1000061035156,285.54998779296875,6383500
2021-01-07,287.7699890136719,295.8900146484375,286.67999267578125,291.6499938964844,4009700
2021-01-08,292.0,292.2799987792969,285.05999755859375,290.0799865722656,2800800
2021-01-11,286.79998779296875,295.0,284.20001220703125,293.8299865722656,2649700
2021-01-12,297.1400146484375,303.9800109863281,296.0199890136719,302.2099914550781,4814400
2021-01-13,300.0799865722656,303.7200012207031,299.1000061035156,302.94000244140625,2413800
2021-01-14,304.04998779296875,309.4100036621094,303.5400085449219,307.8699951171875,3192200
2021-01-15,301.19000244140625,304.8599853515625,296.8800048828125,301.010009765625,3863700
2021-01-19,305.0,306.6000061035156,293.79998779296875,294.20001220703125,6727800
2021-01-20,295.82000732421875,297.45001220703125,287.4800109863281,290.4700012207031,4792600
2021-01-21,290.45001220703125,292.739990234375,288.5299987792969,289.3699951171875,2516000
2021-01-22,286.69000244140625,290.5899963378906,285.5,289.3900146484375,2568800
2021-01-25,285.5299987792969,286.3500061035156,277.5,283.0400085449219,4575000
2021-01-26,283.92999267578125,285.7699890136719,280.0799865722656,281.760009765625,3296800
2021-01-27,276.0,277.3699951171875,271.32000732421875,273.3299865722656,3891800
2021-01-28,274.6099853515625,279.8299865722656,271.3299865722656,275.0199890136719,3778700
2021-01-29,274.2699890136719,277.3999938964844,270.6199951171875,271.1700134277344,3412000
2021-02-01,272.6600036621094,276.79998779296875,272.0,274.7300109863281,2324100
2021-02-02,278.32000732421875,288.25,278.0,286.9700012207031,5195500
2021-02-03,286.6099853515625,289.80999755859375,285.17999267578125,288.54998779296875,2712800
2021-02-04,290.0,295.8299865722656,289.5199890136719,293.75,2994700
2021-02-05,295.0,297.239990234375,292.19000244140625,293.5,2938100
2021-02-08,295.0,300.8900146484375,294.5,300.1499938964844,2826200
2021-02-09,299.6000061035156,302.45001220703125,297.70001220703125,300.4599914550781,2071700
2021-02-10,300.0,305.17999267578125,297.75,304.2799987792969,3213700
2021-02-11,303.9800109863281,305.010009765625,299.1700134277344,302.32000732421875,2159900
2021-02-12,301.989990234375,306.70001220703125,301.7699890136719,306.32000732421875,1977300
2021-02-16,310.0,312.9200134277344,309.2200012207031,311.9599914550781,2792200
2021-02-17,310.0299987792969,314.9800109863281,308.760009765625,312.739990234375,2333100
2021-02-18,309.2200012207031,314.5,307.5799865722656,309.8999938964844,2093300
2021-02-19,310.2300109863281,316.7799987792969,310.2300109863281,315.6199951171875,2749500
2021-02-22,313.0,320.55999755859375,312.2099914550781,316.8699951171875,3162300
2021-02-23,317.9800109863281,320.0,310.5799865722656,319.2099914550781,2942500
2021-02-24,320.1700134277344,330.9700012207031,320.1000061035156,330.6400146484375,3934400
2021-02-25,333.3299865722656,335.80999755859375,326.2900085449219,327.760009765625,4244000
2021-02-26,325.7699890136719,328.67999267578125,319.0400085449219,319.4800109863281,3732200
2021-03-01,325.0,331.0400085449219,323.30999755859375,329.9200134277344,2957800
2021-03-02,330.0,336.19000244140625,329.510009765625,330.94000244140625,2850300
2021-03-03,333.67999267578125,340.1000061035156,333.25,334.42999267578125,3606300
2021-03-04,333.1300048828125,339.760009765625,323.9200134277344,329.2900085449219,3647600
2021-03-05,335.5799865722656,335.5799865722656,316.4599914550781,327.3699951171875,3740200
2021-03-08,331.3599853515625,337.5899963378906,329.1000061035156,334.19000244140625,2998000
2021-03-09,328.6199951171875,336.3900146484375,325.57000732421875,330.5899963378906,3324800
2021-03-10,332.07000732421875,342.3999938964844,331.5299987792969,342.0199890136719,3153100
2021-03-11,338.6600036621094,345.0,336.4599914550781,342.1000061035156,2756600
2021-03-12,345.2200012207031,350.0,343.6400146484375,348.80999755859375,2436700
2021-03-15,349.44000244140625,352.4200134277344,342.0,346.04998779296875,2276200
2021-03-16,345.2799987792969,346.8999938964844,337.75,341.7099914550781,2332600
2021-03-17,344.6199951171875,347.0299987792969,340.3999938964844,344.95001220703125,2710900
2021-03-18,350.75,356.8500061035156,346.989990234375,348.0,3713000
2021-03-19,346.4200134277344,347.239990234375,340.6300048828125,344.20001220703125,3513000
2021-03-22,341.05999755859375,342.8800048828125,336.0,339.3299865722656,2094500
2021-03-23,337.6199951171875,341.8900146484375,331.3299865722656,331.7699890136719,2457500
2021-03-24,333.4200134277344,336.94000244140625,328.44000244140625,328.6499938964844,3332200
2021-03-25,327.3500061035156,331.3900146484375,321.9200134277344,330.54998779296875,2804700
2021-03-26,334.510009765625,335.45001220703125,322.69000244140625,327.3900146484375,3082600
2021-03-29,320.3500061035156,327.760009765625,317.7200012207031,325.7300109863281,4533200
2021-03-30,329.4100036621094,335.75,328.8500061035156,332.010009765625,2717300
2021-03-31,330.2300109863281,332.6499938964844,325.44000244140625,327.0,2624500
2021-04-01,324.29998779296875,329.6600036621094,324.1600036621094,327.6400146484375,2659000
2021-04-05,332.8500061035156,332.8500061035156,323.04998779296875,323.5400085449219,3235000
2021-04-06,324.489990234375,328.5400085449219,324.0,327.05999755859375,1801700
2021-04-07,327.70001220703125,329.20001220703125,323.3500061035156,326.54998779296875,2157300
2021-04-08,324.2900085449219,331.489990234375,322.9700012207031,331.1400146484375,2402800
2021-04-09,334.0,334.8999938964844,328.7900085449219,330.80999755859375,2347100
2021-04-12,332.6700134277344,334.4800109863281,329.94000244140625,331.8399963378906,2318800
2021-04-13,329.510009765625,330.04998779296875,324.17999267578125,327.67999267578125,3575900
2021-04-14,328.54998779296875,344.4700012207031,326.1499938964844,335.3500061035156,9876800
2021-04-15,338.8999938964844,341.3500061035156,334.5400085449219,338.54998779296875,4354800
2021-04-16,340.2900085449219,343.739990234375,338.6199951171875,342.30999755859375,4231900
2021-04-19,340.0,344.42999267578125,336.6000061035156,343.0899963378906,3228200
2021-04-20,339.9700012207031,340.4700012207031,329.3500061035156,331.8800048828125,3662300
2021-04-21,330.0,335.4700012207031,327.55999755859375,335.2699890136719,2733300
2021-04-22,334.6199951171875,336.9700012207031,330.2900085449219,330.8500061035156,2165200
2021-04-23,331.25,340.6700134277344,330.7200012207031,339.3500061035156,2163800
2021-04-26,341.94000244140625,345.8999938964844,340.8900146484375,343.5199890136719,2171500
2021-04-27,344.0,347.54998779296875,343.6600036621094,346.6300048828125,2088600
2021-04-28,348.0,350.1199951171875,346.0899963378906,348.1099853515625,2140900
2021-04-29,350.54998779296875,353.8299865722656,347.4800109863281,352.9700012207031,2584400
2021-04-30,351.1199951171875,352.82000732421875,347.20001220703125,348.45001220703125,2101100
2021-05-03,350.3399963378906,354.05999755859375,349.260009765625,350.1600036621094,1871700
2021-05-04,348.8999938964844,351.7799987792969,342.57000732421875,349.8399963378906,2831400
2021-05-05,352.0,359.1400146484375,348.54998779296875,357.6199951171875,2786800
2021-05-06,359.7699890136719,366.29998779296875,356.5,365.9700012207031,3048700
2021-05-07,362.29998779296875,371.6499938964844,360.92999267578125,370.8900146484375,3378100
2021-05-10,373.5,376.9800109863281,368.5,368.67999267578125,3396300
2021-05-11,363.0,368.6300048828125,358.6199951171875,359.9200134277344,3734300
2021-05-12,363.07000732421875,368.1300048828125,353.2699890136719,354.3999938964844,3309800
2021-05-13,353.25,360.8900146484375,353.25,358.80999755859375,2673900
2021-05-14,362.0,369.510009765625,361.70001220703125,368.7699890136719,2732300
2021-05-17,367.7799987792969,370.70001220703125,364.5,369.25,1826100
2021-05-18,371.3800048828125,373.0799865722656,364.0,364.55999755859375,2018600
2021-05-19,360.0,360.0,353.92999267578125,358.3800048828125,3696000
2021-05-20,358.9800109863281,361.95001220703125,353.3500061035156,359.7799987792969,1919600
2021-05-21,361.489990234375,367.1400146484375,360.510009765625,366.260009765625,2657500
2021-05-24,367.32000732421875,369.7200012207031,365.510009765625,368.2900085449219,1834300
2021-05-25,369.9100036621094,373.7699890136719,364.0899963378906,364.510009765625,2631000
2021-05-26,365.0,368.7900085449219,361.9100036621094,367.3999938964844,2121200
2021-05-27,371.3299865722656,373.54998779296875,367.29998779296875,371.3699951171875,3897000
2021-05-28,372.0,373.07000732421875,368.260009765625,372.0199890136719,2169700
2021-06-01,377.70001220703125,383.3599853515625,376.30999755859375,382.44000244140625,3644000
2021-06-02,383.3299865722656,384.6700134277344,379.3699951171875,383.44000244140625,2809700
2021-06-03,382.25,391.25,380.1300048828125,388.7200012207031,3003900
2021-06-04,389.67999267578125,392.04998779296875,386.32000732421875,391.45001220703125,2514100
2021-06-07,393.0,393.260009765625,387.54998779296875,388.1600036621094,2188700
2021-06-08,385.7900085449219,386.4800109863281,382.2200012207031,384.70001220703125,2452600
2021-06-09,383.1600036621094,384.2699890136719,378.8800048828125,382.7799987792969,2025900
2021-06-10,389.6400146484375,389.6400146484375,372.3500061035156,373.94000244140625,3900800
2021-06-11,375.70001220703125,378.75,375.1099853515625,378.04998779296875,2117300
2021-06-14,377.42999267578125,378.75,370.70001220703125,372.9200134277344,2560500
2021-06-15,373.5,374.8399963378906,367.1600036621094,371.29998779296875,2302900
2021-06-16,370.989990234375,374.0799865722656,365.25,371.0,3264200
2021-06-17,373.5199890136719,373.5199890136719,356.54998779296875,361.5,4146300
2021-06-18,356.5199890136719,358.3800048828125,348.1300048828125,348.8299865722656,6290100
2021-06-21,352.8900146484375,357.9700012207031,351.0400085449219,357.5400085449219,2717300
2021-06-22,357.0,359.8800048828125,352.6400146484375,357.5299987792969,1870800
2021-06-23,358.7900085449219,362.4800109863281,357.6600036621094,361.04998779296875,1713100
2021-06-24,363.0,370.8800048828125,362.7799987792969,368.75,2716600
2021-06-25,368.82000732421875,371.1499938964844,364.5400085449219,368.7699890136719,2782400
2021-06-28,367.79998779296875,368.8699951171875,363.8599853515625,368.7099914550781,1833400
2021-06-29,374.8599853515625,378.0899963378906,370.75,372.6199951171875,2365900
2021-06-30,370.8999938964844,380.1099853515625,370.8999938964844,379.5299987792969,2238400
2021-07-01,380.70001220703125,381.6400146484375,374.1499938964844,374.989990234375,2571000
2021-07-02,376.30999755859375,376.6000061035156,372.4200134277344,374.1600036621094,1598900
2021-07-06,373.2300109863281,373.6300048828125,365.4100036621094,369.8599853515625,2162900
2021-07-07,367.5,370.0899963378906,362.17999267578125,367.6700134277344,2012800
2021-07-08,359.69000244140625,362.8900146484375,355.5899963378906,358.94000244140625,2940500
2021-07-09,366.0,372.1499938964844,364.95001220703125,371.760009765625,2641800
2021-07-12,370.30999755859375,384.0,367.3299865722656,380.5,4135900
2021-07-13,381.05999755859375,385.3299865722656,372.010009765625,375.9800109863281,6466800
2021-07-14,378.75,381.7699890136719,371.3900146484375,374.3999938964844,3295700
2021-07-15,371.239990234375,378.75,370.57000732421875,373.3500061035156,2183900
2021-07-16,374.92999267578125,374.92999267578125,363.8299865722656,364.79998779296875,2583300
2021-07-19,354.0,355.19000244140625,349.0,354.7200012207031,4394600
2021-07-20,352.2699890136719,367.30999755859375,351.5400085449219,364.760009765625,2937900
2021-07-21,368.0400085449219,374.8999938964844,367.92999267578125,373.5,2398800
2021-07-22,372.29998779296875,373.69000244140625,368.45001220703125,372.7099914550781,1887100
2021-07-23,374.5899963378906,378.0,371.3800048828125,374.04998779296875,1706900
2021-07-26,373.17999267578125,376.67999267578125,373.1099853515625,375.8999938964844,1559100
2021-07-27,372.5,375.1400146484375,369.2200012207031,374.8399963378906,1791800
2021-07-28,375.80999755859375,377.44000244140625,372.3399963378906,374.2300109863281,1668900
2021-07-29,377.0299987792969,379.510009765625,374.80999755859375,377.54998779296875,1296600
2021-07-30,376.57000732421875,379.95001220703125,373.05999755859375,374.8800048828125,1474900
2021-08-02,376.1700134277344,386.92999267578125,375.75,378.19000244140625,2383200
2021-08-03,380.25,381.30999755859375,371.7699890136719,380.3599853515625,1494600
2021-08-04,378.4800109863281,382.6499938964844,375.760009765625,377.8599853515625,1460500
2021-08-05,380.1499938964844,384.30999755859375,379.95001220703125,384.29998779296875,1583800
2021-08-06,388.8800048828125,398.8599853515625,388.6400146484375,397.8900146484375,3655800
2021-08-09,396.5899963378906,404.6000061035156,393.5799865722656,399.8800048828125,3319100
2021-08-10,400.1199951171875,410.6300048828125,399.5,407.9700012207031,3152300
2021-08-11,408.79998779296875,414.67999267578125,407.05999755859375,413.8900146484375,3000500
2021-08-12,414.3800048828125,418.6199951171875,410.55999755859375,415.0,2312800
2021-08-13,416.0,416.8900146484375,408.17999267578125,410.7799987792969,1980000
2021-08-16,408.989990234375,408.989990234375,402.1499938964844,408.3500061035156,1590700
2021-08-17,403.8399963378906,408.3500061035156,400.20001220703125,404.9700012207031,2077400
2021-08-18,402.6000061035156,406.1099853515625,398.5899963378906,398.79998779296875,2187800
2021-08-19,394.6000061035156,397.7300109863281,390.9100036621094,393.57000732421875,2241500
2021-08-20,391.489990234375,396.45001220703125,391.0,395.8699951171875,1612100
2021-08-23,401.8900146484375,404.1000061035156,399.0,401.45001220703125,1857600
2021-08-24,403.5899963378906,409.6600036621094,402.70001220703125,408.55999755859375,1958400
2021-08-25,409.8999938964844,416.67999267578125,408.94000244140625,413.1199951171875,1845300
2021-08-26,415.8800048828125,420.7300109863281,411.1600036621094,412.4100036621094,2076500
2021-08-27,412.7799987792969,419.8500061035156,412.5,419.69000244140625,2174500
2021-08-30,419.95001220703125,420.760009765625,412.7200012207031,413.6000061035156,2089400
2021-08-31,412.1099853515625,414.8599853515625,408.760009765625,413.510009765625,1958100
2021-09-01,413.1600036621094,416.1099853515625,410.30999755859375,413.6600036621094,1680400
2021-09-02,415.1099853515625,417.5799865722656,412.6400146484375,414.5,1830400
2021-09-03,414.0,415.1199951171875,410.6000061035156,411.30999755859375,1373600
2021-09-07,411.0,414.7300109863281,409.6400146484375,410.32000732421875,1557000
2021-09-08,409.2200012207031,410.9800109863281,404.70001220703125,405.0,1646200
2021-09-09,404.6700134277344,408.8800048828125,403.510009765625,404.5799865722656,2424600
2021-09-10,408.0,409.7900085449219,403.1600036621094,403.4800109863281,1956000
2021-09-13,407.4100036621094,409.3699951171875,403.79998779296875,409.260009765625,1802800
2021-09-14,410.29998779296875,417.010009765625,402.7799987792969,403.69000244140625,3263200
2021-09-15,398.0,403.6099853515625,396.2099914550781,401.95001220703125,3199800
2021-09-16,404.5199890136719,405.9800109863281,394.8900146484375,396.67999267578125,2882900
2021-09-17,396.32000732421875,399.1600036621094,388.8299865722656,391.4599914550781,3843700
2021-09-20,377.82000732421875,380.8599853515625,372.5,378.1300048828125,3834500
2021-09-21,380.8500061035156,381.5,374.0799865722656,375.8399963378906,2377300
2021-09-22,380.79998779296875,389.2900085449219,379.7099914550781,385.4700012207031,2991300
2021-09-23,390.3900146484375,393.739990234375,388.17999267578125,391.8599853515625,2518000
2021-09-24,390.4700012207031,392.489990234375,388.6000061035156,390.8500061035156,1789700
2021-09-27,396.5799865722656,401.0,395.17999267578125,399.80999755859375,2788500
2021-09-28,400.45001220703125,404.2099914550781,388.3900146484375,389.5,2609000
2021-09-29,390.67999267578125,392.3900146484375,384.29998779296875,384.8900146484375,1955000
2021-09-30,388.0,388.0199890136719,376.6199951171875,378.0299987792969,2665700
2021-10-01,379.44000244140625,382.7200012207031,375.8500061035156,380.0,2382300
2021-10-04,380.2099914550781,386.8699951171875,372.82000732421875,374.1499938964844,2895600
2021-10-05,378.1000061035156,388.2200012207031,375.5,385.80999755859375,2508100
2021-10-06,382.3800048828125,389.54998779296875,378.6600036621094,388.04998779296875,2111800
2021-10-07,392.9100036621094,397.8500061035156,389.760009765625,390.6199951171875,2348000
2021-10-08,390.8299865722656,394.30999755859375,388.17999267578125,392.80999755859375,1446700
2021-10-11,392.8999938964844,396.95001220703125,385.0199890136719,385.239990234375,1787400
2021-10-12,386.2200012207031,388.5899963378906,381.0199890136719,386.5299987792969,2088200
2021-10-13,388.0,388.3800048828125,378.6300048828125,386.30999755859375,2391600
2021-10-14,392.0,393.6600036621094,382.20001220703125,391.20001220703125,3380900
2021-10-15,402.30999755859375,407.2699890136719,396.3399963378906,406.07000732421875,6451400
2021-10-18,408.010009765625,415.94000244140625,407.6000061035156,413.69000244140625,3832300
2021-10-19,415.17999267578125,415.8500061035156,409.69000244140625,412.1600036621094,2568300
2021-10-20,411.0,414.3299865722656,406.20001220703125,407.8900146484375,2453400
2021-10-21,406.79998779296875,412.6600036621094,404.6199951171875,407.5899963378906,2162100
2021-10-22,409.989990234375,415.3599853515625,409.1000061035156,414.32000732421875,2411000
2021-10-25,416.2099914550781,419.489990234375,413.2699890136719,414.75,1824700
2021-10-26,416.3699951171875,419.80999755859375,413.760009765625,417.6099853515625,1843300
2021-10-27,416.54998779296875,418.05999755859375,410.54998779296875,410.989990234375,2067200
2021-10-28,412.0,414.9200134277344,409.05999755859375,414.82000732421875,1444700
2021-10-29,414.0199890136719,415.9599914550781,411.17999267578125,413.3500061035156,2061700
2021-11-01,417.07000732421875,418.7300109863281,413.25,416.70001220703125,1820800
2021-11-02,415.1000061035156,426.1600036621094,412.7900085449219,423.8500061035156,3000800
2021-11-03,423.1199951171875,424.0,412.55999755859375,417.8999938964844,3542400
2021-11-04,414.6499938964844,415.989990234375,403.0299987792969,408.07000732421875,3802300
2021-11-05,411.3999938964844,414.45001220703125,406.1000061035156,407.0799865722656,2105600
2021-11-08,409.8900146484375,413.6499938964844,407.9599914550781,408.3399963378906,1728400
2021-11-09,406.1099853515625,407.5799865722656,400.05999755859375,405.3500061035156,2246900
2021-11-10,402.3299865722656,405.54998779296875,397.25,399.1199951171875,2243900
2021-11-11,400.1400146484375,403.760009765625,398.510009765625,402.3399963378906,1252400
2021-11-12,403.0,405.1000061035156,399.20001220703125,404.9100036621094,1360100
2021-11-15,406.0,407.3399963378906,403.9100036621094,404.80999755859375,1436500
2021-11-16,403.9100036621094,405.8399963378906,399.0,403.0899963378906,1311000
2021-11-17,401.8500061035156,402.6499938964844,391.4700012207031,391.54998779296875,2927000
2021-11-18,392.29998779296875,393.9200134277344,385.67999267578125,391.3699951171875,1847400
2021-11-19,382.3800048828125,390.239990234375,381.0400085449219,387.3900146484375,2610400
2021-11-22,393.1600036621094,402.489990234375,390.17999267578125,396.1600036621094,3058700
2021-11-23,400.25,406.9599914550781,397.510009765625,406.3399963378906,2402300
2021-11-24,405.0,407.4800109863281,398.29998779296875,399.19000244140625,2186300
2021-11-26,384.4800109863281,391.7099914550781,382.7200012207031,389.3900146484375,2687900
2021-11-29,394.0,396.3699951171875,382.45001220703125,386.5400085449219,2883400
2021-11-30,383.5299987792969,386.8299865722656,377.260009765625,380.989990234375,4570400
2021-12-01,383.82000732421875,390.1600036621094,376.2099914550781,376.4800109863281,2476000
2021-12-02,378.0,389.0899963378906,376.0299987792969,387.5400085449219,3343700
2021-12-03,389.8800048828125,389.8800048828125,379.0299987792969,382.7300109863281,2807500
2021-12-06,388.6700134277344,393.6000061035156,383.489990234375,389.29998779296875,1990200
2021-12-07,393.5799865722656,401.75,393.05999755859375,400.1099853515625,2441000
2021-12-08,401.2300109863281,401.7099914550781,395.1400146484375,397.32000732421875,1635200
2021-12-09,395.70001220703125,400.19000244140625,393.0,396.489990234375,2111500
2021-12-10,398.0,398.8599853515625,388.6600036621094,391.05999755859375,1893800
2021-12-13,391.19000244140625,391.19000244140625,382.6600036621094,384.6400146484375,2313300
2021-12-14,383.55999755859375,392.5,383.260009765625,388.82000732421875,2788500
2021-12-15,389.5,391.3999938964844,380.6000061035156,389.9100036621094,2802300
2021-12-16,395.1300048828125,399.8399963378906,391.79998779296875,397.3699951171875,3578200
2021-12-17,389.2099914550781,393.6700134277344,380.6300048828125,381.79998779296875,7058600
2021-12-20,375.5199890136719,375.6300048828125,366.6499938964844,371.6099853515625,3735600
2021-12-21,376.42999267578125,382.0899963378906,374.760009765625,380.32000732421875,2942800
2021-12-22,380.4200134277344,384.010009765625,379.2699890136719,382.3299865722656,1487900
2021-12-23,383.7900085449219,387.6099853515625,383.57000732421875,385.0400085449219,1624000
2021-12-27,386.989990234375,389.1099853515625,385.0,388.0400085449219,1430400
2021-12-28,388.92999267578125,391.3299865722656,386.239990234375,387.6099853515625,1528200
2021-12-29,387.9700012207031,389.4599914550781,384.4200134277344,386.20001220703125,1327800
2021-12-30,387.75,389.7799987792969,385.20001220703125,385.5199890136719,1160100
2021-12-31,385.0,387.0,380.8399963378906,382.54998779296875,1601300
2022-01-03,389.0,399.29998779296875,387.3399963378906,395.3299865722656,3334300
2022-01-04,402.2300109863281,410.2799987792969,401.17999267578125,407.4800109863281,3916400
2022-01-05,409.79998779296875,412.6600036621094,397.8900146484375,398.6300048828125,3469600
2022-01-06,401.0,401.20001220703125,386.42999267578125,396.92999267578125,2960900
2022-01-07,397.6700134277344,400.54998779296875,394.5299987792969,397.510009765625,2360700
2022-01-10,401.32000732421875,404.3699951171875,394.2200012207031,399.1700134277344,3009400
2022-01-11,400.25,403.3399963378906,396.30999755859375,403.04998779296875,1748800
2022-01-12,403.239990234375,404.1199951171875,388.55999755859375,390.30999755859375,4158000
2022-01-13,394.04998779296875,396.8699951171875,389.75,390.79998779296875,2497800
2022-01-14,382.1300048828125,384.3900146484375,375.0,380.94000244140625,4685300
2022-01-18,360.0400085449219,361.57000732421875,347.2300109863281,354.3999938964844,13123500
2022-01-19,358.3399963378906,359.7099914550781,346.3900146484375,347.32000732421875,7426100
2022-01-20,348.8999938964844,357.17999267578125,346.1400146484375,348.1000061035156,4599900
2022-01-21,345.5400085449219,348.989990234375,340.7200012207031,343.9100036621094,4904100
2022-01-24,337.32000732421875,344.07000732421875,326.2300109863281,343.3900146484375,6569800
2022-01-25,337.8599853515625,342.92999267578125,330.9100036621094,341.54998779296875,3959300
2022-01-26,346.6000061035156,350.4800109863281,338.4100036621094,342.67999267578125,3745900
2022-01-27,345.6700134277344,348.7699890136719,337.7200012207031,341.0299987792969,2573400
2022-01-28,337.7300109863281,347.1499938964844,333.45001220703125,347.010009765625,3714600
2022-01-31,344.6000061035156,355.2099914550781,343.44000244140625,354.67999267578125,3312400
2022-02-01,356.1300048828125,364.5400085449219,354.04998779296875,364.05999755859375,3303700
2022-02-02,363.5,368.5299987792969,357.8299865722656,363.05999755859375,2742400
2022-02-03,362.82000732421875,365.760009765625,358.1600036621094,358.8800048828125,2372900
2022-02-04,362.1700134277344,370.95001220703125,361.0199890136719,367.6000061035156,3762300
2022-02-07,365.489990234375,371.4700012207031,363.3500061035156,368.1499938964844,2635600
2022-02-08,371.0799865722656,372.6499938964844,366.25,370.1000061035156,3422300
2022-02-09,373.0,376.2799987792969,370.8999938964844,374.5299987792969,2250400
2022-02-10,371.7099914550781,377.3999938964844,368.8299865722656,370.57000732421875,2406200
2022-02-11,368.54998779296875,374.8999938964844,360.7699890136719,363.05999755859375,3142100
2022-02-14,363.05999755859375,364.2900085449219,357.17999267578125,360.239990234375,2585600
2022-02-15,364.0899963378906,365.8900146484375,361.3599853515625,363.94000244140625,1846400
2022-02-16,361.3500061035156,363.0199890136719,356.5299987792969,360.04998779296875,2165300
2022-02-17,358.7799987792969,360.9599914550781,347.8399963378906,349.05999755859375,3102400
2022-02-18,345.57000732421875,350.0,343.3699951171875,346.0400085449219,2910900
2022-02-22,342.4599914550781,349.0,341.20001220703125,344.2699890136719,2590800
2022-02-23,347.57000732421875,349.260009765625,339.82000732421875,341.19000244140625,2217300
2022-02-24,328.57000732421875,341.0,326.95001220703125,340.19000244140625,4564000
2022-02-25,340.19000244140625,350.70001220703125,340.19000244140625,350.1199951171875,2980500
2022-02-28,340.25,343.8399963378906,337.54998779296875,341.2900085449219,4245700
2022-03-01,337.3999938964844,338.1600036621094,327.0199890136719,328.20001220703125,5631500
2022-03-02,331.6000061035156,338.0,327.3999938964844,336.3800048828125,3469900
2022-03-03,338.8699951171875,341.5,330.1300048828125,333.4200134277344,2393700
2022-03-04,327.0,330.6600036621094,324.0,329.6700134277344,3293100
2022-03-07,326.82000732421875,327.7900085449219,320.8500061035156,321.8900146484375,3689900
2022-03-08,322.5,330.55999755859375,318.54998779296875,321.3699951171875,3596400
2022-03-09,331.67999267578125,337.4700012207031,330.0299987792969,333.5899963378906,3202100
2022-03-10,327.6300048828125,331.8399963378906,324.760009765625,329.8999938964844,2232600
2022-03-11,334.3699951171875,336.6099853515625,326.7099914550781,327.0,2613500
2022-03-14,329.2099914550781,331.6199951171875,322.8999938964844,324.9800109863281,2342200
2022-03-15,327.07000732421875,331.8999938964844,324.8399963378906,329.1600036621094,2140700
2022-03-16,335.07000732421875,341.3299865722656,334.260009765625,340.760009765625,3468500
2022-03-17,337.3699951171875,343.6000061035156,334.8999938964844,343.2699890136719,2403500
2022-03-18,338.8699951171875,346.7699890136719,337.29998779296875,345.3800048828125,5861900
2022-03-21,345.260009765625,346.29998779296875,337.1499938964844,339.0,3401200
2022-03-22,342.20001220703125,346.239990234375,340.1199951171875,343.010009765625,2840200
2022-03-23,340.0,340.8299865722656,335.1300048828125,335.6099853515625,2196800
2022-03-24,336.44000244140625,337.5,334.29998779296875,336.2300109863281,1944100
2022-03-25,337.42999267578125,341.8299865722656,335.4800109863281,337.489990234375,1580800
2022-03-28,338.1499938964844,338.5,331.510009765625,335.29998779296875,2182600
2022-03-29,342.4700012207031,344.0,336.7300109863281,339.6600036621094,2378700
2022-03-30,339.0,339.8599853515625,333.6300048828125,335.5899963378906,2650200
2022-03-31,336.1300048828125,336.5,330.1000061035156,330.1000061035156,2632000
2022-04-01,333.92999267578125,334.1600036621094,327.57000732421875,330.2200012207031,2444800
2022-04-04,330.0,331.8699951171875,325.8599853515625,328.2099914550781,2569400
2022-04-05,327.3599853515625,329.739990234375,323.4800109863281,323.9599914550781,2573900
2022-04-06,320.0,320.6199951171875,315.75,316.260009765625,3151300
2022-04-07,315.0,315.8299865722656,308.20001220703125,314.1499938964844,3562600
2022-04-08,313.5799865722656,323.67999267578125,313.0,321.3900146484375,3294200
2022-04-11,320.6099853515625,328.8999938964844,319.0299987792969,320.760009765625,2747700
2022-04-12,321.67999267578125,327.1199951171875,318.010009765625,319.7799987792969,2365200
2022-04-13,315.79998779296875,322.6300048828125,314.7200012207031,321.9700012207031,3022900
2022-04-14,328.4700012207031,333.0299987792969,319.0299987792969,321.6400146484375,5460900
2022-04-18,320.6499938964844,332.6600036621094,320.6499938964844,329.8800048828125,3653400
2022-04-19,330.4700012207031,337.20001220703125,330.4700012207031,335.95001220703125,2774800
2022-04-20,338.1000061035156,344.8999938964844,337.5,341.05999755859375,3040100
2022-04-21,344.3299865722656,347.3500061035156,333.3599853515625,334.29998779296875,3097800
2022-04-22,332.30999755859375,332.5,319.4700012207031,319.7699890136719,3125200
2022-04-25,316.3800048828125,322.1600036621094,312.739990234375,321.4200134277344,3093600
2022-04-26,317.95001220703125,321.6000061035156,312.79998779296875,313.1199951171875,2791700
2022-04-27,312.1400146484375,319.239990234375,312.1400146484375,313.2300109863281,2469300
2022-04-28,317.1199951171875,319.3599853515625,312.1499938964844,318.4100036621094,2176000
2022-04-29,317.25,319.0799865722656,304.7099914550781,305.489990234375,3129600
2022-05-02,305.80999755859375,311.3699951171875,302.2099914550781,310.4200134277344,2968100
2022-05-03,311.5199890136719,319.5199890136719,311.32000732421875,314.6600036621094,2606200
2022-05-04,315.8299865722656,324.79998779296875,312.1700134277344,324.1099853515625,2629400
2022-05-05,320.5,320.67999267578125,308.69000244140625,313.07000732421875,2622100
2022-05-06,312.2799987792969,313.7099914550781,306.05999755859375,312.9599914550781,2375600
2022-05-09,308.9200134277344,313.7699890136719,304.9800109863281,308.8900146484375,3234000
2022-05-10,311.7200012207031,315.1499938964844,300.6499938964844,305.05999755859375,2798400
2022-05-11,305.05999755859375,310.9100036621094,301.0,301.54998779296875,2320600
2022-05-12,300.0,302.8900146484375,293.8999938964844,299.4100036621094,3408300
2022-05-13,303.6300048828125,309.6300048828125,303.57000732421875,306.989990234375,2152500
2022-05-16,305.95001220703125,306.4700012207031,300.54998779296875,303.44000244140625,1568800
2022-05-17,309.8699951171875,314.32000732421875,308.1300048828125,312.9700012207031,2096200
2022-05-18,309.0,312.8599853515625,304.8800048828125,306.7300109863281,2033200
2022-05-19,303.82000732421875,309.989990234375,303.3900146484375,308.20001220703125,2108800
2022-05-20,311.260009765625,312.5899963378906,299.4100036621094,306.79998779296875,2201100
2022-05-23,312.7200012207031,321.8299865722656,311.07000732421875,316.6099853515625,2653000
2022-05-24,315.3500061035156,315.79998779296875,306.42999267578125,313.95001220703125,1870900
2022-05-25,311.25,317.6000061035156,309.9800109863281,314.8999938964844,1929500
2022-05-26,318.29998779296875,325.5,317.9800109863281,323.6300048828125,2440400
2022-05-27,326.75,328.6700134277344,323.19000244140625,328.5799865722656,2106700
2022-05-31,324.010009765625,329.7200012207031,322.6600036621094,326.8500061035156,2722900
2022-06-01,327.0,329.2699890136719,315.8299865722656,321.8500061035156,2330200
2022-06-02,320.5899963378906,325.20001220703125,319.2300109863281,324.25,1957500
2022-06-03,320.8800048828125,322.5,317.5,318.67999267578125,1238900
2022-06-06,323.0,325.2099914550781,319.7900085449219,320.510009765625,1099700
2022-06-07,318.2799987792969,321.8399963378906,316.6600036621094,321.510009765625,2516800
2022-06-08,318.3399963378906,319.54998779296875,312.79998779296875,314.67999267578125,1438100
2022-06-09,313.55999755859375,314.1400146484375,304.0199890136719,304.2200012207031,2896500
2022-06-10,296.989990234375,298.6499938964844,286.8500061035156,287.0199890136719,3866900
2022-06-13,279.0,286.4200134277344,278.32000732421875,283.32000732421875,4218100
2022-06-14,284.3299865722656,289.17999267578125,281.29998779296875,282.5400085449219,2487700
2022-06-15,287.1600036621094,294.4800109863281,284.1700134277344,290.07000732421875,2725800
2022-06-16,282.67999267578125,286.1300048828125,279.1499938964844,284.9800109863281,2777300
2022-06-17,282.1300048828125,286.260009765625,278.1499938964844,279.7900085449219,5234400
2022-06-21,287.7699890136719,288.07000732421875,282.9800109863281,284.80999755859375,2506300
2022-06-22,282.2900085449219,286.010009765625,281.0400085449219,284.5400085449219,2463100
2022-06-23,283.760009765625,286.5899963378906,278.92999267578125,286.1700134277344,2547000
2022-06-24,291.0,303.1300048828125,290.0,302.75,3984300
2022-06-27,303.05999755859375,304.32000732421875,298.8800048828125,300.7799987792969,2091700
2022-06-28,305.8999938964844,308.9700012207031,299.17999267578125,299.489990234375,2276600
2022-06-29,303.3699951171875,307.44000244140625,299.9100036621094,303.2799987792969,2475900
2022-06-30,296.5799865722656,300.3299865722656,292.2300109863281,297.0199890136719,2669500
2022-07-01,295.2699890136719,300.3299865722656,291.7200012207031,299.2300109863281,1749400
2022-07-05,293.0,297.3500061035156,288.3599853515625,297.20001220703125,2480900
2022-07-06,296.2699890136719,297.3399963378906,290.6000061035156,293.760009765625,1774500
2022-07-07,297.6600036621094,299.07000732421875,293.6000061035156,298.6000061035156,2046500
2022-07-08,300.5,300.8900146484375,295.07000732421875,296.4700012207031,1438900
2022-07-11,293.20001220703125,296.5400085449219,291.8800048828125,293.17999267578125,1519400
2022-07-12,289.7099914550781,299.0799865722656,289.510009765625,292.5299987792969,1772600
2022-07-13,290.510009765625,291.19000244140625,285.80999755859375,290.1499938964844,1884100
2022-07-14,284.239990234375,284.239990234375,277.8399963378906,281.5899963378906,3171900
2022-07-15,286.5,296.42999267578125,285.1499938964844,293.8699951171875,3457600
2022-07-18,305.760009765625,311.25,298.7099914550781,301.260009765625,6767900
2022-07-19,303.5899963378906,319.1400146484375,303.5,318.04998779296875,5641100
2022-07-20,317.2799987792969,322.1700134277344,316.30999755859375,321.45001220703125,3489800
2022-07-21,320.510009765625,327.1600036621094,319.8500061035156,326.5400085449219,2518800
2022-07-22,327.1099853515625,329.04998779296875,322.19000244140625,323.92999267578125,1830300
2022-07-25,325.9700012207031,327.2900085449219,322.6000061035156,324.1199951171875,4024500
2022-07-26,321.7699890136719,324.2900085449219,317.760009765625,318.54998779296875,2054700
2022-07-27,320.2900085449219,326.3900146484375,318.3800048828125,324.5400085449219,2081900
2022-07-28,325.29998779296875,329.9800109863281,321.8900146484375,329.1099853515625,1820700
2022-07-29,329.5,335.17999267578125,329.5,333.3900146484375,2112200
2022-08-01,331.7300109863281,334.79998779296875,329.010009765625,332.0799865722656,1476500
2022-08-02,329.5,331.8299865722656,327.2200012207031,327.8800048828125,1862900
2022-08-03,332.07000732421875,335.510009765625,329.6199951171875,333.1700134277344,1770600
2022-08-04,333.2799987792969,334.29998779296875,330.6199951171875,331.8699951171875,1533400
2022-08-05,330.8999938964844,336.9100036621094,329.6700134277344,334.6700134277344,1876400
2022-08-08,337.1099853515625,338.8399963378906,334.3399963378906,334.67999267578125,1460000
2022-08-09,336.1499938964844,338.1700134277344,334.57000732421875,336.6199951171875,1587900
2022-08-10,341.3599853515625,349.70001220703125,341.3500061035156,347.9100036621094,2459500
2022-08-11,350.0,356.04998779296875,349.7799987792969,351.67999267578125,2360800
2022-08-12,353.44000244140625,354.55999755859375,350.1499938964844,353.82000732421875,2369000
2022-08-15,351.0,358.6199951171875,349.04998779296875,355.8500061035156,2045700
2022-08-16,352.989990234375,356.4700012207031,352.0199890136719,354.9700012207031,1740900
2022-08-17,351.8999938964844,355.5899963378906,350.7699890136719,353.739990234375,1576300
2022-08-18,352.6600036621094,355.1000061035156,350.8599853515625,354.5199890136719,1102200
2022-08-19,351.0,351.8599853515625,347.5,349.2699890136719,1812300
2022-08-22,342.44000244140625,344.5299987792969,340.760009765625,342.4200134277344,1723900
2022-08-23,341.95001220703125,344.07000732421875,339.0299987792969,340.17999267578125,1538000
2022-08-24,339.0199890136719,344.32000732421875,338.489990234375,341.94000244140625,1530800
2022-08-25,344.45001220703125,346.8599853515625,342.1099853515625,346.489990234375,1763900
2022-08-26,348.3399963378906,348.739990234375,336.0,336.3999938964844,1703900
2022-08-29,333.9200134277344,336.3999938964844,332.010009765625,333.9200134277344,1835600
2022-08-30,335.0,336.010009765625,331.17999267578125,333.6300048828125,1830300
2022-08-31,331.54998779296875,335.1400146484375,329.67999267578125,332.6700134277344,2488000
2022-09-01,329.8699951171875,333.69000244140625,324.6199951171875,333.5,1575100
2022-09-02,334.67999267578125,340.32000732421875,329.9700012207031,331.4800109863281,2215400
2022-09-06,332.32000732421875,333.25,323.4599914550781,326.489990234375,1578100
2022-09-07,324.25,332.1600036621094,323.25,330.55999755859375,1496600
2022-09-08,330.2900085449219,335.80999755859375,327.3599853515625,335.3800048828125,1755600
2022-09-09,337.9800109863281,341.0299987792969,337.0299987792969,340.1000061035156,1445600
2022-09-12,341.6600036621094,344.3699951171875,340.0899963378906,342.5799865722656,1563200
2022-09-13,336.0799865722656,336.5199890136719,326.8299865722656,328.3900146484375,2242100
2022-09-14,328.45001220703125,330.92999267578125,323.5,327.260009765625,1953300
2022-09-15,328.7300109863281,335.2799987792969,327.5899963378906,331.6199951171875,1489400
2022-09-16,326.3800048828125,329.0,319.7900085449219,326.2099914550781,2946800
2022-09-19,320.57000732421875,329.2900085449219,320.5400085449219,328.6600036621094,1652700
2022-09-20,325.70001220703125,326.79998779296875,320.010009765625,323.260009765625,1569900
2022-09-21,324.9200134277344,329.7900085449219,320.6300048828125,320.7099914550781,1796700
2022-09-22,322.32000732421875,323.3900146484375,311.20001220703125,312.9200134277344,2239900
2022-09-23,307.54998779296875,309.7900085449219,297.4599914550781,301.9700012207031,2918500
2022-09-26,299.0,302.1000061035156,292.30999755859375,294.6199951171875,2308800
2022-09-27,297.5,299.1499938964844,288.6199951171875,291.3800048828125,2007400
2022-09-28,294.0,302.4100036621094,292.4599914550781,300.7900085449219,2289700
2022-09-29,297.07000732421875,299.3500061035156,291.54998779296875,296.1099853515625,1930800
2022-09-30,296.0,301.0899963378906,292.70001220703125,293.04998779296875,1970800
2022-10-03,297.1700134277344,301.2300109863281,291.1000061035156,299.1499938964844,1938800
2022-10-04,306.79998779296875,315.1600036621094,305.8800048828125,314.8699951171875,2399500
2022-10-05,306.5799865722656,310.2099914550781,303.6000061035156,309.0,1992800
2022-10-06,307.3900146484375,309.0799865722656,303.4200134277344,304.6700134277344,1367400
2022-10-07,304.0,305.1499938964844,299.1499938964844,301.0799865722656,1790100
2022-10-10,303.6300048828125,304.7200012207031,298.42999267578125,300.5400085449219,1309600
2022-10-11,298.010009765625,302.5199890136719,293.9200134277344,294.2099914550781,2392800
2022-10-12,293.989990234375,299.7799987792969,291.7099914550781,295.30999755859375,1763800
2022-10-13,290.4200134277344,308.760009765625,287.75,307.07000732421875,2724900
2022-10-14,307.4599914550781,311.6199951171875,299.07000732421875,299.989990234375,2397600
2022-10-17,304.4100036621094,311.6199951171875,304.1400146484375,306.7099914550781,3118600
2022-10-18,321.6700134277344,324.4800109863281,312.0,313.8500061035156,6428600
2022-10-19,312.6099853515625,314.7900085449219,308.05999755859375,311.760009765625,2363800
2022-10-20,312.1000061035156,316.04998779296875,309.0,310.80999755859375,2382300
2022-10-21,311.0,325.7699890136719,309.489990234375,325.1000061035156,3545700
2022-10-24,328.5,331.239990234375,325.8500061035156,328.70001220703125,2232600
2022-10-25,327.8599853515625,333.6000061035156,325.9200134277344,332.3999938964844,1837700
2022-10-26,334.5199890136719,338.6700134277344,334.1400146484375,335.69000244140625,2176700
2022-10-27,339.30999755859375,341.92999267578125,336.5299987792969,337.17999267578125,1998800
2022-10-28,338.5199890136719,342.5799865722656,336.0,341.82000732421875,1677100
2022-10-31,341.07000732421875,346.17999267578125,340.57000732421875,344.510009765625,2224000
2022-11-01,345.1300048828125,348.69000244140625,343.7699890136719,348.5799865722656,2316600
2022-11-02,347.6199951171875,357.44000244140625,346.739990234375,349.7900085449219,3221200
2022-11-03,347.5,350.6700134277344,342.5899963378906,348.8699951171875,2515600
2022-11-04,354.0,358.3800048828125,351.2300109863281,357.9100036621094,3172700
2022-11-07,360.010009765625,362.9599914550781,358.5199890136719,362.55999755859375,2526900
2022-11-08,362.29998779296875,367.19000244140625,361.4599914550781,364.0199890136719,3501300
2022-11-09,362.95001220703125,367.1499938964844,360.8800048828125,362.0,3047200
2022-11-10,370.0,380.42999267578125,369.739990234375,378.30999755859375,3790400
2022-11-11,380.0,387.0,378.75,385.1700134277344,3409100
2022-11-14,384.0,387.29998779296875,380.5,382.3599853515625,2609100
2022-11-15,385.9800109863281,389.5799865722656,380.6499938964844,382.8800048828125,3192400
2022-11-16,383.2099914550781,385.3999938964844,380.010009765625,382.3299865722656,2303700
2022-11-17,377.1499938964844,381.7200012207031,375.010009765625,379.7799987792969,2297600
2022-11-18,381.2799987792969,382.8299865722656,377.3900146484375,379.20001220703125,2384500
2022-11-21,378.8999938964844,380.7699890136719,375.4200134277344,380.2099914550781,1877500
2022-11-22,381.3999938964844,385.8299865722656,381.3999938964844,383.8699951171875,2019400
2022-11-23,383.8999938964844,388.20001220703125,383.4100036621094,386.25,1865400
2022-11-25,385.760009765625,389.44000244140625,385.17999267578125,388.8599853515625,1129300
2022-11-28,385.42999267578125,388.3900146484375,380.8900146484375,382.3599853515625,2232200
2022-11-29,381.1300048828125,384.92999267578125,379.260009765625,383.7099914550781,1746900
2022-11-30,382.5,386.1499938964844,375.1000061035156,386.1499938964844,2964100
2022-12-01,386.5,386.5,380.45001220703125,383.80999755859375,1706300
2022-12-02,381.5199890136719,382.5199890136719,378.3999938964844,380.5799865722656,1932300
2022-12-05,378.54998779296875,378.8699951171875,369.30999755859375,371.5400085449219,2329600
2022-12-06,369.4800109863281,370.3699951171875,360.3299865722656,362.9100036621094,3081900
2022-12-07,362.489990234375,365.29998779296875,358.1499938964844,359.9200134277344,2128200
2022-12-08,362.0299987792969,362.5899963378906,356.05999755859375,358.0799865722656,1967800
2022-12-09,356.7099914550781,361.6400146484375,356.2099914550781,359.1400146484375,1588800
2022-12-12,358.57000732421875,364.010009765625,356.3399963378906,363.17999267578125,1750400
2022-12-13,374.6300048828125,378.55999755859375,365.510009765625,368.69000244140625,3062600
2022-12-14,367.010009765625,368.8299865722656,359.45001220703125,360.3800048828125,2519700
2022-12-15,354.4800109863281,356.1099853515625,347.94000244140625,349.8299865722656,3163700
2022-12-16,345.0799865722656,347.7799987792969,343.4100036621094,346.3500061035156,5008800
2022-12-19,346.2699890136719,348.3999938964844,342.6300048828125,344.6099853515625,1646700
2022-12-20,345.989990234375,347.4200134277344,343.489990234375,344.489990234375,1623000
2022-12-21,348.260009765625,350.8800048828125,346.8900146484375,350.1600036621094,1923100
2022-12-22,347.1600036621094,348.04998779296875,339.8800048828125,345.5799865722656,1528900
2022-12-23,344.8399963378906,347.760009765625,343.1099853515625,345.510009765625,1062000
2022-12-27,346.510009765625,347.75,341.7900085449219,341.9700012207031,1035000
2022-12-28,340.5,342.8500061035156,339.29998779296875,340.8699951171875,1117200
2022-12-29,342.44000244140625,344.6400146484375,341.239990234375,343.42999267578125,1273600
2022-12-30,341.739990234375,343.69000244140625,339.3999938964844,343.3800048828125,1031400
2023-01-03,345.5,348.6000061035156,342.80999755859375,346.2200012207031,1589700
2023-01-04,348.0299987792969,350.30999755859375,345.0799865722656,347.70001220703125,1881000
2023-01-05,344.25,345.1400146484375,340.1400146484375,343.760009765625,1397800
2023-01-06,347.29998779296875,349.0,340.95001220703125,348.0799865722656,3097800
2023-01-09,351.8800048828125,356.5,349.5,353.0,1989000
2023-01-10,352.6400146484375,357.5,350.5,357.3599853515625,1610100
2023-01-11,358.8699951171875,365.5,356.2099914550781,364.4800109863281,2127000
2023-01-12,366.239990234375,370.1000061035156,362.57000732421875,369.94000244140625,2103100
2023-01-13,363.489990234375,374.3500061035156,362.3599853515625,374.0,3310200
2023-01-17,364.79998779296875,366.7900085449219,344.0,349.9200134277344,14448300
2023-01-18,348.32000732421875,354.7900085449219,347.79998779296875,349.0899963378906,5585200
2023-01-19,346.0299987792969,352.1600036621094,345.5199890136719,350.75,3100400
2023-01-20,349.8699951171875,352.25,338.2099914550781,341.8399963378906,11247200
2023-01-23,341.6700134277344,349.55999755859375,336.1600036621094,349.1400146484375,4915700
2023-01-24,340.0,350.29998779296875,340.0,348.3299865722656,2372000
2023-01-25,344.75,349.9599914550781,343.8999938964844,349.6300048828125,1985200
2023-01-26,351.7300109863281,355.0,349.5199890136719,354.9700012207031,1919200
2023-01-27,351.95001220703125,355.989990234375,351.8299865722656,353.70001220703125,2427400
2023-01-30,353.2900085449219,362.3299865722656,352.3999938964844,357.4599914550781,3184500
2023-01-31,359.1600036621094,365.9200134277344,356.8599853515625,365.80999755859375,2311500
2023-02-01,359.1000061035156,368.94000244140625,358.760009765625,365.7099914550781,2889400
2023-02-02,368.0,372.8900146484375,364.54998779296875,369.4700012207031,2619600
2023-02-03,365.6199951171875,374.57000732421875,365.44000244140625,369.95001220703125,2243100
2023-02-06,369.0,371.260009765625,365.7799987792969,370.79998779296875,1816200
2023-02-07,368.1700134277344,376.30999755859375,367.3399963378906,374.3999938964844,2205500
2023-02-08,372.9200134277344,378.3500061035156,371.9800109863281,375.1000061035156,1893200
2023-02-09,377.0400085449219,379.67999267578125,367.79998779296875,367.989990234375,2052500
2023-02-10,367.0,372.2300109863281,364.55999755859375,371.2799987792969,1933400
2023-02-13,369.0899963378906,375.05999755859375,368.0,374.0199890136719,1570600
2023-02-14,373.94000244140625,377.04998779296875,369.3800048828125,371.7799987792969,2155500
2023-02-15,368.739990234375,374.3699951171875,368.25,374.3399963378906,1687200
2023-02-16,370.75,374.25,368.79998779296875,370.20001220703125,1947800
2023-02-17,368.04998779296875,371.05999755859375,366.8599853515625,368.5,1857300
2023-02-21,366.7200012207031,366.7200012207031,360.0899963378906,361.1199951171875,2403000
2023-02-22,361.6300048828125,363.0,358.0400085449219,360.8900146484375,2203800
2023-02-23,363.20001220703125,367.8800048828125,359.6099853515625,363.5400085449219,1931400
2023-02-24,360.1700134277344,365.17999267578125,359.5299987792969,363.8500061035156,2428600
2023-02-27,368.2200012207031,370.29998779296875,364.510009765625,365.5299987792969,2842400
2023-02-28,366.0,366.010009765625,351.3299865722656,351.6499938964844,4945600
2023-03-01,349.3900146484375,352.5400085449219,345.9599914550781,346.2300109863281,2717400
2023-03-02,343.989990234375,349.7799987792969,340.489990234375,349.1000061035156,3259800
2023-03-03,350.6400146484375,357.7699890136719,349.55999755859375,357.0899963378906,2396200
2023-03-06,358.05999755859375,358.8599853515625,353.7300109863281,357.04998779296875,1614200
2023-03-07,355.54998779296875,356.20001220703125,345.6300048828125,346.0799865722656,2048500
2023-03-08,346.19000244140625,349.69000244140625,345.1700134277344,349.2900085449219,1584600
2023-03-09,349.20001220703125,354.2900085449219,341.04998779296875,342.0899963378906,3177800
2023-03-10,338.8699951171875,339.92999267578125,326.0299987792969,327.6700134277344,4559700
2023-03-13,319.6700134277344,326.1099853515625,314.5400085449219,315.510009765625,5660700
2023-03-14,324.7699890136719,326.3800048828125,318.95001220703125,322.1499938964844,3785900
2023-03-15,310.7699890136719,312.510009765625,304.4100036621094,312.19000244140625,6596700
2023-03-16,309.0,318.32000732421875,304.9200134277344,315.0899963378906,4399100
2023-03-17,310.0899963378906,310.3999938964844,301.8699951171875,303.5400085449219,6369800
2023-03-20,306.7799987792969,312.20001220703125,306.260009765625,309.5299987792969,3963700
2023-03-21,317.6199951171875,320.32000732421875,315.3500061035156,317.2799987792969,3242400
2023-03-22,317.2799987792969,322.2200012207031,313.489990234375,313.6700134277344,2505900
2023-03-23,315.2099914550781,321.3599853515625,312.6400146484375,314.8500061035156,2585900
2023-03-24,310.1499938964844,312.75,305.3599853515625,312.57000732421875,2456700
2023-03-27,318.6199951171875,320.8999938964844,317.1700134277344,318.5299987792969,2300600
2023-03-28,319.0899963378906,320.6099853515625,316.1199951171875,318.44000244140625,1224300
2023-03-29,322.5,322.7099914550781,318.67999267578125,320.7200012207031,1475900
2023-03-30,324.55999755859375,324.8699951171875,319.8800048828125,321.1400146484375,1456300
2023-03-31,323.4700012207031,327.3299865722656,322.4200134277344,327.1099853515625,2281100
2023-04-03,326.1400146484375,328.9800109863281,323.1499938964844,326.5199890136719,1808800
2023-04-04,326.82000732421875,326.8699951171875,320.1199951171875,322.6499938964844,1536800
2023-04-05,319.6199951171875,322.20001220703125,319.3699951171875,321.5299987792969,1329300
2023-04-06,320.3800048828125,323.2300109863281,319.9800109863281,322.3999938964844,1311000
2023-04-10,322.3999938964844,324.989990234375,321.30999755859375,324.9599914550781,1114400
2023-04-11,326.04998779296875,329.20001220703125,323.6700134277344,327.3699951171875,1559600
2023-04-12,331.7200012207031,332.07000732421875,327.17999267578125,330.239990234375,1862400
2023-04-13,330.0799865722656,332.94000244140625,327.0,332.1300048828125,1765500
2023-04-14,336.5299987792969,339.6300048828125,334.32000732421875,336.9200134277344,2275700
2023-04-17,336.0,340.45001220703125,333.67999267578125,339.67999267578125,3012100
2023-04-18,328.0,336.54998779296875,326.1300048828125,333.9100036621094,7549500
2023-04-19,332.9800109863281,336.989990234375,331.6700134277344,336.8900146484375,2625400
2023-04-20,334.95001220703125,339.30999755859375,334.32000732421875,338.7099914550781,2217900
2023-04-21,339.0,342.3599853515625,336.0,341.6600036621094,2278900
2023-04-24,341.989990234375,345.05999755859375,341.5299987792969,343.9599914550781,1966300
2023-04-25,341.0,343.4700012207031,338.3299865722656,339.4800109863281,2138200
2023-04-26,337.5799865722656,340.6000061035156,334.6400146484375,336.55999755859375,2041900
2023-04-27,340.1400146484375,343.3599853515625,338.760009765625,341.6000061035156,1768200
2023-04-28,340.04998779296875,344.1000061035156,339.70001220703125,343.44000244140625,1714100
2023-05-01,344.04998779296875,347.4599914550781,340.3699951171875,340.57000732421875,1375000
2023-05-02,339.010009765625,339.8900146484375,330.0,333.3699951171875,2397600
2023-05-03,332.3599853515625,334.8299865722656,328.25,328.6499938964844,1825400
2023-05-04,325.95001220703125,326.9800109863281,318.55999755859375,321.260009765625,2965100
2023-05-05,325.05999755859375,327.8699951171875,322.4200134277344,327.0199890136719,2413400
2023-05-08,329.6400146484375,330.29998779296875,325.6700134277344,326.510009765625,1607300
2023-05-09,325.0400085449219,327.17999267578125,323.29998779296875,324.7699890136719,1253300
2023-05-10,329.9200134277344,329.9200134277344,319.0799865722656,322.54998779296875,1752200
2023-05-11,319.6600036621094,321.94000244140625,318.17999267578125,320.7200012207031,1515200
2023-05-12,322.0400085449219,323.2200012207031,317.32000732421875,319.5,1099100
2023-05-15,320.4200134277344,323.25,318.05999755859375,322.07000732421875,1178200
2023-05-16,322.5,323.07000732421875,320.5,320.80999755859375,1618900
2023-05-17,322.6600036621094,330.3900146484375,322.6600036621094,330.17999267578125,2098100
2023-05-18,330.0,330.6000061035156,325.6600036621094,329.5799865722656,1645400
2023-05-19,330.0,331.95001220703125,324.7900085449219,326.1499938964844,1546100
2023-05-22,326.1499938964844,327.3399963378906,322.42999267578125,324.9200134277344,1498900
2023-05-23,323.6000061035156,327.1400146484375,322.80999755859375,323.57000732421875,1550900
2023-05-24,320.3900146484375,321.8999938964844,318.79998779296875,319.80999755859375,1439100
2023-05-25,318.9200134277344,325.17999267578125,318.79998779296875,323.8800048828125,1618500
2023-05-26,324.7200012207031,332.8699951171875,324.0,332.010009765625,2718700
2023-05-30,332.0799865722656,332.5299987792969,327.7300109863281,330.8299865722656,1998600
2023-05-31,326.07000732421875,327.25,321.82000732421875,323.8999938964844,2938000
2023-06-01,324.510009765625,324.67999267578125,314.0199890136719,316.3999938964844,3339700
2023-06-02,318.239990234375,325.2699890136719,317.04998779296875,323.6499938964844,3987700
2023-06-05,322.92999267578125,323.489990234375,320.32000732421875,321.80999755859375,1462900
2023-06-06,322.42999267578125,328.07000732421875,321.3999938964844,326.79998779296875,1495600
2023-06-07,327.6400146484375,337.8399963378906,326.32000732421875,335.75,3382700
2023-06-08,335.3599853515625,336.3299865722656,331.3399963378906,335.4700012207031,2009500
2023-06-09,335.2099914550781,336.20001220703125,332.5400085449219,336.0199890136719,1702100
2023-06-12,338.44000244140625,340.0899963378906,336.3500061035156,339.489990234375,2290800
2023-06-13,340.20001220703125,345.2799987792969,339.45001220703125,342.5,1772400
2023-06-14,344.7799987792969,347.7300109863281,337.2300109863281,338.4200134277344,1819400
2023-06-15,337.32000732421875,344.0,335.70001220703125,339.739990234375,3322700
2023-06-16,341.3800048828125,341.3999938964844,337.1099853515625,338.30999755859375,4544900
2023-06-20,335.32000732421875,335.3800048828125,329.2300109863281,330.7200012207031,3208100
2023-06-21,328.45001220703125,330.0,324.9200134277344,325.07000732421875,2158700
2023-06-22,323.69000244140625,324.260009765625,319.010009765625,319.5799865722656,2409100
2023-06-23,316.55999755859375,317.7099914550781,314.07000732421875,314.7099914550781,2612000
2023-06-26,315.1300048828125,316.6400146484375,312.1700134277344,312.3599853515625,2481000
2023-06-27,312.4100036621094,315.67999267578125,310.55999755859375,313.45001220703125,2156800
2023-06-28,311.7200012207031,314.8999938964844,310.69000244140625,313.6600036621094,2423500
2023-06-29,317.8500061035156,325.5,316.25,323.0899963378906,3553600
2023-06-30,325.82000732421875,326.0299987792969,322.45001220703125,322.5400085449219,2361800
2023-07-03,322.4100036621094,329.3999938964844,322.4100036621094,326.6099853515625,1106800
2023-07-05,323.95001220703125,324.6099853515625,319.6300048828125,320.04998779296875,2561000
2023-07-06,318.0,318.6400146484375,312.8399963378906,313.0,2896900
2023-07-07,313.20001220703125,317.3699951171875,312.70001220703125,315.1700134277344,2903100
2023-07-10,316.6700134277344,320.0799865722656,316.0,316.4700012207031,1775800
2023-07-11,318.8299865722656,321.0400085449219,314.5799865722656,320.8800048828125,2041700
2023-07-12,324.5799865722656,333.3500061035156,324.25,326.3999938964844,2741300
2023-07-13,327.3500061035156,329.2799987792969,325.69000244140625,328.67999267578125,2787800
2023-07-14,331.989990234375,332.4800109863281,325.0199890136719,326.19000244140625,1815200
2023-07-17,325.8900146484375,327.489990234375,324.3599853515625,327.20001220703125,1777400
2023-07-18,327.29998779296875,338.25,327.29998779296875,337.2699890136719,3887400
2023-07-19,338.0,345.8800048828125,331.29998779296875,340.54998779296875,6037400
2023-07-20,339.1600036621094,351.67999267578125,339.1600036621094,350.8599853515625,3915000
2023-07-21,351.7799987792969,355.0799865722656,346.7799987792969,351.9599914550781,3217400
2023-07-24,352.8299865722656,361.6199951171875,352.0,358.92999267578125,3517500
2023-07-25,357.4200134277344,360.82000732421875,353.9800109863281,354.70001220703125,2893000
2023-07-26,354.489990234375,360.260009765625,354.2799987792969,357.55999755859375,2281600
2023-07-27,358.1300048828125,360.5400085449219,354.1700134277344,354.510009765625,2010800
2023-07-28,356.1099853515625,356.5,351.6099853515625,353.2300109863281,1827400
2023-07-31,354.8800048828125,357.20001220703125,354.0199890136719,355.8699951171875,1385500
2023-08-01,354.0,357.8699951171875,353.3900146484375,357.7200012207031,2024300
2023-08-02,354.989990234375,354.989990234375,348.8699951171875,351.1000061035156,2106600
2023-08-03,349.989990234375,355.2099914550781,348.6199951171875,353.1600036621094,1840400
2023-08-04,353.3399963378906,358.7300109863281,352.510009765625,353.2200012207031,1725300
2023-08-07,355.3999938964844,357.6700134277344,353.9200134277344,355.55999755859375,1260300
2023-08-08,351.70001220703125,352.0,342.0299987792969,348.260009765625,1917300
2023-08-09,346.82000732421875,348.4599914550781,342.489990234375,342.69000244140625,1326000
2023-08-10,344.07000732421875,347.260009765625,339.79998779296875,340.3999938964844,1345900
2023-08-11,339.92999267578125,341.7900085449219,337.54998779296875,340.7300109863281,1256800
2023-08-14,337.4100036621094,338.45001220703125,334.8599853515625,337.739990234375,1347000
2023-08-15,333.29998779296875,334.0299987792969,330.4800109863281,332.2099914550781,1657800
2023-08-16,330.5400085449219,332.9200134277344,328.9700012207031,329.1099853515625,3340300
2023-08-17,330.0,333.989990234375,324.0,327.5199890136719,3135200
2023-08-18,324.32000732421875,327.6199951171875,323.20001220703125,324.92999267578125,1730500
2023-08-21,325.3900146484375,326.3900146484375,319.3900146484375,322.05999755859375,1983500
2023-08-22,322.4800109863281,322.6400146484375,318.30999755859375,318.7900085449219,1810300
2023-08-23,320.6199951171875,322.45001220703125,318.0,322.3299865722656,1429000
2023-08-24,322.1499938964844,327.489990234375,319.510009765625,319.9599914550781,1185600
2023-08-25,320.79998779296875,322.7200012207031,318.19000244140625,320.1499938964844,1159600
2023-08-28,321.3399963378906,326.6000061035156,321.3399963378906,325.9700012207031,1440100
2023-08-29,325.55999755859375,332.70001220703125,324.67999267578125,332.54998779296875,1831700
2023-08-30,330.0,331.9100036621094,327.6499938964844,328.5799865722656,1131500
2023-08-31,329.4100036621094,330.489990234375,325.9599914550781,327.7099914550781,1271100
2023-09-01,329.6700134277344,331.6199951171875,326.2099914550781,327.3999938964844,1201400
2023-09-05,327.3399963378906,328.4800109863281,322.6300048828125,323.75,1846000
2023-09-06,322.30999755859375,324.1400146484375,319.30999755859375,321.1300048828125,2120800
2023-09-07,320.6199951171875,324.2200012207031,320.1300048828125,321.9599914550781,1471100
2023-09-08,321.9200134277344,325.9700012207031,321.6600036621094,325.5199890136719,2026400
2023-09-11,328.260009765625,330.1499938964844,324.2900085449219,324.6499938964844,1283100
2023-09-12,324.010009765625,335.2799987792969,324.0,330.8999938964844,2054700
2023-09-13,333.5,337.010009765625,330.82000732421875,334.9800109863281,2165000
2023-09-14,339.0,345.1199951171875,336.8500061035156,344.57000732421875,2822700
2023-09-15,345.1499938964844,346.19000244140625,341.8599853515625,342.5400085449219,3063900
2023-09-18,342.5400085449219,344.260009765625,339.2699890136719,343.32000732421875,1356600
2023-09-19,343.4599914550781,344.9700012207031,337.9700012207031,341.8900146484375,1660200
2023-09-20,342.6099853515625,343.79998779296875,336.2900085449219,336.70001220703125,1224400
2023-09-21,334.5,334.69000244140625,330.0799865722656,330.239990234375,1685100
2023-09-22,330.1000061035156,331.5400085449219,326.8299865722656,327.8900146484375,1669100
2023-09-25,327.07000732421875,329.2900085449219,325.2799987792969,328.8399963378906,833300
2023-09-26,325.6099853515625,327.42999267578125,322.4200134277344,323.82000732421875,1481800
2023-09-27,324.9800109863281,325.0,318.9800109863281,321.95001220703125,1493000
2023-09-28,320.2099914550781,326.8399963378906,320.2099914550781,325.20001220703125,1389600
2023-09-29,327.20001220703125,327.9599914550781,322.2699890136719,323.57000732421875,1403900
2023-10-02,322.0299987792969,323.5799865722656,317.1000061035156,318.5,1303800
2023-10-03,315.2699890136719,315.67999267578125,304.3900146484375,306.1199951171875,3118600
2023-10-04,304.8500061035156,309.05999755859375,303.4800109863281,308.6000061035156,1872000
2023-10-05,307.3599853515625,310.54998779296875,304.2099914550781,310.5,1584600
2023-10-06,308.1099853515625,315.32000732421875,307.1700134277344,312.4800109863281,1595100
2023-10-09,308.8999938964844,313.4800109863281,308.3699951171875,312.6099853515625,1094400
2023-10-10,314.4700012207031,316.8500061035156,312.2900085449219,314.7699890136719,1193800
2023-10-11,315.42999267578125,316.6300048828125,311.6000061035156,313.0199890136719,1672500
2023-10-12,314.1499938964844,314.25,308.0199890136719,309.8500061035156,1727700
2023-10-13,312.0,316.17999267578125,308.1700134277344,309.29998779296875,1785200
2023-10-16,313.17999267578125,315.8999938964844,310.25,314.3900146484375,2273900
2023-10-17,313.3800048828125,316.17999267578125,305.9100036621094,309.3599853515625,4123000
2023-10-18,307.0,307.2200012207031,301.4800109863281,301.9599914550781,3460300
2023-10-19,301.9599914550781,305.3399963378906,298.6300048828125,299.19000244140625,3211800
2023-10-20,298.5,303.25,298.1000061035156,300.04998779296875,2329000
2023-10-23,298.2900085449219,303.54998779296875,298.19000244140625,299.2200012207031,2959800
2023-10-24,300.0,303.1000061035156,299.0799865722656,299.17999267578125,1697100
2023-10-25,298.6000061035156,300.0,295.0299987792969,296.760009765625,1809300
2023-10-26,296.9599914550781,300.1400146484375,294.7799987792969,296.989990234375,2011200
2023-10-27,297.54998779296875,298.2699890136719,289.3599853515625,289.9100036621094,2601700
2023-10-30,293.45001220703125,301.80999755859375,293.2900085449219,300.8299865722656,3065200
2023-10-31,301.67999267578125,304.2900085449219,300.70001220703125,303.6099853515625,2611000
2023-11-01,303.3299865722656,308.25,302.8399963378906,307.1600036621094,2345400
2023-11-02,309.69000244140625,314.5400085449219,308.0,313.760009765625,2597000
2023-11-03,318.4599914550781,329.3299865722656,317.92999267578125,327.6199951171875,3742000
2023-11-06,326.6600036621094,328.8999938964844,322.1000061035156,323.9100036621094,2087600
2023-11-07,322.1300048828125,326.3900146484375,321.2900085449219,323.95001220703125,1505000
2023-11-08,323.95001220703125,326.6600036621094,323.6700134277344,324.55999755859375,1484400
2023-11-09,326.0,326.6499938964844,319.6600036621094,320.7799987792969,1787900
2023-11-10,323.32000732421875,326.05999755859375,321.6499938964844,325.510009765625,1781400
2023-11-13,324.1600036621094,328.7200012207031,323.5299987792969,326.9100036621094,1403300
2023-11-14,333.5299987792969,341.7799987792969,332.4700012207031,338.7200012207031,3592700
2023-11-15,339.8999938964844,341.0799865722656,335.3399963378906,337.6000061035156,2534500
2023-11-16,337.760009765625,339.75,335.010009765625,336.6700134277344,1620400
2023-11-17,339.5,340.45001220703125,338.1199951171875,339.19000244140625,1465200
2023-11-20,340.0,341.32000732421875,337.5,339.45001220703125,3146000
2023-11-21,338.3599853515625,339.0899963378906,334.54998779296875,334.9700012207031,1900900
2023-11-22,336.94000244140625,338.9100036621094,335.3699951171875,338.6400146484375,1235200
2023-11-24,338.79998779296875,340.2699890136719,337.6400146484375,339.1499938964844,460100
2023-11-27,339.19000244140625,340.0199890136719,335.739990234375,337.7099914550781,1250500
2023-11-28,337.3800048828125,338.3999938964844,334.8699951171875,337.6499938964844,1419000
2023-11-29,337.0,343.5299987792969,336.510009765625,340.260009765625,2038100
2023-11-30,341.67999267578125,344.760009765625,340.0899963378906,341.5400085449219,1903600
2023-12-01,341.4599914550781,348.8900146484375,340.4200134277344,348.42999267578125,3623300
2023-12-04,346.29998779296875,350.489990234375,345.2900085449219,349.3900146484375,2178100
2023-12-05,346.6000061035156,346.8299865722656,340.5400085449219,341.75,2429700
2023-12-06,343.510009765625,347.0,341.6000061035156,341.9700012207031,1869300
2023-12-07,343.7099914550781,344.69000244140625,342.0,344.6199951171875,2162400
2023-12-08,344.30999755859375,352.2900085449219,343.7799987792969,350.8299865722656,2238800
2023-12-11,351.44000244140625,353.0299987792969,349.04998779296875,351.760009765625,1636000
2023-12-12,351.4100036621094,354.0,349.5799865722656,352.6099853515625,1597600
2023-12-13,352.94000244140625,362.8500061035156,351.6000061035156,362.7300109863281,2876500
2023-12-14,366.5,386.20001220703125,365.0,383.4700012207031,5376300
2023-12-15,380.19000244140625,385.8999938964844,379.32000732421875,380.510009765625,4522300
2023-12-18,381.260009765625,382.760009765625,375.9100036621094,376.3999938964844,2740900
2023-12-19,376.010009765625,383.7699890136719,374.54998779296875,382.45001220703125,2091800
2023-12-20,380.7300109863281,385.1300048828125,377.25,377.5199890136719,1836500
2023-12-21,380.04998779296875,381.489990234375,377.010009765625,380.57000732421875,1301600
2023-12-22,382.0,383.489990234375,379.4100036621094,380.6499938964844,1538200
2023-12-26,380.6499938964844,382.6099853515625,380.04998779296875,381.6099853515625,837300
2023-12-27,381.20001220703125,385.75,380.30999755859375,384.4800109863281,1367200
2023-12-28,384.5199890136719,387.760009765625,383.6300048828125,386.4100036621094,1024700
2023-12-29,385.57000732421875,386.6400146484375,383.57000732421875,385.7699890136719,881300
2024-01-02,383.0,389.1400146484375,382.19000244140625,388.29998779296875,2263100
2024-01-03,383.8800048828125,385.3999938964844,376.760009765625,381.7900085449219,2265300
2024-01-04,383.54998779296875,387.0899963378906,381.95001220703125,382.95001220703125,1618300
2024-01-05,381.9200134277344,389.4700012207031,381.0799865722656,386.44000244140625,2913900
2024-01-08,385.9700012207031,389.0799865722656,382.0299987792969,388.8599853515625,1902600
2024-01-09,384.6000061035156,385.95001220703125,381.7699890136719,383.739990234375,1708800
2024-01-10,381.3500061035156,383.04998779296875,378.5299987792969,381.9599914550781,1547300
2024-01-11,380.8900146484375,380.9800109863281,374.67999267578125,379.75,2209900
2024-01-12,383.3399963378906,385.8500061035156,376.5799865722656,377.75,2223800
2024-01-16,378.3599853515625,385.010009765625,374.32000732421875,380.45001220703125,3926600
2024-01-17,375.20001220703125,380.20001220703125,374.1300048828125,377.17999267578125,2415100
2024-01-18,380.3299865722656,381.6400146484375,374.55999755859375,376.9100036621094,1771200
2024-01-19,376.7300109863281,383.29998779296875,372.07000732421875,382.20001220703125,2603300
2024-01-22,386.3599853515625,392.7300109863281,384.55999755859375,385.9599914550781,2922700
2024-01-23,379.9800109863281,383.3599853515625,378.6300048828125,380.7699890136719,3313300
2024-01-24,381.80999755859375,384.6099853515625,379.17999267578125,379.3999938964844,2235800
2024-01-25,382.69000244140625,386.7099914550781,382.010009765625,382.70001220703125,2376300
2024-01-26,378.6499938964844,380.8999938964844,376.75,377.7900085449219,3464700
2024-01-29,375.8900146484375,380.8399963378906,374.239990234375,380.55999755859375,1632300
2024-01-30,384.0,387.9200134277344,381.5899963378906,386.8699951171875,3897900
2024-01-31,386.0,393.9100036621094,383.70001220703125,384.010009765625,3421100
2024-02-01,384.42999267578125,389.5400085449219,378.79998779296875,383.8500061035156,2138500
2024-02-02,381.79998779296875,388.739990234375,380.6000061035156,387.8599853515625,2180900
2024-02-05,384.6000061035156,385.3299865722656,381.0,383.0199890136719,2231100
2024-02-06,383.0199890136719,386.82000732421875,383.0,384.989990234375,1487800
2024-02-07,385.30999755859375,387.07000732421875,382.5,386.6600036621094,1963200
2024-02-08,386.0,388.1099853515625,381.3399963378906,385.0400085449219,1913700
2024-02-09,384.7699890136719,386.1300048828125,382.5899963378906,384.260009765625,2028200
2024-02-12,385.0,396.3500061035156,384.32000732421875,392.6400146484375,2797200
2024-02-13,387.5899963378906,389.1600036621094,375.20001220703125,378.75,3030800
2024-02-14,380.8800048828125,381.4800109863281,375.7799987792969,378.0400085449219,2041300
2024-02-15,379.4200134277344,387.2099914550781,379.1400146484375,385.4200134277344,2218900
2024-02-16,383.239990234375,387.5799865722656,380.95001220703125,384.44000244140625,2376800
2024-02-20,380.95001220703125,385.5799865722656,380.8500061035156,384.5199890136719,2358900
2024-02-21,381.8399963378906,388.6600036621094,381.260009765625,388.2699890136719,1772500
2024-02-22,389.2300109863281,395.6000061035156,389.0,390.4700012207031,2326800
2024-02-23,390.0,396.7900085449219,389.2099914550781,391.04998779296875,2247400
2024-02-26,391.04998779296875,396.05999755859375,388.82000732421875,390.2200012207031,1797800
2024-02-27,392.260009765625,395.8999938964844,389.3299865722656,390.80999755859375,1724900
2024-02-28,387.19000244140625,393.260009765625,387.0,393.17999267578125,2572900
2024-02-29,395.2200012207031,395.9800109863281,385.6700134277344,389.04998779296875,3139100
2024-03-01,389.6300048828125,391.0400085449219,385.25,388.1000061035156,1697700
2024-03-04,388.80999755859375,396.57000732421875,386.20001220703125,392.25,1955100
2024-03-05,390.7200012207031,397.489990234375,390.30999755859375,390.9100036621094,2697800
2024-03-06,395.0,395.2900085449219,384.5199890136719,389.57000732421875,2692400
2024-03-07,391.8999938964844,394.510009765625,387.05999755859375,388.42999267578125,2033100
2024-03-08,388.7300109863281,395.6199951171875,386.7099914550781,386.989990234375,1657200
2024-03-11,385.6700134277344,386.4100036621094,381.4200134277344,386.1600036621094,1654200
2024-03-12,387.6199951171875,389.1300048828125,383.7799987792969,388.17999267578125,1703900
2024-03-13,388.9100036621094,395.25,388.17999267578125,392.30999755859375,2370600
2024-03-14,394.42999267578125,396.3800048828125,385.45001220703125,388.6099853515625,3029500
2024-03-15,388.8699951171875,391.1300048828125,386.3999938964844,387.2099914550781,3763900
2024-03-18,388.6499938964844,389.0299987792969,383.4100036621094,384.3699951171875,2069000
2024-03-19,384.07000732421875,390.7799987792969,383.7099914550781,388.6600036621094,1858200
2024-03-20,386.3599853515625,396.5,386.0,396.4700012207031,2157400
2024-03-21,399.7699890136719,414.0199890136719,399.0899963378906,413.7099914550781,4613800
2024-03-22,414.3999938964844,416.760009765625,405.7799987792969,406.82000732421875,2190300
2024-03-25,406.8699951171875,410.4599914550781,403.8599853515625,404.94000244140625,1683900
2024-03-26,406.0899963378906,409.3299865722656,404.5199890136719,406.17999267578125,1407000
2024-03-27,409.6199951171875,415.489990234375,408.3699951171875,415.25,2353600
2024-03-28,416.2099914550781,419.20001220703125,414.9800109863281,417.69000244140625,2409700
2024-04-01,416.67999267578125,417.95001220703125,412.0,413.510009765625,1863900
2024-04-02,410.739990234375,413.1700134277344,407.6199951171875,410.1499938964844,1976000
2024-04-03,411.0,416.6300048828125,411.0,414.0,1549200
2024-04-04,418.0,419.0,405.70001220703125,406.25,1704700
2024-04-05,406.55999755859375,409.1400146484375,401.4700012207031,408.07000732421875,1694900
2024-04-08,409.1000061035156,412.5299987792969,407.54998779296875,410.5400085449219,1181900
2024-04-09,411.510009765625,413.2200012207031,407.04998779296875,410.7099914550781,1247200
2024-04-10,404.010009765625,405.45001220703125,397.2900085449219,400.760009765625,1903300
2024-04-11,400.4800109863281,401.4700012207031,394.8399963378906,397.4800109863281,2176200
2024-04-12,392.8399963378906,394.0899963378906,387.1199951171875,389.489990234375,2815800
2024-04-15,407.0,412.8699951171875,398.69000244140625,400.8800048828125,6177000
2024-04-16,404.45001220703125,404.9700012207031,395.17999267578125,396.8599853515625,3459700
2024-04-17,402.3999938964844,407.1199951171875,401.17999267578125,403.9100036621094,4373800
2024-04-18,405.489990234375,407.8599853515625,402.4100036621094,403.1099853515625,2776300
2024-04-19,404.05999755859375,408.0,403.010009765625,404.0,2805500
2024-04-22,406.94000244140625,417.9800109863281,404.57000732421875,417.3500061035156,4165600
2024-04-23,417.7099914550781,425.3500061035156,416.20001220703125,424.0,2662300
2024-04-24,421.5,424.5799865722656,419.6099853515625,423.0400085449219,1575900
2024-04-25,420.989990234375,423.6099853515625,414.8500061035156,420.04998779296875,1970100
2024-04-26,420.2300109863281,428.5299987792969,419.6400146484375,427.57000732421875,2322700
2024-04-29,427.57000732421875,433.3299865722656,427.20001220703125,430.80999755859375,2453000
2024-04-30,428.5,431.3900146484375,426.0,426.7099914550781,1829900
2024-05-01,426.69000244140625,433.42999267578125,425.19000244140625,426.95001220703125,2310100
2024-05-02,431.20001220703125,433.6499938964844,428.1700134277344,432.57000732421875,2087500
2024-05-03,435.0,442.29998779296875,434.9200134277344,438.17999267578125,2406300
2024-05-06,441.75,444.3800048828125,439.67999267578125,443.6700134277344,1914300
2024-05-07,445.1700134277344,447.4200134277344,442.8699951171875,443.79998779296875,2058200
2024-05-08,442.79998779296875,448.0199890136719,442.04998779296875,446.95001220703125,2006700
2024-05-09,446.3399963378906,456.42999267578125,446.3399963378906,455.55999755859375,2710200
2024-05-10,456.5199890136719,458.75,454.32000732421875,454.7300109863281,1823900
2024-05-13,456.2699890136719,457.20001220703125,453.32000732421875,453.55999755859375,1579600
2024-05-14,454.8399963378906,461.7699890136719,454.010009765625,458.4700012207031,2412900
2024-05-15,461.5899963378906,466.19000244140625,460.95001220703125,466.0899963378906,2217700
2024-05-16,464.3699951171875,468.25,462.2799987792969,464.5199890136719,2070300
2024-05-17,466.3800048828125,468.6600036621094,464.25,467.7200012207031,1655900
2024-05-20,468.20001220703125,471.4800109863281,462.6000061035156,462.94000244140625,2591500
2024-05-21,462.2300109863281,471.30999755859375,462.20001220703125,470.4100036621094,2762600
2024-05-22,467.3599853515625,470.3299865722656,459.75,462.3800048828125,2729500
2024-05-23,464.2300109863281,464.30999755859375,457.4100036621094,458.1499938964844,2254500
2024-05-24,459.8399963378906,465.25,459.1000061035156,461.17999267578125,1932200
2024-05-28,459.94000244140625,463.69000244140625,458.9100036621094,459.80999755859375,1930800
2024-05-29,454.8399963378906,458.739990234375,451.6499938964844,457.1700134277344,2315700
2024-05-30,453.0,455.8599853515625,447.6000061035156,450.2300109863281,2135000
2024-05-31,449.760009765625,456.7699890136719,448.1199951171875,456.5199890136719,2638300
2024-06-03,458.8699951171875,458.8699951171875,450.20001220703125,454.9800109863281,1930700
2024-06-04,450.5,457.7099914550781,449.2099914550781,455.29998779296875,1835000
2024-06-05,457.54998779296875,463.0199890136719,457.5,461.67999267578125,1678900
2024-06-06,461.82000732421875,464.5199890136719,457.010009765625,458.1000061035156,1598000
2024-06-07,455.44000244140625,461.1600036621094,454.5,454.9100036621094,1736100
2024-06-10,452.3299865722656,455.3599853515625,450.29998779296875,453.54998779296875,1698600
2024-06-11,451.0400085449219,451.8599853515625,443.3800048828125,444.2699890136719,1938200
2024-06-12,455.6000061035156,457.6400146484375,446.19000244140625,448.70001220703125,1733000
2024-06-13,446.7300109863281,448.32000732421875,442.1499938964844,446.3500061035156,1849100
2024-06-14,441.989990234375,448.2300109863281,439.1499938964844,446.4599914550781,1559100
2024-06-17,445.1000061035156,450.7799987792969,443.3900146484375,450.17999267578125,1531600
2024-06-18,449.57000732421875,457.69000244140625,448.510009765625,457.42999267578125,1798400
2024-06-20,458.0,460.4100036621094,455.239990234375,458.04998779296875,2080600
2024-06-21,458.67999267578125,458.79998779296875,449.8999938964844,450.17999267578125,3780800
2024-06-24,451.25,463.5199890136719,450.0,462.0899963378906,1882200
2024-06-25,459.4599914550781,464.0799865722656,456.75,457.3800048828125,1555900
2024-06-26,455.4100036621094,457.92999267578125,452.45001220703125,455.8599853515625,2131700
2024-06-27,449.7799987792969,449.7799987792969,442.79998779296875,445.9599914550781,2835200
2024-06-28,450.1000061035156,457.3399963378906,449.5299987792969,452.32000732421875,3839700
2024-07-01,454.510009765625,464.0199890136719,454.010009765625,463.6600036621094,1850500
2024-07-02,461.510009765625,466.2699890136719,459.6000061035156,465.6099853515625,1491800
2024-07-03,469.0400085449219,469.8900146484375,465.82000732421875,467.9200134277344,993900
2024-07-05,467.4700012207031,467.5799865722656,460.1300048828125,464.75,1593800
2024-07-08,467.6499938964844,474.8599853515625,464.0400085449219,464.82000732421875,2214300
2024-07-09,465.6000061035156,479.29998779296875,461.5799865722656,472.8299865722656,4525100
2024-07-10,472.510009765625,479.8599853515625,469.8500061035156,478.8900146484375,1946000
2024-07-11,480.0,483.1600036621094,476.2699890136719,479.2300109863281,2251400
2024-07-12,480.92999267578125,483.44000244140625,478.1000061035156,479.8800048828125,2727800
2024-07-15,480.25,493.0,476.30999755859375,492.2300109863281,3568200
2024-07-16,494.0,506.5899963378906,491.989990234375,503.0199890136719,3981700
2024-07-17,503.0,509.4800109863281,499.42999267578125,502.17999267578125,3908900
2024-07-18,499.5199890136719,503.69000244140625,484.2200012207031,486.2099914550781,3320200
2024-07-19,489.1199951171875,492.6000061035156,483.19000244140625,484.92999267578125,2032700
2024-07-22,484.55999755859375,489.4700012207031,482.3800048828125,487.0400085449219,1792500
2024-07-23,487.0799865722656,495.80999755859375,486.2799987792969,492.1499938964844,2020500
2024-07-24,489.260009765625,495.989990234375,485.82000732421875,486.70001220703125,1598600
2024-07-25,486.04998779296875,496.1099853515625,483.2300109863281,491.7099914550781,1489700
2024-07-26,495.7200012207031,504.0,495.6499938964844,499.0299987792969,2249700
2024-07-29,500.4200134277344,502.0,491.05999755859375,492.7200012207031,1599500
2024-07-30,498.30999755859375,509.4700012207031,498.29998779296875,505.6700134277344,2642500
2024-07-31,504.8599853515625,517.260009765625,504.8599853515625,509.0299987792969,2658900
2024-08-01,510.0,514.02001953125,494.67999267578125,500.1199951171875,4006800
2024-08-02,491.1000061035156,494.4599914550781,467.2099914550781,470.6400146484375,6115500
2024-08-05,447.5899963378906,463.17999267578125,437.3699951171875,459.0199890136719,4177200
2024-08-06,461.010009765625,475.25,457.42999267578125,470.2200012207031,2209300
2024-08-07,479.3900146484375,488.54998779296875,472.57000732421875,473.010009765625,2587600
2024-08-08,477.8699951171875,487.7300109863281,477.1600036621094,485.7699890136719,1936400
2024-08-09,485.0199890136719,492.0,482.20001220703125,490.260009765625,1622700
2024-08-12,490.260009765625,492.8699951171875,483.75,485.5,1839300
2024-08-13,490.2900085449219,493.2699890136719,486.4700012207031,491.94000244140625,1243700
2024-08-14,492.8999938964844,499.3500061035156,488.3999938964844,498.70001220703125,1545600
2024-08-15,505.0,506.9100036621094,498.260009765625,499.0199890136719,1732300
2024-08-16,497.04998779296875,504.9100036621094,497.0,504.260009765625,1587000
2024-08-19,505.0,507.7799987792969,501.8599853515625,504.67999267578125,1027900
2024-08-20,503.8699951171875,504.1600036621094,496.5,497.3399963378906,2122700
2024-08-21,499.5,500.7799987792969,494.0299987792969,496.4599914550781,917100
2024-08-22,497.0,499.70001220703125,494.7900085449219,497.75,943800
2024-08-23,502.75,512.4400024414062,499.8500061035156,509.4200134277344,1751800
2024-08-26,512.3400268554688,513.5,505.32000732421875,507.8699951171875,1084200
2024-08-27,507.8399963378906,511.4800109863281,506.5899963378906,507.260009765625,977900
2024-08-28,506.6000061035156,508.3699951171875,498.4700012207031,503.3299865722656,1568100
2024-08-29,506.0,513.239990234375,501.1400146484375,510.1000061035156,1566300
2024-08-30,507.8299865722656,511.19000244140625,505.1700134277344,510.25,1838900
2024-09-03,507.4700012207031,509.70001220703125,485.3999938964844,487.4599914550781,2373600
2024-09-04,486.70001220703125,496.20001220703125,486.70001220703125,490.6400146484375,1509400
2024-09-05,493.5799865722656,495.7699890136719,483.07000732421875,487.8800048828125,1828300
2024-09-06,486.6000061035156,495.4100036621094,477.05999755859375,479.6099853515625,1995600
2024-09-09,485.5299987792969,494.2799987792969,483.3900146484375,488.57000732421875,1714200
2024-09-10,489.1300048828125,489.20001220703125,461.57000732421875,467.1300048828125,3583100
2024-09-11,463.9800109863281,471.8900146484375,457.4800109863281,471.1700134277344,2426500
2024-09-12,471.29998779296875,474.3399963378906,465.3999938964844,474.05999755859375,1480500
2024-09-13,475.989990234375,482.1000061035156,475.5,478.989990234375,1794500
2024-09-16,481.42999267578125,487.3800048828125,479.489990234375,485.1600036621094,1500300
2024-09-17,488.0,489.7300109863281,481.79998779296875,485.3900146484375,1444900
2024-09-18,485.3999938964844,492.989990234375,481.7699890136719,484.5799865722656,1699500
2024-09-19,494.739990234375,506.4100036621094,493.4599914550781,503.8299865722656,3060700
2024-09-20,500.19000244140625,502.04998779296875,495.4800109863281,498.42999267578125,4452600
2024-09-23,498.2099914550781,501.3999938964844,495.2200012207031,497.4100036621094,953200
2024-09-24,497.5899963378906,499.55999755859375,494.1000061035156,498.0199890136719,1035400
2024-09-25,498.5,502.0,490.3999938964844,491.1400146484375,1763900
2024-09-26,494.0,498.3999938964844,492.4800109863281,496.9200134277344,1378100
2024-09-27,498.9700012207031,505.3999938964844,495.8599853515625,498.510009765625,1420100
2024-09-30,494.8900146484375,496.5199890136719,488.8999938964844,495.1099853515625,1602500
2024-10-01,494.5799865722656,494.5799865722656,484.6099853515625,490.1700134277344,1528600
2024-10-02,491.1700134277344,494.8599853515625,487.95001220703125,491.989990234375,1445100
2024-10-03,489.92999267578125,490.510009765625,484.20001220703125,486.1000061035156,1290600
2024-10-04,495.6400146484375,496.30999755859375,486.0,495.1600036621094,1721600
2024-10-07,494.6300048828125,499.010009765625,490.7900085449219,494.6199951171875,1173300
2024-10-08,497.0,498.3399963378906,492.7799987792969,496.57000732421875,1296700
2024-10-09,498.20001220703125,506.2699890136719,495.25,505.17999267578125,1695900
2024-10-10,506.30999755859375,506.79998779296875,499.5899963378906,503.7200012207031,1309000
2024-10-11,508.0,517.969970703125,507.79998779296875,516.2999877929688,2409700
2024-10-14,517.6500244140625,523.0700073242188,515.510009765625,522.75,2174900
2024-10-15,538.7999877929688,540.510009765625,515.510009765625,522.3800048828125,4525400
2024-10-16,530.0,536.219970703125,525.97998046875,529.8599853515625,2649000
2024-10-17,531.239990234375,535.2899780273438,528.22998046875,529.0,2123500
2024-10-18,529.3900146484375,530.77001953125,526.8699951171875,528.5,1779200
2024-10-21,528.0,529.8499755859375,517.0,517.7999877929688,1752100
2024-10-22,515.6099853515625,519.6300048828125,512.9400024414062,518.2999877929688,1588000
2024-10-23,515.7999877929688,520.0,513.4000244140625,517.2000122070312,1263200
2024-10-24,519.0,525.0,518.2000122070312,524.5,2058200
2024-10-25,528.0499877929688,528.7999877929688,510.739990234375,512.5999755859375,1633200
2024-10-28,515.4000244140625,524.5900268554688,514.97998046875,523.5800170898438,1687100
2024-10-29,521.1799926757812,527.239990234375,521.0,524.280029296875,1281600
2024-10-30,523.4000244140625,530.7899780273438,523.0700073242188,524.4000244140625,1441600
2024-10-31,522.4400024414062,525.0,514.530029296875,517.7899780273438,2061700
2024-11-01,520.0,526.6400146484375,517.0399780273438,519.3499755859375,1625000
2024-11-04,518.0,518.0499877929688,510.510009765625,511.4700012207031,1797800
2024-11-05,513.0,527.4600219726562,512.5999755859375,526.9600219726562,2169900
2024-11-06,567.2999877929688,598.6099853515625,566.0999755859375,595.97998046875,8042800
2024-11-07,590.0,595.0,581.52001953125,582.1699829101562,4475600
2024-11-08,586.4199829101562,595.1500244140625,581.2999877929688,589.260009765625,2714000
2024-11-11,598.9000244140625,607.1500244140625,596.1699829101562,602.3400268554688,2510800
2024-11-12,598.0499877929688,602.0900268554688,591.469970703125,592.5900268554688,2392900
2024-11-13,594.6300048828125,603.5499877929688,592.6500244140625,594.219970703125,1763100
2024-11-14,600.0,601.530029296875,586.239990234375,588.6099853515625,1670500
2024-11-15,593.3599853515625,595.1400146484375,587.0900268554688,593.5399780273438,2007700
2024-11-18,594.7100219726562,595.0700073242188,584.719970703125,587.989990234375,1848900
2024-11-19,579.6599731445312,584.760009765625,575.510009765625,581.3800048828125,2217400
2024-11-20,583.8300170898438,587.7999877929688,576.6199951171875,581.9299926757812,1528600
2024-11-21,586.510009765625,600.7000122070312,584.510009765625,596.1099853515625,2281900
2024-11-22,596.219970703125,603.9400024414062,594.4400024414062,602.780029296875,1733700
2024-11-25,608.7899780273438,611.2999877929688,598.8300170898438,603.030029296875,2940800
2024-11-26,600.1300048828125,607.1900024414062,593.0,605.5,2846500
2024-11-27,607.6799926757812,612.25,603.280029296875,605.4299926757812,1424500
2024-11-29,609.3099975585938,612.72998046875,607.0599975585938,608.5700073242188,1170200
2024-12-02,608.0,611.9099731445312,601.2999877929688,601.7100219726562,1804100
2024-12-03,608.9600219726562,611.4199829101562,600.7999877929688,602.0800170898438,1718100
2024-12-04,603.0,604.280029296875,596.760009765625,598.7100219726562,1617300
2024-12-05,600.530029296875,606.5599975585938,596.3499755859375,596.7999877929688,1672800
2024-12-06,597.1599731445312,600.0,594.3699951171875,599.6799926757812,1405700
2024-12-09,598.989990234375,603.0,593.719970703125,594.1199951171875,1633200
2024-12-10,590.0,596.27001953125,583.760009765625,585.030029296875,2600800
2024-12-11,590.1199951171875,593.7100219726562,586.9000244140625,592.5599975585938,2195300
2024-12-12,592.5900268554688,596.3200073242188,588.6099853515625,591.6099853515625,1218400
2024-12-13,594.0,595.0,585.0800170898438,585.47998046875,1215000
2024-12-16,588.0,588.27001953125,578.7000122070312,586.3300170898438,1713300
2024-12-17,580.8400268554688,581.6099853515625,572.2899780273438,574.6799926757812,2314100
2024-12-18,577.489990234375,579.469970703125,544.489990234375,550.25,3271600
2024-12-19,561.4400024414062,567.0,553.5999755859375,553.989990234375,2753300
2024-12-20,554.9400024414062,572.9000244140625,553.3800048828125,566.0999755859375,4515900
2024-12-23,565.0,571.6400146484375,561.7999877929688,570.780029296875,1519500
2024-12-24,574.2000122070312,582.7899780273438,571.3599853515625,582.7899780273438,913400
2024-12-26,578.1500244140625,582.5900268554688,577.5,581.22998046875,1092000
2024-12-27,577.0,581.9600219726562,571.3499755859375,576.1799926757812,1486000
2024-12-30,567.27001953125,576.02001953125,565.0999755859375,573.5499877929688,1265900
2024-12-31,575.0700073242188,576.9199829101562,570.4000244140625,572.6199951171875,1055800
2025-01-02,579.3099975585938,584.3099975585938,569.739990234375,574.969970703125,2219000
2025-01-03,581.0,582.1400146484375,571.72998046875,580.1300048828125,1422600
2025-01-06,584.97998046875,593.6500244140625,579.8200073242188,583.3900146484375,2257000
2025-01-07,587.1099853515625,588.280029296875,568.4000244140625,580.1199951171875,2021900
2025-01-08,581.0399780273438,581.2000122070312,572.6699829101562,580.02001953125,1513400
2025-01-10,576.25,576.25,558.010009765625,560.0,2817900
2025-01-13,557.8800048828125,566.1900024414062,556.760009765625,562.9500122070312,1871200
2025-01-14,569.6599731445312,573.5900268554688,565.2000122070312,571.530029296875,2221900
2025-01-15,598.0,609.4099731445312,593.0,605.9199829101562,5119800
2025-01-16,609.989990234375,616.8400268554688,606.0,612.989990234375,3224500
2025-01-17,617.7999877929688,627.0,613.0,625.9400024414062,3425200
2025-01-21,616.8099975585938,635.4299926757812,609.0,634.739990234375,5076700
2025-01-22,633.4400024414062,635.5999755859375,629.7100219726562,632.72998046875,2835700
2025-01-23,634.9199829101562,645.5399780273438,634.489990234375,639.5,2582700
2025-01-24,630.0,640.5999755859375,628.9600219726562,636.9000244140625,3183500
2025-01-27,625.0,635.7100219726562,624.4600219726562,633.280029296875,3351700
2025-01-28,632.2000122070312,639.0800170898438,631.8099975585938,637.7999877929688,2338000
2025-01-29,637.0,649.0,636.4099731445312,637.3800048828125,1918900
2025-01-30,644.489990234375,649.52001953125,641.0,645.7000122070312,1812800
2025-01-31,650.0,650.0,637.4400024414062,640.4000244140625,1995100
2025-02-03,626.0,638.47998046875,622.47998046875,632.3699951171875,2102600
2025-02-04,632.0,637.6699829101562,629.0900268554688,634.1799926757812,1743400
2025-02-05,638.0,646.4099731445312,635.530029296875,645.4500122070312,1908200
2025-02-06,650.0,658.8499755859375,648.9400024414062,658.219970703125,2439200
2025-02-07,659.4000244140625,663.8699951171875,653.1599731445312,655.9000244140625,2616700
2025-02-10,659.02001953125,662.489990234375,644.25,650.530029296875,2351600
2025-02-11,646.780029296875,649.0399780273438,643.5999755859375,647.239990234375,2711400
2025-02-12,643.760009765625,650.469970703125,639.1099853515625,649.0,2295800
2025-02-13,651.8300170898438,652.0,640.510009765625,648.9500122070312,2031800
2025-02-14,650.3200073242188,663.260009765625,650.3200073242188,660.5499877929688,2246000
2025-02-18,662.5900268554688,672.1900024414062,661.02001953125,672.1900024414062,2350100
2025-02-19,669.0800170898438,671.0399780273438,663.280029296875,668.1500244140625,1953600
2025-02-20,668.030029296875,670.280029296875,631.6599731445312,642.260009765625,3929000
2025-02-21,644.75,647.5,623.4299926757812,625.5999755859375,3000800
2025-02-24,633.510009765625,637.2999877929688,614.7999877929688,626.1400146484375,3274100
2025-02-25,628.530029296875,631.3200073242188,606.0,614.9099731445312,2885900
2025-02-26,616.6699829101562,623.1300048828125,615.2000122070312,617.77001953125,2001200
2025-02-27,617.5399780273438,625.22998046875,607.3099975585938,608.0,2396300
2025-02-28,607.7899780273438,623.6500244140625,604.010009765625,622.2899780273438,3337200
2025-03-03,622.4000244140625,628.780029296875,598.3200073242188,605.260009765625,3152300
2025-03-04,595.97998046875,600.0,567.5700073242188,581.1400146484375,4061000
2025-03-05,582.0900268554688,597.1199951171875,576.780029296875,593.0700073242188,2600600
2025-03-06,580.5900268554688,586.7100219726562,564.6199951171875,567.6699829101562,4332300
2025-03-07,568.1699829101562,568.1699829101562,544.9099731445312,559.6699829101562,4069600
2025-03-10,542.2999877929688,546.469970703125,523.1300048828125,531.6599731445312,5272100
2025-03-11,532.469970703125,539.989990234375,524.2000122070312,531.4299926757812,4190500
2025-03-12,544.0,545.0,528.5900268554688,535.7100219726562,3078100
2025-03-13,535.6699829101562,538.1400146484375,520.0599975585938,524.8099975585938,2529100
2025-03-14,533.989990234375,543.5700073242188,526.7000122070312,541.4099731445312,2808100
2025-03-17,541.22998046875,557.1599731445312,540.0,551.3400268554688,2695600
2025-03-18,550.2899780273438,553.75,546.6500244140625,551.780029296875,2641000
2025-03-19,549.0,563.0,544.5999755859375,557.3400268554688,2769800
2025-03-20,553.0999755859375,568.4400024414062,552.0,562.6799926757812,2531300
2025-03-21,555.3300170898438,567.0,551.2100219726562,565.1400146484375,3565600
2025-03-24,575.0,582.719970703125,573.0499877929688,580.0999755859375,1877700
2025-03-25,584.6900024414062,586.8900146484375,578.2100219726562,585.9400024414062,1875500
2025-03-26,588.3900146484375,592.6400146484375,571.0,573.9199829101562,1944200
2025-03-27,565.0,566.0,552.5499877929688,558.9199829101562,2100900
2025-03-28,555.9500122070312,560.5,537.7100219726562,543.1199951171875,2773100
2025-03-31,533.8200073242188,547.3900146484375,528.5900268554688,546.2899780273438,2455100
2025-04-01,543.25,551.9600219726562,533.239990234375,548.4500122070312,1869600
2025-04-02,539.7999877929688,567.3200073242188,539.0800170898438,563.0999755859375,2560700
2025-04-03,525.4299926757812,529.989990234375,509.55999755859375,511.2300109863281,5193900
2025-04-04,487.0,492.0,460.0,470.80999755859375,8105200
2025-04-07,446.8999938964844,489.9800109863281,439.3800048828125,465.510009765625,6353800
2025-04-08,488.25,491.9200134277344,452.8299865722656,462.2200012207031,4240900
2025-04-09,451.3599853515625,522.0,447.1099853515625,516.8699951171875,7024100
2025-04-10,503.1000061035156,503.1000061035156,474.0,489.79998779296875,5374500
2025-04-11,487.0,498.5199890136719,478.5799865722656,494.44000244140625,3770200
2025-04-14,510.0,512.0,497.1499938964844,503.9800109863281,4392600
2025-04-15,507.4100036621094,518.6500244140625,507.0,507.8900146484375,2501200
2025-04-16,501.7200012207031,509.45001220703125,492.69000244140625,499.04998779296875,2765600
2025-04-17,503.239990234375,514.8300170898438,499.1199951171875,509.489990234375,2593500
2025-04-21,505.3999938964844,509.2699890136719,494.67999267578125,501.3599853515625,2859300
2025-04-22,510.2300109863281,521.0,508.92999267578125,519.989990234375,2514600
2025-04-23,533.6300048828125,551.7899780273438,528.260009765625,529.3099975585938,3048100
2025-04-24,527.0999755859375,546.8400268554688,523.4199829101562,545.3699951171875,2223600
2025-04-25,544.5999755859375,549.0900268554688,541.219970703125,544.8599853515625,1612700
2025-04-28,544.8599853515625,554.5,542.469970703125,546.4000244140625,1459700
2025-04-29,543.7899780273438,550.8800048828125,541.2999877929688,548.9199829101562,1695600
2025-04-30,535.760009765625,549.52001953125,531.4500122070312,547.5499877929688,2438300
2025-05-01,548.0999755859375,558.3499755859375,545.5,553.8300170898438,2583000
2025-05-02,561.5800170898438,569.780029296875,559.7000122070312,566.0999755859375,2883000
2025-05-05,558.3599853515625,566.5599975585938,557.5,559.5599975585938,2197200
2025-05-06,549.5999755859375,557.4400024414062,547.0599975585938,549.3599853515625,2902500
2025-05-07,550.2100219726562,555.3800048828125,547.739990234375,551.9199829101562,1954900
2025-05-08,558.8200073242188,572.1599731445312,558.2100219726562,565.7000122070312,1994600
2025-05-09,570.25,572.0999755859375,565.780029296875,567.0999755859375,1522500
2025-05-12,596.260009765625,603.3699951171875,588.0800170898438,591.3400268554688,3527700
2025-05-13,593.2999877929688,607.7100219726562,593.0599975585938,603.8099975585938,2765800
2025-05-14,603.7999877929688,615.0,602.5,611.5999755859375,2874400
2025-05-15,609.72998046875,619.2100219726562,609.72998046875,615.9000244140625,2428100
2025-05-16,616.9500122070312,620.7899780273438,613.5599975585938,619.030029296875,2021800
2025-05-19,609.1900024414062,619.3800048828125,598.3400268554688,612.2999877929688,2842100
2025-05-20,607.75,611.5499877929688,603.010009765625,606.52001953125,1601600
2025-05-21,601.7999877929688,609.8699951171875,592.0,593.4600219726562,2635900
2025-05-22,592.5499877929688,602.2000122070312,592.510009765625,598.22998046875,1939600
2025-05-23,585.0,601.9600219726562,582.5,598.5399780273438,1530600
2025-05-27,605.9000244140625,617.6699829101562,604.9500122070312,615.72998046875,2364700
2025-05-28,617.280029296875,618.6300048828125,607.3099975585938,608.4400024414062,2001900
2025-05-29,608.52001953125,610.0,598.2999877929688,604.8599853515625,1736100
2025-05-30,600.0,603.5999755859375,593.8300170898438,600.4500122070312,2129500
2025-06-02,598.5999755859375,599.1699829101562,592.1699829101562,598.719970703125,1221200
2025-06-03,600.0,606.3200073242188,593.72998046875,603.8300170898438,1730300
2025-06-04,605.47998046875,606.3300170898438,598.719970703125,599.2100219726562,1294900
2025-06-05,600.0,609.719970703125,592.9000244140625,605.8800048828125,2086700
2025-06-06,613.0,621.3800048828125,610.0,614.0,1675900
2025-06-09,614.75,619.0999755859375,611.010009765625,613.52001953125,1610700
2025-06-10,613.0,616.5499877929688,609.3099975585938,614.8699951171875,1376400
2025-06-11,617.1799926757812,629.8400268554688,614.5900268554688,624.1699829101562,2063600
2025-06-12,621.0,626.010009765625,615.7999877929688,625.1099853515625,1634700
2025-06-13,616.0499877929688,620.1199951171875,609.5900268554688,613.5399780273438,1674800
2025-06-16,619.0,632.27001953125,618.0,627.8499755859375,1870400
2025-06-17,624.7000122070312,631.6699829101562,623.0,624.6400146484375,1479300
2025-06-18,624.510009765625,639.8800048828125,623.6500244140625,635.239990234375,2423100
2025-06-20,638.8300170898438,642.6400146484375,636.6900024414062,640.7999877929688,4115400
2025-06-23,639.260009765625,647.4199829101562,630.010009765625,646.8800048828125,2020800
2025-06-24,654.4500122070312,663.77001953125,653.239990234375,662.1099853515625,2307800
2025-06-25,664.5999755859375,670.1199951171875,660.7899780273438,669.8699951171875,1566400
2025-06-26,670.6199951171875,689.3300170898438,670.510009765625,687.1599731445312,2849500
2025-06-27,691.0,694.2000122070312,685.3900146484375,690.8099975585938,3650500
2025-06-30,714.27001953125,714.2999877929688,702.9500122070312,707.75,3976400
2025-07-01,708.0,713.010009765625,700.6099853515625,706.4600219726562,3301000
2025-07-02,708.7999877929688,718.72998046875,705.0800170898438,715.8900146484375,2906500
2025-07-03,715.9099731445312,726.0,713.4000244140625,723.6799926757812,1502000
2025-07-07,721.7000122070312,723.969970703125,706.3400268554688,710.9299926757812,2863700
2025-07-08,710.719970703125,711.1900024414062,693.77001953125,697.280029296875,3100700
2025-07-09,704.3400268554688,704.3400268554688,694.7100219726562,696.5599975585938,1763400
2025-07-10,696.739990234375,710.3800048828125,696.4500122070312,709.1199951171875,1733500
2025-07-11,703.5900268554688,706.0,700.22998046875,704.9500122070312,1681800
2025-07-14,704.739990234375,713.4299926757812,702.1300048828125,713.2999877929688,1909300
2025-07-15,713.2999877929688,714.6900024414062,700.0399780273438,702.510009765625,1981200
2025-07-16,708.5,709.780029296875,691.2999877929688,708.8200073242188,3323200
2025-07-17,706.280029296875,717.4500122070312,704.280029296875,705.8400268554688,2046100
2025-07-18,707.0599975585938,710.2899780273438,698.3900146484375,708.260009765625,1925200
2025-07-21,709.1400146484375,712.760009765625,704.3499755859375,706.0,2006500
2025-07-22,703.6599731445312,706.489990234375,691.8800048828125,700.4099731445312,1978900
2025-07-23,702.0,719.010009765625,701.5,717.52001953125,2395700
2025-07-24,718.9299926757812,725.77001953125,714.72998046875,719.1799926757812,1974700
2025-07-25,720.760009765625,729.8900146484375,718.3499755859375,728.97998046875,1851400
2025-07-28,728.0,732.52001953125,722.1699829101562,723.6500244140625,1464800
2025-07-29,726.8499755859375,734.1300048828125,722.4199829101562,731.97998046875,2136000
2025-07-30,731.1400146484375,737.8800048828125,723.1799926757812,730.75,1816200
2025-07-31,726.5900268554688,734.0399780273438,720.4400024414062,723.5900268554688,2358100
2025-08-01,710.510009765625,714.52001953125,694.0499877929688,709.5700073242188,2999100
2025-08-04,715.2000122070312,726.7899780273438,715.2000122070312,726.030029296875,1753700
2025-08-05,728.0,729.4000244140625,714.5499877929688,720.9099731445312,1977300
2025-08-06,724.5,728.2999877929688,722.0,724.739990234375,1477100
2025-08-07,730.6199951171875,732.9400024414062,717.6099853515625,719.739990234375,1400400
2025-08-08,725.8599853515625,728.0,718.6500244140625,721.27001953125,1275400
2025-08-11,722.2000122070312,723.8400268554688,715.739990234375,719.239990234375,1273500
2025-08-12,725.280029296875,748.1400146484375,724.3499755859375,743.3800048828125,2418100
2025-08-13,745.780029296875,748.9099731445312,732.6199951171875,744.6900024414062,1862600
2025-08-14,742.719970703125,748.1599731445312,737.0,747.2000122070312,1371200
2025-08-15,749.0,749.0499877929688,729.1799926757812,730.719970703125,1645900
2025-08-18,729.5,731.6099853515625,723.8699951171875,730.9600219726562,1157800
2025-08-19,729.1599731445312,730.0,717.72998046875,721.3800048828125,1856400
2025-08-20,721.2000122070312,722.25,705.5499877929688,720.6799926757812,1872700
2025-08-21,716.5399780273438,719.219970703125,712.969970703125,715.9500122070312,1162000
2025-08-22,720.1400146484375,744.8400268554688,718.5800170898438,741.8900146484375,1948600
2025-08-25,741.8900146484375,746.5,738.3300170898438,738.7899780273438,1381200
2025-08-26,737.7100219726562,749.1599731445312,733.8599853515625,748.9500122070312,1511600
2025-08-27,745.969970703125,753.0,745.02001953125,749.6699829101562,1534800
2025-08-28,750.989990234375,753.3300170898438,746.989990234375,751.219970703125,1411200
2025-08-29,746.7100219726562,748.9199829101562,738.9000244140625,745.25,1467000
2025-09-02,736.3900146484375,736.3900146484375,721.1599731445312,730.8499755859375,2296400
2025-09-03,728.5599975585938,732.02001953125,722.2999877929688,730.5599975585938,1485600
2025-09-04,733.75,748.9099731445312,731.1699829101562,748.9000244140625,1778200
2025-09-05,752.1900024414062,757.3499755859375,727.1500244140625,738.2100219726562,1822800
2025-09-08,739.4199829101562,743.5399780273438,733.5700073242188,741.8499755859375,1400100
2025-09-09,740.1300048828125,765.6199951171875,738.5399780273438,763.9199829101562,2611300
2025-09-10,761.8599853515625,774.469970703125,761.6300048828125,769.5800170898438,1996200
2025-09-11,772.0,793.1699829101562,771.3499755859375,784.72998046875,2075700
2025-09-12,783.5,787.030029296875,776.260009765625,780.0599975585938,1099400
2025-09-15,782.9500122070312,792.3800048828125,781.4400024414062,786.760009765625,1292000
2025-09-16,789.530029296875,790.010009765625,779.6900024414062,785.530029296875,1529500
2025-09-17,788.8599853515625,798.5700073242188,785.22998046875,794.219970703125,1945300
2025-09-18,795.5700073242188,807.280029296875,792.4000244140625,804.3099975585938,1501600
2025-09-19,804.0900268554688,809.6599731445312,797.3699951171875,805.0,3789800
2025-09-22,801.1400146484375,806.030029296875,797.5399780273438,805.5599975585938,1151000
2025-09-23,807.0999755859375,825.25,802.0,806.3200073242188,1758800
2025-09-24,809.5499877929688,812.8400268554688,792.3400268554688,792.4299926757812,1402500
2025-09-25,786.0,798.1799926757812,782.010009765625,794.760009765625,1413100
2025-09-26,797.1599731445312,809.5,795.1300048828125,802.510009765625,1376200
2025-09-29,807.7999877929688,808.8400268554688,797.989990234375,804.1199951171875,1059000
2025-09-30,805.5,809.6199951171875,786.4500122070312,796.3499755859375,2463900
2025-10-01,793.6199951171875,796.280029296875,783.22998046875,785.510009765625,1788900
2025-10-02,788.8800048828125,791.0,772.4400024414062,779.3800048828125,1553700
2025-10-03,783.0,794.9199829101562,777.8599853515625,789.97998046875,1470500
2025-10-06,795.0,802.5,780.0499877929688,796.780029296875,1632600
2025-10-07,798.0,805.3200073242188,781.3900146484375,789.6500244140625,1547200
2025-10-08,791.75,795.0,774.3400268554688,776.510009765625,1939300
2025-10-09,778.8499755859375,782.9099731445312,771.3499755859375,779.9600219726562,1575000
2025-10-10,783.1199951171875,791.6599731445312,764.0,764.3599853515625,2457900
2025-10-13,777.8800048828125,791.0499877929688,777.8800048828125,786.780029296875,2766000
2025-10-14,764.4500122070312,786.5700073242188,742.4600219726562,770.760009765625,4710800
2025-10-15,778.6199951171875,782.489990234375,762.6599731445312,767.9299926757812,3217400
2025-10-16,770.6599731445312,781.4400024414062,752.4099731445312,758.0900268554688,3160900
2025-10-17,758.1500244140625,758.9400024414062,740.010009765625,750.77001953125,2884700
2025-10-20,757.0,766.4199829101562,752.8800048828125,763.3200073242188,1925400
2025-10-21,759.0,765.2999877929688,758.27001953125,758.97998046875,1782200
2025-10-22,760.6099853515625,760.6099853515625,743.1099853515625,744.5999755859375,2141400
2025-10-23,749.3400268554688,755.0,744.6599731445312,750.780029296875,1615400
2025-10-24,759.8499755859375,784.6099853515625,756.0,783.8800048828125,2505600
2025-10-27,789.0,796.7100219726562,787.010009765625,789.989990234375,1645300
2025-10-28,792.0499877929688,798.3599853515625,787.3499755859375,792.0900268554688,1242000
2025-10-29,788.0,800.489990234375,778.8200073242188,783.0599975585938,2251500
2025-10-30,783.5599975585938,807.1400146484375,780.5999755859375,790.1599731445312,1829500
2025-10-31,784.97998046875,791.719970703125,783.0,789.3699951171875,1328100
2025-11-03,789.5700073242188,796.0,781.4400024414062,785.52001953125,1569100
2025-11-04,777.0,806.0,773.0,790.8300170898438,2046000
2025-11-05,790.4400024414062,797.3599853515625,775.5800170898438,793.0900268554688,1832700
2025-11-06,794.0,798.2000122070312,777.0,787.5800170898438,1572500
2025-11-07,783.0,787.0599975585938,762.7999877929688,786.3400268554688,2098400
2025-11-10,796.0800170898438,806.3599853515625,788.7999877929688,797.2000122070312,1698200
2025-11-11,798.47998046875,812.0,795.6099853515625,810.3099975585938,1521500
2025-11-12,814.1300048828125,840.0,814.1300048828125,838.969970703125,2954100
2025-11-13,833.0599975585938,841.280029296875,805.02001953125,805.5,2557400
2025-11-14,795.5499877929688,800.6099853515625,778.0,790.9099731445312,2552000
2025-11-17,790.0,796.72998046875,770.5,775.5599975585938,1850600
2025-11-18,772.0599975585938,787.7000122070312,766.5399780273438,776.2999877929688,1673500
2025-11-19,776.2999877929688,787.8699951171875,775.0,785.989990234375,1521100
2025-11-20,795.25,816.0,772.1900024414062,773.7000122070312,2599000
2025-11-21,776.8300170898438,780.3699951171875,754.0,774.030029296875,2284700
2025-11-24,778.6400146484375,793.989990234375,775.3599853515625,790.7100219726562,2319500
2025-11-25,797.0,805.260009765625,777.989990234375,802.3200073242188,2252900
2025-11-26,805.8400268554688,819.5800170898438,805.0,816.010009765625,1862500
2025-11-28,820.0,830.5700073242188,818.9500122070312,826.0399780273438,868300
2025-12-01,818.5900268554688,824.72998046875,809.6099853515625,810.8599853515625,2133200
2025-12-02,811.1199951171875,819.7000122070312,808.2999877929688,815.2100219726562,2254200
2025-12-03,812.9500122070312,837.9099731445312,812.9500122070312,836.5700073242188,2347900
2025-12-04,835.5399780273438,843.989990234375,834.5,837.8300170898438,1670800
2025-12-05,837.260009765625,856.2000122070312,836.52001953125,854.5599975585938,2277500
2025-12-08,861.0999755859375,870.5599975585938,856.2999877929688,866.6900024414062,2238100
2025-12-09,866.0,883.719970703125,864.3099975585938,876.5800170898438,2274800
2025-12-10,871.3499755859375,897.2000122070312,869.27001953125,889.239990234375,2394300
2025-12-11,889.97998046875,919.0999755859375,888.0,911.030029296875,2683000
2025-12-12,913.75,914.989990234375,886.989990234375,887.9600219726562,2715200
2025-12-15,892.0,904.469970703125,889.5900268554688,889.5900268554688,1976600
2025-12-16,890.22998046875,896.239990234375,874.3200073242188,879.1500244140625,2161600
2025-12-17,886.3300170898438,895.969970703125,868.4400024414062,872.3300170898438,2213300
2025-12-18,880.5,892.7899780273438,874.7000122070312,876.2999877929688,2066300
2025-12-19,883.1699829101562,899.75,881.9500122070312,893.47998046875,4808300
2025-12-22,896.52001953125,905.47998046875,894.8400268554688,899.0,1442300
2025-12-23,900.3499755859375,905.9199829101562,893.7000122070312,901.7100219726562,1210200
2025-12-24,901.1599731445312,911.8800048828125,898.7000122070312,910.780029296875,771800
2025-12-26,911.0,913.3200073242188,905.3099975585938,907.0399780273438,995300
2025-12-29,906.4500122070312,906.47998046875,891.5599975585938,892.1799926757812,1578000
2025-12-30,894.739990234375,895.02001953125,881.1799926757812,884.4199829101562,1833300
2025-12-31,884.0999755859375,886.0,876.7899780273438,879.0,1221500
2026-01-02,884.0,914.4400024414062,880.75,914.3400268554688,2817600
2026-01-05,914.4000244140625,961.6900024414062,912.5999755859375,948.4400024414062,3742000
2026-01-06,949.4099731445312,958.5700073242188,943.25,955.469970703125,1966000
2026-01-07,956.8800048828125,958.25,934.0,941.02001953125,2683300
2026-01-08,935.47998046875,945.1900024414062,932.0,934.8300170898438,1960800
2026-01-09,938.77001953125,946.1400146484375,932.7000122070312,938.97998046875,1334100
2026-01-12,934.0,950.5599975585938,929.1099853515625,949.5499877929688,2179600
2026-01-13,947.3200073242188,949.9400024414062,931.0,938.1500244140625,1969600
2026-01-14,932.2999877929688,938.1500244140625,917.9000244140625,932.6699829101562,2513000
2026-01-15,924.9000244140625,981.260009765625,924.6699829101562,975.8599853515625,3773700
2026-01-16,973.0,984.7000122070312,957.0,962.0,3071600
2026-01-20,946.3800048828125,962.5999755859375,939.0999755859375,943.3699951171875,2629100
2026-01-21,944.0,968.9199829101562,943.4500122070312,953.010009765625,2251300
2026-01-22,960.0599975585938,970.9500122070312,950.8099975585938,954.6500244140625,2468300
2026-01-23,934.0800170898438,937.1900024414062,917.0499877929688,918.8800048828125,3872600
2026-01-26,918.4099731445312,933.739990234375,917.97998046875,931.8599853515625,2655900
2026-01-27,924.0,933.4000244140625,920.3900146484375,929.719970703125,2012500
2026-01-28,932.510009765625,937.1699829101562,922.760009765625,936.8099975585938,1674100
2026-01-29,937.2999877929688,955.3800048828125,925.1300048828125,940.1199951171875,2335400
2026-01-30,933.9500122070312,947.0,923.1699829101562,935.4099731445312,1893700
2026-02-02,932.1300048828125,949.4400024414062,912.0800170898438,946.3300170898438,1802000
2026-02-03,949.5,964.5,919.0599975585938,938.989990234375,2321900
2026-02-04,937.1199951171875,944.1599731445312,893.7999877929688,913.2999877929688,3561900
2026-02-05,901.6699829101562,910.8300170898438,876.719970703125,890.4099731445312,3214300
2026-02-06,907.8699951171875,931.77001953125,907.22998046875,928.75,2473200
2026-02-09,929.0,949.0,927.1099853515625,943.6199951171875,2322600
2026-02-10,945.7000122070312,961.8300170898438,929.9299926757812,948.989990234375,3324900
2026-02-11,950.6400146484375,968.1300048828125,931.280029296875,944.5900268554688,2654300
2026-02-12,956.1699829101562,968.3900146484375,903.97998046875,904.5499877929688,3188700
2026-02-13,894.4099731445312,905.989990234375,869.0,905.1400146484375,2623000
2026-02-17,907.72998046875,921.5499877929688,905.6799926757812,916.0399780273438,2008500
2026-02-18,921.5800170898438,947.7000122070312,919.97998046875,933.72998046875,1864900
2026-02-19,925.0,929.6599731445312,906.489990234375,916.6500244140625,1974200
2026-02-20,912.5499877929688,922.3699951171875,900.5700073242188,922.239990234375,2009100
2026-02-23,918.5,932.0,883.75,892.3099975585938,2535900
2026-02-24,885.4400024414062,911.77001953125,881.6500244140625,902.27001953125,1971500
2026-02-25,914.719970703125,922.510009765625,907.52001953125,921.3800048828125,1763600
2026-02-26,927.760009765625,938.3900146484375,921.5399780273438,929.0,2220300
2026-02-27,912.0,916.25,854.1500244140625,859.5700073242188,5552300
2026-03-02,840.0,873.6300048828125,836.0,861.7000122070312,2873200
2026-03-03,836.0,868.3400268554688,824.6400146484375,862.5800170898438,3782100
2026-03-04,869.8400268554688,878.7999877929688,860.0,867.25,2081700
2026-03-05,862.010009765625,866.52001953125,822.2000122070312,835.4600219726562,3093700
2026-03-06,816.0,827.1599731445312,801.3300170898438,821.4199829101562,2473000
2026-03-09,810.0,836.6799926757812,795.0,832.030029296875,3258200
2026-03-10,834.6799926757812,846.0900268554688,826.3499755859375,833.8099975585938,1871900
2026-03-11,829.9500122070312,832.7999877929688,810.5399780273438,823.760009765625,2227000
2026-03-12,805.3200073242188,807.2100219726562,784.0999755859375,787.52001953125,3533000
2026-03-13,789.3599853515625,798.0,780.5,782.2100219726562,2567400
2026-03-16,792.0,805.4600219726562,790.0,794.77001953125,2082700
2026-03-17,806.2999877929688,820.4400024414062,803.469970703125,807.0399780273438,1955600
2026-03-18,801.0,816.1900024414062,801.0,805.47998046875,1541300
2026-03-19,792.9299926757812,816.1799926757812,790.5900268554688,809.5,1765900
2026-03-20,807.0,827.22998046875,804.9299926757812,813.530029296875,3918400
2026-03-23,833.0,849.530029296875,829.0,831.27001953125,2190300
2026-03-24,824.9299926757812,844.5,818.0,835.719970703125,1656100
2026-03-25,845.010009765625,854.75,833.9000244140625,841.8400268554688,1628900
2026-03-26,833.7899780273438,844.7999877929688,816.1099853515625,822.6400146484375,2052200
2026-03-27,813.6699829101562,817.0999755859375,797.780029296875,802.8900146484375,2106800
2026-03-30,811.1199951171875,818.6300048828125,801.8800048828125,807.5999755859375,1621400
2026-03-31,823.9000244140625,848.5,810.0,845.989990234375,2689800
2026-04-01,859.9500122070312,870.2000122070312,850.1500244140625,860.2100219726562,1803600
2026-04-02,838.3900146484375,867.2999877929688,831.0,863.0399780273438,1717700
2026-04-06,863.0,873.2100219726562,859.77001953125,866.0499877929688,1444500
2026-04-07,858.0,867.969970703125,850.0,864.1500244140625,1498400
2026-04-08,903.010009765625,918.1199951171875,893.5999755859375,905.75,2439000
2026-04-09,902.0,909.4000244140625,895.2899780273438,903.719970703125,1797800
2026-04-10,903.3699951171875,908.9600219726562,895.0,907.7999877929688,1642700
2026-04-13,875.5499877929688,896.9400024414062,865.3400268554688,890.7899780273438,4236200
2026-04-14,894.4199829101562,914.1900024414062,890.0999755859375,909.6300048828125,2822600
2026-04-15,915.0,927.7899780273438,897.0999755859375,899.489990234375,2403900
2026-04-16,897.989990234375,907.9600219726562,895.8499755859375,900.0,1742100
2026-04-17,915.5,929.1900024414062,912.219970703125,925.9500122070312,2805100
2026-04-20,923.6799926757812,941.7999877929688,922.989990234375,941.739990234375,2374300
2026-04-21,944.5,952.010009765625,922.5399780273438,926.5499877929688,1765400
2026-04-22,939.0,940.97998046875,931.1500244140625,934.8400268554688,1382600
2026-04-23,935.0,944.3900146484375,920.6900024414062,931.2999877929688,1655000
2026-04-24,930.489990234375,932.9199829101562,919.219970703125,926.9099731445312,1263300
2026-04-27,926.0399780273438,941.72998046875,926.0,937.8099975585938,1223000
2026-04-28,941.239990234375,945.2999877929688,924.239990234375,926.5499877929688,1501600
2026-04-29,927.5,930.0,899.1599731445312,905.5999755859375,1725900
2026-04-30,910.4099731445312,928.0,905.0,923.77001953125,1880300
2026-05-01,916.4000244140625,935.780029296875,912.1400146484375,923.7100219726562,1359800
2026-05-04,922.27001953125,925.0,899.0,903.27001953125,1660100
2026-05-05,909.72998046875,921.75,908.219970703125,918.8900146484375,1507200
2026-05-06,935.9299926757812,944.0599975585938,931.3300170898438,937.3499755859375,2318200
2026-05-07,937.9299926757812,945.2899780273438,921.97998046875,925.8699951171875,1715300
2026-05-08,936.0,939.780029296875,927.4600219726562,936.47998046875,1665000
2026-05-11,932.6500244140625,949.780029296875,926.6300048828125,944.8599853515625,2411400
2026-05-12,942.1599731445312,948.5,920.7999877929688,945.9000244140625,2236500
2026-05-13,941.8400268554688,959.5499877929688,933.0800170898438,955.4199829101562,2355200
2026-05-14,966.9000244140625,975.6599731445312,960.5,968.9600219726562,1898000
2026-05-15,953.6500244140625,959.5,941.6099853515625,948.469970703125,1862700
2026-05-18,947.739990234375,961.6900024414062,938.5499877929688,946.3599853515625,1508000
2026-05-19,933.219970703125,939.6400146484375,923.8099975585938,928.739990234375,1767300
2026-05-20,945.0,982.72998046875,940.5,982.1199951171875,3104400
2026-05-21,982.2100219726562,999.5,970.2999877929688,988.1699829101562,2452300
2026-05-22,994.6300048828125,1005.3599853515625,990.9000244140625,996.72998046875,1923500
2026-05-26,1006.530029296875,1016.5399780273438,987.030029296875,994.52001953125,2080600
2026-05-27,995.9099731445312,1003.6500244140625,974.4199829101562,996.469970703125,2195000
2026-05-28,986.4199829101562,1009.969970703125,982.4500122070312,1008.3699951171875,2273000
2026-05-29,1009.27001953125,1027.219970703125,1004.0,1025.56005859375,2158000
2026-06-01,1015.3300170898438,1051.199951171875,1011.5999755859375,1048.5799560546875,2666700
2026-06-02,1049.739990234375,1073.969970703125,1047.8900146484375,1064.5799560546875,2125600
2026-06-03,1055.280029296875,1055.969970703125,1031.010009765625,1041.02001953125,2562200
2026-06-04,1052.8699951171875,1095.9000244140625,1050.0,1092.6099853515625,2608800
2026-06-05,1092.8199462890625,1098.3599853515625,1035.5999755859375,1038.6800537109375,2643800
2026-06-08,1052.780029296875,1063.1800537109375,1042.3299560546875,1045.0,2326700
2026-06-09,1061.7900390625,1064.3499755859375,1006.2999877929688,1032.010009765625,2868500
2026-06-10,1028.3499755859375,1036.31005859375,1000.0399780273438,1001.2899780273438,2287200
2026-06-11,1013.5,1036.9200439453125,1000.4500122070312,1035.6400146484375,2561900
2026-06-12,1053.0,1073.739990234375,1048.06005859375,1062.75,2206000
2026-06-15,1089.52001953125,1094.1800537109375,1075.0,1076.1700439453125,2364000
2026-06-16,1086.0,1097.25,1085.530029296875,1090.6700439453125,1965500
2026-06-17,1098.4599609375,1121.949951171875,1094.2900390625,1099.1400146484375,2180000
2026-06-18,1120.0,1125.0,1093.3299560546875,1096.56005859375,4499200
2026-06-22,1109.699951171875,1115.97998046875,1091.6300048828125,1106.3699951171875,1894400
2026-06-23,1077.3399658203125,1103.550048828125,1069.0,1094.43994140625,2066900
2026-06-24,1090.0,1090.0999755859375,1068.510009765625,1076.9100341796875,1933100
2026-06-25,1095.6199951171875,1105.25,1062.0999755859375,1065.0899658203125,1950000
2026-06-26,1054.739990234375,1057.0,1013.3800048828125,1019.6099853515625,4008500
2026-06-29,1029.18994140625,1035.9300537109375,1016.1699829101562,1020.2100219726562,1887200
2026-06-30,1019.2899780273438,1026.3199462890625,1006.1099853515625,1011.3699951171875,3162800
2026-07-01,1010.0,1033.530029296875,1003.0,1019.6099853515625,1735000
2026-07-02,1038.989990234375,1039.280029296875,1009.72998046875,1021.0,1543500
2026-07-06,1029.8800048828125,1055.2900390625,1029.0,1055.2900390625,1754400
2026-07-07,1052.0,1053.8599853515625,1035.1300048828125,1042.97998046875,1353500
2026-07-08,1030.0,1040.1800537109375,1011.9199829101562,1029.6400146484375,1699000
2026-07-09,1055.0,1064.010009765625,1042.6099853515625,1055.969970703125,1241800
2026-07-10,1063.2099609375,1067.1700439453125,1048.0,1055.1800537109375,1110600
2026-07-13,1056.3399658203125,1057.8199462890625,1036.8399658203125,1045.9100341796875,1799500
2026-07-14,1085.0,1143.8399658203125,1082.0,1140.0,3792600
2026-07-15,1148.4200439453125,1153.989990234375,1117.4000244140625,1152.0699462890625,2736800
2026-07-16,1147.6500244140625,1152.449951171875,1089.010009765625,1095.4599609375,2529400
2026-07-17,1071.6400146484375,1085.9300537109375,1047.1500244140625,1065.219970703125,2162700
2026-07-20,1074.6500244140625,1087.9000244140625,1053.6600341796875,1055.030029296875,1718300
2026-07-21,1070.0699462890625,1088.47998046875,1063.0,1085.56005859375,1718600
2026-07-22,1078.52001953125,1106.6600341796875,1078.0,1098.199951171875,1538700
