Date,Open,High,Low,Close,Volume
2018-07-23,206.6999969482422,207.9600067138672,205.64999389648438,207.83999633789062,2717900
2018-07-24,208.74000549316406,210.39999389648438,208.30999755859375,209.5800018310547,3509100
2018-07-25,210.0,214.27999877929688,209.64999389648438,214.16000366210938,4967900
2018-07-26,210.14999389648438,211.8000030517578,204.55999755859375,207.3699951171875,7279900
2018-07-27,211.69000244140625,211.75,201.22000122070312,202.94000244140625,4913000
2018-07-30,202.9499969482422,203.3300018310547,196.1999969482422,197.8699951171875,5939300
2018-07-31,199.02000427246094,200.6199951171875,196.22999572753906,198.0,4416600
2018-08-01,199.27000427246094,201.36000061035156,198.35000610351562,201.1999969482422,4614200
2018-08-02,199.08999633789062,202.19000244140625,197.8699951171875,202.00999450683594,3615000
2018-08-03,202.00999450683594,202.42999267578125,198.27999877929688,201.1999969482422,2722800
2018-08-06,201.0,202.4600067138672,200.50999450683594,201.5399932861328,3061300
2018-08-07,202.5,203.14999389648438,201.9600067138672,202.6199951171875,2422200
2018-08-08,202.4199981689453,203.5800018310547,202.0800018310547,202.86000061035156,2697900
2018-08-09,203.19000244140625,204.66000366210938,202.64999389648438,203.60000610351562,2444900
2018-08-10,202.97000122070312,203.91000366210938,202.16000366210938,202.64999389648438,2567000
2018-08-13,202.64999389648438,204.33999633789062,201.88999938964844,202.30999755859375,2014000
2018-08-14,202.80999755859375,204.0500030517578,201.38999938964844,203.8800048828125,2076600
2018-08-15,202.64999389648438,203.0500030517578,199.5,200.24000549316406,2955700
2018-08-16,201.94000244140625,204.22999572753906,200.82000732421875,203.60000610351562,2894000
2018-08-17,203.86000061035156,204.60000610351562,202.00999450683594,203.2100067138672,2308900
2018-08-20,203.47000122070312,204.97999572753906,202.36000061035156,204.75,2469300
2018-08-21,205.0,205.92999267578125,202.6300048828125,203.08999633789062,1979600
2018-08-22,202.5,205.22000122070312,202.25,204.30999755859375,1905300
2018-08-23,204.49000549316406,205.9600067138672,204.17999267578125,205.22000122070312,2247600
2018-08-24,206.0,209.5,205.57000732421875,209.39999389648438,2722600
2018-08-27,210.17999267578125,211.75,210.17999267578125,211.52999877929688,2550200
2018-08-28,211.6999969482422,213.02999877929688,210.94000244140625,212.6300048828125,2240200
2018-08-29,212.5,215.86000061035156,212.4499969482422,214.57000732421875,3172100
2018-08-30,214.25,215.27999877929688,212.8300018310547,213.8000030517578,3083000
2018-08-31,213.5800018310547,215.8000030517578,213.5,215.55999755859375,3020000
2018-09-04,215.67999267578125,217.35000610351562,214.67999267578125,216.82000732421875,3776500
2018-09-05,215.75999450683594,215.77000427246094,210.30999755859375,211.16000366210938,3869500
2018-09-06,211.44000244140625,213.27000427246094,210.47000122070312,212.77000427246094,3032800
2018-09-07,211.02000427246094,213.24000549316406,209.6999969482422,211.08999633789062,3298500
2018-09-10,212.66000366210938,213.47999572753906,211.3800048828125,211.6699981689453,3326300
2018-09-11,210.52000427246094,213.55999755859375,210.10000610351562,213.4499969482422,2728500
2018-09-12,213.0500030517578,214.4600067138672,211.86000061035156,214.02999877929688,2291300
2018-09-13,214.77000427246094,218.69000244140625,214.3699951171875,217.22000122070312,3898000
2018-09-14,218.0,218.82000732421875,216.4199981689453,217.9600067138672,2638000
2018-09-17,219.97000122070312,219.97999572753906,216.11000061035156,216.47000122070312,2500900
2018-09-18,217.4600067138672,220.9600067138672,217.3000030517578,220.0500030517578,2851000
2018-09-19,220.6300048828125,221.41000366210938,217.16000366210938,218.19000244140625,2883000
2018-09-20,219.97999572753906,221.9199981689453,218.89999389648438,221.38999938964844,3108500
2018-09-21,222.13999938964844,223.3699951171875,220.88999938964844,221.89999389648438,7177800
2018-09-24,220.41000366210938,222.13999938964844,218.2100067138672,221.35000610351562,2520000
2018-09-25,221.9199981689453,223.0399932861328,221.22000122070312,222.1199951171875,2181300
2018-09-26,222.6199951171875,224.36000061035156,221.6999969482422,222.25999450683594,2963600
2018-09-27,222.69000244140625,223.61000061035156,222.05999755859375,222.30999755859375,2645200
2018-09-28,222.1300048828125,223.69000244140625,221.0500030517578,222.61000061035156,2955000
2018-10-01,224.83999633789062,225.35000610351562,223.08999633789062,223.77000427246094,2955500
2018-10-02,223.5,223.72999572753906,221.00999450683594,222.3699951171875,3060700
2018-10-03,223.77999877929688,224.3300018310547,222.5500030517578,223.1300048828125,2662400
2018-10-04,222.07000732421875,222.14999389648438,214.58999633789062,216.14999389648438,5664900
2018-10-05,216.4499969482422,217.19000244140625,211.85000610351562,213.25999450683594,4268300
2018-10-08,211.6999969482422,211.8000030517578,203.25,208.25999450683594,5611000
2018-10-09,208.05999755859375,210.99000549316406,206.69000244140625,209.75999450683594,5659400
2018-10-10,209.3300018310547,209.3300018310547,196.00999450683594,196.69000244140625,8455000
2018-10-11,194.64999389648438,199.72999572753906,192.91000366210938,194.50999450683594,9185200
2018-10-12,200.57000732421875,204.83999633789062,199.5399932861328,204.22000122070312,6160300
2018-10-15,203.72000122070312,203.8000030517578,199.52999877929688,200.32000732421875,3969200
2018-10-16,202.67999267578125,208.1199951171875,202.52999877929688,207.77999877929688,4694900
2018-10-17,207.6300048828125,208.0,204.69000244140625,207.3800048828125,4431200
2018-10-18,206.97000122070312,207.22000122070312,202.25999450683594,203.6199951171875,6264500
2018-10-19,203.8699951171875,207.44000244140625,203.0,203.05999755859375,4832500
2018-10-22,203.72000122070312,206.25999450683594,201.8800048828125,204.5,4045100
2018-10-23,199.49000549316406,203.72999572753906,196.60000610351562,202.42999267578125,5076800
2018-10-24,202.63999938964844,203.47000122070312,195.3800048828125,195.69000244140625,4415900
2018-10-25,197.0,205.10000610351562,195.7100067138672,204.1999969482422,4940700
2018-10-26,199.1999969482422,202.41000366210938,195.72999572753906,197.49000549316406,6523600
2018-10-29,200.35000610351562,202.33999633789062,187.6300048828125,191.0399932861328,6623800
2018-10-30,192.5800018310547,193.6300048828125,183.75,187.72999572753906,9239200
2018-10-31,193.25,199.9600067138672,193.25,197.6699981689453,7683500
2018-11-01,198.88999938964844,200.0,195.00999450683594,199.7100067138672,4439000
2018-11-02,198.9199981689453,200.99000549316406,195.25,197.72000122070312,4261500
2018-11-05,198.1999969482422,199.1300048828125,194.2899932861328,197.97999572753906,3110800
2018-11-06,198.5,200.6699981689453,197.52999877929688,199.14999389648438,2916000
2018-11-07,202.19000244140625,208.3800048828125,201.74000549316406,208.24000549316406,4922800
2018-11-08,207.36000061035156,208.86000061035156,206.0,208.86000061035156,3922200
2018-11-09,207.3800048828125,207.97999572753906,203.4199981689453,205.6199951171875,3229700
2018-11-12,204.6199951171875,205.25,198.72999572753906,199.13999938964844,3507300
2018-11-13,199.77999877929688,202.25,197.5500030517578,198.1699981689453,2852000
2018-11-14,200.55999755859375,202.22999572753906,195.61000061035156,197.5800018310547,3218600
2018-11-15,197.02000427246094,201.14999389648438,194.3300018310547,200.7100067138672,3424600
2018-11-16,199.0,200.91000366210938,197.4499969482422,199.0399932861328,2939500
2018-11-19,199.0399932861328,199.39999389648438,188.5500030517578,189.27999877929688,4488100
2018-11-20,181.97999572753906,188.8000030517578,177.39999389648438,187.05999755859375,7892900
2018-11-21,188.5399932861328,190.08999633789062,186.24000549316406,187.66000366210938,3950200
2018-11-23,184.8800048828125,186.22999572753906,182.25999450683594,182.60000610351562,2601000
2018-11-26,185.5800018310547,192.22999572753906,183.67999267578125,191.85000610351562,6917200
2018-11-27,190.75,193.0399932861328,189.4499969482422,192.97999572753906,3976300
2018-11-28,195.0,202.47000122070312,193.27000427246094,202.27999877929688,6203000
2018-11-29,202.0500030517578,202.0500030517578,196.30999755859375,196.66000366210938,5447700
2018-11-30,196.58999633789062,201.6699981689453,195.8000030517578,201.07000732421875,7944700
2018-12-03,206.00999450683594,209.91000366210938,205.94000244140625,209.86000061035156,6599900
2018-12-04,207.38999938964844,209.52000427246094,199.6199951171875,200.49000549316406,6628600
2018-12-06,194.8000030517578,203.3699951171875,194.22000122070312,202.99000549316406,6558900
2018-12-07,203.77999877929688,206.52000427246094,194.89999389648438,196.5,4968100
2018-12-10,194.64999389648438,198.72000122070312,193.0,198.05999755859375,4101000
2018-12-11,201.0800018310547,201.39999389648438,196.05999755859375,197.74000549316406,3582400
2018-12-12,200.4600067138672,205.9600067138672,200.25999450683594,200.2899932861328,5160100
2018-12-13,200.8000030517578,202.1999969482422,195.30999755859375,198.9600067138672,5246200
2018-12-14,196.60000610351562,197.24000549316406,193.19000244140625,195.3300018310547,3801700
2018-12-17,193.5,193.5399932861328,188.77000427246094,190.4499969482422,5459900
2018-12-18,192.05999755859375,194.35000610351562,190.10000610351562,191.61000061035156,4345200
2018-12-19,190.92999267578125,194.35000610351562,184.75999450683594,187.1199951171875,6100600
2018-12-20,185.60000610351562,188.33999633789062,180.22999572753906,182.7100067138672,6562600
2018-12-21,181.1999969482422,185.27000427246094,175.0,175.19000244140625,8374300
2018-12-24,173.14999389648438,177.97999572753906,171.88999938964844,174.64999389648438,4351900
2018-12-26,176.0,186.5,176.0,186.42999267578125,5261400
2018-12-27,183.97999572753906,188.6999969482422,180.16000366210938,188.69000244140625,4695200
2018-12-28,189.7100067138672,190.10000610351562,184.17999267578125,186.16000366210938,4830300
2018-12-31,186.9199981689453,189.0,186.36000061035156,188.64999389648438,3658500
2019-01-02,185.8300018310547,190.82000732421875,185.30999755859375,189.74000549316406,4294000
2019-01-03,187.5,187.50999450683594,180.97999572753906,181.17999267578125,5070900
2019-01-04,184.85000610351562,191.25,184.44000244140625,189.75999450683594,4452900
2019-01-07,190.6300048828125,193.02000427246094,189.7100067138672,191.22000122070312,4219200
2019-01-08,189.89999389648438,192.49000549316406,188.5,192.27999877929688,5069700
2019-01-09,194.3000030517578,196.5500030517578,193.27999877929688,195.77000427246094,5471500
2019-01-10,193.02999877929688,197.24000549316406,191.32000732421875,196.9499969482422,3693600
2019-01-11,196.07000732421875,196.6999969482422,194.7100067138672,195.89999389648438,2500100
2019-01-14,194.3800048828125,197.0,194.0,195.42999267578125,3336500
2019-01-15,195.22000122070312,197.35000610351562,193.10000610351562,196.52000427246094,3783000
2019-01-16,197.50999450683594,198.41000366210938,196.5,197.77000427246094,3546300
2019-01-17,197.4499969482422,200.39999389648438,197.10000610351562,199.30999755859375,2764100
2019-01-18,201.17999267578125,202.52999877929688,200.02000427246094,202.0,4866600
2019-01-22,199.7899932861328,201.0,197.64999389648438,199.4600067138672,4457700
2019-01-23,201.0500030517578,201.05999755859375,196.60000610351562,198.35000610351562,3086100
2019-01-24,198.4199981689453,200.1999969482422,197.92999267578125,199.7899932861328,2792000
2019-01-25,202.19000244140625,203.88999938964844,199.7899932861328,202.94000244140625,4677500
2019-01-28,200.74000549316406,200.97999572753906,198.05999755859375,200.16000366210938,3277200
2019-01-29,200.19000244140625,200.6699981689453,197.66000366210938,199.24000549316406,3661900
2019-01-30,200.4199981689453,204.8300018310547,199.89999389648438,204.02000427246094,4079500
2019-01-31,209.8000030517578,212.97000122070312,208.0,211.1300048828125,11316200
2019-02-01,211.99000549316406,214.63999938964844,211.1999969482422,213.77000427246094,6470100
2019-02-04,214.35000610351562,214.9499969482422,213.1999969482422,214.91000366210938,4397500
2019-02-05,215.0,216.6999969482422,214.9499969482422,215.86000061035156,3091500
2019-02-06,215.25,215.89999389648438,213.67999267578125,215.3000030517578,2698000
2019-02-07,213.4600067138672,214.4499969482422,211.60000610351562,213.97000122070312,2742900
2019-02-08,212.0,216.6300048828125,212.0,216.5800018310547,3248400
2019-02-11,216.99000549316406,218.64999389648438,216.33999633789062,217.10000610351562,2974400
2019-02-12,218.55999755859375,219.49000549316406,217.63999938964844,218.91000366210938,3411400
2019-02-13,219.7899932861328,221.27999877929688,219.44000244140625,220.5399932861328,2996600
2019-02-14,219.50999450683594,220.97999572753906,218.6199951171875,219.80999755859375,2875600
2019-02-15,222.19000244140625,222.35000610351562,220.47999572753906,222.11000061035156,2758500
2019-02-19,221.42999267578125,221.9600067138672,220.36000061035156,220.58999633789062,2836700
2019-02-20,221.22000122070312,221.8300018310547,219.39999389648438,221.11000061035156,3103600
2019-02-21,220.2100067138672,221.02999877929688,218.6199951171875,219.30999755859375,3528800
2019-02-22,220.0,223.6300048828125,219.6999969482422,223.32000732421875,3295300
2019-02-25,225.0,225.39999389648438,223.0,223.32000732421875,3359200
2019-02-26,222.16000366210938,225.17999267578125,222.0500030517578,224.0,2852300
2019-02-27,223.0399932861328,224.61000061035156,221.74000549316406,224.57000732421875,2119500
2019-02-28,224.08999633789062,225.60000610351562,223.66000366210938,224.77000427246094,3240400
2019-03-01,226.8800048828125,228.14999389648438,225.36000061035156,227.25,3001400
2019-03-04,227.30999755859375,228.5,223.6699981689453,226.2899932861328,2977700
2019-03-05,226.22999572753906,226.9199981689453,225.2899932861328,226.22000122070312,2779100
2019-03-06,225.85000610351562,226.50999450683594,223.9499969482422,224.47000122070312,2849300
2019-03-07,223.6199951171875,224.44000244140625,220.74000549316406,222.41000366210938,3879600
2019-03-08,218.3800048828125,222.19000244140625,215.92999267578125,221.8699951171875,2691800
2019-03-11,222.94000244140625,226.1300048828125,222.83999633789062,225.63999938964844,2670100
2019-03-12,226.58999633789062,228.1999969482422,226.22000122070312,226.94000244140625,2478700
2019-03-13,228.3699951171875,231.3300018310547,227.8000030517578,228.5,2690400
2019-03-14,228.6999969482422,230.2100067138672,227.41000366210938,229.50999450683594,2838700
2019-03-15,228.82000732421875,232.75999450683594,228.80999755859375,231.1699981689453,3894200
2019-03-18,232.2899932861328,232.5,229.11000061035156,230.38999938964844,2734100
2019-03-19,231.5399932861328,232.10000610351562,230.3300018310547,231.00999450683594,3212000
2019-03-20,229.72999572753906,231.94000244140625,227.83999633789062,229.88999938964844,3747400
2019-03-21,228.1999969482422,237.0800018310547,228.17999267578125,235.8699951171875,4441100
2019-03-22,234.83999633789062,236.0,230.67999267578125,230.75999450683594,3709400
2019-03-25,230.38999938964844,231.94000244140625,228.5500030517578,230.4199981689453,3506500
2019-03-26,232.9600067138672,233.6300048828125,231.4499969482422,233.2899932861328,3046900
2019-03-27,233.9199981689453,234.1999969482422,229.64999389648438,232.52000427246094,2640700
2019-03-28,233.4199981689453,235.3300018310547,232.3699951171875,234.86000061035156,2712100
2019-03-29,236.49000549316406,236.63999938964844,233.97000122070312,235.4499969482422,3453900
2019-04-01,238.3000030517578,239.75,236.94000244140625,239.0500030517578,3475900
2019-04-02,239.22999572753906,239.8699951171875,238.07000732421875,239.25999450683594,3386400
2019-04-03,240.27999877929688,240.92999267578125,237.82000732421875,238.92999267578125,2911700
2019-04-04,238.6999969482422,238.77000427246094,233.75999450683594,236.05999755859375,3096300
2019-04-05,237.2100067138672,237.9600067138672,236.11000061035156,236.6300048828125,2590000
2019-04-08,235.72000122070312,236.27999877929688,233.1199951171875,236.27000427246094,2714500
2019-04-09,235.2899932861328,237.25,235.0,235.91000366210938,2491300
2019-04-10,237.0,237.9499969482422,236.11000061035156,237.05999755859375,1984200
2019-04-11,238.0,238.0,235.0399932861328,236.0399932861328,1908200
2019-04-12,237.02999877929688,239.0,236.0800018310547,238.8300018310547,3452100
2019-04-15,239.52000427246094,239.86000061035156,237.19000244140625,239.14999389648438,3437500
2019-04-16,240.0,240.97000122070312,238.9499969482422,240.08999633789062,2564300
2019-04-17,240.6699981689453,241.24000549316406,238.9499969482422,241.0,2829200
2019-04-18,242.52999877929688,242.64999389648438,240.4600067138672,240.88999938964844,3016800
2019-04-22,239.8000030517578,243.13999938964844,239.07000732421875,243.0500030517578,2217700
2019-04-23,243.89999389648438,244.5,242.4499969482422,243.49000549316406,3108400
2019-04-24,243.6300048828125,246.0800018310547,242.80999755859375,245.2899932861328,3255200
2019-04-25,244.6999969482422,246.85000610351562,244.02000427246094,245.61000061035156,3152400
2019-04-26,246.0500030517578,247.14999389648438,243.22000122070312,246.67999267578125,3349300
2019-04-29,246.8800048828125,248.2100067138672,245.86000061035156,247.1300048828125,3274900
2019-04-30,251.08999633789062,257.42999267578125,250.50999450683594,254.24000549316406,7179600
2019-05-01,254.89999389648438,256.25,248.6699981689453,248.75,5146000
2019-05-02,247.55999755859375,248.27000427246094,244.27999877929688,247.19000244140625,4747300
2019-05-03,248.61000061035156,249.85000610351562,247.4600067138672,247.9499969482422,3194200
2019-05-06,241.49000549316406,249.0800018310547,240.0500030517578,248.63999938964844,3022000
2019-05-07,247.27000427246094,247.72999572753906,242.60000610351562,245.05999755859375,4257500
2019-05-08,244.5399932861328,247.5500030517578,243.75,245.3300018310547,3050700
2019-05-09,241.88999938964844,245.52999877929688,239.9600067138672,245.30999755859375,3891000
2019-05-10,243.8699951171875,248.72000122070312,241.3300018310547,247.42999267578125,2816200
2019-05-13,241.50999450683594,243.91000366210938,240.36000061035156,241.3800048828125,4136900
2019-05-14,242.1199951171875,247.44000244140625,241.89999389648438,245.94000244140625,3862100
2019-05-15,244.3300018310547,251.0399932861328,244.2100067138672,249.14999389648438,4186900
2019-05-16,250.44000244140625,255.14999389648438,250.3300018310547,253.4199981689453,4911900
2019-05-17,251.11000061035156,254.2899932861328,250.83999633789062,252.5500030517578,3129800
2019-05-20,250.49000549316406,254.38999938964844,249.3300018310547,253.49000549316406,2951500
2019-05-21,255.0,255.9499969482422,253.7899932861328,255.36000061035156,2881600
2019-05-22,254.75,258.8599853515625,254.5,256.8999938964844,2936000
2019-05-23,254.75,255.6999969482422,248.3300018310547,249.72999572753906,5072500
2019-05-24,253.13999938964844,253.3699951171875,250.3300018310547,251.47999572753906,2710800
2019-05-28,252.66000366210938,257.760009765625,252.64999389648438,253.42999267578125,6252100
2019-05-29,252.25,254.25,251.27000427246094,253.55999755859375,4014300
2019-05-30,254.27000427246094,256.05999755859375,252.7899932861328,254.19000244140625,2817400
2019-05-31,251.97999572753906,253.66000366210938,250.83999633789062,251.49000549316406,5041400
2019-06-03,251.8000030517578,252.97999572753906,240.25,242.25999450683594,5452100
2019-06-04,245.1300048828125,249.3699951171875,241.72000122070312,249.17999267578125,4862200
2019-06-05,251.47000122070312,256.9700012207031,250.14999389648438,256.260009765625,4742400
2019-06-06,256.3599853515625,258.70001220703125,254.86000061035156,257.8299865722656,3443500
2019-06-07,260.0,266.8699951171875,259.6199951171875,265.79998779296875,3691800
2019-06-10,269.0,269.8500061035156,265.2799987792969,266.1000061035156,4469000
2019-06-11,267.4700012207031,267.8900146484375,259.17999267578125,263.6600036621094,3119600
2019-06-12,262.45001220703125,264.2099914550781,261.3599853515625,263.8500061035156,2295300
2019-06-13,265.0,265.2300109863281,260.25,261.20001220703125,4331000
2019-06-14,259.989990234375,261.9800109863281,259.4200134277344,260.1000061035156,3158200
2019-06-17,261.0,261.7099914550781,258.04998779296875,259.20001220703125,3332200
2019-06-18,261.70001220703125,262.25,255.07000732421875,258.80999755859375,3921300
2019-06-19,258.8299865722656,260.6199951171875,258.29998779296875,259.8699951171875,4326500
2019-06-20,263.489990234375,267.70001220703125,262.5,266.7900085449219,4667300
2019-06-21,265.82000732421875,268.1499938964844,264.4200134277344,264.4700012207031,4285800
2019-06-24,265.8500061035156,267.1000061035156,265.1300048828125,265.29998779296875,2538100
2019-06-25,266.0400085449219,266.30999755859375,259.1199951171875,259.7300109863281,3138000
2019-06-26,260.8800048828125,262.6499938964844,259.989990234375,261.29998779296875,3869400
2019-06-27,262.44000244140625,263.5799865722656,260.3999938964844,261.1000061035156,2186900
2019-06-28,263.0899963378906,264.8399963378906,261.3299865722656,264.5299987792969,4400300
2019-07-01,269.989990234375,269.989990234375,264.8699951171875,266.7699890136719,2646800
2019-07-02,266.8800048828125,270.6000061035156,266.42999267578125,270.57000732421875,2649100
2019-07-03,271.0,273.0799865722656,270.7799987792969,273.0799865722656,1896800
2019-07-05,271.5,272.7699890136719,269.0899963378906,272.1400146484375,2561000
2019-07-08,270.1000061035156,272.07000732421875,269.4599914550781,271.2300109863281,2291700
2019-07-09,269.82000732421875,273.6499938964844,269.5,273.3399963378906,2477400
2019-07-10,274.1700134277344,277.1000061035156,274.1499938964844,275.3800048828125,2323000
2019-07-11,277.6000061035156,278.6499938964844,276.0799865722656,278.32000732421875,2583900
2019-07-12,279.239990234375,279.739990234375,276.260009765625,279.5400085449219,2299700
2019-07-15,280.4599914550781,280.5899963378906,278.54998779296875,279.3699951171875,3349500
2019-07-16,279.0,280.6300048828125,275.30999755859375,276.6199951171875,2976000
2019-07-17,277.3900146484375,278.4700012207031,275.2699890136719,275.2799987792969,2318900
2019-07-18,275.0,277.25,274.739990234375,276.7799987792969,3241000
2019-07-19,279.42999267578125,279.4800109863281,275.4200134277344,275.6000061035156,3048200
2019-07-22,276.9100036621094,279.3599853515625,276.07000732421875,278.6099853515625,2092400
2019-07-23,280.0,280.4200134277344,276.8999938964844,278.9700012207031,2275400
2019-07-24,278.1700134277344,280.29998779296875,276.3800048828125,280.25,2805200
2019-07-25,280.0,280.8999938964844,277.54998779296875,279.3500061035156,2312200
2019-07-26,280.6000061035156,282.2900085449219,280.0799865722656,282.07000732421875,2942100
2019-07-29,283.1199951171875,283.3299865722656,280.42999267578125,281.44000244140625,3677700
2019-07-30,279.3399963378906,282.3699951171875,275.45001220703125,278.1600036621094,3957900
2019-07-31,278.6700134277344,278.9800109863281,265.69000244140625,272.2699890136719,5513100
2019-08-01,273.92999267578125,279.30999755859375,271.6400146484375,274.1600036621094,4988100
2019-08-02,272.0,272.5,265.67999267578125,269.45001220703125,4438000
2019-08-05,260.0,262.6499938964844,253.89999389648438,256.8399963378906,6861300
2019-08-06,261.79998779296875,265.1499938964844,260.17999267578125,264.67999267578125,4918500
2019-08-07,263.3999938964844,270.0,260.25,269.30999755859375,4476000
2019-08-08,272.0,278.0799865722656,271.6000061035156,278.0400085449219,4135500
2019-08-09,275.510009765625,276.8999938964844,273.0799865722656,274.95001220703125,3410500
2019-08-12,272.8500061035156,274.9800109863281,268.8900146484375,270.0,3322600
2019-08-13,269.8299865722656,275.3699951171875,268.0,274.5299987792969,3899800
2019-08-14,269.82000732421875,272.4700012207031,265.8500061035156,267.1499938964844,3750300
2019-08-15,269.2799987792969,273.1499938964844,268.0899963378906,271.8900146484375,3364300
2019-08-16,274.9800109863281,275.9599914550781,273.7900085449219,274.3599853515625,2718100
2019-08-19,277.0,278.57000732421875,275.2099914550781,278.07000732421875,2502300
2019-08-20,278.3999938964844,279.55999755859375,275.8500061035156,277.0400085449219,2583600
2019-08-21,279.6400146484375,282.1000061035156,279.2900085449219,282.010009765625,2492200
2019-08-22,282.1099853515625,282.8900146484375,276.760009765625,280.7699890136719,2975800
2019-08-23,280.0,282.0899963378906,270.2099914550781,271.8900146484375,4415000
2019-08-26,274.8800048828125,276.42999267578125,272.9800109863281,276.42999267578125,2184400
2019-08-27,276.739990234375,279.0899963378906,274.9100036621094,276.6400146484375,2169400
2019-08-28,275.2300109863281,278.6499938964844,273.3699951171875,278.239990234375,2306900
2019-08-29,281.0,281.9800109863281,278.8800048828125,281.3800048828125,2297200
2019-08-30,282.5899963378906,282.9599914550781,278.7300109863281,281.3699951171875,2600300
2019-09-03,279.989990234375,282.8399963378906,278.5,280.1099853515625,2350800
2019-09-04,282.7699890136719,286.2099914550781,282.1499938964844,286.1000061035156,2631000
2019-09-05,290.2900085449219,293.4599914550781,289.6000061035156,292.0799865722656,3808300
2019-09-06,291.94000244140625,293.07000732421875,290.04998779296875,291.3800048828125,2783300
2019-09-09,293.489990234375,293.69000244140625,280.1000061035156,283.3599853515625,4795900
2019-09-10,281.3399963378906,281.5,270.3399963378906,272.3299865722656,8683800
2019-09-11,274.9200134277344,276.0,269.20001220703125,269.95001220703125,6342300
2019-09-12,273.3900146484375,278.7699890136719,273.19000244140625,276.3999938964844,5497900
2019-09-13,277.989990234375,278.1499938964844,273.0400085449219,276.32000732421875,4631100
2019-09-16,273.4700012207031,275.760009765625,272.7099914550781,274.0799865722656,2755100
2019-09-17,274.54998779296875,278.6300048828125,273.95001220703125,276.25,2929500
2019-09-18,276.7699890136719,276.8500061035156,270.44000244140625,275.1000061035156,2975900
2019-09-19,275.9599914550781,278.1499938964844,274.8500061035156,275.9100036621094,2623800
2019-09-20,277.7900085449219,278.5899963378906,270.9100036621094,271.1700134277344,5540800
2019-09-23,270.29998779296875,273.739990234375,270.0,273.1499938964844,3092000
2019-09-24,275.6300048828125,277.44000244140625,269.05999755859375,271.1199951171875,4120300
2019-09-25,270.25,272.989990234375,266.6099853515625,272.75,4083600
2019-09-26,273.2300109863281,275.44000244140625,272.6300048828125,273.8900146484375,2924600
2019-09-27,275.3900146484375,275.6300048828125,267.69000244140625,269.1300048828125,3175700
2019-09-30,270.989990234375,272.07000732421875,269.32000732421875,271.57000732421875,3128700
2019-10-01,271.489990234375,273.6499938964844,270.0400085449219,270.94000244140625,3066400
2019-10-02,268.1600036621094,268.94000244140625,262.5199890136719,264.4800109863281,4308900
2019-10-03,264.25,268.5400085449219,260.4100036621094,268.2900085449219,3948100
2019-10-04,269.510009765625,274.4800109863281,269.1600036621094,274.05999755859375,2671400
2019-10-07,271.30999755859375,273.5,270.4100036621094,272.19000244140625,2861900
2019-10-08,269.82000732421875,271.0799865722656,266.5899963378906,267.07000732421875,2818900
2019-10-09,269.9599914550781,273.1400146484375,269.5,272.239990234375,2169600
2019-10-10,271.55999755859375,274.7099914550781,271.260009765625,273.8299865722656,2194700
2019-10-11,276.20001220703125,280.0,275.1199951171875,275.9100036621094,3493000
2019-10-14,277.55999755859375,278.55999755859375,275.55999755859375,276.3800048828125,2042500
2019-10-15,277.2099914550781,279.9599914550781,275.9599914550781,278.55999755859375,3006600
2019-10-16,277.1000061035156,279.0299987792969,274.79998779296875,278.2699890136719,2689400
2019-10-17,279.3500061035156,280.44000244140625,275.92999267578125,276.510009765625,2396600
2019-10-18,275.239990234375,276.67999267578125,269.8999938964844,270.6300048828125,4052300
2019-10-21,271.92999267578125,274.3599853515625,269.5,274.29998779296875,2921200
2019-10-22,274.8999938964844,275.3500061035156,261.010009765625,261.260009765625,5619500
2019-10-23,262.67999267578125,264.19000244140625,258.510009765625,260.8500061035156,5367000
2019-10-24,263.55999755859375,269.3299865722656,263.55999755859375,268.75,3791900
2019-10-25,266.260009765625,272.17999267578125,265.55999755859375,270.19000244140625,2760200
2019-10-28,273.260009765625,275.92999267578125,271.3699951171875,275.92999267578125,3796600
2019-10-29,277.6000061035156,278.2900085449219,273.0799865722656,274.2900085449219,4706700
2019-10-30,274.6400146484375,277.4700012207031,273.0,277.1499938964844,3485500
2019-10-31,276.3800048828125,279.0899963378906,275.05999755859375,276.80999755859375,5356000
2019-11-01,279.0,280.3900146484375,276.1199951171875,279.04998779296875,2880000
2019-11-04,280.6400146484375,282.239990234375,275.80999755859375,276.3299865722656,3726600
2019-11-05,276.5,276.95001220703125,268.4200134277344,269.0,4717500
2019-11-06,270.29998779296875,271.6700134277344,268.8800048828125,269.8599853515625,3742900
2019-11-07,270.0199890136719,275.0799865722656,269.8599853515625,272.7900085449219,4277800
2019-11-08,271.70001220703125,274.95001220703125,271.70001220703125,274.8900146484375,2241300
2019-11-11,273.0799865722656,277.1300048828125,273.05999755859375,277.0,2132600
2019-11-12,277.6000061035156,279.5,275.7699890136719,277.1400146484375,2217200
2019-11-13,276.510009765625,280.4599914550781,275.0,278.07000732421875,3320600
2019-11-14,277.45001220703125,279.6300048828125,276.70001220703125,279.6300048828125,2365900
2019-11-15,280.6400146484375,280.8999938964844,278.1300048828125,280.7799987792969,2544200
2019-11-18,280.0,281.7699890136719,278.3999938964844,280.8599853515625,2715900
2019-11-19,281.5199890136719,286.5799865722656,280.94000244140625,285.30999755859375,3013800
2019-11-20,285.0,287.7300109863281,282.8599853515625,285.3800048828125,2903900
2019-11-21,284.6000061035156,286.5199890136719,283.5899963378906,284.45001220703125,2777000
2019-11-22,284.8299865722656,285.3599853515625,281.2099914550781,282.57000732421875,2968100
2019-11-25,284.0,288.989990234375,283.70001220703125,287.6099853515625,3760200
2019-11-26,288.5,290.6499938964844,287.82000732421875,289.3800048828125,5712800
2019-11-27,289.0299987792969,292.0,288.9100036621094,291.70001220703125,2163500
2019-11-29,290.2300109863281,293.0,290.2300109863281,292.2300109863281,1754400
2019-12-02,290.5899963378906,290.75,283.8900146484375,286.4700012207031,3062300
2019-12-03,282.20001220703125,287.6000061035156,281.5,287.0899963378906,2528300
2019-12-04,288.5,289.6199951171875,286.1199951171875,286.8399963378906,2743300
2019-12-05,287.95001220703125,290.95001220703125,286.3999938964844,289.8500061035156,2580300
2019-12-06,292.30999755859375,292.5,289.67999267578125,290.3999938964844,2425200
2019-12-09,289.19000244140625,290.9599914550781,288.260009765625,289.05999755859375,1903000
2019-12-10,289.0,290.1700134277344,287.7099914550781,288.6099853515625,2514300
2019-12-11,289.760009765625,290.32000732421875,288.1099853515625,290.04998779296875,2298100
2019-12-12,289.8999938964844,292.75,288.2699890136719,292.2099914550781,2746400
2019-12-13,290.7900085449219,296.5299987792969,289.79998779296875,296.0899963378906,3565400
2019-12-16,298.1099853515625,299.4800109863281,296.8599853515625,296.9599914550781,4210700
2019-12-17,298.5,298.5,293.7699890136719,296.0,3354500
2019-12-18,295.20001220703125,297.29998779296875,294.739990234375,294.739990234375,2902700
2019-12-19,294.489990234375,298.17999267578125,294.1099853515625,297.5299987792969,2536900
2019-12-20,300.54998779296875,300.54998779296875,296.80999755859375,298.57000732421875,5099400
2019-12-23,298.739990234375,299.8299865722656,297.1000061035156,297.2699890136719,3590500
2019-12-24,297.9599914550781,298.30999755859375,296.6000061035156,297.4800109863281,641100
2019-12-26,298.1099853515625,299.3699951171875,297.79998779296875,299.20001220703125,1369200
2019-12-27,300.0,301.5299987792969,298.17999267578125,300.739990234375,2042600
2019-12-30,300.8299865722656,301.04998779296875,295.2799987792969,297.7200012207031,2717600
2019-12-31,296.1000061035156,298.92999267578125,295.7699890136719,298.5899963378906,2478600
2020-01-02,300.4599914550781,303.5299987792969,299.5,303.3900146484375,3272400
2020-01-03,299.4599914550781,302.4200134277344,298.6000061035156,300.42999267578125,2501300
2020-01-06,297.3599853515625,301.3299865722656,296.0199890136719,301.2300109863281,3307200
2020-01-07,301.739990234375,303.3800048828125,299.8800048828125,300.2099914550781,3182000
2020-01-08,300.7799987792969,306.95001220703125,300.510009765625,305.1000061035156,3224400
2020-01-09,308.2799987792969,310.94000244140625,308.0199890136719,309.1000061035156,3292600
2020-01-10,311.5799865722656,311.95001220703125,308.739990234375,311.1700134277344,2948000
2020-01-13,313.260009765625,315.6400146484375,312.8999938964844,315.2099914550781,3236400
2020-01-14,316.17999267578125,316.4200134277344,309.8599853515625,310.6400146484375,4951400
2020-01-15,312.19000244140625,315.7300109863281,311.0400085449219,314.25,4664200
2020-01-16,317.5,320.3299865722656,314.989990234375,320.29998779296875,3323300
2020-01-17,321.42999267578125,324.0299987792969,319.239990234375,323.6600036621094,4821000
2020-01-21,322.4100036621094,325.6600036621094,321.489990234375,321.92999267578125,5998600
2020-01-22,324.95001220703125,326.7900085449219,324.1199951171875,324.30999755859375,3518500
2020-01-23,325.0,325.25,322.32000732421875,324.9800109863281,4188300
2020-01-24,326.57000732421875,327.0899963378906,321.6600036621094,323.6700134277344,3634700
2020-01-27,315.1000061035156,319.3599853515625,312.5,315.7699890136719,4367500
2020-01-28,315.79998779296875,321.5199890136719,315.4599914550781,320.2699890136719,3486200
2020-01-29,323.0,324.44000244140625,316.7699890136719,320.32000732421875,4389400
2020-01-30,319.0,324.70001220703125,318.010009765625,324.4599914550781,3512100
2020-01-31,323.1400146484375,324.4599914550781,314.5,315.94000244140625,5586800
2020-02-03,318.79998779296875,325.4800109863281,318.42999267578125,324.5199890136719,4240100
2020-02-04,328.239990234375,331.739990234375,326.2900085449219,329.1199951171875,4158200
2020-02-05,335.0,335.0,324.1700134277344,328.32000732421875,3868000
2020-02-06,329.32000732421875,331.2300109863281,327.67999267578125,329.29998779296875,3422000
2020-02-07,328.0,329.8500061035156,325.8699951171875,327.0,2584200
2020-02-10,325.6199951171875,330.2799987792969,325.510009765625,330.2799987792969,3848100
2020-02-11,335.0,335.5199890136719,329.6600036621094,330.9200134277344,3449300
2020-02-12,330.82000732421875,334.45001220703125,329.2200012207031,334.1600036621094,2451000
2020-02-13,332.30999755859375,337.8299865722656,332.1300048828125,335.8399963378906,3001000
2020-02-14,337.4599914550781,341.0400085449219,337.0299987792969,340.95001220703125,2716300
2020-02-18,341.6199951171875,343.1000061035156,340.3900146484375,341.239990234375,3597300
2020-02-19,343.989990234375,347.239990234375,342.6300048828125,344.55999755859375,3040300
2020-02-20,345.739990234375,347.25,338.1700134277344,344.45001220703125,4316000
2020-02-21,342.54998779296875,343.8900146484375,335.6099853515625,339.70001220703125,4997100
2020-02-24,317.510009765625,329.3399963378906,313.8399963378906,324.6700134277344,7816000
2020-02-25,321.3399963378906,323.2300109863281,300.760009765625,302.8900146484375,12715700
2020-02-26,302.0,307.8900146484375,297.8900146484375,298.0400085449219,9403300
2020-02-27,285.0299987792969,297.45001220703125,280.94000244140625,285.82000732421875,13814600
2020-02-28,274.8900146484375,290.3900146484375,273.54998779296875,290.25,12846000
2020-03-02,298.8900146484375,306.9599914550781,289.44000244140625,306.739990234375,9688100
2020-03-03,314.5899963378906,314.5899963378906,290.8299865722656,292.0,8051100
2020-03-04,299.1099853515625,302.79998779296875,292.75,302.3599853515625,6463800
2020-03-05,295.7099914550781,298.7099914550781,288.239990234375,290.7300109863281,6621300
2020-03-06,282.69000244140625,288.8500061035156,278.6199951171875,287.010009765625,7061500
2020-03-09,265.0,279.239990234375,261.17999267578125,262.010009765625,8498300
2020-03-10,276.4200134277344,280.8699951171875,262.8599853515625,280.57000732421875,8131400
2020-03-11,272.95001220703125,274.0400085449219,263.30999755859375,269.760009765625,8366800
2020-03-12,244.52999877929688,262.489990234375,240.92999267578125,241.5,15031500
2020-03-13,258.7799987792969,270.0299987792969,245.5,270.010009765625,9934900
2020-03-16,234.49000549316406,257.7300109863281,229.25999450683594,235.64999389648438,12111500
2020-03-17,240.47999572753906,250.5,231.9600067138672,237.8800048828125,12665200
2020-03-18,222.33999633789062,229.10000610351562,213.22000122070312,227.92999267578125,11352800
2020-03-19,224.00999450683594,238.5,211.5500030517578,227.14999389648438,9126400
2020-03-20,236.02000427246094,236.02000427246094,210.0,211.4199981689453,10518600
2020-03-23,203.27999877929688,215.67999267578125,199.99000549316406,203.3000030517578,11588700
2020-03-24,215.9199981689453,238.44000244140625,215.0,237.07000732421875,11654800
2020-03-25,247.89999389648438,266.29998779296875,240.36000061035156,256.4800109863281,12642700
2020-03-26,257.8999938964844,265.80999755859375,252.6199951171875,263.17999267578125,9957900
2020-03-27,250.24000549316406,256.07000732421875,244.6999969482422,247.64999389648438,7819300
2020-03-30,245.85000610351562,254.25,244.64999389648438,253.25,5765800
2020-03-31,252.4600067138672,253.4199981689453,241.0800018310547,241.55999755859375,10373900
2020-04-01,230.94000244140625,237.10000610351562,227.10000610351562,228.61000061035156,6646200
2020-04-02,228.38999938964844,239.3699951171875,227.35000610351562,238.8800048828125,6446600
2020-04-03,236.97999572753906,239.8800048828125,230.30999755859375,237.02999877929688,4163000
2020-04-06,252.0,267.1099853515625,250.00999450683594,265.94000244140625,8636700
2020-04-07,281.6099853515625,282.8699951171875,258.4800109863281,259.0799865722656,8627300
2020-04-08,262.510009765625,271.8800048828125,258.9100036621094,270.95001220703125,5690100
2020-04-09,275.1300048828125,276.0,267.7200012207031,269.3999938964844,6662900
2020-04-13,268.20001220703125,268.70001220703125,255.75,263.3399963378906,7114400
2020-04-14,269.8800048828125,275.6400146484375,269.20001220703125,270.7200012207031,6354400
2020-04-15,260.510009765625,262.95001220703125,255.6199951171875,257.1400146484375,10240700
2020-04-16,258.3900146484375,258.3900146484375,244.7100067138672,246.75999450683594,11455400
2020-04-17,258.25,260.70001220703125,251.50999450683594,259.9700012207031,10412100
2020-04-20,254.50999450683594,256.6300048828125,249.6699981689453,251.72999572753906,6042700
2020-04-21,246.64999389648438,249.38999938964844,244.10000610351562,245.35000610351562,5964600
2020-04-22,251.4600067138672,258.6000061035156,251.0,256.9100036621094,5083200
2020-04-23,259.3900146484375,262.4200134277344,255.27000427246094,255.86000061035156,4270600
2020-04-24,258.42999267578125,259.8299865722656,252.8300018310547,258.760009765625,3824200
2020-04-27,260.2200012207031,265.7200012207031,259.510009765625,265.1199951171875,4099900
2020-04-28,270.3999938964844,272.6499938964844,262.9599914550781,264.6000061035156,4344000
2020-04-29,278.45001220703125,285.0,276.260009765625,283.69000244140625,8505000
2020-04-30,278.42999267578125,281.6300048828125,273.4100036621094,274.9700012207031,5898900
2020-05-01,268.70001220703125,273.989990234375,267.2099914550781,268.739990234375,5067800
2020-05-04,265.5,270.07000732421875,263.010009765625,269.260009765625,3747100
2020-05-05,276.8399963378906,277.8500061035156,273.29998779296875,273.9800109863281,3926200
2020-05-06,276.9599914550781,276.9599914550781,271.54998779296875,272.44000244140625,3261900
2020-05-07,277.80999755859375,282.45001220703125,277.239990234375,278.4700012207031,4371400
2020-05-08,283.3999938964844,283.4200134277344,279.5,282.44000244140625,3215400
2020-05-11,279.5,282.80999755859375,277.6300048828125,281.2300109863281,4056900
2020-05-12,280.45001220703125,282.3299865722656,272.1099853515625,272.1099853515625,4031400
2020-05-13,272.29998779296875,276.07000732421875,264.19000244140625,269.1600036621094,4802100
2020-05-14,270.20001220703125,277.55999755859375,263.9599914550781,277.30999755859375,6294200
2020-05-15,276.0400085449219,279.1400146484375,273.2900085449219,278.94000244140625,3813300
2020-05-18,285.4599914550781,292.0899963378906,285.0,289.8999938964844,6037800
2020-05-19,289.1700134277344,297.82000732421875,287.489990234375,290.7300109863281,5211800
2020-05-20,295.75,301.1499938964844,295.3900146484375,298.79998779296875,4592200
2020-05-21,299.3699951171875,299.92999267578125,292.75,294.260009765625,3944100
2020-05-22,295.05999755859375,296.79998779296875,293.010009765625,294.9100036621094,2897000
2020-05-26,304.6199951171875,305.0,301.94000244140625,303.3299865722656,5246900
2020-05-27,304.0,304.7300109863281,292.1199951171875,299.7699890136719,5147900
2020-05-28,300.9800109863281,310.0,298.8399963378906,302.29998779296875,4520800
2020-05-29,302.0,304.42999267578125,298.8699951171875,300.8900146484375,4930100
2020-06-01,300.79998779296875,303.05999755859375,297.8999938964844,301.3999938964844,2841800
2020-06-02,304.989990234375,306.1099853515625,301.69000244140625,303.5899963378906,4131300
2020-06-03,305.4800109863281,308.1099853515625,302.2099914550781,307.07000732421875,3429700
2020-06-04,305.44000244140625,306.6199951171875,299.3399963378906,301.3699951171875,4147700
2020-06-05,306.80999755859375,312.17999267578125,305.6499938964844,311.8800048828125,5058200
2020-06-08,311.05999755859375,313.5799865722656,307.04998779296875,310.4100036621094,3724300
2020-06-09,309.7799987792969,313.4700012207031,308.20001220703125,311.489990234375,3314800
2020-06-10,312.3900146484375,316.05999755859375,310.2900085449219,313.1499938964844,4089000
2020-06-11,305.010009765625,306.489990234375,291.05999755859375,291.25,6505300
2020-06-12,298.7900085449219,299.989990234375,290.8900146484375,297.7900085449219,4512200
2020-06-15,290.0,298.9200134277344,288.75,297.1700134277344,5932900
2020-06-16,305.9100036621094,309.0899963378906,300.1099853515625,304.4800109863281,4013100
2020-06-17,305.0,307.4800109863281,303.0799865722656,303.760009765625,2566400
2020-06-18,301.8299865722656,305.1000061035156,300.5,304.8500061035156,2776600
2020-06-19,309.5,309.5,296.5,296.5,4533500
2020-06-22,299.6000061035156,304.95001220703125,297.7300109863281,304.44000244140625,3489200
2020-06-23,307.0299987792969,310.42999267578125,304.4200134277344,306.8800048828125,3801500
2020-06-24,305.0,305.5199890136719,293.05999755859375,294.010009765625,5086000
2020-06-25,294.1600036621094,298.3900146484375,290.6700134277344,298.010009765625,3294800
2020-06-26,296.8800048828125,298.1099853515625,289.1700134277344,289.3399963378906,4922500
2020-06-29,291.3399963378906,293.1499938964844,285.1499938964844,292.92999267578125,3642200
2020-06-30,293.0899963378906,296.6000061035156,291.010009765625,295.70001220703125,4283500
2020-07-01,295.9599914550781,303.2699890136719,295.1199951171875,301.1700134277344,3801300
2020-07-02,304.3299865722656,306.8900146484375,301.30999755859375,302.4200134277344,3290100
2020-07-06,306.6499938964844,307.32000732421875,303.1700134277344,305.57000732421875,3013300
2020-07-07,303.19000244140625,307.7900085449219,299.3999938964844,299.9100036621094,3633100
2020-07-08,300.9100036621094,301.5400085449219,297.3999938964844,300.1499938964844,4115000
2020-07-09,299.6199951171875,300.7200012207031,290.55999755859375,294.5899963378906,5042800
2020-07-10,294.0,296.9599914550781,291.5,295.67999267578125,3030900
2020-07-13,297.8599853515625,298.6199951171875,290.0199890136719,290.17999267578125,4853700
2020-07-14,292.0,299.1000061035156,288.6499938964844,298.95001220703125,4795900
2020-07-15,303.0,306.7699890136719,301.3900146484375,305.7200012207031,5257300
2020-07-16,302.9700012207031,303.5299987792969,298.9100036621094,299.3500061035156,3312100
2020-07-17,301.7300109863281,305.239990234375,299.4100036621094,304.05999755859375,3169800
2020-07-20,301.9200134277344,314.989990234375,301.9200134277344,311.9599914550781,5279400
2020-07-21,313.0,314.04998779296875,306.29998779296875,307.6000061035156,3562100
2020-07-22,308.1300048828125,313.57000732421875,308.1300048828125,313.3699951171875,3303100
2020-07-23,313.54998779296875,317.239990234375,308.7200012207031,309.8999938964844,3118500
2020-07-24,306.4800109863281,310.7300109863281,304.5400085449219,306.9200134277344,2500300
2020-07-27,307.05999755859375,310.0,306.0199890136719,308.8599853515625,2311600
2020-07-28,308.5,310.20001220703125,306.0299987792969,306.3299865722656,2116300
2020-07-29,304.5,311.6600036621094,304.1199951171875,309.29998779296875,3542400
2020-07-30,304.0,312.82000732421875,303.0400085449219,309.0,3941600
2020-07-31,310.0,310.0899963378906,305.6099853515625,308.5299987792969,4684400
2020-08-03,311.0,313.5,309.29998779296875,312.5899963378906,3907800
2020-08-04,312.5,315.69000244140625,311.1000061035156,314.3900146484375,3409200
2020-08-05,316.3699951171875,329.67999267578125,315.8699951171875,328.0,5677200
2020-08-06,327.3999938964844,331.2200012207031,325.8999938964844,330.1400146484375,4839800
2020-08-07,328.0,328.3299865722656,323.92999267578125,328.0199890136719,3662500
2020-08-10,327.19000244140625,329.739990234375,321.8599853515625,322.8800048828125,3752100
2020-08-11,325.0,334.54998779296875,323.5799865722656,328.5400085449219,5273300
2020-08-12,328.6600036621094,331.3999938964844,326.20001220703125,327.6300048828125,3125900
2020-08-13,325.92999267578125,329.8299865722656,325.6199951171875,326.19000244140625,2526700
2020-08-14,325.6700134277344,327.6400146484375,324.80999755859375,326.79998779296875,1444900
2020-08-17,327.0,331.2300109863281,326.67999267578125,330.2300109863281,2904100
2020-08-18,330.20001220703125,331.3999938964844,326.3500061035156,331.0,3021700
2020-08-19,330.0400085449219,334.4599914550781,330.0,332.3999938964844,3421000
2020-08-20,330.19000244140625,338.0,330.19000244140625,337.32000732421875,2966000
2020-08-21,338.0,338.79998779296875,335.9700012207031,337.1000061035156,2680900
2020-08-24,339.3599853515625,343.8299865722656,338.75,343.6400146484375,2753900
2020-08-25,344.7099914550781,348.4599914550781,343.3299865722656,347.6600036621094,2862700
2020-08-26,348.0,352.2900085449219,345.5,351.0199890136719,3512000
2020-08-27,351.7300109863281,358.0,350.5799865722656,356.0,3811700
2020-08-28,357.4800109863281,367.25,356.1600036621094,366.1199951171875,3544700
2020-08-31,366.6300048828125,366.6300048828125,357.69000244140625,358.19000244140625,3948200
2020-09-01,357.7099914550781,359.44000244140625,353.55999755859375,356.8999938964844,4409600
2020-09-02,357.3900146484375,361.6000061035156,356.2799987792969,360.70001220703125,4127200
2020-09-03,358.4700012207031,358.94000244140625,341.260009765625,343.8399963378906,6297400
2020-09-04,343.0,346.989990234375,326.54998779296875,335.010009765625,6571200
2020-09-08,328.760009765625,335.7099914550781,326.8999938964844,329.8800048828125,4425700
2020-09-09,337.3900146484375,342.760009765625,332.3699951171875,339.6400146484375,3344900
2020-09-10,342.5,345.1300048828125,331.1400146484375,332.8800048828125,2845900
2020-09-11,334.7099914550781,334.7099914550781,327.30999755859375,330.1499938964844,2920400
2020-09-14,334.9700012207031,340.0,334.0199890136719,338.6000061035156,3416100
2020-09-15,342.739990234375,343.92999267578125,338.5299987792969,339.1400146484375,2396400
2020-09-16,341.2799987792969,346.0400085449219,339.7900085449219,341.8500061035156,3049000
2020-09-17,337.1400146484375,343.7200012207031,336.0,339.42999267578125,3713000
2020-09-18,338.2099914550781,341.1400146484375,333.3699951171875,335.260009765625,4006000
2020-09-21,329.4700012207031,331.6700134277344,320.80999755859375,327.8500061035156,4466000
2020-09-22,329.510009765625,336.0299987792969,325.1099853515625,335.30999755859375,3375300
2020-09-23,334.8399963378906,335.1700134277344,323.4700012207031,324.5299987792969,2893900
2020-09-24,323.20001220703125,330.7799987792969,321.17999267578125,328.2099914550781,3706300
2020-09-25,325.6499938964844,333.4800109863281,322.1000061035156,331.7799987792969,3077500
2020-09-28,336.6099853515625,340.57000732421875,335.80999755859375,338.3900146484375,3122500
2020-09-29,338.3900146484375,340.7200012207031,335.82000732421875,336.2300109863281,2679500
2020-09-30,336.70001220703125,343.6499938964844,336.4200134277344,338.1700134277344,3285200
2020-10-01,342.239990234375,346.70001220703125,340.2799987792969,343.3699951171875,2503600
2020-10-02,338.2699890136719,342.6099853515625,336.010009765625,338.8299865722656,2184600
2020-10-05,341.67999267578125,343.25,338.9700012207031,343.25,2081600
2020-10-06,342.05999755859375,346.3599853515625,336.2200012207031,337.42999267578125,2553400
2020-10-07,341.7799987792969,344.6499938964844,340.3399963378906,343.8999938964844,3068200
2020-10-08,345.010009765625,347.69000244140625,344.239990234375,345.1499938964844,1991800
2020-10-09,347.989990234375,353.3599853515625,347.0,352.3900146484375,3116500
2020-10-12,355.0,355.0,350.82000732421875,352.0400085449219,2942900
2020-10-13,351.42999267578125,351.5,345.0199890136719,345.8399963378906,2523800
2020-10-14,345.760009765625,347.19000244140625,341.19000244140625,342.70001220703125,2234300
2020-10-15,338.29998779296875,339.6099853515625,332.82000732421875,338.57000732421875,3727300
2020-10-16,340.0,344.9800109863281,339.2300109863281,339.3999938964844,3324600
2020-10-19,340.1199951171875,341.29998779296875,330.42999267578125,331.6700134277344,2937600
2020-10-20,333.0400085449219,336.79998779296875,331.67999267578125,331.7200012207031,2677800
2020-10-21,332.489990234375,336.32000732421875,331.29998779296875,333.4200134277344,2725300
2020-10-22,333.3699951171875,335.3800048828125,329.25,333.6000061035156,2256000
2020-10-23,335.69000244140625,335.69000244140625,328.30999755859375,329.6099853515625,2945400
2020-10-26,326.4100036621094,327.239990234375,314.2300109863281,318.05999755859375,5173300
2020-10-27,318.8999938964844,319.55999755859375,312.3599853515625,317.1099853515625,4314900
2020-10-28,301.69000244140625,302.0,288.6000061035156,291.3800048828125,11518200
2020-10-29,293.20001220703125,295.29998779296875,287.54998779296875,293.17999267578125,9582300
2020-10-30,289.8500061035156,291.8500061035156,281.20001220703125,288.6400146484375,6892800
2020-11-02,294.239990234375,294.8399963378906,288.1199951171875,289.9700012207031,5094900
2020-11-03,294.45001220703125,300.3399963378906,291.7799987792969,295.3900146484375,4097700
2020-11-04,305.0899963378906,312.7200012207031,302.239990234375,307.20001220703125,4790100
2020-11-05,315.1400146484375,319.3500061035156,313.5799865722656,316.5299987792969,3794400
2020-11-06,315.9800109863281,316.489990234375,310.0899963378906,313.6400146484375,2978500
2020-11-09,346.9200134277344,357.0,340.8999938964844,344.55999755859375,10933700
2020-11-10,339.989990234375,345.8599853515625,333.44000244140625,334.7799987792969,5330400
2020-11-11,337.4100036621094,337.70001220703125,331.07000732421875,332.3900146484375,2969900
2020-11-12,329.05999755859375,333.0899963378906,326.29998779296875,328.2900085449219,3207700
2020-11-13,330.29998779296875,336.1099853515625,327.3399963378906,335.0299987792969,2393700
2020-11-16,341.79998779296875,342.6499938964844,333.1700134277344,335.45001220703125,3312800
2020-11-17,333.1700134277344,337.7699890136719,330.7200012207031,336.5,3412700
2020-11-18,336.5299987792969,340.95001220703125,334.8599853515625,335.94000244140625,3203400
2020-11-19,335.489990234375,339.1600036621094,331.4200134277344,333.8800048828125,2718700
2020-11-20,334.7799987792969,335.1600036621094,323.0,323.0,4142400
2020-11-23,326.2099914550781,333.20001220703125,324.3699951171875,332.0400085449219,3219000
2020-11-24,336.9100036621094,344.1099853515625,334.1199951171875,342.3900146484375,3529700
2020-11-25,343.7099914550781,343.7099914550781,339.3399963378906,341.32000732421875,2535200
2020-11-27,342.8299865722656,342.8800048828125,337.6099853515625,339.07000732421875,1402300
2020-11-30,337.6600036621094,338.04998779296875,330.17999267578125,336.510009765625,4276200
2020-12-01,339.6700134277344,342.6300048828125,337.6199951171875,338.8800048828125,4210400
2020-12-02,336.7799987792969,340.239990234375,334.0,340.2200012207031,2972100
2020-12-03,338.55999755859375,342.32000732421875,334.1199951171875,335.1400146484375,3080300
2020-12-04,336.9200134277344,344.3500061035156,335.79998779296875,344.3500061035156,4323600
2020-12-07,343.3599853515625,347.989990234375,340.04998779296875,340.9599914550781,2389800
2020-12-08,338.2799987792969,342.8299865722656,336.70001220703125,340.7900085449219,2224600
2020-12-09,340.4100036621094,341.7099914550781,334.69000244140625,336.8500061035156,2962600
2020-12-10,334.6499938964844,335.5400085449219,331.19000244140625,331.5199890136719,3506800
2020-12-11,327.0899963378906,331.57000732421875,325.5299987792969,327.4200134277344,4179400
2020-12-14,329.0,338.75,327.5899963378906,331.1499938964844,3552400
2020-12-15,333.1600036621094,335.2200012207031,327.6199951171875,333.6499938964844,3104600
2020-12-16,333.9599914550781,334.0,329.25,332.1000061035156,3393300
2020-12-17,334.5400085449219,338.3299865722656,333.3999938964844,336.8999938964844,2725500
2020-12-18,336.510009765625,341.6000061035156,334.3500061035156,340.3299865722656,8443700
2020-12-21,333.2099914550781,336.1499938964844,327.239990234375,334.3699951171875,3642500
2020-12-22,334.1600036621094,335.2200012207031,331.6000061035156,332.239990234375,2403100
2020-12-23,334.1300048828125,335.2099914550781,329.0299987792969,329.2300109863281,2760600
2020-12-24,330.6499938964844,336.3699951171875,330.3500061035156,336.0,1308900
2020-12-28,337.8599853515625,345.5899963378906,336.8699951171875,344.4700012207031,3449100
2020-12-29,347.7799987792969,348.75,344.760009765625,346.6600036621094,2822700
2020-12-30,348.67999267578125,357.82000732421875,347.2099914550781,355.54998779296875,4200600
2020-12-31,355.0299987792969,359.4100036621094,353.25,356.94000244140625,2881700
2021-01-04,358.0,358.1300048828125,347.3599853515625,351.489990234375,4638400
2021-01-05,348.79998779296875,353.0,345.44000244140625,347.4200134277344,2990700
2021-01-06,350.4200134277344,354.0299987792969,344.55999755859375,347.54998779296875,3966800
2021-01-07,348.95001220703125,352.3699951171875,348.3800048828125,349.8599853515625,3100200
2021-01-08,351.3599853515625,354.9800109863281,349.489990234375,353.8500061035156,3371500
2021-01-11,352.1099853515625,353.4200134277344,347.7900085449219,348.20001220703125,2403000
2021-01-12,347.0799865722656,348.0,336.0299987792969,342.9200134277344,4858100
2021-01-13,349.6099853515625,349.760009765625,344.2300109863281,346.3299865722656,4125700
2021-01-14,348.69000244140625,349.5799865722656,326.69000244140625,326.92999267578125,8712200
2021-01-15,327.5400085449219,329.69000244140625,321.8800048828125,323.260009765625,7911500
2021-01-19,326.989990234375,329.1300048828125,324.6600036621094,325.94000244140625,4625200
2021-01-20,329.989990234375,337.92999267578125,329.1300048828125,334.9100036621094,5081000
2021-01-21,334.4100036621094,336.8599853515625,331.75,334.44000244140625,3484900
2021-01-22,330.3900146484375,335.1499938964844,328.9100036621094,328.989990234375,3846600
2021-01-25,327.510009765625,329.95001220703125,317.2300109863281,329.19000244140625,6257700
2021-01-26,330.0,330.5400085449219,325.82000732421875,327.70001220703125,3503100
2021-01-27,320.3599853515625,323.0,313.1199951171875,315.489990234375,7449400
2021-01-28,327.0899963378906,329.0,321.9800109863281,324.2799987792969,6906400
2021-01-29,323.79998779296875,325.67999267578125,312.3800048828125,316.2900085449219,7627200
2021-02-01,320.9100036621094,323.5199890136719,317.5799865722656,321.55999755859375,4930700
2021-02-02,323.45001220703125,336.1600036621094,323.45001220703125,334.3699951171875,5686000
2021-02-03,333.8399963378906,336.0,331.07000732421875,332.82000732421875,4036800
2021-02-04,335.3699951171875,343.25,335.05999755859375,340.8299865722656,4537500
2021-02-05,342.5199890136719,344.3299865722656,337.3900146484375,338.75,2964800
2021-02-08,340.0,341.489990234375,335.5299987792969,337.0299987792969,2652800
2021-02-09,335.95001220703125,336.2200012207031,330.0,333.44000244140625,2993300
2021-02-10,335.0,335.4700012207031,332.25,334.2099914550781,4246300
2021-02-11,345.5,349.5899963378906,340.25,342.8699951171875,5110800
2021-02-12,341.3299865722656,343.1199951171875,336.70001220703125,341.0,3025100
2021-02-16,343.20001220703125,344.0,338.07000732421875,341.2099914550781,2916900
2021-02-17,339.0400085449219,340.3800048828125,335.8399963378906,337.3299865722656,2267000
2021-02-18,334.489990234375,339.95001220703125,332.8399963378906,338.4599914550781,2393700
2021-02-19,338.44000244140625,339.0,331.0,333.1700134277344,4095800
2021-02-22,330.0,344.1199951171875,328.7699890136719,340.6600036621094,4940300
2021-02-23,340.6499938964844,354.2799987792969,338.4100036621094,350.4200134277344,6326600
2021-02-24,352.8699951171875,368.7900085449219,350.57000732421875,367.32000732421875,7467400
2021-02-25,364.55999755859375,367.32000732421875,352.2099914550781,354.57000732421875,5207500
2021-02-26,357.0799865722656,359.3900146484375,347.1199951171875,353.8500061035156,4868500
2021-03-01,360.67999267578125,366.45001220703125,359.17999267578125,362.8999938964844,4382900
2021-03-02,362.0,366.6099853515625,359.3399963378906,362.82000732421875,3559200
2021-03-03,360.0,365.42999267578125,355.45001220703125,360.25,3692300
2021-03-04,360.1000061035156,361.6300048828125,344.67999267578125,349.5,4572000
2021-03-05,354.9200134277344,361.7900085449219,346.4200134277344,360.8800048828125,4643200
2021-03-08,362.3999938964844,382.4599914550781,361.7900085449219,371.3299865722656,7213300
2021-03-09,375.0,387.32000732421875,372.7200012207031,376.5199890136719,5832800
2021-03-10,376.6000061035156,384.0,373.0,381.70001220703125,4509500
2021-03-11,385.5,389.5,382.6000061035156,384.3800048828125,3729700
2021-03-12,381.1400146484375,383.92999267578125,379.239990234375,382.7099914550781,2467500
2021-03-15,383.30999755859375,387.8599853515625,378.6400146484375,381.760009765625,4216200
2021-03-16,382.70001220703125,385.2799987792969,378.69000244140625,382.3800048828125,3445100
2021-03-17,381.8500061035156,385.1000061035156,375.8699951171875,378.67999267578125,3240900
2021-03-18,375.0299987792969,375.4800109863281,365.0400085449219,367.0,7205200
2021-03-19,364.79998779296875,366.2799987792969,350.1400146484375,356.510009765625,12224300
2021-03-22,355.94000244140625,361.6499938964844,354.0,358.3999938964844,4140400
2021-03-23,359.29998779296875,359.29998779296875,353.510009765625,355.2699890136719,3756300
2021-03-24,357.0799865722656,364.989990234375,356.0,359.6499938964844,3550000
2021-03-25,358.010009765625,359.4700012207031,354.1499938964844,358.3599853515625,2961800
2021-03-26,359.92999267578125,366.6099853515625,357.260009765625,366.1400146484375,2741200
2021-03-29,364.239990234375,365.3500061035156,358.6099853515625,362.9100036621094,4054900
2021-03-30,360.7799987792969,364.57000732421875,357.1000061035156,358.20001220703125,2885800
2021-03-31,359.5899963378906,361.5,355.7799987792969,356.04998779296875,4372600
2021-04-01,357.0400085449219,363.3999938964844,355.239990234375,363.29998779296875,3701800
2021-04-05,366.79998779296875,370.5199890136719,364.3399963378906,368.32000732421875,2180300
2021-04-06,364.8999938964844,370.75,362.5,369.57000732421875,2661900
2021-04-07,369.1400146484375,373.9599914550781,369.0,371.0799865722656,2958300
2021-04-08,373.0,379.30999755859375,372.75,377.739990234375,3528400
2021-04-09,376.0799865722656,380.3500061035156,374.44000244140625,380.0799865722656,2429300
2021-04-12,378.0799865722656,380.94000244140625,376.17999267578125,379.8399963378906,2896600
2021-04-13,379.05999755859375,380.1000061035156,376.79998779296875,378.1300048828125,2652800
2021-04-14,377.0,380.95001220703125,375.6000061035156,378.32000732421875,2317400
2021-04-15,381.1700134277344,387.3699951171875,380.9700012207031,386.489990234375,2942200
2021-04-16,389.0,389.1000061035156,383.6700134277344,386.1700134277344,2725500
2021-04-19,384.8999938964844,387.739990234375,381.32000732421875,382.1600036621094,3360900
2021-04-20,380.19000244140625,381.30999755859375,373.55999755859375,376.6300048828125,3135900
2021-04-21,378.5899963378906,384.1000061035156,376.6700134277344,383.1000061035156,2466300
2021-04-22,383.0799865722656,389.5,381.989990234375,383.3599853515625,3713700
2021-04-23,384.3500061035156,389.8800048828125,383.4599914550781,387.05999755859375,2294800
2021-04-26,387.8299865722656,392.94000244140625,387.1000061035156,387.4700012207031,2255000
2021-04-27,388.2200012207031,390.42999267578125,386.1400146484375,389.07000732421875,2270000
2021-04-28,390.70001220703125,401.5,390.70001220703125,395.6499938964844,4065300
2021-04-29,391.5,392.3900146484375,383.80999755859375,388.95001220703125,4637100
2021-04-30,382.8599853515625,385.0,375.6099853515625,382.05999755859375,4043200
2021-05-03,385.4700012207031,386.8699951171875,376.8500061035156,379.3999938964844,3344100
2021-05-04,377.07000732421875,378.2099914550781,371.5799865722656,375.9100036621094,3321200
2021-05-05,377.92999267578125,379.6400146484375,368.0299987792969,369.1400146484375,2993900
2021-05-06,371.1400146484375,375.7300109863281,365.70001220703125,375.4800109863281,3787300
2021-05-07,377.260009765625,378.6400146484375,373.55999755859375,375.3999938964844,2935900
2021-05-10,375.7900085449219,376.0,365.4100036621094,366.3399963378906,3193700
2021-05-11,361.010009765625,368.92999267578125,359.2699890136719,367.6099853515625,3073100
2021-05-12,364.75,365.3800048828125,355.6400146484375,356.6199951171875,3293200
2021-05-13,359.3299865722656,362.8399963378906,357.9200134277344,360.0199890136719,2626000
2021-05-14,363.0299987792969,364.7099914550781,361.489990234375,363.9100036621094,2959700
2021-05-17,362.29998779296875,364.05999755859375,358.05999755859375,363.29998779296875,2511600
2021-05-18,367.0,369.8399963378906,362.8800048828125,363.07000732421875,3421200
2021-05-19,357.3299865722656,361.1499938964844,355.3699951171875,360.9800109863281,3577900
2021-05-20,362.94000244140625,369.4100036621094,362.489990234375,367.70001220703125,4087500
2021-05-21,369.1400146484375,372.5299987792969,367.4599914550781,367.6000061035156,2708700
2021-05-24,370.0799865722656,373.739990234375,369.6400146484375,372.3800048828125,2351500
2021-05-25,373.1300048828125,373.75,366.82000732421875,367.2200012207031,3916300
2021-05-26,369.0,369.9100036621094,362.04998779296875,362.6499938964844,3101900
2021-05-27,364.54998779296875,366.3999938964844,360.5400085449219,362.0,5416300
2021-05-28,363.5,365.4100036621094,360.4200134277344,360.5799865722656,3624300
2021-06-01,364.4800109863281,365.3999938964844,359.5400085449219,359.7900085449219,3119700
2021-06-02,363.5299987792969,371.1700134277344,362.8800048828125,366.8500061035156,3531000
2021-06-03,363.3599853515625,366.69000244140625,361.7300109863281,361.82000732421875,2605900
2021-06-04,364.30999755859375,366.6300048828125,363.70001220703125,366.0199890136719,2295200
2021-06-07,367.79998779296875,371.3500061035156,363.2799987792969,364.0799865722656,2133400
2021-06-08,365.0,367.67999267578125,363.2300109863281,365.260009765625,3224200
2021-06-09,366.94000244140625,369.32000732421875,363.3299865722656,363.3299865722656,2520900
2021-06-10,364.69000244140625,365.6400146484375,361.9599914550781,364.29998779296875,2460200
2021-06-11,365.5400085449219,366.8500061035156,363.79998779296875,365.5,2708300
2021-06-14,366.0,366.6300048828125,362.1000061035156,366.5199890136719,2515300
2021-06-15,367.3399963378906,368.75,362.739990234375,368.1199951171875,3562500
2021-06-16,369.3800048828125,369.3800048828125,361.29998779296875,363.82000732421875,3081000
2021-06-17,363.5,369.1499938964844,361.2300109863281,367.2900085449219,3824900
2021-06-18,362.1199951171875,370.3800048828125,362.0,367.4200134277344,5009400
2021-06-21,368.6199951171875,376.45001220703125,366.20001220703125,373.0899963378906,3094600
2021-06-22,373.989990234375,378.760009765625,372.0199890136719,378.0400085449219,3582700
2021-06-23,378.0,378.7200012207031,374.2900085449219,375.1400146484375,2241800
2021-06-24,379.0,380.05999755859375,372.8999938964844,374.75,2788200
2021-06-25,375.45001220703125,379.6499938964844,373.3299865722656,379.6099853515625,3983900
2021-06-28,380.9200134277344,380.9200134277344,365.1199951171875,367.67999267578125,4800300
2021-06-29,369.010009765625,371.3900146484375,367.9100036621094,368.0,3394300
2021-06-30,367.95001220703125,370.1700134277344,364.2699890136719,365.0899963378906,2884900
2021-07-01,366.04998779296875,371.2099914550781,365.6000061035156,370.7099914550781,3108500
2021-07-02,372.69000244140625,375.489990234375,372.1499938964844,375.0299987792969,2786500
2021-07-06,376.6499938964844,378.239990234375,371.5,376.1199951171875,2740500
2021-07-07,376.7900085449219,378.1499938964844,372.45001220703125,373.9200134277344,3176600
2021-07-08,367.5,370.5899963378906,365.6499938964844,370.19000244140625,2809000
2021-07-09,371.8500061035156,373.4800109863281,369.8900146484375,372.94000244140625,2404800
2021-07-12,375.0,376.07000732421875,372.0799865722656,375.55999755859375,2648300
2021-07-13,375.54998779296875,386.6400146484375,375.54998779296875,383.7099914550781,5161000
2021-07-14,382.9800109863281,391.6300048828125,382.9800109863281,390.79998779296875,4140500
2021-07-15,390.1400146484375,393.29998779296875,387.45001220703125,390.2300109863281,3773000
2021-07-16,393.1499938964844,393.4599914550781,385.3299865722656,387.1199951171875,2706500
2021-07-19,378.0,378.6000061035156,363.3699951171875,365.45001220703125,6814400
2021-07-20,367.0,376.6000061035156,365.2699890136719,374.3900146484375,3542200
2021-07-21,376.0299987792969,380.8999938964844,375.04998779296875,380.05999755859375,2393100
2021-07-22,380.29998779296875,382.8599853515625,377.04998779296875,382.1600036621094,4180300
2021-07-23,385.0899963378906,394.5,385.0899963378906,393.260009765625,3720300
2021-07-26,391.6700134277344,392.8900146484375,388.2699890136719,392.79998779296875,2285800
2021-07-27,390.0,395.2799987792969,385.8900146484375,390.2699890136719,2783800
2021-07-28,391.6199951171875,391.7300109863281,382.3299865722656,383.44000244140625,3372600
2021-07-29,387.5,394.739990234375,387.5,388.80999755859375,3774000
2021-07-30,389.0,389.0,383.0799865722656,385.94000244140625,2533300
2021-08-02,389.29998779296875,389.9800109863281,373.79998779296875,375.260009765625,3430300
2021-08-03,376.6600036621094,376.6700134277344,359.57000732421875,367.6000061035156,6328500
2021-08-04,367.2799987792969,369.260009765625,363.42999267578125,368.010009765625,3203200
2021-08-05,368.20001220703125,371.9599914550781,367.0,371.94000244140625,2562400
2021-08-06,371.4200134277344,375.5,371.0,374.5299987792969,2038500
2021-08-09,374.19000244140625,374.5,368.8900146484375,370.67999267578125,2400800
2021-08-10,372.2900085449219,372.75,364.1099853515625,367.8399963378906,3225000
2021-08-11,368.54998779296875,369.9599914550781,363.75,364.239990234375,3267700
2021-08-12,362.57000732421875,363.2200012207031,357.8500061035156,361.9800109863281,3802900
2021-08-13,362.260009765625,363.5,360.6300048828125,362.75,2304600
2021-08-16,360.5,363.80999755859375,356.6199951171875,363.55999755859375,2937300
2021-08-17,362.0,364.4599914550781,359.7900085449219,363.2300109863281,2812800
2021-08-18,361.17999267578125,365.67999267578125,360.5899963378906,360.95001220703125,2774500
2021-08-19,356.8999938964844,360.1400146484375,354.7200012207031,357.30999755859375,2727900
2021-08-20,357.3599853515625,358.32000732421875,353.3299865722656,354.989990234375,4135900
2021-08-23,357.4700012207031,362.239990234375,356.75,361.010009765625,3537900
2021-08-24,363.0299987792969,366.1000061035156,361.4700012207031,361.7799987792969,3032000
2021-08-25,361.9599914550781,362.3999938964844,358.5,359.1000061035156,2340400
2021-08-26,358.0,358.20001220703125,351.79998779296875,352.8599853515625,3946300
2021-08-27,352.4599914550781,356.5,351.6499938964844,355.7300109863281,3698300
2021-08-30,354.79998779296875,358.0400085449219,352.25,353.04998779296875,4032100
2021-08-31,352.94000244140625,355.2200012207031,344.67999267578125,346.2300109863281,6780400
2021-09-01,347.3800048828125,352.04998779296875,347.29998779296875,349.57000732421875,4499600
2021-09-02,350.510009765625,350.5400085449219,339.3299865722656,341.2799987792969,7412000
2021-09-03,339.92999267578125,344.1400146484375,338.92999267578125,340.2300109863281,5171000
2021-09-07,344.8900146484375,348.0,343.0199890136719,344.7099914550781,4764300
2021-09-08,345.0,352.0,345.0,351.0400085449219,5054500
2021-09-09,350.7099914550781,353.6400146484375,349.9200134277344,351.4100036621094,3716200
2021-09-10,354.92999267578125,355.0,347.0199890136719,347.3900146484375,3437700
2021-09-13,350.0,351.989990234375,346.3599853515625,347.82000732421875,3234200
2021-09-14,349.67999267578125,349.8800048828125,345.25,345.79998779296875,3281900
2021-09-15,347.0,347.5299987792969,342.760009765625,344.75,3833500
2021-09-16,345.4100036621094,347.67999267578125,344.69000244140625,346.30999755859375,3771100
2021-09-17,344.0,346.0,340.7699890136719,343.0400085449219,5527500
2021-09-20,338.32000732421875,341.1099853515625,335.6199951171875,339.69000244140625,3956600
2021-09-21,342.20001220703125,343.17999267578125,337.2799987792969,337.3800048828125,2967300
2021-09-22,339.29998779296875,343.8699951171875,338.5400085449219,343.4100036621094,3238800
2021-09-23,345.739990234375,354.7900085449219,345.20001220703125,354.07000732421875,4783200
2021-09-24,354.0299987792969,359.92999267578125,352.760009765625,358.1600036621094,3306200
2021-09-27,357.04998779296875,362.5899963378906,355.1600036621094,356.7699890136719,4158000
2021-09-28,355.5,356.0,349.04998779296875,351.17999267578125,3266900
2021-09-29,352.80999755859375,357.17999267578125,352.4100036621094,353.19000244140625,2808800
2021-09-30,354.739990234375,356.0,347.3999938964844,347.67999267578125,4393300
2021-10-01,349.8299865722656,363.17999267578125,347.1600036621094,360.17999267578125,5227300
2021-10-04,359.92999267578125,360.6499938964844,339.3399963378906,344.20001220703125,7901500
2021-10-05,347.55999755859375,348.57000732421875,342.92999267578125,343.2099914550781,4724100
2021-10-06,340.010009765625,348.8800048828125,339.1099853515625,348.69000244140625,3712000
2021-10-07,349.0,357.8999938964844,349.0,353.9100036621094,3209200
2021-10-08,356.0,360.3699951171875,354.2099914550781,354.9599914550781,2336700
2021-10-11,353.95001220703125,354.8800048828125,346.8999938964844,347.1499938964844,2769800
2021-10-12,348.6499938964844,350.0,344.6199951171875,345.3399963378906,3042900
2021-10-13,346.25,349.5,336.9800109863281,342.3500061035156,3755700
2021-10-14,343.8399963378906,345.80999755859375,340.8299865722656,344.5799865722656,4083800
2021-10-15,349.0,356.6099853515625,347.739990234375,356.0,4053600
2021-10-18,353.9599914550781,359.94000244140625,350.2300109863281,358.44000244140625,3280900
2021-10-19,358.3999938964844,362.2900085449219,357.6099853515625,362.1000061035156,2835400
2021-10-20,361.70001220703125,362.489990234375,356.0,356.7699890136719,2796200
2021-10-21,354.6000061035156,356.3800048828125,347.2699890136719,356.2099914550781,2516300
2021-10-22,356.67999267578125,361.6400146484375,354.8999938964844,358.6700134277344,2774400
2021-10-25,362.4599914550781,364.29998779296875,358.7900085449219,360.8599853515625,2447900
2021-10-26,363.3800048828125,367.3500061035156,356.80999755859375,357.32000732421875,3320100
2021-10-27,348.0,351.1199951171875,333.79998779296875,335.7200012207031,9652700
2021-10-28,344.1700134277344,350.489990234375,328.8699951171875,333.0299987792969,9505100
2021-10-29,331.239990234375,338.1499938964844,331.1099853515625,335.5199890136719,5843700
2021-11-01,335.25,340.8999938964844,332.8800048828125,334.04998779296875,5126200
2021-11-02,335.1300048828125,335.7699890136719,326.70001220703125,328.4800109863281,5375300
2021-11-03,328.5,329.5799865722656,323.3399963378906,329.42999267578125,3952500
2021-11-04,331.07000732421875,338.6300048828125,329.3299865722656,335.42999267578125,4819500
2021-11-05,342.44000244140625,350.1600036621094,341.0,348.7900085449219,7201500
2021-11-08,348.010009765625,353.1499938964844,347.6600036621094,349.6700134277344,3862200
2021-11-09,350.0,350.20001220703125,339.6499938964844,344.6499938964844,4247800
2021-11-10,350.1000061035156,359.6199951171875,349.5,357.94000244140625,6337100
2021-11-11,358.3800048828125,359.6400146484375,352.57000732421875,354.3399963378906,4472200
2021-11-12,356.05999755859375,363.8399963378906,355.92999267578125,363.5,4724200
2021-11-15,365.1400146484375,371.1300048828125,360.6600036621094,361.3599853515625,4693200
2021-11-16,364.7699890136719,371.07000732421875,362.0,369.55999755859375,4969000
2021-11-17,359.5799865722656,368.0,351.2200012207031,359.1700134277344,11727300
2021-11-18,360.7300109863281,362.4800109863281,344.5799865722656,348.2200012207031,6533700
2021-11-19,346.0,346.6499938964844,339.1300048828125,339.7200012207031,6954800
2021-11-22,339.79998779296875,341.4800109863281,319.760009765625,321.29998779296875,11378200
2021-11-23,324.9599914550781,329.69000244140625,321.69000244140625,329.0,7116200
2021-11-24,326.95001220703125,340.3599853515625,325.0199890136719,340.0,6414400
2021-11-26,321.5799865722656,326.8699951171875,319.0,324.1700134277344,6613900
2021-11-29,330.010009765625,331.82000732421875,318.25,323.010009765625,6362200
2021-11-30,318.0,320.760009765625,310.1099853515625,314.9200134277344,10237600
2021-12-01,320.7799987792969,322.0199890136719,306.0,306.2799987792969,8008800
2021-12-02,309.5899963378906,322.20001220703125,308.989990234375,320.20001220703125,6717600
2021-12-03,320.239990234375,322.69000244140625,314.0,322.1099853515625,4732900
2021-12-06,324.75,336.760009765625,322.0,333.3299865722656,6055000
2021-12-07,337.29998779296875,342.4200134277344,337.29998779296875,339.510009765625,4939500
2021-12-08,339.2300109863281,344.0299987792969,334.1000061035156,342.3399963378906,4226900
2021-12-09,340.04998779296875,346.5299987792969,339.010009765625,344.5199890136719,3389600
2021-12-10,347.0,350.25,344.8299865722656,349.9200134277344,3405900
2021-12-13,349.19000244140625,349.5299987792969,340.3299865722656,345.30999755859375,4358300
2021-12-14,345.32000732421875,348.2099914550781,337.8599853515625,340.54998779296875,4518500
2021-12-15,340.0,346.5899963378906,335.5299987792969,346.3500061035156,4918700
2021-12-16,351.70001220703125,353.7699890136719,345.1199951171875,352.9200134277344,5369900
2021-12-17,349.19000244140625,352.7900085449219,344.1199951171875,349.30999755859375,5898200
2021-12-20,341.239990234375,343.5299987792969,336.2300109863281,337.0199890136719,5013900
2021-12-21,340.3299865722656,352.0,339.3699951171875,350.739990234375,3105100
2021-12-22,346.5799865722656,358.6199951171875,346.5799865722656,357.4800109863281,3456400
2021-12-23,357.5400085449219,362.4700012207031,355.0,360.5799865722656,2627000
2021-12-27,360.0,361.0799865722656,355.6000061035156,360.30999755859375,2677100
2021-12-28,358.7900085449219,364.1400146484375,358.4100036621094,360.7799987792969,1920100
2021-12-29,361.7799987792969,363.1499938964844,360.19000244140625,361.2900085449219,1535200
2021-12-30,362.0,364.6499938964844,359.1099853515625,360.989990234375,1558000
2021-12-31,357.95001220703125,363.3800048828125,356.7799987792969,359.32000732421875,1984000
2022-01-03,359.7900085449219,372.32000732421875,359.25,370.95001220703125,4708200
2022-01-04,371.989990234375,382.3999938964844,371.6499938964844,375.3900146484375,6854500
2022-01-05,374.0,382.5,372.510009765625,373.8999938964844,5976600
2022-01-06,368.69000244140625,374.2200012207031,366.5,370.0,4781100
2022-01-07,366.3900146484375,371.7900085449219,364.1099853515625,369.6499938964844,4551200
2022-01-10,370.9100036621094,370.9100036621094,348.7699890136719,363.9100036621094,6009300
2022-01-11,363.5299987792969,368.05999755859375,356.0899963378906,366.2900085449219,4131200
2022-01-12,368.94000244140625,372.1199951171875,367.07000732421875,367.30999755859375,5783100
2022-01-13,368.6099853515625,377.67999267578125,367.8800048828125,369.5199890136719,3892900
2022-01-14,364.32000732421875,374.7799987792969,364.1499938964844,372.1400146484375,4029900
2022-01-18,370.7900085449219,372.1400146484375,365.20001220703125,366.29998779296875,4933900
2022-01-19,362.4100036621094,369.29998779296875,359.7099914550781,360.7300109863281,4464800
2022-01-20,361.8299865722656,373.07000732421875,361.6700134277344,364.0,5043200
2022-01-21,362.5,368.1300048828125,354.1099853515625,355.0799865722656,4867100
2022-01-24,342.57000732421875,350.1000061035156,330.5899963378906,349.4200134277344,7472800
2022-01-25,343.32000732421875,347.0400085449219,333.3900146484375,338.760009765625,6994400
2022-01-26,343.3599853515625,354.7699890136719,341.25,344.6600036621094,7438600
2022-01-27,349.0799865722656,359.6300048828125,334.3299865722656,350.5299987792969,8416100
2022-01-28,359.04998779296875,382.7699890136719,355.3800048828125,382.510009765625,8813400
2022-01-31,378.67999267578125,386.54998779296875,376.2900085449219,386.3800048828125,6345200
2022-02-01,385.760009765625,395.5,382.4200134277344,392.05999755859375,5841100
2022-02-02,389.2900085449219,399.9200134277344,382.75,396.75,6115000
2022-02-03,388.5400085449219,392.94000244140625,386.489990234375,390.07000732421875,4209200
2022-02-04,387.57000732421875,388.1499938964844,376.4100036621094,382.20001220703125,6045400
2022-02-07,382.20001220703125,382.3999938964844,373.30999755859375,376.1300048828125,4767500
2022-02-08,377.5400085449219,379.7699890136719,370.5400085449219,374.3699951171875,5825300
2022-02-09,385.6000061035156,388.45001220703125,380.6000061035156,381.3699951171875,5492800
2022-02-10,371.7200012207031,380.0,370.55999755859375,374.3900146484375,3995000
2022-02-11,377.8599853515625,380.8999938964844,367.6400146484375,369.7699890136719,4345600
2022-02-14,368.82000732421875,377.2900085449219,366.760009765625,374.1600036621094,3678400
2022-02-15,374.5799865722656,383.07000732421875,373.3999938964844,381.5400085449219,5800400
2022-02-16,379.9599914550781,385.0,376.7799987792969,382.92999267578125,3424800
2022-02-17,378.6000061035156,381.2900085449219,372.1700134277344,373.70001220703125,3972500
2022-02-18,374.510009765625,374.80999755859375,369.0,369.95001220703125,4083800
2022-02-22,365.0,374.32000732421875,363.79998779296875,368.2900085449219,3897900
2022-02-23,371.9700012207031,373.55999755859375,360.1300048828125,361.2300109863281,3802500
2022-02-24,345.94000244140625,370.5400085449219,341.30999755859375,369.3800048828125,7425000
2022-02-25,367.2200012207031,372.5899963378906,361.70001220703125,369.0899963378906,3817900
2022-02-28,362.19000244140625,365.3599853515625,355.6600036621094,360.82000732421875,4952400
2022-03-01,357.8500061035156,361.5799865722656,341.2200012207031,344.4800109863281,5894200
2022-03-02,342.9599914550781,348.32000732421875,338.69000244140625,344.0899963378906,4997900
2022-03-03,347.6300048828125,349.5,340.70001220703125,340.989990234375,3975900
2022-03-04,336.8999938964844,338.8299865722656,324.0,330.760009765625,4670900
2022-03-07,329.5799865722656,329.79998779296875,312.1099853515625,312.9200134277344,6874300
2022-03-08,311.3900146484375,324.7300109863281,305.6099853515625,314.3299865722656,5048200
2022-03-09,323.1499938964844,329.45001220703125,321.1099853515625,328.1300048828125,4015900
2022-03-10,321.94000244140625,326.1199951171875,319.75,324.5899963378906,3771300
2022-03-11,330.0299987792969,330.9700012207031,324.0299987792969,324.7900085449219,2987700
2022-03-14,329.1000061035156,336.8800048828125,327.260009765625,328.5899963378906,4122700
2022-03-15,332.4200134277344,338.3800048828125,331.2099914550781,335.0,3738900
2022-03-16,341.989990234375,350.94000244140625,336.67999267578125,344.67999267578125,4340800
2022-03-17,341.6000061035156,346.8800048828125,339.75,346.44000244140625,3244200
2022-03-18,346.70001220703125,352.739990234375,342.489990234375,350.0899963378906,6790800
2022-03-21,346.0199890136719,350.0,342.489990234375,345.5799865722656,6053800
2022-03-22,346.7799987792969,353.92999267578125,345.510009765625,349.5299987792969,4669900
2022-03-23,343.3999938964844,346.7300109863281,341.75,342.17999267578125,2527800
2022-03-24,342.25,349.45001220703125,340.70001220703125,349.3500061035156,2482700
2022-03-25,350.4100036621094,351.5400085449219,345.6499938964844,349.0199890136719,2173800
2022-03-28,348.510009765625,350.55999755859375,343.5299987792969,350.489990234375,3134600
2022-03-29,358.7200012207031,370.760009765625,357.1000061035156,367.54998779296875,5512400
2022-03-30,364.010009765625,368.2799987792969,359.6199951171875,362.239990234375,2614200
2022-03-31,359.5799865722656,364.1199951171875,357.3599853515625,357.3800048828125,4095700
2022-04-01,359.2200012207031,367.8900146484375,358.1700134277344,363.9700012207031,3806800
2022-04-04,364.25,369.760009765625,363.1499938964844,366.9100036621094,3027200
2022-04-05,363.30999755859375,367.6300048828125,361.92999267578125,363.32000732421875,2215900
2022-04-06,356.4700012207031,357.0899963378906,349.5799865722656,353.54998779296875,3864500
2022-04-07,351.17999267578125,352.8999938964844,345.80999755859375,349.54998779296875,2848500
2022-04-08,347.29998779296875,355.8900146484375,345.6499938964844,352.2699890136719,2235100
2022-04-11,350.6400146484375,351.5,345.82000732421875,347.3699951171875,1809200
2022-04-12,350.0,354.4800109863281,344.4800109863281,345.79998779296875,4038500
2022-04-13,344.4100036621094,357.0,342.8699951171875,355.1400146484375,3048500
2022-04-14,357.17999267578125,362.95001220703125,356.8699951171875,357.82000732421875,3358900
2022-04-18,353.989990234375,360.760009765625,353.2200012207031,356.79998779296875,1871400
2022-04-19,356.80999755859375,364.6700134277344,356.07000732421875,363.8699951171875,2999300
2022-04-20,366.6600036621094,371.8900146484375,363.8699951171875,365.2900085449219,3377300
2022-04-21,369.4800109863281,375.2200012207031,363.4599914550781,364.44000244140625,3605300
2022-04-22,360.5,362.1000061035156,350.6099853515625,351.17999267578125,2968800
2022-04-25,349.2799987792969,355.05999755859375,347.1499938964844,354.6000061035156,3380400
2022-04-26,347.94000244140625,350.05999755859375,343.5799865722656,344.1099853515625,3116400
2022-04-27,357.0,373.739990234375,356.0,361.57000732421875,5702300
2022-04-28,369.1300048828125,381.9700012207031,368.7900085449219,378.8299865722656,6843300
2022-04-29,372.04998779296875,377.1199951171875,361.75,363.3800048828125,4741800
2022-05-02,363.0,364.92999267578125,350.5899963378906,359.0400085449219,3903800
2022-05-03,361.5899963378906,363.44000244140625,353.44000244140625,357.7900085449219,2686900
2022-05-04,359.3699951171875,369.239990234375,353.6600036621094,368.5199890136719,3346600
2022-05-05,362.1000061035156,367.7699890136719,349.0299987792969,353.3699951171875,3424800
2022-05-06,346.25,351.260009765625,340.7799987792969,347.1199951171875,3635200
2022-05-09,341.0,342.3900146484375,324.8900146484375,327.989990234375,5777400
2022-05-10,332.30999755859375,333.67999267578125,323.04998779296875,325.3299865722656,5003500
2022-05-11,325.4800109863281,331.0,318.54998779296875,325.8699951171875,4263900
2022-05-12,321.7699890136719,325.5799865722656,312.7699890136719,321.239990234375,3891500
2022-05-13,327.6700134277344,335.2300109863281,326.0899963378906,332.79998779296875,3536000
2022-05-16,328.5400085449219,333.54998779296875,325.0299987792969,329.7300109863281,2062300
2022-05-17,340.1099853515625,341.17999267578125,332.5299987792969,338.8599853515625,2802300
2022-05-18,333.6199951171875,341.6000061035156,333.55999755859375,335.8999938964844,4521400
2022-05-19,330.0,336.2099914550781,324.42999267578125,332.2200012207031,4380700
2022-05-20,335.70001220703125,339.6099853515625,327.69000244140625,336.17999267578125,3428700
2022-05-23,339.0299987792969,351.29998779296875,338.9599914550781,348.42999267578125,3420800
2022-05-24,343.8900146484375,344.0,335.9800109863281,340.69000244140625,2561500
2022-05-25,340.5799865722656,347.739990234375,339.2099914550781,344.760009765625,3033400
2022-05-26,348.0,353.25,346.010009765625,349.8900146484375,2817400
2022-05-27,353.3900146484375,357.7900085449219,352.1099853515625,357.7799987792969,2658700
2022-05-31,353.0899963378906,360.9700012207031,351.1400146484375,357.8699951171875,3873800
2022-06-01,358.20001220703125,364.44000244140625,354.8500061035156,357.05999755859375,2190000
2022-06-02,360.489990234375,365.04998779296875,357.760009765625,363.0799865722656,2484200
2022-06-03,359.4800109863281,360.95001220703125,355.7699890136719,357.82000732421875,2076600
2022-06-06,362.0,368.30999755859375,358.5299987792969,360.1400146484375,2196100
2022-06-07,356.92999267578125,364.4800109863281,356.3299865722656,364.0199890136719,2158800
2022-06-08,365.0,367.1199951171875,360.9800109863281,362.3299865722656,1709600
2022-06-09,359.760009765625,362.2099914550781,348.94000244140625,349.0,2250600
2022-06-10,341.3299865722656,344.30999755859375,334.6000061035156,334.75,3300500
2022-06-13,322.0,330.8999938964844,317.9200134277344,319.739990234375,4825100
2022-06-14,320.1000061035156,324.0,319.6600036621094,322.1400146484375,2788400
2022-06-15,327.4100036621094,330.6300048828125,319.42999267578125,325.3900146484375,2357800
2022-06-16,316.0899963378906,316.45001220703125,305.0799865722656,308.7799987792969,4528500
2022-06-17,307.0,314.1400146484375,303.6499938964844,310.69000244140625,6235300
2022-06-21,316.04998779296875,320.2300109863281,314.8800048828125,317.3999938964844,3193700
2022-06-22,313.4700012207031,319.0400085449219,311.3599853515625,316.1499938964844,2671500
2022-06-23,318.8999938964844,319.9800109863281,313.5400085449219,316.760009765625,2387600
2022-06-24,319.2200012207031,330.80999755859375,319.2200012207031,330.5,4318900
2022-06-27,331.9700012207031,331.9700012207031,327.1199951171875,328.8299865722656,2810800
2022-06-28,332.70001220703125,337.1499938964844,318.1199951171875,318.2900085449219,3394200
2022-06-29,319.1099853515625,326.1099853515625,318.4100036621094,322.5899963378906,3779500
2022-06-30,315.29998779296875,318.2900085449219,309.69000244140625,315.4800109863281,3411500
2022-07-01,314.1000061035156,318.94000244140625,311.30999755859375,318.239990234375,2287700
2022-07-05,313.0799865722656,320.30999755859375,309.4599914550781,319.260009765625,2112100
2022-07-06,319.0,322.3599853515625,315.7200012207031,320.1700134277344,2219200
2022-07-07,322.3500061035156,324.8599853515625,319.5199890136719,324.07000732421875,2202100
2022-07-08,322.7799987792969,324.9800109863281,319.3500061035156,323.05999755859375,1662100
2022-07-11,319.3800048828125,326.2200012207031,319.1499938964844,324.19000244140625,2073800
2022-07-12,320.2099914550781,327.3599853515625,320.2099914550781,322.8599853515625,2761500
2022-07-13,315.95001220703125,324.92999267578125,313.80999755859375,323.3699951171875,2442600
2022-07-14,316.1600036621094,327.5799865722656,315.3900146484375,325.0299987792969,2743900
2022-07-15,333.6300048828125,335.57000732421875,329.760009765625,332.57000732421875,3387400
2022-07-18,335.5,337.510009765625,329.7900085449219,331.010009765625,2468500
2022-07-19,331.7799987792969,342.010009765625,331.7799987792969,340.3800048828125,2689800
2022-07-20,340.3800048828125,343.30999755859375,336.2900085449219,341.2699890136719,2563600
2022-07-21,341.8699951171875,347.2300109863281,340.05999755859375,346.9200134277344,2230800
2022-07-22,348.8800048828125,351.0899963378906,340.3999938964844,343.8800048828125,2253000
2022-07-25,344.45001220703125,345.5400085449219,340.1099853515625,344.2099914550781,2180100
2022-07-26,342.6499938964844,344.6300048828125,339.29998779296875,341.2799987792969,2254200
2022-07-27,343.010009765625,348.9200134277344,331.239990234375,343.2699890136719,4580300
2022-07-28,348.0,353.260009765625,340.6199951171875,352.45001220703125,3635500
2022-07-29,354.1300048828125,356.79998779296875,349.9599914550781,353.7900085449219,3176800
2022-08-01,347.80999755859375,354.8399963378906,345.6600036621094,350.5400085449219,2289400
2022-08-02,347.0799865722656,351.1499938964844,343.9800109863281,349.010009765625,2878800
2022-08-03,350.0,356.4800109863281,348.5400085449219,354.1300048828125,2921200
2022-08-04,354.6700134277344,358.6099853515625,349.6499938964844,356.07000732421875,2339500
2022-08-05,350.3999938964844,357.8299865722656,350.3999938964844,357.510009765625,1848700
2022-08-08,359.0,359.0,349.8900146484375,352.1600036621094,2477600
2022-08-09,350.3999938964844,351.1199951171875,345.3500061035156,346.5400085449219,2467400
2022-08-10,354.3399963378906,354.54998779296875,351.04998779296875,353.3800048828125,2443700
2022-08-11,355.8500061035156,355.8500061035156,350.3500061035156,350.5799865722656,2609400
2022-08-12,354.739990234375,355.45001220703125,350.260009765625,354.2699890136719,2514200
2022-08-15,352.3299865722656,361.95001220703125,350.82000732421875,359.95001220703125,2526300
2022-08-16,354.2699890136719,360.0,353.1000061035156,359.25,2448700
2022-08-17,353.5,356.9599914550781,351.75,355.3299865722656,2439900
2022-08-18,354.32000732421875,359.5199890136719,353.57000732421875,357.3599853515625,1934900
2022-08-19,356.6300048828125,356.7699890136719,353.55999755859375,354.2799987792969,1740700
2022-08-22,350.0,351.0,344.2799987792969,345.510009765625,2312400
2022-08-23,342.69000244140625,345.2099914550781,339.3699951171875,340.8900146484375,2240700
2022-08-24,340.17999267578125,342.2900085449219,338.3500061035156,339.7099914550781,2218400
2022-08-25,340.0,345.1300048828125,337.32000732421875,344.6700134277344,2228500
2022-08-26,345.04998779296875,345.6400146484375,331.70001220703125,331.9599914550781,1925000
2022-08-29,329.989990234375,332.80999755859375,327.7699890136719,329.3500061035156,2308200
2022-08-30,331.0,332.9700012207031,325.57000732421875,327.80999755859375,2618900
2022-08-31,328.2900085449219,331.17999267578125,324.2799987792969,324.3699951171875,3129000
2022-09-01,323.80999755859375,325.6099853515625,319.2099914550781,325.25,2493200
2022-09-02,329.4100036621094,329.6700134277344,320.5299987792969,322.55999755859375,1936800
2022-09-06,322.5,326.989990234375,320.55999755859375,324.0799865722656,2043400
2022-09-07,324.0799865722656,329.20001220703125,322.04998779296875,328.6199951171875,1998300
2022-09-08,324.5299987792969,330.2900085449219,323.4800109863281,330.07000732421875,2114000
2022-09-09,330.5400085449219,337.0199890136719,330.1499938964844,335.8500061035156,1815700
2022-09-12,338.0899963378906,339.4800109863281,335.94000244140625,338.4200134277344,2097800
2022-09-13,330.0,332.79998779296875,324.5799865722656,325.44000244140625,2316900
2022-09-14,327.0400085449219,328.4800109863281,323.3500061035156,325.8500061035156,2657900
2022-09-15,323.5899963378906,325.94000244140625,315.1700134277344,316.9599914550781,2486800
2022-09-16,312.8500061035156,315.6300048828125,309.1099853515625,315.1300048828125,3650900
2022-09-19,311.95001220703125,315.45001220703125,310.25,314.0299987792969,2369700
2022-09-20,311.1600036621094,314.3699951171875,309.44000244140625,313.2699890136719,2769600
2022-09-21,314.4800109863281,314.9800109863281,304.2200012207031,304.5,2366300
2022-09-22,302.95001220703125,303.0799865722656,296.5899963378906,298.3599853515625,3176500
2022-09-23,293.1300048828125,294.57000732421875,290.239990234375,293.5799865722656,3245900
2022-09-26,290.04998779296875,295.3399963378906,289.1199951171875,290.1099853515625,3635600
2022-09-27,295.4700012207031,297.8999938964844,284.79998779296875,286.4800109863281,4073300
2022-09-28,285.1099853515625,292.9800109863281,281.69000244140625,290.17999267578125,5611400
2022-09-29,288.3500061035156,292.07000732421875,284.8500061035156,286.7699890136719,3439700
2022-09-30,286.8599853515625,290.760009765625,284.3399963378906,284.3399963378906,3804200
2022-10-03,287.8500061035156,292.75,284.9200134277344,290.4800109863281,5285200
2022-10-04,296.19000244140625,303.9700012207031,295.9800109863281,301.2699890136719,3949200
2022-10-05,297.9800109863281,306.6000061035156,297.25,304.20001220703125,2845200
2022-10-06,302.5799865722656,305.04998779296875,298.8599853515625,299.2300109863281,2494400
2022-10-07,296.6600036621094,297.19000244140625,292.989990234375,294.9700012207031,2210800
2022-10-10,297.0400085449219,297.25,289.5400085449219,291.7799987792969,1783500
2022-10-11,289.8299865722656,290.3900146484375,284.4200134277344,286.04998779296875,3554900
2022-10-12,286.5400085449219,287.489990234375,283.2099914550781,283.3800048828125,2646800
2022-10-13,277.2799987792969,295.42999267578125,276.8699951171875,293.9599914550781,3322800
2022-10-14,295.8599853515625,298.6199951171875,287.8399963378906,288.69000244140625,3106300
2022-10-17,295.4200134277344,298.7300109863281,291.3399963378906,295.0400085449219,3417600
2022-10-18,303.1700134277344,303.70001220703125,296.54998779296875,300.3800048828125,3096000
2022-10-19,295.4599914550781,299.6400146484375,294.7900085449219,297.760009765625,1914300
2022-10-20,297.75,302.7300109863281,295.6099853515625,296.2799987792969,2463800
2022-10-21,294.510009765625,302.7099914550781,293.5,302.3699951171875,3599600
2022-10-24,304.5199890136719,307.0,300.5,305.6000061035156,3184100
2022-10-25,305.9100036621094,312.1000061035156,305.8599853515625,311.4100036621094,3012400
2022-10-26,312.2900085449219,324.45001220703125,312.2900085449219,319.510009765625,5278000
2022-10-27,316.17999267578125,323.0799865722656,314.05999755859375,319.3699951171875,4725800
2022-10-28,319.30999755859375,331.79998779296875,317.82000732421875,329.4700012207031,3644400
2022-10-31,328.8800048828125,329.44000244140625,323.7799987792969,328.17999267578125,3157900
2022-11-01,332.2200012207031,333.6400146484375,327.0899963378906,333.19000244140625,3660400
2022-11-02,331.4200134277344,333.0,319.6300048828125,319.82000732421875,3074900
2022-11-03,315.1199951171875,316.7699890136719,308.6000061035156,309.1700134277344,2860900
2022-11-04,313.8399963378906,323.1300048828125,313.239990234375,318.3699951171875,3414000
2022-11-07,322.45001220703125,325.79998779296875,317.7099914550781,325.1300048828125,2742100
2022-11-08,326.2300109863281,329.3999938964844,322.260009765625,325.75,2387500
2022-11-09,322.2799987792969,323.69000244140625,315.1499938964844,315.6400146484375,3001200
2022-11-10,331.17999267578125,337.3999938964844,329.1600036621094,337.2699890136719,3255000
2022-11-11,339.0,342.6300048828125,336.3599853515625,339.2900085449219,3734700
2022-11-14,336.739990234375,344.510009765625,336.0199890136719,339.3699951171875,2348900
2022-11-15,346.5899963378906,351.2200012207031,339.489990234375,343.510009765625,2983600
2022-11-16,343.1600036621094,345.1300048828125,340.1000061035156,342.760009765625,2579600
2022-11-17,339.0,341.9200134277344,337.0,341.2699890136719,2004500
2022-11-18,345.6600036621094,348.6300048828125,341.3299865722656,343.69000244140625,2737700
2022-11-21,343.0,344.25,337.6199951171875,338.25,1965100
2022-11-22,339.8299865722656,345.32000732421875,337.55999755859375,344.9599914550781,2510700
2022-11-23,344.6300048828125,350.79998779296875,344.1499938964844,348.6400146484375,1937300
2022-11-25,348.9599914550781,351.3999938964844,348.0799865722656,351.2900085449219,944400
2022-11-28,346.67999267578125,350.2300109863281,343.2300109863281,344.5899963378906,2226200
2022-11-29,343.6499938964844,344.7200012207031,340.75,343.1300048828125,1724200
2022-11-30,342.8500061035156,356.3999938964844,341.4800109863281,356.3999938964844,4252300
2022-12-01,357.989990234375,361.5799865722656,354.04998779296875,360.79998779296875,3374700
2022-12-02,357.45001220703125,362.2900085449219,356.05999755859375,360.05999755859375,2015500
2022-12-05,356.0,358.8999938964844,354.45001220703125,356.0899963378906,2202500
2022-12-06,353.82000732421875,355.0,344.3500061035156,347.5299987792969,2353300
2022-12-07,346.8800048828125,347.8500061035156,341.4700012207031,347.4200134277344,2454300
2022-12-08,350.0,352.1700134277344,347.2200012207031,351.1700134277344,1998600
2022-12-09,348.3999938964844,352.7699890136719,347.3599853515625,348.8299865722656,2301100
2022-12-12,350.30999755859375,358.44000244140625,349.1000061035156,358.1700134277344,2427100
2022-12-13,369.239990234375,369.260009765625,355.739990234375,357.1499938964844,3072200
2022-12-14,357.0,362.1000061035156,353.7699890136719,357.510009765625,2587200
2022-12-15,351.4200134277344,353.79998779296875,342.55999755859375,346.25,2774900
2022-12-16,344.7699890136719,348.239990234375,343.3800048828125,345.8399963378906,5947100
2022-12-19,345.3599853515625,345.8500061035156,339.5400085449219,341.260009765625,2457300
2022-12-20,341.3699951171875,344.3699951171875,340.6199951171875,342.95001220703125,1895900
2022-12-21,343.6400146484375,347.6000061035156,342.3699951171875,345.69000244140625,2087000
2022-12-22,344.19000244140625,345.6000061035156,336.42999267578125,341.5199890136719,2276100
2022-12-23,339.0199890136719,344.5400085449219,337.69000244140625,343.6000061035156,1914500
2022-12-27,344.1000061035156,346.9100036621094,341.80999755859375,346.1600036621094,1637700
2022-12-28,346.54998779296875,349.510009765625,341.7799987792969,341.95001220703125,1854100
2022-12-29,344.3800048828125,349.7200012207031,343.5400085449219,348.2099914550781,1459800
2022-12-30,345.3299865722656,347.8999938964844,343.6199951171875,347.7300109863281,1617600
2023-01-03,349.9599914550781,354.6600036621094,343.94000244140625,346.79998779296875,2933600
2023-01-04,351.3900146484375,356.9800109863281,349.69000244140625,355.1499938964844,2661000
2023-01-05,356.1199951171875,357.55999755859375,351.2699890136719,351.7699890136719,2608500
2023-01-06,357.30999755859375,368.7200012207031,355.32000732421875,367.6700134277344,4432800
2023-01-09,371.6300048828125,375.0,369.55999755859375,370.9700012207031,3913500
2023-01-10,368.80999755859375,371.67999267578125,367.2099914550781,371.010009765625,3485900
2023-01-11,372.6199951171875,377.9200134277344,371.260009765625,377.8599853515625,3370200
2023-01-12,377.8599853515625,381.1300048828125,376.9200134277344,379.80999755859375,3291200
2023-01-13,375.05999755859375,377.8699951171875,374.30999755859375,375.5199890136719,4261000
2023-01-17,375.0,378.3299865722656,373.9800109863281,375.0,2814500
2023-01-18,374.510009765625,375.80999755859375,368.5,368.9200134277344,2747100
2023-01-19,364.6000061035156,370.79998779296875,363.6000061035156,367.94000244140625,3111200
2023-01-20,370.2300109863281,376.6199951171875,369.3999938964844,376.2799987792969,3863400
2023-01-23,376.739990234375,381.3800048828125,376.3599853515625,378.57000732421875,2743900
2023-01-24,390.0,390.0,375.2200012207031,380.010009765625,2756200
2023-01-25,375.1000061035156,382.55999755859375,375.1000061035156,382.3900146484375,3501900
2023-01-26,383.4100036621094,384.1099853515625,373.0,377.239990234375,3718400
2023-01-27,376.19000244140625,380.5199890136719,373.3800048828125,374.0299987792969,3405600
2023-01-30,369.4599914550781,373.739990234375,369.3999938964844,371.1199951171875,2688600
2023-01-31,369.989990234375,372.4800109863281,367.0199890136719,370.6000061035156,3137400
2023-02-01,368.57000732421875,376.7799987792969,367.0,374.0799865722656,2951900
2023-02-02,379.5199890136719,380.4700012207031,372.79998779296875,374.94000244140625,2761600
2023-02-03,370.79998779296875,378.2200012207031,370.489990234375,373.9100036621094,2739600
2023-02-06,370.0,374.3299865722656,369.04998779296875,372.9700012207031,2068300
2023-02-07,371.510009765625,377.07000732421875,368.8399963378906,375.05999755859375,2309100
2023-02-08,373.1700134277344,375.7900085449219,370.1400146484375,370.3500061035156,2193600
2023-02-09,373.29998779296875,374.57000732421875,369.25,370.4200134277344,2287600
2023-02-10,369.6400146484375,370.25,362.9200134277344,366.8299865722656,2270700
2023-02-13,368.55999755859375,371.1400146484375,367.07000732421875,370.8299865722656,2286400
2023-02-14,369.5799865722656,373.4100036621094,367.7300109863281,369.9599914550781,1841400
2023-02-15,366.2799987792969,369.79998779296875,365.010009765625,369.6400146484375,2203300
2023-02-16,364.8999938964844,373.0799865722656,364.8999938964844,367.54998779296875,2792700
2023-02-17,364.05999755859375,366.70001220703125,359.79998779296875,361.1300048828125,2718900
2023-02-21,356.760009765625,361.7699890136719,355.19000244140625,355.9599914550781,2730900
2023-02-22,355.3599853515625,357.739990234375,353.2099914550781,354.9700012207031,2109300
2023-02-23,357.739990234375,357.739990234375,351.6600036621094,355.5299987792969,1975500
2023-02-24,350.82000732421875,354.0,349.5899963378906,353.1199951171875,2016100
2023-02-27,355.6400146484375,358.0299987792969,354.82000732421875,355.4800109863281,2200800
2023-02-28,354.80999755859375,357.79998779296875,353.239990234375,355.2900085449219,2732900
2023-03-01,354.0,355.30999755859375,349.3900146484375,353.5,1968100
2023-03-02,353.6300048828125,356.6199951171875,351.69000244140625,355.57000732421875,2526000
2023-03-03,358.1199951171875,361.69000244140625,357.0899963378906,361.5,2174900
2023-03-06,361.82000732421875,368.5299987792969,361.260009765625,366.92999267578125,2789400
2023-03-07,367.1700134277344,369.1499938964844,359.54998779296875,359.94000244140625,1660800
2023-03-08,358.6099853515625,361.70001220703125,357.2799987792969,359.0299987792969,1634400
2023-03-09,359.25,364.0199890136719,353.9100036621094,354.44000244140625,2414700
2023-03-10,352.4100036621094,353.04998779296875,345.2300109863281,347.1099853515625,3176400
2023-03-13,343.6300048828125,349.8599853515625,340.2099914550781,344.7099914550781,3308200
2023-03-14,351.0,356.1099853515625,348.55999755859375,352.82000732421875,3413300
2023-03-15,346.04998779296875,348.3999938964844,343.6400146484375,348.0799865722656,3082600
2023-03-16,346.6199951171875,348.69000244140625,340.2799987792969,348.0,3768100
2023-03-17,350.25,351.94000244140625,346.8599853515625,349.6600036621094,8426800
2023-03-20,348.0,353.8399963378906,347.3399963378906,349.32000732421875,3864200
2023-03-21,354.3699951171875,356.20001220703125,350.8299865722656,354.57000732421875,3766800
2023-03-22,354.6099853515625,360.0,351.0299987792969,351.0299987792969,2596400
2023-03-23,352.4100036621094,359.8599853515625,351.8399963378906,354.3699951171875,2598100
2023-03-24,350.45001220703125,352.4200134277344,346.30999755859375,351.6300048828125,2971500
2023-03-27,355.57000732421875,357.8900146484375,354.2799987792969,354.6199951171875,2420300
2023-03-28,355.55999755859375,355.8999938964844,352.79998779296875,354.3299865722656,1695900
2023-03-29,357.3800048828125,360.0299987792969,355.82000732421875,359.5299987792969,2327000
2023-03-30,360.95001220703125,362.5899963378906,358.239990234375,359.260009765625,2480500
2023-03-31,361.1300048828125,363.6499938964844,360.3800048828125,363.4100036621094,3376600
2023-04-03,362.6099853515625,366.6600036621094,361.75,366.4700012207031,2978000
2023-04-04,366.79998779296875,369.1199951171875,363.3800048828125,363.8999938964844,2198700
2023-04-05,363.4800109863281,365.1300048828125,361.6099853515625,363.7900085449219,2239600
2023-04-06,361.2099914550781,362.0400085449219,355.9700012207031,361.4700012207031,2357600
2023-04-10,359.7099914550781,360.92999267578125,357.5799865722656,360.1400146484375,1559100
2023-04-11,363.4200134277344,365.19000244140625,361.1600036621094,364.1300048828125,3033800
2023-04-12,366.0799865722656,368.6000061035156,361.0299987792969,361.7799987792969,2268800
2023-04-13,363.82000732421875,369.75,363.3900146484375,369.6499938964844,2611700
2023-04-14,370.0,373.3900146484375,369.1099853515625,372.42999267578125,2254600
2023-04-17,373.3599853515625,374.1000061035156,368.3900146484375,372.760009765625,2432700
2023-04-18,373.95001220703125,373.95001220703125,369.9599914550781,372.32000732421875,2087800
2023-04-19,372.989990234375,374.1499938964844,371.1600036621094,372.79998779296875,1795300
2023-04-20,371.45001220703125,375.19000244140625,369.69000244140625,375.0,2124800
2023-04-21,375.7200012207031,377.42999267578125,373.260009765625,375.239990234375,3537800
2023-04-24,375.1499938964844,377.6400146484375,373.6199951171875,374.7300109863281,1886300
2023-04-25,373.5,374.5799865722656,368.32000732421875,368.5299987792969,2245000
2023-04-26,369.6400146484375,372.2200012207031,366.0899963378906,366.760009765625,2594200
2023-04-27,366.5799865722656,374.9800109863281,361.0,373.6700134277344,3859900
2023-04-28,372.5299987792969,381.92999267578125,371.510009765625,380.0299987792969,3107300
2023-05-01,380.489990234375,382.4599914550781,378.9599914550781,379.8599853515625,1745100
2023-05-02,377.7699890136719,378.8399963378906,370.94000244140625,376.0299987792969,2478700
2023-05-03,376.6700134277344,379.54998779296875,374.3299865722656,374.8999938964844,1970900
2023-05-04,374.5,376.8500061035156,372.1400146484375,376.1199951171875,2814900
2023-05-05,380.57000732421875,385.1499938964844,378.239990234375,384.6600036621094,2683100
2023-05-08,384.010009765625,387.4599914550781,383.7699890136719,385.510009765625,1719600
2023-05-09,383.8800048828125,386.1700134277344,382.70001220703125,382.94000244140625,2036400
2023-05-10,385.989990234375,386.760009765625,377.6499938964844,382.5400085449219,1940800
2023-05-11,382.2099914550781,385.7200012207031,379.260009765625,383.3900146484375,1901200
2023-05-12,384.489990234375,385.0199890136719,378.79998779296875,381.9200134277344,2044000
2023-05-15,381.8699951171875,383.6600036621094,380.5299987792969,383.4100036621094,1957400
2023-05-16,382.6000061035156,383.6000061035156,377.32000732421875,380.239990234375,2762700
2023-05-17,382.20001220703125,387.5199890136719,379.1300048828125,387.0,3260300
2023-05-18,387.1099853515625,392.0199890136719,385.80999755859375,392.0199890136719,3729500
2023-05-19,392.0,392.20001220703125,385.1400146484375,385.57000732421875,3369100
2023-05-22,384.989990234375,387.3699951171875,384.17999267578125,384.5299987792969,1808800
2023-05-23,381.5199890136719,382.0299987792969,370.44000244140625,373.75,3979000
2023-05-24,369.3699951171875,369.6099853515625,365.5799865722656,368.5,2655700
2023-05-25,367.9100036621094,370.989990234375,364.9100036621094,370.0400085449219,3752200
2023-05-26,371.0,375.67999267578125,370.04998779296875,374.3699951171875,2691300
2023-05-30,376.2799987792969,376.6300048828125,366.20001220703125,367.5,3430100
2023-05-31,365.0,365.70001220703125,357.8500061035156,365.0199890136719,10695300
2023-06-01,367.1600036621094,371.0899963378906,366.04998779296875,370.8800048828125,3389700
2023-06-02,374.5899963378906,375.82000732421875,372.1499938964844,373.7300109863281,2501500
2023-06-05,372.75,372.79998779296875,368.5299987792969,370.5199890136719,2316200
2023-06-06,372.95001220703125,380.3800048828125,371.80999755859375,379.9599914550781,2758700
2023-06-07,379.2900085449219,380.5,368.260009765625,371.3900146484375,3714500
2023-06-08,369.3599853515625,369.7699890136719,365.8500061035156,367.5899963378906,2594700
2023-06-09,370.4599914550781,372.1099853515625,367.760009765625,369.2200012207031,2201800
2023-06-12,370.6700134277344,375.9700012207031,369.94000244140625,375.30999755859375,2407500
2023-06-13,375.30999755859375,377.17999267578125,369.80999755859375,371.3800048828125,2444100
2023-06-14,372.92999267578125,378.0799865722656,372.0199890136719,374.760009765625,2775400
2023-06-15,373.2699890136719,379.57000732421875,370.5199890136719,379.0400085449219,2558100
2023-06-16,381.6099853515625,382.8999938964844,376.1600036621094,376.5299987792969,5886900
2023-06-20,375.010009765625,379.510009765625,373.75,374.6199951171875,3961700
2023-06-21,373.9599914550781,378.3900146484375,373.6600036621094,376.1400146484375,2301300
2023-06-22,375.1099853515625,378.4800109863281,373.95001220703125,377.79998779296875,1933300
2023-06-23,374.9800109863281,381.1199951171875,373.2200012207031,379.80999755859375,3739700
2023-06-26,378.05999755859375,379.989990234375,375.3500061035156,377.4200134277344,3327800
2023-06-27,380.3399963378906,382.8399963378906,379.010009765625,381.7900085449219,2197300
2023-06-28,381.19000244140625,381.3999938964844,378.6700134277344,380.2300109863281,2012400
2023-06-29,380.8500061035156,388.010009765625,380.5,387.6700134277344,2524600
2023-06-30,388.1000061035156,395.1700134277344,388.1000061035156,393.29998779296875,4407100
2023-07-03,391.3399963378906,394.30999755859375,388.67999267578125,393.9599914550781,1304600
2023-07-05,388.80999755859375,395.25,387.1300048828125,394.7300109863281,2781800
2023-07-06,393.8299865722656,394.2099914550781,389.739990234375,393.1400146484375,2156600
2023-07-07,390.6600036621094,392.45001220703125,388.3999938964844,388.67999267578125,2654400
2023-07-10,388.4800109863281,393.42999267578125,388.010009765625,392.1600036621094,2148600
2023-07-11,393.6199951171875,398.4599914550781,392.3399963378906,397.79998779296875,2106200
2023-07-12,399.0,403.1700134277344,398.7099914550781,400.69000244140625,2273400
2023-07-13,403.0,403.239990234375,400.4599914550781,400.55999755859375,2354900
2023-07-14,402.1199951171875,403.489990234375,400.29998779296875,402.510009765625,1978500
2023-07-17,401.95001220703125,404.0,401.1199951171875,402.20001220703125,2344500
2023-07-18,400.4200134277344,401.94000244140625,395.2099914550781,398.1600036621094,2676200
2023-07-19,398.0,399.8500061035156,396.30999755859375,398.2699890136719,1809700
2023-07-20,397.1400146484375,399.7200012207031,395.54998779296875,398.05999755859375,2570700
2023-07-21,398.6700134277344,401.510009765625,397.4200134277344,397.489990234375,1868100
2023-07-24,397.4800109863281,404.9100036621094,396.6099853515625,404.7900085449219,3029800
2023-07-25,403.3699951171875,404.8599853515625,401.0,401.2799987792969,2490500
2023-07-26,399.17999267578125,403.30999755859375,395.75,402.4100036621094,2572300
2023-07-27,405.19000244140625,405.19000244140625,393.95001220703125,394.5,3563300
2023-07-28,397.9599914550781,398.0,388.8800048828125,392.9599914550781,4501000
2023-07-31,393.9700012207031,396.0799865722656,392.4700012207031,394.2799987792969,3578300
2023-08-01,393.7799987792969,397.29998779296875,392.3599853515625,397.07000732421875,2344200
2023-08-02,393.8800048828125,394.2099914550781,389.5799865722656,390.0199890136719,2410600
2023-08-03,387.55999755859375,393.44000244140625,386.4200134277344,393.010009765625,2190500
2023-08-04,391.6099853515625,396.0899963378906,390.07000732421875,391.3500061035156,2215800
2023-08-07,393.0,397.75,393.0,396.8699951171875,1559800
2023-08-08,396.17999267578125,396.3800048828125,390.1300048828125,393.19000244140625,1747000
2023-08-09,393.8599853515625,396.7900085449219,391.8699951171875,393.6700134277344,1806100
2023-08-10,396.4599914550781,400.6300048828125,395.7099914550781,397.1400146484375,2154500
2023-08-11,395.75,396.6700134277344,392.80999755859375,394.9800109863281,1464600
2023-08-14,396.45001220703125,399.2300109863281,394.6099853515625,398.5799865722656,1638500
2023-08-15,397.489990234375,397.489990234375,393.5899963378906,394.45001220703125,1753200
2023-08-16,393.44000244140625,399.20001220703125,393.1199951171875,394.3699951171875,2002000
2023-08-17,396.1400146484375,396.2099914550781,390.989990234375,392.6199951171875,2118600
2023-08-18,389.82000732421875,393.8399963378906,388.8299865722656,392.1700134277344,2001800
2023-08-21,393.2099914550781,394.989990234375,391.0199890136719,393.20001220703125,1869400
2023-08-22,395.0,398.7699890136719,393.67999267578125,397.8399963378906,2422500
2023-08-23,399.2699890136719,401.9200134277344,398.3599853515625,401.05999755859375,1943200
2023-08-24,401.5899963378906,404.0,397.5,397.6700134277344,1970000
2023-08-25,400.6499938964844,404.6199951171875,399.0,402.8900146484375,2154600
2023-08-28,404.0,407.79998779296875,403.1499938964844,407.44000244140625,1901300
2023-08-29,407.4200134277344,412.19000244140625,406.5899963378906,411.6499938964844,2188800
2023-08-30,414.7799987792969,417.7799987792969,413.5199890136719,413.9100036621094,2516600
2023-08-31,414.2099914550781,416.2900085449219,411.7799987792969,412.6400146484375,2535100
2023-09-01,413.8399963378906,416.510009765625,412.489990234375,415.57000732421875,1841700
2023-09-05,413.3500061035156,415.3999938964844,409.70001220703125,411.5,2045600
2023-09-06,410.7799987792969,413.3800048828125,408.8900146484375,413.17999267578125,2292100
2023-09-07,411.9200134277344,416.1300048828125,411.7300109863281,414.6199951171875,2502700
2023-09-08,415.0,416.3299865722656,413.8599853515625,414.8399963378906,1868900
2023-09-11,416.8500061035156,417.5899963378906,414.6400146484375,416.69000244140625,1544700
2023-09-12,415.95001220703125,417.6499938964844,415.25,416.2699890136719,1997600
2023-09-13,416.1700134277344,418.4100036621094,414.9700012207031,416.29998779296875,2142200
2023-09-14,418.29998779296875,418.6000061035156,407.7799987792969,413.3399963378906,3557700
2023-09-15,411.8599853515625,418.29998779296875,411.1400146484375,414.30999755859375,4755500
2023-09-18,413.8800048828125,417.8900146484375,413.0400085449219,417.1300048828125,1808000
2023-09-19,416.9599914550781,417.1000061035156,411.1000061035156,413.5299987792969,1730900
2023-09-20,413.7699890136719,415.8500061035156,410.0799865722656,410.5199890136719,1580000
2023-09-21,408.3399963378906,408.7699890136719,402.1000061035156,403.3599853515625,2450700
2023-09-22,404.3900146484375,406.8500061035156,401.55999755859375,402.2200012207031,1885000
2023-09-25,400.6000061035156,403.2300109863281,399.8399963378906,402.489990234375,1846500
2023-09-26,400.0,400.8500061035156,393.6099853515625,395.3800048828125,2940400
2023-09-27,396.2099914550781,397.0299987792969,391.4800109863281,395.4800109863281,1987500
2023-09-28,395.8299865722656,401.3500061035156,395.3699951171875,399.44000244140625,2216200
2023-09-29,402.0299987792969,402.17999267578125,394.25,395.9100036621094,3032300
2023-10-02,393.6000061035156,396.3599853515625,392.45001220703125,395.8500061035156,2856800
2023-10-03,394.5,397.8599853515625,388.9700012207031,391.05999755859375,2527900
2023-10-04,392.0,394.4700012207031,388.5799865722656,393.760009765625,1813400
2023-10-05,390.3900146484375,394.7200012207031,390.0,394.20001220703125,2116600
2023-10-06,393.2300109863281,401.0,390.5,397.9700012207031,2484000
2023-10-09,394.4599914550781,396.5,389.5799865722656,394.739990234375,2475100
2023-10-10,395.5400085449219,402.7200012207031,393.8500061035156,400.3699951171875,2713800
2023-10-11,403.25,405.1300048828125,397.3599853515625,399.80999755859375,2055600
2023-10-12,403.79998779296875,405.3399963378906,397.32000732421875,399.8999938964844,1779000
2023-10-13,398.80999755859375,402.1400146484375,395.0799865722656,398.0299987792969,2235600
2023-10-16,400.239990234375,404.42999267578125,398.7799987792969,401.1600036621094,2202100
2023-10-17,399.6400146484375,403.6099853515625,398.45001220703125,401.7699890136719,2176000
2023-10-18,399.1099853515625,401.3699951171875,392.55999755859375,393.2099914550781,1951400
2023-10-19,393.8500061035156,394.8299865722656,385.5,387.8699951171875,3472800
2023-10-20,387.8699951171875,389.989990234375,384.1700134277344,384.4100036621094,2652500
2023-10-23,382.30999755859375,387.8599853515625,381.0,383.6700134277344,1771800
2023-10-24,385.5,389.42999267578125,383.8699951171875,386.9100036621094,2003300
2023-10-25,384.0,388.6300048828125,382.239990234375,386.30999755859375,3504500
2023-10-26,371.0199890136719,375.54998779296875,363.0400085449219,364.5899963378906,6920100
2023-10-27,366.489990234375,368.2900085449219,359.7699890136719,364.0799865722656,3624900
2023-10-30,366.5199890136719,373.2300109863281,364.7200012207031,372.4200134277344,3386400
2023-10-31,373.32000732421875,377.67999267578125,373.1099853515625,376.3500061035156,2978800
2023-11-01,378.6700134277344,380.3999938964844,375.0400085449219,377.82000732421875,2354700
2023-11-02,380.29998779296875,383.0400085449219,378.489990234375,382.69000244140625,2816000
2023-11-03,385.0,388.44000244140625,383.7300109863281,386.04998779296875,2269100
2023-11-06,387.1000061035156,388.25,384.2099914550781,386.1600036621094,2020500
2023-11-07,386.0,389.5899963378906,384.29998779296875,388.8699951171875,2324200
2023-11-08,387.1099853515625,391.3699951171875,387.0,389.70001220703125,2838400
2023-11-09,390.9599914550781,391.45001220703125,387.2699890136719,387.9599914550781,2657100
2023-11-10,390.0400085449219,395.0899963378906,386.739990234375,394.3800048828125,2807000
2023-11-13,394.3500061035156,395.6300048828125,393.0199890136719,394.3500061035156,1614600
2023-11-14,397.17999267578125,401.67999267578125,396.75,397.6499938964844,2733900
2023-11-15,397.4700012207031,399.2799987792969,394.760009765625,396.8299865722656,2434600
2023-11-16,398.010009765625,399.95001220703125,395.54998779296875,397.1000061035156,3060600
2023-11-17,399.9700012207031,401.1199951171875,397.9100036621094,400.29998779296875,2365500
2023-11-20,400.7200012207031,405.20001220703125,398.260009765625,404.3999938964844,2768300
2023-11-21,405.7200012207031,410.3500061035156,405.69000244140625,408.95001220703125,2567500
2023-11-22,412.260009765625,412.8500061035156,410.1499938964844,410.3299865722656,1967900
2023-11-24,412.489990234375,412.9700012207031,410.5299987792969,412.5,1053500
2023-11-27,411.0,412.7200012207031,408.25,408.9700012207031,2665900
2023-11-28,409.0799865722656,410.6400146484375,407.4599914550781,409.010009765625,2645000
2023-11-29,411.010009765625,412.0799865722656,409.4200134277344,409.82000732421875,2151400
2023-11-30,410.1000061035156,414.1600036621094,408.7799987792969,413.8299865722656,3203500
2023-12-01,412.8900146484375,416.6000061035156,411.57000732421875,414.3599853515625,2171400
2023-12-04,413.8299865722656,414.8500061035156,408.0299987792969,408.2300109863281,3097900
2023-12-05,407.0899963378906,409.04998779296875,404.32000732421875,408.69000244140625,2755600
2023-12-06,411.42999267578125,413.82000732421875,407.1600036621094,410.3800048828125,2224200
2023-12-07,412.07000732421875,413.57000732421875,409.989990234375,413.1499938964844,2363000
2023-12-08,412.2200012207031,413.6700134277344,409.2300109863281,412.1600036621094,1959300
2023-12-11,412.4599914550781,416.1700134277344,412.3800048828125,415.7099914550781,2236000
2023-12-12,417.0,421.0,414.70001220703125,420.75,2736500
2023-12-13,421.8599853515625,426.3699951171875,419.1499938964844,424.67999267578125,3694200
2023-12-14,425.010009765625,425.8500061035156,415.8999938964844,418.55999755859375,3989700
2023-12-15,412.6199951171875,419.260009765625,411.6000061035156,418.57000732421875,5566600
2023-12-18,419.5299987792969,425.0899963378906,419.5299987792969,424.42999267578125,2686900
2023-12-19,424.04998779296875,426.67999267578125,422.5199890136719,425.4700012207031,2256200
2023-12-20,425.0799865722656,427.6099853515625,419.239990234375,419.45001220703125,3058300
2023-12-21,421.7900085449219,423.8999938964844,420.6099853515625,423.44000244140625,2213600
2023-12-22,424.75,427.1700134277344,422.9599914550781,424.1000061035156,1759000
2023-12-26,425.0,425.7200012207031,422.95001220703125,423.6700134277344,1258200
2023-12-27,423.0,425.010009765625,422.9599914550781,424.3599853515625,1324100
2023-12-28,423.7699890136719,428.3599853515625,423.67999267578125,426.32000732421875,1505000
2023-12-29,426.67999267578125,428.3500061035156,424.2699890136719,426.510009765625,1706100
2024-01-02,424.0899963378906,424.2799987792969,419.55999755859375,421.8900146484375,2463700
2024-01-03,421.20001220703125,421.3399963378906,417.5,418.7699890136719,3093700
2024-01-04,418.5,423.45001220703125,418.2799987792969,419.7699890136719,2042600
2024-01-05,420.489990234375,422.760009765625,416.989990234375,419.4200134277344,2415900
2024-01-08,419.44000244140625,422.0799865722656,416.5299987792969,421.9800109863281,2125400
2024-01-09,419.1000061035156,423.70001220703125,418.5400085449219,422.6000061035156,2439300
2024-01-10,426.0,429.4700012207031,424.1499938964844,428.2699890136719,2709300
2024-01-11,430.0,431.7900085449219,425.7699890136719,426.7200012207031,2320600
2024-01-12,429.95001220703125,431.1099853515625,427.70001220703125,429.1000061035156,1892400
2024-01-16,427.44000244140625,429.7300109863281,426.5199890136719,428.3500061035156,2398000
2024-01-17,425.4800109863281,430.3800048828125,425.4800109863281,427.4200134277344,2690400
2024-01-18,428.6400146484375,431.2200012207031,427.45001220703125,430.7200012207031,2075700
2024-01-19,432.54998779296875,437.07000732421875,429.3399963378906,436.7799987792969,2400200
2024-01-22,438.9800109863281,440.94000244140625,437.260009765625,439.75,2715500
2024-01-23,440.2699890136719,440.6000061035156,437.8599853515625,438.760009765625,2328600
2024-01-24,438.5299987792969,440.92999267578125,435.760009765625,438.70001220703125,2725700
2024-01-25,436.0,438.6300048828125,434.4599914550781,436.79998779296875,2977800
2024-01-26,432.54998779296875,439.8900146484375,430.6700134277344,438.5299987792969,2725400
2024-01-29,435.7799987792969,440.9599914550781,434.6700134277344,440.5799865722656,2314200
2024-01-30,440.8999938964844,446.2200012207031,440.04998779296875,445.19000244140625,2663600
2024-01-31,450.0,462.0,446.6199951171875,449.2300109863281,4740500
2024-02-01,455.0,461.1400146484375,454.04998779296875,460.9200134277344,3292700
2024-02-02,462.2099914550781,463.8399963378906,458.5,460.5799865722656,2050300
2024-02-05,459.510009765625,461.3699951171875,455.5299987792969,456.760009765625,2438800
2024-02-06,455.3599853515625,460.55999755859375,455.3599853515625,460.5,2201900
2024-02-07,461.2099914550781,462.239990234375,459.6199951171875,461.9100036621094,2544300
2024-02-08,460.0,460.75,457.45001220703125,458.260009765625,2081300
2024-02-09,458.05999755859375,458.989990234375,456.3699951171875,457.8800048828125,2155400
2024-02-12,459.17999267578125,459.3999938964844,456.0799865722656,458.7099914550781,1794500
2024-02-13,456.760009765625,461.8800048828125,456.0400085449219,460.4599914550781,2407700
2024-02-14,462.0,465.45001220703125,459.44000244140625,465.19000244140625,2202700
2024-02-15,465.8299865722656,472.1099853515625,465.2300109863281,471.2799987792969,2354100
2024-02-16,474.1700134277344,474.1700134277344,467.07000732421875,468.1300048828125,2237200
2024-02-20,452.79998779296875,455.8500061035156,450.1199951171875,451.75,5044200
2024-02-21,453.30999755859375,459.6000061035156,452.0,459.04998779296875,2895800
2024-02-22,461.80999755859375,472.5,461.5799865722656,471.55999755859375,2572800
2024-02-23,473.7300109863281,475.1700134277344,471.8599853515625,473.4200134277344,1764100
2024-02-26,473.0,475.0799865722656,472.0,474.510009765625,2066900
2024-02-27,474.54998779296875,475.0,469.95001220703125,474.75,2011100
2024-02-28,474.1700134277344,479.1400146484375,473.6700134277344,478.8500061035156,1931900
2024-02-29,478.0,478.3900146484375,472.04998779296875,474.760009765625,3072500
2024-03-01,474.9100036621094,477.5,473.8999938964844,476.6300048828125,1748300
2024-03-04,475.6700134277344,476.6300048828125,465.7699890136719,468.489990234375,3212400
2024-03-05,467.3699951171875,469.239990234375,464.6199951171875,467.5199890136719,2015100
2024-03-06,467.1600036621094,473.6199951171875,467.1600036621094,471.6000061035156,1917100
2024-03-07,473.20001220703125,473.2699890136719,465.8900146484375,467.5400085449219,2178100
2024-03-08,467.1000061035156,471.6199951171875,467.1000061035156,469.260009765625,1596900
2024-03-11,469.0,469.3699951171875,464.69000244140625,469.1600036621094,1774500
2024-03-12,470.5299987792969,474.3699951171875,468.7099914550781,472.8699951171875,1853900
2024-03-13,474.2300109863281,476.1600036621094,472.7799987792969,475.6099853515625,2103900
2024-03-14,481.0199890136719,482.0,477.17999267578125,479.4800109863281,2757700
2024-03-15,473.3399963378906,478.4599914550781,473.0799865722656,475.8299865722656,4179300
2024-03-18,478.6400146484375,480.82000732421875,476.6499938964844,478.8900146484375,2072300
2024-03-19,481.6199951171875,484.6099853515625,479.510009765625,484.0,2049500
2024-03-20,484.32000732421875,488.45001220703125,483.6400146484375,488.0400085449219,1691100
2024-03-21,488.5299987792969,490.0,483.3999938964844,488.6400146484375,2580300
2024-03-22,488.30999755859375,488.8900146484375,481.4599914550781,481.6700134277344,2277800
2024-03-25,481.6000061035156,482.32000732421875,474.4100036621094,476.0400085449219,2600300
2024-03-26,477.7200012207031,480.0,472.30999755859375,476.79998779296875,2515100
2024-03-27,480.5,482.1600036621094,474.75,477.95001220703125,2309400
2024-03-28,477.9100036621094,482.42999267578125,477.2799987792969,481.57000732421875,2214500
2024-04-01,480.6600036621094,483.2799987792969,477.3299865722656,478.3999938964844,1648200
2024-04-02,476.9700012207031,480.4100036621094,476.29998779296875,479.42999267578125,3265100
2024-04-03,480.44000244140625,483.29998779296875,477.2099914550781,477.4200134277344,2265000
2024-04-04,479.9700012207031,481.9599914550781,469.0,469.7699890136719,2552600
2024-04-05,474.0,479.30999755859375,472.5299987792969,477.1499938964844,2462700
2024-04-08,476.3999938964844,479.67999267578125,474.2799987792969,478.8500061035156,1961800
2024-04-09,477.9700012207031,478.8900146484375,467.8299865722656,472.1600036621094,2217200
2024-04-10,470.1700134277344,474.3900146484375,468.8500061035156,469.1700134277344,2710500
2024-04-11,468.2799987792969,470.3500061035156,464.19000244140625,468.30999755859375,2299900
2024-04-12,466.0,469.5199890136719,462.1099853515625,465.3800048828125,2486300
2024-04-15,470.239990234375,471.0,458.42999267578125,459.7900085449219,2070500
2024-04-16,460.0,463.3800048828125,459.0,459.82000732421875,1787200
2024-04-17,462.7699890136719,463.4100036621094,458.1499938964844,460.1600036621094,1735000
2024-04-18,460.5,461.9100036621094,453.79998779296875,454.70001220703125,1998900
2024-04-19,458.8900146484375,459.8599853515625,452.5899963378906,455.3900146484375,2548800
2024-04-22,457.5,460.739990234375,455.1300048828125,456.75,2157400
2024-04-23,458.4800109863281,462.9800109863281,457.30999755859375,462.82000732421875,2029100
2024-04-24,465.2900085449219,468.1499938964844,460.3500061035156,462.5,4043100
2024-04-25,460.94000244140625,464.0,456.7200012207031,462.1099853515625,2006500
2024-04-26,462.9100036621094,464.82000732421875,460.94000244140625,462.4200134277344,1963300
2024-04-29,460.95001220703125,461.5899963378906,455.67999267578125,457.1000061035156,2120700
2024-04-30,456.260009765625,457.7200012207031,450.8800048828125,451.20001220703125,2698800
2024-05-01,445.79998779296875,448.9800109863281,438.3800048828125,442.07000732421875,4979100
2024-05-02,443.0,444.6600036621094,438.04998779296875,441.1000061035156,3866500
2024-05-03,444.9100036621094,445.260009765625,436.8999938964844,443.5799865722656,3711500
2024-05-06,447.2300109863281,450.5,445.55999755859375,449.3699951171875,2536200
2024-05-07,451.760009765625,453.29998779296875,447.5299987792969,453.05999755859375,2345300
2024-05-08,454.0,455.1099853515625,449.9200134277344,454.7699890136719,2332400
2024-05-09,453.54998779296875,456.0299987792969,453.54998779296875,455.489990234375,1970100
2024-05-10,457.3299865722656,458.5799865722656,454.9800109863281,456.9800109863281,1729900
2024-05-13,456.92999267578125,458.7200012207031,455.510009765625,457.760009765625,2069300
2024-05-14,457.9200134277344,458.9800109863281,449.29998779296875,454.20001220703125,2991000
2024-05-15,452.7900085449219,458.6000061035156,452.7900085449219,458.0,2437800
2024-05-16,460.0,464.92999267578125,458.82000732421875,458.8699951171875,2412200
2024-05-17,460.45001220703125,461.69000244140625,458.1099853515625,460.2699890136719,1985900
2024-05-20,459.4800109863281,462.2200012207031,458.7799987792969,459.6600036621094,1397200
2024-05-21,457.9100036621094,460.3900146484375,455.6300048828125,459.1000061035156,2166000
2024-05-22,458.8999938964844,462.5,455.1700134277344,456.5199890136719,1713700
2024-05-23,456.5199890136719,458.04998779296875,450.44000244140625,451.2099914550781,2084600
2024-05-24,452.510009765625,454.45001220703125,450.32000732421875,451.17999267578125,2162100
2024-05-28,450.0,450.6300048828125,442.3999938964844,445.0799865722656,2670800
2024-05-29,442.1099853515625,444.55999755859375,441.79998779296875,442.4700012207031,1876900
2024-05-30,442.2099914550781,444.19000244140625,440.6700134277344,442.1000061035156,2189900
2024-05-31,442.69000244140625,447.3399963378906,439.260009765625,447.07000732421875,3917100
2024-06-03,443.4800109863281,445.0,437.8900146484375,443.19000244140625,2123800
2024-06-04,443.3599853515625,444.8800048828125,441.32000732421875,444.7699890136719,2096600
2024-06-05,446.79998779296875,447.57000732421875,442.30999755859375,446.6600036621094,2157000
2024-06-06,448.489990234375,449.7799987792969,444.6300048828125,448.67999267578125,1887100
2024-06-07,449.45001220703125,453.0,447.260009765625,449.7900085449219,1664700
2024-06-10,448.4200134277344,450.1700134277344,444.3699951171875,449.25,1954500
2024-06-11,447.8399963378906,449.25,445.1099853515625,449.0400085449219,1777300
2024-06-12,451.489990234375,452.5,441.6000061035156,443.0,2738900
2024-06-13,443.0,445.1499938964844,439.32000732421875,445.0,2916600
2024-06-14,443.3399963378906,444.9599914550781,441.20001220703125,444.6300048828125,2161500
2024-06-17,442.42999267578125,449.3399963378906,441.67999267578125,448.1099853515625,2351900
2024-06-18,447.05999755859375,451.20001220703125,446.70001220703125,450.1099853515625,2636500
2024-06-20,451.05999755859375,454.4800109863281,448.3599853515625,452.510009765625,3006800
2024-06-21,452.19000244140625,455.29998779296875,450.260009765625,454.8500061035156,5007800
2024-06-24,454.92999267578125,463.07000732421875,454.92999267578125,456.9599914550781,2597100
2024-06-25,458.4800109863281,460.30999755859375,453.79998779296875,455.6499938964844,2299400
2024-06-26,452.75,454.67999267578125,451.3900146484375,452.3800048828125,2451400
2024-06-27,448.57000732421875,448.70001220703125,442.0,442.75,3313800
2024-06-28,444.6400146484375,448.29998779296875,438.7200012207031,441.1600036621094,4105000
2024-07-01,440.79998779296875,442.4700012207031,435.54998779296875,437.6099853515625,3149700
2024-07-02,435.0,444.760009765625,435.0,444.6499938964844,2061300
2024-07-03,445.32000732421875,449.2900085449219,444.2799987792969,448.17999267578125,3192400
2024-07-05,447.1099853515625,449.95001220703125,444.2799987792969,449.489990234375,2220700
2024-07-08,449.2799987792969,450.6099853515625,445.0,446.239990234375,1802700
2024-07-09,446.6499938964844,447.5799865722656,442.7900085449219,444.70001220703125,1608400
2024-07-10,434.6099853515625,437.4100036621094,429.04998779296875,433.6400146484375,4760900
2024-07-11,432.0,437.7699890136719,430.1099853515625,436.4200134277344,4032600
2024-07-12,437.3999938964844,442.2300109863281,437.32000732421875,440.1099853515625,2645600
2024-07-15,440.3299865722656,444.3999938964844,438.739990234375,444.0,1727700
2024-07-16,446.94000244140625,447.1600036621094,439.70001220703125,443.5299987792969,2846600
2024-07-17,442.3999938964844,451.5199890136719,442.05999755859375,451.1600036621094,2925000
2024-07-18,448.75,455.42999267578125,447.4800109863281,448.7200012207031,3339900
2024-07-19,451.2200012207031,451.239990234375,443.57000732421875,443.69000244140625,2121700
2024-07-22,445.4100036621094,448.8500061035156,443.25,447.94000244140625,2111700
2024-07-23,448.04998779296875,448.739990234375,441.1099853515625,441.7200012207031,2385500
2024-07-24,434.0,435.8599853515625,428.8599853515625,432.45001220703125,3764800
2024-07-25,433.94000244140625,437.70001220703125,429.55999755859375,429.6000061035156,2384300
2024-07-26,432.2799987792969,440.7799987792969,432.1099853515625,438.17999267578125,2039600
2024-07-29,438.79998779296875,442.9200134277344,435.4200134277344,441.29998779296875,2248600
2024-07-30,443.7699890136719,448.7300109863281,443.010009765625,447.45001220703125,2266900
2024-07-31,462.0,474.0,457.5400085449219,463.7099914550781,4313600
2024-08-01,465.4599914550781,467.5,459.19000244140625,462.4100036621094,2590100
2024-08-02,460.2200012207031,466.75,458.6099853515625,462.0199890136719,3808100
2024-08-05,455.0,461.29998779296875,439.5899963378906,442.0,4496700
2024-08-06,443.2200012207031,455.45001220703125,442.1099853515625,448.29998779296875,2758900
2024-08-07,450.5299987792969,456.9200134277344,449.0400085449219,449.8399963378906,2059800
2024-08-08,452.239990234375,456.2699890136719,451.0299987792969,455.5799865722656,1585400
2024-08-09,455.5799865722656,458.79998779296875,453.4599914550781,456.7799987792969,1760200
2024-08-12,457.7699890136719,458.4599914550781,453.8900146484375,455.69000244140625,1760000
2024-08-13,458.1400146484375,459.6400146484375,454.8900146484375,459.3599853515625,1816100
2024-08-14,459.260009765625,460.5400085449219,456.07000732421875,460.1600036621094,1654100
2024-08-15,465.1000061035156,469.0,464.0,468.7099914550781,2130500
2024-08-16,468.0,470.260009765625,466.0400085449219,468.8800048828125,1921900
2024-08-19,469.0,470.1499938964844,465.5199890136719,466.9800109863281,1690800
2024-08-20,468.1300048828125,469.6700134277344,465.510009765625,469.1199951171875,1763300
2024-08-21,468.5400085449219,469.0899963378906,464.5199890136719,468.0,2105900
2024-08-22,469.489990234375,470.9100036621094,466.70001220703125,468.82000732421875,1538200
2024-08-23,470.29998779296875,470.3399963378906,461.8999938964844,466.44000244140625,1986300
2024-08-26,468.1000061035156,470.5299987792969,467.0,468.6400146484375,1434400
2024-08-27,471.0799865722656,475.5,468.2200012207031,474.989990234375,1635900
2024-08-28,475.0,476.4100036621094,468.8699951171875,471.79998779296875,1445300
2024-08-29,474.4700012207031,481.9200134277344,474.4700012207031,480.79998779296875,1893400
2024-08-30,481.8399963378906,485.739990234375,479.6499938964844,483.3399963378906,2982100
2024-09-03,482.4700012207031,486.69000244140625,480.0400085449219,482.1199951171875,2063700
2024-09-04,482.0899963378906,486.1700134277344,481.17999267578125,483.1400146484375,2156300
2024-09-05,483.1400146484375,484.1600036621094,473.1099853515625,477.3599853515625,2293500
2024-09-06,477.1099853515625,480.44000244140625,474.7099914550781,476.1199951171875,2116200
2024-09-09,480.5,489.2099914550781,479.57000732421875,487.0899963378906,2343600
2024-09-10,487.1000061035156,488.3299865722656,482.3299865722656,488.0199890136719,2234100
2024-09-11,486.5199890136719,489.1099853515625,477.8399963378906,488.17999267578125,2480000
2024-09-12,486.95001220703125,492.8800048828125,483.0,492.1099853515625,2299100
2024-09-13,493.1000061035156,496.8500061035156,491.45001220703125,493.3599853515625,2204700
2024-09-16,495.29998779296875,498.32000732421875,493.3900146484375,497.7099914550781,1589200
2024-09-17,498.6000061035156,501.739990234375,497.8500061035156,500.989990234375,2202800
2024-09-18,501.2799987792969,501.79998779296875,494.0400085449219,494.760009765625,2193800
2024-09-19,500.0,501.1300048828125,486.25,493.010009765625,3517200
2024-09-20,489.6499938964844,493.5299987792969,487.739990234375,492.739990234375,3470200
2024-09-23,493.1600036621094,497.69000244140625,491.29998779296875,497.1400146484375,2191300
2024-09-24,492.67999267578125,493.25,484.4200134277344,487.4100036621094,4143700
2024-09-25,484.760009765625,489.8999938964844,483.5400085449219,489.45001220703125,3483200
2024-09-26,491.0,493.6300048828125,489.0,491.2699890136719,3073700
2024-09-27,491.0299987792969,496.0,490.3900146484375,493.6400146484375,2177200
2024-09-30,491.7799987792969,494.989990234375,490.1099853515625,493.79998779296875,2862400
2024-10-01,497.260009765625,498.0299987792969,493.1099853515625,496.3800048828125,3748100
2024-10-02,492.94000244140625,495.9100036621094,489.67999267578125,495.57000732421875,1736500
2024-10-03,495.54998779296875,497.0899963378906,493.0,494.9700012207031,1382200
2024-10-04,495.55999755859375,499.04998779296875,492.4700012207031,497.70001220703125,1935600
2024-10-07,497.3299865722656,498.5299987792969,490.75,491.29998779296875,1990500
2024-10-08,492.5,497.5299987792969,491.5299987792969,497.05999755859375,1750100
2024-10-09,498.3800048828125,500.75,495.5899963378906,499.95001220703125,1707500
2024-10-10,500.0,500.7200012207031,495.8399963378906,498.0199890136719,1491000
2024-10-11,496.510009765625,502.9200134277344,496.4700012207031,502.260009765625,1919900
2024-10-14,504.3599853515625,508.7900085449219,502.04998779296875,506.6600036621094,2127000
2024-10-15,505.6199951171875,509.8800048828125,504.0,507.2300109863281,2885900
2024-10-16,506.3500061035156,515.4000244140625,506.0,514.0700073242188,2956700
2024-10-17,516.2899780273438,517.0399780273438,511.5199890136719,513.760009765625,2227400
2024-10-18,514.5399780273438,518.0,512.5800170898438,516.3400268554688,2604600
2024-10-21,516.989990234375,518.8200073242188,513.9400024414062,515.010009765625,2217500
2024-10-22,511.1499938964844,514.5499877929688,510.5,513.02001953125,1855800
2024-10-23,512.6599731445312,514.719970703125,511.8999938964844,513.72998046875,1759700
2024-10-24,511.8999938964844,513.3400268554688,509.4599914550781,510.6199951171875,1911900
2024-10-25,512.5,514.72998046875,505.6199951171875,507.3599853515625,1582200
2024-10-28,507.3999938964844,510.8599853515625,506.1400146484375,508.2099914550781,2186400
2024-10-29,507.5400085449219,511.3900146484375,505.70001220703125,506.2799987792969,2066300
2024-10-30,512.52001953125,516.4500122070312,507.0,513.6900024414062,3121000
2024-10-31,521.25,527.9000244140625,499.0299987792969,499.5899963378906,5523300
2024-11-01,500.44000244140625,510.54998779296875,498.5299987792969,508.0799865722656,3753700
2024-11-04,509.1400146484375,510.0,503.0299987792969,505.5799865722656,2165100
2024-11-05,505.5799865722656,508.1499938964844,503.6099853515625,505.55999755859375,2132900
2024-11-06,520.8599853515625,523.0,515.9400024414062,521.1300048828125,3673700
2024-11-07,523.989990234375,524.030029296875,516.5900268554688,517.8800048828125,2382300
2024-11-08,520.3400268554688,528.8400268554688,519.530029296875,524.760009765625,2215600
2024-11-11,528.8499755859375,534.030029296875,528.52001953125,530.1199951171875,2213400
2024-11-12,529.0999755859375,530.9000244140625,527.2999877929688,529.1699829101562,2577600
2024-11-13,530.010009765625,530.5,516.4199829101562,521.8800048828125,2681500
2024-11-14,520.6199951171875,522.3599853515625,517.6500244140625,520.4000244140625,2480400
2024-11-15,518.530029296875,523.3900146484375,518.0,521.8900146484375,2408100
2024-11-18,518.5900268554688,523.489990234375,517.0,521.6300048828125,2493400
2024-11-19,518.780029296875,522.6500244140625,516.760009765625,519.4600219726562,2716000
2024-11-20,521.530029296875,522.5,511.0,512.5399780273438,2409400
2024-11-21,513.22998046875,520.1199951171875,511.5799865722656,515.0999755859375,3077300
2024-11-22,516.9299926757812,521.7100219726562,516.1799926757812,520.8599853515625,3130400
2024-11-25,521.6400146484375,528.25,521.02001953125,526.5999755859375,4503900
2024-11-26,527.9000244140625,530.6500244140625,525.0599975585938,528.47998046875,2326800
2024-11-27,529.0499877929688,533.6199951171875,526.5800170898438,532.3800048828125,2086300
2024-11-29,533.010009765625,535.77001953125,530.030029296875,532.9400024414062,1760600
2024-12-02,532.9299926757812,534.8200073242188,526.22998046875,531.3599853515625,2355100
2024-12-03,534.6699829101562,534.8200073242188,525.9600219726562,526.1799926757812,2319400
2024-12-04,523.6400146484375,526.280029296875,518.1699829101562,521.1400146484375,2630000
2024-12-05,524.5999755859375,527.469970703125,522.1699829101562,524.77001953125,2538600
2024-12-06,522.9299926757812,531.0,522.5,528.5700073242188,2122700
2024-12-09,529.02001953125,531.5900268554688,521.8800048828125,522.8200073242188,2942000
2024-12-10,522.510009765625,529.6599731445312,520.219970703125,529.010009765625,2003200
2024-12-11,529.1900024414062,535.8900146484375,527.27001953125,534.4500122070312,2181100
2024-12-12,536.2899780273438,536.75,531.969970703125,532.4099731445312,1860400
2024-12-13,534.1699829101562,534.6799926757812,528.9099731445312,529.0,1608200
2024-12-16,532.0,535.0,529.0,530.3099975585938,2923000
2024-12-17,529.4000244140625,531.780029296875,524.8699951171875,531.010009765625,4055800
2024-12-18,530.3200073242188,537.1300048828125,519.7100219726562,519.9600219726562,3190300
2024-12-19,524.1599731445312,529.219970703125,522.2000122070312,523.280029296875,3050500
2024-12-20,522.8699951171875,532.0800170898438,519.4199829101562,528.030029296875,7317100
2024-12-23,525.8300170898438,529.4000244140625,521.1300048828125,528.9600219726562,2270300
2024-12-24,529.27001953125,535.739990234375,527.8300170898438,535.7100219726562,955000
2024-12-26,533.6300048828125,537.7000122070312,532.9199829101562,536.1500244140625,1109600
2024-12-27,533.6099853515625,537.5599975585938,530.7999877929688,532.2000122070312,1541800
2024-12-30,527.0,528.5700073242188,521.3300170898438,525.5499877929688,2101600
2024-12-31,527.6699829101562,529.1900024414062,525.5599975585938,526.5700073242188,1942600
2025-01-02,529.1900024414062,530.5599975585938,517.6599731445312,522.4000244140625,2818800
2025-01-03,522.530029296875,524.4600219726562,517.6799926757812,521.3599853515625,1627500
2025-01-06,520.969970703125,521.3599853515625,511.010009765625,511.92999267578125,2920800
2025-01-07,513.6799926757812,516.3300170898438,511.0799865722656,511.3999938964844,2211800
2025-01-08,512.0399780273438,517.4500122070312,511.5299987792969,516.4000244140625,2456700
2025-01-10,512.1199951171875,513.760009765625,503.3599853515625,504.6700134277344,2815500
2025-01-13,501.0,506.1499938964844,499.9200134277344,504.9100036621094,2885500
2025-01-14,507.07000732421875,509.3900146484375,504.2099914550781,509.0199890136719,2704800
2025-01-15,515.5700073242188,523.77001953125,513.72998046875,522.3499755859375,3024800
2025-01-16,523.6199951171875,527.1199951171875,520.719970703125,523.1400146484375,3275600
2025-01-17,524.5800170898438,528.1300048828125,521.010009765625,524.7000122070312,2374800
2025-01-21,527.6599731445312,529.97998046875,526.9099731445312,528.0599975585938,2706900
2025-01-22,528.0,530.2999877929688,525.6699829101562,527.1799926757812,2037600
2025-01-23,529.0499877929688,534.3499755859375,528.6799926757812,534.219970703125,2196500
2025-01-24,532.989990234375,536.0599975585938,532.1500244140625,533.489990234375,2472900
2025-01-27,533.5800170898438,547.989990234375,531.6599731445312,547.6400146484375,3074600
2025-01-28,546.5399780273438,551.5499877929688,542.6599731445312,547.3599853515625,2727800
2025-01-29,547.0,550.6099853515625,546.5,548.7999877929688,2549000
2025-01-30,555.0,576.9400024414062,554.530029296875,566.010009765625,6005200
2025-01-31,563.8200073242188,565.5399780273438,554.6400146484375,555.4299926757812,4505100
2025-02-03,552.6400146484375,565.0,551.0700073242188,563.9500122070312,3195500
2025-02-04,570.8800048828125,572.0,557.5800170898438,559.1099853515625,2638900
2025-02-05,561.3499755859375,566.8699951171875,559.7999877929688,566.2899780273438,2404700
2025-02-06,566.1300048828125,569.75,564.5399780273438,567.1599731445312,1738400
2025-02-07,568.0599975585938,570.0499877929688,561.780029296875,562.75,2008300
2025-02-10,565.25,567.27001953125,561.0,565.489990234375,2357700
2025-02-11,564.989990234375,566.4299926757812,559.219970703125,564.7000122070312,1847800
2025-02-12,562.010009765625,564.75,559.4400024414062,564.5999755859375,1722200
2025-02-13,565.5999755859375,567.3900146484375,561.469970703125,566.3099975585938,1709500
2025-02-14,566.010009765625,569.239990234375,564.1300048828125,564.760009765625,1927400
2025-02-18,564.9000244140625,568.6300048828125,561.52001953125,568.6099853515625,2064100
2025-02-19,567.489990234375,570.7000122070312,566.6500244140625,568.5,2459100
2025-02-20,568.1500244140625,568.5,559.0399780273438,563.280029296875,2181900
2025-02-21,561.4299926757812,564.7999877929688,556.5800170898438,557.510009765625,2256100
2025-02-24,558.4299926757812,561.4600219726562,556.7899780273438,559.0,1752500
2025-02-25,562.4400024414062,566.0399780273438,552.6900024414062,564.030029296875,3609500
2025-02-26,562.5900268554688,566.6799926757812,559.5999755859375,561.27001953125,2028000
2025-02-27,565.5700073242188,574.7000122070312,564.0,564.8200073242188,2436500
2025-02-28,567.2999877929688,576.4299926757812,564.0,576.3099975585938,3205400
2025-03-03,577.3300170898438,582.22998046875,570.0,574.9199829101562,3092600
2025-03-04,570.4600219726562,573.2000122070312,552.010009765625,555.0700073242188,3318100
2025-03-05,552.5800170898438,560.989990234375,551.3200073242188,558.2999877929688,2795400
2025-03-06,548.5,555.6799926757812,544.6900024414062,549.8200073242188,3133200
2025-03-07,547.0700073242188,550.3800048828125,536.280029296875,546.77001953125,3161300
2025-03-10,538.1500244140625,548.5599975585938,532.02001953125,537.1199951171875,3893400
2025-03-11,537.2000122070312,538.0499877929688,522.25,525.7999877929688,4582600
2025-03-12,530.510009765625,532.7100219726562,519.260009765625,524.6400146484375,2810800
2025-03-13,524.5,528.530029296875,517.7100219726562,519.8300170898438,2375800
2025-03-14,522.5999755859375,528.4099731445312,520.9500122070312,527.6400146484375,2369500
2025-03-17,523.25,533.47998046875,521.47998046875,531.989990234375,2544800
2025-03-18,532.3400268554688,532.5900268554688,525.510009765625,530.1900024414062,2363300
2025-03-19,531.5700073242188,537.6199951171875,529.5800170898438,536.0900268554688,2804300
2025-03-20,533.5999755859375,540.489990234375,532.5499877929688,536.3800048828125,2598600
2025-03-21,535.4400024414062,538.0499877929688,530.760009765625,535.6900024414062,5973400
2025-03-24,539.3499755859375,545.4600219726562,538.239990234375,543.6699829101562,2758700
2025-03-25,545.9500122070312,547.1799926757812,542.0,545.1599731445312,2138200
2025-03-26,547.1400146484375,551.030029296875,545.1199951171875,549.0700073242188,2681600
2025-03-27,549.0700073242188,561.8300170898438,547.7999877929688,557.5700073242188,2901200
2025-03-28,554.22998046875,558.5900268554688,540.0900268554688,540.6099853515625,2656400
2025-03-31,532.1599731445312,551.4299926757812,531.02001953125,548.1199951171875,4741800
2025-04-01,546.7999877929688,551.1500244140625,544.0,548.510009765625,2714900
2025-04-02,542.8599853515625,549.530029296875,541.6500244140625,547.3800048828125,2994600
2025-04-03,528.4199829101562,539.989990234375,527.0,530.5499877929688,3443500
2025-04-04,519.6199951171875,520.8800048828125,488.2900085449219,489.7699890136719,6125100
2025-04-07,478.5,502.20001220703125,465.5899963378906,485.5199890136719,6009400
2025-04-08,501.0,505.57000732421875,471.6600036621094,479.9200134277344,3555400
2025-04-09,470.1099853515625,518.510009765625,470.0,515.4299926757812,4698400
2025-04-10,506.8299865722656,508.6300048828125,484.1300048828125,499.3399963378906,4105300
2025-04-11,498.260009765625,515.9099731445312,495.9100036621094,509.75,3736200
2025-04-14,515.8699951171875,523.4199829101562,508.5,512.4600219726562,3005500
2025-04-15,513.4000244140625,521.2899780273438,513.3800048828125,517.3800048828125,2210700
2025-04-16,516.0499877929688,521.719970703125,509.8699951171875,513.4299926757812,2501000
2025-04-17,510.95001220703125,523.97998046875,509.1300048828125,517.3300170898438,3329800
2025-04-21,517.0,517.6500244140625,503.5400085449219,509.32000732421875,3345600
2025-04-22,515.6199951171875,528.7999877929688,512.75,527.3300170898438,2384000
2025-04-23,537.739990234375,543.9400024414062,527.6199951171875,530.010009765625,3051800
2025-04-24,528.6900024414062,536.0399780273438,525.27001953125,535.4600219726562,2209100
2025-04-25,535.4600219726562,536.9199829101562,529.8800048828125,533.47998046875,2006100
2025-04-28,536.030029296875,537.760009765625,530.5,534.489990234375,1735400
2025-04-29,534.3400268554688,540.47998046875,533.4099731445312,539.6799926757812,2041500
2025-04-30,538.530029296875,549.0700073242188,529.5499877929688,548.0599975585938,3783500
2025-05-01,550.0,552.8300170898438,539.72998046875,546.6300048828125,2839900
2025-05-02,555.6300048828125,562.3800048828125,554.989990234375,559.3900146484375,2632600
2025-05-05,557.8099975585938,564.5499877929688,555.8499755859375,561.1199951171875,2130900
2025-05-06,556.47998046875,565.739990234375,556.0999755859375,558.989990234375,2341700
2025-05-07,559.27001953125,567.22998046875,558.489990234375,566.3300170898438,2493700
2025-05-08,569.4500122070312,573.8699951171875,567.0,567.1199951171875,2004300
2025-05-09,567.4500122070312,569.5800170898438,564.5999755859375,568.6400146484375,1528000
2025-05-12,580.0,580.7899780273438,566.4299926757812,578.27001953125,3000300
2025-05-13,578.0,582.8599853515625,575.7999877929688,576.5900268554688,2370200
2025-05-14,578.27001953125,578.6400146484375,572.280029296875,573.280029296875,2237500
2025-05-15,574.1300048828125,583.0399780273438,573.6500244140625,582.2000122070312,2034200
2025-05-16,580.4299926757812,584.2899780273438,580.4299926757812,583.280029296875,2225900
2025-05-19,581.02001953125,588.4500122070312,580.47998046875,586.4099731445312,1875500
2025-05-20,581.239990234375,583.989990234375,576.8499755859375,581.1099853515625,1964300
2025-05-21,576.4600219726562,579.0,567.0999755859375,569.5399780273438,2505300
2025-05-22,568.6599731445312,573.1599731445312,566.9299926757812,570.1400146484375,1869900
2025-05-23,564.489990234375,567.5499877929688,562.510009765625,563.5800170898438,1948800
2025-05-27,566.8200073242188,574.5599975585938,566.489990234375,574.5499877929688,2655200
2025-05-28,574.5800170898438,578.8400268554688,572.9400024414062,575.9199829101562,1702900
2025-05-29,575.8800048828125,578.5800170898438,572.9400024414062,577.780029296875,1347800
2025-05-30,576.780029296875,585.5999755859375,576.510009765625,585.5999755859375,4581100
2025-06-02,580.5,581.8200073242188,574.780029296875,581.219970703125,2089100
2025-06-03,579.8699951171875,582.530029296875,573.4400024414062,581.969970703125,2116900
2025-06-04,584.1699829101562,586.8499755859375,582.219970703125,584.1300048828125,1530200
2025-06-05,586.3099975585938,586.6900024414062,582.6300048828125,585.4400024414062,1480000
2025-06-06,587.9099731445312,591.1599731445312,586.0399780273438,590.1199951171875,1528600
2025-06-09,588.739990234375,590.0,580.0,584.3300170898438,1936000
2025-06-10,584.6500244140625,589.8699951171875,583.1599731445312,589.5399780273438,2133700
2025-06-11,590.3200073242188,594.7100219726562,587.5999755859375,590.739990234375,2238100
2025-06-12,589.4299926757812,590.6699829101562,584.5599975585938,589.280029296875,1984000
2025-06-13,572.8599853515625,575.239990234375,552.510009765625,562.030029296875,5905400
2025-06-16,563.9000244140625,575.0,562.6400146484375,568.6699829101562,3108200
2025-06-17,564.719970703125,571.2899780273438,564.0,569.4500122070312,2246600
2025-06-18,570.8800048828125,571.0800170898438,534.1599731445312,538.72998046875,6966800
2025-06-20,536.9299926757812,538.3400268554688,527.3300170898438,532.969970703125,8202800
2025-06-23,531.4199829101562,543.1300048828125,527.5700073242188,542.3499755859375,3681100
2025-06-24,557.1799926757812,564.1199951171875,552.489990234375,557.530029296875,4503200
2025-06-25,556.0,558.47998046875,548.6199951171875,549.7000122070312,2889200
2025-06-26,545.530029296875,548.9099731445312,542.0700073242188,545.8099975585938,3764100
2025-06-27,546.77001953125,556.7000122070312,545.5499877929688,550.3200073242188,3837500
2025-06-30,552.5,562.6300048828125,551.9000244140625,561.9400024414062,5054600
2025-07-01,559.3200073242188,566.3099975585938,557.0399780273438,564.6099853515625,3827000
2025-07-02,562.9400024414062,565.989990234375,557.3900146484375,561.52001953125,2502300
2025-07-03,560.780029296875,569.6599731445312,560.739990234375,569.239990234375,1528700
2025-07-07,570.6699829101562,570.75,560.3499755859375,565.1199951171875,2478300
2025-07-08,564.5800170898438,566.6199951171875,560.4199829101562,562.4400024414062,3083800
2025-07-09,562.0,565.4199829101562,559.25,565.1099853515625,2454300
2025-07-10,565.6500244140625,566.0599975585938,561.010009765625,563.52001953125,2577200
2025-07-11,559.8200073242188,560.8200073242188,545.8499755859375,550.1799926757812,3221400
2025-07-14,550.5,559.0700073242188,547.7899780273438,553.02001953125,2500900
2025-07-15,553.1099853515625,554.8599853515625,548.6500244140625,550.3599853515625,2449100
2025-07-16,552.4199829101562,555.52001953125,549.5,555.52001953125,2424200
2025-07-17,552.97998046875,557.3800048828125,550.510009765625,555.6099853515625,2722000
2025-07-18,555.260009765625,556.3499755859375,550.8800048828125,552.6599731445312,2579600
2025-07-21,553.4000244140625,558.0800170898438,552.0399780273438,554.6500244140625,2194400
2025-07-22,555.8099975585938,560.2100219726562,555.239990234375,558.760009765625,2010400
2025-07-23,557.010009765625,562.489990234375,554.5,562.0900268554688,2180400
2025-07-24,562.0,567.8400268554688,561.9000244140625,563.5,1874700
2025-07-25,564.3599853515625,569.9600219726562,563.8499755859375,568.219970703125,1513300
2025-07-28,567.3699951171875,571.6500244140625,566.219970703125,568.280029296875,2492400
2025-07-29,570.030029296875,573.0,563.0,563.3200073242188,2393800
2025-07-30,560.3300170898438,565.6099853515625,555.2100219726562,559.1099853515625,2833200
2025-07-31,568.5700073242188,579.4400024414062,562.510009765625,566.469970703125,4568300
2025-08-01,563.8599853515625,564.8699951171875,556.0999755859375,559.8900146484375,3316700
2025-08-04,564.2899780273438,569.9199829101562,562.5,569.8099975585938,2984700
2025-08-05,569.5999755859375,571.8300170898438,562.1300048828125,566.0399780273438,2883200
2025-08-06,568.989990234375,570.3599853515625,563.969970703125,569.1300048828125,2245200
2025-08-07,572.969970703125,573.9000244140625,553.8599853515625,561.219970703125,2979600
2025-08-08,563.75,576.1599731445312,562.6900024414062,574.3200073242188,2907700
2025-08-11,575.0,576.5900268554688,569.4400024414062,573.5900268554688,2116600
2025-08-12,575.1799926757812,578.3200073242188,570.4600219726562,574.1799926757812,2593800
2025-08-13,577.3300170898438,580.27001953125,574.0399780273438,577.9000244140625,2352900
2025-08-14,577.469970703125,584.4000244140625,575.5,583.760009765625,2642300
2025-08-15,585.0,589.5599975585938,581.1099853515625,581.7000122070312,2263800
2025-08-18,582.02001953125,585.489990234375,580.6900024414062,584.1400146484375,1812000
2025-08-19,584.4099731445312,590.5700073242188,584.219970703125,585.510009765625,2334500
2025-08-20,585.9099731445312,593.8800048828125,585.9099731445312,592.6799926757812,2884600
2025-08-21,589.0399780273438,592.2100219726562,583.9299926757812,591.9199829101562,2349200
2025-08-22,595.2999877929688,601.77001953125,593.0800170898438,598.9600219726562,2388900
2025-08-25,597.8200073242188,599.0399780273438,592.8599853515625,593.2100219726562,1984300
2025-08-26,593.0800170898438,596.0,586.2899780273438,591.6099853515625,4774600
2025-08-27,591.2100219726562,594.6199951171875,589.8200073242188,590.6599731445312,1480900
2025-08-28,590.8200073242188,593.530029296875,589.719970703125,590.47998046875,2159800
2025-08-29,592.0,596.8300170898438,590.260009765625,595.2899780273438,2111200
2025-09-02,595.6199951171875,595.6199951171875,586.0,591.8699951171875,2284500
2025-09-03,591.8300170898438,594.0,588.9600219726562,593.280029296875,1959400
2025-09-04,593.030029296875,595.8900146484375,589.2899780273438,595.6400146484375,1653700
2025-09-05,595.469970703125,598.5800170898438,579.030029296875,584.219970703125,2432100
2025-09-08,582.6199951171875,589.7899780273438,580.7000122070312,586.5999755859375,1948200
2025-09-09,583.5399780273438,591.1799926757812,583.2999877929688,584.0,2266000
2025-09-10,582.1300048828125,582.1300048828125,571.0,579.3800048828125,2535200
2025-09-11,580.8800048828125,589.969970703125,580.010009765625,588.72998046875,2407000
2025-09-12,586.4400024414062,589.2100219726562,580.0,580.4099731445312,2242800
2025-09-15,582.72998046875,586.5,581.5,582.9600219726562,2222600
2025-09-16,578.010009765625,588.1099853515625,576.8300170898438,586.4199829101562,2537000
2025-09-17,587.7100219726562,598.8900146484375,587.4400024414062,598.6300048828125,2930800
2025-09-18,596.0800170898438,601.6199951171875,585.8800048828125,586.0499877929688,3294600
2025-09-19,588.6199951171875,588.8699951171875,581.510009765625,584.1599731445312,6745300
2025-09-22,580.969970703125,587.3499755859375,580.1400146484375,584.489990234375,3241700
2025-09-23,585.4500122070312,586.8599853515625,568.25,569.969970703125,3223000
2025-09-24,571.280029296875,571.6599731445312,564.9500122070312,568.8099975585938,2867200
2025-09-25,565.0,572.3900146484375,564.5700073242188,567.2999877929688,2700600
2025-09-26,566.6199951171875,569.6599731445312,564.0599975585938,565.1300048828125,2106500
2025-09-29,566.0,569.3200073242188,562.510009765625,568.1400146484375,2615600
2025-09-30,565.8099975585938,570.6300048828125,563.6500244140625,568.8099975585938,2379200
2025-10-01,565.6799926757812,575.469970703125,565.010009765625,573.77001953125,3685100
2025-10-02,572.72998046875,579.8400268554688,570.77001953125,577.3300170898438,2483500
2025-10-03,576.4299926757812,583.219970703125,576.4299926757812,580.4500122070312,2331600
2025-10-06,579.22998046875,581.1400146484375,569.260009765625,578.8099975585938,2573500
2025-10-07,578.989990234375,586.0800170898438,578.9099731445312,579.8400268554688,2120700
2025-10-08,581.3200073242188,583.0700073242188,576.0800170898438,576.4400024414062,1934700
2025-10-09,577.239990234375,579.4000244140625,562.510009765625,564.5499877929688,2579800
2025-10-10,567.5800170898438,569.4199829101562,556.6900024414062,557.47998046875,3553900
2025-10-13,558.0,565.0,553.010009765625,559.239990234375,2996500
2025-10-14,556.0,569.8099975585938,556.0,567.9199829101562,2627300
2025-10-15,564.2999877929688,568.6900024414062,559.4000244140625,562.8099975585938,2262400
2025-10-16,562.7999877929688,564.6500244140625,547.3900146484375,549.8800048828125,3210600
2025-10-17,552.489990234375,562.7999877929688,552.010009765625,560.969970703125,2756700
2025-10-20,561.7000122070312,567.4199829101562,553.7899780273438,566.3599853515625,2046400
2025-10-21,562.1599731445312,575.97998046875,560.77001953125,572.030029296875,2722400
2025-10-22,571.0499877929688,576.4299926757812,568.5800170898438,571.3599853515625,1820500
2025-10-23,574.3599853515625,576.989990234375,571.6699829101562,573.77001953125,2187500
2025-10-24,577.239990234375,580.8200073242188,573.0800170898438,573.6699829101562,1839600
2025-10-27,575.719970703125,575.719970703125,566.47998046875,572.3599853515625,2981000
2025-10-28,573.0800170898438,573.989990234375,565.4500122070312,565.9299926757812,2916000
2025-10-29,561.6300048828125,566.8099975585938,551.22998046875,554.5800170898438,3763400
2025-10-30,551.5599975585938,562.9199829101562,545.6400146484375,553.6799926757812,4284700
2025-10-31,548.8900146484375,554.4299926757812,543.530029296875,551.989990234375,3567100
2025-11-03,550.0,551.0,540.3599853515625,544.0700073242188,3175500
2025-11-04,544.8300170898438,554.030029296875,542.47998046875,552.75,2653900
2025-11-05,553.0,556.3300170898438,549.3699951171875,553.3099975585938,2198500
2025-11-06,550.1799926757812,555.0,547.8599853515625,553.280029296875,2593600
2025-11-07,553.7999877929688,558.6699829101562,550.6699829101562,551.969970703125,2510400
2025-11-10,552.280029296875,554.7000122070312,548.5800170898438,552.9600219726562,1978300
2025-11-11,553.0,558.530029296875,548.010009765625,558.3499755859375,1832400
2025-11-12,560.0,565.9099731445312,558.4099731445312,561.22998046875,1761500
2025-11-13,559.8800048828125,563.5999755859375,554.8599853515625,555.5700073242188,2031300
2025-11-14,556.0399780273438,557.0,544.0499877929688,545.72998046875,2567800
2025-11-17,546.0,549.3200073242188,536.2100219726562,536.8499755859375,2557900
2025-11-18,533.5599975585938,536.0,524.7000122070312,527.5800170898438,3594700
2025-11-19,528.1500244140625,531.0,524.97998046875,530.3599853515625,2723100
2025-11-20,533.2899780273438,538.4600219726562,527.1799926757812,527.8800048828125,3240300
2025-11-21,532.5399780273438,544.4099731445312,531.6699829101562,540.4000244140625,3807500
2025-11-24,543.4400024414062,544.0399780273438,535.1099853515625,537.8499755859375,5941000
2025-11-25,541.5,550.4000244140625,539.0,546.469970703125,3132600
2025-11-26,548.47998046875,548.6699829101562,544.1699829101562,544.9299926757812,2185300
2025-11-28,548.1300048828125,551.4000244140625,545.4199829101562,550.530029296875,1254800
2025-12-01,547.6400146484375,549.780029296875,543.3900146484375,543.969970703125,2227000
2025-12-02,547.280029296875,554.75,541.0399780273438,545.9099731445312,3076000
2025-12-03,547.3200073242188,555.0700073242188,546.5,553.72998046875,2687900
2025-12-04,557.030029296875,559.0,539.5599975585938,542.3099975585938,2878800
2025-12-05,541.7100219726562,550.4400024414062,541.25,545.52001953125,2126700
2025-12-08,546.719970703125,547.3300170898438,537.3900146484375,540.4400024414062,2453800
2025-12-09,538.7100219726562,541.9000244140625,535.9199829101562,537.5499877929688,1965300
2025-12-10,538.0900268554688,544.9500122070312,537.5,538.8599853515625,3023400
2025-12-11,542.77001953125,565.1300048828125,542.6500244140625,563.3699951171875,3659900
2025-12-12,566.0,573.7100219726562,565.8900146484375,571.9299926757812,3515400
2025-12-15,572.8800048828125,573.2999877929688,567.1599731445312,569.1300048828125,2714000
2025-12-16,570.7000122070312,571.0,562.47998046875,566.02001953125,2748700
2025-12-17,565.52001953125,571.760009765625,563.5599975585938,565.469970703125,3287100
2025-12-18,565.0,569.1300048828125,563.0399780273438,566.2100219726562,2259000
2025-12-19,566.219970703125,572.9400024414062,565.2000122070312,572.22998046875,7262100
2025-12-22,572.22998046875,579.4500122070312,571.0,575.7000122070312,2500200
2025-12-23,575.8900146484375,581.719970703125,575.75,576.3499755859375,1794700
2025-12-24,577.25,582.2899780273438,577.0,579.4500122070312,1058900
2025-12-26,579.75,581.2000122070312,578.6799926757812,579.5999755859375,972300
2025-12-29,579.5999755859375,581.989990234375,577.4099731445312,577.9000244140625,1274900
2025-12-30,576.0800170898438,577.780029296875,574.25,577.4199829101562,1512800
2025-12-31,576.5599975585938,577.97998046875,570.6199951171875,570.8800048828125,1736500
2026-01-02,570.7100219726562,570.8800048828125,559.489990234375,563.1300048828125,3901900
2026-01-05,559.6199951171875,576.260009765625,558.4500122070312,568.5700073242188,2865000
2026-01-06,569.0,581.3699951171875,567.9400024414062,580.3400268554688,4056100
2026-01-07,579.27001953125,585.280029296875,577.6199951171875,579.9199829101562,3653900
2026-01-08,577.510009765625,589.6699829101562,573.5,580.0700073242188,3390200
2026-01-09,578.1099853515625,581.3099975585938,575.3400268554688,575.5399780273438,2221100
2026-01-12,564.030029296875,567.8800048828125,555.8900146484375,566.280029296875,3486400
2026-01-13,558.9500122070312,558.9500122070312,533.7000122070312,544.989990234375,8721600
2026-01-14,544.5,548.5900268554688,538.1500244140625,546.8200073242188,3943700
2026-01-15,548.52001953125,549.8800048828125,539.0,542.6500244140625,4005600
2026-01-16,540.239990234375,544.030029296875,538.6799926757812,539.489990234375,3496200
2026-01-20,530.5999755859375,536.4099731445312,528.510009765625,531.739990234375,4098700
2026-01-21,533.52001953125,537.4000244140625,524.77001953125,527.5700073242188,4937700
2026-01-22,529.9199829101562,533.1900024414062,523.8099975585938,532.8599853515625,5114900
2026-01-23,531.4099731445312,532.1400146484375,520.1599731445312,524.739990234375,5002900
2026-01-26,526.7100219726562,530.3900146484375,522.6500244140625,527.3599853515625,4839700
2026-01-27,527.6500244140625,529.1099853515625,519.5499877929688,520.4099731445312,3850800
2026-01-28,521.9600219726562,523.8300170898438,518.27001953125,521.3699951171875,5483000
2026-01-29,531.7899780273438,544.239990234375,520.1099853515625,543.72998046875,5488300
2026-01-30,541.010009765625,543.760009765625,535.22998046875,538.7899780273438,4306900
2026-02-02,540.989990234375,557.1199951171875,540.9500122070312,555.3699951171875,4603300
2026-02-03,554.3300170898438,560.1099853515625,549.030029296875,550.719970703125,5706700
2026-02-04,549.72998046875,556.5999755859375,541.010009765625,553.52001953125,4448000
2026-02-05,554.8499755859375,561.9199829101562,549.9500122070312,551.8900146484375,4621600
2026-02-06,553.0700073242188,556.7899780273438,539.7999877929688,548.739990234375,3779700
2026-02-09,543.7100219726562,546.5599975585938,534.2000122070312,535.3300170898438,4110300
2026-02-10,536.27001953125,547.0,535.0,540.3900146484375,2222700
2026-02-11,538.1500244140625,540.7000122070312,533.1099853515625,537.4600219726562,3691000
2026-02-12,539.9299926757812,543.0,527.1500244140625,527.4600219726562,3466200
2026-02-13,529.0599975585938,533.989990234375,516.02001953125,518.3599853515625,4017700
2026-02-17,515.0,525.8599853515625,515.0,521.9299926757812,3178000
2026-02-18,522.489990234375,530.760009765625,519.4000244140625,527.97998046875,3575900
2026-02-19,524.8099975585938,526.530029296875,516.0499877929688,520.260009765625,3009400
2026-02-20,520.25,527.5,518.5900268554688,526.4099731445312,2838500
2026-02-23,520.469970703125,522.719970703125,490.0,496.0299987792969,6312300
2026-02-24,493.739990234375,499.25,491.260009765625,498.0,5292900
2026-02-25,502.82000732421875,510.5400085449219,502.4200134277344,509.3900146484375,4139100
2026-02-26,510.95001220703125,519.9000244140625,509.010009765625,514.77001953125,4843600
2026-02-27,509.4700012207031,518.760009765625,506.75,517.2100219726562,5121100
2026-03-02,509.4800109863281,526.1599731445312,507.3399963378906,521.0,3827000
2026-03-03,513.6099853515625,526.7999877929688,513.0,524.3200073242188,4199700
2026-03-04,524.1599731445312,526.1599731445312,520.280029296875,522.9199829101562,3154700
2026-03-05,521.0999755859375,525.3200073242188,512.75,524.6599731445312,3879300
2026-03-06,519.6400146484375,522.5499877929688,512.2000122070312,522.3400268554688,2872900
2026-03-09,516.27001953125,520.8900146484375,509.1099853515625,517.719970703125,3546600
2026-03-10,516.9500122070312,519.3300170898438,511.0,514.719970703125,2759800
2026-03-11,513.0800170898438,515.3099975585938,502.7200012207031,504.0,2873200
2026-03-12,500.0,505.6199951171875,496.2900085449219,497.30999755859375,2702500
2026-03-13,496.55999755859375,501.8599853515625,495.3999938964844,497.989990234375,2809300
2026-03-16,498.6199951171875,508.5799865722656,498.6199951171875,508.5,3450300
2026-03-17,510.54998779296875,516.9600219726562,506.5,506.5799865722656,2834300
2026-03-18,503.75,503.75,487.9200134277344,488.4700012207031,3458700
2026-03-19,490.5199890136719,497.0799865722656,487.30999755859375,491.1400146484375,3284500
2026-03-20,492.4700012207031,499.2200012207031,491.010009765625,496.32000732421875,5762900
2026-03-23,506.04998779296875,507.0400085449219,500.3800048828125,500.3800048828125,2985900
2026-03-24,495.6400146484375,502.7300109863281,493.239990234375,498.92999267578125,2278900
2026-03-25,501.2900085449219,506.25,494.55999755859375,502.760009765625,2422000
2026-03-26,500.510009765625,504.79998779296875,499.04998779296875,500.75,3995400
2026-03-27,499.45001220703125,500.04998779296875,480.5,484.239990234375,3963300
2026-03-30,488.0299987792969,495.5400085449219,487.0,494.0,3629500
2026-03-31,500.0,501.4100036621094,490.5799865722656,499.6600036621094,4417600
2026-04-01,502.2300109863281,503.0,485.6499938964844,491.6499938964844,4607100
2026-04-02,488.1300048828125,499.8800048828125,487.75,493.44000244140625,2926000
2026-04-06,493.75,501.9100036621094,491.17999267578125,501.5,2466000
2026-04-07,498.2900085449219,502.6000061035156,495.6700134277344,498.2799987792969,3593200
2026-04-08,508.0,511.82000732421875,505.8599853515625,507.1199951171875,3874900
2026-04-09,504.4599914550781,506.6700134277344,497.760009765625,503.57000732421875,3301800
2026-04-10,502.010009765625,504.3900146484375,495.6700134277344,498.6600036621094,2842200
2026-04-13,496.2300109863281,508.8699951171875,495.0,508.5799865722656,3318100
2026-04-14,508.0,513.97998046875,506.69000244140625,513.1599731445312,2744600
2026-04-15,516.0,522.4400024414062,513.2000122070312,519.9600219726562,2910800
2026-04-16,518.030029296875,522.22998046875,517.010009765625,518.5399780273438,2967400
2026-04-17,521.5,527.469970703125,518.739990234375,521.2999877929688,3617200
2026-04-20,520.760009765625,524.47998046875,514.5399780273438,516.6500244140625,2503500
2026-04-21,516.9299926757812,523.1099853515625,510.1700134277344,511.3500061035156,3444900
2026-04-22,512.0700073242188,513.7899780273438,505.7200012207031,510.1600036621094,2288500
2026-04-23,507.3699951171875,509.6499938964844,498.3699951171875,502.3800048828125,2724000
2026-04-24,499.0,505.6099853515625,495.6300048828125,504.1700134277344,2406900
2026-04-27,500.760009765625,509.04998779296875,500.760009765625,506.42999267578125,2531300
2026-04-28,512.25,517.0,507.239990234375,507.6199951171875,3892500
2026-04-29,529.989990234375,534.2100219726562,520.8900146484375,525.22998046875,5876700
2026-04-30,504.5,514.1500244140625,498.9599914550781,502.9200134277344,5975100
2026-05-01,506.0,509.0,492.1499938964844,495.4599914550781,4531800
2026-05-04,495.0,507.2900085449219,493.8800048828125,504.739990234375,4419900
2026-05-05,501.0299987792969,503.8800048828125,493.260009765625,497.0799865722656,4216700
2026-05-06,499.1400146484375,500.739990234375,489.7300109863281,491.8900146484375,4363300
2026-05-07,492.70001220703125,503.5199890136719,492.70001220703125,500.94000244140625,4964100
2026-05-08,500.1300048828125,500.4100036621094,491.7300109863281,495.4800109863281,4143400
2026-05-11,495.0,501.6600036621094,492.010009765625,497.80999755859375,3959400
2026-05-12,500.6099853515625,506.30999755859375,499.75,499.80999755859375,3296000
2026-05-13,495.6099853515625,498.6000061035156,490.32000732421875,490.6400146484375,3322800
2026-05-14,491.2799987792969,494.5,488.010009765625,489.94000244140625,2584900
2026-05-15,493.5,502.2799987792969,492.3299865722656,494.20001220703125,3416500
2026-05-18,491.489990234375,506.2300109863281,490.95001220703125,505.7900085449219,4076600
2026-05-19,507.55999755859375,512.9000244140625,498.5,499.70001220703125,3378300
2026-05-20,493.5,499.70001220703125,490.79998779296875,498.0400085449219,3615700
2026-05-21,496.0,501.3800048828125,490.07000732421875,499.6199951171875,2474600
2026-05-22,499.1099853515625,504.260009765625,497.32000732421875,498.5400085449219,1959300
2026-05-26,496.0,496.8500061035156,492.05999755859375,493.010009765625,1947300
2026-05-27,493.010009765625,499.3500061035156,492.510009765625,495.0400085449219,2834900
2026-05-28,493.3399963378906,494.5799865722656,486.3500061035156,493.75,3924100
2026-05-29,494.5,500.1099853515625,492.8399963378906,493.9800109863281,5693100
2026-06-01,494.25,497.1300048828125,488.6499938964844,495.25,4653400
2026-06-02,493.05999755859375,493.989990234375,477.67999267578125,477.67999267578125,5028300
2026-06-03,477.3500061035156,481.9599914550781,464.5199890136719,471.54998779296875,5227200
2026-06-04,479.55999755859375,488.54998779296875,477.4599914550781,481.760009765625,4020600
2026-06-05,484.0,494.0,484.0,491.0799865722656,4230700
2026-06-08,486.760009765625,489.5199890136719,483.70001220703125,485.6700134277344,3091900
2026-06-09,483.8900146484375,495.4200134277344,482.0,495.239990234375,3309600
2026-06-10,497.4700012207031,498.79998779296875,486.5,489.0799865722656,3239900
2026-06-11,488.6600036621094,491.4700012207031,484.3900146484375,486.510009765625,3801000
2026-06-12,488.8800048828125,492.3699951171875,484.5400085449219,489.9800109863281,3984200
2026-06-15,490.5,493.54998779296875,486.6600036621094,490.6400146484375,3888500
2026-06-16,491.8599853515625,501.5,489.510009765625,501.3299865722656,4006000
2026-06-17,502.92999267578125,504.6400146484375,492.3999938964844,492.989990234375,2927100
2026-06-18,494.7699890136719,495.989990234375,488.9100036621094,489.7900085449219,6674700
2026-06-22,488.1600036621094,495.6600036621094,483.1400146484375,484.0899963378906,3955600
2026-06-23,488.8299865722656,491.55999755859375,484.4200134277344,488.07000732421875,3936400
2026-06-24,488.0799865722656,498.44000244140625,486.2200012207031,494.4100036621094,3609700
2026-06-25,496.0,504.79998779296875,488.6499938964844,488.9200134277344,3722000
2026-06-26,488.5799865722656,504.3599853515625,488.5799865722656,499.0199890136719,9200900
2026-06-29,502.5,515.4500122070312,502.5,509.6400146484375,4812000
2026-06-30,511.8999938964844,514.0,507.1400146484375,513.5999755859375,4696300
2026-07-01,517.25,530.4099731445312,513.4199829101562,522.4400024414062,4412800
2026-07-02,529.72998046875,539.6300048828125,526.0700073242188,539.3900146484375,3900200
2026-07-06,540.739990234375,541.8900146484375,522.6799926757812,533.0999755859375,3578000
2026-07-07,533.8400268554688,543.6500244140625,530.0,531.6199951171875,3516600
2026-07-08,531.1099853515625,531.6199951171875,517.2100219726562,519.8599853515625,2723800
2026-07-09,518.030029296875,523.22998046875,515.1099853515625,523.2000122070312,2843700
2026-07-10,527.260009765625,528.9400024414062,519.6500244140625,526.739990234375,1616900
2026-07-13,530.7100219726562,539.9299926757812,530.7100219726562,537.7000122070312,2871500
2026-07-14,534.989990234375,543.4600219726562,532.0599975585938,538.02001953125,3323800
2026-07-15,538.5399780273438,541.239990234375,529.0800170898438,535.2100219726562,3128500
2026-07-16,541.5,551.6799926757812,539.6900024414062,551.5399780273438,2925400
2026-07-17,550.5,551.719970703125,540.22998046875,543.5999755859375,3221600
2026-07-20,540.0,547.9099731445312,538.010009765625,547.4400024414062,2572500
2026-07-21,543.760009765625,544.3400268554688,536.8499755859375,538.2999877929688,2935700
2026-07-22,538.9400024414062,540.0,530.72998046875,531.97998046875,2313200
