Date,Open,High,Low,Close,Volume
2018-07-23,52.150001525878906,52.72999954223633,52.0,52.61000061035156,3954500
2018-07-24,52.95000076293945,53.61000061035156,52.40999984741211,52.86000061035156,5280500
2018-07-25,52.83000183105469,53.11000061035156,52.459999084472656,52.939998626708984,5445100
2018-07-26,53.08000183105469,53.2400016784668,52.540000915527344,52.650001525878906,4841100
2018-07-27,52.75,53.0099983215332,52.13999938964844,52.54999923706055,3362100
2018-07-30,52.70000076293945,52.75,51.25,51.31999969482422,4894300
2018-07-31,51.70000076293945,51.7400016784668,50.869998931884766,51.060001373291016,5523300
2018-08-01,51.4900016784668,52.61000061035156,49.66999816894531,50.880001068115234,15252600
2018-08-02,50.20000076293945,50.4900016784668,49.7400016784668,50.130001068115234,7535800
2018-08-03,50.38999938964844,50.68000030517578,49.959999084472656,50.290000915527344,4219500
2018-08-06,50.25,50.470001220703125,49.90999984741211,50.400001525878906,5060200
2018-08-07,50.70000076293945,51.869998931884766,50.54999923706055,50.790000915527344,4598600
2018-08-08,50.790000915527344,50.790000915527344,50.41999816894531,50.5,4679600
2018-08-09,50.40999984741211,50.959999084472656,50.29999923706055,50.72999954223633,3993700
2018-08-10,50.18000030517578,50.709999084472656,49.790000915527344,50.61000061035156,4341700
2018-08-13,50.68000030517578,50.970001220703125,50.06999969482422,50.11000061035156,4798100
2018-08-14,50.25,50.70000076293945,50.220001220703125,50.529998779296875,3485100
2018-08-15,50.0,50.560001373291016,49.81999969482422,50.2400016784668,4024500
2018-08-16,50.45000076293945,51.41999816894531,50.33000183105469,51.130001068115234,3501200
2018-08-17,51.0,51.0099983215332,50.31999969482422,50.900001525878906,3627100
2018-08-20,51.0,51.529998779296875,50.939998626708984,51.41999816894531,2728700
2018-08-21,49.790000915527344,50.77000045776367,49.31999969482422,50.16999816894531,16320400
2018-08-22,49.970001220703125,51.5,49.900001525878906,50.93000030517578,4539500
2018-08-23,50.95000076293945,50.9900016784668,49.90999984741211,50.16999816894531,4859600
2018-08-24,50.470001220703125,50.90999984741211,50.40999984741211,50.54999923706055,3753300
2018-08-27,50.83000183105469,51.790000915527344,50.83000183105469,51.369998931884766,5548900
2018-08-28,51.58000183105469,51.79999923706055,51.18000030517578,51.2400016784668,4616900
2018-08-29,51.349998474121094,51.720001220703125,51.13999938964844,51.33000183105469,5642800
2018-08-30,51.150001525878906,51.290000915527344,50.5099983215332,50.560001373291016,4274300
2018-08-31,50.380001068115234,50.88999938964844,50.209999084472656,50.790000915527344,5005200
2018-09-04,50.779998779296875,51.58000183105469,50.61000061035156,51.31999969482422,3872900
2018-09-05,51.130001068115234,51.41999816894531,50.470001220703125,50.52000045776367,3995100
2018-09-06,50.5,50.77000045776367,49.150001525878906,49.5099983215332,7570700
2018-09-07,49.72999954223633,50.380001068115234,49.2599983215332,50.15999984741211,7999800
2018-09-10,50.5,50.900001525878906,50.380001068115234,50.619998931884766,5688300
2018-09-11,50.52000045776367,51.25,50.5,50.97999954223633,5720600
2018-09-12,51.0,51.119998931884766,50.58000183105469,50.709999084472656,5571100
2018-09-13,50.81999969482422,50.970001220703125,50.36000061035156,50.41999816894531,5870700
2018-09-14,50.59000015258789,51.56999969482422,50.59000015258789,51.15999984741211,4528200
2018-09-17,51.290000915527344,51.4900016784668,50.119998931884766,50.31999969482422,5916000
2018-09-18,50.310001373291016,50.83000183105469,50.220001220703125,50.619998931884766,4134100
2018-09-19,50.83000183105469,52.09000015258789,50.81999969482422,51.9900016784668,7506500
2018-09-20,52.33000183105469,52.70000076293945,51.88999938964844,52.06999969482422,4990500
2018-09-21,52.369998931884766,52.38999938964844,51.77000045776367,51.84000015258789,10145700
2018-09-24,51.790000915527344,51.83000183105469,51.279998779296875,51.560001373291016,3408100
2018-09-25,51.650001525878906,51.7400016784668,51.16999816894531,51.619998931884766,3002300
2018-09-26,51.72999954223633,51.86000061035156,50.65999984741211,50.720001220703125,4720900
2018-09-27,50.83000183105469,50.90999984741211,50.41999816894531,50.52000045776367,4687100
2018-09-28,50.2599983215332,50.290000915527344,49.060001373291016,49.150001525878906,8910900
2018-10-01,49.349998474121094,49.75,49.220001220703125,49.54999923706055,8177300
2018-10-02,49.52000045776367,49.91999816894531,48.97999954223633,49.849998474121094,5372800
2018-10-03,50.369998931884766,51.11000061035156,50.2400016784668,50.79999923706055,6494800
2018-10-04,51.0099983215332,52.470001220703125,50.79999923706055,51.68000030517578,8713300
2018-10-05,51.88999938964844,52.150001525878906,51.119998931884766,51.47999954223633,5824700
2018-10-08,51.25,51.83000183105469,51.040000915527344,51.66999816894531,4978900
2018-10-09,51.380001068115234,52.349998474121094,51.33000183105469,52.16999816894531,5211700
2018-10-10,52.08000183105469,52.16999816894531,49.56999969482422,49.59000015258789,10251300
2018-10-11,49.369998931884766,50.060001373291016,47.63999938964844,48.130001068115234,11334700
2018-10-12,49.40999984741211,49.470001220703125,47.790000915527344,49.0099983215332,9760400
2018-10-15,49.0,49.43000030517578,47.630001068115234,47.63999938964844,7733800
2018-10-16,48.060001373291016,48.41999816894531,47.13999938964844,48.22999954223633,12448500
2018-10-17,48.02000045776367,48.400001525878906,47.029998779296875,48.040000915527344,9183900
2018-10-18,47.9900016784668,48.11000061035156,46.43000030517578,46.70000076293945,8541800
2018-10-19,46.52000045776367,47.4900016784668,46.25,46.83000183105469,9329300
2018-10-22,46.939998626708984,47.0099983215332,45.58000183105469,45.599998474121094,7684600
2018-10-23,44.400001525878906,45.0,43.7599983215332,44.540000915527344,13935000
2018-10-24,44.5099983215332,44.56999969482422,42.45000076293945,42.56999969482422,11439200
2018-10-25,43.06999969482422,43.400001525878906,42.310001373291016,43.18000030517578,12270600
2018-10-26,42.630001068115234,43.47999954223633,42.0099983215332,43.189998626708984,13460600
2018-10-29,43.91999816894531,44.689998626708984,43.18000030517578,43.70000076293945,13380700
2018-10-30,44.369998931884766,45.66999816894531,44.189998626708984,45.56999969482422,11310800
2018-10-31,46.15999984741211,47.04999923706055,46.119998931884766,46.2400016784668,11654700
2018-11-01,46.34000015258789,46.70000076293945,45.959999084472656,46.38999938964844,7161300
2018-11-02,46.86000061035156,47.29999923706055,46.31999969482422,46.58000183105469,9786600
2018-11-05,46.630001068115234,47.47999954223633,46.41999816894531,47.279998779296875,7046000
2018-11-06,47.11000061035156,47.86000061035156,47.11000061035156,47.7599983215332,5272600
2018-11-07,48.0,48.720001220703125,47.540000915527344,48.58000183105469,7716400
2018-11-08,48.18000030517578,49.2400016784668,48.130001068115234,48.630001068115234,6938300
2018-11-09,48.459999084472656,48.52000045776367,47.52000045776367,47.63999938964844,7085600
2018-11-12,47.5,47.790000915527344,46.599998474121094,46.72999954223633,6605100
2018-11-13,46.849998474121094,47.7599983215332,46.75,47.04999923706055,6032900
2018-11-14,47.47999954223633,47.970001220703125,46.16999816894531,46.86000061035156,7682200
2018-11-15,46.38999938964844,47.540000915527344,45.97999954223633,47.31999969482422,10269000
2018-11-16,46.779998779296875,47.2400016784668,46.61000061035156,46.959999084472656,9703100
2018-11-19,46.400001525878906,46.900001525878906,45.349998474121094,45.970001220703125,7900600
2018-11-20,45.25,45.459999084472656,44.130001068115234,44.529998779296875,10363900
2018-11-21,45.02000045776367,45.630001068115234,44.689998626708984,44.869998931884766,4814700
2018-11-23,44.459999084472656,44.66999816894531,44.0099983215332,44.08000183105469,3013000
2018-11-26,45.029998779296875,45.779998779296875,44.75,45.09000015258789,8136300
2018-11-27,45.040000915527344,45.75,44.90999984741211,45.33000183105469,6842000
2018-11-28,45.41999816894531,45.709999084472656,44.79999923706055,45.65999984741211,7123500
2018-11-29,45.20000076293945,45.56999969482422,44.119998931884766,44.15999984741211,10844300
2018-11-30,44.06999969482422,44.810001373291016,43.91999816894531,44.79999923706055,13690700
2018-12-03,45.790000915527344,46.369998931884766,45.369998931884766,45.459999084472656,10053900
2018-12-04,45.22999954223633,45.310001373291016,42.7400016784668,43.0099983215332,11956800
2018-12-06,41.869998931884766,42.70000076293945,41.130001068115234,42.599998474121094,14379300
2018-12-07,42.5,43.25,41.31999969482422,41.470001220703125,9727400
2018-12-10,41.150001525878906,41.380001068115234,40.08000183105469,41.099998474121094,11550200
2018-12-11,41.900001525878906,42.22999954223633,41.08000183105469,41.25,9064100
2018-12-12,41.900001525878906,43.130001068115234,41.72999954223633,41.880001068115234,11777100
2018-12-13,41.779998779296875,42.369998931884766,41.130001068115234,41.43000030517578,8997100
2018-12-14,40.720001220703125,41.90999984741211,40.43000030517578,41.189998626708984,7750600
2018-12-17,40.88999938964844,41.72999954223633,40.45000076293945,40.70000076293945,7481400
2018-12-18,41.040000915527344,41.45000076293945,40.20000076293945,40.45000076293945,9218600
2018-12-19,40.38999938964844,41.13999938964844,39.400001525878906,39.720001220703125,12819400
2018-12-20,39.380001068115234,40.09000015258789,39.22999954223633,39.619998931884766,13919000
2018-12-21,39.25,40.130001068115234,38.91999816894531,39.13999938964844,17656400
2018-12-24,38.810001373291016,39.22999954223633,38.25,38.25,6655100
2018-12-26,38.25,40.560001373291016,37.83000183105469,40.560001373291016,9391100
2018-12-27,39.83000183105469,41.060001373291016,39.4900016784668,41.060001373291016,8412400
2018-12-28,41.40999984741211,41.68000030517578,40.7599983215332,41.060001373291016,6725400
2018-12-31,41.36000061035156,41.77000045776367,40.90999984741211,41.529998779296875,4546400
2019-01-02,40.70000076293945,41.849998474121094,40.58000183105469,41.58000183105469,5835100
2019-01-03,41.349998474121094,41.70000076293945,40.4900016784668,40.720001220703125,10236000
2019-01-04,41.529998779296875,42.630001068115234,41.5099983215332,42.439998626708984,7058600
2019-01-07,42.220001220703125,43.06999969482422,42.0,42.7400016784668,8543700
2019-01-08,43.369998931884766,43.630001068115234,42.65999984741211,43.279998779296875,7784700
2019-01-09,43.54999923706055,43.91999816894531,43.31999969482422,43.83000183105469,5166100
2019-01-10,43.470001220703125,43.93000030517578,43.27000045776367,43.709999084472656,5205500
2019-01-11,43.310001373291016,44.060001373291016,43.18000030517578,43.81999969482422,4217500
2019-01-14,43.45000076293945,44.11000061035156,43.29999923706055,43.79999923706055,5815100
2019-01-15,43.54999923706055,44.290000915527344,43.349998474121094,44.25,6481700
2019-01-16,45.650001525878906,47.18000030517578,44.9900016784668,46.70000076293945,12599700
2019-01-17,46.369998931884766,47.25,46.029998779296875,46.91999816894531,7783200
2019-01-18,47.220001220703125,48.20000076293945,46.93000030517578,47.97999954223633,7954800
2019-01-22,47.650001525878906,47.97999954223633,47.18000030517578,47.470001220703125,9036600
2019-01-23,47.959999084472656,47.959999084472656,46.810001373291016,47.31999969482422,6993100
2019-01-24,47.209999084472656,47.849998474121094,47.13999938964844,47.380001068115234,4317700
2019-01-25,48.150001525878906,48.22999954223633,47.54999923706055,47.970001220703125,7786800
2019-01-28,47.459999084472656,47.869998931884766,47.2599983215332,47.52000045776367,7852500
2019-01-29,47.439998626708984,47.810001373291016,47.06999969482422,47.720001220703125,5303300
2019-01-30,47.810001373291016,47.810001373291016,46.7599983215332,46.869998931884766,7874900
2019-01-31,46.720001220703125,46.95000076293945,46.43000030517578,46.77000045776367,8322200
2019-02-01,46.880001068115234,47.52000045776367,46.77000045776367,47.029998779296875,6323300
2019-02-04,47.0,47.220001220703125,46.810001373291016,47.20000076293945,5377700
2019-02-05,47.20000076293945,47.5,46.119998931884766,46.59000015258789,11507300
2019-02-06,46.33000183105469,46.689998626708984,45.79999923706055,46.11000061035156,6299300
2019-02-07,45.7599983215332,46.0,44.77000045776367,45.18000030517578,6526100
2019-02-08,44.84000015258789,45.0,43.880001068115234,44.7599983215332,6512100
2019-02-11,45.040000915527344,45.209999084472656,44.5,44.7400016784668,4456200
2019-02-12,45.25,46.13999938964844,45.119998931884766,45.880001068115234,7018200
2019-02-13,46.119998931884766,46.61000061035156,45.869998931884766,45.97999954223633,6148400
2019-02-14,45.29999923706055,45.560001373291016,44.7400016784668,45.290000915527344,6082500
2019-02-15,45.75,46.380001068115234,45.63999938964844,46.36000061035156,7000200
2019-02-19,46.0,47.20000076293945,46.0,47.060001373291016,4977700
2019-02-20,46.060001373291016,46.52000045776367,45.70000076293945,46.45000076293945,8832300
2019-02-21,46.25,46.45000076293945,45.59000015258789,45.720001220703125,5519500
2019-02-22,45.90999984741211,46.18000030517578,45.75,46.16999816894531,3571800
2019-02-25,46.63999938964844,46.959999084472656,45.970001220703125,46.0099983215332,5391000
2019-02-26,45.77000045776367,46.939998626708984,45.7599983215332,46.560001373291016,3938100
2019-02-27,46.56999969482422,46.880001068115234,46.40999984741211,46.56999969482422,3582500
2019-02-28,46.54999923706055,46.689998626708984,45.97999954223633,46.0099983215332,5900400
2019-03-01,46.4900016784668,47.099998474121094,46.439998626708984,46.810001373291016,7009000
2019-03-04,47.0,47.060001373291016,45.13999938964844,45.650001525878906,6353900
2019-03-05,45.75,46.029998779296875,45.220001220703125,45.880001068115234,4432300
2019-03-06,45.84000015258789,46.15999984741211,45.22999954223633,45.2599983215332,3776300
2019-03-07,44.959999084472656,45.0099983215332,43.4900016784668,44.02000045776367,7948300
2019-03-08,43.630001068115234,43.66999816894531,43.11000061035156,43.45000076293945,6597900
2019-03-11,43.75,44.18000030517578,43.52000045776367,43.790000915527344,6048500
2019-03-12,43.939998626708984,44.15999984741211,43.72999954223633,43.9900016784668,4524200
2019-03-13,44.369998931884766,44.630001068115234,44.15999984741211,44.40999984741211,5602000
2019-03-14,44.27000045776367,45.36000061035156,44.0099983215332,45.29999923706055,9023400
2019-03-15,45.20000076293945,45.689998626708984,45.20000076293945,45.45000076293945,7283900
2019-03-18,45.66999816894531,46.0,45.61000061035156,45.900001525878906,3489100
2019-03-19,46.279998779296875,46.68000030517578,45.59000015258789,45.7400016784668,4462000
2019-03-20,45.58000183105469,45.91999816894531,44.5,44.560001373291016,8102100
2019-03-21,44.2400016784668,44.4900016784668,43.779998779296875,43.810001373291016,8840300
2019-03-22,43.130001068115234,43.349998474121094,41.54999923706055,41.79999923706055,11708700
2019-03-25,41.849998474121094,42.25,41.459999084472656,41.83000183105469,7921700
2019-03-26,42.310001373291016,42.75,42.209999084472656,42.54999923706055,10285400
2019-03-27,42.5,42.529998779296875,41.59000015258789,41.90999984741211,6557300
2019-03-28,42.040000915527344,42.689998626708984,41.7599983215332,42.689998626708984,8217000
2019-03-29,43.209999084472656,43.290000915527344,42.709999084472656,42.7599983215332,6539600
2019-04-01,43.349998474121094,44.2400016784668,43.20000076293945,44.130001068115234,5281300
2019-04-02,43.880001068115234,44.41999816894531,43.68000030517578,44.380001068115234,4147800
2019-04-03,44.88999938964844,44.95000076293945,44.41999816894531,44.630001068115234,5965500
2019-04-04,44.630001068115234,44.970001220703125,44.630001068115234,44.869998931884766,9045100
2019-04-05,44.95000076293945,44.9900016784668,44.40999984741211,44.54999923706055,6729100
2019-04-08,44.34000015258789,44.790000915527344,44.130001068115234,44.779998779296875,8416000
2019-04-09,44.29999923706055,44.630001068115234,44.08000183105469,44.45000076293945,6747900
2019-04-10,44.470001220703125,44.470001220703125,43.970001220703125,44.27000045776367,5796400
2019-04-11,44.47999954223633,44.7400016784668,44.04999923706055,44.2599983215332,6533500
2019-04-12,45.0,45.790000915527344,44.95000076293945,45.349998474121094,6815800
2019-04-15,46.75,46.75,44.5,45.029998779296875,8764700
2019-04-16,45.2599983215332,45.77000045776367,45.15999984741211,45.65999984741211,6166200
2019-04-17,45.91999816894531,46.189998626708984,45.29999923706055,46.099998474121094,7102000
2019-04-18,45.79999923706055,46.0,44.91999816894531,45.54999923706055,5666700
2019-04-22,45.4900016784668,45.54999923706055,45.18000030517578,45.45000076293945,4923500
2019-04-23,45.31999969482422,45.86000061035156,45.08000183105469,45.560001373291016,6883300
2019-04-24,45.34000015258789,45.34000015258789,44.369998931884766,45.06999969482422,4959900
2019-04-25,44.95000076293945,45.77000045776367,44.77000045776367,45.310001373291016,4214600
2019-04-26,45.290000915527344,45.400001525878906,44.40999984741211,44.900001525878906,6664200
2019-04-29,45.119998931884766,46.08000183105469,45.04999923706055,45.900001525878906,5292200
2019-04-30,45.849998474121094,46.13999938964844,45.11000061035156,45.779998779296875,6629000
2019-05-01,45.959999084472656,46.18000030517578,45.09000015258789,45.560001373291016,7019300
2019-05-02,45.4900016784668,46.33000183105469,45.40999984741211,45.880001068115234,4387300
2019-05-03,46.060001373291016,46.540000915527344,45.90999984741211,46.2400016784668,4085700
2019-05-06,45.38999938964844,46.40999984741211,45.099998474121094,46.2599983215332,4663600
2019-05-07,45.66999816894531,46.150001525878906,45.29999923706055,45.68000030517578,7113900
2019-05-08,45.54999923706055,46.150001525878906,45.52000045776367,45.58000183105469,3600700
2019-05-09,44.900001525878906,45.86000061035156,44.4900016784668,45.81999969482422,6288800
2019-05-10,45.59000015258789,46.150001525878906,44.720001220703125,45.849998474121094,6131900
2019-05-13,44.81999969482422,44.959999084472656,43.619998931884766,43.810001373291016,7829000
2019-05-14,43.709999084472656,44.790000915527344,43.619998931884766,44.34000015258789,5098200
2019-05-15,43.65999984741211,43.77000045776367,42.72999954223633,42.7400016784668,10343600
2019-05-16,43.0099983215332,44.11000061035156,42.959999084472656,43.7400016784668,8458500
2019-05-17,43.2599983215332,43.900001525878906,43.040000915527344,43.209999084472656,8971000
2019-05-20,43.130001068115234,43.779998779296875,43.08000183105469,43.54999923706055,7055000
2019-05-21,43.81999969482422,44.2599983215332,43.70000076293945,44.02000045776367,5868400
2019-05-22,43.7400016784668,43.84000015258789,43.40999984741211,43.56999969482422,5378600
2019-05-23,43.060001373291016,43.060001373291016,42.220001220703125,42.540000915527344,9351700
2019-05-24,42.720001220703125,43.34000015258789,42.720001220703125,43.25,4153200
2019-05-28,43.18000030517578,43.36000061035156,42.7599983215332,42.790000915527344,5174800
2019-05-29,42.41999816894531,42.91999816894531,41.95000076293945,42.77000045776367,6469800
2019-05-30,42.959999084472656,43.290000915527344,42.36000061035156,42.54999923706055,6270000
2019-05-31,41.90999984741211,42.13999938964844,41.45000076293945,41.61000061035156,9217900
2019-06-03,41.439998626708984,42.25,41.349998474121094,41.630001068115234,7054500
2019-06-04,42.36000061035156,43.95000076293945,42.34000015258789,43.84000015258789,8709600
2019-06-05,43.86000061035156,44.04999923706055,43.310001373291016,43.779998779296875,6189700
2019-06-06,43.720001220703125,44.150001525878906,43.47999954223633,43.93000030517578,5798700
2019-06-07,43.88999938964844,43.97999954223633,42.86000061035156,43.0,7468400
2019-06-10,43.45000076293945,44.040000915527344,43.189998626708984,43.310001373291016,7054700
2019-06-11,43.75,43.880001068115234,42.70000076293945,42.849998474121094,7601300
2019-06-12,42.72999954223633,42.880001068115234,41.68000030517578,42.099998474121094,7755400
2019-06-13,42.18000030517578,42.66999816894531,42.18000030517578,42.36000061035156,7258000
2019-06-14,42.33000183105469,42.459999084472656,40.619998931884766,41.0099983215332,14013400
2019-06-17,41.029998779296875,41.459999084472656,40.4900016784668,40.61000061035156,9341700
2019-06-18,40.15999984741211,41.439998626708984,40.060001373291016,40.90999984741211,10194200
2019-06-19,41.029998779296875,41.2599983215332,39.7599983215332,39.88999938964844,12627600
2019-06-20,40.18000030517578,40.31999969482422,39.36000061035156,40.029998779296875,12498800
2019-06-21,40.290000915527344,40.790000915527344,40.119998931884766,40.630001068115234,11441300
2019-06-24,40.189998626708984,40.34000015258789,39.130001068115234,39.150001525878906,9905500
2019-06-25,39.0099983215332,39.529998779296875,38.33000183105469,39.22999954223633,14207500
2019-06-26,39.369998931884766,39.9900016784668,39.310001373291016,39.66999816894531,8437800
2019-06-27,39.709999084472656,40.7400016784668,39.709999084472656,40.20000076293945,10128100
2019-06-28,40.65999984741211,41.209999084472656,40.119998931884766,40.189998626708984,15515700
2019-07-01,40.880001068115234,41.18000030517578,40.41999816894531,40.7599983215332,21507800
2019-07-02,40.459999084472656,40.7400016784668,40.130001068115234,40.189998626708984,6426900
2019-07-03,40.40999984741211,40.59000015258789,40.150001525878906,40.45000076293945,3019500
2019-07-05,40.81999969482422,41.47999954223633,40.72999954223633,40.86000061035156,6522300
2019-07-08,40.380001068115234,40.83000183105469,39.90999984741211,39.9900016784668,7209400
2019-07-09,39.75,40.310001373291016,39.61000061035156,40.27000045776367,7138800
2019-07-10,39.88999938964844,40.41999816894531,39.29999923706055,39.65999984741211,8562400
2019-07-11,39.849998474121094,40.540000915527344,39.65999984741211,40.459999084472656,6566100
2019-07-12,40.25,40.369998931884766,39.900001525878906,40.130001068115234,9983700
2019-07-15,40.20000076293945,42.130001068115234,39.869998931884766,40.29999923706055,8655000
2019-07-16,41.0,42.13999938964844,40.900001525878906,41.630001068115234,16155400
2019-07-17,41.459999084472656,41.61000061035156,40.810001373291016,41.209999084472656,7673800
2019-07-18,41.310001373291016,42.09000015258789,41.150001525878906,41.47999954223633,10955600
2019-07-19,41.75,43.040000915527344,41.630001068115234,42.720001220703125,12138900
2019-07-22,42.7599983215332,43.45000076293945,42.560001373291016,43.15999984741211,8774200
2019-07-23,43.2599983215332,43.75,43.220001220703125,43.529998779296875,10277000
2019-07-24,43.4900016784668,44.279998779296875,43.459999084472656,44.279998779296875,11347300
2019-07-25,44.45000076293945,44.54999923706055,43.7599983215332,44.06999969482422,8571800
2019-07-26,44.08000183105469,44.2400016784668,43.709999084472656,44.04999923706055,12260400
2019-07-29,43.900001525878906,44.09000015258789,43.5099983215332,43.709999084472656,7837500
2019-07-30,43.310001373291016,43.38999938964844,42.79999923706055,43.02000045776367,6223400
2019-07-31,43.16999816894531,43.4900016784668,42.79999923706055,43.220001220703125,9018400
2019-08-01,42.93000030517578,43.02000045776367,41.119998931884766,41.290000915527344,21228900
2019-08-02,41.31999969482422,41.54999923706055,40.33000183105469,40.75,8811900
2019-08-05,39.81999969482422,39.900001525878906,38.45000076293945,38.84000015258789,13878300
2019-08-06,39.36000061035156,39.56999969482422,38.72999954223633,39.40999984741211,9930000
2019-08-07,38.380001068115234,38.43000030517578,37.099998474121094,37.58000183105469,21892100
2019-08-08,37.689998626708984,37.79999923706055,37.15999984741211,37.45000076293945,14452100
2019-08-09,37.189998626708984,37.34000015258789,36.4900016784668,36.869998931884766,13647600
2019-08-12,36.349998474121094,36.529998779296875,36.0099983215332,36.40999984741211,8733200
2019-08-13,36.33000183105469,38.02000045776367,36.279998779296875,37.68000030517578,11376700
2019-08-14,36.52000045776367,37.130001068115234,36.09000015258789,36.59000015258789,13862200
2019-08-15,36.849998474121094,37.040000915527344,36.099998474121094,36.560001373291016,7587100
2019-08-16,36.849998474121094,37.529998779296875,36.779998779296875,37.13999938964844,6311800
2019-08-19,37.849998474121094,38.09000015258789,37.459999084472656,37.70000076293945,5361700
2019-08-20,37.400001525878906,37.59000015258789,37.0099983215332,37.31999969482422,6790500
2019-08-21,37.869998931884766,37.900001525878906,37.349998474121094,37.61000061035156,4950400
2019-08-22,37.9900016784668,38.15999984741211,37.619998931884766,37.869998931884766,6901600
2019-08-23,37.54999923706055,38.029998779296875,36.349998474121094,36.58000183105469,8736700
2019-08-26,37.0,37.150001525878906,36.52000045776367,36.66999816894531,5920500
2019-08-27,36.84000015258789,37.099998474121094,36.11000061035156,36.119998931884766,9081800
2019-08-28,35.869998931884766,36.81999969482422,35.849998474121094,36.72999954223633,10094400
2019-08-29,37.09000015258789,37.95000076293945,37.060001373291016,37.7599983215332,7658200
2019-08-30,38.18000030517578,38.41999816894531,37.90999984741211,38.27000045776367,6896900
2019-09-03,38.0099983215332,38.11000061035156,37.29999923706055,37.959999084472656,7749800
2019-09-04,38.529998779296875,38.72999954223633,38.33000183105469,38.66999816894531,6904000
2019-09-05,39.4900016784668,40.369998931884766,39.31999969482422,39.619998931884766,9395000
2019-09-06,39.59000015258789,40.099998474121094,39.439998626708984,39.900001525878906,7047900
2019-09-09,40.279998779296875,41.31999969482422,40.279998779296875,41.099998474121094,7962500
2019-09-10,41.369998931884766,41.95000076293945,41.27000045776367,41.95000076293945,8701400
2019-09-11,42.0,42.779998779296875,41.5099983215332,42.7599983215332,6799700
2019-09-12,42.15999984741211,43.15999984741211,41.68000030517578,43.06999969482422,8829400
2019-09-13,43.599998474121094,44.0,43.4900016784668,43.619998931884766,6777600
2019-09-16,43.08000183105469,43.7400016784668,42.9900016784668,43.599998474121094,6585000
2019-09-17,43.130001068115234,43.220001220703125,42.650001525878906,43.11000061035156,6244300
2019-09-18,42.66999816894531,43.36000061035156,42.22999954223633,43.22999954223633,6663000
2019-09-19,43.13999938964844,43.33000183105469,42.7400016784668,42.91999816894531,4935700
2019-09-20,42.9900016784668,43.400001525878906,42.75,42.779998779296875,10962100
2019-09-23,42.25,42.81999969482422,41.939998626708984,42.58000183105469,4463300
2019-09-24,42.779998779296875,42.95000076293945,41.56999969482422,41.790000915527344,5693600
2019-09-25,41.81999969482422,42.34000015258789,41.68000030517578,41.79999923706055,7229200
2019-09-26,41.689998626708984,41.79999923706055,40.63999938964844,40.88999938964844,8429200
2019-09-27,41.279998779296875,41.61000061035156,41.150001525878906,41.40999984741211,6272300
2019-09-30,41.7400016784668,41.93000030517578,41.29999923706055,41.83000183105469,4931400
2019-10-01,39.79999923706055,39.880001068115234,36.91999816894531,37.7599983215332,35680100
2019-10-02,37.209999084472656,37.36000061035156,36.40999984741211,36.5099983215332,20944000
2019-10-03,36.13999938964844,36.43000030517578,34.91999816894531,35.099998474121094,24552800
2019-10-04,35.099998474121094,35.790000915527344,35.08000183105469,35.66999816894531,14326700
2019-10-07,35.869998931884766,36.150001525878906,35.439998626708984,35.45000076293945,10249300
2019-10-08,35.0,35.41999816894531,34.58000183105469,35.22999954223633,13000100
2019-10-09,35.59000015258789,36.060001373291016,35.4900016784668,35.66999816894531,14228200
2019-10-10,36.20000076293945,36.58000183105469,35.9900016784668,36.13999938964844,13028000
2019-10-11,36.9900016784668,37.709999084472656,36.81999969482422,37.279998779296875,11315900
2019-10-14,37.029998779296875,37.83000183105469,37.029998779296875,37.720001220703125,9452500
2019-10-15,38.970001220703125,40.22999954223633,38.27000045776367,39.7400016784668,12800400
2019-10-16,38.68000030517578,39.56999969482422,38.66999816894531,39.02000045776367,13056700
2019-10-17,39.560001373291016,39.72999954223633,39.20000076293945,39.45000076293945,6928300
2019-10-18,39.43000030517578,40.04999923706055,39.43000030517578,39.939998626708984,7582800
2019-10-21,40.529998779296875,41.0099983215332,40.22999954223633,40.900001525878906,7654700
2019-10-22,40.88999938964844,41.439998626708984,40.63999938964844,40.91999816894531,7142600
2019-10-23,40.77000045776367,41.540000915527344,40.650001525878906,41.369998931884766,5969800
2019-10-24,41.41999816894531,41.47999954223633,40.58000183105469,40.9900016784668,6359100
2019-10-25,40.75,41.2599983215332,40.61000061035156,40.97999954223633,3928100
2019-10-28,41.18000030517578,41.77000045776367,41.04999923706055,41.47999954223633,5534500
2019-10-29,41.18000030517578,41.599998474121094,40.869998931884766,40.959999084472656,5708300
2019-10-30,40.75,41.65999984741211,40.45000076293945,41.29999923706055,5284700
2019-10-31,41.04999923706055,41.29999923706055,40.0099983215332,40.709999084472656,7119700
2019-11-01,41.209999084472656,42.02000045776367,41.189998626708984,41.779998779296875,6238700
2019-11-04,42.2599983215332,43.31999969482422,42.099998474121094,43.220001220703125,8368800
2019-11-05,43.25,43.70000076293945,42.66999816894531,43.41999816894531,8986000
2019-11-06,43.279998779296875,43.560001373291016,42.970001220703125,43.08000183105469,4888400
2019-11-07,43.529998779296875,43.849998474121094,43.290000915527344,43.5,5835000
2019-11-08,43.470001220703125,43.779998779296875,43.34000015258789,43.540000915527344,4274200
2019-11-11,43.11000061035156,43.540000915527344,43.060001373291016,43.22999954223633,3455200
2019-11-12,43.34000015258789,43.900001525878906,43.119998931884766,43.47999954223633,3887100
2019-11-13,43.0099983215332,43.0099983215332,42.40999984741211,42.810001373291016,4443900
2019-11-14,42.70000076293945,43.40999984741211,42.439998626708984,43.380001068115234,5358000
2019-11-15,43.779998779296875,44.439998626708984,43.630001068115234,44.349998474121094,7064400
2019-11-18,44.27000045776367,44.349998474121094,43.560001373291016,44.18000030517578,6983100
2019-11-19,44.43000030517578,44.779998779296875,44.209999084472656,44.400001525878906,6093500
2019-11-20,44.06999969482422,44.810001373291016,43.630001068115234,44.75,6188200
2019-11-21,50.02000045776367,50.970001220703125,47.5,48.029998779296875,42834400
2019-11-22,47.68000030517578,48.599998474121094,47.40999984741211,48.20000076293945,16855500
2019-11-25,47.70000076293945,49.4900016784668,47.38999938964844,49.310001373291016,37435100
2019-11-26,49.220001220703125,49.790000915527344,48.65999984741211,49.2400016784668,23072200
2019-11-27,49.59000015258789,50.04999923706055,49.189998626708984,49.84000015258789,11805900
2019-11-29,49.54999923706055,50.02000045776367,49.34000015258789,49.5,4867700
2019-12-02,49.959999084472656,50.33000183105469,49.56999969482422,49.56999969482422,11375200
2019-12-03,49.02000045776367,49.099998474121094,48.31999969482422,48.65999984741211,11151000
2019-12-04,48.63999938964844,49.38999938964844,48.63999938964844,49.029998779296875,6799000
2019-12-05,49.27000045776367,49.29999923706055,48.5,48.7400016784668,9766900
2019-12-06,49.56999969482422,49.970001220703125,48.91999816894531,48.95000076293945,14627100
2019-12-09,48.900001525878906,49.04999923706055,48.630001068115234,48.95000076293945,7147400
2019-12-10,48.810001373291016,49.2400016784668,48.66999816894531,49.189998626708984,8317700
2019-12-11,48.93000030517578,49.61000061035156,48.90999984741211,49.599998474121094,11033600
2019-12-12,49.84000015258789,51.650001525878906,49.65999984741211,51.06999969482422,16916600
2019-12-13,51.150001525878906,51.36000061035156,49.810001373291016,49.95000076293945,15217100
2019-12-16,50.5,50.52000045776367,49.68000030517578,49.720001220703125,11036800
2019-12-17,49.560001373291016,49.709999084472656,49.439998626708984,49.4900016784668,9239100
2019-12-18,49.650001525878906,49.650001525878906,48.54999923706055,48.65999984741211,19820300
2019-12-19,48.65999984741211,48.880001068115234,47.959999084472656,48.20000076293945,9618000
2019-12-20,48.290000915527344,48.400001525878906,47.900001525878906,48.119998931884766,15327300
2019-12-23,48.43000030517578,48.849998474121094,48.029998779296875,48.709999084472656,6931800
2019-12-24,48.810001373291016,48.810001373291016,48.34000015258789,48.709999084472656,1819000
2019-12-26,48.7599983215332,48.91999816894531,48.5099983215332,48.56999969482422,3408600
2019-12-27,48.54999923706055,48.70000076293945,48.27000045776367,48.34000015258789,3733600
2019-12-30,48.5,48.630001068115234,47.7400016784668,47.81999969482422,5121400
2019-12-31,47.83000183105469,47.939998626708984,47.38999938964844,47.560001373291016,8841400
2020-01-02,47.7599983215332,48.380001068115234,47.54999923706055,48.22999954223633,5644800
2020-01-03,47.439998626708984,47.599998474121094,46.900001525878906,47.0099983215332,6698900
2020-01-06,46.650001525878906,47.38999938964844,46.59000015258789,47.34000015258789,6804300
2020-01-07,47.34000015258789,48.0099983215332,47.29999923706055,47.619998931884766,9985100
2020-01-08,47.470001220703125,48.0,47.38999938964844,47.90999984741211,10887000
2020-01-09,48.5,48.540000915527344,47.88999938964844,48.11000061035156,9749600
2020-01-10,48.130001068115234,48.15999984741211,47.619998931884766,47.79999923706055,7452900
2020-01-13,48.16999816894531,48.25,47.779998779296875,48.02000045776367,8906000
2020-01-14,48.06999969482422,48.119998931884766,47.540000915527344,47.709999084472656,8874500
2020-01-15,47.310001373291016,47.650001525878906,46.93000030517578,47.119998931884766,7654900
2020-01-16,46.9900016784668,49.06999969482422,46.97999954223633,49.0,13752200
2020-01-17,49.099998474121094,49.2599983215332,48.150001525878906,48.34000015258789,10257100
2020-01-21,48.040000915527344,48.880001068115234,47.81999969482422,48.45000076293945,8849900
2020-01-22,48.150001525878906,49.029998779296875,47.86000061035156,48.93000030517578,6699600
2020-01-23,48.400001525878906,48.65999984741211,47.959999084472656,48.41999816894531,8126200
2020-01-24,48.38999938964844,48.52000045776367,47.0,47.150001525878906,11268100
2020-01-27,46.0,46.36000061035156,45.59000015258789,45.7599983215332,9537800
2020-01-28,46.13999938964844,46.59000015258789,45.810001373291016,46.29999923706055,7282900
2020-01-29,46.58000183105469,46.720001220703125,45.88999938964844,45.95000076293945,5918700
2020-01-30,45.400001525878906,47.33000183105469,45.38999938964844,47.189998626708984,11536600
2020-01-31,46.630001068115234,46.83000183105469,45.470001220703125,45.54999923706055,12297200
2020-02-03,45.86000061035156,46.90999984741211,45.58000183105469,45.68000030517578,10490500
2020-02-04,46.65999984741211,47.97999954223633,46.5,47.08000183105469,10595100
2020-02-05,47.84000015258789,48.349998474121094,47.4900016784668,48.290000915527344,9583000
2020-02-06,48.63999938964844,48.779998779296875,47.31999969482422,47.83000183105469,8767600
2020-02-07,47.099998474121094,47.59000015258789,46.91999816894531,47.310001373291016,5680200
2020-02-10,46.88999938964844,47.20000076293945,46.4900016784668,46.77000045776367,6062000
2020-02-11,47.029998779296875,47.970001220703125,46.86000061035156,47.66999816894531,7082600
2020-02-12,48.099998474121094,48.349998474121094,47.59000015258789,47.790000915527344,5136400
2020-02-13,47.38999938964844,47.599998474121094,47.150001525878906,47.290000915527344,5873100
2020-02-14,47.119998931884766,47.31999969482422,46.68000030517578,47.22999954223633,7106600
2020-02-18,47.029998779296875,47.310001373291016,46.20000076293945,46.72999954223633,8165700
2020-02-19,46.9900016784668,47.849998474121094,46.83000183105469,47.439998626708984,6377500
2020-02-20,47.34000015258789,49.54999923706055,47.29999923706055,48.58000183105469,16198800
2020-02-21,48.09000015258789,48.43000030517578,45.93000030517578,46.189998626708984,13500500
2020-02-24,44.47999954223633,44.560001373291016,43.47999954223633,43.79999923706055,13407600
2020-02-25,43.9900016784668,44.0099983215332,41.380001068115234,41.599998474121094,16466000
2020-02-26,42.0099983215332,42.400001525878906,41.220001220703125,41.41999816894531,15389400
2020-02-27,40.18000030517578,43.0,40.09000015258789,41.90999984741211,28185100
2020-02-28,40.25,41.619998931884766,39.5099983215332,40.75,27459700
2020-03-02,40.900001525878906,42.04999923706055,39.56999969482422,41.97999954223633,21834000
2020-03-03,41.619998931884766,41.95000076293945,37.95000076293945,38.29999923706055,28382000
2020-03-04,38.45000076293945,38.540000915527344,36.7400016784668,37.15999984741211,26339300
2020-03-05,35.900001525878906,35.900001525878906,34.45000076293945,34.79999923706055,28000700
2020-03-06,33.04999923706055,35.060001373291016,32.63999938964844,34.130001068115234,29385700
2020-03-09,30.860000610351562,31.8700008392334,30.190000534057617,30.270000457763672,24766500
2020-03-10,31.8799991607666,32.939998626708984,30.0,32.939998626708984,20293200
2020-03-11,31.899999618530273,33.88999938964844,31.25,32.43000030517578,27992400
2020-03-12,29.959999084472656,30.309999465942383,28.110000610351562,28.43000030517578,32521600
2020-03-13,30.3799991607666,33.900001525878906,30.040000915527344,33.869998931884766,26153200
2020-03-16,28.59000015258789,32.65999984741211,28.0,30.559999465942383,23373900
2020-03-17,31.389999389648438,33.72999954223633,28.920000076293945,33.68000030517578,21796200
2020-03-18,31.09000015258789,34.08000183105469,30.360000610351562,32.41999816894531,24241700
2020-03-19,31.450000762939453,32.95000076293945,30.030000686645508,31.81999969482422,18311100
2020-03-20,32.5,32.939998626708984,30.030000686645508,30.75,15922500
2020-03-23,30.81999969482422,30.81999969482422,28.010000228881836,28.5,20573000
2020-03-24,30.260000228881836,31.530000686645508,29.239999771118164,30.719999313354492,17925200
2020-03-25,31.1200008392334,36.869998931884766,30.440000534057617,34.16999816894531,22746200
2020-03-26,34.16999816894531,36.29999923706055,32.970001220703125,34.15999984741211,16976500
2020-03-27,32.560001373291016,34.869998931884766,32.130001068115234,33.61000061035156,12461700
2020-03-30,33.189998626708984,34.56999969482422,32.689998626708984,34.33000183105469,10078800
2020-03-31,33.88999938964844,34.810001373291016,33.0,33.619998931884766,10708400
2020-04-01,31.829999923706055,33.54999923706055,31.59000015258789,32.959999084472656,11700200
2020-04-02,32.41999816894531,34.56999969482422,32.31999969482422,34.38999938964844,15329500
2020-04-03,34.08000183105469,34.970001220703125,33.0099983215332,33.599998474121094,9127900
2020-04-06,35.36000061035156,36.41999816894531,34.5099983215332,36.08000183105469,11658800
2020-04-07,37.79999923706055,37.79999923706055,34.72999954223633,34.939998626708984,13087400
2020-04-08,35.45000076293945,36.7599983215332,34.630001068115234,36.4900016784668,8104600
2020-04-09,37.209999084472656,37.95000076293945,36.11000061035156,36.540000915527344,12354400
2020-04-13,36.400001525878906,36.619998931884766,34.4900016784668,34.77000045776367,11531300
2020-04-14,35.63999938964844,36.36000061035156,34.61000061035156,36.209999084472656,12376800
2020-04-15,34.529998779296875,34.970001220703125,33.70000076293945,34.66999816894531,11516400
2020-04-16,34.119998931884766,35.040000915527344,33.66999816894531,34.599998474121094,10852100
2020-04-17,36.20000076293945,37.04999923706055,35.36000061035156,35.790000915527344,13305000
2020-04-20,35.130001068115234,36.84000015258789,35.11000061035156,36.59000015258789,11016500
2020-04-21,35.540000915527344,36.16999816894531,35.189998626708984,35.939998626708984,9671800
2020-04-22,36.470001220703125,36.54999923706055,35.65999984741211,35.869998931884766,8397300
2020-04-23,36.18000030517578,36.4900016784668,35.33000183105469,35.63999938964844,8748800
2020-04-24,36.130001068115234,36.34000015258789,35.220001220703125,35.400001525878906,8043200
2020-04-27,35.91999816894531,37.06999969482422,35.650001525878906,36.84000015258789,11030800
2020-04-28,37.65999984741211,37.939998626708984,36.91999816894531,37.08000183105469,7674800
2020-04-29,38.119998931884766,39.09000015258789,37.810001373291016,38.790000915527344,8225300
2020-04-30,38.0,38.599998474121094,37.54999923706055,37.720001220703125,8061700
2020-05-01,36.70000076293945,36.95000076293945,36.279998779296875,36.45000076293945,8176600
2020-05-04,36.06999969482422,36.25,35.189998626708984,35.630001068115234,7292100
2020-05-05,36.25,36.25,34.86000061035156,34.900001525878906,7645300
2020-05-06,35.33000183105469,35.47999954223633,34.540000915527344,34.56999969482422,5791200
2020-05-07,34.70000076293945,36.27000045776367,34.61000061035156,35.16999816894531,10672300
2020-05-08,35.880001068115234,36.65999984741211,35.810001373291016,36.5099983215332,9489400
2020-05-11,35.93000030517578,36.36000061035156,35.79999923706055,35.84000015258789,9750800
2020-05-12,36.0099983215332,36.0099983215332,33.970001220703125,34.31999969482422,10475300
2020-05-13,34.040000915527344,34.150001525878906,32.619998931884766,33.150001525878906,10168100
2020-05-14,32.22999954223633,33.5,31.889999389648438,33.400001525878906,10143000
2020-05-15,32.869998931884766,33.2400016784668,32.439998626708984,32.560001373291016,6780900
2020-05-18,33.86000061035156,34.59000015258789,33.040000915527344,34.209999084472656,15300500
2020-05-19,34.0,34.29999923706055,32.970001220703125,32.9900016784668,7009100
2020-05-20,33.0,33.939998626708984,32.779998779296875,33.689998626708984,8876200
2020-05-21,33.2400016784668,33.65999984741211,32.900001525878906,33.220001220703125,7426300
2020-05-22,33.09000015258789,33.22999954223633,32.439998626708984,32.83000183105469,7300200
2020-05-26,34.20000076293945,34.959999084472656,34.029998779296875,34.5,14756000
2020-05-27,36.20000076293945,37.09000015258789,35.810001373291016,37.09000015258789,13261300
2020-05-28,37.560001373291016,37.630001068115234,35.90999984741211,36.0099983215332,8760900
2020-05-29,35.41999816894531,36.06999969482422,35.220001220703125,35.90999984741211,14247600
2020-06-01,36.040000915527344,36.630001068115234,35.939998626708984,36.5099983215332,7469800
2020-06-02,37.0,37.529998779296875,36.7599983215332,37.13999938964844,6232800
2020-06-03,38.29999923706055,39.650001525878906,38.099998474121094,39.5099983215332,9672100
2020-06-04,40.02000045776367,41.720001220703125,39.150001525878906,41.68000030517578,26855900
2020-06-05,44.709999084472656,45.86000061035156,42.709999084472656,42.81999969482422,20489900
2020-06-08,43.0099983215332,43.27000045776367,41.31999969482422,41.81999969482422,12200400
2020-06-09,40.650001525878906,41.09000015258789,40.09000015258789,40.18000030517578,11529200
2020-06-10,39.650001525878906,39.95000076293945,38.040000915527344,38.119998931884766,11641200
2020-06-11,36.540000915527344,37.56999969482422,36.08000183105469,36.15999984741211,11348300
2020-06-12,37.650001525878906,37.70000076293945,35.439998626708984,36.560001373291016,15666500
2020-06-15,35.349998474121094,37.150001525878906,35.15999984741211,36.650001525878906,10012600
2020-06-16,37.869998931884766,38.0,36.41999816894531,36.91999816894531,12662400
2020-06-17,37.040000915527344,37.209999084472656,36.439998626708984,36.66999816894531,12120900
2020-06-18,36.29999923706055,37.06999969482422,36.0099983215332,36.880001068115234,10430100
2020-06-19,37.65999984741211,37.65999984741211,35.7599983215332,36.66999816894531,14817900
2020-06-22,36.40999984741211,36.77000045776367,36.16999816894531,36.41999816894531,8242500
2020-06-23,36.81999969482422,37.06999969482422,35.880001068115234,35.88999938964844,9923100
2020-06-24,35.5,35.540000915527344,33.66999816894531,33.79999923706055,14398500
2020-06-25,33.58000183105469,34.22999954223633,33.279998779296875,34.08000183105469,14814500
2020-06-26,33.619998931884766,33.75,31.6299991607666,31.75,28270700
2020-06-29,32.099998474121094,32.779998779296875,31.93000030517578,32.75,12378300
2020-06-30,32.599998474121094,33.9900016784668,32.529998779296875,33.7400016784668,15650400
2020-07-01,33.68000030517578,34.119998931884766,32.810001373291016,33.02000045776367,21721400
2020-07-02,33.79999923706055,34.189998626708984,33.279998779296875,33.38999938964844,7862700
2020-07-06,34.099998474121094,34.88999938964844,34.0099983215332,34.209999084472656,13573500
2020-07-07,33.79999923706055,34.18000030517578,33.529998779296875,33.88999938964844,7198500
2020-07-08,34.02000045776367,34.529998779296875,33.7599983215332,34.43000030517578,6916000
2020-07-09,34.310001373291016,34.459999084472656,33.41999816894531,33.880001068115234,8475800
2020-07-10,33.810001373291016,34.90999984741211,33.810001373291016,34.79999923706055,6258800
2020-07-13,35.209999084472656,35.439998626708984,34.310001373291016,34.43000030517578,8679900
2020-07-14,34.279998779296875,34.880001068115234,33.970001220703125,34.54999923706055,7862300
2020-07-15,35.11000061035156,35.810001373291016,34.790000915527344,35.65999984741211,9873300
2020-07-16,34.88999938964844,36.08000183105469,34.45000076293945,34.91999816894531,12191300
2020-07-17,34.91999816894531,35.09000015258789,33.43000030517578,33.439998626708984,11840000
2020-07-20,33.41999816894531,33.939998626708984,33.040000915527344,33.84000015258789,9564100
2020-07-21,34.04999923706055,35.36000061035156,34.02000045776367,35.2400016784668,11384700
2020-07-22,35.04999923706055,35.16999816894531,34.470001220703125,34.86000061035156,7585000
2020-07-23,34.79999923706055,35.849998474121094,34.5099983215332,35.209999084472656,7457300
2020-07-24,35.209999084472656,35.5099983215332,34.720001220703125,34.939998626708984,6577600
2020-07-27,34.54999923706055,34.68000030517578,33.650001525878906,33.84000015258789,10588000
2020-07-28,33.599998474121094,34.02000045776367,33.54999923706055,33.65999984741211,8882800
2020-07-29,33.709999084472656,34.11000061035156,33.43000030517578,34.08000183105469,6592700
2020-07-30,33.439998626708984,33.72999954223633,32.88999938964844,33.58000183105469,7323500
2020-07-31,33.43000030517578,33.470001220703125,32.65999984741211,33.150001525878906,10384800
2020-08-03,33.279998779296875,33.619998931884766,32.790000915527344,33.34000015258789,7285600
2020-08-04,33.11000061035156,33.95000076293945,33.11000061035156,33.95000076293945,14859100
2020-08-05,34.209999084472656,34.349998474121094,33.880001068115234,34.20000076293945,8142100
2020-08-06,33.58000183105469,33.97999954223633,33.02000045776367,33.13999938964844,8077700
2020-08-07,33.02000045776367,34.060001373291016,32.84000015258789,34.040000915527344,7823100
2020-08-10,34.060001373291016,34.279998779296875,33.54999923706055,33.79999923706055,6043100
2020-08-11,34.470001220703125,35.560001373291016,34.22999954223633,34.959999084472656,12160300
2020-08-12,35.5,36.0,34.75,34.84000015258789,8998700
2020-08-13,34.4900016784668,34.91999816894531,34.099998474121094,34.61000061035156,5937600
2020-08-14,34.45000076293945,35.459999084472656,34.290000915527344,35.04999923706055,8740700
2020-08-17,34.880001068115234,35.279998779296875,34.470001220703125,34.619998931884766,8340900
2020-08-18,34.5,35.0,34.2400016784668,34.95000076293945,7710000
2020-08-19,34.95000076293945,35.900001525878906,34.95000076293945,35.709999084472656,8035700
2020-08-20,35.22999954223633,35.349998474121094,34.47999954223633,34.54999923706055,8161000
2020-08-21,34.54999923706055,34.88999938964844,34.22999954223633,34.45000076293945,5804500
2020-08-24,34.5,35.5,34.459999084472656,35.119998931884766,9920000
2020-08-25,35.5,35.869998931884766,35.2400016784668,35.54999923706055,5261000
2020-08-26,35.58000183105469,35.720001220703125,35.119998931884766,35.41999816894531,4117800
2020-08-27,35.4900016784668,36.369998931884766,35.130001068115234,36.08000183105469,6467400
2020-08-28,36.150001525878906,36.470001220703125,35.849998474121094,36.279998779296875,6156500
2020-08-31,36.130001068115234,36.20000076293945,35.45000076293945,35.529998779296875,8331400
2020-09-01,35.15999984741211,36.2599983215332,34.959999084472656,35.79999923706055,6146400
2020-09-02,35.779998779296875,36.119998931884766,35.459999084472656,35.970001220703125,8021200
2020-09-03,36.29999923706055,36.880001068115234,35.20000076293945,35.38999938964844,13777900
2020-09-04,36.25,36.88999938964844,35.630001068115234,36.20000076293945,11454000
2020-09-08,35.470001220703125,35.70000076293945,34.61000061035156,34.65999984741211,9022900
2020-09-09,34.93000030517578,35.27000045776367,34.560001373291016,35.029998779296875,7657700
2020-09-10,35.20000076293945,35.380001068115234,34.52000045776367,34.65999984741211,5709900
2020-09-11,34.689998626708984,35.56999969482422,34.689998626708984,35.2400016784668,5890300
2020-09-14,35.5,36.16999816894531,35.33000183105469,35.72999954223633,6875600
2020-09-15,34.68000030517578,35.119998931884766,33.790000915527344,34.75,12952500
2020-09-16,34.93000030517578,36.08000183105469,34.810001373291016,35.72999954223633,8778900
2020-09-17,35.13999938964844,36.06999969482422,35.060001373291016,35.810001373291016,7298400
2020-09-18,35.61000061035156,36.540000915527344,35.61000061035156,36.029998779296875,9021000
2020-09-21,35.13999938964844,35.91999816894531,34.5,35.2400016784668,11448100
2020-09-22,35.16999816894531,35.79999923706055,34.45000076293945,34.970001220703125,7816900
2020-09-23,35.189998626708984,35.810001373291016,34.77000045776367,34.779998779296875,8151900
2020-09-24,34.90999984741211,34.970001220703125,34.099998474121094,34.36000061035156,7039200
2020-09-25,34.099998474121094,35.06999969482422,33.959999084472656,34.939998626708984,5768400
2020-09-28,35.5099983215332,36.310001373291016,35.41999816894531,36.20000076293945,6035300
2020-09-29,36.150001525878906,36.2599983215332,35.4900016784668,35.779998779296875,7150300
2020-09-30,36.08000183105469,36.68000030517578,35.959999084472656,36.22999954223633,7214300
2020-10-01,36.90999984741211,37.7599983215332,36.599998474121094,37.72999954223633,19959000
2020-10-02,37.16999816894531,38.47999954223633,37.06999969482422,37.66999816894531,22728100
2020-10-05,38.16999816894531,38.709999084472656,36.75,36.939998626708984,94997700
2020-10-06,37.13999938964844,37.459999084472656,36.06999969482422,36.75,19905300
2020-10-07,37.4900016784668,38.15999984741211,36.900001525878906,37.779998779296875,18282600
2020-10-08,37.83000183105469,37.95000076293945,37.439998626708984,37.7400016784668,10818300
2020-10-09,38.20000076293945,38.459999084472656,37.56999969482422,38.22999954223633,11643900
2020-10-12,38.25,38.529998779296875,37.900001525878906,38.470001220703125,14481600
2020-10-13,38.33000183105469,38.5099983215332,37.40999984741211,37.61000061035156,10841100
2020-10-14,37.29999923706055,37.939998626708984,37.0099983215332,37.119998931884766,10013400
2020-10-15,37.310001373291016,39.040000915527344,37.2400016784668,39.029998779296875,15403400
2020-10-16,39.279998779296875,39.77000045776367,38.560001373291016,39.290000915527344,14090400
2020-10-19,39.40999984741211,39.560001373291016,38.72999954223633,38.88999938964844,12294100
2020-10-20,39.189998626708984,40.119998931884766,39.08000183105469,39.130001068115234,9961200
2020-10-21,39.130001068115234,39.41999816894531,38.7400016784668,38.93000030517578,7672700
2020-10-22,38.91999816894531,40.27000045776367,38.709999084472656,40.130001068115234,10093800
2020-10-23,40.720001220703125,40.93000030517578,39.91999816894531,40.349998474121094,8243400
2020-10-26,39.81999969482422,40.0,38.66999816894531,39.150001525878906,11991800
2020-10-27,39.04999923706055,39.220001220703125,38.310001373291016,38.470001220703125,7881800
2020-10-28,37.84000015258789,38.529998779296875,37.290000915527344,38.150001525878906,13941200
2020-10-29,37.970001220703125,40.779998779296875,37.33000183105469,40.310001373291016,14757200
2020-10-30,40.099998474121094,41.13999938964844,40.0,41.11000061035156,13154600
2020-11-02,41.27000045776367,42.689998626708984,40.88999938964844,41.2599983215332,12719800
2020-11-03,42.09000015258789,43.77000045776367,42.09000015258789,42.560001373291016,12927300
2020-11-04,39.9900016784668,41.959999084472656,39.5,40.84000015258789,15044200
2020-11-05,40.79999923706055,42.20000076293945,40.79999923706055,41.45000076293945,9876000
2020-11-06,41.97999954223633,42.0,40.97999954223633,41.130001068115234,6824100
2020-11-09,45.189998626708984,45.88999938964844,43.7599983215332,44.959999084472656,14747800
2020-11-10,45.27000045776367,46.4900016784668,44.869998931884766,46.41999816894531,10791600
2020-11-11,47.45000076293945,47.47999954223633,45.88999938964844,46.22999954223633,14938300
2020-11-12,45.400001525878906,45.5,44.2599983215332,44.720001220703125,9621300
2020-11-13,45.09000015258789,46.22999954223633,45.0099983215332,46.0,7519300
2020-11-16,47.09000015258789,47.40999984741211,45.97999954223633,46.88999938964844,10664000
2020-11-17,46.86000061035156,48.939998626708984,46.75,48.900001525878906,16788600
2020-11-18,48.91999816894531,49.84000015258789,47.70000076293945,47.70000076293945,15442400
2020-11-19,46.90999984741211,47.33000183105469,46.25,47.08000183105469,11022100
2020-11-20,46.66999816894531,46.95000076293945,46.41999816894531,46.61000061035156,6365800
2020-11-23,47.279998779296875,48.349998474121094,46.72999954223633,48.2400016784668,6970600
2020-11-24,48.93000030517578,49.880001068115234,48.599998474121094,49.790000915527344,10115700
2020-11-25,49.06999969482422,50.150001525878906,48.869998931884766,49.75,9898100
2020-11-27,49.61000061035156,50.09000015258789,49.459999084472656,49.70000076293945,4626600
2020-11-30,49.459999084472656,49.7400016784668,48.5099983215332,48.779998779296875,21664600
2020-12-01,50.08000183105469,51.02000045776367,49.66999816894531,50.02000045776367,12399900
2020-12-02,49.58000183105469,51.0,49.54999923706055,50.86000061035156,6785000
2020-12-03,50.63999938964844,51.22999954223633,50.22999954223633,51.06999969482422,7579300
2020-12-04,51.41999816894531,51.810001373291016,50.959999084472656,50.9900016784668,7371400
2020-12-07,50.59000015258789,51.06999969482422,50.459999084472656,50.7599983215332,7657100
2020-12-08,50.150001525878906,50.970001220703125,50.150001525878906,50.54999923706055,7494200
2020-12-09,50.91999816894531,51.0,50.15999984741211,50.54999923706055,5592000
2020-12-10,50.15999984741211,50.369998931884766,49.529998779296875,50.099998474121094,7825300
2020-12-11,49.279998779296875,49.52000045776367,48.88999938964844,49.43000030517578,7629500
2020-12-14,50.38999938964844,51.689998626708984,49.81999969482422,49.84000015258789,7981000
2020-12-15,50.279998779296875,51.540000915527344,50.02000045776367,51.04999923706055,7674600
2020-12-16,51.060001373291016,51.709999084472656,50.61000061035156,51.68000030517578,7448000
2020-12-17,51.70000076293945,52.040000915527344,51.310001373291016,51.779998779296875,7291000
2020-12-18,51.88999938964844,52.220001220703125,51.33000183105469,51.97999954223633,16739600
2020-12-21,51.900001525878906,52.060001373291016,50.95000076293945,51.75,7605400
2020-12-22,51.75,52.06999969482422,51.45000076293945,51.63999938964844,5444100
2020-12-23,51.849998474121094,52.709999084472656,51.599998474121094,52.349998474121094,4254100
2020-12-24,52.380001068115234,52.380001068115234,51.84000015258789,52.060001373291016,1633100
2020-12-28,52.619998931884766,52.970001220703125,52.279998779296875,52.939998626708984,4635000
2020-12-29,52.9900016784668,53.33000183105469,52.52000045776367,52.540000915527344,3421500
2020-12-30,52.540000915527344,52.93000030517578,52.349998474121094,52.40999984741211,3971500
2020-12-31,52.54999923706055,53.119998931884766,52.2599983215332,53.040000915527344,4085100
2021-01-04,53.220001220703125,53.470001220703125,51.93000030517578,52.7599983215332,8650000
2021-01-05,51.959999084472656,52.95000076293945,51.939998626708984,52.77000045776367,7995700
2021-01-06,54.369998931884766,57.83000183105469,54.040000915527344,57.40999984741211,16551800
2021-01-07,57.88999938964844,59.439998626708984,57.630001068115234,59.060001373291016,10949600
2021-01-08,58.84000015258789,59.58000183105469,58.22999954223633,58.97999954223633,9165300
2021-01-11,58.849998474121094,60.349998474121094,58.130001068115234,60.25,8766100
2021-01-12,60.79999923706055,62.040000915527344,60.439998626708984,61.20000076293945,12194500
2021-01-13,60.58000183105469,61.369998931884766,59.189998626708984,59.5099983215332,17171700
2021-01-14,59.61000061035156,59.790000915527344,59.130001068115234,59.33000183105469,9165800
2021-01-15,58.560001373291016,59.16999816894531,57.959999084472656,58.75,9952400
2021-01-19,59.2400016784668,59.59000015258789,57.83000183105469,59.22999954223633,8277200
2021-01-20,59.349998474121094,59.45000076293945,58.11000061035156,58.61000061035156,9798200
2021-01-21,58.86000061035156,58.970001220703125,58.34000015258789,58.70000076293945,6367000
2021-01-22,58.15999984741211,58.91999816894531,57.93000030517578,58.400001525878906,5472400
2021-01-25,57.27000045776367,58.18000030517578,56.599998474121094,57.08000183105469,7888800
2021-01-26,57.4900016784668,57.689998626708984,56.119998931884766,56.209999084472656,6786900
2021-01-27,55.40999984741211,55.40999984741211,53.15999984741211,53.290000915527344,10579800
2021-01-28,53.650001525878906,55.41999816894531,53.56999969482422,53.7400016784668,11278600
2021-01-29,53.2599983215332,53.290000915527344,50.77000045776367,51.540000915527344,17772200
2021-02-01,52.130001068115234,53.720001220703125,51.970001220703125,53.369998931884766,8601100
2021-02-02,54.130001068115234,55.34000015258789,54.11000061035156,54.540000915527344,8720500
2021-02-03,54.68000030517578,55.31999969482422,52.959999084472656,53.459999084472656,10230400
2021-02-04,53.869998931884766,55.20000076293945,53.630001068115234,55.20000076293945,7890900
2021-02-05,55.689998626708984,56.38999938964844,55.290000915527344,55.7400016784668,7994500
2021-02-08,55.97999954223633,56.11000061035156,55.220001220703125,55.849998474121094,5377100
2021-02-09,55.47999954223633,56.529998779296875,54.97999954223633,56.27000045776367,5541200
2021-02-10,56.599998474121094,56.88999938964844,55.369998931884766,55.70000076293945,7549100
2021-02-11,55.650001525878906,56.369998931884766,55.40999984741211,55.93000030517578,6040300
2021-02-12,55.93000030517578,58.2599983215332,55.810001373291016,58.189998626708984,8138100
2021-02-16,58.93000030517578,61.349998474121094,58.63999938964844,60.95000076293945,11008900
2021-02-17,60.61000061035156,61.38999938964844,60.36000061035156,61.29999923706055,8785800
2021-02-18,60.9900016784668,62.22999954223633,60.63999938964844,61.93000030517578,6157700
2021-02-19,62.439998626708984,63.45000076293945,61.13999938964844,61.90999984741211,8421300
2021-02-22,62.650001525878906,63.09000015258789,62.08000183105469,62.95000076293945,8049400
2021-02-23,63.45000076293945,63.45000076293945,61.439998626708984,62.66999816894531,8613200
2021-02-24,63.0,65.43000030517578,62.4900016784668,64.44000244140625,11535200
2021-02-25,64.3499984741211,65.23999786376953,62.970001220703125,63.099998474121094,10584100
2021-02-26,62.90999984741211,63.279998779296875,61.25,61.720001220703125,9543600
2021-03-01,62.59000015258789,64.93000030517578,62.56999969482422,64.0999984741211,5863700
2021-03-02,63.709999084472656,64.77999877929688,63.43000030517578,63.79999923706055,6079400
2021-03-03,64.26000213623047,66.2300033569336,63.90999984741211,64.95999908447266,8831100
2021-03-04,64.81999969482422,65.16999816894531,63.029998779296875,64.7699966430664,11204300
2021-03-05,66.0999984741211,66.61000061035156,63.040000915527344,65.0199966430664,10204000
2021-03-08,65.31999969482422,65.62999725341797,64.33999633789062,64.45999908447266,8663200
2021-03-09,64.02999877929688,65.04000091552734,62.33000183105469,63.75,9761700
2021-03-10,64.16000366210938,65.06999969482422,63.869998931884766,65.02999877929688,8930500
2021-03-11,64.80000305175781,66.86000061035156,64.55000305175781,66.41000366210938,9233600
2021-03-12,67.0,68.20999908447266,66.76000213623047,67.6500015258789,5643300
2021-03-15,67.38999938964844,67.6500015258789,65.45999908447266,66.33999633789062,6855700
2021-03-16,66.0999984741211,66.0999984741211,65.0199966430664,65.47000122070312,5632400
2021-03-17,66.66999816894531,66.66999816894531,65.13999938964844,65.69999694824219,6881500
2021-03-18,66.91000366210938,67.9000015258789,65.98999786376953,66.06999969482422,7417000
2021-03-19,65.37999725341797,66.58999633789062,64.80000305175781,66.05000305175781,10670300
2021-03-22,65.33999633789062,65.7300033569336,64.7300033569336,64.7699966430664,5138800
2021-03-23,64.37999725341797,64.93000030517578,63.279998779296875,63.36000061035156,6259600
2021-03-24,64.08000183105469,65.7699966430664,64.0199966430664,64.12000274658203,5796700
2021-03-25,63.86000061035156,65.45999908447266,63.06999969482422,65.12999725341797,6220600
2021-03-26,65.91000366210938,66.06999969482422,64.94000244140625,65.70999908447266,6082100
2021-03-29,64.66000366210938,65.43000030517578,63.599998474121094,64.11000061035156,8113500
2021-03-30,64.27999877929688,65.06999969482422,63.97999954223633,64.76000213623047,6300200
2021-03-31,65.08000183105469,65.6500015258789,64.33999633789062,65.18000030517578,7536100
2021-04-01,65.13999938964844,66.48999786376953,65.04000091552734,66.44000244140625,5796900
2021-04-05,68.20999908447266,68.88999938964844,67.7699966430664,68.1500015258789,8211800
2021-04-06,67.87999725341797,68.62999725341797,67.11000061035156,67.30000305175781,7360400
2021-04-07,67.16000366210938,67.5999984741211,66.4000015258789,67.05000305175781,7281400
2021-04-08,66.54000091552734,66.94000244140625,66.08000183105469,66.83999633789062,6361000
2021-04-09,68.31999969482422,68.83000183105469,67.19000244140625,67.56999969482422,6311100
2021-04-12,67.31999969482422,67.91999816894531,67.31999969482422,67.70999908447266,5620600
2021-04-13,67.66999816894531,67.66999816894531,66.19000244140625,66.5999984741211,4886500
2021-04-14,66.98999786376953,68.41999816894531,66.69999694824219,67.44000244140625,6702200
2021-04-15,66.8499984741211,67.48999786376953,64.58999633789062,65.5,10163600
2021-04-16,65.73999786376953,65.83000183105469,64.33999633789062,64.73999786376953,10289400
2021-04-19,65.02999877929688,66.62000274658203,64.91999816894531,65.87999725341797,8750800
2021-04-20,65.37000274658203,65.7300033569336,63.61000061035156,63.689998626708984,7532800
2021-04-21,63.86000061035156,65.45999908447266,63.459999084472656,65.4000015258789,6442800
2021-04-22,65.25,66.06999969482422,64.33000183105469,64.80000305175781,8590800
2021-04-23,65.19999694824219,67.18000030517578,64.87999725341797,67.13999938964844,7270500
2021-04-26,67.52999877929688,68.8499984741211,67.3499984741211,67.7699966430664,7387100
2021-04-27,68.56999969482422,69.76000213623047,67.86000061035156,69.63999938964844,8745300
2021-04-28,69.61000061035156,70.02999877929688,69.20999908447266,69.86000061035156,6338800
2021-04-29,70.26000213623047,72.16000366210938,70.05000305175781,71.70999908447266,9816600
2021-04-30,71.43000030517578,71.73999786376953,70.20999908447266,70.4000015258789,8105100
2021-05-03,70.83000183105469,71.05000305175781,69.73999786376953,70.94000244140625,5394300
2021-05-04,70.38999938964844,71.62999725341797,68.66999816894531,70.08999633789062,11044100
2021-05-05,70.80000305175781,71.66000366210938,69.56999969482422,70.9800033569336,8739500
2021-05-06,71.27999877929688,71.6500015258789,70.08000183105469,71.5199966430664,4802800
2021-05-07,70.44999694824219,71.87999725341797,70.0,71.75,6233000
2021-05-10,72.16000366210938,72.54000091552734,71.08000183105469,71.0999984741211,5721200
2021-05-11,70.16999816894531,71.95999908447266,69.91000366210938,70.62999725341797,5380000
2021-05-12,71.0199966430664,71.47000122070312,68.66000366210938,69.12000274658203,8500500
2021-05-13,68.81999969482422,71.01000213623047,68.75,70.43000030517578,6317300
2021-05-14,70.66000366210938,73.37000274658203,70.61000061035156,73.25,8843300
2021-05-17,73.0,73.23999786376953,72.0199966430664,73.0,5207200
2021-05-18,73.37000274658203,73.58999633789062,70.86000061035156,70.9000015258789,5829600
2021-05-19,69.77999877929688,71.3499984741211,69.19999694824219,71.20999908447266,6552300
2021-05-20,71.5,71.62999725341797,70.37999725341797,70.73999786376953,4606600
2021-05-21,71.19000244140625,72.55000305175781,71.01000213623047,72.16999816894531,5414900
2021-05-24,72.33000183105469,73.04000091552734,72.01000213623047,72.61000061035156,4538300
2021-05-25,72.94999694824219,73.5,71.52999877929688,71.62999725341797,5920100
2021-05-26,72.29000091552734,72.29000091552734,70.69999694824219,71.52999877929688,7370400
2021-05-27,72.2699966430664,74.13999938964844,71.83999633789062,73.8499984741211,14693800
2021-05-28,73.94000244140625,74.30999755859375,73.19000244140625,73.8499984741211,6205300
2021-06-01,74.94000244140625,75.48999786376953,74.16000366210938,74.63999938964844,6175500
2021-06-02,74.83999633789062,75.29000091552734,74.29000091552734,74.93000030517578,6881900
2021-06-03,74.55000305175781,76.33999633789062,74.44999694824219,76.01000213623047,7623800
2021-06-04,75.91000366210938,76.37000274658203,74.51000213623047,75.72000122070312,5587500
2021-06-07,75.94000244140625,75.94999694824219,74.3499984741211,74.7300033569336,5662000
2021-06-08,74.1500015258789,75.16999816894531,73.56999969482422,75.12000274658203,7317100
2021-06-09,74.83999633789062,74.9000015258789,72.25,72.8499984741211,9634600
2021-06-10,73.69999694824219,74.22000122070312,72.44999694824219,72.62000274658203,8741300
2021-06-11,72.88999938964844,73.9800033569336,72.8499984741211,73.91999816894531,6912700
2021-06-14,73.4800033569336,73.7300033569336,71.16000366210938,72.01000213623047,7764100
2021-06-15,72.5,73.30999755859375,72.02999877929688,72.54000091552734,7934500
2021-06-16,72.06999969482422,74.54000091552734,71.12999725341797,73.75,8819100
2021-06-17,74.13999938964844,74.33000183105469,70.86000061035156,72.13999938964844,8699900
2021-06-18,71.08000183105469,71.80000305175781,69.27999877929688,69.83000183105469,17257900
2021-06-21,70.63999938964844,72.95999908447266,70.19000244140625,72.73999786376953,9488200
2021-06-22,72.6500015258789,72.75,71.5199966430664,72.5,6856800
2021-06-23,72.75,73.2699966430664,72.47000122070312,72.88999938964844,7116700
2021-06-24,73.06999969482422,73.63999938964844,72.16000366210938,73.38999938964844,5895500
2021-06-25,73.54000091552734,74.2699966430664,73.16000366210938,73.77999877929688,12715300
2021-06-28,73.5999984741211,73.80000305175781,72.58000183105469,73.27999877929688,5006400
2021-06-29,74.05999755859375,74.5999984741211,73.16000366210938,73.22000122070312,5316100
2021-06-30,72.86000061035156,73.0999984741211,72.29000091552734,72.80999755859375,6429700
2021-07-01,73.45999908447266,73.63999938964844,72.94000244140625,73.56999969482422,4413400
2021-07-02,73.12999725341797,73.33000183105469,71.61000061035156,72.80000305175781,6108800
2021-07-06,72.61000061035156,72.61000061035156,70.66999816894531,70.7699966430664,7684000
2021-07-07,70.45999908447266,70.63999938964844,68.86000061035156,70.06999969482422,9833600
2021-07-08,67.33000183105469,68.87999725341797,67.33000183105469,67.94000244140625,10896900
2021-07-09,69.41000366210938,70.58999633789062,68.5199966430664,70.55000305175781,10327400
2021-07-12,69.93000030517578,72.01000213623047,69.73999786376953,71.70999908447266,6192400
2021-07-13,71.58000183105469,72.0999984741211,70.95999908447266,71.81999969482422,7489100
2021-07-14,71.3499984741211,72.11000061035156,69.95999908447266,70.19999694824219,7577000
2021-07-15,69.73999786376953,71.55999755859375,69.36000061035156,70.55000305175781,5719800
2021-07-16,70.52999877929688,70.6500015258789,68.30000305175781,68.88999938964844,10465600
2021-07-19,67.36000061035156,68.11000061035156,66.19999694824219,66.68000030517578,8937300
2021-07-20,66.5999984741211,68.26000213623047,65.7300033569336,67.94000244140625,5857700
2021-07-21,68.66000366210938,70.01000213623047,68.41999816894531,69.55999755859375,5767000
2021-07-22,69.30999755859375,69.66999816894531,67.13999938964844,67.25,8206600
2021-07-23,67.5199966430664,68.41000366210938,67.25,67.91000366210938,6059900
2021-07-26,67.94000244140625,68.62999725341797,67.6500015258789,68.04000091552734,5838300
2021-07-27,67.55000305175781,67.81999969482422,66.5999984741211,67.37000274658203,3879400
2021-07-28,67.6500015258789,68.33000183105469,67.12999725341797,67.8499984741211,5206000
2021-07-29,68.4000015258789,69.27999877929688,67.75,68.56999969482422,4475900
2021-07-30,68.23999786376953,69.12000274658203,67.76000213623047,67.94999694824219,4084100
2021-08-02,68.19999694824219,69.70999908447266,67.62000274658203,67.73999786376953,4941400
2021-08-03,68.16999816894531,68.23999786376953,66.16000366210938,67.41000366210938,4858100
2021-08-04,66.83999633789062,68.30999755859375,66.5,67.66999816894531,4619300
2021-08-05,68.05999755859375,69.69999694824219,68.01000213623047,69.30000305175781,4814400
2021-08-06,70.13999938964844,72.44999694824219,70.05999755859375,71.93000030517578,9361700
2021-08-09,71.63999938964844,74.0999984741211,71.4000015258789,73.41999816894531,6079800
2021-08-10,73.3499984741211,74.98999786376953,72.91999816894531,74.52999877929688,5784800
2021-08-11,74.83999633789062,75.38999938964844,74.08000183105469,74.80999755859375,6280700
2021-08-12,74.55999755859375,75.5,74.36000061035156,75.41999816894531,3425600
2021-08-13,75.30000305175781,75.41999816894531,73.44999694824219,74.01000213623047,3552100
2021-08-16,73.33000183105469,73.77999877929688,72.12000274658203,73.26000213623047,3796400
2021-08-17,72.68000030517578,72.98999786376953,71.5999984741211,72.5,5487200
2021-08-18,72.25,73.45999908447266,71.91999816894531,72.0,5828500
2021-08-19,70.97000122070312,71.83000183105469,70.13999938964844,71.05999755859375,3303600
2021-08-20,71.06999969482422,72.11000061035156,70.70999908447266,71.97000122070312,3259100
2021-08-23,72.30000305175781,72.73999786376953,72.05000305175781,72.30000305175781,3989700
2021-08-24,72.5199966430664,74.33999633789062,72.30000305175781,74.1500015258789,5296300
2021-08-25,74.41999816894531,75.4000015258789,74.01000213623047,74.58000183105469,4754900
2021-08-26,74.97000122070312,75.19999694824219,73.62999725341797,73.6500015258789,3237400
2021-08-27,73.75,75.9000015258789,73.73999786376953,75.83999633789062,4690800
2021-08-30,75.8499984741211,76.0,73.33000183105469,73.44000244140625,9734600
2021-08-31,73.2300033569336,73.5999984741211,71.95999908447266,72.8499984741211,7450300
2021-09-01,72.83999633789062,73.56999969482422,71.7699966430664,73.19999694824219,4606200
2021-09-02,73.5199966430664,73.72000122070312,72.58000183105469,72.91000366210938,3213200
2021-09-03,72.94999694824219,73.55000305175781,72.05000305175781,72.08999633789062,3348900
2021-09-07,71.5,72.43000030517578,71.0199966430664,72.08000183105469,4129000
2021-09-08,72.08000183105469,72.3499984741211,71.30999755859375,71.55999755859375,2955000
2021-09-09,71.58999633789062,73.7699966430664,71.30000305175781,72.33000183105469,4549200
2021-09-10,72.9800033569336,72.9800033569336,71.37999725341797,71.44000244140625,4099900
2021-09-13,72.0,72.25,70.83999633789062,71.88999938964844,3180200
2021-09-14,71.77999877929688,72.19000244140625,69.12999725341797,69.7300033569336,5572700
2021-09-15,69.91999816894531,71.38999938964844,69.43000030517578,71.1500015258789,4248900
2021-09-16,71.37000274658203,71.95999908447266,70.37000274658203,70.77999877929688,3054600
2021-09-17,70.27999877929688,70.93000030517578,69.81999969482422,70.43000030517578,10256800
2021-09-20,68.63999938964844,68.97000122070312,67.30999755859375,68.80000305175781,5848600
2021-09-21,69.2300033569336,69.41999816894531,68.12999725341797,68.44000244140625,4243100
2021-09-22,69.45999908447266,71.11000061035156,69.08000183105469,70.4000015258789,4957000
2021-09-23,71.20999908447266,74.41999816894531,71.04000091552734,74.30000305175781,5860900
2021-09-24,74.02999877929688,75.94000244140625,73.94000244140625,75.58999633789062,6437400
2021-09-27,76.0,77.68000030517578,75.94000244140625,77.37999725341797,6584100
2021-09-28,77.5,77.97000122070312,75.44000244140625,76.18000030517578,8754700
2021-09-29,76.48999786376953,76.5,74.7300033569336,75.37999725341797,6075700
2021-09-30,75.97000122070312,75.97000122070312,72.7699966430664,72.83999633789062,7077400
2021-10-01,72.97000122070312,74.94000244140625,72.05000305175781,74.41999816894531,4814800
2021-10-04,74.16999816894531,75.12000274658203,72.91999816894531,73.2300033569336,5938700
2021-10-05,73.66000366210938,76.55999755859375,73.66000366210938,75.9000015258789,7569900
2021-10-06,75.0199966430664,76.11000061035156,73.97000122070312,75.70999908447266,5731600
2021-10-07,76.5,77.75,76.23999786376953,76.38999938964844,4560900
2021-10-08,76.33000183105469,77.86000061035156,76.19000244140625,77.33999633789062,3485100
2021-10-11,77.79000091552734,78.94000244140625,76.55000305175781,76.61000061035156,4229100
2021-10-12,77.08999633789062,77.91999816894531,76.3499984741211,77.2699966430664,6138200
2021-10-13,77.52999877929688,77.72000122070312,74.91999816894531,76.2699966430664,6066000
2021-10-14,77.22000122070312,78.37999725341797,76.63999938964844,78.11000061035156,4799500
2021-10-15,79.41999816894531,81.0,78.36000061035156,80.9000015258789,9004400
2021-10-18,80.75,81.23999786376953,79.70999908447266,80.55000305175781,6323200
2021-10-19,80.58999633789062,81.62999725341797,80.2300033569336,81.54000091552734,5346500
2021-10-20,81.13999938964844,81.80999755859375,80.58000183105469,81.58999633789062,6157200
2021-10-21,81.5,82.56999969482422,80.73999786376953,82.23999786376953,5938000
2021-10-22,82.37000274658203,83.73999786376953,82.26000213623047,83.55000305175781,5740200
2021-10-25,83.69000244140625,84.01000213623047,82.8499984741211,82.88999938964844,4213500
2021-10-26,83.48999786376953,84.48999786376953,83.0199966430664,83.05999755859375,6362400
2021-10-27,82.66999816894531,83.7300033569336,81.08999633789062,81.1500015258789,6539200
2021-10-28,81.51000213623047,82.4000015258789,81.33999633789062,81.98999786376953,3579600
2021-10-29,82.0,82.70999908447266,81.73999786376953,82.02999877929688,4421600
2021-11-01,82.55000305175781,82.77999877929688,81.41000366210938,81.87000274658203,4095700
2021-11-02,81.87999725341797,82.5199966430664,81.37999725341797,81.7699966430664,3682600
2021-11-03,81.70999908447266,83.8499984741211,81.51000213623047,83.33000183105469,7051500
2021-11-04,82.94999694824219,83.12999725341797,80.30999755859375,81.44999694824219,5782900
2021-11-05,82.0999984741211,82.95999908447266,80.81999969482422,81.1500015258789,4107600
2021-11-08,81.72000122070312,82.66000366210938,81.37999725341797,81.68000030517578,3420000
2021-11-09,80.9000015258789,81.36000061035156,79.93000030517578,80.77999877929688,4193800
2021-11-10,80.33000183105469,81.06999969482422,79.81999969482422,80.75,4739000
2021-11-11,81.20999908447266,82.08000183105469,80.56999969482422,81.4000015258789,2794800
2021-11-12,81.33999633789062,82.31999969482422,80.61000061035156,82.11000061035156,4681400
2021-11-15,82.48999786376953,82.55000305175781,81.62000274658203,81.91999816894531,3302400
2021-11-16,81.73999786376953,82.16999816894531,81.05000305175781,81.80999755859375,4383200
2021-11-17,81.52999877929688,81.75,80.1500015258789,81.41999816894531,5613500
2021-11-18,81.69999694824219,82.08000183105469,81.22000122070312,81.72000122070312,3297500
2021-11-19,80.76000213623047,80.98999786376953,78.8499984741211,80.16999816894531,6394900
2021-11-22,81.22000122070312,83.27999877929688,81.0,81.91999816894531,5896200
2021-11-23,82.33000183105469,83.12999725341797,81.6500015258789,82.94000244140625,4321800
2021-11-24,82.38999938964844,83.45999908447266,82.38999938964844,83.13999938964844,4725400
2021-11-26,79.72000122070312,79.81999969482422,77.94000244140625,79.1500015258789,5773800
2021-11-29,80.43000030517578,80.87999725341797,78.93000030517578,80.0999984741211,6017600
2021-11-30,78.79000091552734,79.0999984741211,77.22000122070312,77.38999938964844,9711300
2021-12-01,79.5999984741211,80.29000091552734,76.45999908447266,76.52999877929688,6029400
2021-12-02,77.27999877929688,80.5,76.87999725341797,80.12000274658203,8382000
2021-12-03,80.5,81.0,77.66000366210938,78.47000122070312,7344000
2021-12-06,79.69000244140625,80.9800033569336,78.6500015258789,80.37000274658203,4488800
2021-12-07,81.30000305175781,82.22000122070312,80.9000015258789,81.30999755859375,4333000
2021-12-08,81.29000091552734,81.88999938964844,80.51000213623047,81.19999694824219,4138300
2021-12-09,80.72000122070312,81.81999969482422,80.30999755859375,80.66000366210938,3652800
2021-12-10,81.18000030517578,81.18000030517578,79.62000274658203,80.80999755859375,3864900
2021-12-13,80.4800033569336,80.68000030517578,78.77999877929688,79.37999725341797,5057400
2021-12-14,79.26000213623047,81.2699966430664,79.02999877929688,80.79000091552734,6068800
2021-12-15,80.9000015258789,81.87999725341797,79.55000305175781,81.5999984741211,5307200
2021-12-16,83.5,85.75,82.98999786376953,83.88999938964844,9825000
2021-12-17,83.5199966430664,84.19000244140625,81.62000274658203,82.94999694824219,13350300
2021-12-20,81.62000274658203,81.62000274658203,78.95999908447266,80.68000030517578,6446300
2021-12-21,81.72000122070312,83.26000213623047,81.72000122070312,83.19000244140625,4353500
2021-12-22,82.98999786376953,84.5,82.61000061035156,84.37999725341797,3945200
2021-12-23,85.05999755859375,86.0,85.04000091552734,85.12999725341797,3570400
2021-12-27,85.3499984741211,85.81999969482422,85.0199966430664,85.81999969482422,2815000
2021-12-28,85.62000274658203,86.43000030517578,85.26000213623047,85.5,2719000
2021-12-29,85.54000091552734,86.16000366210938,84.69999694824219,84.95999908447266,4196900
2021-12-30,85.16000366210938,86.19000244140625,84.38999938964844,84.4800033569336,3079200
2021-12-31,84.41999816894531,84.79000091552734,83.72000122070312,84.0999984741211,3223200
2022-01-03,84.56999969482422,85.86000061035156,84.13999938964844,85.76000213623047,6739700
2022-01-04,87.02999877929688,90.8499984741211,86.80999755859375,89.95999908447266,12870700
2022-01-05,90.0,90.66000366210938,89.30000305175781,89.30999755859375,9568800
2022-01-06,90.91000366210938,91.5,89.44999694824219,90.73999786376953,7941200
2022-01-07,90.55000305175781,92.31999969482422,90.0999984741211,91.73999786376953,7344300
2022-01-10,91.4800033569336,92.13999938964844,88.97000122070312,91.6500015258789,6821800
2022-01-11,92.36000061035156,94.0999984741211,91.7300033569336,93.91000366210938,8977700
2022-01-12,94.3499984741211,95.05000305175781,93.37000274658203,94.81999969482422,8669100
2022-01-13,93.4000015258789,94.75,92.86000061035156,93.37999725341797,9123000
2022-01-14,93.0,95.62000274658203,92.58999633789062,95.52999877929688,10057100
2022-01-18,94.91000366210938,95.01000213623047,89.63999938964844,92.16000366210938,15343500
2022-01-19,93.0,93.31999969482422,90.97000122070312,91.51000213623047,9110700
2022-01-20,92.52999877929688,93.31999969482422,91.41999816894531,91.43000030517578,8790900
2022-01-21,91.06999969482422,91.06999969482422,88.33000183105469,89.19999694824219,9773200
2022-01-24,86.44999694824219,89.05999755859375,85.18000030517578,88.70999908447266,13314700
2022-01-25,87.2699966430664,89.69000244140625,85.73999786376953,88.52999877929688,9155100
2022-01-26,89.98999786376953,91.27999877929688,89.0,90.01000213623047,8703900
2022-01-27,91.01000213623047,92.9000015258789,89.05000305175781,89.69999694824219,10986500
2022-01-28,88.95999908447266,90.43000030517578,86.18000030517578,88.91000366210938,13898000
2022-01-31,87.87000274658203,88.2699966430664,84.91999816894531,87.69999694824219,12540800
2022-02-01,88.62000274658203,90.41000366210938,87.58000183105469,90.05999755859375,9309100
2022-02-02,89.94999694824219,90.69999694824219,88.30000305175781,90.36000061035156,6511500
2022-02-03,90.33999633789062,91.5999984741211,88.75,88.88999938964844,7044400
2022-02-04,88.94999694824219,93.06999969482422,88.94999694824219,91.9000015258789,8962400
2022-02-07,92.55999755859375,93.83999633789062,91.88999938964844,93.13999938964844,5368300
2022-02-08,93.7699966430664,95.27999877929688,93.69000244140625,94.95999908447266,8092700
2022-02-09,95.63999938964844,96.23999786376953,94.2300033569336,94.5199966430664,5545100
2022-02-10,93.66000366210938,95.5199966430664,92.51000213623047,92.8499984741211,9336400
2022-02-11,92.2300033569336,92.63999938964844,88.51000213623047,89.11000061035156,12520300
2022-02-14,89.22000122070312,89.37000274658203,86.2300033569336,87.73999786376953,9735700
2022-02-15,89.1500015258789,90.41999816894531,88.9000015258789,89.63999938964844,6049500
2022-02-16,88.55999755859375,89.83999633789062,88.23999786376953,89.33000183105469,4936600
2022-02-17,88.0,88.33999633789062,85.91000366210938,86.0199966430664,7858200
2022-02-18,85.7300033569336,86.8499984741211,85.33999633789062,85.61000061035156,5605800
2022-02-22,85.2699966430664,86.30000305175781,84.12000274658203,84.56999969482422,7000700
2022-02-23,85.37000274658203,86.5199966430664,82.18000030517578,82.55000305175781,7808600
2022-02-24,79.16999816894531,82.58999633789062,77.5199966430664,82.2699966430664,10687500
2022-02-25,82.41999816894531,86.47000122070312,82.37999725341797,85.75,9128100
2022-02-28,83.01000213623047,85.48999786376953,82.63999938964844,84.45999908447266,9401400
2022-03-01,83.16000366210938,83.62000274658203,76.51000213623047,77.86000061035156,14470700
2022-03-02,79.0,82.54000091552734,78.81999969482422,81.80999755859375,10446900
2022-03-03,82.0,82.29000091552734,80.04000091552734,80.70999908447266,6544700
2022-03-04,78.5,79.5999984741211,77.66000366210938,79.2300033569336,6676000
2022-03-07,78.38999938964844,79.27999877929688,76.2300033569336,76.36000061035156,7950500
2022-03-08,77.1500015258789,77.69999694824219,74.62999725341797,75.69000244140625,7100700
2022-03-09,79.18000030517578,80.16000366210938,78.16000366210938,79.38999938964844,5883900
2022-03-10,78.12999725341797,79.83000183105469,77.70999908447266,79.6500015258789,5030900
2022-03-11,81.30000305175781,81.6500015258789,80.16000366210938,80.23999786376953,6321000
2022-03-14,82.30000305175781,84.81999969482422,81.83000183105469,83.26000213623047,9527100
2022-03-15,84.11000061035156,84.37999725341797,82.30000305175781,83.16999816894531,5805400
2022-03-16,84.94999694824219,88.98999786376953,84.56999969482422,88.94000244140625,10413500
2022-03-17,87.72000122070312,89.81999969482422,86.76000213623047,89.77999877929688,6689600
2022-03-18,89.98999786376953,90.7699966430664,89.43000030517578,90.0,13003200
2022-03-21,90.05000305175781,90.33000183105469,88.23999786376953,89.01000213623047,5782200
2022-03-22,90.26000213623047,93.0,90.26000213623047,92.19999694824219,8382700
2022-03-23,91.2300033569336,92.02999877929688,89.75,89.75,6159300
2022-03-24,90.61000061035156,91.51000213623047,89.88999938964844,90.93000030517578,6164600
2022-03-25,89.98999786376953,91.47000122070312,89.2300033569336,91.36000061035156,6894600
2022-03-28,91.44999694824219,91.8499984741211,90.6500015258789,91.80000305175781,4194000
2022-03-29,93.06999969482422,93.16000366210938,91.02999877929688,91.22000122070312,6072600
2022-03-30,91.41999816894531,91.52999877929688,88.37999725341797,88.76000213623047,7478300
2022-03-31,88.44999694824219,88.80000305175781,84.19000244140625,84.30999755859375,12792300
2022-04-01,85.37000274658203,85.52999877929688,82.72000122070312,83.54000091552734,10638900
2022-04-04,83.08000183105469,84.01000213623047,82.08999633789062,82.30000305175781,9851100
2022-04-05,82.27999877929688,84.4000015258789,81.66000366210938,81.86000061035156,8913800
2022-04-06,81.19999694824219,82.48999786376953,80.62999725341797,80.87000274658203,7083100
2022-04-07,80.43000030517578,80.69000244140625,78.5999984741211,80.02999877929688,8144100
2022-04-08,80.69999694824219,82.27999877929688,80.12999725341797,81.69000244140625,6617700
2022-04-11,81.62000274658203,83.47000122070312,81.12999725341797,81.58000183105469,5632300
2022-04-12,81.69000244140625,82.76000213623047,79.58000183105469,80.06999969482422,7596900
2022-04-13,80.08000183105469,84.05000305175781,79.69000244140625,83.83000183105469,9598100
2022-04-14,84.0,85.58999633789062,82.45999908447266,82.75,11563000
2022-04-18,76.30000305175781,77.0,72.9000015258789,74.94000244140625,24023500
2022-04-19,75.04000091552734,77.68000030517578,74.98999786376953,76.9000015258789,15361200
2022-04-20,77.55999755859375,78.12999725341797,76.3499984741211,76.44999694824219,8671300
2022-04-21,77.61000061035156,78.23999786376953,70.77999877929688,73.2699966430664,18283400
2022-04-22,73.30000305175781,73.5199966430664,70.25,70.31999969482422,11945500
2022-04-25,69.61000061035156,70.7300033569336,68.55000305175781,70.30999755859375,9841800
2022-04-26,69.76000213623047,70.5999984741211,68.51000213623047,68.54000091552734,8661200
2022-04-27,69.0,70.33999633789062,68.54000091552734,68.58000183105469,6988200
2022-04-28,69.12999725341797,69.62000274658203,67.55000305175781,69.12000274658203,6481100
2022-04-29,69.0,69.61000061035156,66.1500015258789,66.33000183105469,7744600
2022-05-02,67.62000274658203,68.72000122070312,66.45999908447266,67.88999938964844,8411800
2022-05-03,68.1500015258789,70.0199966430664,67.94000244140625,69.45999908447266,9513300
2022-05-04,69.58000183105469,71.5999984741211,68.87000274658203,71.36000061035156,6842000
2022-05-05,70.4000015258789,70.55000305175781,68.33999633789062,69.8499984741211,7036300
2022-05-06,69.33000183105469,69.55000305175781,66.72000122070312,67.41999816894531,8118100
2022-05-09,66.44000244140625,66.48999786376953,63.779998779296875,64.12999725341797,9216400
2022-05-10,64.75,65.7699966430664,63.4900016784668,64.58000183105469,6661700
2022-05-11,65.01000213623047,67.5,64.54000091552734,65.12000274658203,10257400
2022-05-12,64.68000030517578,65.77999877929688,63.34000015258789,64.94999694824219,8308100
2022-05-13,65.7699966430664,66.18000030517578,64.91000366210938,65.61000061035156,6799100
2022-05-16,64.75,65.30000305175781,63.400001525878906,64.04000091552734,6051600
2022-05-17,65.69999694824219,66.27999877929688,64.33000183105469,65.19999694824219,8095200
2022-05-18,64.41999816894531,64.45999908447266,62.84000015258789,63.27000045776367,7867300
2022-05-19,62.209999084472656,63.65999984741211,61.95000076293945,62.65999984741211,9179100
2022-05-20,63.31999969482422,63.630001068115234,61.529998779296875,63.279998779296875,7793700
2022-05-23,64.12999725341797,65.31999969482422,63.560001373291016,65.2699966430664,6723400
2022-05-24,64.91000366210938,64.98999786376953,62.849998474121094,63.939998626708984,5758700
2022-05-25,63.869998931884766,66.75,63.36000061035156,65.80000305175781,10584800
2022-05-26,66.91999816894531,69.44000244140625,66.8499984741211,68.81999969482422,7846700
2022-05-27,69.20999908447266,70.62999725341797,68.87000274658203,70.58999633789062,7402900
2022-05-31,70.12000274658203,70.9800033569336,69.7300033569336,70.0999984741211,11549000
2022-06-01,70.58999633789062,70.94999694824219,68.87999725341797,69.56999969482422,5065800
2022-06-02,70.0,71.7300033569336,69.26000213623047,71.66999816894531,5380700
2022-06-03,70.48999786376953,71.31999969482422,69.94000244140625,70.06999969482422,3561900
2022-06-06,71.08999633789062,71.43000030517578,67.87999725341797,68.05999755859375,8687300
2022-06-07,67.13999938964844,67.6500015258789,66.51000213623047,67.48999786376953,14689200
2022-06-08,66.5,66.80999755859375,65.36000061035156,65.7300033569336,10059100
2022-06-09,65.6500015258789,65.95999908447266,64.20999908447266,64.25,7698400
2022-06-10,63.209999084472656,63.209999084472656,61.66999816894531,62.220001220703125,8355100
2022-06-13,60.209999084472656,61.619998931884766,59.349998474121094,60.2400016784668,12359000
2022-06-14,60.939998626708984,62.029998779296875,60.11000061035156,61.11000061035156,11800900
2022-06-15,61.880001068115234,62.91999816894531,61.25,61.5099983215332,11274400
2022-06-16,60.279998779296875,61.0,59.79999923706055,60.86000061035156,9045900
2022-06-17,61.47999954223633,61.619998931884766,59.91999816894531,59.9900016784668,16943900
2022-06-21,62.290000915527344,63.61000061035156,62.06999969482422,62.380001068115234,10367600
2022-06-22,61.38999938964844,62.86000061035156,61.220001220703125,62.439998626708984,6636600
2022-06-23,62.59000015258789,62.81999969482422,60.790000915527344,62.029998779296875,6216700
2022-06-24,62.83000183105469,64.68000030517578,62.709999084472656,64.43000030517578,16120000
2022-06-27,65.4000015258789,65.4000015258789,63.5099983215332,64.1500015258789,6530900
2022-06-28,65.13999938964844,65.61000061035156,63.970001220703125,64.16999816894531,7243500
2022-06-29,64.1500015258789,64.44999694824219,63.13999938964844,63.619998931884766,5628900
2022-06-30,62.52000045776367,63.52000045776367,60.9900016784668,63.18000030517578,7550100
2022-07-01,63.189998626708984,63.970001220703125,62.439998626708984,63.91999816894531,4653800
2022-07-05,62.66999816894531,63.400001525878906,61.38999938964844,63.38999938964844,4476900
2022-07-06,62.9900016784668,64.08999633789062,62.72999954223633,63.439998626708984,6266000
2022-07-07,63.91999816894531,64.47000122070312,63.650001525878906,64.23999786376953,4713500
2022-07-08,64.12000274658203,64.55999755859375,63.18000030517578,64.36000061035156,4558600
2022-07-11,63.56999969482422,63.630001068115234,62.709999084472656,62.939998626708984,4999200
2022-07-12,62.439998626708984,63.86000061035156,62.04999923706055,62.25,6283000
2022-07-13,61.380001068115234,62.0,60.720001220703125,61.54999923706055,4370300
2022-07-14,60.290000915527344,61.16999816894531,59.59000015258789,60.56999969482422,5681100
2022-07-15,61.349998474121094,62.529998779296875,60.939998626708984,62.18000030517578,7219800
2022-07-18,63.689998626708984,63.689998626708984,60.83000183105469,61.2400016784668,9338600
2022-07-19,61.95000076293945,63.369998931884766,61.68000030517578,63.20000076293945,6802700
2022-07-20,63.18000030517578,63.54999923706055,62.400001525878906,62.83000183105469,6765800
2022-07-21,63.0,63.150001525878906,61.959999084472656,63.130001068115234,6901300
2022-07-22,63.369998931884766,63.88999938964844,62.619998931884766,62.9900016784668,6794100
2022-07-25,63.5,63.93000030517578,63.0099983215332,63.65999984741211,6720300
2022-07-26,63.41999816894531,63.43000030517578,60.93000030517578,61.16999816894531,5592300
2022-07-27,61.349998474121094,62.849998474121094,61.150001525878906,62.5099983215332,5267500
2022-07-28,64.11000061035156,67.7300033569336,62.81999969482422,67.69999694824219,16393500
2022-07-29,67.69999694824219,70.2699966430664,67.62000274658203,69.05000305175781,9927900
2022-08-01,67.94000244140625,69.11000061035156,67.30000305175781,68.72000122070312,5941400
2022-08-02,65.70999908447266,68.0,65.58999633789062,67.55000305175781,13210100
2022-08-03,68.58000183105469,69.5999984741211,68.45999908447266,68.9800033569336,6793600
2022-08-04,69.11000061035156,69.41999816894531,68.5,69.0,5798900
2022-08-05,68.30000305175781,70.30999755859375,68.16999816894531,69.30999755859375,4870900
2022-08-08,69.37000274658203,69.61000061035156,68.06999969482422,68.44999694824219,4403900
2022-08-09,68.80999755859375,69.12999725341797,68.38999938964844,69.04000091552734,3940000
2022-08-10,70.0,70.30000305175781,68.94000244140625,69.94000244140625,6992600
2022-08-11,70.8499984741211,72.7699966430664,70.7699966430664,72.56999969482422,16375600
2022-08-12,73.0,75.19999694824219,71.88999938964844,75.0,15009800
2022-08-15,74.18000030517578,76.55000305175781,73.93000030517578,75.86000061035156,12471500
2022-08-16,75.36000061035156,77.41000366210938,75.2699966430664,77.18000030517578,11219100
2022-08-17,75.8499984741211,76.70999908447266,74.98999786376953,75.45999908447266,9084300
2022-08-18,75.3499984741211,76.16999816894531,75.01000213623047,75.75,3790300
2022-08-19,75.0999984741211,75.23999786376953,73.44999694824219,73.86000061035156,5133600
2022-08-22,72.5,72.94999694824219,71.8499984741211,72.55000305175781,3994900
2022-08-23,72.2699966430664,73.12999725341797,72.19999694824219,72.79000091552734,3902800
2022-08-24,72.94000244140625,73.76000213623047,72.72000122070312,73.31999969482422,3712200
2022-08-25,73.68000030517578,74.30000305175781,73.26000213623047,74.0,4297600
2022-08-26,74.44999694824219,74.61000061035156,71.83000183105469,71.88999938964844,5369800
2022-08-29,71.5199966430664,72.88999938964844,71.05999755859375,71.94000244140625,5363600
2022-08-30,72.4800033569336,72.9000015258789,70.91999816894531,72.5,6952100
2022-08-31,72.83999633789062,72.83999633789062,70.94000244140625,70.94999694824219,7519000
2022-09-01,71.0,71.8499984741211,69.4000015258789,71.72000122070312,5949300
2022-09-02,72.05000305175781,72.44000244140625,70.0,70.33999633789062,6188300
2022-09-06,71.02999877929688,71.33999633789062,69.41999816894531,70.47000122070312,4903600
2022-09-07,69.94000244140625,72.16999816894531,69.87999725341797,71.79000091552734,5208000
2022-09-08,71.69000244140625,73.30999755859375,71.25,73.16000366210938,5304000
2022-09-09,73.80000305175781,74.86000061035156,73.68000030517578,74.54000091552734,6471700
2022-09-12,74.68000030517578,75.0199966430664,73.95999908447266,74.91999816894531,4511700
2022-09-13,73.13999938964844,73.86000061035156,72.5199966430664,72.94999694824219,5310200
2022-09-14,73.13999938964844,73.4000015258789,72.04000091552734,72.75,5270000
2022-09-15,71.58000183105469,73.4800033569336,71.56999969482422,72.58000183105469,4910100
2022-09-16,71.95999908447266,72.19999694824219,70.69000244140625,71.87000274658203,12599100
2022-09-19,71.2699966430664,73.87999725341797,71.12000274658203,73.70999908447266,7608900
2022-09-20,73.08000183105469,74.5199966430664,72.9000015258789,73.3499984741211,7442400
2022-09-21,74.36000061035156,75.33999633789062,72.8499984741211,72.91000366210938,8087200
2022-09-22,73.58000183105469,74.16999816894531,71.5999984741211,72.05999755859375,8132800
2022-09-23,71.1500015258789,71.33000183105469,69.80999755859375,70.88999938964844,7988600
2022-09-26,70.45999908447266,71.9800033569336,70.2699966430664,70.88999938964844,10467400
2022-09-27,71.7699966430664,72.66000366210938,70.6500015258789,71.62999725341797,6557600
2022-09-28,71.5999984741211,73.7699966430664,71.48999786376953,73.25,8273400
2022-09-29,72.38999938964844,73.26000213623047,71.56999969482422,72.63999938964844,7057500
2022-09-30,72.44000244140625,73.63999938964844,71.33999633789062,71.87000274658203,7633200
2022-10-03,72.94999694824219,73.48999786376953,72.01000213623047,73.20999908447266,8144000
2022-10-04,74.68000030517578,76.58999633789062,74.58000183105469,76.22000122070312,8491600
2022-10-05,75.45999908447266,76.79000091552734,75.30000305175781,75.93000030517578,6384300
2022-10-06,75.73999786376953,77.04000091552734,75.5,75.98999786376953,6276900
2022-10-07,75.5,75.87999725341797,73.58999633789062,74.30999755859375,8063000
2022-10-10,74.83999633789062,75.30999755859375,73.25,73.55999755859375,6192300
2022-10-11,72.87999725341797,73.11000061035156,71.2300033569336,71.70999908447266,9676100
2022-10-12,71.70999908447266,72.66999816894531,70.73999786376953,71.88999938964844,8460000
2022-10-13,70.31999969482422,74.58000183105469,70.08999633789062,74.06999969482422,9491900
2022-10-14,74.31999969482422,75.0,68.45999908447266,68.9800033569336,13326300
2022-10-17,70.56999969482422,70.56999969482422,65.38999938964844,67.43000030517578,20113300
2022-10-18,69.63999938964844,70.94000244140625,68.2699966430664,68.61000061035156,11732200
2022-10-19,68.20999908447266,69.62000274658203,68.19999694824219,68.70999908447266,5917800
2022-10-20,68.66000366210938,69.9800033569336,67.83000183105469,68.0,7761700
2022-10-21,68.26000213623047,70.3499984741211,67.7699966430664,70.31999969482422,6621300
2022-10-24,70.30999755859375,71.29000091552734,69.5199966430664,70.69999694824219,5456300
2022-10-25,70.94000244140625,72.68000030517578,70.63999938964844,72.45999908447266,5144600
2022-10-26,72.5999984741211,74.30999755859375,72.5999984741211,72.94999694824219,5788500
2022-10-27,73.47000122070312,77.77999877929688,73.30999755859375,77.33000183105469,16821900
2022-10-28,78.63999938964844,80.69000244140625,78.08000183105469,80.19000244140625,11482000
2022-10-31,79.88999938964844,80.4800033569336,78.97000122070312,79.66999816894531,10450800
2022-11-01,80.08000183105469,81.08000183105469,79.43000030517578,79.88999938964844,5430600
2022-11-02,79.72000122070312,80.63999938964844,78.36000061035156,78.93000030517578,5139100
2022-11-03,78.22000122070312,80.04000091552734,77.58999633789062,78.94999694824219,5370400
2022-11-04,79.98999786376953,80.86000061035156,78.88999938964844,79.05000305175781,9053600
2022-11-07,79.36000061035156,79.68000030517578,78.22000122070312,79.6500015258789,5633700
2022-11-08,80.0,80.36000061035156,79.0,79.62999725341797,5142500
2022-11-09,79.41000366210938,79.69999694824219,78.12999725341797,78.2699966430664,4194300
2022-11-10,80.44000244140625,80.95999908447266,76.05999755859375,78.55999755859375,12947100
2022-11-11,79.94000244140625,80.19000244140625,77.51000213623047,78.36000061035156,12172300
2022-11-14,77.12999725341797,77.47000122070312,75.62000274658203,76.47000122070312,12606400
2022-11-15,77.44000244140625,78.94999694824219,77.19999694824219,78.30000305175781,6709500
2022-11-16,78.0199966430664,78.36000061035156,77.37999725341797,77.41000366210938,6278100
2022-11-17,76.36000061035156,78.04000091552734,76.0,77.9000015258789,6787200
2022-11-18,78.97000122070312,80.2300033569336,78.83999633789062,79.80999755859375,7540900
2022-11-21,79.93000030517578,80.30000305175781,79.47000122070312,80.0,5858500
2022-11-22,80.77999877929688,82.20999908447266,80.66000366210938,81.26000213623047,6901000
2022-11-23,81.77999877929688,82.38999938964844,81.26000213623047,81.41000366210938,4386400
2022-11-25,81.63999938964844,81.77999877929688,80.87999725341797,81.61000061035156,1683400
2022-11-28,80.91999816894531,81.2699966430664,79.75,79.83000183105469,5833900
2022-11-29,79.80999755859375,80.83000183105469,79.80999755859375,80.38999938964844,6043100
2022-11-30,80.04000091552734,82.66000366210938,79.56999969482422,82.54000091552734,10237600
2022-12-01,82.58000183105469,82.66999816894531,80.75,81.7300033569336,6122000
2022-12-02,81.27999877929688,82.54000091552734,80.7300033569336,82.45999908447266,4227000
2022-12-05,81.72000122070312,81.98999786376953,80.38999938964844,81.23999786376953,4943200
2022-12-06,80.9800033569336,81.80999755859375,80.04000091552734,80.58999633789062,4989600
2022-12-07,80.13999938964844,81.26000213623047,79.98999786376953,80.19000244140625,5911100
2022-12-08,80.81999969482422,80.8499984741211,79.83999633789062,80.25,3898800
2022-12-09,79.91999816894531,80.30000305175781,79.7300033569336,79.81999969482422,5098400
2022-12-12,79.5999984741211,80.55000305175781,79.51000213623047,80.29000091552734,6803900
2022-12-13,82.02999877929688,82.29000091552734,77.30000305175781,77.75,10448800
2022-12-14,77.5,79.01000213623047,77.01000213623047,77.31999969482422,8753100
2022-12-15,76.72000122070312,77.31999969482422,75.9800033569336,77.05999755859375,7854500
2022-12-16,76.66999816894531,78.55999755859375,76.55000305175781,78.19000244140625,13857700
2022-12-19,78.25,79.54000091552734,78.0199966430664,78.26000213623047,6478200
2022-12-20,78.76000213623047,80.16999816894531,78.41000366210938,79.55999755859375,7110700
2022-12-21,80.55999755859375,81.69999694824219,80.5199966430664,81.25,7123500
2022-12-22,81.11000061035156,81.44000244140625,79.83000183105469,80.80000305175781,6124600
2022-12-23,80.77999877929688,82.1500015258789,80.26000213623047,81.7699966430664,4756400
2022-12-27,82.11000061035156,82.7699966430664,81.70999908447266,82.22000122070312,5346500
2022-12-28,82.37000274658203,82.98999786376953,81.94000244140625,82.3499984741211,3382700
2022-12-29,82.75,82.97000122070312,82.23999786376953,82.66000366210938,3378500
2022-12-30,82.22000122070312,83.37999725341797,82.0,83.26000213623047,5058400
2023-01-03,83.56999969482422,83.8499984741211,81.23999786376953,81.94000244140625,7443200
2023-01-04,83.19000244140625,83.7300033569336,82.20999908447266,83.3499984741211,6199100
2023-01-05,82.9000015258789,83.5999984741211,82.19999694824219,83.11000061035156,4562400
2023-01-06,84.01000213623047,84.97000122070312,83.20999908447266,84.54000091552734,6462600
2023-01-09,85.0,86.62999725341797,84.83999633789062,85.43000030517578,8036900
2023-01-10,85.43000030517578,85.91999816894531,84.97000122070312,85.62000274658203,3986600
2023-01-11,85.55000305175781,85.91000366210938,83.08999633789062,83.41999816894531,10252000
2023-01-12,83.63999938964844,84.04000091552734,82.72000122070312,83.4800033569336,8211600
2023-01-13,82.76000213623047,83.18000030517578,81.54000091552734,82.9800033569336,9309500
2023-01-17,82.75,84.51000213623047,81.87999725341797,83.48999786376953,9365000
2023-01-18,81.5,81.86000061035156,79.33999633789062,81.37999725341797,14026500
2023-01-19,77.97000122070312,78.4000015258789,75.47000122070312,76.31999969482422,23537100
2023-01-20,76.69999694824219,78.04000091552734,76.47000122070312,77.02999877929688,11544500
2023-01-23,76.51000213623047,77.9000015258789,76.51000213623047,77.7300033569336,8610500
2023-01-24,77.18000030517578,79.76000213623047,77.18000030517578,79.25,6555600
2023-01-25,78.12000274658203,79.58999633789062,78.08999633789062,79.20999908447266,7206500
2023-01-26,79.55000305175781,79.66000366210938,77.75,78.05000305175781,11540300
2023-01-27,78.41000366210938,79.08000183105469,74.12000274658203,74.69000244140625,19831100
2023-01-30,74.33000183105469,76.3499984741211,73.56999969482422,75.5,14849100
2023-01-31,75.4800033569336,77.47000122070312,75.36000061035156,77.41999816894531,12526800
2023-02-01,77.08999633789062,79.11000061035156,77.08999633789062,78.25,9718100
2023-02-02,78.29000091552734,78.41000366210938,75.72000122070312,76.62000274658203,13198100
2023-02-03,76.76000213623047,80.19000244140625,76.73999786376953,79.0199966430664,9523200
2023-02-06,78.94999694824219,80.66000366210938,78.9000015258789,79.86000061035156,7816300
2023-02-07,79.12999725341797,81.55000305175781,79.0,81.19000244140625,5974400
2023-02-08,80.08999633789062,81.95999908447266,80.08999633789062,80.61000061035156,7128600
2023-02-09,80.37999725341797,80.8499984741211,78.91999816894531,79.58000183105469,6292800
2023-02-10,79.5999984741211,80.73999786376953,79.41999816894531,80.45999908447266,4809400
2023-02-13,80.5,81.36000061035156,80.38999938964844,80.41999816894531,5760000
2023-02-14,81.0,81.55999755859375,80.37000274658203,80.7699966430664,4482200
2023-02-15,80.36000061035156,81.18000030517578,80.0,80.4800033569336,4184800
2023-02-16,79.56999969482422,81.0999984741211,79.36000061035156,80.33999633789062,4665100
2023-02-17,79.97000122070312,80.94999694824219,79.87000274658203,80.31999969482422,4764700
2023-02-21,79.66999816894531,80.62999725341797,79.5999984741211,79.9000015258789,5828300
2023-02-22,79.66999816894531,80.18000030517578,79.08999633789062,80.0,5389100
2023-02-23,80.33000183105469,80.55000305175781,78.68000030517578,78.97000122070312,5260800
2023-02-24,78.80000305175781,80.80999755859375,78.61000061035156,80.5999984741211,6470400
2023-02-27,81.12000274658203,81.31999969482422,77.7300033569336,77.87999725341797,7722100
2023-02-28,78.16000366210938,78.80000305175781,77.33999633789062,77.91999816894531,9474800
2023-03-01,77.72000122070312,78.18000030517578,76.30999755859375,77.41000366210938,7389500
2023-03-02,76.86000061035156,77.5,75.43000030517578,76.08999633789062,8579900
2023-03-03,76.37000274658203,77.80999755859375,76.0,77.41000366210938,5845600
2023-03-06,76.63999938964844,77.31999969482422,75.94000244140625,76.5999984741211,6969900
2023-03-07,76.4000015258789,76.63999938964844,74.87999725341797,74.94999694824219,6377900
2023-03-08,74.9000015258789,76.47000122070312,74.80999755859375,76.19999694824219,5371900
2023-03-09,72.61000061035156,73.16000366210938,64.36000061035156,66.47000122070312,40220100
2023-03-10,65.66000366210938,65.66000366210938,57.310001373291016,58.70000076293945,88882900
2023-03-13,51.7599983215332,54.900001525878906,45.0,51.90999984741211,148476900
2023-03-14,59.290000915527344,61.11000061035156,55.0,56.68000030517578,112494900
2023-03-15,57.04999923706055,59.97999954223633,54.540000915527344,59.54999923706055,87012300
2023-03-16,58.40999984741211,60.0,55.84000015258789,57.880001068115234,66199500
2023-03-17,56.529998779296875,57.310001373291016,53.7599983215332,56.40999984741211,64528800
2023-03-20,58.560001373291016,59.970001220703125,55.95000076293945,56.11000061035156,46523700
2023-03-21,58.5,60.0,57.31999969482422,59.470001220703125,39433900
2023-03-22,59.060001373291016,59.290000915527344,56.25,56.2599983215332,35735700
2023-03-23,56.150001525878906,56.88999938964844,52.79999923706055,52.88999938964844,46162500
2023-03-24,52.09000015258789,54.11000061035156,51.11000061035156,53.2599983215332,45393100
2023-03-27,54.81999969482422,55.29999923706055,54.099998474121094,54.86000061035156,27218100
2023-03-28,54.34000015258789,54.540000915527344,52.970001220703125,53.849998474121094,23163200
2023-03-29,53.970001220703125,55.2400016784668,53.09000015258789,55.209999084472656,26360200
2023-03-30,53.77000045776367,54.16999816894531,51.869998931884766,52.470001220703125,45460400
2023-03-31,52.45000076293945,52.650001525878906,50.7599983215332,52.380001068115234,43886100
2023-04-03,52.779998779296875,53.59000015258789,51.540000915527344,51.56999969482422,24883200
2023-04-04,51.650001525878906,51.939998626708984,49.88999938964844,50.0,29144500
2023-04-05,49.06999969482422,49.41999816894531,48.36000061035156,48.869998931884766,37753000
2023-04-06,48.79999923706055,49.7400016784668,48.56999969482422,49.349998474121094,28155000
2023-04-10,49.5099983215332,52.16999816894531,49.4900016784668,51.720001220703125,31528500
2023-04-11,51.54999923706055,52.290000915527344,51.22999954223633,51.709999084472656,19861900
2023-04-12,52.06999969482422,52.779998779296875,51.27000045776367,51.91999816894531,19174400
2023-04-13,51.619998931884766,51.95000076293945,51.29999923706055,51.4900016784668,16165100
2023-04-14,52.15999984741211,52.279998779296875,50.119998931884766,50.77000045776367,32171900
2023-04-17,49.5,52.81999969482422,49.0,52.77000045776367,52377600
2023-04-18,52.5,54.25,52.279998779296875,54.0,36872300
2023-04-19,54.0,56.27000045776367,53.9900016784668,55.54999923706055,35415600
2023-04-20,54.560001373291016,55.880001068115234,53.75,54.0,24735700
2023-04-21,54.2599983215332,54.310001373291016,53.099998474121094,53.79999923706055,17572800
2023-04-24,53.650001525878906,54.220001220703125,53.0099983215332,53.119998931884766,13246100
2023-04-25,52.630001068115234,52.84000015258789,50.86000061035156,51.029998779296875,17042900
2023-04-26,50.52000045776367,51.27000045776367,50.29999923706055,50.599998474121094,11422600
2023-04-27,50.72999954223633,52.29999923706055,50.36000061035156,51.72999954223633,12315900
2023-04-28,51.15999984741211,52.43000030517578,50.79999923706055,52.2400016784668,12797300
2023-05-01,52.11000061035156,53.08000183105469,51.400001525878906,51.810001373291016,11041000
2023-05-02,51.599998474121094,51.70000076293945,49.04999923706055,50.099998474121094,20934400
2023-05-03,50.380001068115234,50.59000015258789,47.75,48.029998779296875,22505400
2023-05-04,47.18000030517578,47.599998474121094,45.650001525878906,47.369998931884766,26316200
2023-05-05,49.099998474121094,50.279998779296875,48.56999969482422,49.2400016784668,22019600
2023-05-08,49.97999954223633,50.2599983215332,47.5,47.630001068115234,19204700
2023-05-09,47.540000915527344,48.279998779296875,47.11000061035156,47.939998626708984,11467400
2023-05-10,48.63999938964844,48.720001220703125,47.20000076293945,47.54999923706055,12343400
2023-05-11,47.150001525878906,47.779998779296875,46.54999923706055,47.72999954223633,11764000
2023-05-12,48.70000076293945,49.790000915527344,48.31999969482422,48.939998626708984,19336800
2023-05-15,50.5099983215332,51.79999923706055,50.20000076293945,50.939998626708984,22098000
2023-05-16,50.66999816894531,51.20000076293945,50.08000183105469,50.09000015258789,12351700
2023-05-17,50.709999084472656,52.16999816894531,50.06999969482422,51.81999969482422,19884400
2023-05-18,51.959999084472656,52.150001525878906,51.0,51.75,12764900
2023-05-19,52.130001068115234,52.220001220703125,51.119998931884766,51.66999816894531,11963900
2023-05-22,52.0,52.13999938964844,51.2599983215332,51.970001220703125,9277400
2023-05-23,52.220001220703125,53.349998474121094,52.15999984741211,52.790000915527344,14865300
2023-05-24,52.27000045776367,52.650001525878906,51.939998626708984,52.08000183105469,10073300
2023-05-25,51.900001525878906,54.27000045776367,51.709999084472656,54.2400016784668,18822400
2023-05-26,54.220001220703125,54.5,53.380001068115234,53.66999816894531,11521400
2023-05-30,54.0,54.349998474121094,53.189998626708984,53.84000015258789,12334200
2023-05-31,53.380001068115234,53.54999923706055,52.470001220703125,52.689998626708984,17631500
2023-06-01,53.25,53.310001373291016,52.369998931884766,52.70000076293945,10750300
2023-06-02,53.150001525878906,54.66999816894531,53.150001525878906,54.369998931884766,12279800
2023-06-05,54.400001525878906,54.59000015258789,53.45000076293945,54.40999984741211,8658000
2023-06-06,53.84000015258789,54.68000030517578,53.689998626708984,54.61000061035156,10894800
2023-06-07,54.97999954223633,56.119998931884766,54.34000015258789,55.630001068115234,15622200
2023-06-08,55.459999084472656,55.599998474121094,53.90999984741211,55.029998779296875,11732600
2023-06-09,55.13999938964844,55.33000183105469,54.720001220703125,55.0,7863000
2023-06-12,54.95000076293945,55.040000915527344,53.11000061035156,53.970001220703125,11268600
2023-06-13,54.0,55.119998931884766,53.83000183105469,54.75,10611600
2023-06-14,54.20000076293945,55.34000015258789,53.709999084472656,54.349998474121094,14994400
2023-06-15,54.130001068115234,55.599998474121094,53.95000076293945,55.5099983215332,12833800
2023-06-16,55.88999938964844,55.88999938964844,54.27000045776367,54.400001525878906,19693500
2023-06-20,53.9900016784668,54.13999938964844,53.40999984741211,53.93000030517578,9151500
2023-06-21,53.79999923706055,54.119998931884766,53.40999984741211,53.970001220703125,13934100
2023-06-22,53.95000076293945,53.97999954223633,52.75,53.209999084472656,9009500
2023-06-23,52.70000076293945,53.36000061035156,52.5099983215332,53.16999816894531,21942900
2023-06-26,53.310001373291016,53.63999938964844,52.970001220703125,53.40999984741211,10131400
2023-06-27,53.7400016784668,55.400001525878906,53.06999969482422,55.220001220703125,12367300
2023-06-28,55.459999084472656,55.810001373291016,55.040000915527344,55.779998779296875,9910600
2023-06-29,56.81999969482422,57.349998474121094,56.4900016784668,57.13999938964844,15151100
2023-06-30,57.54999923706055,57.81999969482422,56.06999969482422,56.68000030517578,18007600
2023-07-03,56.63999938964844,58.099998474121094,56.63999938964844,57.720001220703125,6410600
2023-07-05,57.380001068115234,57.560001373291016,56.56999969482422,56.689998626708984,7979600
2023-07-06,56.16999816894531,56.5,55.439998626708984,55.959999084472656,8730300
2023-07-07,55.810001373291016,57.400001525878906,55.72999954223633,56.790000915527344,9493600
2023-07-10,57.75,57.9900016784668,57.09000015258789,57.83000183105469,8258900
2023-07-11,58.0,58.130001068115234,57.380001068115234,57.58000183105469,8430600
2023-07-12,58.20000076293945,58.79999923706055,58.0,58.40999984741211,8909900
2023-07-13,58.7400016784668,59.97999954223633,58.70000076293945,59.93000030517578,12598300
2023-07-14,60.2599983215332,60.27000045776367,58.47999954223633,58.52000045776367,12775200
2023-07-17,58.380001068115234,59.34000015258789,58.099998474121094,58.63999938964844,15512600
2023-07-18,64.6500015258789,66.94999694824219,64.0,66.01000213623047,45975500
2023-07-19,67.87000274658203,68.80000305175781,66.0199966430664,66.04000091552734,22153000
2023-07-20,65.97000122070312,67.9800033569336,65.77999877929688,67.94000244140625,13621600
2023-07-21,68.19000244140625,68.26000213623047,66.45999908447266,66.4800033569336,9887900
2023-07-24,66.69000244140625,67.33999633789062,66.33999633789062,66.55999755859375,7414600
2023-07-25,66.19999694824219,66.66999816894531,65.1500015258789,65.44000244140625,9973200
2023-07-26,65.68000030517578,67.06999969482422,65.6500015258789,66.62000274658203,6704700
2023-07-27,66.44999694824219,67.5199966430664,65.58000183105469,65.81999969482422,9199000
2023-07-28,66.0999984741211,66.56999969482422,65.70999908447266,65.95999908447266,6675500
2023-07-31,66.12000274658203,66.20999908447266,65.2300033569336,66.0999984741211,8651900
2023-08-01,65.73999786376953,65.94000244140625,65.37999725341797,65.72000122070312,5942300
2023-08-02,65.12999725341797,65.58999633789062,64.83000183105469,65.33999633789062,9585300
2023-08-03,65.05999755859375,66.26000213623047,65.0,65.87000274658203,7426600
2023-08-04,65.80999755859375,65.94999694824219,64.72000122070312,64.91999816894531,7367000
2023-08-07,65.37000274658203,66.06999969482422,65.19999694824219,65.97000122070312,5825100
2023-08-08,64.77999877929688,65.69000244140625,63.86000061035156,65.5199966430664,6325600
2023-08-09,65.4000015258789,65.94000244140625,64.8499984741211,65.29000091552734,6617500
2023-08-10,65.23999786376953,65.9000015258789,64.5,64.54000091552734,7347000
2023-08-11,64.23999786376953,64.87999725341797,63.939998626708984,64.08000183105469,6573200
2023-08-14,63.72999954223633,63.77000045776367,61.540000915527344,61.779998779296875,12327500
2023-08-15,61.0,61.36000061035156,60.380001068115234,60.970001220703125,8753400
2023-08-16,60.5099983215332,61.040000915527344,60.369998931884766,60.45000076293945,6402800
2023-08-17,60.29999923706055,60.63999938964844,59.63999938964844,59.77000045776367,8660700
2023-08-18,59.09000015258789,59.849998474121094,58.959999084472656,59.52000045776367,5949400
2023-08-21,59.540000915527344,59.689998626708984,58.66999816894531,59.400001525878906,7448800
2023-08-22,59.70000076293945,59.70000076293945,56.2599983215332,56.459999084472656,17490000
2023-08-23,56.45000076293945,58.119998931884766,56.349998474121094,58.02000045776367,10628400
2023-08-24,58.0,58.689998626708984,57.38999938964844,57.84000015258789,6727400
2023-08-25,58.22999954223633,58.54999923706055,57.58000183105469,58.150001525878906,8367200
2023-08-28,58.52000045776367,59.16999816894531,58.470001220703125,59.04999923706055,4952700
2023-08-29,59.119998931884766,59.900001525878906,58.5,59.45000076293945,7604200
2023-08-30,59.61000061035156,60.2599983215332,59.290000915527344,59.779998779296875,10299000
2023-08-31,59.779998779296875,59.849998474121094,59.029998779296875,59.150001525878906,6687700
2023-09-01,59.56999969482422,60.86000061035156,59.5,60.5,9392600
2023-09-05,60.70000076293945,60.959999084472656,59.630001068115234,59.68000030517578,6085800
2023-09-06,58.970001220703125,59.29999923706055,57.66999816894531,58.27000045776367,8534800
2023-09-07,58.25,58.599998474121094,57.619998931884766,57.81999969482422,6351600
2023-09-08,57.630001068115234,59.43000030517578,57.58000183105469,59.33000183105469,9554100
2023-09-11,59.88999938964844,60.59000015258789,59.619998931884766,59.81999969482422,7641700
2023-09-12,59.90999984741211,61.150001525878906,59.810001373291016,60.52000045776367,9448200
2023-09-13,60.79999923706055,60.97999954223633,57.900001525878906,58.72999954223633,13621300
2023-09-14,59.349998474121094,59.93000030517578,59.06999969482422,59.7599983215332,8074200
2023-09-15,58.0,58.619998931884766,56.81999969482422,58.220001220703125,23653400
2023-09-18,57.9900016784668,58.25,56.939998626708984,57.86000061035156,8713500
2023-09-19,57.84000015258789,58.20000076293945,57.38999938964844,57.72999954223633,7313900
2023-09-20,57.90999984741211,58.38999938964844,56.630001068115234,56.66999816894531,8867700
2023-09-21,56.2400016784668,56.849998474121094,55.95000076293945,56.0099983215332,8686200
2023-09-22,56.0,56.20000076293945,55.119998931884766,55.150001525878906,7019500
2023-09-25,54.959999084472656,55.529998779296875,54.560001373291016,55.349998474121094,6994300
2023-09-26,54.7400016784668,54.97999954223633,53.529998779296875,54.20000076293945,8948800
2023-09-27,54.43000030517578,55.22999954223633,54.119998931884766,54.380001068115234,7746700
2023-09-28,54.52000045776367,54.779998779296875,53.90999984741211,54.54999923706055,6154300
2023-09-29,55.099998474121094,55.810001373291016,54.63999938964844,54.900001525878906,8061700
2023-10-02,54.7400016784668,54.959999084472656,53.27000045776367,53.54999923706055,8859300
2023-10-03,52.93000030517578,53.0099983215332,50.75,51.29999923706055,15459400
2023-10-04,51.2599983215332,51.58000183105469,50.7400016784668,51.40999984741211,10421900
2023-10-05,51.11000061035156,51.40999984741211,50.02000045776367,51.060001373291016,8601700
2023-10-06,50.540000915527344,51.849998474121094,49.65999984741211,51.52000045776367,11471300
2023-10-09,50.86000061035156,51.779998779296875,50.84000015258789,51.75,8168600
2023-10-10,52.15999984741211,52.59000015258789,51.709999084472656,51.779998779296875,8373800
2023-10-11,51.869998931884766,52.4900016784668,51.119998931884766,51.90999984741211,8068500
2023-10-12,52.029998779296875,52.130001068115234,50.77000045776367,51.5099983215332,9412300
2023-10-13,52.0099983215332,52.2400016784668,51.08000183105469,51.33000183105469,12412900
2023-10-16,50.61000061035156,54.599998474121094,50.33000183105469,53.720001220703125,20509400
2023-10-17,53.25,54.310001373291016,52.06999969482422,53.689998626708984,15991300
2023-10-18,53.5,53.90999984741211,51.65999984741211,51.84000015258789,9949100
2023-10-19,52.099998474121094,52.5,51.58000183105469,51.900001525878906,9981700
2023-10-20,51.5,51.849998474121094,50.529998779296875,50.869998931884766,9786400
2023-10-23,50.70000076293945,50.90999984741211,49.279998779296875,49.33000183105469,10885600
2023-10-24,49.72999954223633,50.16999816894531,49.279998779296875,49.83000183105469,9022900
2023-10-25,49.4900016784668,49.61000061035156,48.65999984741211,49.369998931884766,8056400
2023-10-26,49.189998626708984,51.83000183105469,49.15999984741211,51.43000030517578,14097600
2023-10-27,51.040000915527344,51.38999938964844,49.900001525878906,50.119998931884766,10574800
2023-10-30,50.720001220703125,51.11000061035156,49.709999084472656,50.75,9293000
2023-10-31,50.880001068115234,52.16999816894531,50.29999923706055,52.040000915527344,13193500
2023-11-01,52.060001373291016,53.52000045776367,51.86000061035156,52.81999969482422,13862700
2023-11-02,53.58000183105469,55.09000015258789,53.5099983215332,54.93000030517578,14948800
2023-11-03,56.40999984741211,56.84000015258789,55.470001220703125,55.83000183105469,12839200
2023-11-06,55.970001220703125,56.20000076293945,54.58000183105469,55.619998931884766,10606400
2023-11-07,55.5099983215332,55.869998931884766,54.40999984741211,55.22999954223633,10955900
2023-11-08,55.22999954223633,55.34000015258789,54.630001068115234,54.900001525878906,6386800
2023-11-09,55.0,55.150001525878906,53.959999084472656,54.15999984741211,8548700
2023-11-10,54.650001525878906,54.650001525878906,53.4900016784668,54.40999984741211,6356000
2023-11-13,53.97999954223633,54.61000061035156,53.599998474121094,53.959999084472656,9827200
2023-11-14,55.599998474121094,55.939998626708984,54.2400016784668,54.790000915527344,15361400
2023-11-15,55.29999923706055,56.790000915527344,55.27000045776367,56.08000183105469,10245500
2023-11-16,56.02000045776367,56.119998931884766,55.09000015258789,55.66999816894531,10189400
2023-11-17,56.40999984741211,56.79999923706055,55.849998474121094,56.779998779296875,7366700
2023-11-20,56.689998626708984,56.970001220703125,56.040000915527344,56.560001373291016,8233100
2023-11-21,56.38999938964844,56.45000076293945,55.900001525878906,55.9900016784668,4901200
2023-11-22,56.31999969482422,56.47999954223633,55.41999816894531,55.93000030517578,6830100
2023-11-24,56.09000015258789,56.470001220703125,55.79999923706055,56.43000030517578,2725600
2023-11-27,56.0,56.34000015258789,55.779998779296875,56.0,8715200
2023-11-28,55.970001220703125,56.599998474121094,55.59000015258789,55.810001373291016,7866000
2023-11-29,56.0,59.93000030517578,56.0,59.61000061035156,15656600
2023-11-30,59.65999984741211,61.79999923706055,59.61000061035156,61.31999969482422,20200300
2023-12-01,60.869998931884766,63.16999816894531,60.36000061035156,63.15999984741211,17131600
2023-12-04,62.5,63.349998474121094,62.29999923706055,62.63999938964844,11690900
2023-12-05,62.310001373291016,62.38999938964844,61.52000045776367,62.22999954223633,7172600
2023-12-06,62.88999938964844,63.619998931884766,62.09000015258789,62.15999984741211,8544500
2023-12-07,62.689998626708984,63.040000915527344,62.08000183105469,62.959999084472656,9500600
2023-12-08,63.0,64.33000183105469,62.86000061035156,64.06999969482422,10159700
2023-12-11,63.95000076293945,64.37000274658203,63.63999938964844,64.0199966430664,8281700
2023-12-12,64.02999877929688,64.62999725341797,63.59000015258789,64.56999969482422,8274200
2023-12-13,64.73999786376953,66.41000366210938,64.30000305175781,66.30000305175781,13922500
2023-12-14,67.70999908447266,71.16999816894531,67.70999908447266,70.94000244140625,26968400
2023-12-15,70.66999816894531,71.4000015258789,70.0999984741211,70.9800033569336,21428000
2023-12-18,71.12999725341797,71.33999633789062,69.22000122070312,69.30999755859375,12870800
2023-12-19,69.26000213623047,69.8499984741211,68.87000274658203,69.73999786376953,10781100
2023-12-20,69.18000030517578,71.0,67.05999755859375,67.12000274658203,11408600
2023-12-21,67.62000274658203,68.55000305175781,67.33000183105469,68.18000030517578,8674300
2023-12-22,68.25,69.12999725341797,68.02999877929688,68.58000183105469,4456900
2023-12-26,68.4000015258789,69.19999694824219,68.2699966430664,68.94999694824219,3565700
2023-12-27,68.79000091552734,69.37000274658203,68.41999816894531,69.2699966430664,4320000
2023-12-28,69.31999969482422,69.83999633789062,69.26000213623047,69.55000305175781,4352200
2023-12-29,69.6500015258789,69.69999694824219,68.7300033569336,68.80000305175781,6047700
2024-01-02,68.12999725341797,69.19000244140625,67.55000305175781,69.0999984741211,10111200
2024-01-03,67.05000305175781,67.61000061035156,66.30000305175781,67.05000305175781,10661900
2024-01-04,66.73999786376953,67.93000030517578,66.43000030517578,66.88999938964844,6755000
2024-01-05,66.91000366210938,68.04000091552734,66.62000274658203,67.2300033569336,7243200
2024-01-08,67.0,68.16000366210938,66.5199966430664,67.80000305175781,6534200
2024-01-09,67.0,67.36000061035156,66.61000061035156,66.75,7069300
2024-01-10,65.86000061035156,66.33000183105469,65.5,65.81999969482422,7990100
2024-01-11,65.48999786376953,65.66999816894531,64.81999969482422,65.26000213623047,8294800
2024-01-12,65.6500015258789,66.05000305175781,64.47000122070312,65.2300033569336,8457700
2024-01-16,64.30000305175781,64.87999725341797,63.75,64.30999755859375,12604100
2024-01-17,60.93000030517578,63.869998931884766,59.66999816894531,63.45000076293945,24688400
2024-01-18,63.22999954223633,63.22999954223633,61.93000030517578,62.720001220703125,11301800
2024-01-19,63.029998779296875,63.79999923706055,61.900001525878906,63.779998779296875,12711200
2024-01-22,63.849998474121094,64.54000091552734,63.290000915527344,63.630001068115234,10041700
2024-01-23,64.0,64.29000091552734,63.439998626708984,63.91999816894531,5857400
2024-01-24,64.5,64.69000244140625,63.43000030517578,63.47999954223633,5977600
2024-01-25,63.939998626708984,64.05000305175781,63.13999938964844,63.709999084472656,5904400
2024-01-26,63.95000076293945,64.72000122070312,63.7400016784668,64.04000091552734,5108500
2024-01-29,63.68000030517578,64.08000183105469,63.380001068115234,63.939998626708984,5546800
2024-01-30,63.58000183105469,64.4800033569336,63.369998931884766,64.37999725341797,5641200
2024-01-31,63.66999816894531,64.16999816894531,62.88999938964844,62.91999816894531,8916100
2024-02-01,62.91999816894531,63.380001068115234,61.16999816894531,62.27000045776367,8942600
2024-02-02,62.0,63.31999969482422,61.540000915527344,62.939998626708984,9803100
2024-02-05,62.5,62.7599983215332,61.47999954223633,62.369998931884766,6953800
2024-02-06,62.36000061035156,62.880001068115234,61.66999816894531,61.88999938964844,6171000
2024-02-07,62.06999969482422,62.779998779296875,61.68000030517578,62.43000030517578,6990500
2024-02-08,62.2400016784668,62.90999984741211,61.90999984741211,62.470001220703125,5689100
2024-02-09,62.52000045776367,63.40999984741211,62.349998474121094,63.369998931884766,7562800
2024-02-12,63.310001373291016,65.12000274658203,63.310001373291016,64.5,6692400
2024-02-13,63.650001525878906,63.91999816894531,61.68000030517578,62.709999084472656,8998800
2024-02-14,63.15999984741211,63.400001525878906,62.15999984741211,63.029998779296875,6324900
2024-02-15,63.2599983215332,65.25,63.20000076293945,64.62999725341797,8268300
2024-02-16,64.44000244140625,64.9000015258789,63.869998931884766,64.4000015258789,6057200
2024-02-20,63.93000030517578,64.37999725341797,63.380001068115234,63.58000183105469,5357500
2024-02-21,63.369998931884766,64.18000030517578,62.900001525878906,64.12999725341797,5184900
2024-02-22,64.70999908447266,65.19000244140625,64.33999633789062,64.62999725341797,6084300
2024-02-23,64.55000305175781,65.1500015258789,64.30000305175781,64.44000244140625,4196900
2024-02-26,64.44000244140625,65.16000366210938,64.27999877929688,64.4000015258789,5377300
2024-02-27,64.54000091552734,65.41000366210938,64.48999786376953,65.3499984741211,5484200
2024-02-28,65.18000030517578,66.06999969482422,64.88999938964844,65.6500015258789,5126700
2024-02-29,66.0199966430664,66.83999633789062,65.87000274658203,66.77999877929688,8522900
2024-03-01,66.62000274658203,66.91999816894531,65.69999694824219,66.47000122070312,7875300
2024-03-04,66.63999938964844,68.16999816894531,66.61000061035156,67.63999938964844,5805100
2024-03-05,67.2699966430664,68.47000122070312,67.20999908447266,68.0999984741211,6170200
2024-03-06,68.48999786376953,68.56999969482422,67.12999725341797,68.0999984741211,6624700
2024-03-07,68.55000305175781,68.81999969482422,68.1500015258789,68.19000244140625,5326200
2024-03-08,68.41000366210938,69.02999877929688,67.1500015258789,67.16999816894531,9029600
2024-03-11,67.19999694824219,67.66999816894531,66.83000183105469,66.94999694824219,8456500
2024-03-12,67.16999816894531,67.37000274658203,65.8499984741211,66.5,9497900
2024-03-13,66.70999908447266,67.61000061035156,66.66999816894531,67.12999725341797,8202500
2024-03-14,66.72000122070312,67.33000183105469,66.02999877929688,66.5999984741211,11673800
2024-03-15,66.12999725341797,67.80999755859375,66.12999725341797,67.04000091552734,11825900
2024-03-18,66.72000122070312,67.56999969482422,66.66999816894531,67.4000015258789,6567400
2024-03-19,67.5999984741211,68.45999908447266,67.36000061035156,68.3499984741211,7979200
2024-03-20,68.37000274658203,69.77999877929688,68.05999755859375,69.66999816894531,6836100
2024-03-21,69.98999786376953,72.0,69.94000244140625,71.8499984741211,10466900
2024-03-22,72.63999938964844,72.94000244140625,71.55999755859375,71.5999984741211,7231300
2024-03-25,71.45999908447266,72.31999969482422,70.98999786376953,71.33000183105469,6578600
2024-03-26,71.38999938964844,71.52999877929688,70.91000366210938,71.0,5659100
2024-03-27,71.4000015258789,72.44999694824219,71.30000305175781,72.37999725341797,7358000
2024-03-28,72.4000015258789,72.5999984741211,71.69999694824219,72.33999633789062,6865000
2024-04-01,72.29000091552734,72.62999725341797,71.8499984741211,72.37000274658203,4070800
2024-04-02,72.0,72.16000366210938,70.97000122070312,71.45999908447266,5373600
2024-04-03,71.43000030517578,72.23999786376953,71.27999877929688,71.41999816894531,5295900
2024-04-04,72.2300033569336,72.97000122070312,71.08000183105469,71.3499984741211,7855300
2024-04-05,71.4800033569336,72.12999725341797,71.20999908447266,71.88999938964844,4255200
2024-04-08,72.2699966430664,72.77999877929688,71.81999969482422,72.37000274658203,5846000
2024-04-09,72.54000091552734,72.80000305175781,71.48999786376953,72.27999877929688,5024000
2024-04-10,71.55000305175781,72.06999969482422,70.12000274658203,71.0999984741211,7750200
2024-04-11,70.86000061035156,71.27999877929688,69.81999969482422,70.62000274658203,5891800
2024-04-12,69.70999908447266,70.87000274658203,69.47000122070312,70.02999877929688,8615000
2024-04-15,70.5,73.6500015258789,70.47000122070312,71.2300033569336,14417600
2024-04-16,71.5,73.26000213623047,70.37000274658203,73.06999969482422,12021600
2024-04-17,73.5,73.87999725341797,72.31999969482422,72.5,9852800
2024-04-18,72.52999877929688,73.83999633789062,71.95999908447266,72.93000030517578,8208300
2024-04-19,73.4000015258789,73.87999725341797,72.86000061035156,73.41999816894531,8489400
2024-04-22,73.95999908447266,74.9800033569336,73.22000122070312,74.26000213623047,8847500
2024-04-23,74.3499984741211,75.37000274658203,74.18000030517578,75.2300033569336,9244400
2024-04-24,74.47000122070312,75.55000305175781,74.36000061035156,75.19000244140625,6038800
2024-04-25,74.93000030517578,75.45999908447266,74.0,74.88999938964844,6375400
2024-04-26,74.95999908447266,75.30000305175781,74.5199966430664,74.98999786376953,5560700
2024-04-29,74.91000366210938,75.48999786376953,74.43000030517578,74.55999755859375,5743200
2024-04-30,74.37000274658203,74.44000244140625,73.62000274658203,73.94999694824219,6725700
2024-05-01,73.95999908447266,75.37000274658203,73.44999694824219,74.56999969482422,7015000
2024-05-02,75.37000274658203,75.47000122070312,74.3499984741211,75.33000183105469,5591300
2024-05-03,76.08000183105469,76.47000122070312,75.16999816894531,76.04000091552734,5414700
2024-05-06,76.5,76.93000030517578,75.87000274658203,76.86000061035156,4857600
2024-05-07,76.98999786376953,77.05000305175781,75.41000366210938,75.54000091552734,7336800
2024-05-08,75.44000244140625,76.61000061035156,75.31999969482422,76.4000015258789,5190100
2024-05-09,75.98999786376953,76.3499984741211,75.44000244140625,75.44000244140625,6091500
2024-05-10,75.80000305175781,76.25,75.52999877929688,76.11000061035156,5103000
2024-05-13,76.16999816894531,76.41000366210938,74.66999816894531,74.69999694824219,5488100
2024-05-14,75.0,77.2699966430664,74.8499984741211,77.06999969482422,9566100
2024-05-15,77.41999816894531,78.79000091552734,77.37999725341797,78.68000030517578,6601300
2024-05-16,78.06999969482422,78.5199966430664,77.31999969482422,78.04000091552734,7992900
2024-05-17,78.30000305175781,79.22000122070312,77.7699966430664,78.77999877929688,6467200
2024-05-20,78.80000305175781,79.12999725341797,78.1500015258789,78.66000366210938,5559400
2024-05-21,78.5,79.33999633789062,78.08000183105469,78.9000015258789,6067500
2024-05-22,78.66000366210938,79.48999786376953,75.01000213623047,75.2699966430664,13806600
2024-05-23,74.58999633789062,74.7300033569336,71.69000244140625,72.33999633789062,14676500
2024-05-24,72.63999938964844,73.08999633789062,72.16999816894531,72.2699966430664,6152200
2024-05-28,72.08999633789062,72.08999633789062,70.55999755859375,70.79000091552734,8486300
2024-05-29,69.9000015258789,70.76000213623047,69.4800033569336,70.52999877929688,5617300
2024-05-30,70.7300033569336,72.0,70.5999984741211,71.87999725341797,7078300
2024-05-31,71.76000213623047,73.37000274658203,71.58000183105469,73.27999877929688,8617400
2024-06-03,73.20999908447266,73.33000183105469,72.04000091552734,72.37000274658203,4365000
2024-06-04,71.83000183105469,72.54000091552734,71.6500015258789,71.98999786376953,3887900
2024-06-05,72.41999816894531,74.66999816894531,72.33000183105469,74.38999938964844,7010100
2024-06-06,74.45999908447266,74.5999984741211,73.7300033569336,74.25,4669400
2024-06-07,74.0,74.87000274658203,73.72000122070312,73.93000030517578,5371000
2024-06-10,73.44000244140625,74.18000030517578,73.13999938964844,74.11000061035156,5337700
2024-06-11,73.7699966430664,73.87000274658203,72.62000274658203,73.44999694824219,6048500
2024-06-12,74.55000305175781,75.0,73.48999786376953,73.55999755859375,5587300
2024-06-13,73.5199966430664,73.69999694824219,72.70999908447266,73.38999938964844,4147300
2024-06-14,72.48999786376953,73.48999786376953,72.11000061035156,73.25,5756200
2024-06-17,72.91000366210938,72.91999816894531,72.02999877929688,72.80999755859375,5689100
2024-06-18,72.76000213623047,73.13999938964844,72.44000244140625,72.83999633789062,5868600
2024-06-20,72.54000091552734,73.0199966430664,72.18000030517578,72.69999694824219,5785200
2024-06-21,72.58000183105469,73.58000183105469,71.93000030517578,73.33999633789062,11933200
2024-06-24,73.36000061035156,74.97000122070312,73.19000244140625,74.52999877929688,8341000
2024-06-25,74.30000305175781,74.3499984741211,73.48999786376953,73.9000015258789,5840400
2024-06-26,73.56999969482422,74.05999755859375,73.18000030517578,73.26000213623047,4684100
2024-06-27,72.77999877929688,73.62000274658203,72.51000213623047,73.55999755859375,5564300
2024-06-28,74.0,74.20999908447266,73.0999984741211,73.69000244140625,8997500
2024-07-01,73.97000122070312,74.16999816894531,73.2699966430664,73.41999816894531,3902800
2024-07-02,73.25,74.18000030517578,73.22000122070312,74.1500015258789,4925300
2024-07-03,74.25,74.61000061035156,73.80000305175781,74.12999725341797,2502100
2024-07-05,73.87000274658203,74.1500015258789,73.1500015258789,73.19999694824219,3233000
2024-07-08,74.19999694824219,74.51000213623047,73.11000061035156,73.23999786376953,5338100
2024-07-09,73.02999877929688,74.88999938964844,72.88999938964844,74.52999877929688,4971800
2024-07-10,74.3499984741211,74.7300033569336,74.05999755859375,74.62999725341797,4527300
2024-07-11,74.97000122070312,76.44000244140625,74.69999694824219,76.08000183105469,5796000
2024-07-12,76.31999969482422,76.69999694824219,75.18000030517578,75.37999725341797,6543500
2024-07-15,73.61000061035156,76.0999984741211,73.36000061035156,75.06999969482422,10069300
2024-07-16,70.20999908447266,70.70999908447266,67.38999938964844,67.43000030517578,34310900
2024-07-17,66.26000213623047,66.5999984741211,61.0099983215332,63.79999923706055,42877600
2024-07-18,62.88999938964844,63.400001525878906,61.849998474121094,62.27000045776367,21576200
2024-07-19,62.66999816894531,62.779998779296875,61.31999969482422,62.08000183105469,14768600
2024-07-22,62.939998626708984,64.88999938964844,62.869998931884766,64.75,16727200
2024-07-23,64.63999938964844,66.37000274658203,64.63999938964844,65.13999938964844,14758600
2024-07-24,65.30999755859375,66.38999938964844,64.0,64.08000183105469,11836500
2024-07-25,64.38999938964844,66.88999938964844,64.38999938964844,66.23999786376953,12194300
2024-07-26,66.54000091552734,67.4000015258789,66.4800033569336,66.5999984741211,11168800
2024-07-29,65.97000122070312,66.38999938964844,65.04000091552734,65.30000305175781,9962700
2024-07-30,65.91999816894531,65.98999786376953,64.16999816894531,64.91000366210938,8022600
2024-07-31,65.31999969482422,65.55999755859375,64.56999969482422,65.19000244140625,6982700
2024-08-01,65.19999694824219,65.55000305175781,63.40999984741211,63.709999084472656,9896000
2024-08-02,62.7400016784668,64.0999984741211,62.130001068115234,63.38999938964844,10258500
2024-08-05,61.619998931884766,62.91999816894531,61.150001525878906,62.290000915527344,7873800
2024-08-06,62.41999816894531,63.77000045776367,61.58000183105469,62.79999923706055,7691900
2024-08-07,63.540000915527344,63.95000076293945,62.08000183105469,62.220001220703125,7331100
2024-08-08,62.790000915527344,63.189998626708984,62.130001068115234,62.779998779296875,6138700
2024-08-09,62.380001068115234,62.79999923706055,62.08000183105469,62.40999984741211,4255100
2024-08-12,62.689998626708984,62.779998779296875,61.209999084472656,61.77000045776367,6994000
2024-08-13,61.970001220703125,62.5099983215332,61.31999969482422,62.4900016784668,8774000
2024-08-14,63.75,65.95999908447266,63.15999984741211,65.36000061035156,15942100
2024-08-15,66.0,66.37999725341797,64.58999633789062,65.2300033569336,7612800
2024-08-16,65.0199966430664,65.56999969482422,64.93000030517578,65.55000305175781,5335000
2024-08-19,65.58000183105469,66.1500015258789,65.30999755859375,65.58000183105469,4303600
2024-08-20,65.5,65.62999725341797,64.72000122070312,64.83999633789062,5381400
2024-08-21,65.0,65.11000061035156,64.20999908447266,64.56999969482422,7814400
2024-08-22,62.68000030517578,64.5,62.599998474121094,64.2699966430664,19988800
2024-08-23,64.69999694824219,65.12999725341797,63.75,64.38999938964844,13127800
2024-08-26,64.6500015258789,65.30000305175781,64.1500015258789,64.4800033569336,7439200
2024-08-27,64.36000061035156,64.47000122070312,63.709999084472656,63.90999984741211,7006000
2024-08-28,63.90999984741211,64.43000030517578,63.209999084472656,63.97999954223633,8135500
2024-08-29,64.29000091552734,65.04000091552734,63.83000183105469,64.93000030517578,6429500
2024-08-30,65.0999984741211,65.54000091552734,64.54000091552734,65.0999984741211,6549100
2024-09-03,64.22000122070312,65.0,64.1500015258789,64.79000091552734,6540800
2024-09-04,64.80000305175781,65.05999755859375,63.380001068115234,63.900001525878906,5489900
2024-09-05,64.54000091552734,64.66000366210938,63.400001525878906,63.689998626708984,5552100
2024-09-06,63.77000045776367,64.36000061035156,62.45000076293945,62.900001525878906,8331700
2024-09-09,63.540000915527344,63.63999938964844,62.86000061035156,63.0099983215332,6247100
2024-09-10,63.15999984741211,63.15999984741211,61.83000183105469,63.060001373291016,8567900
2024-09-11,62.79999923706055,63.65999984741211,61.4900016784668,63.40999984741211,8781300
2024-09-12,63.459999084472656,63.66999816894531,61.15999984741211,61.7400016784668,10621900
2024-09-13,62.0,62.77000045776367,61.810001373291016,62.119998931884766,10840600
2024-09-16,63.0099983215332,64.0999984741211,62.369998931884766,63.689998626708984,11797200
2024-09-17,63.56999969482422,64.41000366210938,63.41999816894531,63.84000015258789,8158200
2024-09-18,63.560001373291016,64.48999786376953,63.25,63.560001373291016,8802800
2024-09-19,64.29000091552734,65.0999984741211,63.36000061035156,64.76000213623047,9825400
2024-09-20,65.69000244140625,65.97000122070312,64.52999877929688,65.38999938964844,12332400
2024-09-23,65.62000274658203,65.83999633789062,64.81999969482422,64.93000030517578,5872900
2024-09-24,64.83000183105469,65.0999984741211,64.29000091552734,64.58000183105469,6030100
2024-09-25,64.51000213623047,64.79000091552734,63.720001220703125,64.04000091552734,5097500
2024-09-26,64.08999633789062,64.54000091552734,63.59000015258789,63.84000015258789,7602100
2024-09-27,64.05000305175781,64.58000183105469,63.720001220703125,64.41999816894531,6521100
2024-09-30,64.33999633789062,64.8499984741211,64.2300033569336,64.80999755859375,6078900
2024-10-01,64.62000274658203,64.68000030517578,63.45000076293945,63.90999984741211,6331500
2024-10-02,63.83000183105469,64.16999816894531,63.209999084472656,63.349998474121094,4817400
2024-10-03,63.0,63.68000030517578,62.40999984741211,63.400001525878906,8144400
2024-10-04,64.16999816894531,64.98999786376953,64.06999969482422,64.75,7141400
2024-10-07,64.4800033569336,65.4000015258789,64.16000366210938,64.29000091552734,7060200
2024-10-08,64.52999877929688,65.08000183105469,64.26000213623047,64.9000015258789,7510100
2024-10-09,65.25,66.7300033569336,64.97000122070312,66.69999694824219,11115600
2024-10-10,66.4000015258789,67.16000366210938,66.25,66.6500015258789,6463300
2024-10-11,66.95999908447266,68.08999633789062,66.80999755859375,67.68000030517578,7369900
2024-10-14,67.86000061035156,68.3499984741211,67.54000091552734,67.81999969482422,7672200
2024-10-15,72.5999984741211,73.91999816894531,71.41999816894531,71.95999908447266,21705700
2024-10-16,72.68000030517578,74.18000030517578,71.70999908447266,72.08000183105469,13643700
2024-10-17,72.5199966430664,72.70999908447266,71.76000213623047,71.91000366210938,8717600
2024-10-18,72.58000183105469,72.61000061035156,71.19000244140625,71.36000061035156,8948400
2024-10-21,71.19999694824219,71.25,70.4800033569336,70.87000274658203,5438500
2024-10-22,70.81999969482422,71.05000305175781,69.93000030517578,70.91000366210938,5559600
2024-10-23,70.83000183105469,71.98999786376953,70.73999786376953,71.70999908447266,6593700
2024-10-24,71.9000015258789,72.6500015258789,71.31999969482422,72.58999633789062,6727500
2024-10-25,72.76000213623047,72.91000366210938,71.5199966430664,71.81999969482422,4503900
2024-10-28,72.2699966430664,72.58000183105469,71.6500015258789,72.04000091552734,5758700
2024-10-29,72.16000366210938,72.45999908447266,71.87000274658203,71.88999938964844,6006000
2024-10-30,71.75,72.25,70.95999908447266,71.0999984741211,6426100
2024-10-31,70.72000122070312,71.55000305175781,70.4800033569336,70.83000183105469,6997100
2024-11-01,70.94999694824219,71.36000061035156,70.41999816894531,70.94000244140625,6266000
2024-11-04,70.94000244140625,71.1500015258789,70.29000091552734,70.95999908447266,3924600
2024-11-05,70.43000030517578,71.4000015258789,70.37999725341797,71.30999755859375,4232100
2024-11-06,74.56999969482422,76.2300033569336,73.41000366210938,75.75,16218400
2024-11-07,75.63999938964844,75.63999938964844,72.9000015258789,73.16999816894531,10380200
2024-11-08,73.45999908447266,74.98999786376953,73.12999725341797,73.9000015258789,8728200
2024-11-11,75.04000091552734,77.95999908447266,75.01000213623047,77.8499984741211,13162800
2024-11-12,77.94000244140625,78.54000091552734,77.41000366210938,78.19000244140625,10244800
2024-11-13,77.75,79.05000305175781,77.75,78.25,8731500
2024-11-14,82.08999633789062,82.5,79.80999755859375,80.19000244140625,14717700
2024-11-15,80.1500015258789,81.0,79.88999938964844,80.63999938964844,9372300
2024-11-18,81.0,81.87999725341797,80.38999938964844,81.38999938964844,9447700
2024-11-19,80.38999938964844,80.7300033569336,79.9000015258789,80.19000244140625,6549300
2024-11-20,79.69000244140625,80.5199966430664,79.41999816894531,80.45999908447266,6613500
2024-11-21,80.58999633789062,81.69000244140625,80.22000122070312,80.80000305175781,5081800
2024-11-22,80.80999755859375,81.7699966430664,80.80999755859375,81.26000213623047,7738000
2024-11-25,81.93000030517578,82.4000015258789,81.11000061035156,81.7699966430664,13029300
2024-11-26,81.7699966430664,82.33000183105469,81.2300033569336,82.25,5120900
2024-11-27,82.0,82.66000366210938,81.79000091552734,82.5999984741211,3977400
2024-11-29,82.86000061035156,83.3499984741211,82.63999938964844,82.76000213623047,3201600
2024-12-02,82.75,83.05000305175781,81.33999633789062,81.38999938964844,5658500
2024-12-03,81.77999877929688,81.97000122070312,80.87999725341797,81.12000274658203,4840200
2024-12-04,80.68000030517578,81.69000244140625,80.19000244140625,81.51000213623047,6035200
2024-12-05,80.01000213623047,82.2300033569336,80.0,81.80999755859375,6796600
2024-12-06,81.69000244140625,82.16999816894531,81.41000366210938,81.47000122070312,5071300
2024-12-09,82.47000122070312,82.81999969482422,80.94999694824219,81.51000213623047,9564300
2024-12-10,81.5999984741211,83.12999725341797,81.2300033569336,82.31999969482422,5923400
2024-12-11,82.5,82.72000122070312,81.91999816894531,82.41000366210938,6323800
2024-12-12,82.76000213623047,83.30000305175781,82.4000015258789,82.8499984741211,7469400
2024-12-13,83.04000091552734,83.08000183105469,78.70999908447266,79.54000091552734,14089400
2024-12-16,79.98999786376953,79.98999786376953,77.66999816894531,77.94000244140625,12313800
2024-12-17,77.5,77.81999969482422,76.58000183105469,76.76000213623047,8409200
2024-12-18,76.76000213623047,77.16999816894531,73.51000213623047,73.97000122070312,14116700
2024-12-19,74.5199966430664,75.16000366210938,73.4000015258789,73.62000274658203,9749000
2024-12-20,73.5199966430664,75.0,73.31999969482422,74.30999755859375,12322400
2024-12-23,73.97000122070312,74.73999786376953,73.73999786376953,74.70999908447266,6863600
2024-12-24,74.73999786376953,74.86000061035156,74.12000274658203,74.83999633789062,2150300
2024-12-26,74.69999694824219,75.11000061035156,74.44000244140625,75.05000305175781,2926900
2024-12-27,74.83999633789062,75.1500015258789,74.16999816894531,74.73999786376953,3967500
2024-12-30,74.0999984741211,74.31999969482422,73.31999969482422,73.93000030517578,5321700
2024-12-31,74.19999694824219,74.3499984741211,73.68000030517578,74.01000213623047,4082400
2025-01-02,74.37999725341797,74.5999984741211,73.27999877929688,73.83999633789062,5870000
2025-01-03,74.2300033569336,74.51000213623047,73.31999969482422,74.44999694824219,4541400
2025-01-06,74.55999755859375,75.86000061035156,74.29000091552734,74.4800033569336,7435000
2025-01-07,74.9800033569336,75.02999877929688,71.44999694824219,72.26000213623047,12617600
2025-01-08,72.70999908447266,73.02999877929688,71.79000091552734,73.0,9576700
2025-01-10,71.91999816894531,73.45999908447266,71.4800033569336,72.7699966430664,10866900
2025-01-13,72.19999694824219,72.75,71.8499984741211,72.66000366210938,6701500
2025-01-14,72.76000213623047,72.97000122070312,71.30999755859375,72.33999633789062,6609900
2025-01-15,73.94000244140625,74.0999984741211,72.58000183105469,73.66000366210938,8474900
2025-01-16,73.61000061035156,75.5199966430664,73.51000213623047,75.51000213623047,8044900
2025-01-17,75.7699966430664,76.55999755859375,75.11000061035156,76.41000366210938,12288300
2025-01-21,78.83000183105469,82.5999984741211,78.18000030517578,80.93000030517578,22648600
2025-01-22,81.08000183105469,81.7300033569336,79.98999786376953,80.5999984741211,9767300
2025-01-23,80.47000122070312,82.12999725341797,79.8499984741211,82.08000183105469,8861400
2025-01-24,81.33000183105469,82.47000122070312,81.18000030517578,81.83000183105469,6665500
2025-01-27,81.38999938964844,82.55999755859375,80.7300033569336,82.52999877929688,6983900
2025-01-28,82.27999877929688,83.0,81.58999633789062,81.69999694824219,9057200
2025-01-29,82.30000305175781,82.6500015258789,81.4000015258789,82.05999755859375,8717900
2025-01-30,82.5,83.83999633789062,82.06999969482422,83.5999984741211,7192600
2025-01-31,83.2300033569336,83.7300033569336,82.27999877929688,82.72000122070312,7663700
2025-02-03,81.29000091552734,83.22000122070312,80.79000091552734,82.75,6524800
2025-02-04,82.5999984741211,82.75,81.75,81.80000305175781,5225900
2025-02-05,82.23999786376953,82.23999786376953,81.04000091552734,81.87000274658203,6475200
2025-02-06,82.52999877929688,83.94000244140625,82.33000183105469,83.63999938964844,5837400
2025-02-07,83.80000305175781,84.04000091552734,83.02999877929688,83.18000030517578,4133700
2025-02-10,81.55000305175781,81.76000213623047,80.26000213623047,81.16999816894531,17849300
2025-02-11,82.05000305175781,84.5,81.69999694824219,83.19999694824219,59327300
2025-02-12,83.08999633789062,83.16000366210938,81.26000213623047,82.27999877929688,60765000
2025-02-13,82.26000213623047,82.47000122070312,79.94000244140625,81.56999969482422,27501400
2025-02-14,81.55000305175781,81.75,80.05000305175781,80.33999633789062,9583500
2025-02-18,81.0,81.76000213623047,80.88999938964844,81.4800033569336,9766000
2025-02-19,81.0999984741211,82.22000122070312,80.87000274658203,82.01000213623047,8908200
2025-02-20,82.0199966430664,82.16999816894531,80.76000213623047,81.83000183105469,9361800
2025-02-21,81.98999786376953,82.55999755859375,80.41999816894531,80.44000244140625,9856800
2025-02-24,80.9800033569336,81.0999984741211,79.38999938964844,80.12000274658203,7489400
2025-02-25,80.2300033569336,80.66000366210938,78.48999786376953,79.0,16317700
2025-02-26,79.38999938964844,80.12000274658203,78.37999725341797,78.69999694824219,7544800
2025-02-27,79.0,79.54000091552734,78.19000244140625,78.43000030517578,7218200
2025-02-28,78.80999755859375,80.12999725341797,77.95999908447266,79.52999877929688,12686600
2025-03-03,79.9000015258789,79.94999694824219,77.6500015258789,78.12000274658203,9984000
2025-03-04,77.63999938964844,77.66999816894531,73.97000122070312,75.1500015258789,15423600
2025-03-05,75.12000274658203,77.0999984741211,74.97000122070312,76.73999786376953,10896200
2025-03-06,75.69000244140625,76.9800033569336,74.73999786376953,75.55999755859375,10412200
2025-03-07,75.08999633789062,75.9000015258789,72.4800033569336,74.62999725341797,12013700
2025-03-10,72.88999938964844,73.0,69.45999908447266,71.23999786376953,19050000
2025-03-11,70.73999786376953,73.05999755859375,70.72000122070312,72.47000122070312,14302500
2025-03-12,73.91000366210938,74.95999908447266,72.93000030517578,74.22000122070312,11310500
2025-03-13,74.58999633789062,74.72000122070312,72.93000030517578,73.51000213623047,9664000
2025-03-14,76.1500015258789,78.22000122070312,75.5999984741211,77.11000061035156,14199000
2025-03-17,76.47000122070312,78.31999969482422,76.23999786376953,77.7699966430664,6550400
2025-03-18,77.9000015258789,77.98999786376953,77.05999755859375,77.55999755859375,6014000
2025-03-19,77.94000244140625,79.41000366210938,77.37000274658203,78.7300033569336,6530700
2025-03-20,78.11000061035156,79.55000305175781,78.05000305175781,78.56999969482422,8635100
2025-03-21,78.02999877929688,78.7699966430664,77.72000122070312,78.38999938964844,11842800
2025-03-24,79.22000122070312,80.41000366210938,79.05999755859375,79.95999908447266,7542400
2025-03-25,80.33000183105469,81.02999877929688,79.91999816894531,80.75,7661000
2025-03-26,80.97000122070312,81.23999786376953,79.68000030517578,80.13999938964844,9268000
2025-03-27,79.6500015258789,80.61000061035156,79.16000366210938,79.5999984741211,5811100
2025-03-28,79.2699966430664,79.69000244140625,77.41999816894531,77.80999755859375,6457300
2025-03-31,77.37000274658203,78.77999877929688,76.97000122070312,78.27999877929688,10906800
2025-04-01,77.70999908447266,78.02999877929688,76.06999969482422,77.66999816894531,11417900
2025-04-02,77.87999725341797,79.18000030517578,77.27999877929688,78.58999633789062,8873900
2025-04-03,74.70999908447266,76.73999786376953,74.05000305175781,74.87000274658203,13517900
2025-04-04,72.01000213623047,72.87999725341797,68.58999633789062,69.05999755859375,25465600
2025-04-07,67.04000091552734,71.36000061035156,65.87999725341797,70.04000091552734,24498000
2025-04-08,72.25,74.55000305175781,69.08000183105469,69.93000030517578,22473400
2025-04-09,67.9800033569336,76.5199966430664,67.5999984741211,75.25,24973100
2025-04-10,74.19000244140625,74.41000366210938,71.2300033569336,73.8499984741211,11599200
2025-04-11,73.20999908447266,77.33000183105469,72.80000305175781,76.95999908447266,14847900
2025-04-14,78.33999633789062,78.48999786376953,76.30000305175781,76.91999816894531,7967000
2025-04-15,77.55000305175781,78.12000274658203,77.02999877929688,77.19000244140625,6921500
2025-04-16,76.31999969482422,76.75,74.5999984741211,75.69999694824219,12653000
2025-04-17,77.66999816894531,79.0999984741211,76.1500015258789,76.1500015258789,19271600
2025-04-21,75.63999938964844,75.97000122070312,73.76000213623047,74.94999694824219,12824100
2025-04-22,75.4800033569336,77.05999755859375,75.43000030517578,76.58000183105469,9741700
2025-04-23,78.27999877929688,80.0199966430664,77.66000366210938,77.8499984741211,9826600
2025-04-24,77.94000244140625,79.5,77.51000213623047,79.37999725341797,8423300
2025-04-25,80.2300033569336,81.13999938964844,79.30000305175781,79.94000244140625,7781000
2025-04-28,80.44999694824219,80.4800033569336,79.30000305175781,80.18000030517578,6576900
2025-04-29,80.20999908447266,81.47000122070312,79.61000061035156,81.26000213623047,7776500
2025-04-30,79.94999694824219,81.66000366210938,79.47000122070312,81.4000015258789,8236100
2025-05-01,81.12999725341797,82.06999969482422,80.9800033569336,81.51000213623047,7997800
2025-05-02,83.06999969482422,83.68000030517578,82.62999725341797,83.11000061035156,9348100
2025-05-05,82.66999816894531,83.8499984741211,82.04000091552734,83.37000274658203,5242600
2025-05-06,82.70999908447266,83.58000183105469,82.4000015258789,82.83000183105469,5724000
2025-05-07,83.20999908447266,84.26000213623047,83.19000244140625,84.01000213623047,9393700
2025-05-08,84.55999755859375,85.19000244140625,83.80000305175781,84.37000274658203,8554000
2025-05-09,84.58000183105469,84.73999786376953,83.62000274658203,84.47000122070312,5910000
2025-05-12,86.98999786376953,87.0,84.05999755859375,85.37000274658203,9421900
2025-05-13,85.51000213623047,86.87000274658203,85.11000061035156,86.22000122070312,9564900
2025-05-14,85.80999755859375,87.29000091552734,85.77999877929688,87.16000366210938,9279300
2025-05-15,87.20999908447266,88.37000274658203,86.94999694824219,88.11000061035156,8619400
2025-05-16,88.41999816894531,88.87000274658203,87.72000122070312,88.69000244140625,6566900
2025-05-19,88.55999755859375,89.38999938964844,88.25,89.2300033569336,6797200
2025-05-20,89.11000061035156,89.8499984741211,88.80000305175781,89.18000030517578,6533000
2025-05-21,88.91999816894531,88.91999816894531,87.31999969482422,87.58000183105469,8581400
2025-05-22,87.22000122070312,87.66999816894531,86.95999908447266,87.30999755859375,6596300
2025-05-23,86.19999694824219,87.76000213623047,86.02999877929688,87.4000015258789,5166700
2025-05-27,88.13999938964844,88.94999694824219,87.61000061035156,88.62999725341797,6808800
2025-05-28,88.44000244140625,88.5999984741211,87.98999786376953,88.05000305175781,5792300
2025-05-29,88.33999633789062,88.5,87.16000366210938,87.76000213623047,7800000
2025-05-30,87.56999969482422,88.5199966430664,86.94999694824219,88.33999633789062,11834400
2025-06-02,87.76000213623047,88.16999816894531,86.91000366210938,88.11000061035156,6012600
2025-06-03,87.97000122070312,88.5199966430664,87.44999694824219,88.0,6124000
2025-06-04,88.0199966430664,88.2300033569336,87.31999969482422,87.4800033569336,5543700
2025-06-05,87.66000366210938,87.77999877929688,86.93000030517578,87.23999786376953,6172100
2025-06-06,88.1500015258789,88.5999984741211,87.75,88.25,4858800
2025-06-09,88.29000091552734,88.6500015258789,87.6500015258789,88.20999908447266,5117000
2025-06-10,88.01000213623047,88.44000244140625,87.56999969482422,88.2699966430664,5438100
2025-06-11,88.20999908447266,89.3499984741211,87.88999938964844,88.4000015258789,6761300
2025-06-12,88.05000305175781,88.54000091552734,87.5999984741211,88.5,4380400
2025-06-13,87.91000366210938,88.0999984741211,85.76000213623047,87.36000061035156,8938900
2025-06-16,87.81999969482422,89.68000030517578,87.7699966430664,88.97000122070312,7396200
2025-06-17,88.62000274658203,89.31999969482422,88.41999816894531,88.95999908447266,7077400
2025-06-18,88.95999908447266,90.19000244140625,88.73999786376953,89.91000366210938,8081600
2025-06-20,90.05999755859375,90.5999984741211,89.1500015258789,89.20999908447266,12981000
2025-06-23,89.04000091552734,89.54000091552734,87.16999816894531,88.37999725341797,10245900
2025-06-24,89.19000244140625,90.4800033569336,88.91000366210938,89.31999969482422,9769100
2025-06-25,89.5,89.91999816894531,88.88999938964844,89.80000305175781,6585800
2025-06-26,89.87999725341797,90.86000061035156,89.02999877929688,89.44000244140625,11575300
2025-06-27,89.54000091552734,90.69000244140625,88.83000183105469,89.9800033569336,9335400
2025-06-30,90.25,91.36000061035156,90.12000274658203,91.23999786376953,9525100
2025-07-01,90.91999816894531,91.68000030517578,90.13999938964844,91.16999816894531,8199600
2025-07-02,91.37000274658203,91.81999969482422,90.87999725341797,91.33999633789062,6121700
2025-07-03,91.5,92.1500015258789,91.0999984741211,91.4800033569336,5765500
2025-07-07,91.5,92.6500015258789,91.31999969482422,92.5999984741211,7300400
2025-07-08,92.6500015258789,92.80000305175781,91.29000091552734,91.94999694824219,7089500
2025-07-09,92.30999755859375,92.66999816894531,91.95999908447266,92.31999969482422,6139700
2025-07-10,92.41000366210938,93.3499984741211,92.02999877929688,93.04000091552734,6740700
2025-07-11,92.52999877929688,92.98999786376953,91.83000183105469,91.97000122070312,6815800
2025-07-14,92.08000183105469,93.0,91.33999633789062,92.69999694824219,6116100
2025-07-15,92.7300033569336,92.9000015258789,91.58000183105469,91.61000061035156,7259200
2025-07-16,91.77999877929688,91.98999786376953,89.94999694824219,91.26000213623047,10825600
2025-07-17,91.26000213623047,93.43000030517578,91.11000061035156,93.0999984741211,12584800
2025-07-18,95.69999694824219,97.5,94.66999816894531,95.80000305175781,23554000
2025-07-21,96.0199966430664,97.08000183105469,95.1500015258789,96.25,11871300
2025-07-22,96.33999633789062,96.62000274658203,94.9800033569336,95.38999938964844,8865300
2025-07-23,95.61000061035156,95.87000274658203,94.8499984741211,95.1500015258789,8802000
2025-07-24,95.19999694824219,96.75,94.72000122070312,96.5,9052400
2025-07-25,97.4800033569336,98.27999877929688,96.6500015258789,97.05999755859375,9105900
2025-07-28,97.08999633789062,98.08000183105469,96.9000015258789,97.91000366210938,7197600
2025-07-29,99.0,99.58999633789062,97.72000122070312,97.91000366210938,9532000
2025-07-30,98.0,98.87999725341797,97.5999984741211,98.56999969482422,5962800
2025-07-31,98.0,98.75,97.55000305175781,97.7300033569336,8164900
2025-08-01,96.2300033569336,96.5,94.41000366210938,95.52999877929688,9792500
2025-08-04,96.0999984741211,97.26000213623047,95.83999633789062,97.0999984741211,9032100
2025-08-05,97.3499984741211,97.81999969482422,95.83000183105469,96.44000244140625,6236400
2025-08-06,96.79000091552734,97.22000122070312,96.19999694824219,96.70999908447266,5712200
2025-08-07,97.12999725341797,97.30000305175781,94.69000244140625,95.98999786376953,7313000
2025-08-08,96.26000213623047,97.2300033569336,95.94999694824219,97.08000183105469,5032100
2025-08-11,97.16000366210938,97.91000366210938,96.91000366210938,97.62999725341797,7337600
2025-08-12,98.16000366210938,99.23999786376953,97.94000244140625,98.69000244140625,7549400
2025-08-13,98.97000122070312,99.41999816894531,95.27999877929688,95.58999633789062,12456300
2025-08-14,97.36000061035156,98.20999908447266,95.5999984741211,97.77999877929688,11310500
2025-08-15,97.1500015258789,97.16999816894531,95.88999938964844,96.11000061035156,9538100
2025-08-18,96.08999633789062,96.69999694824219,95.70999908447266,96.16999816894531,6803200
2025-08-19,96.0,96.7300033569336,95.54000091552734,95.76000213623047,6778400
2025-08-20,95.91000366210938,96.1500015258789,94.37999725341797,95.51000213623047,9435500
2025-08-21,95.37999725341797,96.08000183105469,95.18000030517578,95.81999969482422,5162700
2025-08-22,96.16999816894531,97.04000091552734,94.3499984741211,95.83000183105469,12859500
2025-08-25,95.88999938964844,96.52999877929688,95.33999633789062,96.19000244140625,5962000
2025-08-26,96.0999984741211,97.4800033569336,95.93000030517578,97.23999786376953,7721700
2025-08-27,97.29000091552734,97.52999877929688,96.83000183105469,96.87000274658203,5072900
2025-08-28,96.94999694824219,97.37999725341797,96.5199966430664,97.08999633789062,6611900
2025-08-29,97.08000183105469,97.4000015258789,94.98999786376953,95.83999633789062,8829400
2025-09-02,95.3499984741211,96.12000274658203,94.04000091552734,96.12000274658203,7741300
2025-09-03,96.20999908447266,96.62000274658203,95.26000213623047,96.22000122070312,7261500
2025-09-04,96.87000274658203,97.73999786376953,96.20999908447266,97.62999725341797,7504600
2025-09-05,97.2300033569336,97.5999984741211,91.5199966430664,92.05000305175781,18240700
2025-09-08,92.18000030517578,93.6500015258789,91.8499984741211,93.44999694824219,12681500
2025-09-09,93.56999969482422,94.05000305175781,91.43000030517578,93.66999816894531,10773600
2025-09-10,93.1500015258789,93.36000061035156,91.86000061035156,92.23999786376953,12543900
2025-09-11,92.27999877929688,94.08000183105469,91.83000183105469,93.94000244140625,8724400
2025-09-12,93.93000030517578,94.5,93.36000061035156,93.54000091552734,7701800
2025-09-15,93.76000213623047,94.0999984741211,91.68000030517578,92.0999984741211,9645700
2025-09-16,92.33000183105469,92.4000015258789,90.5,91.02999877929688,13613800
2025-09-17,91.06999969482422,92.19000244140625,90.55000305175781,92.08999633789062,14497000
2025-09-18,91.91999816894531,93.73999786376953,91.9000015258789,93.27999877929688,10439800
2025-09-19,93.36000061035156,94.55999755859375,92.80000305175781,94.33000183105469,15163100
2025-09-22,93.66999816894531,94.4800033569336,93.33999633789062,94.43000030517578,11076300
2025-09-23,94.01000213623047,94.93000030517578,93.36000061035156,93.91000366210938,6914800
2025-09-24,94.05999755859375,94.12999725341797,91.69999694824219,92.37000274658203,10336200
2025-09-25,92.38999938964844,94.80000305175781,92.0,94.77999877929688,9203700
2025-09-26,95.12999725341797,95.9800033569336,94.73999786376953,95.45999908447266,5288300
2025-09-29,95.76000213623047,96.9800033569336,95.44999694824219,96.88999938964844,8356100
2025-09-30,96.8499984741211,97.30000305175781,94.45999908447266,95.47000122070312,8609100
2025-10-01,94.5999984741211,94.72000122070312,92.16999816894531,92.25,11649200
2025-10-02,92.48999786376953,93.06999969482422,92.12999725341797,92.69999694824219,6881600
2025-10-03,92.69999694824219,94.36000061035156,92.5999984741211,94.08000183105469,6762200
2025-10-06,94.43000030517578,95.08999633789062,93.41999816894531,94.0,6284000
2025-10-07,94.6500015258789,94.7300033569336,93.37000274658203,94.01000213623047,7582100
2025-10-08,94.12999725341797,94.41999816894531,92.66999816894531,93.79000091552734,6115700
2025-10-09,94.0999984741211,94.36000061035156,92.77999877929688,94.0199966430664,8584300
2025-10-10,94.30000305175781,94.86000061035156,91.95999908447266,91.95999908447266,8023600
2025-10-13,92.37999725341797,93.77999877929688,91.9800033569336,93.48999786376953,8773400
2025-10-14,93.12999725341797,94.9800033569336,93.02999877929688,93.38999938964844,8934100
2025-10-15,94.30999755859375,94.94999694824219,93.18000030517578,94.33000183105469,15688800
2025-10-16,94.7699966430664,97.16000366210938,93.20999908447266,93.41000366210938,17319200
2025-10-17,94.72000122070312,94.86000061035156,92.83000183105469,94.13999938964844,9199700
2025-10-20,94.19999694824219,95.68000030517578,94.19999694824219,94.94999694824219,7380900
2025-10-21,94.56999969482422,95.41000366210938,93.80000305175781,95.08999633789062,7450900
2025-10-22,95.30000305175781,95.76000213623047,93.62999725341797,94.30999755859375,10388200
2025-10-23,94.80999755859375,95.1500015258789,93.94000244140625,94.5999984741211,7708000
2025-10-24,95.0,95.41999816894531,94.30999755859375,94.41999816894531,7124300
2025-10-27,95.0,95.27999877929688,94.54000091552734,94.83999633789062,7577900
2025-10-28,94.97000122070312,95.0,93.51000213623047,93.8499984741211,7090300
2025-10-29,93.48999786376953,95.11000061035156,93.25,94.61000061035156,11773900
2025-10-30,94.69000244140625,95.52999877929688,93.54000091552734,94.41000366210938,5753500
2025-10-31,94.0199966430664,94.83000183105469,93.11000061035156,94.5199966430664,6275200
2025-11-03,94.88999938964844,95.04000091552734,92.61000061035156,93.1500015258789,6980300
2025-11-04,92.80000305175781,94.12000274658203,92.12999725341797,93.83999633789062,7719800
2025-11-05,93.54000091552734,94.06999969482422,92.77999877929688,93.68000030517578,8338800
2025-11-06,94.0,94.75,93.52999877929688,94.19999694824219,6350300
2025-11-07,94.51000213623047,95.48999786376953,93.31999969482422,95.23999786376953,6743700
2025-11-10,94.9000015258789,96.0199966430664,94.72000122070312,95.58000183105469,8498900
2025-11-11,95.0,97.12999725341797,94.91999816894531,96.12000274658203,5641900
2025-11-12,96.27999877929688,98.5,96.12999725341797,97.70999908447266,10610500
2025-11-13,97.87000274658203,98.26000213623047,94.91999816894531,95.36000061035156,8347600
2025-11-14,94.93000030517578,95.62999725341797,93.33999633789062,94.38999938964844,9356800
2025-11-17,94.55999755859375,94.58000183105469,91.58999633789062,91.91000366210938,9141200
2025-11-18,91.5999984741211,93.3499984741211,91.26000213623047,92.27999877929688,8505800
2025-11-19,92.0199966430664,93.38999938964844,91.5999984741211,92.63999938964844,6193800
2025-11-20,93.58999633789062,94.38999938964844,90.45999908447266,90.48999786376953,14227600
2025-11-21,90.98999786376953,91.19999694824219,89.3499984741211,90.51000213623047,8270200
2025-11-24,90.6500015258789,90.9000015258789,89.63999938964844,90.5199966430664,9966500
2025-11-25,90.29000091552734,91.13999938964844,89.5,90.73999786376953,8979600
2025-11-26,91.0,92.37000274658203,90.94999694824219,91.80000305175781,6697200
2025-11-28,91.8499984741211,93.23999786376953,91.58000183105469,92.7300033569336,6707800
2025-12-01,92.02999877929688,93.20999908447266,91.81999969482422,92.69000244140625,7974500
2025-12-02,92.80000305175781,93.12000274658203,92.02999877929688,92.06999969482422,10610500
2025-12-03,92.0199966430664,94.0199966430664,91.5999984741211,93.98999786376953,9688300
2025-12-04,94.12000274658203,95.41000366210938,93.95999908447266,95.02999877929688,8367600
2025-12-05,94.69999694824219,95.62000274658203,93.79000091552734,93.81999969482422,9043200
2025-12-08,93.63999938964844,94.41999816894531,92.75,94.27999877929688,8371100
2025-12-09,94.08000183105469,95.7699966430664,94.01000213623047,94.16000366210938,6479300
2025-12-10,94.36000061035156,96.37999725341797,94.06999969482422,95.80999755859375,8521900
2025-12-11,95.55999755859375,97.08999633789062,94.86000061035156,97.05000305175781,10564900
2025-12-12,96.98999786376953,97.4000015258789,94.37999725341797,96.6500015258789,13406700
2025-12-15,96.7300033569336,97.16000366210938,94.51000213623047,95.27999877929688,9842800
2025-12-16,95.30000305175781,96.44000244140625,95.02999877929688,96.0,9624500
2025-12-17,96.56999969482422,97.19999694824219,95.81999969482422,96.61000061035156,10929800
2025-12-18,96.9000015258789,97.37999725341797,95.91999816894531,97.2300033569336,9627500
2025-12-19,97.4000015258789,99.52999877929688,97.22000122070312,98.81999969482422,23213100
2025-12-22,99.55999755859375,101.73999786376953,99.05000305175781,101.41000366210938,9307900
2025-12-23,101.5199966430664,102.05000305175781,100.9000015258789,101.18000030517578,5727400
2025-12-24,101.3499984741211,102.11000061035156,100.88999938964844,101.8499984741211,2859500
2025-12-26,101.87000274658203,102.27999877929688,101.54000091552734,101.88999938964844,2778100
2025-12-29,101.70999908447266,101.80000305175781,101.22000122070312,101.30999755859375,7958200
2025-12-30,101.58000183105469,101.6500015258789,100.31999969482422,100.55000305175781,3943400
2025-12-31,100.80000305175781,100.91000366210938,99.88999938964844,99.91000366210938,4380500
2026-01-02,99.7699966430664,101.83000183105469,99.41000366210938,101.56999969482422,8409300
2026-01-05,101.73999786376953,104.44000244140625,101.73999786376953,103.73999786376953,9206500
2026-01-06,104.33999633789062,104.76000213623047,103.5199966430664,103.56999969482422,7285600
2026-01-07,103.87000274658203,103.94999694824219,101.83999633789062,101.93000030517578,7352000
2026-01-08,102.27999877929688,102.48999786376953,101.13999938964844,101.33999633789062,6500700
2026-01-09,101.33999633789062,101.62000274658203,100.13999938964844,100.16999816894531,6839500
2026-01-12,100.23999786376953,102.27999877929688,100.05000305175781,101.9000015258789,8849800
2026-01-13,101.98999786376953,102.26000213623047,100.38999938964844,101.18000030517578,7029000
2026-01-14,100.86000061035156,101.94000244140625,99.5999984741211,101.91999816894531,6643000
2026-01-15,102.19999694824219,103.5999984741211,102.01000213623047,102.76000213623047,8317700
2026-01-16,102.63999938964844,104.9800033569336,102.63999938964844,103.81999969482422,10868200
2026-01-20,102.30999755859375,103.44999694824219,100.9000015258789,100.98999786376953,12978300
2026-01-21,101.33000183105469,104.83000183105469,99.69000244140625,101.79000091552734,17879500
2026-01-22,103.06999969482422,105.80999755859375,103.01000213623047,104.05000305175781,13539500
2026-01-23,103.66999816894531,104.08000183105469,101.23999786376953,102.18000030517578,8712700
2026-01-26,102.5199966430664,103.69000244140625,102.47000122070312,102.94000244140625,7357400
2026-01-27,102.56999969482422,104.0999984741211,102.25,103.72000122070312,8837500
2026-01-28,103.56999969482422,103.79000091552734,102.75,103.47000122070312,7531000
2026-01-29,104.18000030517578,104.9800033569336,102.69000244140625,103.47000122070312,10033900
2026-01-30,103.3499984741211,104.86000061035156,102.87999725341797,103.91999816894531,11335300
2026-02-02,103.7300033569336,105.19000244140625,103.08999633789062,105.16999816894531,9897200
2026-02-03,105.22000122070312,105.72000122070312,102.44000244140625,103.7300033569336,13372700
2026-02-04,103.76000213623047,105.04000091552734,102.95999908447266,103.87999725341797,10779700
2026-02-05,103.93000030517578,103.93000030517578,101.56999969482422,102.0,9683400
2026-02-06,103.25,105.27999877929688,103.0,105.08000183105469,7527600
2026-02-09,104.83999633789062,107.2699966430664,104.77999877929688,107.20999908447266,10177800
2026-02-10,107.0,107.5,97.01000213623047,99.25,40420200
2026-02-11,100.91000366210938,101.1500015258789,95.08999633789062,95.44999694824219,25148900
2026-02-12,96.0,96.47000122070312,92.80000305175781,95.08000183105469,24881800
2026-02-13,94.05999755859375,94.5199966430664,93.01000213623047,93.72000122070312,12653700
2026-02-17,94.2300033569336,94.47000122070312,92.30000305175781,93.08000183105469,11250900
2026-02-18,93.91000366210938,95.86000061035156,93.5,95.37999725341797,16284800
2026-02-19,94.86000061035156,94.88999938964844,93.05999755859375,93.87000274658203,13403200
2026-02-20,93.37000274658203,94.2300033569336,92.7300033569336,94.02999877929688,8491800
2026-02-23,93.51000213623047,93.91999816894531,91.27999877929688,92.75,11226900
2026-02-24,92.19000244140625,94.55000305175781,91.86000061035156,93.12000274658203,13635200
2026-02-25,93.87000274658203,95.80000305175781,93.5199966430664,95.3499984741211,8788600
2026-02-26,95.4800033569336,97.61000061035156,95.4800033569336,97.5199966430664,9895700
2026-02-27,96.48999786376953,96.98999786376953,93.62000274658203,95.19999694824219,13146100
2026-03-02,94.2300033569336,96.5999984741211,93.93000030517578,95.48999786376953,11412300
2026-03-03,94.0,95.98999786376953,93.5,95.23999786376953,8257400
2026-03-04,96.22000122070312,96.80000305175781,95.37999725341797,96.04000091552734,8268100
2026-03-05,95.47000122070312,96.83999633789062,94.16000366210938,95.41000366210938,12027400
2026-03-06,93.87999725341797,95.2699966430664,92.55000305175781,95.2300033569336,9745100
2026-03-09,94.0999984741211,94.86000061035156,92.2699966430664,94.37999725341797,8517400
2026-03-10,94.4000015258789,94.62000274658203,92.58999633789062,93.16999816894531,7017500
2026-03-11,92.94999694824219,93.48999786376953,91.20999908447266,92.66999816894531,6460400
2026-03-12,91.81999969482422,92.04000091552734,90.51000213623047,91.23999786376953,9215100
2026-03-13,92.0,93.80000305175781,91.93000030517578,93.05999755859375,11043500
2026-03-16,94.12999725341797,95.23999786376953,93.26000213623047,93.62999725341797,8835600
2026-03-17,94.2699966430664,95.38999938964844,93.7699966430664,93.93000030517578,5972100
2026-03-18,93.80000305175781,94.22000122070312,92.87000274658203,93.27999877929688,8175300
2026-03-19,93.37000274658203,94.1500015258789,92.79000091552734,93.98999786376953,8001300
2026-03-20,94.11000061035156,94.87000274658203,93.5,94.66000366210938,13145400
2026-03-23,95.58999633789062,96.44999694824219,93.98999786376953,95.30000305175781,8933300
2026-03-24,95.58000183105469,96.73999786376953,95.19999694824219,95.68000030517578,6456200
2026-03-25,95.94999694824219,96.6500015258789,94.38999938964844,94.98999786376953,6454300
2026-03-26,94.68000030517578,95.16000366210938,93.83999633789062,94.47000122070312,6984000
2026-03-27,93.87000274658203,93.95999908447266,91.97000122070312,92.36000061035156,7252400
2026-03-30,92.98999786376953,93.7300033569336,92.37000274658203,93.05999755859375,6406400
2026-03-31,94.0,94.12999725341797,92.16999816894531,93.9800033569336,9731000
2026-04-01,95.01000213623047,95.44000244140625,90.0,92.36000061035156,15988700
2026-04-02,91.0999984741211,94.0199966430664,90.88999938964844,93.7699966430664,7970400
2026-04-06,93.9000015258789,94.75,92.04000091552734,92.98999786376953,10968100
2026-04-07,92.20999908447266,93.7300033569336,91.30000305175781,93.33999633789062,11971800
2026-04-08,94.88999938964844,96.77999877929688,94.5,96.69999694824219,10783100
2026-04-09,96.27999877929688,97.9800033569336,95.83000183105469,97.2699966430664,5794500
2026-04-10,97.19000244140625,97.25,94.1500015258789,94.80000305175781,9346800
2026-04-13,94.72000122070312,96.8499984741211,94.19999694824219,96.79000091552734,7449700
2026-04-14,97.27999877929688,99.05999755859375,96.88999938964844,98.37999725341797,12167600
2026-04-15,99.4000015258789,100.76000213623047,99.08999633789062,100.2699966430664,10983400
2026-04-16,95.76000213623047,98.75,91.91999816894531,92.62000274658203,27859500
2026-04-17,93.3499984741211,93.93000030517578,90.56999969482422,92.27999877929688,20191300
2026-04-20,91.9800033569336,93.58999633789062,91.6500015258789,93.1500015258789,11271600
2026-04-21,93.26000213623047,94.16000366210938,91.83000183105469,91.97000122070312,12842800
2026-04-22,92.19000244140625,93.0,91.1500015258789,91.70999908447266,10798300
2026-04-23,91.13999938964844,91.5999984741211,87.83999633789062,88.91999816894531,17899600
2026-04-24,88.91999816894531,89.86000061035156,88.29000091552734,88.5,11670500
2026-04-27,88.26000213623047,91.12000274658203,88.1500015258789,90.76000213623047,8399200
2026-04-28,91.30000305175781,91.9000015258789,90.18000030517578,90.83000183105469,9259100
2026-04-29,90.33000183105469,91.48999786376953,89.44000244140625,91.16000366210938,8328300
2026-04-30,90.3499984741211,92.52999877929688,89.87999725341797,91.63999938964844,12560300
2026-05-01,92.02999877929688,92.86000061035156,91.2699966430664,91.54000091552734,8532600
2026-05-04,91.37000274658203,92.72000122070312,90.94999694824219,91.4800033569336,7005800
2026-05-05,91.76000213623047,92.88999938964844,91.5,92.4000015258789,5784300
2026-05-06,92.36000061035156,92.75,91.58999633789062,92.1500015258789,6883300
2026-05-07,91.80999755859375,92.43000030517578,88.66000366210938,89.5,14792000
2026-05-08,89.29000091552734,89.69999694824219,88.30999755859375,88.61000061035156,9954000
2026-05-11,88.62000274658203,88.87000274658203,87.61000061035156,87.83000183105469,9542700
2026-05-12,88.0199966430664,90.38999938964844,87.63999938964844,90.18000030517578,9489900
2026-05-13,89.44999694824219,91.77999877929688,89.26000213623047,91.16999816894531,9299800
2026-05-14,91.6500015258789,92.16999816894531,89.12999725341797,89.44000244140625,14178800
2026-05-15,90.4800033569336,92.87000274658203,89.76000213623047,90.87999725341797,14262000
2026-05-18,91.0,93.43000030517578,90.77999877929688,92.38999938964844,8266100
2026-05-19,92.19999694824219,92.93000030517578,91.45999908447266,91.80999755859375,8681800
2026-05-20,92.31999969482422,92.55999755859375,89.7300033569336,90.11000061035156,12827800
2026-05-21,90.18000030517578,90.69999694824219,89.27999877929688,90.41000366210938,8077900
2026-05-22,90.36000061035156,91.38999938964844,90.11000061035156,90.1500015258789,7065600
2026-05-26,89.69999694824219,90.41999816894531,89.37000274658203,89.4000015258789,8359900
2026-05-27,89.0,89.26000213623047,84.72000122070312,85.61000061035156,21847900
2026-05-28,85.12000274658203,85.62000274658203,83.95999908447266,85.3499984741211,16763700
2026-05-29,86.0,87.4800033569336,85.93000030517578,87.3499984741211,20459400
2026-06-01,86.80999755859375,89.19999694824219,86.0199966430664,88.73999786376953,13961600
2026-06-02,87.94000244140625,88.62000274658203,86.22000122070312,87.61000061035156,11612000
2026-06-03,87.0,87.55999755859375,85.58000183105469,86.58999633789062,11339400
2026-06-04,87.51000213623047,88.5,86.69999694824219,88.0,11790000
2026-06-05,88.45999908447266,88.94000244140625,87.68000030517578,88.83999633789062,9213900
2026-06-08,88.27999877929688,88.91999816894531,87.7699966430664,88.08000183105469,7473300
2026-06-09,88.25,88.91999816894531,87.18000030517578,88.7699966430664,10830600
2026-06-10,88.44999694824219,90.25,87.86000061035156,89.2699966430664,11177400
2026-06-11,89.26000213623047,89.94000244140625,88.54000091552734,88.69999694824219,11380700
2026-06-12,89.52999877929688,92.20999908447266,89.25,91.0999984741211,11399400
2026-06-15,91.61000061035156,92.38999938964844,90.76000213623047,90.94999694824219,11479900
2026-06-16,92.0,93.69999694824219,91.44000244140625,93.66999816894531,12346400
2026-06-17,93.55000305175781,94.83000183105469,92.45999908447266,94.51000213623047,12107300
2026-06-18,94.58000183105469,94.79000091552734,90.86000061035156,91.69999694824219,27430200
2026-06-22,92.5,92.69000244140625,91.36000061035156,92.02999877929688,11599200
2026-06-23,92.38999938964844,93.30000305175781,92.02999877929688,93.16999816894531,11700800
2026-06-24,92.80999755859375,92.9000015258789,91.0199966430664,91.38999938964844,12928600
2026-06-25,91.38999938964844,92.5999984741211,89.26000213623047,89.44000244140625,10917000
2026-06-26,89.5999984741211,90.66999816894531,87.62999725341797,90.66999816894531,17567400
2026-06-29,90.3499984741211,91.5999984741211,90.19999694824219,90.55000305175781,9170300
2026-06-30,91.48999786376953,94.16999816894531,91.29000091552734,92.2699966430664,9834900
2026-07-01,92.76000213623047,96.06999969482422,92.30999755859375,95.77999877929688,10685400
2026-07-02,96.73999786376953,97.44999694824219,96.20999908447266,97.0,8892800
2026-07-06,97.19000244140625,101.16999816894531,97.19000244140625,100.62000274658203,11391100
2026-07-07,101.20999908447266,102.54000091552734,100.88999938964844,101.93000030517578,9405300
2026-07-08,101.91000366210938,103.06999969482422,101.26000213623047,101.69999694824219,8948300
2026-07-09,101.41999816894531,103.44000244140625,100.51000213623047,101.91000366210938,6374500
2026-07-10,103.25,103.56999969482422,101.80000305175781,103.12000274658203,5680000
2026-07-13,103.51000213623047,103.97000122070312,102.11000061035156,102.37999725341797,7419600
2026-07-14,101.13999938964844,103.36000061035156,100.75,101.0999984741211,7747200
2026-07-15,101.55999755859375,103.4000015258789,101.33999633789062,102.79000091552734,7971900
2026-07-16,103.4000015258789,103.80000305175781,101.94999694824219,102.80000305175781,10311700
2026-07-17,102.31999969482422,102.80999755859375,100.80999755859375,101.55999755859375,8312000
2026-07-20,100.61000061035156,103.08999633789062,100.30000305175781,102.54000091552734,13660300
2026-07-21,104.18000030517578,104.4800033569336,99.70999908447266,99.95999908447266,14815100
2026-07-22,101.33999633789062,101.33999633789062,99.41999816894531,100.80000305175781,7797300
