Date,Open,High,Low,Close,Volume
2018-12-12,14.100000381469727,14.75,13.75,14.0,60283400.0
2018-12-13,14.239999771118164,14.600000381469727,13.479999542236328,13.510000228881836,18654800.0
2018-12-14,13.25,13.300000190734863,12.430000305175781,12.8100004196167,19916200.0
2018-12-17,12.699999809265137,12.829999923706055,11.930000305175781,12.130000114440918,12744000.0
2018-12-18,12.300000190734863,12.5,11.8100004196167,12.300000190734863,6867900.0
2018-12-19,12.239999771118164,12.680000305175781,12.010000228881836,12.180000305175781,7422800.0
2018-12-20,12.319999694824219,12.460000038146973,12.100000381469727,12.1899995803833,6030400.0
2018-12-21,12.399999618530273,12.789999961853027,12.149999618530273,12.1899995803833,6873900.0
2018-12-24,12.119999885559082,12.164999961853027,11.880000114440918,12.0,2974500.0
2018-12-26,12.119999885559082,12.550000190734863,11.880000114440918,12.479999542236328,3857200.0
2018-12-27,12.270000457763672,13.539999961853027,12.1899995803833,13.510000228881836,6348400.0
2018-12-28,13.210000038146973,14.229999542236328,13.180000305175781,13.399999618530273,6223700.0
2018-12-31,13.640000343322754,13.84000015258789,13.100000381469727,13.220000267028809,3201700.0
2019-01-02,12.779999732971191,13.0600004196167,12.5600004196167,13.0,4944900.0
2019-01-03,12.850000381469727,12.850000381469727,12.25,12.4399995803833,5512100.0
2019-01-04,12.729999542236328,13.199999809265137,12.40999984741211,13.199999809265137,6812100.0
2019-01-07,13.050000190734863,13.100000381469727,12.640000343322754,12.8100004196167,5369900.0
2019-01-08,12.979999542236328,13.010000228881836,12.640000343322754,13.0,5992200.0
2019-01-09,13.0,13.399999618530273,12.899999618530273,13.020000457763672,7339100.0
2019-01-10,12.970000267028809,13.079999923706055,12.699999809265137,13.029999732971191,3992000.0
2019-01-11,13.079999923706055,13.079999923706055,12.800000190734863,12.890000343322754,2111200.0
2019-01-14,12.800000190734863,12.800000190734863,12.0600004196167,12.199999809265137,4374000.0
2019-01-15,12.319999694824219,12.520000457763672,12.210000038146973,12.420000076293945,3614100.0
2019-01-16,12.539999961853027,13.020000457763672,12.529999732971191,13.0,3349200.0
2019-01-17,13.0,13.199999809265137,12.680000305175781,12.970000267028809,2738900.0
2019-01-18,13.229999542236328,14.420000076293945,13.20199966430664,14.350000381469727,8836600.0
2019-01-22,14.100000381469727,15.5,13.989999771118164,14.800000190734863,16598000.0
2019-01-23,15.100000381469727,15.430000305175781,14.75,14.949999809265137,6408800.0
2019-01-24,15.0,16.200000762939453,14.979999542236328,15.90999984741211,12565400.0
2019-01-25,16.1299991607666,16.209999084472656,15.220000267028809,15.270000457763672,5795900.0
2019-01-28,15.359999656677246,15.380000114440918,14.199999809265137,15.079999923706055,5211900.0
2019-01-29,15.149999618530273,15.59000015258789,14.899999618530273,15.369999885559082,3815400.0
2019-01-30,15.5,15.859999656677246,14.350000381469727,15.029999732971191,5895500.0
2019-01-31,15.100000381469727,15.300000190734863,14.729999542236328,14.949999809265137,3726300.0
2019-02-01,15.010000228881836,15.07699966430664,13.5600004196167,13.9399995803833,9319300.0
2019-02-04,14.029999732971191,14.899999618530273,13.899999618530273,14.850000381469727,4499400.0
2019-02-05,14.890000343322754,15.069999694824219,14.520000457763672,15.029999732971191,3861900.0
2019-02-06,14.869999885559082,15.399999618530273,14.579999923706055,14.949999809265137,3931700.0
2019-02-07,14.869999885559082,15.609999656677246,14.619999885559082,14.960000038146973,5515900.0
2019-02-08,14.84000015258789,14.949999809265137,14.619999885559082,14.699999809265137,2297500.0
2019-02-11,14.90999984741211,15.550000190734863,14.859999656677246,15.029999732971191,3558000.0
2019-02-12,15.270000457763672,16.030000686645508,15.149999618530273,16.010000228881836,8984900.0
2019-02-13,16.209999084472656,16.290000915527344,15.510000228881836,15.869999885559082,4140400.0
2019-02-14,15.800000190734863,17.3799991607666,15.670000076293945,16.989999771118164,10953600.0
2019-02-15,16.739999771118164,16.81999969482422,16.15999984741211,16.170000076293945,6854800.0
2019-02-19,16.34000015258789,17.170000076293945,16.149999618530273,17.059999465942383,6934000.0
2019-02-20,17.079999923706055,17.204999923706055,16.799999237060547,17.18000030517578,6704800.0
2019-02-21,17.1200008392334,17.43600082397461,16.829999923706055,16.899999618530273,3090500.0
2019-02-22,17.100000381469727,17.860000610351562,16.8799991607666,17.809999465942383,6840600.0
2019-02-25,18.479999542236328,18.799999237060547,18.0,18.75,8965100.0
2019-02-26,18.389999389648438,18.459999084472656,17.829999923706055,17.899999618530273,7801800.0
2019-02-27,17.969999313354492,18.860000610351562,17.8799991607666,18.489999771118164,6622300.0
2019-02-28,18.709999084472656,18.75,17.760000228881836,18.020000457763672,15327300.0
2019-03-01,18.190000534057617,18.290000915527344,17.600000381469727,18.200000762939453,4722000.0
2019-03-04,18.260000228881836,18.32900047302246,17.6299991607666,18.170000076293945,3793300.0
2019-03-05,18.21500015258789,18.520000457763672,17.75,18.43000030517578,4634500.0
2019-03-06,18.600000381469727,18.68000030517578,18.1200008392334,18.479999542236328,4538200.0
2019-03-07,18.299999237060547,18.299999237060547,17.549999237060547,18.010000228881836,6416800.0
2019-03-08,17.280000686645508,17.399999618530273,16.649999618530273,17.1200008392334,7861100.0
2019-03-11,17.3799991607666,18.139999389648438,17.079999923706055,17.899999618530273,5265000.0
2019-03-12,18.0,18.389999389648438,17.799999237060547,18.299999237060547,2792200.0
2019-03-13,18.299999237060547,18.479999542236328,17.799999237060547,17.889999389648438,2992600.0
2019-03-14,17.860000610351562,18.15999984741211,17.530000686645508,17.68000030517578,2958300.0
2019-03-15,17.90999984741211,18.3700008392334,17.799999237060547,18.270000457763672,4403600.0
2019-03-18,18.5,19.200000762939453,18.479000091552734,19.110000610351562,7919600.0
2019-03-19,19.3799991607666,19.969999313354492,18.450000762939453,18.56999969482422,13946800.0
2019-03-20,17.299999237060547,17.549999237060547,16.34000015258789,16.65999984741211,24778800.0
2019-03-21,16.479999542236328,17.610000610351562,16.329999923706055,17.450000762939453,7143400.0
2019-03-22,17.329999923706055,17.399999618530273,16.600000381469727,16.979999542236328,5613200.0
2019-03-25,16.700000762939453,17.19499969482422,16.450000762939453,17.1200008392334,4173200.0
2019-03-26,17.280000686645508,17.299999237060547,16.829999923706055,17.0,2927000.0
2019-03-27,16.959999084472656,17.170000076293945,16.8799991607666,17.06999969482422,2641900.0
2019-03-28,17.040000915527344,17.260000228881836,16.961000442504883,17.209999084472656,1915700.0
2019-03-29,17.459999084472656,18.149999618530273,17.309999465942383,18.100000381469727,5183300.0
2019-04-01,18.75,18.860000610351562,18.31999969482422,18.809999465942383,6123000.0
2019-04-02,18.75,18.950000762939453,18.600000381469727,18.860000610351562,3128300.0
2019-04-03,19.049999237060547,19.420000076293945,18.709999084472656,19.040000915527344,8703500.0
2019-04-04,18.829999923706055,19.06999969482422,18.202999114990234,18.280000686645508,3515600.0
2019-04-05,18.350000381469727,18.65999984741211,18.15999984741211,18.229999542236328,2123000.0
2019-04-08,18.170000076293945,18.579999923706055,18.0,18.329999923706055,1580300.0
2019-04-09,18.309999465942383,18.399999618530273,17.56999969482422,17.639999389648438,4518300.0
2019-04-10,17.719999313354492,18.049999237060547,17.579999923706055,17.969999313354492,3392700.0
2019-04-11,17.780000686645508,18.18000030517578,17.68000030517578,17.920000076293945,2122600.0
2019-04-12,18.170000076293945,18.5,18.049999237060547,18.290000915527344,2580200.0
2019-04-15,18.290000915527344,18.290000915527344,17.479999542236328,17.549999237060547,2559900.0
2019-04-16,18.0,18.0,17.56999969482422,17.940000534057617,2137100.0
2019-04-17,18.0,18.65999984741211,17.889999389648438,18.56999969482422,3776800.0
2019-04-18,18.489999771118164,18.649999618530273,17.71500015258789,18.219999313354492,3464500.0
2019-04-22,17.969999313354492,18.094999313354492,17.760000228881836,17.979999542236328,1612100.0
2019-04-23,17.979999542236328,18.176000595092773,17.350000381469727,17.420000076293945,4531100.0
2019-04-24,17.5,17.860000610351562,17.3700008392334,17.65999984741211,3028900.0
2019-04-25,17.700000762939453,17.719999313354492,16.959999084472656,17.200000762939453,3948200.0
2019-04-26,17.309999465942383,17.43000030517578,16.780000686645508,17.40999984741211,3052500.0
2019-04-29,17.43000030517578,17.864999771118164,17.3700008392334,17.799999237060547,2208200.0
2019-04-30,17.729999542236328,17.739999771118164,17.149999618530273,17.200000762939453,3332900.0
2019-05-01,17.309999465942383,17.649999618530273,17.149999618530273,17.299999237060547,1968200.0
2019-05-02,17.280000686645508,17.600000381469727,16.959999084472656,17.0,2023100.0
2019-05-03,17.18000030517578,17.5,16.950000762939453,17.3700008392334,4209600.0
2019-05-06,16.649999618530273,16.940000534057617,16.0,16.850000381469727,3698800.0
2019-05-07,16.610000610351562,16.739999771118164,16.219999313354492,16.3700008392334,4629200.0
2019-05-08,16.200000762939453,16.55500030517578,16.040000915527344,16.450000762939453,5697400.0
2019-05-09,16.06999969482422,16.774999618530273,16.040000915527344,16.610000610351562,5164000.0
2019-05-10,16.649999618530273,16.75,16.225000381469727,16.59000015258789,3782600.0
2019-05-13,15.949999809265137,16.479999542236328,15.699999809265137,16.0,7045200.0
2019-05-14,14.779999732971191,15.149999618530273,14.3100004196167,15.010000228881836,29107500.0
2019-05-15,14.859999656677246,14.920000076293945,14.25,14.470000267028809,10099400.0
2019-05-16,14.579999923706055,14.640000343322754,13.920000076293945,14.239999771118164,5798800.0
2019-05-17,14.050000190734863,14.279999732971191,13.84000015258789,13.859999656677246,5675100.0
2019-05-20,13.6899995803833,13.84000015258789,13.510000228881836,13.65999984741211,5086700.0
2019-05-21,13.710000038146973,14.229999542236328,13.710000038146973,14.100000381469727,4772900.0
2019-05-22,14.069999694824219,14.15999984741211,13.920000076293945,14.0600004196167,3689200.0
2019-05-23,13.760000228881836,13.920000076293945,13.335000038146973,13.579999923706055,6595500.0
2019-05-24,13.619999885559082,13.835000038146973,13.529999732971191,13.619999885559082,4534400.0
2019-05-28,13.760000228881836,14.220000267028809,13.729999542236328,14.029999732971191,4206300.0
2019-05-29,13.890000343322754,14.079999923706055,13.59000015258789,13.65999984741211,5270200.0
2019-05-30,13.65999984741211,13.819999694824219,13.40999984741211,13.5,4230700.0
2019-05-31,13.289999961853027,13.4399995803833,13.0649995803833,13.239999771118164,6081600.0
2019-06-03,13.239999771118164,13.369999885559082,12.699999809265137,12.890000343322754,7385000.0
2019-06-04,13.020000457763672,13.180000305175781,12.600000381469727,13.170000076293945,5826000.0
2019-06-05,13.199999809265137,13.270000457763672,12.75,12.949999809265137,8781300.0
2019-06-06,12.819999694824219,13.300000190734863,12.739999771118164,13.199999809265137,5330100.0
2019-06-07,13.34000015258789,13.930000305175781,13.199999809265137,13.609999656677246,8175100.0
2019-06-10,13.65999984741211,14.350000381469727,13.65999984741211,14.300000190734863,23605900.0
2019-06-11,14.119999885559082,14.800000190734863,14.010000228881836,14.180000305175781,13382300.0
2019-06-12,13.9399995803833,14.199999809265137,13.529999732971191,14.079999923706055,15095900.0
2019-06-13,14.149999618530273,14.460000038146973,13.90999984741211,14.25,10602600.0
2019-06-14,13.9399995803833,14.180000305175781,13.720000267028809,13.899999618530273,12331600.0
2019-06-17,13.84000015258789,14.449999809265137,13.84000015258789,14.329999923706055,8199000.0
2019-06-18,14.319999694824219,15.25,14.319999694824219,15.149999618530273,11512700.0
2019-06-19,15.199999809265137,15.300000190734863,14.859999656677246,15.039999961853027,5350500.0
2019-06-20,15.270000457763672,15.390000343322754,14.960000038146973,15.050000190734863,6279100.0
2019-06-21,14.989999771118164,15.069999694824219,14.729999542236328,15.0,4902400.0
2019-06-24,14.819999694824219,15.130000114440918,14.729999542236328,15.130000114440918,7308800.0
2019-06-25,15.0,15.0600004196167,14.300000190734863,14.510000228881836,7609700.0
2019-06-26,14.699999809265137,14.949999809265137,14.59000015258789,14.739999771118164,5537500.0
2019-06-27,14.630000114440918,15.069999694824219,14.600000381469727,14.970000267028809,5710500.0
2019-06-28,14.819999694824219,15.149999618530273,14.770000457763672,14.989999771118164,6754200.0
2019-07-01,15.40999984741211,15.779999732971191,15.40999984741211,15.5,4126700.0
2019-07-02,15.449999809265137,15.5,14.960000038146973,15.149999618530273,5618000.0
2019-07-03,15.210000038146973,15.220000267028809,14.854999542236328,15.039999961853027,2861000.0
2019-07-05,14.9399995803833,15.529999732971191,14.899999618530273,15.460000038146973,3725800.0
2019-07-08,15.239999771118164,15.470000267028809,15.100000381469727,15.180000305175781,3877200.0
2019-07-09,15.109999656677246,15.640000343322754,15.0,15.5,5358800.0
2019-07-10,15.609999656677246,15.824999809265137,15.5,15.699999809265137,6061600.0
2019-07-11,15.640000343322754,16.739999771118164,15.640000343322754,15.880000114440918,9825500.0
2019-07-12,15.699999809265137,15.90999984741211,15.625,15.710000038146973,3477300.0
2019-07-15,15.75,16.280000686645508,15.710000038146973,15.989999771118164,4267500.0
2019-07-16,16.040000915527344,16.079999923706055,15.880000114440918,15.970000267028809,3307900.0
2019-07-17,15.930000305175781,16.010000228881836,14.90999984741211,14.960000038146973,5257600.0
2019-07-18,14.949999809265137,14.989999771118164,14.270000457763672,14.5,5499400.0
2019-07-19,14.5,14.75,14.25,14.359999656677246,5340800.0
2019-07-22,14.359999656677246,14.359999656677246,13.920000076293945,14.050000190734863,5319200.0
2019-07-23,14.180000305175781,14.6899995803833,14.15999984741211,14.510000228881836,3836700.0
2019-07-24,14.609999656677246,14.720000267028809,14.34000015258789,14.569999694824219,4479700.0
2019-07-25,14.5,14.720000267028809,14.380000114440918,14.569999694824219,4081600.0
2019-07-26,14.600000381469727,14.65999984741211,14.420000076293945,14.520000457763672,2135700.0
2019-07-29,14.470000267028809,14.5,14.119999885559082,14.470000267028809,4710900.0
2019-07-30,14.579999923706055,14.609999656677246,14.180000305175781,14.460000038146973,2474200.0
2019-07-31,14.350000381469727,14.430000305175781,14.010000228881836,14.270000457763672,3197800.0
2019-08-01,14.229999542236328,14.65999984741211,13.755000114440918,13.970000267028809,5388700.0
2019-08-02,13.930000305175781,14.220000267028809,13.739999771118164,14.119999885559082,3051800.0
2019-08-05,13.600000381469727,14.020000457763672,13.5600004196167,13.770000457763672,5642300.0
2019-08-06,14.0,14.100000381469727,13.59000015258789,13.869999885559082,3554100.0
2019-08-07,13.760000228881836,14.350000381469727,13.6899995803833,14.260000228881836,3946800.0
2019-08-08,14.34000015258789,14.829999923706055,14.210000038146973,14.699999809265137,3458700.0
2019-08-09,14.399999618530273,14.699999809265137,14.21500015258789,14.449999809265137,3135700.0
2019-08-12,14.229999542236328,14.5600004196167,13.984999656677246,14.449999809265137,5656700.0
2019-08-13,13.720000267028809,15.350000381469727,13.5,14.539999961853027,11075200.0
2019-08-14,14.210000038146973,14.270000457763672,13.529999732971191,13.760000228881836,7931400.0
2019-08-15,13.75,14.010000228881836,13.699999809265137,13.729999542236328,4098500.0
2019-08-16,13.9399995803833,14.100000381469727,13.760000228881836,13.979999542236328,3561400.0
2019-08-19,14.199999809265137,14.279999732971191,13.829999923706055,13.970000267028809,2342800.0
2019-08-20,13.979999542236328,13.979999542236328,13.520000457763672,13.630000114440918,2703400.0
2019-08-21,13.739999771118164,13.90999984741211,13.600000381469727,13.65999984741211,3089500.0
2019-08-22,13.630000114440918,13.760000228881836,13.40999984741211,13.670000076293945,2995600.0
2019-08-23,13.5600004196167,13.789999961853027,13.380000114440918,13.489999771118164,3988100.0
2019-08-26,13.489999771118164,13.5600004196167,13.270000457763672,13.489999771118164,2791300.0
2019-08-27,13.300000190734863,13.479999542236328,12.28499984741211,12.569999694824219,12079300.0
2019-08-28,12.699999809265137,13.104999542236328,12.5,13.029999732971191,5952500.0
2019-08-29,13.079999923706055,13.380000114440918,13.029999732971191,13.300000190734863,4695000.0
2019-08-30,13.3100004196167,13.430000305175781,13.0600004196167,13.300000190734863,3551100.0
2019-09-03,12.979999542236328,13.279999732971191,12.699999809265137,12.850000381469727,5358000.0
2019-09-04,12.9399995803833,13.100000381469727,12.90999984741211,12.930000305175781,3926200.0
2019-09-05,13.09000015258789,13.229999542236328,12.989999771118164,13.039999961853027,6514100.0
2019-09-06,13.050000190734863,13.109999656677246,12.9399995803833,12.960000038146973,2801300.0
2019-09-09,12.960000038146973,12.979999542236328,12.699999809265137,12.960000038146973,3636000.0
2019-09-10,12.899999618530273,13.380000114440918,12.800000190734863,13.210000038146973,5076100.0
2019-09-11,13.399999618530273,13.800000190734863,13.210000038146973,13.6899995803833,7387900.0
2019-09-12,13.6899995803833,13.920000076293945,13.609999656677246,13.739999771118164,4308300.0
2019-09-13,13.899999618530273,13.899999618530273,13.649999618530273,13.739999771118164,3358700.0
2019-09-16,13.699999809265137,13.949999809265137,13.5,13.90999984741211,4343700.0
2019-09-17,14.0,14.489999771118164,13.949999809265137,14.09000015258789,8882900.0
2019-09-18,14.0,14.050000190734863,13.725000381469727,14.0,5754200.0
2019-09-19,13.989999771118164,14.109999656677246,13.930000305175781,14.0,5545200.0
2019-09-20,14.069999694824219,14.069999694824219,13.305000305175781,13.579999923706055,10771300.0
2019-09-23,13.380000114440918,13.630000114440918,13.319999694824219,13.399999618530273,3148100.0
2019-09-24,13.479999542236328,13.479999542236328,12.8100004196167,13.140000343322754,4136000.0
2019-09-25,13.029999732971191,13.145000457763672,12.795000076293945,13.119999885559082,3553300.0
2019-09-26,13.050000190734863,13.189000129699707,12.800000190734863,13.029999732971191,3271500.0
2019-09-27,13.069999694824219,13.329999923706055,12.399999618530273,12.880000114440918,7475300.0
2019-09-30,12.949999809265137,13.029999732971191,12.75,12.770000457763672,3126500.0
2019-10-01,12.760000228881836,13.024999618530273,12.710000038146973,12.829999923706055,3236300.0
2019-10-02,12.720000267028809,12.899999618530273,12.600000381469727,12.850000381469727,2006100.0
2019-10-03,12.850000381469727,13.069999694824219,12.6850004196167,12.9399995803833,3644300.0
2019-10-04,12.9399995803833,13.09000015258789,12.869999885559082,12.930000305175781,2375400.0
2019-10-07,12.899999618530273,12.930000305175781,12.619999885559082,12.770000457763672,2786900.0
2019-10-08,12.75,12.779999732971191,12.5600004196167,12.699999809265137,3060000.0
2019-10-09,12.880000114440918,13.484999656677246,12.829999923706055,12.869999885559082,4944000.0
2019-10-10,12.869999885559082,13.420000076293945,12.829999923706055,13.279999732971191,6292800.0
2019-10-11,13.5,13.989999771118164,13.4399995803833,13.479999542236328,8772400.0
2019-10-14,13.520000457763672,13.59000015258789,13.140000343322754,13.3100004196167,2347300.0
2019-10-15,13.369999885559082,13.489999771118164,13.25,13.369999885559082,1941800.0
2019-10-16,13.460000038146973,13.770000457763672,13.380000114440918,13.5,2941800.0
2019-10-17,13.710000038146973,13.880000114440918,13.520000457763672,13.539999961853027,2717300.0
2019-10-18,13.649999618530273,13.680000305175781,13.300000190734863,13.5,1721800.0
2019-10-21,13.600000381469727,14.149999618530273,13.510000228881836,14.029999732971191,6354300.0
2019-10-22,14.079999923706055,14.119999885559082,13.670000076293945,13.890000343322754,5016300.0
2019-10-23,13.899999618530273,14.300000190734863,13.84000015258789,14.0,4909400.0
2019-10-24,13.979999542236328,14.15999984741211,13.859999656677246,13.979999542236328,3233800.0
2019-10-25,13.989999771118164,14.239999771118164,13.859999656677246,14.029999732971191,4530300.0
2019-10-28,14.199999809265137,14.489999771118164,14.15999984741211,14.239999771118164,4308400.0
2019-10-29,14.079999923706055,14.180000305175781,13.890000343322754,14.0,2213400.0
2019-10-30,13.8100004196167,14.0,13.802000045776367,13.899999618530273,2361500.0
2019-10-31,13.850000381469727,13.859999656677246,13.5,13.84000015258789,3314700.0
2019-11-01,14.010000228881836,14.149999618530273,13.90999984741211,14.119999885559082,2823400.0
2019-11-04,14.199999809265137,14.71500015258789,14.130000114440918,14.359999656677246,10396800.0
2019-11-05,14.0,14.069999694824219,13.710000038146973,13.760000228881836,6959100.0
2019-11-06,13.760000228881836,13.760000228881836,13.420000076293945,13.600000381469727,5360000.0
2019-11-07,13.800000190734863,13.954999923706055,13.5600004196167,13.600000381469727,4883300.0
2019-11-08,13.770000457763672,14.100000381469727,13.65999984741211,14.0,6969200.0
2019-11-11,14.0,14.59000015258789,13.949999809265137,14.369999885559082,10528600.0
2019-11-12,13.800000190734863,13.9399995803833,12.920000076293945,13.210000038146973,23909300.0
2019-11-13,13.220000267028809,13.220000267028809,12.609999656677246,12.84000015258789,7422700.0
2019-11-14,12.899999618530273,12.899999618530273,12.555000305175781,12.670000076293945,5422000.0
2019-11-15,12.649999618530273,12.805000305175781,12.550000190734863,12.6899995803833,5055600.0
2019-11-18,12.779999732971191,12.800000190734863,12.1899995803833,12.25,8262500.0
2019-11-19,12.300000190734863,12.414999961853027,12.039999961853027,12.109999656677246,6585900.0
2019-11-20,12.0,12.15999984741211,11.84000015258789,12.140000343322754,5362400.0
2019-11-21,12.09000015258789,12.5,12.050000190734863,12.5,6250400.0
2019-11-22,12.550000190734863,12.550000190734863,12.135000228881836,12.350000381469727,5148500.0
2019-11-25,12.430000305175781,13.140000343322754,12.40999984741211,12.979999542236328,11945200.0
2019-11-26,12.869999885559082,13.055000305175781,12.619999885559082,12.699999809265137,6689800.0
2019-11-27,12.420000076293945,12.625,12.399999618530273,12.430000305175781,4263700.0
2019-11-29,12.399999618530273,12.479999542236328,12.210000038146973,12.430000305175781,3321000.0
2019-12-02,12.4399995803833,12.600000381469727,12.272000312805176,12.539999961853027,3184100.0
2019-12-03,12.319999694824219,12.444999694824219,12.25,12.380000114440918,3293500.0
2019-12-04,12.5,12.520000457763672,12.3100004196167,12.3100004196167,4763200.0
2019-12-05,12.390000343322754,12.449999809265137,12.300000190734863,12.369999885559082,2739700.0
2019-12-06,12.380000114440918,12.489999771118164,12.300000190734863,12.4399995803833,3616300.0
2019-12-09,12.4399995803833,12.460000038146973,12.149999618530273,12.1899995803833,4458100.0
2019-12-10,12.199999809265137,12.234999656677246,11.899999618530273,11.930000305175781,6815000.0
2019-12-11,12.050000190734863,12.175000190734863,11.899999618530273,12.069999694824219,4072800.0
2019-12-12,12.100000381469727,12.3100004196167,11.960000038146973,12.0,5266400.0
2019-12-13,12.039999961853027,12.0649995803833,11.359999656677246,11.420000076293945,19788800.0
2019-12-16,11.5,11.600000381469727,11.270000457763672,11.489999771118164,7132800.0
2019-12-17,11.770000457763672,12.489999771118164,11.744999885559082,12.100000381469727,15324900.0
2019-12-18,12.09000015258789,12.199999809265137,11.880000114440918,12.010000228881836,7411400.0
2019-12-19,11.989999771118164,12.0,11.774999618530273,11.800000190734863,3850300.0
2019-12-20,11.829999923706055,11.850000381469727,11.550000190734863,11.670000076293945,7008400.0
2019-12-23,11.720000267028809,11.869999885559082,11.619999885559082,11.649999618530273,5629500.0
2019-12-24,11.550000190734863,11.770000457763672,11.489999771118164,11.670000076293945,3772100.0
2019-12-26,11.65999984741211,12.1899995803833,11.630000114440918,12.0600004196167,7462100.0
2019-12-27,12.069999694824219,12.260000228881836,11.920000076293945,11.9399995803833,5858500.0
2019-12-30,11.859999656677246,11.970000267028809,11.583000183105469,11.670000076293945,5887500.0
2019-12-31,11.8100004196167,12.130000114440918,11.699999809265137,11.739999771118164,6681900.0
2020-01-02,12.029999732971191,12.630000114440918,12.020000457763672,12.5600004196167,11530200.0
2020-01-03,12.4399995803833,12.720000267028809,12.345000267028809,12.550000190734863,6198600.0
2020-01-06,12.529999732971191,12.529999732971191,12.199999809265137,12.430000305175781,5562300.0
2020-01-07,12.4399995803833,12.520000457763672,11.899999618530273,12.069999694824219,8163300.0
2020-01-08,12.100000381469727,12.5600004196167,11.9399995803833,12.489999771118164,8441400.0
2020-01-09,12.710000038146973,13.390000343322754,12.520000457763672,13.279999732971191,13373600.0
2020-01-10,13.5,14.210000038146973,13.229999542236328,13.489999771118164,19370800.0
2020-01-13,13.979999542236328,14.199999809265137,13.899999618530273,14.0,18288300.0
2020-01-14,13.970000267028809,13.973999977111816,13.350000381469727,13.739999771118164,8371500.0
2020-01-15,13.819999694824219,14.0,13.680000305175781,13.960000038146973,4906700.0
2020-01-16,14.0,14.020000457763672,13.819999694824219,13.949999809265137,5819700.0
2020-01-17,14.0,14.1899995803833,13.970000267028809,14.079999923706055,10565000.0
2020-01-21,13.979999542236328,14.010000228881836,13.720000267028809,13.859999656677246,6470800.0
2020-01-22,14.039999961853027,14.039999961853027,13.194999694824219,13.380000114440918,10873000.0
2020-01-23,13.199999809265137,13.210000038146973,12.739999771118164,13.210000038146973,10505200.0
2020-01-24,13.229999542236328,13.289999961853027,12.649999618530273,12.819999694824219,6514000.0
2020-01-27,12.319999694824219,12.819999694824219,12.220000267028809,12.75,7929300.0
2020-01-28,12.8100004196167,13.149999618530273,12.8100004196167,13.039999961853027,5994000.0
2020-01-29,13.069999694824219,13.194999694824219,12.949999809265137,13.050000190734863,5782100.0
2020-01-30,12.859999656677246,12.880000114440918,12.50100040435791,12.84000015258789,4968900.0
2020-01-31,12.779999732971191,12.789999961853027,12.550000190734863,12.6899995803833,6494200.0
2020-02-03,12.6899995803833,13.0,12.6850004196167,12.829999923706055,5750500.0
2020-02-04,13.09000015258789,13.5,12.989999771118164,13.449999809265137,8483200.0
2020-02-05,13.5,13.640000343322754,12.979999542236328,13.430000305175781,6411100.0
2020-02-06,13.630000114440918,13.989999771118164,13.600000381469727,13.84000015258789,9514000.0
2020-02-07,13.729999542236328,13.800000190734863,13.199999809265137,13.579999923706055,5029000.0
2020-02-10,13.510000228881836,13.800000190734863,13.5,13.770000457763672,3322200.0
2020-02-11,13.899999618530273,14.300000190734863,13.770000457763672,13.800000190734863,7376700.0
2020-02-12,14.050000190734863,14.079999923706055,13.800000190734863,13.989999771118164,5666900.0
2020-02-13,13.640000343322754,13.699999809265137,13.220000267028809,13.479999542236328,9954600.0
2020-02-14,13.569999694824219,13.569999694824219,13.069999694824219,13.149999618530273,7405700.0
2020-02-18,12.779999732971191,12.9399995803833,12.625,12.6899995803833,9855200.0
2020-02-19,12.75,12.954999923706055,12.550000190734863,12.729999542236328,6941900.0
2020-02-20,12.670000076293945,12.989999771118164,12.670000076293945,12.869999885559082,5733500.0
2020-02-21,12.819999694824219,12.859999656677246,12.609999656677246,12.739999771118164,6028200.0
2020-02-24,12.229999542236328,12.53499984741211,12.100000381469727,12.220000267028809,10407300.0
2020-02-25,12.5,12.710000038146973,12.220000267028809,12.319999694824219,8768000.0
2020-02-26,12.350000381469727,12.600000381469727,12.329999923706055,12.479999542236328,7217000.0
2020-02-27,12.25,12.600000381469727,12.031000137329102,12.289999961853027,6885600.0
2020-02-28,12.079999923706055,12.260000228881836,11.904999732971191,12.130000114440918,7726300.0
2020-03-02,12.369999885559082,12.380000114440918,11.880000114440918,12.130000114440918,6810600.0
2020-03-03,12.199999809265137,12.380000114440918,11.949999809265137,12.15999984741211,8152500.0
2020-03-04,12.350000381469727,12.6899995803833,12.329999923706055,12.59000015258789,4215800.0
2020-03-05,12.460000038146973,12.760000228881836,12.399999618530273,12.5600004196167,3127500.0
2020-03-06,12.350000381469727,12.4399995803833,11.930000305175781,12.069999694824219,9553500.0
2020-03-09,11.600000381469727,11.84000015258789,11.380000114440918,11.789999961853027,9952900.0
2020-03-10,12.09000015258789,12.329999923706055,11.890000343322754,12.130000114440918,6119700.0
2020-03-11,11.9399995803833,12.0600004196167,11.649999618530273,11.760000228881836,8072400.0
2020-03-12,11.510000228881836,11.555000305175781,10.899999618530273,11.279999732971191,13656000.0
2020-03-13,11.800000190734863,12.180000305175781,10.930000305175781,11.399999618530273,10950600.0
2020-03-16,10.710000038146973,11.239999771118164,10.5,11.050000190734863,8001400.0
2020-03-17,10.979999542236328,11.25,9.890000343322754,10.5,13139700.0
2020-03-18,10.050000190734863,10.100000381469727,9.289999961853027,10.0,9502000.0
2020-03-19,9.8100004196167,10.399999618530273,9.789999961853027,9.84000015258789,6878400.0
2020-03-20,10.050000190734863,10.140000343322754,9.430000305175781,9.5,8259900.0
2020-03-23,9.369999885559082,9.600000381469727,9.220000267028809,9.449999809265137,8164700.0
2020-03-24,9.699999809265137,10.03499984741211,9.609999656677246,9.9399995803833,10555000.0
2020-03-25,10.029999732971191,10.244999885559082,9.739999771118164,9.75,10723100.0
2020-03-26,9.789999961853027,10.479999542236328,9.619999885559082,9.979999542236328,11491700.0
2020-03-27,9.779999732971191,9.800000190734863,9.289999961853027,9.470000267028809,14961400.0
2020-03-30,9.489999771118164,9.9399995803833,9.300000190734863,9.680000305175781,8630800.0
2020-03-31,9.680000305175781,10.380000114440918,9.640000343322754,10.0600004196167,12286300.0
2020-04-01,9.829999923706055,10.5600004196167,9.739999771118164,10.119999885559082,7788000.0
2020-04-02,10.199999809265137,11.09000015258789,10.15999984741211,11.010000228881836,15150600.0
2020-04-03,11.109999656677246,11.359999656677246,10.479999542236328,10.630000114440918,7105100.0
2020-04-06,10.829999923706055,11.055000305175781,10.579999923706055,10.59000015258789,11555100.0
2020-04-07,10.869999885559082,10.890000343322754,10.5,10.729999542236328,9249900.0
2020-04-08,10.75,11.100000381469727,10.229999542236328,10.989999771118164,9452100.0
2020-04-09,11.0,11.149999618530273,10.739999771118164,10.970000267028809,6263900.0
2020-04-13,10.880000114440918,11.119999885559082,10.779999732971191,10.899999618530273,3353900.0
2020-04-14,11.0,11.42300033569336,10.960000038146973,11.119999885559082,7499100.0
2020-04-15,10.930000305175781,11.055000305175781,10.770000457763672,10.829999923706055,5270200.0
2020-04-16,10.899999618530273,11.0,10.664999961853027,10.819999694824219,5064600.0
2020-04-17,11.0,11.109999656677246,10.82800006866455,10.890000343322754,4797300.0
2020-04-20,10.819999694824219,11.420000076293945,10.819999694824219,11.1899995803833,5834800.0
2020-04-21,10.960000038146973,11.229999542236328,10.680000305175781,10.960000038146973,4391000.0
2020-04-22,11.119999885559082,11.390000343322754,11.09000015258789,11.119999885559082,6627400.0
2020-04-23,11.170000076293945,11.260000228881836,10.9399995803833,10.9399995803833,3127700.0
2020-04-24,10.979999542236328,10.989999771118164,10.680000305175781,10.75,5275100.0
2020-04-27,10.8100004196167,11.140000343322754,10.729999542236328,11.029999732971191,5598900.0
2020-04-28,11.1899995803833,11.1899995803833,10.708000183105469,10.869999885559082,3907600.0
2020-04-29,11.100000381469727,11.279999732971191,10.920000076293945,11.25,6238000.0
2020-04-30,11.25,11.545000076293945,11.234999656677246,11.40999984741211,5795600.0
2020-05-01,11.109999656677246,11.199999809265137,10.515000343322754,10.720000267028809,10418800.0
2020-05-04,10.699999809265137,10.84000015258789,10.3100004196167,10.670000076293945,14332900.0
2020-05-05,10.869999885559082,10.90999984741211,10.470000267028809,10.5600004196167,5237100.0
2020-05-06,10.739999771118164,10.75,10.460000038146973,10.550000190734863,6444700.0
2020-05-07,10.619999885559082,10.670000076293945,10.300000190734863,10.430000305175781,9175600.0
2020-05-08,10.569999694824219,11.100000381469727,10.520000457763672,11.029999732971191,8358200.0
2020-05-11,11.109999656677246,11.489999771118164,11.0,11.40999984741211,9527100.0
2020-05-12,11.010000228881836,11.75,10.960000038146973,11.609999656677246,16515900.0
2020-05-13,11.569999694824219,12.0,11.5,11.6899995803833,13775600.0
2020-05-14,11.5,11.90999984741211,11.279999732971191,11.890000343322754,7153500.0
2020-05-15,11.720000267028809,12.0,11.59000015258789,11.960000038146973,5562600.0
2020-05-18,12.0,12.600000381469727,12.0,12.390000343322754,8294300.0
2020-05-19,12.399999618530273,12.930000305175781,12.399999618530273,12.550000190734863,9936800.0
2020-05-20,12.6899995803833,12.800000190734863,11.84000015258789,12.199999809265137,12430200.0
2020-05-21,11.949999809265137,12.15999984741211,11.680000305175781,12.140000343322754,7950000.0
2020-05-22,11.930000305175781,12.015000343322754,11.8100004196167,11.949999809265137,9820900.0
2020-05-26,12.109999656677246,12.524999618530273,11.9399995803833,11.949999809265137,7961800.0
2020-05-27,11.9399995803833,12.289999961853027,11.710000038146973,12.229999542236328,5868300.0
2020-05-28,12.130000114440918,12.399999618530273,12.109999656677246,12.229999542236328,9233700.0
2020-05-29,12.300000190734863,13.0,12.239999771118164,12.920000076293945,50529100.0
2020-06-01,12.770000457763672,12.800000190734863,12.529999732971191,12.600000381469727,10302600.0
2020-06-02,12.649999618530273,13.020000457763672,12.569999694824219,13.010000228881836,8136500.0
2020-06-03,13.100000381469727,13.364999771118164,12.885000228881836,12.899999618530273,13188600.0
2020-06-04,12.90999984741211,12.930000305175781,12.414999961853027,12.550000190734863,9863900.0
2020-06-05,12.630000114440918,12.630000114440918,12.079999923706055,12.260000228881836,12526300.0
2020-06-08,12.350000381469727,12.53499984741211,12.210000038146973,12.390000343322754,8265600.0
2020-06-09,12.300000190734863,12.520000457763672,12.255000114440918,12.350000381469727,6224900.0
2020-06-10,12.4399995803833,12.59000015258789,12.395000457763672,12.510000228881836,4148600.0
2020-06-11,12.399999618530273,12.470000267028809,12.09000015258789,12.399999618530273,9175200.0
2020-06-12,12.529999732971191,12.5600004196167,12.0,12.300000190734863,11818600.0
2020-06-15,12.170000076293945,12.859999656677246,12.039999961853027,12.75,9125600.0
2020-06-16,12.699999809265137,12.869999885559082,12.180000305175781,12.640000343322754,16314400.0
2020-06-17,12.640000343322754,12.760000228881836,12.350000381469727,12.489999771118164,9766700.0
2020-06-18,12.4399995803833,12.920000076293945,12.359999656677246,12.850000381469727,16893800.0
2020-06-19,13.119999885559082,14.085000038146973,13.020000457763672,13.579999923706055,51184900.0
2020-06-22,13.600000381469727,13.680000305175781,13.295000076293945,13.619999885559082,13095600.0
2020-06-23,13.800000190734863,13.8100004196167,13.430000305175781,13.630000114440918,10403100.0
2020-06-24,13.630000114440918,13.640000343322754,13.109999656677246,13.510000228881836,11571000.0
2020-06-25,13.350000381469727,13.670000076293945,13.324999809265137,13.600000381469727,9826500.0
2020-06-26,13.359999656677246,13.470000267028809,13.085000038146973,13.25,17052000.0
2020-06-29,13.300000190734863,13.335000038146973,13.069999694824219,13.25,7822300.0
2020-06-30,13.5,13.890000343322754,13.392999649047852,13.460000038146973,14266100.0
2020-07-01,13.630000114440918,13.675000190734863,13.319999694824219,13.350000381469727,7644700.0
2020-07-02,13.539999961853027,14.399999618530273,13.539999961853027,14.149999618530273,24957800.0
2020-07-06,14.609999656677246,15.800000190734863,14.579999923706055,15.729999542236328,30587800.0
2020-07-07,15.760000228881836,16.420000076293945,15.59000015258789,16.420000076293945,23745300.0
2020-07-08,16.260000228881836,17.299999237060547,16.059999465942383,16.84000015258789,21343400.0
2020-07-09,17.040000915527344,17.969999313354492,17.0,17.5,21686900.0
2020-07-10,17.5,17.510000228881836,16.915000915527344,17.09000015258789,11422200.0
2020-07-13,17.399999618530273,17.408000946044922,16.209999084472656,16.31999969482422,11619100.0
2020-07-14,15.930000305175781,16.399999618530273,15.359999656677246,16.360000610351562,12711100.0
2020-07-15,16.360000610351562,16.389999389648438,15.989999771118164,16.219999313354492,6036600.0
2020-07-16,15.600000381469727,15.930000305175781,15.3100004196167,15.84000015258789,9208500.0
2020-07-17,15.949999809265137,15.949999809265137,15.609999656677246,15.680000305175781,5390700.0
2020-07-20,15.760000228881836,16.030000686645508,15.654999732971191,15.979999542236328,8381100.0
2020-07-21,16.0,16.6299991607666,16.0,16.3700008392334,7811200.0
2020-07-22,16.0,16.329999923706055,15.930000305175781,16.1299991607666,7540500.0
2020-07-23,16.170000076293945,16.229999542236328,15.600000381469727,15.739999771118164,5547900.0
2020-07-24,15.380000114440918,15.71500015258789,15.140000343322754,15.619999885559082,5668100.0
2020-07-27,15.59000015258789,16.09000015258789,15.579999923706055,16.030000686645508,5568300.0
2020-07-28,16.0,16.239999771118164,15.720000267028809,15.770000457763672,2540900.0
2020-07-29,15.880000114440918,16.149999618530273,15.710000038146973,15.739999771118164,4757900.0
2020-07-30,15.710000038146973,15.850000381469727,15.489999771118164,15.819999694824219,4502100.0
2020-07-31,16.059999465942383,16.139999389648438,15.779999732971191,16.139999389648438,8258600.0
2020-08-03,16.479999542236328,16.485000610351562,15.670000076293945,15.84000015258789,10576200.0
2020-08-04,15.949999809265137,16.18000030517578,15.880000114440918,16.049999237060547,4485700.0
2020-08-05,16.170000076293945,16.549999237060547,16.020000457763672,16.5,5109700.0
2020-08-06,16.469999313354492,16.59000015258789,16.209999084472656,16.56999969482422,4249500.0
2020-08-07,16.399999618530273,16.399999618530273,15.729999542236328,16.020000457763672,8685200.0
2020-08-10,15.949999809265137,16.030000686645508,15.371000289916992,15.6899995803833,8932800.0
2020-08-11,15.880000114440918,16.06999969482422,15.0600004196167,15.5,10035200.0
2020-08-12,15.710000038146973,15.710000038146973,15.130000114440918,15.239999771118164,4681100.0
2020-08-13,15.170000076293945,15.170000076293945,14.430000305175781,14.720000267028809,10744700.0
2020-08-14,14.930000305175781,14.930000305175781,14.3100004196167,14.399999618530273,8314600.0
2020-08-17,14.460000038146973,14.640000343322754,14.154999732971191,14.359999656677246,5685200.0
2020-08-18,14.369999885559082,14.609999656677246,14.055000305175781,14.149999618530273,8967100.0
2020-08-19,14.119999885559082,14.220000267028809,13.819999694824219,14.149999618530273,9730200.0
2020-08-20,14.279999732971191,14.699999809265137,14.199999809265137,14.569999694824219,6156800.0
2020-08-21,14.699999809265137,15.095000267028809,14.5,15.010000228881836,8322600.0
2020-08-24,15.239999771118164,15.520000457763672,14.880000114440918,15.25,8482400.0
2020-08-25,15.199999809265137,15.779999732971191,15.109999656677246,15.670000076293945,9499700.0
2020-08-26,15.59000015258789,15.970000267028809,15.59000015258789,15.960000038146973,7027800.0
2020-08-27,15.970000267028809,16.06999969482422,15.600000381469727,16.06999969482422,6566700.0
2020-08-28,15.970000267028809,16.1299991607666,15.800000190734863,15.989999771118164,3692800.0
2020-08-31,15.8100004196167,16.0,15.604999542236328,15.630000114440918,6154500.0
2020-09-01,15.800000190734863,16.049999237060547,15.72700023651123,15.930000305175781,7051900.0
2020-09-02,16.0,16.09000015258789,15.430000305175781,15.899999618530273,7839700.0
2020-09-03,15.569999694824219,15.739999771118164,15.175000190734863,15.699999809265137,12694000.0
2020-09-04,15.569999694824219,15.779999732971191,15.140000343322754,15.670000076293945,12438500.0
2020-09-08,15.119999885559082,16.040000915527344,14.819999694824219,15.800000190734863,16056400.0
2020-09-09,15.84000015258789,16.43000030517578,15.720000267028809,16.350000381469727,9390100.0
2020-09-10,16.3799991607666,16.399999618530273,15.569999694824219,15.729999542236328,18967800.0
2020-09-11,15.729999542236328,16.0,15.5,15.800000190734863,8135800.0
2020-09-14,15.979999542236328,16.049999237060547,15.779999732971191,15.979999542236328,7983100.0
2020-09-15,16.0,16.020000457763672,15.414999961853027,15.550000190734863,10732200.0
2020-09-16,15.550000190734863,15.875,15.460000038146973,15.710000038146973,7084900.0
2020-09-17,15.359999656677246,15.8100004196167,15.300000190734863,15.8100004196167,5511900.0
2020-09-18,15.869999885559082,15.899999618530273,15.300000190734863,15.619999885559082,8064800.0
2020-09-21,15.270000457763672,15.350000381469727,14.734999656677246,14.979999542236328,12631300.0
2020-09-22,15.0,15.0,14.609999656677246,14.9399995803833,11091800.0
2020-09-23,14.9399995803833,15.029999732971191,14.4399995803833,14.729999542236328,13088300.0
2020-09-24,14.649999618530273,14.829999923706055,14.270000457763672,14.720000267028809,12382600.0
2020-09-25,14.65999984741211,14.663000106811523,14.020000457763672,14.5,12560900.0
2020-09-28,14.529999732971191,14.819999694824219,14.289999961853027,14.619999885559082,11194000.0
2020-09-29,14.65999984741211,14.920000076293945,14.5,14.880000114440918,7930100.0
2020-09-30,14.989999771118164,15.069999694824219,14.710000038146973,14.770000457763672,6132700.0
2020-10-01,14.920000076293945,15.119999885559082,14.710000038146973,15.039999961853027,3533900.0
2020-10-02,14.829999923706055,15.0,14.630000114440918,14.649999618530273,3417000.0
2020-10-05,14.649999618530273,14.78499984741211,14.510000228881836,14.569999694824219,5836800.0
2020-10-06,14.5600004196167,14.8100004196167,14.470000267028809,14.489999771118164,4794800.0
2020-10-07,14.649999618530273,14.670000076293945,14.270000457763672,14.300000190734863,4612700.0
2020-10-08,14.579999923706055,14.579999923706055,14.255000114440918,14.289999961853027,3660100.0
2020-10-09,14.4399995803833,14.699999809265137,14.399999618530273,14.520000457763672,3426500.0
2020-10-12,14.729999542236328,14.729999542236328,14.25,14.3100004196167,6243600.0
2020-10-13,14.449999809265137,14.479999542236328,14.180000305175781,14.260000228881836,6170400.0
2020-10-14,14.34000015258789,14.460000038146973,14.109999656677246,14.289999961853027,7334500.0
2020-10-15,14.140000343322754,14.329999923706055,13.850000381469727,14.300000190734863,5110200.0
2020-10-16,14.220000267028809,14.390000343322754,14.145000457763672,14.25,5959500.0
2020-10-19,14.380000114440918,14.390000343322754,13.920000076293945,14.149999618530273,7586100.0
2020-10-20,14.149999618530273,14.25,14.0,14.010000228881836,5573600.0
2020-10-21,14.09000015258789,14.420000076293945,13.9399995803833,14.380000114440918,10334600.0
2020-10-22,14.350000381469727,14.770000457763672,14.100000381469727,14.6899995803833,6029800.0
2020-10-23,14.600000381469727,15.020000457763672,14.579999923706055,14.920000076293945,4510300.0
2020-10-26,14.84000015258789,15.140000343322754,14.78499984741211,15.039999961853027,11316400.0
2020-10-27,15.0,15.079999923706055,14.510000228881836,15.0,12446600.0
2020-10-28,14.75,14.75,14.140000343322754,14.539999961853027,11852300.0
2020-10-29,14.5,14.864999771118164,14.460000038146973,14.710000038146973,10889300.0
2020-10-30,14.600000381469727,14.920000076293945,14.359999656677246,14.880000114440918,13119800.0
2020-11-02,15.020000457763672,15.020000457763672,14.5,14.75,12358700.0
2020-11-03,14.65999984741211,14.904999732971191,14.5,14.869999885559082,7683900.0
2020-11-04,15.020000457763672,15.5,14.930000305175781,15.369999885559082,9651700.0
2020-11-05,15.329999923706055,15.925000190734863,15.204999923706055,15.859999656677246,6392500.0
2020-11-06,15.430000305175781,15.5,15.210000038146973,15.270000457763672,14044200.0
2020-11-09,15.319999694824219,15.739999771118164,14.979999542236328,15.119999885559082,16440900.0
2020-11-10,15.079999923706055,15.270000457763672,14.739999771118164,14.949999809265137,23924000.0
2020-11-11,15.149999618530273,15.375,14.199999809265137,15.3100004196167,16529700.0
2020-11-12,15.319999694824219,16.299999237060547,15.3100004196167,15.989999771118164,9736700.0
2020-11-13,16.030000686645508,16.648000717163086,16.030000686645508,16.489999771118164,12693400.0
2020-11-16,16.489999771118164,16.799999237060547,16.094999313354492,16.100000381469727,5635900.0
2020-11-17,16.100000381469727,16.360000610351562,15.989999771118164,16.209999084472656,5205100.0
2020-11-18,16.190000534057617,16.190000534057617,15.9399995803833,16.1200008392334,8747700.0
2020-11-19,16.0,16.469999313354492,15.720000267028809,16.399999618530273,7648100.0
2020-11-20,16.43000030517578,16.799999237060547,16.239999771118164,16.729999542236328,12063800.0
2020-11-23,16.760000228881836,16.760000228881836,16.200000762939453,16.5,18513300.0
2020-11-24,16.40999984741211,16.5049991607666,16.270000457763672,16.479999542236328,11542500.0
2020-11-25,16.459999084472656,16.719999313354492,16.125,16.709999084472656,6365200.0
2020-11-27,16.59000015258789,17.1299991607666,16.510000228881836,17.0,6035100.0
2020-11-30,16.969999313354492,16.989999771118164,16.30500030517578,16.760000228881836,15673600.0
2020-12-01,16.729999542236328,16.809999465942383,16.295000076293945,16.40999984741211,15140000.0
2020-12-02,16.350000381469727,16.549999237060547,16.06999969482422,16.440000534057617,10607700.0
2020-12-03,16.559999465942383,16.889999389648438,16.459999084472656,16.739999771118164,5318900.0
2020-12-04,16.719999313354492,16.899999618530273,16.645000457763672,16.729999542236328,5154300.0
2020-12-07,16.739999771118164,16.8799991607666,16.389999389648438,16.809999465942383,7185900.0
2020-12-08,16.760000228881836,18.059999465942383,16.649999618530273,18.0,15323000.0
2020-12-09,18.0,19.6299991607666,17.940000534057617,18.8799991607666,22107200.0
2020-12-10,18.549999237060547,18.68000030517578,18.084999084472656,18.610000610351562,9507800.0
2020-12-11,18.600000381469727,19.55500030517578,18.514999389648438,18.719999313354492,12692600.0
2020-12-14,18.889999389648438,19.31999969482422,18.59000015258789,18.8799991607666,5856200.0
2020-12-15,18.959999084472656,19.139999389648438,18.459999084472656,19.049999237060547,5717100.0
2020-12-16,18.579999923706055,18.700000762939453,17.520000457763672,17.850000381469727,18499100.0
2020-12-17,17.899999618530273,18.520000457763672,17.8700008392334,18.450000762939453,8434200.0
2020-12-18,18.540000915527344,18.68000030517578,18.15999984741211,18.65999984741211,8953800.0
2020-12-21,18.40999984741211,19.030000686645508,18.309999465942383,18.799999237060547,10129400.0
2020-12-22,19.0,19.0,18.6200008392334,18.8799991607666,4817400.0
2020-12-23,18.950000762939453,19.149999618530273,18.809999465942383,18.829999923706055,2480300.0
2020-12-24,18.479999542236328,18.93000030517578,18.40999984741211,18.90999984741211,4993100.0
2020-12-28,18.8700008392334,19.030000686645508,18.030000686645508,18.540000915527344,9558400.0
2020-12-29,18.6299991607666,19.040000915527344,18.420000076293945,18.93000030517578,7352800.0
2020-12-30,19.200000762939453,20.18000030517578,19.190000534057617,19.219999313354492,8695600.0
2020-12-31,19.200000762939453,19.290000915527344,18.729999542236328,19.239999771118164,6778600.0
2021-01-04,19.299999237060547,19.540000915527344,18.899999618530273,19.3700008392334,8447300.0
2021-01-05,19.56999969482422,20.479999542236328,19.420000076293945,20.459999084472656,9158400.0
2021-01-06,20.100000381469727,21.290000915527344,20.100000381469727,20.950000762939453,9285100.0
2021-01-07,20.18000030517578,20.709999084472656,19.959999084472656,20.600000381469727,13180700.0
2021-01-08,20.600000381469727,21.079999923706055,20.440000534057617,21.049999237060547,12782200.0
2021-01-11,20.899999618530273,21.125,20.520000457763672,20.979999542236328,23234900.0
2021-01-12,22.100000381469727,22.25,20.924999237060547,21.459999084472656,16576700.0
2021-01-13,21.399999618530273,21.815000534057617,21.079999923706055,21.149999618530273,5255100.0
2021-01-14,21.350000381469727,21.709999084472656,21.149999618530273,21.700000762939453,5815800.0
2021-01-15,21.700000762939453,22.479999542236328,21.549999237060547,22.209999084472656,9857000.0
2021-01-19,23.969999313354492,27.0,23.959999084472656,26.8700008392334,25414500.0
2021-01-20,27.010000228881836,28.84000015258789,25.889999389648438,26.100000381469727,25741000.0
2021-01-21,25.829999923706055,26.09000015258789,25.09000015258789,26.020000457763672,11774300.0
2021-01-22,25.920000076293945,27.350000381469727,25.81999969482422,27.020000457763672,12838300.0
2021-01-25,28.0,28.040000915527344,26.645000457763672,27.209999084472656,12439400.0
2021-01-26,27.09000015258789,27.190000534057617,26.729999542236328,27.0,11767700.0
2021-01-27,26.81999969482422,27.399999618530273,25.760000228881836,26.799999237060547,9619800.0
2021-01-28,26.25,26.989999771118164,26.209999084472656,26.84000015258789,18813100.0
2021-01-29,26.59000015258789,27.524999618530273,26.190000534057617,26.600000381469727,14277200.0
2021-02-01,27.0,27.399999618530273,26.81999969482422,26.989999771118164,9943000.0
2021-02-02,27.40999984741211,27.989999771118164,26.479999542236328,27.649999618530273,9748800.0
2021-02-03,27.739999771118164,27.799999237060547,25.959999084472656,26.280000686645508,34880400.0
2021-02-04,26.40999984741211,26.510000228881836,25.075000762939453,25.219999313354492,34317100.0
2021-02-05,26.15999984741211,26.200000762939453,25.21500015258789,25.649999618530273,16200900.0
2021-02-08,25.719999313354492,26.3700008392334,25.31999969482422,26.219999313354492,12985000.0
2021-02-09,26.200000762939453,26.719999313354492,25.950000762939453,26.43000030517578,8970500.0
2021-02-10,26.549999237060547,26.929000854492188,26.110000610351562,26.31999969482422,9095500.0
2021-02-11,26.65999984741211,27.25,26.469999313354492,26.829999923706055,8870400.0
2021-02-12,26.8799991607666,27.270000457763672,26.329999923706055,26.360000610351562,5183200.0
2021-02-16,26.799999237060547,29.010000228881836,26.5,28.299999237060547,20230600.0
2021-02-17,28.469999313354492,28.489999771118164,26.610000610351562,26.639999389648438,12136600.0
2021-02-18,26.520000457763672,26.81999969482422,25.329999923706055,26.809999465942383,11221500.0
2021-02-19,26.940000534057617,27.260000228881836,26.389999389648438,26.84000015258789,7895600.0
2021-02-22,26.020000457763672,26.020000457763672,24.739999771118164,24.8700008392334,15834200.0
2021-02-23,23.459999084472656,25.75,22.20800018310547,25.670000076293945,16854100.0
2021-02-24,24.780000686645508,26.40999984741211,24.440000534057617,26.31999969482422,13572300.0
2021-02-25,26.0,26.940000534057617,25.329999923706055,26.030000686645508,18905900.0
2021-02-26,25.75,26.280000686645508,24.6299991607666,25.719999313354492,17579400.0
2021-03-01,26.5,26.97800064086914,26.059999465942383,26.93000030517578,7220400.0
2021-03-02,26.969999313354492,27.635000228881836,26.670000076293945,27.600000381469727,10147200.0
2021-03-03,27.600000381469727,27.899999618530273,27.260000228881836,27.649999618530273,13575300.0
2021-03-04,26.850000381469727,27.0,24.844999313354492,25.899999618530273,26298900.0
2021-03-05,25.489999771118164,26.299999237060547,23.697999954223633,26.149999618530273,16938400.0
2021-03-08,25.260000228881836,25.760000228881836,24.84000015258789,25.31999969482422,17523500.0
2021-03-09,25.440000534057617,26.860000610351562,25.440000534057617,26.690000534057617,13716000.0
2021-03-10,26.68000030517578,27.670000076293945,26.665000915527344,27.350000381469727,9771700.0
2021-03-11,27.989999771118164,28.020000457763672,27.25,27.780000686645508,14191600.0
2021-03-12,26.969999313354492,27.149999618530273,26.06999969482422,26.489999771118164,10775700.0
2021-03-15,26.270000457763672,26.540000915527344,25.860000610351562,26.360000610351562,12159900.0
2021-03-16,26.829999923706055,26.850000381469727,25.850000381469727,26.450000762939453,11217700.0
2021-03-17,26.049999237060547,28.0,25.704999923706055,27.899999618530273,10460300.0
2021-03-18,27.5,28.854999542236328,27.229999542236328,28.520000457763672,29960200.0
2021-03-19,28.559999465942383,30.53499984741211,28.34000015258789,30.420000076293945,31029300.0
2021-03-22,30.0,31.1200008392334,29.809999465942383,30.8700008392334,16733200.0
2021-03-23,30.899999618530273,32.24800109863281,29.969999313354492,31.790000915527344,23137300.0
2021-03-24,31.780000686645508,31.780000686645508,22.84000015258789,23.18000030517578,43623300.0
2021-03-25,23.239999771118164,23.639999389648438,19.149999618530273,20.360000610351562,57019600.0
2021-03-26,18.350000381469727,21.1200008392334,16.309999465942383,20.100000381469727,467067600.0
2021-03-29,21.799999237060547,22.010000228881836,19.100000381469727,20.34000015258789,241309800.0
2021-03-30,21.100000381469727,22.100000381469727,20.579999923706055,21.34000015258789,133880000.0
2021-03-31,21.639999389648438,21.8700008392334,19.989999771118164,20.489999771118164,95191200.0
2021-04-01,21.15999984741211,21.3799991607666,19.760000228881836,20.110000610351562,64454200.0
2021-04-05,20.1200008392334,20.239999771118164,18.795000076293945,19.030000686645508,56973600.0
2021-04-06,19.450000762939453,20.56999969482422,19.3700008392334,20.15999984741211,52670200.0
2021-04-07,20.200000762939453,20.280000686645508,19.520000457763672,19.649999618530273,33848900.0
2021-04-08,20.040000915527344,20.3700008392334,19.1200008392334,19.25,35814200.0
2021-04-09,19.280000686645508,19.895000457763672,19.010000228881836,19.219999313354492,27026300.0
2021-04-12,19.209999084472656,19.399999618530273,17.969999313354492,18.030000686645508,47691700.0
2021-04-13,18.200000762939453,18.68000030517578,18.165000915527344,18.219999313354492,20607500.0
2021-04-14,18.0,18.700000762939453,17.899999618530273,18.149999618530273,20929600.0
2021-04-15,18.579999923706055,18.6299991607666,17.700000762939453,17.989999771118164,30092800.0
2021-04-16,18.09000015258789,18.139999389648438,17.700000762939453,18.040000915527344,17489200.0
2021-04-19,18.469999313354492,18.540000915527344,17.670000076293945,17.829999923706055,21022500.0
2021-04-20,17.799999237060547,17.809999465942383,16.825000762939453,16.989999771118164,33790700.0
2021-04-21,17.030000686645508,18.200000762939453,16.959999084472656,18.079999923706055,22900800.0
2021-04-22,18.260000228881836,19.049999237060547,18.149999618530273,18.610000610351562,30401400.0
2021-04-23,19.030000686645508,19.329999923706055,18.68000030517578,18.969999313354492,17765800.0
2021-04-26,18.899999618530273,19.485000610351562,18.56999969482422,19.440000534057617,13190800.0
2021-04-27,19.6200008392334,19.84000015258789,19.280000686645508,19.399999618530273,14340700.0
2021-04-28,19.479999542236328,19.489999771118164,18.729999542236328,18.799999237060547,11596700.0
2021-04-29,18.3799991607666,18.68000030517578,17.579999923706055,17.799999237060547,34200500.0
2021-04-30,17.799999237060547,17.8799991607666,17.420000076293945,17.420000076293945,11362900.0
2021-05-03,17.520000457763672,17.639999389648438,17.079999923706055,17.229999542236328,13113800.0
2021-05-04,17.110000610351562,17.200000762939453,16.389999389648438,16.56999969482422,21801700.0
2021-05-05,16.649999618530273,16.764999389648438,16.149999618530273,16.15999984741211,16224000.0
2021-05-06,16.520000457763672,16.520000457763672,16.079999923706055,16.299999237060547,17694300.0
2021-05-07,16.420000076293945,16.579999923706055,15.925000190734863,16.06999969482422,11102100.0
2021-05-10,15.949999809265137,15.949999809265137,15.010000228881836,15.229999542236328,31006000.0
2021-05-11,14.699999809265137,15.390000343322754,14.619999885559082,15.180000305175781,17983900.0
2021-05-12,15.380000114440918,15.989999771118164,15.300000190734863,15.390000343322754,21048000.0
2021-05-13,15.390000343322754,15.569999694824219,14.3100004196167,14.569999694824219,23460600.0
2021-05-14,14.989999771118164,15.270000457763672,14.680000305175781,15.210000038146973,17762500.0
2021-05-17,15.670000076293945,15.880000114440918,14.970000267028809,15.300000190734863,23195900.0
2021-05-18,15.149999618530273,15.760000228881836,14.609999656677246,14.850000381469727,34574500.0
2021-05-19,14.699999809265137,14.9399995803833,14.46500015258789,14.59000015258789,21179100.0
2021-05-20,14.779999732971191,15.444999694824219,14.760000228881836,15.210000038146973,13191300.0
2021-05-21,15.199999809265137,15.404999732971191,14.869999885559082,15.130000114440918,12177100.0
2021-05-24,15.050000190734863,15.4350004196167,14.890000343322754,15.25,11764100.0
2021-05-25,15.550000190734863,15.850000381469727,15.359999656677246,15.359999656677246,13723600.0
2021-05-26,15.470000267028809,15.59000015258789,15.194999694824219,15.489999771118164,10652100.0
2021-05-27,15.460000038146973,15.520000457763672,15.024999618530273,15.40999984741211,43107500.0
2021-05-28,15.40999984741211,16.1299991607666,15.350000381469727,15.739999771118164,13800800.0
2021-06-01,16.350000381469727,16.530000686645508,16.075000762939453,16.350000381469727,22314500.0
2021-06-02,16.350000381469727,16.43000030517578,15.579999923706055,15.760000228881836,12315800.0
2021-06-03,15.5600004196167,15.8149995803833,15.350000381469727,15.420000076293945,9471300.0
2021-06-04,15.5600004196167,15.649999618530273,15.25,15.40999984741211,7425700.0
2021-06-07,15.220000267028809,15.289999961853027,14.739999771118164,15.220000267028809,15121900.0
2021-06-08,15.300000190734863,15.71500015258789,15.109999656677246,15.289999961853027,8489100.0
2021-06-09,15.4399995803833,16.079999923706055,15.430000305175781,15.569999694824219,13872100.0
2021-06-10,15.600000381469727,15.977999687194824,15.600000381469727,15.779999732971191,8465300.0
2021-06-11,15.800000190734863,15.899999618530273,15.470000267028809,15.470000267028809,8680100.0
2021-06-14,15.489999771118164,16.31999969482422,15.40999984741211,16.020000457763672,14468000.0
2021-06-15,16.299999237060547,16.34000015258789,15.420000076293945,15.460000038146973,9729000.0
2021-06-16,15.399999618530273,15.619999885559082,15.140000343322754,15.350000381469727,8364900.0
2021-06-17,15.380000114440918,15.430000305175781,15.0600004196167,15.25,8034700.0
2021-06-18,15.220000267028809,15.414999961853027,14.970000267028809,15.09000015258789,16210900.0
2021-06-21,15.069999694824219,15.119999885559082,14.680000305175781,15.109999656677246,7196400.0
2021-06-22,15.09000015258789,15.25,14.920000076293945,15.210000038146973,6401200.0
2021-06-23,15.239999771118164,15.539999961853027,15.1899995803833,15.229999542236328,7446200.0
2021-06-24,15.399999618530273,15.649999618530273,15.220000267028809,15.649999618530273,9126700.0
2021-06-25,15.779999732971191,16.104999542236328,15.739999771118164,15.789999961853027,10935400.0
2021-06-28,15.930000305175781,16.170000076293945,15.694999694824219,15.800000190734863,7696100.0
2021-06-29,15.869999885559082,15.920000076293945,15.505000114440918,15.859999656677246,8001900.0
2021-06-30,15.824999809265137,15.890000343322754,15.479999542236328,15.479999542236328,6503200.0
2021-07-01,15.5,15.619999885559082,15.225000381469727,15.470000267028809,8578600.0
2021-07-02,15.399999618530273,15.5,15.0600004196167,15.130000114440918,6360900.0
2021-07-06,14.510000228881836,14.539999961853027,13.579999923706055,14.100000381469727,33209200.0
2021-07-07,14.140000343322754,14.239999771118164,13.614999771118164,13.649999618530273,15351500.0
2021-07-08,13.15999984741211,13.199999809265137,12.510000228881836,12.6899995803833,33730900.0
2021-07-09,13.100000381469727,13.180000305175781,12.720000267028809,12.880000114440918,19053500.0
2021-07-12,12.479999542236328,12.618000030517578,12.079999923706055,12.34000015258789,35612000.0
2021-07-13,12.859999656677246,13.329999923706055,12.710000038146973,13.020000457763672,20296100.0
2021-07-14,13.020000457763672,13.180000305175781,12.460000038146973,12.720000267028809,13778500.0
2021-07-15,12.699999809265137,12.994999885559082,12.260000228881836,12.399999618530273,11450500.0
2021-07-16,12.220000267028809,12.270000457763672,11.649999618530273,11.699999809265137,23152700.0
2021-07-19,11.399999618530273,11.600000381469727,11.289999961853027,11.390000343322754,18852600.0
2021-07-20,11.510000228881836,11.6899995803833,11.239999771118164,11.550000190734863,10740300.0
2021-07-21,11.550000190734863,11.859999656677246,11.369999885559082,11.670000076293945,8837700.0
2021-07-22,11.789999961853027,11.90999984741211,11.550000190734863,11.579999923706055,10507500.0
2021-07-23,11.0,11.079999923706055,10.529999732971191,10.779999732971191,20987500.0
2021-07-26,9.770000457763672,10.770000457763672,9.510000228881836,10.460000038146973,32170200.0
2021-07-27,9.989999771118164,10.404999732971191,9.614999771118164,9.960000038146973,35192200.0
2021-07-28,10.289999961853027,10.6850004196167,10.220000267028809,10.520000457763672,24693400.0
2021-07-29,10.899999618530273,10.989999771118164,10.520000457763672,10.640000343322754,15344300.0
2021-07-30,10.569999694824219,10.835000038146973,10.430000305175781,10.569999694824219,9833200.0
2021-08-02,10.819999694824219,11.020000457763672,10.569999694824219,10.880000114440918,9087000.0
2021-08-03,10.619999885559082,10.70199966430664,10.25,10.550000190734863,11555900.0
2021-08-04,10.710000038146973,10.949999809265137,10.470000267028809,10.569999694824219,8088500.0
2021-08-05,10.4399995803833,10.574999809265137,10.279999732971191,10.470000267028809,5923600.0
2021-08-06,10.470000267028809,10.59000015258789,10.3100004196167,10.460000038146973,7040000.0
2021-08-09,10.449999809265137,10.930000305175781,10.369999885559082,10.789999961853027,7801000.0
2021-08-10,10.829999923706055,10.960000038146973,10.494999885559082,10.619999885559082,6760900.0
2021-08-11,10.699999809265137,10.805000305175781,10.390000343322754,10.449999809265137,9899700.0
2021-08-12,10.380000114440918,10.380000114440918,9.8100004196167,10.050000190734863,15785200.0
2021-08-13,10.0,10.09000015258789,9.739999771118164,9.800000190734863,10906700.0
2021-08-16,9.6899995803833,9.699999809265137,8.880000114440918,8.920000076293945,28870400.0
2021-08-17,8.0600004196167,8.300000190734863,7.630000114440918,7.820000171661377,73763800.0
2021-08-18,7.809999942779541,8.079999923706055,7.519999980926514,7.800000190734863,45860500.0
2021-08-19,7.590000152587891,7.619999885559082,7.03000020980835,7.230000019073486,54722300.0
2021-08-20,7.5,7.824999809265137,7.309999942779541,7.460000038146973,44776900.0
2021-08-23,7.5,8.180000305175781,7.320000171661377,8.079999923706055,27803600.0
2021-08-24,8.520000457763672,9.279999732971191,8.470000267028809,9.109999656677246,41737600.0
2021-08-25,8.829999923706055,9.050000190734863,8.649999618530273,9.020000457763672,22523200.0
2021-08-26,8.930000305175781,9.005000114440918,8.5600004196167,8.699999809265137,14743600.0
2021-08-27,8.664999961853027,8.720000267028809,8.475000381469727,8.579999923706055,9645600.0
2021-08-30,8.489999771118164,8.53499984741211,8.109999656677246,8.510000228881836,12906300.0
2021-08-31,8.8100004196167,9.09000015258789,8.6899995803833,8.84000015258789,16083900.0
2021-09-01,8.930000305175781,9.460000038146973,8.920000076293945,9.180000305175781,24418900.0
2021-09-02,9.300000190734863,9.430000305175781,8.75,8.8100004196167,16485800.0
2021-09-03,8.8100004196167,9.039999961853027,8.78499984741211,8.930000305175781,9295000.0
2021-09-07,9.100000381469727,9.529999732971191,9.0,9.0,16309800.0
2021-09-08,9.0,9.09000015258789,8.619999885559082,8.649999618530273,14315200.0
2021-09-09,8.4399995803833,8.880000114440918,8.319999694824219,8.710000038146973,12818900.0
2021-09-10,8.800000190734863,9.100000381469727,8.59000015258789,8.649999618530273,9507600.0
2021-09-13,8.4399995803833,8.48900032043457,8.109999656677246,8.25,15463500.0
2021-09-14,8.25,8.279999732971191,7.920000076293945,8.0600004196167,11875000.0
2021-09-15,7.920000076293945,7.980000019073486,7.730000019073486,7.980000019073486,9980200.0
2021-09-16,7.889999866485596,7.989999771118164,7.715000152587891,7.900000095367432,7851100.0
2021-09-17,8.0,8.119999885559082,7.809999942779541,7.869999885559082,14324500.0
2021-09-20,7.599999904632568,7.605000019073486,7.260000228881836,7.420000076293945,17395900.0
2021-09-21,7.53000020980835,7.630000114440918,7.320000171661377,7.329999923706055,12315400.0
2021-09-22,7.360000133514404,7.610000133514404,7.315000057220459,7.440000057220459,17288700.0
2021-09-23,7.550000190734863,7.590000152587891,7.349999904632568,7.440000057220459,9368000.0
2021-09-24,7.360000133514404,7.389999866485596,6.820000171661377,7.079999923706055,18095500.0
2021-09-27,7.070000171661377,7.329999923706055,6.829999923706055,7.21999979019165,19002100.0
2021-09-28,7.159999847412109,7.230000019073486,7.010000228881836,7.099999904632568,9468000.0
2021-09-29,7.070000171661377,7.25,7.0,7.010000228881836,9747900.0
2021-09-30,7.059999942779541,7.309999942779541,7.0,7.25,19561300.0
2021-10-01,7.21999979019165,7.25,7.0,7.130000114440918,7180100.0
2021-10-04,7.0,7.019999980926514,6.829999923706055,6.869999885559082,11088000.0
2021-10-05,6.929999828338623,7.230000019073486,6.864999771118164,7.110000133514404,9038900.0
2021-10-06,7.0,7.126999855041504,6.920000076293945,7.050000190734863,8192100.0
2021-10-07,7.349999904632568,7.550000190734863,7.295000076293945,7.429999828338623,19920400.0
2021-10-08,7.53000020980835,7.75,7.434999942779541,7.690000057220459,16047800.0
2021-10-11,7.889999866485596,7.980000019073486,7.630000114440918,7.659999847412109,12596600.0
2021-10-12,7.610000133514404,7.869999885559082,7.517000198364258,7.75,9390800.0
2021-10-13,7.820000171661377,7.909999847412109,7.619999885559082,7.880000114440918,7174200.0
2021-10-14,7.800000190734863,7.809999942779541,7.449999809265137,7.559999942779541,14308100.0
2021-10-15,7.699999809265137,7.760000228881836,7.510000228881836,7.610000133514404,9014000.0
2021-10-18,7.570000171661377,7.739999771118164,7.5,7.71999979019165,9693700.0
2021-10-19,7.880000114440918,8.475000381469727,7.849999904632568,8.420000076293945,19117500.0
2021-10-20,8.720000267028809,8.930000305175781,8.460000038146973,8.5600004196167,20293900.0
2021-10-21,8.479999542236328,8.6899995803833,8.300000190734863,8.319999694824219,14491500.0
2021-10-22,8.390000343322754,9.100000381469727,8.28499984741211,8.489999771118164,18533700.0
2021-10-25,8.479999542236328,8.59000015258789,8.180000305175781,8.34000015258789,11805900.0
2021-10-26,8.359999656677246,8.5,7.929999828338623,8.010000228881836,13915700.0
2021-10-27,7.989999771118164,8.170000076293945,7.860000133514404,8.09000015258789,8981200.0
2021-10-28,7.929999828338623,8.199999809265137,7.739999771118164,8.180000305175781,9600900.0
2021-10-29,8.100000381469727,8.15999984741211,7.789999961853027,7.860000133514404,11011400.0
2021-11-01,7.889999866485596,8.4399995803833,7.849999904632568,8.40999984741211,14023200.0
2021-11-02,8.140000343322754,8.199999809265137,7.929999828338623,8.0600004196167,15690100.0
2021-11-03,8.069999694824219,8.085000038146973,7.960000038146973,8.039999961853027,9301700.0
2021-11-04,8.149999618530273,8.395000457763672,7.809999942779541,7.869999885559082,13267100.0
2021-11-05,7.860000133514404,8.0600004196167,7.679999828338623,7.800000190734863,12552100.0
2021-11-08,7.849999904632568,8.109999656677246,7.849999904632568,7.960000038146973,13456200.0
2021-11-09,7.96999979019165,8.329999923706055,7.75,7.949999809265137,19830000.0
2021-11-10,7.869999885559082,8.34000015258789,7.840000152587891,8.0,17367800.0
2021-11-11,8.09000015258789,8.760000228881836,8.069999694824219,8.720000267028809,24777300.0
2021-11-12,8.5600004196167,8.859999656677246,8.449999809265137,8.850000381469727,12011600.0
2021-11-15,8.779999732971191,8.859999656677246,8.380000114440918,8.40999984741211,11451600.0
2021-11-16,8.489999771118164,8.699999809265137,8.350000381469727,8.59000015258789,10099600.0
2021-11-17,8.579999923706055,8.579999923706055,7.920000076293945,8.0600004196167,16458000.0
2021-11-18,7.840000152587891,7.968999862670898,7.494999885559082,7.599999904632568,17652100.0
2021-11-19,7.699999809265137,7.829999923706055,7.570000171661377,7.619999885559082,7517300.0
2021-11-22,7.630000114440918,7.75,7.440000057220459,7.630000114440918,10476100.0
2021-11-23,7.639999866485596,7.699999809265137,7.409999847412109,7.510000228881836,10073400.0
2021-11-24,7.449999809265137,7.570000171661377,7.369999885559082,7.429999828338623,11494600.0
2021-11-26,7.150000095367432,7.224999904632568,6.989999771118164,7.159999847412109,13534900.0
2021-11-29,7.159999847412109,7.164999961853027,6.909999847412109,6.96999979019165,9181600.0
2021-11-30,6.940000057220459,7.210000038146973,6.889999866485596,7.190000057220459,19109600.0
2021-12-01,7.28000020980835,7.349999904632568,6.650000095367432,6.659999847412109,14687400.0
2021-12-02,6.670000076293945,6.989999771118164,6.670000076293945,6.869999885559082,16742800.0
2021-12-03,6.599999904632568,6.670000076293945,5.940000057220459,6.050000190734863,33398700.0
2021-12-06,6.059999942779541,6.276000022888184,5.90500020980835,6.179999828338623,18023600.0
2021-12-07,6.559999942779541,6.880000114440918,6.510000228881836,6.769999980926514,24329600.0
2021-12-08,6.840000152587891,7.079999923706055,6.510000228881836,6.880000114440918,11372900.0
2021-12-09,6.769999980926514,7.005000114440918,6.610000133514404,6.650000095367432,7857100.0
2021-12-10,6.670000076293945,6.820000171661377,6.599999904632568,6.78000020980835,12042700.0
2021-12-13,6.590000152587891,6.650000095367432,6.184999942779541,6.429999828338623,12620000.0
2021-12-14,6.300000190734863,6.519999980926514,6.239999771118164,6.380000114440918,9719400.0
2021-12-15,6.340000152587891,6.389999866485596,6.090000152587891,6.360000133514404,12307600.0
2021-12-16,6.480000019073486,6.664999961853027,6.269999980926514,6.289999961853027,10264600.0
2021-12-17,6.150000095367432,6.309999942779541,6.010000228881836,6.300000190734863,15055700.0
2021-12-20,6.070000171661377,6.144999980926514,5.985000133514404,6.019999980926514,15749500.0
2021-12-21,6.139999866485596,6.460000038146973,6.110000133514404,6.380000114440918,19567700.0
2021-12-22,6.269999980926514,6.5,6.199999809265137,6.420000076293945,10885900.0
2021-12-23,6.340000152587891,6.570000171661377,6.25,6.5,8276500.0
2021-12-27,6.510000228881836,6.650000095367432,6.304999828338623,6.340000152587891,11434000.0
2021-12-28,6.369999885559082,6.420000076293945,6.230000019073486,6.309999942779541,9278300.0
2021-12-29,6.179999828338623,6.28000020980835,5.960000038146973,5.96999979019165,15030300.0
2021-12-30,5.96999979019165,6.96999979019165,5.96999979019165,6.849999904632568,19881700.0
2021-12-31,6.690000057220459,7.070000171661377,6.619999885559082,6.849999904632568,12091500.0
2022-01-03,6.920000076293945,7.079999923706055,6.690000057220459,6.849999904632568,10798900.0
2022-01-04,6.869999885559082,6.880000114440918,6.300000190734863,6.449999809265137,12782400.0
2022-01-05,6.380000114440918,6.769999980926514,6.295000076293945,6.340000152587891,11053400.0
2022-01-06,6.519999980926514,6.71999979019165,6.329999923706055,6.590000152587891,14358500.0
2022-01-07,6.690000057220459,7.010000228881836,6.570000171661377,6.75,12088200.0
2022-01-10,6.869999885559082,6.885000228881836,6.605000019073486,6.880000114440918,10052500.0
2022-01-11,6.989999771118164,7.360000133514404,6.949999809265137,7.269999980926514,13043100.0
2022-01-12,7.454999923706055,7.659999847412109,7.210000038146973,7.340000152587891,14166100.0
2022-01-13,7.210000038146973,7.300000190734863,6.900000095367432,6.929999828338623,11352600.0
2022-01-14,6.900000095367432,7.139999866485596,6.880000114440918,7.099999904632568,7297900.0
2022-01-18,6.880000114440918,7.150000095367432,6.840000152587891,6.889999866485596,11158400.0
2022-01-19,6.940000057220459,7.0,6.715000152587891,6.820000171661377,10171700.0
2022-01-20,7.090000152587891,7.264999866485596,6.71999979019165,6.739999771118164,14119000.0
2022-01-21,6.710000038146973,6.760000228881836,6.320000171661377,6.389999866485596,13826800.0
2022-01-24,6.199999809265137,6.199999809265137,5.820000171661377,6.190000057220459,18556000.0
2022-01-25,6.019999980926514,6.269999980926514,5.949999809265137,6.050000190734863,14935000.0
2022-01-26,6.21999979019165,6.239999771118164,5.809999942779541,5.840000152587891,14495700.0
2022-01-27,5.880000114440918,5.960000038146973,5.53000020980835,5.559999942779541,19399400.0
2022-01-28,5.630000114440918,5.650000095367432,5.360000133514404,5.570000171661377,15412300.0
2022-01-31,5.690000057220459,6.190000057220459,5.639999866485596,6.179999828338623,13013100.0
2022-02-01,6.070000171661377,6.489999771118164,6.03000020980835,6.440000057220459,12690800.0
2022-02-02,6.440000057220459,6.440000057220459,5.809999942779541,5.920000076293945,16563700.0
2022-02-03,5.800000190734863,5.900000095367432,5.659999847412109,5.710000038146973,10747700.0
2022-02-04,5.800000190734863,5.960000038146973,5.690000057220459,5.869999885559082,10577100.0
2022-02-07,5.809999942779541,6.034999847412109,5.760000228881836,5.769999980926514,8807200.0
2022-02-08,5.829999923706055,6.010000228881836,5.710000038146973,5.960000038146973,8790500.0
2022-02-09,6.090000152587891,6.440000057220459,6.0,6.380000114440918,10642400.0
2022-02-10,6.179999828338623,6.519999980926514,6.131999969482422,6.289999961853027,10737000.0
2022-02-11,6.170000076293945,6.324999809265137,5.974999904632568,6.019999980926514,8663200.0
2022-02-14,5.989999771118164,6.105000019073486,5.840000152587891,5.900000095367432,8971500.0
2022-02-15,6.110000133514404,6.28000020980835,6.070000171661377,6.28000020980835,8594300.0
2022-02-16,6.199999809265137,6.230000019073486,6.070000171661377,6.170000076293945,8011600.0
2022-02-17,6.039999961853027,6.269999980926514,5.940000057220459,5.989999771118164,7806100.0
2022-02-18,5.820000171661377,5.820000171661377,5.550000190734863,5.650000095367432,15599800.0
2022-02-22,5.519999980926514,5.699999809265137,5.480000019073486,5.510000228881836,16330300.0
2022-02-23,5.570000171661377,5.724999904632568,5.400000095367432,5.420000076293945,10511000.0
2022-02-24,5.039999961853027,5.389999866485596,5.010000228881836,5.380000114440918,16814900.0
2022-02-25,5.400000095367432,5.480000019073486,5.239999771118164,5.429999828338623,8045400.0
2022-02-28,5.300000190734863,5.539999961853027,5.210000038146973,5.389999866485596,11399700.0
2022-03-01,5.440000057220459,5.644999980926514,5.269999980926514,5.300000190734863,12679200.0
2022-03-02,5.320000171661377,5.360000133514404,5.059999942779541,5.230000019073486,10508000.0
2022-03-03,5.179999828338623,5.199999809265137,4.760000228881836,4.820000171661377,19260900.0
2022-03-04,4.75,4.900000095367432,4.53000020980835,4.570000171661377,20180000.0
2022-03-07,4.480000019073486,4.605000019073486,4.340000152587891,4.340000152587891,18443900.0
2022-03-08,4.300000190734863,4.460000038146973,4.159999847412109,4.349999904632568,16454700.0
2022-03-09,4.380000114440918,4.519999980926514,4.349999904632568,4.420000076293945,16281200.0
2022-03-10,4.255000114440918,4.269999980926514,3.740000009536743,3.950000047683716,33344500.0
2022-03-11,4.03000020980835,4.079999923706055,3.440000057220459,3.440000057220459,35099000.0
2022-03-14,3.1600000858306885,3.3499999046325684,2.950000047683716,3.119999885559082,54669000.0
2022-03-15,3.059999942779541,3.75,3.049999952316284,3.5799999237060547,36010500.0
2022-03-16,4.46999979019165,4.639999866485596,4.139999866485596,4.630000114440918,68212500.0
2022-03-17,4.300000190734863,4.340000152587891,4.010000228881836,4.190000057220459,34792800.0
2022-03-18,4.159999847412109,5.199999809265137,4.099999904632568,5.059999942779541,51334600.0
2022-03-21,4.71999979019165,4.940000057220459,4.400000095367432,4.650000095367432,30940700.0
2022-03-22,4.889999866485596,5.329999923706055,4.5,5.099999904632568,44638600.0
2022-03-23,4.869999885559082,5.71999979019165,4.7820000648498535,5.369999885559082,38337700.0
2022-03-24,5.239999771118164,5.340000152587891,4.84499979019165,5.21999979019165,22820600.0
2022-03-25,5.0,5.050000190734863,4.840000152587891,4.960000038146973,18976000.0
2022-03-28,5.070000171661377,5.288000106811523,4.980000019073486,5.21999979019165,15265100.0
2022-03-29,5.380000114440918,5.545000076293945,5.190000057220459,5.210000038146973,18718300.0
2022-03-30,4.989999771118164,5.199999809265137,4.820000171661377,4.980000019073486,26058300.0
2022-03-31,4.840000152587891,5.03000020980835,4.800000190734863,4.869999885559082,20710900.0
2022-04-01,5.199999809265137,5.34499979019165,4.941999912261963,5.0,20578400.0
2022-04-04,5.300000190734863,5.545000076293945,5.239999771118164,5.360000133514404,21679300.0
2022-04-05,5.389999866485596,5.389999866485596,5.130000114440918,5.190000057220459,12870500.0
2022-04-06,5.099999904632568,5.139999866485596,4.909999847412109,5.059999942779541,15710000.0
2022-04-07,5.010000228881836,5.050000190734863,4.610000133514404,4.78000020980835,20071500.0
2022-04-08,4.78000020980835,5.059999942779541,4.699999809265137,4.909999847412109,22571100.0
2022-04-11,4.869999885559082,5.119999885559082,4.769999980926514,4.960000038146973,14551200.0
2022-04-12,4.909999847412109,5.059999942779541,4.849999904632568,4.880000114440918,15065300.0
2022-04-13,4.929999828338623,5.099999904632568,4.789999961853027,5.019999980926514,9894100.0
2022-04-14,4.960000038146973,5.054999828338623,4.889999866485596,4.909999847412109,9438500.0
2022-04-18,4.809999942779541,4.809999942779541,4.429999828338623,4.510000228881836,19909700.0
2022-04-19,4.449999809265137,4.650000095367432,4.300000190734863,4.559999942779541,18123300.0
2022-04-20,4.5,4.5,4.230000019073486,4.340000152587891,16709500.0
2022-04-21,4.300000190734863,4.40500020980835,4.110000133514404,4.159999847412109,15136500.0
2022-04-22,4.230000019073486,4.394999980926514,4.070000171661377,4.079999923706055,11968600.0
2022-04-25,4.0,4.139999866485596,3.890000104904175,4.119999885559082,12651700.0
2022-04-26,4.079999923706055,4.125,3.869999885559082,4.050000190734863,12065600.0
2022-04-27,4.099999904632568,4.264999866485596,3.940000057220459,4.010000228881836,19113500.0
2022-04-28,4.019999980926514,4.11899995803833,3.809999942779541,4.070000171661377,14103000.0
2022-04-29,4.429999828338623,4.489999771118164,4.239999771118164,4.25,14796000.0
2022-05-02,4.230000019073486,4.485000133514404,4.139999866485596,4.460000038146973,14134800.0
2022-05-03,4.489999771118164,4.619999885559082,4.380000114440918,4.440000057220459,10240600.0
2022-05-04,4.269999980926514,4.579999923706055,4.230000019073486,4.550000190734863,11629500.0
2022-05-05,4.400000095367432,4.440000057220459,4.139999866485596,4.239999771118164,9965900.0
2022-05-06,4.190000057220459,4.190000057220459,3.930000066757202,4.019999980926514,12265100.0
2022-05-09,3.9000000953674316,3.9049999713897705,3.690000057220459,3.799999952316284,15359700.0
2022-05-10,4.0,4.019999980926514,3.690000057220459,3.8299999237060547,17011700.0
2022-05-11,3.8299999237060547,4.050000190734863,3.700000047683716,3.7200000286102295,16505500.0
2022-05-12,3.7200000286102295,3.9549999237060547,3.5199999809265137,3.890000104904175,17289100.0
2022-05-13,3.9600000381469727,4.150000095367432,3.9600000381469727,4.099999904632568,11313900.0
2022-05-16,4.179999828338623,4.304999828338623,4.079999923706055,4.150000095367432,12339100.0
2022-05-17,4.369999885559082,4.414999961853027,3.9200000762939453,4.090000152587891,21429500.0
2022-05-18,3.950000047683716,4.159999847412109,3.940000057220459,4.059999942779541,23542600.0
2022-05-19,4.0,4.159999847412109,3.9200000762939453,4.059999942779541,30435500.0
2022-05-20,4.179999828338623,4.315000057220459,4.010000228881836,4.070000171661377,18051500.0
2022-05-23,4.059999942779541,4.065000057220459,3.8550000190734863,3.9800000190734863,12720400.0
2022-05-24,3.819999933242798,3.859999895095825,3.5899999141693115,3.6700000762939453,21440700.0
2022-05-25,3.7200000286102295,3.8499999046325684,3.630000114440918,3.740000009536743,14070800.0
2022-05-26,3.8499999046325684,4.139999866485596,3.740000009536743,4.059999942779541,27138700.0
2022-05-27,4.079999923706055,4.130000114440918,3.9800000190734863,4.090000152587891,11100400.0
2022-05-31,4.300000190734863,4.300000190734863,4.054999828338623,4.179999828338623,22262700.0
2022-06-01,4.179999828338623,4.244999885559082,4.03000020980835,4.110000133514404,13816700.0
2022-06-02,4.090000152587891,4.300000190734863,4.059999942779541,4.25,14000300.0
2022-06-03,4.190000057220459,4.199999809265137,4.010000228881836,4.070000171661377,7207400.0
2022-06-06,4.329999923706055,4.53000020980835,4.150000095367432,4.260000228881836,23125400.0
2022-06-07,4.300000190734863,4.5,4.235000133514404,4.460000038146973,21101500.0
2022-06-08,4.579999923706055,4.920000076293945,4.519999980926514,4.699999809265137,25563700.0
2022-06-09,4.610000133514404,4.690000057220459,4.434999942779541,4.449999809265137,10715300.0
2022-06-10,4.510000228881836,4.630000114440918,4.320000171661377,4.389999866485596,17545900.0
2022-06-13,4.179999828338623,4.34499979019165,4.119999885559082,4.28000020980835,20667800.0
2022-06-14,4.400000095367432,4.557000160217285,4.349999904632568,4.489999771118164,17857400.0
2022-06-15,4.559999942779541,4.659999847412109,4.420000076293945,4.539999961853027,13298000.0
2022-06-16,4.349999904632568,4.550000190734863,4.315000057220459,4.429999828338623,15214900.0
2022-06-17,4.559999942779541,4.599999904632568,4.413000106811523,4.53000020980835,20594300.0
2022-06-21,4.639999866485596,4.840000152587891,4.559999942779541,4.679999828338623,14494500.0
2022-06-22,4.570000171661377,4.949999809265137,4.559999942779541,4.829999923706055,24951300.0
2022-06-23,4.960000038146973,4.960000038146973,4.690000057220459,4.789999961853027,14545700.0
2022-06-24,4.829999923706055,4.96999979019165,4.699999809265137,4.960000038146973,10240000.0
2022-06-27,5.050000190734863,5.090000152587891,4.739999771118164,4.809999942779541,18695500.0
2022-06-28,4.869999885559082,5.380000114440918,4.829999923706055,5.059999942779541,25832300.0
2022-06-29,5.010000228881836,5.164999961853027,4.980000019073486,5.070000171661377,15404500.0
2022-06-30,4.980000019073486,5.074999809265137,4.829999923706055,5.019999980926514,15415900.0
2022-07-01,4.96999979019165,5.360000133514404,4.96999979019165,5.239999771118164,11053200.0
2022-07-05,5.159999847412109,5.389999866485596,5.119999885559082,5.349999904632568,10078200.0
2022-07-06,5.320000171661377,5.340000152587891,4.914999961853027,4.96999979019165,11964200.0
2022-07-07,5.050000190734863,5.335000038146973,5.014999866485596,5.099999904632568,9705200.0
2022-07-08,5.059999942779541,5.059999942779541,4.78000020980835,4.809999942779541,11093700.0
2022-07-11,4.650000095367432,4.679999828338623,4.429999828338623,4.46999979019165,10831100.0
2022-07-12,4.460000038146973,4.559999942779541,4.340000152587891,4.46999979019165,8356700.0
2022-07-13,4.349999904632568,4.5,4.289999961853027,4.440000057220459,9231700.0
2022-07-14,4.380000114440918,4.519999980926514,4.210000038146973,4.260000228881836,12097800.0
2022-07-15,4.210000038146973,4.349999904632568,4.070000171661377,4.340000152587891,12106300.0
2022-07-18,4.46999979019165,4.599999904632568,4.440000057220459,4.440000057220459,8189000.0
2022-07-19,4.510000228881836,4.639999866485596,4.389999866485596,4.599999904632568,7743700.0
2022-07-20,4.610000133514404,4.65500020980835,4.449999809265137,4.539999961853027,8504200.0
2022-07-21,4.53000020980835,4.670000076293945,4.485000133514404,4.670000076293945,6767200.0
2022-07-22,4.599999904632568,4.730000019073486,4.480000019073486,4.489999771118164,5119700.0
2022-07-25,4.5,4.710000038146973,4.46999979019165,4.570000171661377,6268500.0
2022-07-26,4.590000152587891,4.610000133514404,4.409999847412109,4.449999809265137,6423400.0
2022-07-27,4.489999771118164,4.599999904632568,4.380000114440918,4.590000152587891,6778600.0
2022-07-28,4.53000020980835,4.570000171661377,4.320000171661377,4.5,8451000.0
2022-07-29,4.230000019073486,4.269999980926514,4.150000095367432,4.210000038146973,9069600.0
2022-08-01,4.179999828338623,4.260000228881836,3.819999933242798,3.859999895095825,20429000.0
2022-08-02,3.819999933242798,4.150000095367432,3.7899999618530273,4.0,12121500.0
2022-08-03,4.019999980926514,4.25,3.990000009536743,4.190000057220459,6547500.0
2022-08-04,4.289999961853027,4.385000228881836,4.170000076293945,4.260000228881836,6068800.0
2022-08-05,4.190000057220459,4.309999942779541,4.150000095367432,4.269999980926514,6177200.0
2022-08-08,4.230000019073486,4.324999809265137,4.21999979019165,4.25,4711100.0
2022-08-09,4.25,4.28000020980835,4.059999942779541,4.099999904632568,5168500.0
2022-08-10,4.090000152587891,4.144999980926514,3.930000066757202,4.139999866485596,5563600.0
2022-08-11,4.199999809265137,4.619999885559082,4.179999828338623,4.400000095367432,14597300.0
2022-08-12,4.239999771118164,4.409999847412109,4.190000057220459,4.409999847412109,7934600.0
2022-08-15,4.400000095367432,4.75600004196167,4.380000114440918,4.670000076293945,13636200.0
2022-08-16,4.679999828338623,5.190000057220459,4.659999847412109,4.789999961853027,20927300.0
2022-08-17,4.769999980926514,4.875,4.565000057220459,4.610000133514404,10113800.0
2022-08-18,4.570000171661377,4.730000019073486,4.510000228881836,4.599999904632568,7741200.0
2022-08-19,4.570000171661377,4.65500020980835,4.409999847412109,4.460000038146973,5471000.0
2022-08-22,4.449999809265137,4.525000095367432,4.349999904632568,4.460000038146973,4792000.0
2022-08-23,4.460000038146973,4.539999961853027,4.300000190734863,4.400000095367432,6657900.0
2022-08-24,4.309999942779541,4.880000114440918,4.309999942779541,4.730000019073486,17065800.0
2022-08-25,4.978000164031982,5.050000190734863,4.760000228881836,4.989999771118164,18277300.0
2022-08-26,5.239999771118164,5.400000095367432,5.019999980926514,5.059999942779541,20467900.0
2022-08-29,5.099999904632568,5.264999866485596,4.920000076293945,4.929999828338623,9223700.0
2022-08-30,4.940000057220459,5.019999980926514,4.699999809265137,4.809999942779541,10258900.0
2022-08-31,4.889999866485596,5.15500020980835,4.869999885559082,5.110000133514404,11402700.0
2022-09-01,5.019999980926514,5.235000133514404,4.949999809265137,5.139999866485596,8259200.0
2022-09-02,5.050000190734863,5.130000114440918,4.920000076293945,5.059999942779541,8231700.0
2022-09-06,4.900000095367432,4.940000057220459,4.550000190734863,4.670000076293945,11908600.0
2022-09-07,4.579999923706055,4.769999980926514,4.579999923706055,4.75,10861600.0
2022-09-08,4.639999866485596,4.739999771118164,4.514999866485596,4.550000190734863,9500700.0
2022-09-09,4.699999809265137,4.880000114440918,4.679999828338623,4.769999980926514,9397200.0
2022-09-12,4.820000171661377,5.079999923706055,4.809999942779541,5.070000171661377,6849200.0
2022-09-13,4.889999866485596,4.96999979019165,4.710000038146973,4.760000228881836,10781800.0
2022-09-14,4.800000190734863,4.800000190734863,4.630000114440918,4.78000020980835,5541900.0
2022-09-15,4.710000038146973,4.880000114440918,4.710000038146973,4.829999923706055,4818300.0
2022-09-16,4.769999980926514,4.769999980926514,4.570000171661377,4.570000171661377,9735000.0
2022-09-19,4.510000228881836,4.635000228881836,4.494999885559082,4.610000133514404,8527900.0
2022-09-20,4.550000190734863,4.599999904632568,4.480000019073486,4.579999923706055,9803600.0
2022-09-21,4.510000228881836,4.519999980926514,4.139999866485596,4.300000190734863,10262600.0
2022-09-22,4.28000020980835,4.375,4.21999979019165,4.230000019073486,5278500.0
2022-09-23,4.130000114440918,4.190000057220459,3.990000009536743,4.150000095367432,9543200.0
2022-09-26,4.130000114440918,4.25,4.123000144958496,4.150000095367432,6369700.0
2022-09-27,4.210000038146973,4.260000228881836,3.9200000762939453,3.950000047683716,8783300.0
2022-09-28,3.890000104904175,4.184999942779541,3.8499999046325684,4.150000095367432,8995600.0
2022-09-29,4.0,4.099999904632568,3.9700000286102295,4.010000228881836,6816900.0
2022-09-30,4.019999980926514,4.179999828338623,4.0,4.059999942779541,6878500.0
2022-10-03,4.019999980926514,4.199999809265137,4.019999980926514,4.159999847412109,6946400.0
2022-10-04,4.25,4.5,4.25,4.480000019073486,9201200.0
2022-10-05,4.480000019073486,4.599999904632568,4.340000152587891,4.449999809265137,5167000.0
2022-10-06,4.440000057220459,4.539999961853027,4.322000026702881,4.400000095367432,4248700.0
2022-10-07,4.28000020980835,4.320000171661377,4.195000171661377,4.25,6315300.0
2022-10-10,4.25,4.25,3.940000057220459,4.039999961853027,7283400.0
2022-10-11,3.9600000381469727,4.010000228881836,3.815000057220459,3.9600000381469727,11064400.0
2022-10-12,3.940000057220459,4.019999980926514,3.8299999237060547,3.9200000762939453,7446100.0
2022-10-13,3.75,4.005000114440918,3.619999885559082,3.940000057220459,9634100.0
2022-10-14,3.9800000190734863,4.019999980926514,3.8299999237060547,3.8299999237060547,4776000.0
2022-10-17,3.944999933242798,4.110000133514404,3.8499999046325684,3.9700000286102295,8460600.0
2022-10-18,4.050000190734863,4.159999847412109,3.9100000858306885,3.9600000381469727,6165500.0
2022-10-19,3.799999952316284,3.875,3.7300000190734863,3.809999942779541,7551400.0
2022-10-20,3.819999933242798,4.099999904632568,3.7899999618530273,3.8299999237060547,10770700.0
2022-10-21,3.75,3.859999895095825,3.700000047683716,3.8299999237060547,6409900.0
2022-10-24,3.4000000953674316,3.7100000381469727,3.140000104904175,3.640000104904175,18616300.0
2022-10-25,3.6600000858306885,3.7899999618530273,3.5320000648498535,3.6600000858306885,15223200.0
2022-10-26,3.700000047683716,3.940000057220459,3.5999999046325684,3.819999933242798,14136100.0
2022-10-27,3.7300000190734863,3.819999933242798,3.6700000762939453,3.759999990463257,6930900.0
2022-10-28,3.5899999141693115,3.734999895095825,3.549999952316284,3.6700000762939453,9347600.0
2022-10-31,3.640000104904175,3.7200000286102295,3.569999933242798,3.609999895095825,6424000.0
2022-11-01,3.8499999046325684,3.9200000762939453,3.75,3.759999990463257,7882500.0
2022-11-02,3.75,3.930000066757202,3.6500000953674316,3.740000009536743,14353500.0
2022-11-03,3.5999999046325684,3.869999885559082,3.5999999046325684,3.7899999618530273,7622300.0
2022-11-04,4.090000152587891,4.099999904632568,3.815000057220459,3.9700000286102295,11477200.0
2022-11-07,4.039999961853027,4.090000152587891,3.940000057220459,3.9700000286102295,5948600.0
2022-11-08,3.930000066757202,4.010000228881836,3.8299999237060547,3.890000104904175,8912400.0
2022-11-09,3.7699999809265137,3.7950000762939453,3.6449999809265137,3.6600000858306885,10514500.0
2022-11-10,3.809999942779541,3.9600000381469727,3.799999952316284,3.869999885559082,11646900.0
2022-11-11,4.039999961853027,4.449999809265137,4.03000020980835,4.409999847412109,13251300.0
2022-11-14,4.480000019073486,4.619999885559082,4.440000057220459,4.449999809265137,12178700.0
2022-11-15,4.800000190734863,5.869999885559082,4.739999771118164,5.809999942779541,30836200.0
2022-11-16,5.460000038146973,5.619999885559082,5.260000228881836,5.269999980926514,20375100.0
2022-11-17,5.119999885559082,6.025000095367432,5.074999809265137,5.960000038146973,25993700.0
2022-11-18,5.809999942779541,5.900000095367432,5.510000228881836,5.579999923706055,12176800.0
2022-11-21,5.579999923706055,5.744999885559082,5.440000057220459,5.559999942779541,10927800.0
2022-11-22,5.550000190734863,5.804999828338623,5.460000038146973,5.760000228881836,11690300.0
2022-11-23,5.900000095367432,6.070000171661377,5.739999771118164,6.0,10965500.0
2022-11-25,5.809999942779541,5.880000114440918,5.710000038146973,5.78000020980835,4000000.0
2022-11-28,5.710000038146973,6.324999809265137,5.699999809265137,6.21999979019165,15607000.0
2022-11-29,6.400000095367432,6.635000228881836,6.139999866485596,6.599999904632568,21857900.0
2022-11-30,6.699999809265137,7.03000020980835,6.599999904632568,7.010000228881836,19925000.0
2022-12-01,6.860000133514404,7.119999885559082,6.840000152587891,6.940000057220459,16875300.0
2022-12-02,6.789999961853027,7.599999904632568,6.75,7.400000095367432,16195400.0
2022-12-05,7.630000114440918,7.684999942779541,7.269999980926514,7.389999866485596,21834300.0
2022-12-06,7.449999809265137,7.695000171661377,7.329999923706055,7.619999885559082,16791000.0
2022-12-07,7.190000057220459,7.526000022888184,6.934999942779541,7.340000152587891,20544100.0
2022-12-08,7.599999904632568,8.074999809265137,7.53000020980835,8.029999732971191,24882500.0
2022-12-09,7.986000061035156,8.270000457763672,7.900000095367432,8.210000038146973,51165600.0
2022-12-12,7.949999809265137,8.020000457763672,7.579999923706055,7.690000057220459,15836200.0
2022-12-13,8.020000457763672,8.100000381469727,7.769999980926514,7.829999923706055,12784800.0
2022-12-14,7.849999904632568,8.074999809265137,7.710000038146973,7.949999809265137,9073000.0
2022-12-15,8.09000015258789,8.100000381469727,7.619999885559082,7.670000076293945,8614300.0
2022-12-16,7.760000228881836,8.140000343322754,7.730000019073486,7.889999866485596,14854700.0
2022-12-19,7.920000076293945,8.229999542236328,7.864999771118164,8.170000076293945,18084500.0
2022-12-20,7.909999847412109,8.010000228881836,7.755000114440918,7.900000095367432,9094100.0
2022-12-21,7.900000095367432,8.550000190734863,7.840000152587891,8.479999542236328,16467500.0
2022-12-22,8.399999618530273,8.710000038146973,8.199999809265137,8.300000190734863,8408300.0
2022-12-23,8.229999542236328,8.279999732971191,7.90500020980835,8.0600004196167,6488500.0
2022-12-27,8.085000038146973,8.579999923706055,8.015000343322754,8.470000267028809,11449800.0
2022-12-28,8.324999809265137,8.350000381469727,7.849999904632568,7.949999809265137,8781100.0
2022-12-29,8.020000457763672,8.430000305175781,7.861000061035156,8.390000343322754,8633100.0
2022-12-30,8.140000343322754,8.369999885559082,8.039999961853027,8.279999732971191,5425800.0
2023-01-03,8.449999809265137,8.845000267028809,8.380000114440918,8.600000381469727,11024800.0
2023-01-04,8.899999618530273,9.289999961853027,8.880000114440918,9.180000305175781,11023100.0
2023-01-05,8.989999771118164,9.0600004196167,8.850000381469727,8.880000114440918,9387000.0
2023-01-06,8.640000343322754,8.795000076293945,8.40999984741211,8.739999771118164,8939500.0
2023-01-09,8.989999771118164,9.024999618530273,8.625,8.699999809265137,8053200.0
2023-01-10,8.680000305175781,8.8149995803833,8.545000076293945,8.739999771118164,6133200.0
2023-01-11,8.529999732971191,8.59000015258789,8.239999771118164,8.489999771118164,11399000.0
2023-01-12,8.380000114440918,8.59000015258789,8.3100004196167,8.550000190734863,7336000.0
2023-01-13,8.5600004196167,9.0,8.539999961853027,8.989999771118164,8947300.0
2023-01-17,8.789999961853027,8.890000343322754,8.380000114440918,8.489999771118164,9763400.0
2023-01-18,8.479999542236328,8.65999984741211,8.255000114440918,8.260000228881836,8083600.0
2023-01-19,8.130000114440918,8.300000190734863,8.020000457763672,8.229999542236328,9310100.0
2023-01-20,8.479999542236328,8.520000457763672,8.21500015258789,8.369999885559082,7105500.0
2023-01-23,8.479999542236328,8.59000015258789,8.40999984741211,8.479999542236328,4936100.0
2023-01-24,8.399999618530273,8.640000343322754,8.359999656677246,8.5600004196167,3402700.0
2023-01-25,8.4399995803833,8.635000228881836,8.359999656677246,8.59000015258789,3004400.0
2023-01-26,8.789999961853027,9.0,8.680000305175781,9.0,6747300.0
2023-01-27,8.899999618530273,8.949999809265137,8.5600004196167,8.670000076293945,6783200.0
2023-01-30,8.09000015258789,8.329999923706055,7.78000020980835,8.319999694824219,8573100.0
2023-01-31,8.1899995803833,8.640000343322754,8.114999771118164,8.390000343322754,8581100.0
2023-02-01,8.699999809265137,8.975000381469727,8.524999618530273,8.869999885559082,7239500.0
2023-02-02,8.859999656677246,9.079999923706055,8.729999542236328,8.890000343322754,8137500.0
2023-02-03,8.720000267028809,8.744999885559082,8.40999984741211,8.420000076293945,5533400.0
2023-02-06,8.239999771118164,8.399999618530273,7.900000095367432,8.25,8095100.0
2023-02-07,8.369999885559082,8.569999694824219,8.25,8.399999618530273,8866700.0
2023-02-08,8.449999809265137,8.640000343322754,8.319999694824219,8.34000015258789,6268400.0
2023-02-09,8.470000267028809,9.069999694824219,8.460000038146973,8.550000190734863,10711600.0
2023-02-10,8.279999732971191,8.3100004196167,8.079999923706055,8.100000381469727,5920300.0
2023-02-13,8.149999618530273,8.649999618530273,8.149999618530273,8.539999961853027,6124200.0
2023-02-14,8.449999809265137,8.585000038146973,8.319999694824219,8.369999885559082,3956800.0
2023-02-15,8.300000190734863,8.460000038146973,8.1850004196167,8.449999809265137,3662600.0
2023-02-16,8.319999694824219,8.489999771118164,8.210000038146973,8.270000457763672,3401800.0
2023-02-17,8.050000190734863,8.149999618530273,7.934999942779541,8.010000228881836,5515200.0
2023-02-21,7.75,7.909999847412109,7.574999809265137,7.769999980926514,4904000.0
2023-02-22,7.909999847412109,7.96999979019165,7.800000190734863,7.900000095367432,4857200.0
2023-02-23,8.15999984741211,8.199999809265137,7.755000114440918,7.760000228881836,5732100.0
2023-02-24,7.510000228881836,7.599999904632568,7.369999885559082,7.590000152587891,7704600.0
2023-02-27,7.739999771118164,7.809999942779541,7.570000171661377,7.670000076293945,4360200.0
2023-02-28,7.670000076293945,7.800000190734863,7.53000020980835,7.539999961853027,8430100.0
2023-03-01,7.96999979019165,8.234999656677246,7.889999866485596,8.010000228881836,9844900.0
2023-03-02,7.889999866485596,8.1899995803833,7.789999961853027,8.170000076293945,8021400.0
2023-03-03,8.109999656677246,8.279999732971191,8.09000015258789,8.130000114440918,5890800.0
2023-03-06,8.09000015258789,8.15999984741211,7.914999961853027,7.949999809265137,6446200.0
2023-03-07,7.940000057220459,7.940000057220459,7.585000038146973,7.710000038146973,5607900.0
2023-03-08,7.519999980926514,7.699999809265137,7.46999979019165,7.610000133514404,4563100.0
2023-03-09,7.420000076293945,7.550000190734863,7.369999885559082,7.429999828338623,9201100.0
2023-03-10,7.369999885559082,7.585000038146973,7.309999942779541,7.519999980926514,6085300.0
2023-03-13,7.5,7.800000190734863,7.440000057220459,7.619999885559082,6114200.0
2023-03-14,7.539999961853027,7.840000152587891,7.434999942779541,7.760000228881836,4943900.0
2023-03-15,7.559999942779541,7.619999885559082,7.235000133514404,7.53000020980835,8135000.0
2023-03-16,7.5,7.860000133514404,7.429999828338623,7.840000152587891,7240700.0
2023-03-17,7.889999866485596,7.934999942779541,7.75,7.849999904632568,12581100.0
2023-03-20,7.699999809265137,8.055000305175781,7.565000057220459,7.860000133514404,7909000.0
2023-03-21,7.789999961853027,7.900000095367432,6.75,7.139999866485596,14424400.0
2023-03-22,7.079999923706055,7.289999961853027,7.03000020980835,7.179999828338623,5807300.0
2023-03-23,7.480000019073486,7.864999771118164,7.480000019073486,7.590000152587891,9094700.0
2023-03-24,7.5,7.769999980926514,7.460000038146973,7.659999847412109,5261900.0
2023-03-27,7.590000152587891,7.730000019073486,7.510000228881836,7.710000038146973,6049000.0
2023-03-28,7.949999809265137,8.145000457763672,7.88100004196167,8.050000190734863,6430200.0
2023-03-29,7.940000057220459,8.329999923706055,7.900000095367432,8.300000190734863,6417000.0
2023-03-30,8.350000381469727,8.744999885559082,8.329999923706055,8.479999542236328,6468000.0
2023-03-31,8.354999542236328,8.550000190734863,8.210000038146973,8.279999732971191,6764400.0
2023-04-03,8.239999771118164,8.25,7.989999771118164,8.050000190734863,5165700.0
2023-04-04,7.920000076293945,7.960000038146973,7.800000190734863,7.889999866485596,4616800.0
2023-04-05,7.789999961853027,7.824999809265137,7.550000190734863,7.590000152587891,4644700.0
2023-04-06,7.619999885559082,7.659999847412109,7.514999866485596,7.610000133514404,5021900.0
2023-04-10,7.5,7.59499979019165,7.429999828338623,7.480000019073486,3488300.0
2023-04-11,7.489999771118164,7.690000057220459,7.489999771118164,7.559999942779541,4369400.0
2023-04-12,7.489999771118164,7.559999942779541,7.349999904632568,7.389999866485596,4717900.0
2023-04-13,7.579999923706055,7.78000020980835,7.550000190734863,7.659999847412109,5606200.0
2023-04-14,7.619999885559082,7.675000190734863,7.510000228881836,7.599999904632568,2710200.0
2023-04-17,7.789999961853027,8.039999961853027,7.71999979019165,8.029999732971191,5558700.0
2023-04-18,7.96999979019165,8.175000190734863,7.96999979019165,8.130000114440918,3473600.0
2023-04-19,7.889999866485596,8.029999732971191,7.840000152587891,7.900000095367432,2257500.0
2023-04-20,7.900000095367432,8.104999542236328,7.860000133514404,7.909999847412109,3528200.0
2023-04-21,7.71999979019165,7.71999979019165,7.5,7.630000114440918,3322500.0
2023-04-24,7.610000133514404,7.630000114440918,7.304999828338623,7.360000133514404,6675800.0
2023-04-25,7.190000057220459,7.210000038146973,6.889999866485596,7.0,9041600.0
2023-04-26,7.179999828338623,7.199999809265137,7.03000020980835,7.090000152587891,4880900.0
2023-04-27,7.079999923706055,7.369999885559082,7.0,7.300000190734863,4557700.0
2023-04-28,7.150000095367432,7.440000057220459,7.139999866485596,7.409999847412109,5829900.0
2023-05-01,7.349999904632568,7.489999771118164,7.170000076293945,7.21999979019165,2576400.0
2023-05-02,7.110000133514404,7.119999885559082,6.864999771118164,6.960000038146973,4703200.0
2023-05-03,6.929999828338623,7.110000133514404,6.800000190734863,7.079999923706055,3464900.0
2023-05-04,7.130000114440918,7.440000057220459,7.090000152587891,7.309999942779541,5317600.0
2023-05-05,7.300000190734863,7.400000095367432,7.151000022888184,7.309999942779541,2442700.0
2023-05-08,7.309999942779541,7.440000057220459,7.300000190734863,7.309999942779541,2585600.0
2023-05-09,7.090000152587891,7.098999977111816,6.85099983215332,6.940000057220459,5169400.0
2023-05-10,6.929999828338623,7.170000076293945,6.840000152587891,7.0,5956800.0
2023-05-11,7.0,7.480000019073486,7.0,7.46999979019165,7267300.0
2023-05-12,7.260000228881836,7.320000171661377,7.085000038146973,7.28000020980835,5568900.0
2023-05-15,7.679999828338623,8.010000228881836,7.53000020980835,7.960000038146973,10007600.0
2023-05-16,7.730000019073486,7.769999980926514,7.179999828338623,7.670000076293945,15930700.0
2023-05-17,7.880000114440918,8.369999885559082,7.860000133514404,8.3100004196167,11303600.0
2023-05-18,8.319999694824219,8.369999885559082,7.940000057220459,8.0,6213000.0
2023-05-19,8.15999984741211,8.170000076293945,7.679999828338623,7.809999942779541,4698600.0
2023-05-22,8.0600004196167,8.140000343322754,7.619999885559082,7.639999866485596,5715200.0
2023-05-23,7.409999847412109,7.460000038146973,7.320000171661377,7.369999885559082,6369900.0
2023-05-24,7.320000171661377,7.579999923706055,7.28000020980835,7.5,6201300.0
2023-05-25,7.409999847412109,7.485000133514404,7.260000228881836,7.269999980926514,5199800.0
2023-05-26,7.400000095367432,7.489999771118164,7.275000095367432,7.400000095367432,4474700.0
2023-05-30,7.300000190734863,7.40500020980835,6.869999885559082,6.920000076293945,8246100.0
2023-05-31,6.860000133514404,6.949999809265137,6.519999980926514,6.940000057220459,13285100.0
2023-06-01,6.980000019073486,7.355000019073486,6.934999942779541,7.329999923706055,7640000.0
2023-06-02,7.400000095367432,7.715000152587891,7.380000114440918,7.519999980926514,7064200.0
2023-06-05,7.46999979019165,7.525000095367432,7.429999828338623,7.480000019073486,3138100.0
2023-06-06,7.449999809265137,7.860000133514404,7.440000057220459,7.679999828338623,6566000.0
2023-06-07,7.690000057220459,8.029999732971191,7.570000171661377,7.619999885559082,7676600.0
2023-06-08,7.670000076293945,7.920000076293945,7.545000076293945,7.630000114440918,7329500.0
2023-06-09,7.769999980926514,8.039999961853027,7.619999885559082,7.78000020980835,38027300.0
2023-06-12,7.78000020980835,7.860000133514404,7.625,7.78000020980835,7801400.0
2023-06-13,7.909999847412109,8.154999732971191,7.84499979019165,7.920000076293945,5579600.0
2023-06-14,7.829999923706055,8.359999656677246,7.829999923706055,8.350000381469727,7416700.0
2023-06-15,8.34000015258789,8.395000457763672,8.130000114440918,8.329999923706055,9579700.0
2023-06-16,8.279999732971191,8.3100004196167,7.980000019073486,8.029999732971191,12477500.0
2023-06-20,7.760000228881836,7.829999923706055,7.53000020980835,7.539999961853027,5733400.0
2023-06-21,7.480000019073486,7.78000020980835,7.429999828338623,7.679999828338623,5021200.0
2023-06-22,7.679999828338623,7.755000114440918,7.599999904632568,7.659999847412109,2367500.0
2023-06-23,7.519999980926514,7.579999923706055,7.380000114440918,7.449999809265137,3194700.0
2023-06-26,7.449999809265137,7.590000152587891,7.420000076293945,7.440000057220459,3246000.0
2023-06-27,7.610000133514404,7.71999979019165,7.539999961853027,7.650000095367432,3040600.0
2023-06-28,7.53000020980835,7.579999923706055,7.454999923706055,7.550000190734863,3105400.0
2023-06-29,7.480000019073486,7.510000228881836,7.25,7.380000114440918,3622800.0
2023-06-30,7.429999828338623,7.489999771118164,7.315000057220459,7.380000114440918,2499700.0
2023-07-03,7.579999923706055,7.670000076293945,7.489999771118164,7.519999980926514,2096000.0
2023-07-05,7.400000095367432,7.409999847412109,7.199999809265137,7.260000228881836,4822300.0
2023-07-06,7.170000076293945,7.275000095367432,7.09499979019165,7.210000038146973,3557200.0
2023-07-07,7.190000057220459,7.355000019073486,7.135000228881836,7.25,5079200.0
2023-07-10,7.139999866485596,7.340000152587891,7.139999866485596,7.309999942779541,2885800.0
2023-07-11,7.380000114440918,7.550000190734863,7.34499979019165,7.53000020980835,3331000.0
2023-07-12,7.739999771118164,7.880000114440918,7.659999847412109,7.789999961853027,4897100.0
2023-07-13,7.940000057220459,7.940000057220459,7.769999980926514,7.900000095367432,5299700.0
2023-07-14,7.730000019073486,7.78000020980835,7.570000171661377,7.590000152587891,6608700.0
2023-07-17,7.480000019073486,7.489999771118164,7.179999828338623,7.380000114440918,7565300.0
2023-07-18,7.269999980926514,7.309999942779541,7.0,7.010000228881836,7944900.0
2023-07-19,7.150000095367432,7.230000019073486,7.0,7.019999980926514,9668400.0
2023-07-20,7.0,7.014999866485596,6.78000020980835,6.800000190734863,6233300.0
2023-07-21,6.849999904632568,6.929999828338623,6.739999771118164,6.739999771118164,3460900.0
2023-07-24,6.690000057220459,7.03000020980835,6.534999847412109,6.880000114440918,7735300.0
2023-07-25,7.099999904632568,7.130000114440918,6.599999904632568,6.610000133514404,7865400.0
2023-07-26,6.349999904632568,6.630000114440918,6.309999942779541,6.489999771118164,11133900.0
2023-07-27,6.550000190734863,6.625,6.320000171661377,6.349999904632568,7793700.0
2023-07-28,6.579999923706055,7.190000057220459,6.579999923706055,7.130000114440918,12656500.0
2023-07-31,6.829999923706055,7.0,6.710000038146973,6.989999771118164,9946100.0
2023-08-01,6.760000228881836,6.880000114440918,6.679999828338623,6.690000057220459,5960300.0
2023-08-02,6.5,6.565000057220459,6.320000171661377,6.369999885559082,6016700.0
2023-08-03,6.46999979019165,6.699999809265137,6.46999979019165,6.53000020980835,4468500.0
2023-08-04,6.510000228881836,6.630000114440918,6.40500020980835,6.440000057220459,4750400.0
2023-08-07,6.480000019073486,6.480000019073486,6.204999923706055,6.239999771118164,5194900.0
2023-08-08,6.070000171661377,6.349999904632568,6.010000228881836,6.300000190734863,7265400.0
2023-08-09,6.389999866485596,6.409999847412109,6.25,6.300000190734863,4325100.0
2023-08-10,6.440000057220459,6.599999904632568,6.190000057220459,6.239999771118164,6532000.0
2023-08-11,6.110000133514404,6.119999885559082,5.989999771118164,6.090000152587891,6539700.0
2023-08-14,6.03000020980835,6.179999828338623,5.989999771118164,6.150000095367432,6087900.0
2023-08-15,5.699999809265137,6.570000171661377,5.699999809265137,6.190000057220459,18859600.0
2023-08-16,6.190000057220459,6.525000095367432,6.070000171661377,6.400000095367432,10459400.0
2023-08-17,6.579999923706055,6.920000076293945,6.559999942779541,6.769999980926514,12996700.0
2023-08-18,6.550000190734863,6.614999771118164,6.480000019073486,6.53000020980835,11892600.0
2023-08-21,6.449999809265137,6.53000020980835,6.269999980926514,6.5,8137100.0
2023-08-22,6.610000133514404,6.610000133514404,6.309999942779541,6.389999866485596,8928700.0
2023-08-23,6.480000019073486,6.550000190734863,6.400000095367432,6.409999847412109,6772500.0
2023-08-24,6.510000228881836,6.730000019073486,6.480000019073486,6.510000228881836,6372400.0
2023-08-25,6.429999828338623,6.5,6.300000190734863,6.480000019073486,7110200.0
2023-08-28,6.570000171661377,6.980000019073486,6.53000020980835,6.889999866485596,11167400.0
2023-08-29,6.949999809265137,7.0,6.800000190734863,6.920000076293945,7054900.0
2023-08-30,6.730000019073486,6.945000171661377,6.679999828338623,6.860000133514404,9027000.0
2023-08-31,6.809999942779541,6.940000057220459,6.789999961853027,6.820000171661377,12947600.0
2023-09-01,6.949999809265137,7.190000057220459,6.909999847412109,7.019999980926514,6309700.0
2023-09-05,6.820000171661377,6.965000152587891,6.78000020980835,6.900000095367432,6849100.0
2023-09-06,6.929999828338623,7.099999904632568,6.835000038146973,6.860000133514404,7660500.0
2023-09-07,6.679999828338623,6.789999961853027,6.599999904632568,6.670000076293945,8215500.0
2023-09-08,6.71999979019165,6.760000228881836,6.539999961853027,6.630000114440918,5381500.0
2023-09-11,6.78000020980835,6.800000190734863,6.465000152587891,6.5,7755200.0
2023-09-12,6.539999961853027,6.550000190734863,6.320000171661377,6.369999885559082,6551900.0
2023-09-13,6.380000114440918,6.380000114440918,6.269999980926514,6.28000020980835,5249900.0
2023-09-14,6.360000133514404,6.409999847412109,6.269999980926514,6.320000171661377,5466800.0
2023-09-15,6.349999904632568,6.480000019073486,6.275000095367432,6.320000171661377,6448900.0
2023-09-18,6.25,6.380000114440918,6.210000038146973,6.329999923706055,3696500.0
2023-09-19,6.28000020980835,6.329999923706055,6.210000038146973,6.21999979019165,6361300.0
2023-09-20,6.210000038146973,6.309999942779541,6.110000133514404,6.119999885559082,8946700.0
2023-09-21,6.010000228881836,6.079999923706055,5.960000038146973,6.019999980926514,10155800.0
2023-09-22,6.309999942779541,6.400000095367432,6.269999980926514,6.28000020980835,6154500.0
2023-09-25,6.110000133514404,6.360000133514404,6.099999904632568,6.300000190734863,5539100.0
2023-09-26,6.199999809265137,6.329999923706055,6.164999961853027,6.25,4143000.0
2023-09-27,6.320000171661377,6.324999809265137,6.252999782562256,6.28000020980835,3426400.0
2023-09-28,6.264999866485596,6.324999809265137,6.230000019073486,6.230000019073486,4746000.0
2023-09-29,6.389999866485596,6.489999771118164,6.360000133514404,6.380000114440918,5566300.0
2023-10-02,6.329999923706055,6.385000228881836,6.284999847412109,6.340000152587891,3720100.0
2023-10-03,6.130000114440918,6.255000114440918,6.090000152587891,6.190000057220459,4095100.0
2023-10-04,6.190000057220459,6.25,6.119999885559082,6.179999828338623,4921400.0
2023-10-05,6.119999885559082,6.239999771118164,6.119999885559082,6.199999809265137,4237200.0
2023-10-06,6.21999979019165,6.494999885559082,6.21999979019165,6.409999847412109,4325600.0
2023-10-09,6.360000133514404,6.409999847412109,6.309999942779541,6.380000114440918,3037700.0
2023-10-10,6.480000019073486,6.760000228881836,6.46999979019165,6.679999828338623,6534500.0
2023-10-11,6.800000190734863,6.929999828338623,6.78000020980835,6.789999961853027,8673900.0
2023-10-12,6.829999923706055,6.980000019073486,6.630000114440918,6.699999809265137,10635000.0
2023-10-13,6.619999885559082,6.639999866485596,6.380000114440918,6.550000190734863,5656400.0
2023-10-16,6.489999771118164,6.980000019073486,6.46999979019165,6.940000057220459,11290800.0
2023-10-17,6.869999885559082,6.940000057220459,6.690000057220459,6.760000228881836,7573600.0
2023-10-18,6.78000020980835,6.869999885559082,6.644999980926514,6.840000152587891,12142100.0
2023-10-19,6.78000020980835,6.914999961853027,6.730000019073486,6.730000019073486,8441200.0
2023-10-20,6.639999866485596,6.730000019073486,6.570000171661377,6.650000095367432,6855800.0
2023-10-23,6.579999923706055,6.875,6.545000076293945,6.789999961853027,3806600.0
2023-10-24,6.880000114440918,7.300000190734863,6.849999904632568,7.139999866485596,13562100.0
2023-10-25,7.0,7.034999847412109,6.869999885559082,6.889999866485596,7467300.0
2023-10-26,6.940000057220459,7.159999847412109,6.929999828338623,7.119999885559082,6377600.0
2023-10-27,7.119999885559082,7.28000020980835,7.065000057220459,7.130000114440918,4682300.0
2023-10-30,7.21999979019165,7.369999885559082,7.159999847412109,7.300000190734863,7930800.0
2023-10-31,7.139999866485596,7.289999961853027,7.099999904632568,7.260000228881836,7003800.0
2023-11-01,7.260000228881836,7.275000095367432,7.090000152587891,7.210000038146973,5541900.0
2023-11-02,7.239999771118164,7.289999961853027,7.195000171661377,7.260000228881836,4225600.0
2023-11-03,7.340000152587891,7.574999809265137,7.340000152587891,7.489999771118164,5577800.0
2023-11-06,7.610000133514404,7.71999979019165,7.489999771118164,7.510000228881836,6095700.0
2023-11-07,7.420000076293945,7.489999771118164,7.340000152587891,7.420000076293945,6378300.0
2023-11-08,7.414999961853027,7.724999904632568,7.389999866485596,7.53000020980835,8823200.0
2023-11-09,7.46999979019165,7.619999885559082,7.440000057220459,7.449999809265137,7600900.0
2023-11-10,7.360000133514404,7.400000095367432,7.130000114440918,7.369999885559082,10198100.0
2023-11-13,7.440000057220459,7.449999809265137,7.289999961853027,7.429999828338623,8927000.0
2023-11-14,7.599999904632568,7.769999980926514,6.764999866485596,7.659999847412109,30326900.0
2023-11-15,7.829999923706055,8.579999923706055,7.829999923706055,8.25,17271900.0
2023-11-16,8.300000190734863,8.59000015258789,8.140000343322754,8.470000267028809,13156400.0
2023-11-17,8.399999618530273,8.489999771118164,8.279999732971191,8.369999885559082,4938500.0
2023-11-20,8.399999618530273,8.989999771118164,8.369999885559082,8.9399995803833,11598900.0
2023-11-21,8.739999771118164,8.989999771118164,8.649999618530273,8.6899995803833,9452600.0
2023-11-22,8.680000305175781,8.6899995803833,8.380000114440918,8.470000267028809,13443800.0
2023-11-24,8.399999618530273,8.600000381469727,8.350000381469727,8.600000381469727,4168500.0
2023-11-27,8.449999809265137,8.489999771118164,8.34000015258789,8.399999618530273,5833900.0
2023-11-28,8.380000114440918,8.510000228881836,8.364999771118164,8.399999618530273,4434300.0
2023-11-29,8.279999732971191,8.390000343322754,8.239999771118164,8.329999923706055,6994600.0
2023-11-30,8.25,8.5600004196167,8.029999732971191,8.510000228881836,11334400.0
2023-12-01,8.329999923706055,8.625,8.3100004196167,8.430000305175781,6197900.0
2023-12-04,8.350000381469727,8.4399995803833,8.239999771118164,8.289999961853027,6908000.0
2023-12-05,8.100000381469727,8.178999900817871,8.0,8.100000381469727,5063800.0
2023-12-06,8.380000114440918,8.401000022888184,8.005000114440918,8.050000190734863,5258100.0
2023-12-07,8.050000190734863,8.180000305175781,8.020000457763672,8.09000015258789,5755300.0
2023-12-08,7.949999809265137,8.295000076293945,7.925000190734863,8.220000267028809,6710600.0
2023-12-11,8.210000038146973,8.449999809265137,8.130000114440918,8.380000114440918,6619700.0
2023-12-12,8.34000015258789,9.1899995803833,8.260000228881836,8.9399995803833,24318200.0
2023-12-13,8.880000114440918,9.199999809265137,8.760000228881836,8.979999542236328,10275000.0
2023-12-14,8.970000267028809,9.140000343322754,8.890000343322754,9.020000457763672,8001000.0
2023-12-15,9.020000457763672,9.130000114440918,8.734999656677246,8.880000114440918,7554700.0
2023-12-18,8.779999732971191,8.84000015258789,8.670000076293945,8.75,4330900.0
2023-12-19,8.729999542236328,8.864999771118164,8.609999656677246,8.770000457763672,6038300.0
2023-12-20,8.600000381469727,8.739999771118164,8.550000190734863,8.569999694824219,6088700.0
2023-12-21,8.729999542236328,8.869999885559082,8.663000106811523,8.859999656677246,7094800.0
2023-12-22,8.34000015258789,8.664999961853027,8.149999618530273,8.510000228881836,9514500.0
2023-12-26,8.630000114440918,8.869999885559082,8.59000015258789,8.619999885559082,4897800.0
2023-12-27,8.6899995803833,8.699999809265137,8.520000457763672,8.569999694824219,5374300.0
2023-12-28,8.699999809265137,8.890000343322754,8.6899995803833,8.729999542236328,5113400.0
2023-12-29,8.699999809265137,9.085000038146973,8.640000343322754,9.010000228881836,9074600.0
2024-01-02,8.824999809265137,8.880000114440918,8.635000228881836,8.729999542236328,5434300.0
2024-01-03,8.8100004196167,8.904999732971191,8.710000038146973,8.880000114440918,8008200.0
2024-01-04,8.859999656677246,9.149999618530273,8.84000015258789,9.029999732971191,9250600.0
2024-01-05,9.039999961853027,9.170000076293945,8.859999656677246,8.869999885559082,5744500.0
2024-01-08,8.699999809265137,8.805000305175781,8.539999961853027,8.770000457763672,5807600.0
2024-01-09,8.680000305175781,8.84000015258789,8.645000457763672,8.8100004196167,7437900.0
2024-01-10,8.800000190734863,9.100000381469727,8.774999618530273,9.039999961853027,11502300.0
2024-01-11,9.109999656677246,9.529999732971191,9.079999923706055,9.430000305175781,17432000.0
2024-01-12,9.470000267028809,9.579999923706055,9.279999732971191,9.390000343322754,9938100.0
2024-01-16,9.039999961853027,9.154999732971191,8.930000305175781,9.010000228881836,13810200.0
2024-01-17,8.6899995803833,8.789999961853027,8.510000228881836,8.710000038146973,13172900.0
2024-01-18,8.880000114440918,9.0649995803833,8.609999656677246,8.75,9371900.0
2024-01-19,8.539999961853027,8.710000038146973,8.354999542236328,8.510000228881836,16192900.0
2024-01-22,8.289999961853027,8.470000267028809,8.1899995803833,8.420000076293945,14715900.0
2024-01-23,8.800000190734863,9.0,8.520000457763672,8.579999923706055,10161800.0
2024-01-24,9.0600004196167,9.100000381469727,8.829999923706055,8.9399995803833,13700800.0
2024-01-25,9.0,9.180000305175781,8.854999542236328,8.90999984741211,5888900.0
2024-01-26,8.75,9.055000305175781,8.710000038146973,9.020000457763672,4620700.0
2024-01-29,9.0,9.109999656677246,8.911999702453613,9.09000015258789,9315500.0
2024-01-30,8.899999618530273,9.130000114440918,8.880000114440918,9.050000190734863,10318900.0
2024-01-31,8.899999618530273,9.489999771118164,8.890000343322754,9.399999618530273,14513300.0
2024-02-01,9.430000305175781,9.489999771118164,9.109999656677246,9.260000228881836,6123600.0
2024-02-02,9.119999885559082,9.199999809265137,9.0,9.0600004196167,6800900.0
2024-02-05,9.3100004196167,9.399999618530273,9.074999809265137,9.260000228881836,8534800.0
2024-02-06,9.5,9.819999694824219,9.260000228881836,9.800000190734863,12859800.0
2024-02-07,9.390000343322754,9.8100004196167,9.350000381469727,9.65999984741211,8998200.0
2024-02-08,9.640000343322754,9.75,9.470000267028809,9.489999771118164,9621900.0
2024-02-09,9.510000228881836,9.6850004196167,9.46500015258789,9.670000076293945,3099700.0
2024-02-12,9.680000305175781,9.989999771118164,9.680000305175781,9.869999885559082,5810700.0
2024-02-13,9.6899995803833,9.819999694824219,9.569999694824219,9.630000114440918,4783200.0
2024-02-14,9.779999732971191,10.1899995803833,9.779999732971191,10.180000305175781,8944800.0
2024-02-15,10.109999656677246,10.460000038146973,10.109999656677246,10.3100004196167,7653200.0
2024-02-16,10.520000457763672,10.694999694824219,10.079999923706055,10.119999885559082,9230700.0
2024-02-20,10.109999656677246,10.119999885559082,9.779999732971191,9.920000076293945,6195700.0
2024-02-21,10.050000190734863,10.170000076293945,9.880000114440918,10.140000343322754,7926800.0
2024-02-22,10.239999771118164,10.380000114440918,10.0,10.289999961853027,7222000.0
2024-02-23,10.300000190734863,10.454999923706055,10.114999771118164,10.229999542236328,5333800.0
2024-02-26,10.199999809265137,10.420000076293945,10.119999885559082,10.420000076293945,4752800.0
2024-02-27,10.579999923706055,10.619999885559082,10.289999961853027,10.40999984741211,8505500.0
2024-02-28,10.220000267028809,10.380000114440918,10.109999656677246,10.25,7265800.0
2024-02-29,10.380000114440918,10.680000305175781,10.329999923706055,10.470000267028809,12360200.0
2024-03-01,10.539999961853027,10.71500015258789,10.385000228881836,10.390000343322754,4973700.0
2024-03-04,10.350000381469727,10.4350004196167,9.989999771118164,10.079999923706055,7246900.0
2024-03-05,9.899999618530273,9.949999809265137,9.145000457763672,9.460000038146973,15971200.0
2024-03-06,9.649999618530273,9.829999923706055,9.510000228881836,9.619999885559082,9469400.0
2024-03-07,9.520000457763672,10.369999885559082,9.520000457763672,10.359999656677246,11212600.0
2024-03-08,10.359999656677246,10.819999694824219,10.354999542236328,10.529999732971191,10360900.0
2024-03-11,10.510000228881836,10.8100004196167,10.274999618530273,10.350000381469727,6587500.0
2024-03-12,10.470000267028809,10.65999984741211,10.220000267028809,10.649999618530273,11296700.0
2024-03-13,10.520000457763672,10.890000343322754,10.520000457763672,10.569999694824219,9407200.0
2024-03-14,10.600000381469727,10.619999885559082,10.154999732971191,10.449999809265137,8441600.0
2024-03-15,10.460000038146973,10.460000038146973,10.289999961853027,10.329999923706055,5221200.0
2024-03-18,10.5,10.600000381469727,10.229999542236328,10.380000114440918,9897700.0
2024-03-19,10.579999923706055,11.319999694824219,10.3100004196167,11.039999961853027,22594900.0
2024-03-20,11.350000381469727,11.739999771118164,11.024999618530273,11.6899995803833,14925300.0
2024-03-21,11.710000038146973,11.800000190734863,11.244999885559082,11.399999618530273,11323300.0
2024-03-22,11.149999618530273,11.239999771118164,10.850000381469727,10.949999809265137,10283200.0
2024-03-25,11.100000381469727,11.199999809265137,11.010000228881836,11.149999618530273,7173900.0
2024-03-26,11.1899995803833,11.600000381469727,11.0600004196167,11.069999694824219,6630700.0
2024-03-27,10.970000267028809,11.095000267028809,10.805000305175781,11.0600004196167,10087600.0
2024-03-28,11.09000015258789,11.350000381469727,11.0600004196167,11.1899995803833,6013600.0
2024-04-01,11.260000228881836,11.319999694824219,11.069999694824219,11.119999885559082,4402600.0
2024-04-02,11.0600004196167,11.3100004196167,11.010000228881836,11.279999732971191,6634300.0
2024-04-03,11.279999732971191,11.5600004196167,11.15999984741211,11.40999984741211,6923400.0
2024-04-04,11.390000343322754,11.529999732971191,11.194999694824219,11.210000038146973,2862600.0
2024-04-05,11.199999809265137,11.649999618530273,11.130000114440918,11.649999618530273,5735100.0
2024-04-08,11.630000114440918,11.6850004196167,11.545000076293945,11.59000015258789,3706200.0
2024-04-09,11.630000114440918,11.970000267028809,11.630000114440918,11.84000015258789,8804600.0
2024-04-10,11.770000457763672,11.984999656677246,11.720000267028809,11.850000381469727,3799200.0
2024-04-11,11.970000267028809,12.0,11.75,11.899999618530273,5773500.0
2024-04-12,11.65999984741211,11.729999542236328,11.354999542236328,11.369999885559082,6701900.0
2024-04-15,11.399999618530273,11.59000015258789,11.170000076293945,11.239999771118164,6554000.0
2024-04-16,11.100000381469727,11.380000114440918,10.9399995803833,11.25,8543800.0
2024-04-17,11.1899995803833,11.350000381469727,11.119999885559082,11.270000457763672,6092300.0
2024-04-18,11.380000114440918,11.710000038146973,11.319999694824219,11.579999923706055,6284300.0
2024-04-19,11.479999542236328,11.529999732971191,11.225000381469727,11.359999656677246,4957700.0
2024-04-22,11.420000076293945,11.8100004196167,11.380000114440918,11.760000228881836,7606100.0
2024-04-23,11.90999984741211,12.364999771118164,11.789999961853027,12.319999694824219,14927800.0
2024-04-24,12.5,12.619999885559082,12.40999984741211,12.529999732971191,7663000.0
2024-04-25,12.329999923706055,12.699999809265137,12.239999771118164,12.680000305175781,8300600.0
2024-04-26,12.760000228881836,12.925000190734863,12.710000038146973,12.880000114440918,6008600.0
2024-04-29,12.800000190734863,12.930000305175781,12.630000114440918,12.899999618530273,5384700.0
2024-04-30,12.729999542236328,12.819999694824219,12.475000381469727,12.550000190734863,7506400.0
2024-05-01,12.520000457763672,12.609999656677246,12.359999656677246,12.390000343322754,4178100.0
2024-05-02,12.75,13.154999732971191,12.640000343322754,13.050000190734863,7407200.0
2024-05-03,13.010000228881836,13.5,12.960000038146973,13.5,7235600.0
2024-05-06,13.489999771118164,13.65999984741211,13.430000305175781,13.569999694824219,4218600.0
2024-05-07,13.420000076293945,13.4399995803833,13.220000267028809,13.34000015258789,7489800.0
2024-05-08,13.119999885559082,13.369999885559082,12.960000038146973,13.25,6738700.0
2024-05-09,13.4399995803833,13.600000381469727,13.260000228881836,13.380000114440918,9264300.0
2024-05-10,13.399999618530273,13.479999542236328,13.260000228881836,13.34000015258789,7850900.0
2024-05-13,13.779999732971191,14.890000343322754,13.6899995803833,14.800000190734863,20684300.0
2024-05-14,14.4399995803833,14.859999656677246,14.380000114440918,14.65999984741211,9878400.0
2024-05-15,14.720000267028809,15.4399995803833,14.65999984741211,15.359999656677246,9164200.0
2024-05-16,15.25,15.770000457763672,15.140000343322754,15.489999771118164,6823900.0
2024-05-17,15.449999809265137,15.649999618530273,15.039999961853027,15.420000076293945,7987600.0
2024-05-20,15.100000381469727,15.460000038146973,14.954999923706055,15.270000457763672,8137300.0
2024-05-21,14.90999984741211,15.244999885559082,14.845999717712402,14.989999771118164,7683700.0
2024-05-22,15.050000190734863,15.109999656677246,14.539999961853027,14.720000267028809,5802700.0
2024-05-23,14.550000190734863,14.699999809265137,14.3100004196167,14.5,8034300.0
2024-05-24,14.40999984741211,14.829999923706055,14.390000343322754,14.800000190734863,6446300.0
2024-05-28,14.979999542236328,15.279999732971191,14.75,14.890000343322754,6778800.0
2024-05-29,14.720000267028809,14.829999923706055,14.5600004196167,14.800000190734863,5895500.0
2024-05-30,14.800000190734863,15.220000267028809,14.600000381469727,15.170000076293945,8275200.0
2024-05-31,15.0,15.010000228881836,14.069999694824219,14.449999809265137,11049100.0
2024-06-03,14.569999694824219,14.765000343322754,13.725000381469727,14.0,7554600.0
2024-06-04,14.130000114440918,14.199999809265137,13.800000190734863,14.0,9549600.0
2024-06-05,14.1899995803833,14.670000076293945,14.119999885559082,14.630000114440918,10963100.0
2024-06-06,14.520000457763672,14.699999809265137,14.479999542236328,14.550000190734863,5249200.0
2024-06-07,14.40999984741211,14.479999542236328,13.960000038146973,14.069999694824219,7729900.0
2024-06-10,14.119999885559082,14.34000015258789,13.994999885559082,14.239999771118164,3446800.0
2024-06-11,14.34000015258789,14.640000343322754,14.260000228881836,14.350000381469727,6418900.0
2024-06-12,14.5600004196167,14.630000114440918,14.164999961853027,14.34000015258789,6669700.0
2024-06-13,14.390000343322754,15.039999961853027,14.390000343322754,14.850000381469727,9777200.0
2024-06-14,14.569999694824219,15.050000190734863,14.529999732971191,14.800000190734863,15860500.0
2024-06-17,14.699999809265137,14.770000457763672,14.055000305175781,14.15999984741211,7976300.0
2024-06-18,13.979999542236328,14.369999885559082,13.90999984741211,14.359999656677246,6443700.0
2024-06-20,14.5,14.670000076293945,13.819999694824219,14.0600004196167,5920300.0
2024-06-21,13.930000305175781,14.119999885559082,13.770000457763672,14.010000228881836,7216200.0
2024-06-24,14.010000228881836,14.335000038146973,13.970000267028809,14.279999732971191,4092100.0
2024-06-25,14.210000038146973,14.430000305175781,14.085000038146973,14.300000190734863,6048500.0
2024-06-26,14.270000457763672,14.354999542236328,14.109999656677246,14.319999694824219,4915000.0
2024-06-27,14.199999809265137,14.199999809265137,13.904999732971191,13.970000267028809,7199400.0
2024-06-28,14.069999694824219,14.15999984741211,13.930000305175781,14.050000190734863,6670500.0
2024-07-01,14.170000076293945,14.520000457763672,14.109999656677246,14.34000015258789,6892600.0
2024-07-02,14.279999732971191,14.494999885559082,14.119999885559082,14.430000305175781,3012500.0
2024-07-03,14.569999694824219,15.039999961853027,14.569999694824219,14.9399995803833,6416200.0
2024-07-05,14.75,14.979999542236328,14.479999542236328,14.529999732971191,10921100.0
2024-07-08,14.380000114440918,14.529999732971191,14.069999694824219,14.510000228881836,9213400.0
2024-07-09,14.619999885559082,15.34000015258789,14.529999732971191,15.270000457763672,9770200.0
2024-07-10,15.199999809265137,15.529999732971191,14.979999542236328,15.0600004196167,7899100.0
2024-07-11,15.0,15.260000228881836,14.869999885559082,14.979999542236328,10027400.0
2024-07-12,15.050000190734863,15.319999694824219,14.960000038146973,15.130000114440918,7837900.0
2024-07-15,14.989999771118164,15.119999885559082,14.859999656677246,14.859999656677246,8460400.0
2024-07-16,14.789999961853027,15.180000305175781,14.710000038146973,15.130000114440918,7367000.0
2024-07-17,14.979999542236328,14.989999771118164,14.6899995803833,14.770000457763672,6020900.0
2024-07-18,14.760000228881836,14.949999809265137,14.28499984741211,14.4399995803833,5444800.0
2024-07-19,14.399999618530273,14.449999809265137,14.260000228881836,14.260000228881836,5234800.0
2024-07-22,14.489999771118164,15.010000228881836,14.489999771118164,14.890000343322754,5450900.0
2024-07-23,14.789999961853027,15.279999732971191,14.760000228881836,15.279999732971191,6149400.0
2024-07-24,14.949999809265137,15.119999885559082,14.569999694824219,14.720000267028809,7895500.0
2024-07-25,14.59000015258789,14.614999771118164,14.210000038146973,14.430000305175781,8273800.0
2024-07-26,14.399999618530273,14.449999809265137,13.819999694824219,14.09000015258789,6582700.0
2024-07-29,14.210000038146973,14.329999923706055,13.930000305175781,13.989999771118164,7840400.0
2024-07-30,13.9399995803833,14.010000228881836,13.8100004196167,13.899999618530273,5480500.0
2024-07-31,14.300000190734863,14.4399995803833,14.09000015258789,14.180000305175781,4873300.0
2024-08-01,14.199999809265137,14.199999809265137,13.164999961853027,13.289999961853027,8800900.0
2024-08-02,12.829999923706055,12.930000305175781,12.359999656677246,12.619999885559082,10524400.0
2024-08-05,11.670000076293945,12.75,11.670000076293945,12.600000381469727,6171300.0
2024-08-06,12.890000343322754,13.585000038146973,12.819999694824219,13.34000015258789,7657600.0
2024-08-07,13.65999984741211,13.829999923706055,13.175000190734863,13.260000228881836,3919300.0
2024-08-08,13.390000343322754,13.5600004196167,13.1850004196167,13.550000190734863,3566400.0
2024-08-09,13.479999542236328,13.515000343322754,12.819999694824219,12.960000038146973,10491800.0
2024-08-12,12.899999618530273,13.270000457763672,12.770000457763672,13.130000114440918,12268000.0
2024-08-13,11.359999656677246,11.5600004196167,10.8100004196167,11.119999885559082,41560800.0
2024-08-14,11.180000305175781,11.324999809265137,11.079999923706055,11.130000114440918,17198700.0
2024-08-15,11.130000114440918,11.270000457763672,10.869999885559082,10.970000267028809,11269300.0
2024-08-16,10.920000076293945,10.9399995803833,10.479999542236328,10.529999732971191,10637800.0
2024-08-19,10.619999885559082,10.680000305175781,10.489999771118164,10.640000343322754,11063200.0
2024-08-20,10.489999771118164,10.539999961853027,10.210000038146973,10.380000114440918,13905800.0
2024-08-21,10.390000343322754,10.539999961853027,10.270000457763672,10.4399995803833,6842200.0
2024-08-22,10.350000381469727,10.460000038146973,10.069999694824219,10.25,12301200.0
2024-08-23,10.270000457763672,10.289999961853027,10.130000114440918,10.239999771118164,7022700.0
2024-08-26,10.149999618530273,10.824999809265137,10.114999771118164,10.699999809265137,10035900.0
2024-08-27,10.899999618530273,11.029999732971191,10.699999809265137,10.729999542236328,10758700.0
2024-08-28,10.65999984741211,10.71500015258789,10.069999694824219,10.180000305175781,10117400.0
2024-08-29,10.430000305175781,10.579999923706055,10.36299991607666,10.470000267028809,6261700.0
2024-08-30,10.680000305175781,10.720000267028809,10.305000305175781,10.4399995803833,8606300.0
2024-09-03,10.279999732971191,10.5,10.25,10.350000381469727,6452000.0
2024-09-04,10.40999984741211,10.529999732971191,10.335000038146973,10.460000038146973,5444000.0
2024-09-05,10.4399995803833,10.539999961853027,10.270000457763672,10.319999694824219,7806400.0
2024-09-06,10.270000457763672,10.484999656677246,10.130000114440918,10.180000305175781,4404300.0
2024-09-09,10.130000114440918,10.3100004196167,9.880000114440918,10.149999618530273,9992700.0
2024-09-10,10.15999984741211,10.25,9.619999885559082,9.649999618530273,12925300.0
2024-09-11,9.6899995803833,9.770000457763672,9.550000190734863,9.75,11006100.0
2024-09-12,9.739999771118164,9.859999656677246,9.654999732971191,9.75,6227200.0
2024-09-13,9.729999542236328,9.729999542236328,9.430000305175781,9.510000228881836,6663200.0
2024-09-16,9.59000015258789,9.630000114440918,9.4399995803833,9.479999542236328,5267300.0
2024-09-17,9.600000381469727,9.744999885559082,9.460000038146973,9.5,5171200.0
2024-09-18,9.479999542236328,9.550000190734863,9.40999984741211,9.460000038146973,5385500.0
2024-09-19,9.670000076293945,10.085000038146973,9.65999984741211,9.930000305175781,11459600.0
2024-09-20,10.0,10.0600004196167,9.800000190734863,9.859999656677246,11695900.0
2024-09-23,9.960000038146973,10.414999961853027,9.789999961853027,10.180000305175781,8249300.0
2024-09-24,11.510000228881836,12.008000373840332,11.095000267028809,11.850000381469727,30514600.0
2024-09-25,11.369999885559082,11.59000015258789,11.270000457763672,11.279999732971191,20300400.0
2024-09-26,12.579999923706055,13.829999923706055,12.010000228881836,12.270000457763672,29216100.0
2024-09-27,12.640000343322754,12.989999771118164,12.229999542236328,12.279999732971191,16793700.0
2024-09-30,12.710000038146973,12.84000015258789,11.90999984741211,12.050000190734863,16847500.0
2024-10-01,12.149999618530273,12.800000190734863,12.069999694824219,12.75,10007300.0
2024-10-02,13.779999732971191,14.048999786376953,13.350000381469727,13.729999542236328,18489400.0
2024-10-03,12.930000305175781,13.704999923706055,12.899999618530273,13.510000228881836,14183500.0
2024-10-04,13.920000076293945,14.010000228881836,13.289999961853027,13.479999542236328,9088800.0
2024-10-07,13.569999694824219,13.75,13.069999694824219,13.34000015258789,10220600.0
2024-10-08,12.119999885559082,12.630000114440918,12.119999885559082,12.630000114440918,10620400.0
2024-10-09,11.989999771118164,12.420000076293945,11.989999771118164,12.359999656677246,9657900.0
2024-10-10,12.3100004196167,12.625,12.300000190734863,12.529999732971191,4906400.0
2024-10-11,12.300000190734863,13.385000228881836,12.244999885559082,12.779999732971191,13612500.0
2024-10-14,12.59000015258789,13.0600004196167,12.527999877929688,12.699999809265137,9218000.0
2024-10-15,12.350000381469727,12.380000114440918,12.010000228881836,12.25,8758000.0
2024-10-16,12.3100004196167,12.380000114440918,12.0600004196167,12.130000114440918,4558800.0
2024-10-17,11.920000076293945,11.920000076293945,11.550000190734863,11.640000343322754,4856300.0
2024-10-18,12.0,12.079999923706055,11.779999732971191,11.880000114440918,4358400.0
2024-10-21,11.859999656677246,11.994999885559082,11.630000114440918,11.770000457763672,4390100.0
2024-10-22,11.680000305175781,11.949999809265137,11.484999656677246,11.800000190734863,4127100.0
2024-10-23,11.800000190734863,11.899999618530273,11.489999771118164,11.59000015258789,4825200.0
2024-10-24,11.460000038146973,11.510000228881836,11.239999771118164,11.430000305175781,5993100.0
2024-10-25,11.550000190734863,11.649999618530273,11.414999961853027,11.489999771118164,4801900.0
2024-10-28,11.59000015258789,12.079999923706055,11.59000015258789,11.84000015258789,5226400.0
2024-10-29,11.899999618530273,12.029999732971191,11.539999961853027,11.5600004196167,5336000.0
2024-10-30,11.470000267028809,11.619999885559082,11.34000015258789,11.420000076293945,3700000.0
2024-10-31,11.40999984741211,11.414999961853027,11.079999923706055,11.130000114440918,5857500.0
2024-11-01,11.25,11.303000450134277,11.050000190734863,11.119999885559082,3935000.0
2024-11-04,11.260000228881836,11.510000228881836,11.170000076293945,11.260000228881836,4246400.0
2024-11-05,11.640000343322754,11.805000305175781,11.539999961853027,11.729999542236328,5011600.0
2024-11-06,11.28499984741211,11.619999885559082,11.274999618530273,11.619999885559082,6396400.0
2024-11-07,11.979999542236328,12.109999656677246,11.609999656677246,11.779999732971191,6547600.0
2024-11-08,11.390000343322754,11.600000381469727,11.204999923706055,11.390000343322754,8103300.0
2024-11-11,11.670000076293945,11.765000343322754,11.510000228881836,11.550000190734863,8401800.0
2024-11-12,10.779999732971191,11.100000381469727,10.359999656677246,10.920000076293945,13649300.0
2024-11-13,10.920000076293945,10.984999656677246,10.369999885559082,10.670000076293945,8573200.0
2024-11-14,10.319999694824219,10.819999694824219,10.109999656677246,10.8100004196167,13205100.0
2024-11-15,10.880000114440918,11.244999885559082,10.880000114440918,11.069999694824219,9144300.0
2024-11-18,11.100000381469727,11.635000228881836,10.899999618530273,11.489999771118164,8347500.0
2024-11-19,11.329999923706055,11.470000267028809,11.100000381469727,11.149999618530273,4370900.0
2024-11-20,11.25,11.5,11.220000267028809,11.4399995803833,6482000.0
2024-11-21,11.329999923706055,11.729999542236328,11.260000228881836,11.520000457763672,6382000.0
2024-11-22,11.260000228881836,11.569000244140625,11.170000076293945,11.529999732971191,4641600.0
2024-11-25,11.640000343322754,11.710000038146973,11.15999984741211,11.1899995803833,9273500.0
2024-11-26,11.1899995803833,11.270000457763672,11.039999961853027,11.069999694824219,6010500.0
2024-11-27,11.359999656677246,11.640000343322754,11.270000457763672,11.510000228881836,5693400.0
2024-11-29,11.4399995803833,11.59000015258789,11.305000305175781,11.40999984741211,6029300.0
2024-12-02,11.5,12.260000228881836,11.475000381469727,12.1899995803833,9561600.0
2024-12-03,12.109999656677246,12.449999809265137,12.109999656677246,12.300000190734863,10039100.0
2024-12-04,12.199999809265137,12.369999885559082,12.0,12.1899995803833,6265900.0
2024-12-05,12.199999809265137,12.34000015258789,12.145000457763672,12.229999542236328,4078700.0
2024-12-06,12.460000038146973,12.630000114440918,12.359999656677246,12.550000190734863,4449500.0
2024-12-09,13.149999618530273,13.826000213623047,13.079999923706055,13.15999984741211,10390000.0
2024-12-10,12.869999885559082,12.9399995803833,12.380000114440918,12.5,8181400.0
2024-12-11,12.239999771118164,12.369999885559082,11.670000076293945,11.779999732971191,12469200.0
2024-12-12,11.869999885559082,12.369999885559082,11.8100004196167,12.069999694824219,6303600.0
2024-12-13,11.899999618530273,12.0600004196167,11.539999961853027,11.979999542236328,9658300.0
2024-12-16,11.710000038146973,11.829999923706055,11.270000457763672,11.300000190734863,9054300.0
2024-12-17,11.4399995803833,11.90999984741211,11.300000190734863,11.779999732971191,10376800.0
2024-12-18,11.699999809265137,11.90999984741211,11.645000457763672,11.770000457763672,5639600.0
2024-12-19,11.899999618530273,12.0,11.739999771118164,11.789999961853027,5699900.0
2024-12-20,11.6899995803833,12.029999732971191,11.649999618530273,11.949999809265137,5065500.0
2024-12-23,11.760000228881836,11.899999618530273,11.579999923706055,11.75,5925300.0
2024-12-24,11.829999923706055,11.989999771118164,11.75,11.890000343322754,2021300.0
2024-12-26,11.84000015258789,12.039999961853027,11.84000015258789,11.920000076293945,2751300.0
2024-12-27,11.979999542236328,12.029999732971191,11.699999809265137,11.720000267028809,4078600.0
2024-12-30,11.649999618530273,11.649999618530273,11.329999923706055,11.34000015258789,2376300.0
2024-12-31,11.319999694824219,11.489999771118164,11.279999732971191,11.350000381469727,2358800.0
2025-01-02,11.260000228881836,11.59000015258789,11.220000267028809,11.319999694824219,5353300.0
2025-01-03,11.300000190734863,11.359999656677246,11.050000190734863,11.15999984741211,3849900.0
2025-01-06,11.34000015258789,11.5,10.835000038146973,10.90999984741211,10071100.0
2025-01-07,10.899999618530273,11.045000076293945,10.789999961853027,10.819999694824219,7968100.0
2025-01-08,10.729999542236328,10.970000267028809,10.640000343322754,10.920000076293945,6439200.0
2025-01-10,10.760000228881836,10.8100004196167,10.539999961853027,10.739999771118164,11163900.0
2025-01-13,10.600000381469727,10.699999809265137,10.260000228881836,10.279999732971191,8598500.0
2025-01-14,10.359999656677246,10.600000381469727,10.300000190734863,10.449999809265137,9470800.0
2025-01-15,10.510000228881836,10.585000038146973,10.300000190734863,10.5,6112600.0
2025-01-16,10.5,10.545000076293945,10.270000457763672,10.399999618530273,5445700.0
2025-01-17,10.449999809265137,11.220000267028809,10.4399995803833,10.779999732971191,7671700.0
2025-01-21,11.069999694824219,11.239999771118164,10.920000076293945,11.100000381469727,8794400.0
2025-01-22,11.09000015258789,11.239999771118164,10.949999809265137,11.149999618530273,5159400.0
2025-01-23,11.029999732971191,11.175000190734863,10.90999984741211,11.050000190734863,2499400.0
2025-01-24,11.199999809265137,11.640000343322754,11.079999923706055,11.59000015258789,6341200.0
2025-01-27,11.770000457763672,12.130000114440918,11.710000038146973,11.800000190734863,10591800.0
2025-01-28,11.720000267028809,11.789999961853027,11.399999618530273,11.779999732971191,5212600.0
2025-01-29,11.90999984741211,11.960000038146973,11.539999961853027,11.640000343322754,4387400.0
2025-01-30,11.800000190734863,12.40999984741211,11.720000267028809,12.270000457763672,4870100.0
2025-01-31,12.109999656677246,12.210000038146973,11.90999984741211,11.979999542236328,6220800.0
2025-02-03,11.789999961853027,12.15999984741211,11.609999656677246,11.770000457763672,4220400.0
2025-02-04,11.979999542236328,12.34000015258789,11.920000076293945,12.010000228881836,9511700.0
2025-02-05,11.850000381469727,11.890000343322754,11.609999656677246,11.75,5916500.0
2025-02-06,12.0,12.15999984741211,11.925000190734863,12.069999694824219,4897200.0
2025-02-07,12.289999961853027,12.550000190734863,12.220000267028809,12.539999961853027,5909200.0
2025-02-10,12.880000114440918,12.979999542236328,12.385000228881836,12.470000267028809,6812200.0
2025-02-11,12.220000267028809,12.670000076293945,11.979999542236328,12.4399995803833,7609800.0
2025-02-12,12.399999618530273,12.90999984741211,12.220000267028809,12.65999984741211,6389800.0
2025-02-13,12.539999961853027,12.970000267028809,12.5,12.760000228881836,7812900.0
2025-02-14,13.5,13.649999618530273,13.135000228881836,13.609999656677246,13320300.0
2025-02-18,13.470000267028809,13.630000114440918,13.3100004196167,13.609999656677246,6432000.0
2025-02-19,13.5600004196167,13.569999694824219,13.020000457763672,13.100000381469727,10307500.0
2025-02-20,13.324999809265137,13.600000381469727,12.569999694824219,12.829999923706055,9053900.0
2025-02-21,13.380000114440918,14.6850004196167,13.369999885559082,14.380000114440918,24768300.0
2025-02-24,13.829999923706055,13.829999923706055,12.880000114440918,12.979999542236328,15347200.0
2025-02-25,13.164999961853027,13.239999771118164,12.574999809265137,12.710000038146973,9175900.0
2025-02-26,13.0600004196167,13.335000038146973,12.720000267028809,12.930000305175781,7183800.0
2025-02-27,12.630000114440918,12.960000038146973,12.574999809265137,12.75,8596800.0
2025-02-28,12.300000190734863,12.399999618530273,11.960000038146973,12.1899995803833,11201600.0
2025-03-03,12.199999809265137,12.609999656677246,12.180000305175781,12.34000015258789,7644800.0
2025-03-04,12.5,12.765000343322754,12.375,12.649999618530273,6038800.0
2025-03-05,13.0,13.649999618530273,12.979999542236328,13.479999542236328,8533700.0
2025-03-06,13.640000343322754,13.789999961853027,13.055000305175781,13.319999694824219,8031500.0
2025-03-07,13.300000190734863,13.569999694824219,13.079999923706055,13.319999694824219,5249500.0
2025-03-10,13.0,13.020000457763672,12.5600004196167,12.869999885559082,6871500.0
2025-03-11,12.430000305175781,12.829999923706055,12.069999694824219,12.210000038146973,16216600.0
2025-03-12,12.0,12.350000381469727,12.0,12.229999542236328,9253200.0
2025-03-13,12.0,12.428000450134277,11.90999984741211,12.399999618530273,5498900.0
2025-03-14,12.5600004196167,12.800000190734863,12.449999809265137,12.550000190734863,7291900.0
2025-03-17,12.399999618530273,13.199999809265137,12.390000343322754,13.0600004196167,12748300.0
2025-03-18,14.1899995803833,15.329999923706055,13.699999809265137,15.09000015258789,36548500.0
2025-03-19,15.0,15.319999694824219,14.5649995803833,14.710000038146973,13444900.0
2025-03-20,14.5600004196167,14.569999694824219,14.109999656677246,14.279999732971191,8617800.0
2025-03-21,14.100000381469727,14.180000305175781,13.920000076293945,14.0,5404100.0
2025-03-24,14.09000015258789,14.289999961853027,14.01200008392334,14.180000305175781,4556600.0
2025-03-25,14.180000305175781,14.6899995803833,14.069999694824219,14.25,4524500.0
2025-03-26,14.479999542236328,14.635000228881836,14.28499984741211,14.399999618530273,4464000.0
2025-03-27,14.430000305175781,15.050000190734863,14.390000343322754,14.739999771118164,7492600.0
2025-03-28,14.550000190734863,14.619999885559082,14.25,14.380000114440918,4532400.0
2025-03-31,14.25,14.539999961853027,14.229999542236328,14.40999984741211,5063700.0
2025-04-01,14.4399995803833,14.574999809265137,14.279999732971191,14.460000038146973,6292100.0
2025-04-02,14.350000381469727,14.550000190734863,14.210000038146973,14.470000267028809,4579300.0
2025-04-03,14.109999656677246,14.364999771118164,14.029999732971191,14.319999694824219,5830600.0
2025-04-04,13.279999732971191,13.520000457763672,12.744999885559082,12.960000038146973,11212500.0
2025-04-07,12.15999984741211,13.529999732971191,12.039999961853027,12.75,11788900.0
2025-04-08,13.380000114440918,13.5,11.729999542236328,11.979999542236328,12390600.0
2025-04-09,12.0,12.748000144958496,11.850000381469727,12.640000343322754,14005100.0
2025-04-10,12.649999618530273,13.074999809265137,12.399999618530273,12.489999771118164,9463700.0
2025-04-11,12.520000457763672,12.619999885559082,11.710000038146973,12.229999542236328,18370100.0
2025-04-14,12.529999732971191,13.109999656677246,12.489999771118164,12.630000114440918,7268700.0
2025-04-15,12.6899995803833,12.899999618530273,12.65999984741211,12.789999961853027,4746800.0
2025-04-16,12.5,12.5,12.239999771118164,12.329999923706055,5059000.0
2025-04-17,12.550000190734863,12.696000099182129,12.244999885559082,12.289999961853027,4042100.0
2025-04-21,12.34000015258789,12.350000381469727,11.84000015258789,11.970000267028809,5551200.0
2025-04-22,12.25,12.505000114440918,11.970000267028809,12.489999771118164,16776400.0
2025-04-23,12.989999771118164,13.430000305175781,12.90999984741211,13.140000343322754,10832300.0
2025-04-24,13.100000381469727,13.369999885559082,12.864999771118164,13.300000190734863,4708000.0
2025-04-25,13.460000038146973,13.529999732971191,13.109999656677246,13.359999656677246,4009800.0
2025-04-28,13.420000076293945,13.600000381469727,13.359999656677246,13.4399995803833,2323500.0
2025-04-29,13.40999984741211,13.670000076293945,13.359999656677246,13.550000190734863,3151900.0
2025-04-30,13.5,13.529999732971191,13.25,13.420000076293945,2983200.0
2025-05-01,13.399999618530273,13.555000305175781,13.3100004196167,13.369999885559082,1590300.0
2025-05-02,13.8149995803833,14.375,13.770000457763672,14.3100004196167,6477800.0
2025-05-05,14.140000343322754,14.34000015258789,14.029999732971191,14.199999809265137,3189800.0
2025-05-06,14.260000228881836,14.699999809265137,14.21500015258789,14.40999984741211,4794400.0
2025-05-07,14.460000038146973,14.569999694824219,14.100000381469727,14.25,5700000.0
2025-05-08,14.529999732971191,14.579999923706055,13.954999923706055,14.210000038146973,5955500.0
2025-05-09,14.430000305175781,14.550000190734863,13.949999809265137,14.079999923706055,5844700.0
2025-05-12,14.40999984741211,14.6899995803833,14.25,14.329999923706055,9210500.0
2025-05-13,13.579999923706055,14.899999618530273,13.300000190734863,14.6899995803833,11532600.0
2025-05-14,15.380000114440918,17.049999237060547,15.380000114440918,16.989999771118164,21947700.0
2025-05-15,16.6299991607666,16.68000030517578,15.970000267028809,16.360000610351562,12167000.0
2025-05-16,16.6299991607666,16.8799991607666,16.610000610351562,16.6200008392334,6374300.0
2025-05-19,16.360000610351562,16.770000457763672,16.209999084472656,16.739999771118164,4420100.0
2025-05-20,16.8799991607666,17.104999542236328,16.729999542236328,17.010000228881836,7084300.0
2025-05-21,16.979999542236328,17.299999237060547,16.81999969482422,16.989999771118164,5322300.0
2025-05-22,17.0,17.149999618530273,16.81999969482422,16.93000030517578,3822300.0
2025-05-23,16.84000015258789,17.549999237060547,16.81999969482422,17.520000457763672,8581500.0
2025-05-27,17.625,18.05500030517578,17.625,17.90999984741211,9854500.0
2025-05-28,17.90999984741211,18.059999465942383,17.68000030517578,17.8700008392334,4815500.0
2025-05-29,17.8700008392334,17.920000076293945,17.350000381469727,17.489999771118164,5627800.0
2025-05-30,17.239999771118164,17.280000686645508,16.40999984741211,16.84000015258789,14014800.0
2025-06-02,17.149999618530273,17.584999084472656,17.040000915527344,17.360000610351562,5566300.0
2025-06-03,17.385000228881836,17.469999313354492,17.110000610351562,17.3799991607666,3608100.0
2025-06-04,17.469999313354492,17.934999465942383,17.43000030517578,17.700000762939453,4266000.0
2025-06-05,17.700000762939453,17.895000457763672,17.56999969482422,17.780000686645508,2914100.0
2025-06-06,17.3700008392334,18.05500030517578,17.260000228881836,17.959999084472656,5552400.0
2025-06-09,18.229999542236328,18.81999969482422,18.225000381469727,18.510000228881836,8990200.0
2025-06-10,19.3700008392334,19.399999618530273,18.139999389648438,18.34000015258789,11067400.0
2025-06-11,18.489999771118164,18.68000030517578,18.290000915527344,18.579999923706055,7471300.0
2025-06-12,19.1299991607666,19.309999465942383,18.600000381469727,18.81999969482422,7810100.0
2025-06-13,18.389999389648438,18.80500030517578,18.350000381469727,18.420000076293945,10375900.0
2025-06-16,18.530000686645508,19.0,18.450000762939453,18.860000610351562,5463100.0
2025-06-17,18.709999084472656,18.75,18.184999465942383,18.200000762939453,4098600.0
2025-06-18,18.40999984741211,18.729999542236328,18.239999771118164,18.610000610351562,5905700.0
2025-06-20,18.670000076293945,18.80500030517578,18.334999084472656,18.479999542236328,19108900.0
2025-06-23,18.299999237060547,18.3700008392334,18.020000457763672,18.360000610351562,4712600.0
2025-06-24,18.489999771118164,18.899999618530273,18.489999771118164,18.760000228881836,4718900.0
2025-06-25,18.700000762939453,19.0,18.65999984741211,18.729999542236328,3490900.0
2025-06-26,18.729999542236328,18.959999084472656,18.610000610351562,18.700000762939453,4293000.0
2025-06-27,18.700000762939453,19.2450008392334,18.649999618530273,19.100000381469727,6813300.0
2025-06-30,19.274999618530273,19.579999923706055,19.209999084472656,19.489999771118164,7052500.0
2025-07-01,19.420000076293945,19.489999771118164,18.8799991607666,19.239999771118164,4577500.0
2025-07-02,19.200000762939453,19.280000686645508,18.90999984741211,19.170000076293945,2868000.0
2025-07-03,18.90999984741211,19.469999313354492,18.82200050354004,19.459999084472656,3277600.0
2025-07-07,19.829999923706055,20.364999771118164,19.825000762939453,20.040000915527344,6973900.0
2025-07-08,20.25,20.850000381469727,20.200000762939453,20.290000915527344,9194800.0
2025-07-09,20.260000228881836,20.6200008392334,20.1200008392334,20.350000381469727,4775600.0
2025-07-10,20.3799991607666,20.46500015258789,19.934999465942383,20.0,5019500.0
2025-07-11,20.0,20.110000610351562,19.56999969482422,19.790000915527344,4763000.0
2025-07-14,19.799999237060547,20.80500030517578,19.739999771118164,20.670000076293945,7416100.0
2025-07-15,21.0,21.559999465942383,20.90999984741211,21.290000915527344,7375700.0
2025-07-16,21.479999542236328,21.639999389648438,21.110000610351562,21.440000534057617,4569300.0
2025-07-17,21.6299991607666,22.5,21.520000457763672,22.360000610351562,8054900.0
2025-07-18,22.0,22.295000076293945,21.3700008392334,21.43000030517578,9732700.0
2025-07-21,21.290000915527344,21.540000915527344,20.899999618530273,21.290000915527344,6987100.0
2025-07-22,21.020000457763672,21.46500015258789,20.8799991607666,21.360000610351562,5837800.0
2025-07-23,21.229999542236328,21.790000915527344,21.170000076293945,21.56999969482422,5320100.0
2025-07-24,21.559999465942383,21.600000381469727,21.219999313354492,21.229999542236328,3855400.0
2025-07-25,21.030000686645508,21.5,20.860000610351562,21.299999237060547,5045900.0
2025-07-28,21.790000915527344,22.049999237060547,21.469999313354492,21.600000381469727,4730400.0
2025-07-29,21.8799991607666,22.18000030517578,21.729999542236328,21.75,4921700.0
2025-07-30,21.459999084472656,21.75,21.014999389648438,21.100000381469727,5137300.0
2025-07-31,21.229999542236328,21.280000686645508,20.729999542236328,20.989999771118164,7171100.0
2025-08-01,20.209999084472656,20.719999313354492,20.059999465942383,20.540000915527344,4721900.0
2025-08-04,21.049999237060547,21.5,20.895000457763672,21.329999923706055,4387300.0
2025-08-05,21.700000762939453,21.889999389648438,21.440000534057617,21.549999237060547,3679400.0
2025-08-06,21.389999389648438,21.899999618530273,21.389999389648438,21.889999389648438,3865600.0
2025-08-07,21.899999618530273,22.3799991607666,21.770000457763672,21.969999313354492,5523300.0
2025-08-08,21.65999984741211,22.15999984741211,21.510000228881836,22.1299991607666,4309000.0
2025-08-11,22.280000686645508,22.979999542236328,22.03499984741211,22.700000762939453,9332500.0
2025-08-12,24.59000015258789,25.979999542236328,24.219999313354492,25.389999389648438,15504400.0
2025-08-13,26.079999923706055,26.540000915527344,25.579999923706055,25.600000381469727,9445400.0
2025-08-14,25.200000762939453,26.010000228881836,24.861000061035156,25.520000457763672,10221200.0
2025-08-15,25.389999389648438,26.049999237060547,25.239999771118164,25.549999237060547,6445800.0
2025-08-18,25.989999771118164,26.25,25.5,25.510000228881836,6347900.0
2025-08-19,25.3700008392334,25.510000228881836,25.05500030517578,25.290000915527344,4879900.0
2025-08-20,25.139999389648438,25.155000686645508,24.4950008392334,25.100000381469727,5290200.0
2025-08-21,24.809999465942383,25.315000534057617,24.729999542236328,24.989999771118164,4510900.0
2025-08-22,25.239999771118164,25.6200008392334,24.850000381469727,25.350000381469727,3233200.0
2025-08-25,25.799999237060547,26.315000534057617,25.610000610351562,25.719999313354492,6279300.0
2025-08-26,25.950000762939453,26.280000686645508,25.780000686645508,26.229999542236328,25847000.0
2025-08-27,25.940000534057617,25.979999542236328,24.950000762939453,25.81999969482422,5218800.0
2025-08-28,25.600000381469727,25.757999420166016,24.850000381469727,24.899999618530273,6518300.0
2025-08-29,24.989999771118164,25.110000610351562,24.43000030517578,24.520000457763672,7159500.0
2025-09-02,24.5,24.924999237060547,23.850000381469727,24.549999237060547,4331000.0
2025-09-03,24.510000228881836,24.9950008392334,24.3700008392334,24.969999313354492,3334700.0
2025-09-04,24.790000915527344,24.790000915527344,24.423999786376953,24.670000076293945,3817700.0
2025-09-05,25.0,25.079999923706055,24.489999771118164,24.489999771118164,4318700.0
2025-09-08,24.700000762939453,24.860000610351562,24.219999313354492,24.549999237060547,3633300.0
2025-09-09,24.68000030517578,25.424999237060547,24.579999923706055,25.260000228881836,4543700.0
2025-09-10,25.530000686645508,25.719999313354492,25.250999450683594,25.469999313354492,3384200.0
2025-09-11,25.559999465942383,25.770000457763672,25.2450008392334,25.6200008392334,3496900.0
2025-09-12,25.270000457763672,25.360000610351562,24.62299919128418,25.0,3817500.0
2025-09-15,25.1200008392334,25.6299991607666,24.959999084472656,25.520000457763672,4502100.0
2025-09-16,25.489999771118164,25.510000228881836,24.850000381469727,25.479999542236328,4092100.0
2025-09-17,26.299999237060547,26.700000762939453,25.81999969482422,26.360000610351562,6455500.0
2025-09-18,25.799999237060547,26.44499969482422,25.149999618530273,25.290000915527344,10304400.0
2025-09-19,25.1200008392334,25.25,24.860000610351562,25.110000610351562,4957900.0
2025-09-22,24.899999618530273,25.040000915527344,24.280000686645508,24.299999237060547,5410900.0
2025-09-23,24.110000610351562,24.25,23.190000534057617,23.280000686645508,10047300.0
2025-09-24,23.639999389648438,23.885000228881836,23.280000686645508,23.700000762939453,9081900.0
2025-09-25,23.350000381469727,23.649999618530273,23.15999984741211,23.559999465942383,4497000.0
2025-09-26,23.420000076293945,23.674999237060547,23.1299991607666,23.6299991607666,3716000.0
2025-09-29,23.96500015258789,24.2450008392334,23.524999618530273,23.729999542236328,5183900.0
2025-09-30,23.8799991607666,23.8799991607666,23.15999984741211,23.34000015258789,5014700.0
2025-10-01,23.399999618530273,23.5,23.059999465942383,23.1200008392334,4397000.0
2025-10-02,23.360000610351562,23.360000610351562,22.6299991607666,22.950000762939453,5507700.0
2025-10-03,22.899999618530273,22.90999984741211,22.54199981689453,22.899999618530273,4809300.0
2025-10-06,22.8799991607666,23.139999389648438,22.739999771118164,22.899999618530273,2862500.0
2025-10-07,23.020000457763672,23.100000381469727,22.760000228881836,23.040000915527344,2372800.0
2025-10-08,23.209999084472656,23.3700008392334,23.1200008392334,23.239999771118164,2973700.0
2025-10-09,23.290000915527344,23.690000534057617,23.200000762939453,23.459999084472656,5484200.0
2025-10-10,23.280000686645508,23.739999771118164,22.219999313354492,22.43000030517578,7879900.0
2025-10-13,23.030000686645508,23.375,23.010000228881836,23.190000534057617,3815900.0
2025-10-14,22.489999771118164,22.854999542236328,21.969999313354492,22.459999084472656,5063400.0
2025-10-15,23.079999923706055,23.209999084472656,22.834999084472656,22.93000030517578,5404100.0
2025-10-16,22.84000015258789,23.1200008392334,22.565000534057617,22.6299991607666,3356000.0
2025-10-17,22.18000030517578,22.4950008392334,22.030000686645508,22.360000610351562,3391900.0
2025-10-20,22.6200008392334,22.799999237060547,22.309999465942383,22.739999771118164,3285700.0
2025-10-21,22.5,22.809999465942383,22.3700008392334,22.809999465942383,3756000.0
2025-10-22,22.770000457763672,23.145000457763672,22.549999237060547,22.709999084472656,2970100.0
2025-10-23,23.010000228881836,23.110000610351562,22.56999969482422,22.81999969482422,3679700.0
2025-10-24,23.125,23.18000030517578,22.719999313354492,22.899999618530273,2887300.0
2025-10-27,23.34000015258789,23.854999542236328,23.280000686645508,23.709999084472656,5063100.0
2025-10-28,23.420000076293945,23.510000228881836,23.0,23.010000228881836,3390500.0
2025-10-29,23.0,23.21500015258789,22.6200008392334,22.90999984741211,4623400.0
2025-10-30,22.290000915527344,22.450000762939453,21.969999313354492,22.170000076293945,4959700.0
2025-10-31,22.260000228881836,22.614999771118164,21.850000381469727,22.31999969482422,4582900.0
2025-11-03,22.56999969482422,23.25,22.40999984741211,23.149999618530273,4538800.0
2025-11-04,22.700000762939453,23.0,22.459999084472656,22.510000228881836,3748600.0
2025-11-05,22.5,22.854999542236328,22.21500015258789,22.450000762939453,3887400.0
2025-11-06,22.75,22.790000915527344,22.200000762939453,22.309999465942383,3266500.0
2025-11-07,21.700000762939453,21.719999313354492,21.0,21.280000686645508,7837700.0
2025-11-10,21.8700008392334,21.90999984741211,21.420000076293945,21.549999237060547,6103700.0
2025-11-11,21.459999084472656,21.549999237060547,20.5,20.75,8730200.0
2025-11-12,19.719999313354492,19.719999313354492,18.03499984741211,19.010000228881836,23766500.0
2025-11-13,19.145000457763672,19.219999313354492,18.60099983215332,18.68000030517578,15259000.0
2025-11-14,18.610000610351562,19.065000534057617,18.565000534057617,18.93000030517578,10480900.0
2025-11-17,19.0,19.450000762939453,18.80500030517578,18.899999618530273,7227900.0
2025-11-18,18.5,18.78499984741211,18.1299991607666,18.700000762939453,8072800.0
2025-11-19,18.719999313354492,18.850000381469727,18.540000915527344,18.729999542236328,4535800.0
2025-11-20,18.700000762939453,18.96500015258789,17.594999313354492,17.68000030517578,8482700.0
2025-11-21,17.6299991607666,18.3700008392334,17.6299991607666,18.149999618530273,8444400.0
2025-11-24,18.3799991607666,18.549999237060547,18.2450008392334,18.450000762939453,6723600.0
2025-11-25,18.81999969482422,18.8799991607666,18.260000228881836,18.420000076293945,5125000.0
2025-11-26,18.350000381469727,18.360000610351562,17.979999542236328,17.989999771118164,5103400.0
2025-11-28,18.15999984741211,18.584999084472656,18.06999969482422,18.450000762939453,3405200.0
2025-12-01,18.450000762939453,18.600000381469727,18.25,18.440000534057617,2877600.0
2025-12-02,18.40999984741211,18.479999542236328,18.139999389648438,18.479999542236328,3343400.0
2025-12-03,18.260000228881836,18.55299949645996,18.260000228881836,18.309999465942383,3477300.0
2025-12-04,18.459999084472656,18.809999465942383,18.389999389648438,18.719999313354492,3384600.0
2025-12-05,18.889999389648438,18.920000076293945,18.549999237060547,18.579999923706055,3366100.0
2025-12-08,18.600000381469727,18.645000457763672,18.420000076293945,18.59000015258789,3372500.0
2025-12-09,18.40999984741211,18.479999542236328,18.014999389648438,18.3799991607666,4073700.0
2025-12-10,18.360000610351562,18.389999389648438,18.131000518798828,18.149999618530273,3793700.0
2025-12-11,17.950000762939453,18.25,17.780000686645508,18.200000762939453,3641600.0
2025-12-12,18.479999542236328,18.610000610351562,18.15999984741211,18.219999313354492,4619600.0
2025-12-15,18.200000762939453,18.2549991607666,17.84000015258789,17.8799991607666,3536800.0
2025-12-16,17.579999923706055,17.780000686645508,17.485000610351562,17.770000457763672,4901100.0
2025-12-17,17.920000076293945,18.020000457763672,17.6200008392334,17.6299991607666,3994300.0
2025-12-18,17.81999969482422,17.969999313354492,17.78499984741211,17.8700008392334,4437600.0
2025-12-19,18.09000015258789,18.114999771118164,17.735000610351562,17.790000915527344,13354800.0
2025-12-22,18.0,18.040000915527344,17.600000381469727,17.739999771118164,3278000.0
2025-12-23,17.81999969482422,17.860000610351562,17.475000381469727,17.579999923706055,3846300.0
2025-12-24,17.645000457763672,17.739999771118164,17.5,17.6200008392334,3133700.0
2025-12-26,17.639999389648438,17.670000076293945,17.44499969482422,17.6200008392334,3843300.0
2025-12-29,17.600000381469727,17.764999389648438,17.5,17.670000076293945,3789800.0
2025-12-30,17.739999771118164,17.937999725341797,17.565000534057617,17.65999984741211,2487500.0
2025-12-31,17.700000762939453,17.75,17.514999389648438,17.530000686645508,1714800.0
2026-01-02,18.0049991607666,18.389999389648438,17.81999969482422,17.860000610351562,5100800.0
2026-01-05,18.110000610351562,18.729999542236328,17.920000076293945,18.479999542236328,5577200.0
2026-01-06,18.5,18.700000762939453,17.53499984741211,17.610000610351562,7592800.0
2026-01-07,17.3799991607666,17.43000030517578,16.600000381469727,16.600000381469727,7915300.0
2026-01-08,16.959999084472656,17.540000915527344,16.820999145507812,17.489999771118164,7273900.0
2026-01-09,17.6200008392334,17.71500015258789,17.165000915527344,17.350000381469727,3366000.0
2026-01-12,17.549999237060547,17.940000534057617,17.415000915527344,17.739999771118164,4427400.0
2026-01-13,17.700000762939453,17.850000381469727,17.530000686645508,17.579999923706055,4563400.0
2026-01-14,17.690000534057617,17.774999618530273,17.239999771118164,17.459999084472656,6473800.0
2026-01-15,17.25,17.3700008392334,16.065000534057617,16.600000381469727,14051900.0
2026-01-16,16.360000610351562,16.65999984741211,16.31999969482422,16.579999923706055,5337500.0
2026-01-20,16.350000381469727,16.399999618530273,16.059999465942383,16.209999084472656,4686200.0
2026-01-21,16.219999313354492,16.260000228881836,15.8100004196167,16.079999923706055,6092000.0
2026-01-22,16.260000228881836,16.3799991607666,15.989999771118164,16.040000915527344,7824000.0
2026-01-23,16.260000228881836,16.9950008392334,16.260000228881836,16.799999237060547,8050200.0
2026-01-26,17.09000015258789,17.290000915527344,16.530000686645508,16.920000076293945,4559700.0
2026-01-27,16.899999618530273,17.06999969482422,16.549999237060547,16.950000762939453,4727500.0
2026-01-28,17.440000534057617,17.770000457763672,17.18000030517578,17.229999542236328,7443500.0
2026-01-29,17.469999313354492,17.59000015258789,16.670000076293945,17.170000076293945,7912900.0
2026-01-30,16.75,17.165000915527344,16.700000762939453,16.780000686645508,10503700.0
2026-02-02,16.59000015258789,16.709999084472656,16.3799991607666,16.549999237060547,3604000.0
2026-02-03,16.450000762939453,16.489999771118164,16.15999984741211,16.399999618530273,3934700.0
2026-02-04,16.34000015258789,16.389999389648438,15.595000267028809,15.84000015258789,6263400.0
2026-02-05,15.850000381469727,15.994999885559082,15.640000343322754,15.930000305175781,8613600.0
2026-02-06,16.049999237060547,16.364999771118164,15.854999542236328,16.34000015258789,6228600.0
2026-02-09,16.149999618530273,16.31999969482422,16.024999618530273,16.270000457763672,7264400.0
2026-02-10,16.600000381469727,17.18000030517578,16.469999313354492,16.8799991607666,5002800.0
2026-02-11,16.81999969482422,16.975000381469727,16.579999923706055,16.940000534057617,5100400.0
2026-02-12,16.670000076293945,16.69499969482422,15.043000221252441,15.149999618530273,9560100.0
2026-02-13,15.100000381469727,15.880000114440918,15.050000190734863,15.850000381469727,9100200.0
2026-02-17,15.800000190734863,15.920000076293945,15.1850004196167,15.329999923706055,3951200.0
2026-02-18,15.420000076293945,15.484999656677246,15.21500015258789,15.289999961853027,2889500.0
2026-02-19,15.289999961853027,15.319999694824219,15.15999984741211,15.229999542236328,2991200.0
2026-02-20,15.0600004196167,15.406999588012695,14.90999984741211,15.199999809265137,7053400.0
2026-02-23,15.220000267028809,15.399999618530273,14.614999771118164,14.710000038146973,5716700.0
2026-02-24,14.5,14.975000381469727,14.21500015258789,14.970000267028809,10368400.0
2026-02-25,14.75,14.765000343322754,14.380000114440918,14.739999771118164,6717900.0
2026-02-26,14.529999732971191,14.789999961853027,14.350000381469727,14.739999771118164,5599300.0
2026-02-27,14.5,14.800000190734863,14.359999656677246,14.600000381469727,4741600.0
2026-03-02,14.25,14.475000381469727,14.079999923706055,14.430000305175781,4170900.0
2026-03-03,14.020000457763672,14.319999694824219,13.779999732971191,14.210000038146973,4128400.0
2026-03-04,14.25,14.260000228881836,14.015000343322754,14.140000343322754,5517500.0
2026-03-05,13.829999923706055,13.84000015258789,13.352999687194824,13.470000267028809,7414600.0
2026-03-06,13.649999618530273,13.819999694824219,13.460000038146973,13.619999885559082,5477000.0
2026-03-09,13.489999771118164,13.75,13.359999656677246,13.729999542236328,4634700.0
2026-03-10,14.130000114440918,14.470000267028809,13.670000076293945,13.960000038146973,10099400.0
2026-03-11,13.880000114440918,13.880000114440918,13.34000015258789,13.350000381469727,3481800.0
2026-03-12,13.399999618530273,13.725000381469727,13.354999542236328,13.680000305175781,6309400.0
2026-03-13,13.920000076293945,14.270000457763672,13.90999984741211,14.1899995803833,6583900.0
2026-03-16,14.510000228881836,15.460000038146973,14.510000228881836,15.09000015258789,13879300.0
2026-03-17,12.8100004196167,13.0,11.329999923706055,11.369999885559082,65406800.0
2026-03-18,11.350000381469727,11.40999984741211,10.140000343322754,10.300000190734863,38166000.0
2026-03-19,10.170000076293945,10.635000228881836,9.859999656677246,10.289999961853027,19319400.0
2026-03-20,10.194999694824219,10.380000114440918,10.020000457763672,10.09000015258789,12925800.0
2026-03-23,10.09000015258789,10.265000343322754,9.869999885559082,9.970000267028809,11982400.0
2026-03-24,9.850000381469727,9.930000305175781,9.524999618530273,9.859999656677246,15911100.0
2026-03-25,9.949999809265137,10.079999923706055,9.640000343322754,9.729999542236328,13121800.0
2026-03-26,9.539999961853027,9.649999618530273,9.359999656677246,9.489999771118164,12762900.0
2026-03-27,9.479999542236328,9.680000305175781,9.399999618530273,9.430000305175781,11148400.0
2026-03-30,9.420000076293945,9.479999542236328,9.220000267028809,9.3100004196167,8653100.0
2026-03-31,9.359999656677246,9.46500015258789,9.149999618530273,9.279999732971191,18961800.0
2026-04-01,9.390000343322754,9.390000343322754,9.100000381469727,9.1899995803833,13138900.0
2026-04-02,8.90999984741211,9.180000305175781,8.779999732971191,9.170000076293945,10307100.0
2026-04-06,9.149999618530273,9.149999618530273,8.979999542236328,9.020000457763672,5697600.0
2026-04-07,9.0,9.125,8.920000076293945,8.989999771118164,5976200.0
2026-04-08,9.359999656677246,9.449999809265137,9.300000190734863,9.390000343322754,11890800.0
2026-04-09,9.229999542236328,9.34000015258789,9.180000305175781,9.289999961853027,5121500.0
2026-04-10,9.380000114440918,9.5,9.319999694824219,9.359999656677246,5913800.0
2026-04-13,9.300000190734863,9.5,9.199999809265137,9.430000305175781,6647700.0
2026-04-14,9.569999694824219,9.9399995803833,9.529999732971191,9.729999542236328,10406900.0
2026-04-15,9.699999809265137,9.960000038146973,9.630000114440918,9.880000114440918,7013300.0
2026-04-16,10.069999694824219,10.199999809265137,10.008999824523926,10.149999618530273,10244500.0
2026-04-17,10.069999694824219,10.25,10.029999732971191,10.079999923706055,11222200.0
2026-04-20,10.0,10.229999542236328,10.0,10.109999656677246,6442700.0
2026-04-21,10.09000015258789,10.125,9.600000381469727,9.619999885559082,9141700.0
2026-04-22,9.630000114440918,9.6899995803833,9.489999771118164,9.579999923706055,8933100.0
2026-04-23,9.5,9.524999618530273,9.1850004196167,9.25,6905600.0
2026-04-24,9.300000190734863,9.375,9.270000457763672,9.34000015258789,6661300.0
2026-04-27,9.270000457763672,9.470000267028809,9.270000457763672,9.359999656677246,8852800.0
2026-04-28,9.15999984741211,9.239999771118164,9.029999732971191,9.1899995803833,5982400.0
2026-04-29,9.25,9.25,9.015000343322754,9.020000457763672,5669700.0
2026-04-30,9.0,9.1899995803833,8.914999961853027,9.170000076293945,10137100.0
2026-05-01,9.1899995803833,9.289999961853027,9.015000343322754,9.100000381469727,4358000.0
2026-05-04,9.119999885559082,9.180000305175781,9.050000190734863,9.140000343322754,8499400.0
2026-05-05,9.199999809265137,9.293999671936035,9.125,9.15999984741211,7657500.0
2026-05-06,9.199999809265137,9.744999885559082,9.15999984741211,9.670000076293945,13181200.0
2026-05-07,9.649999618530273,9.680000305175781,9.239999771118164,9.270000457763672,12444300.0
2026-05-08,9.399999618530273,9.5,9.239999771118164,9.239999771118164,6945600.0
2026-05-11,9.210000038146973,9.460000038146973,9.175000190734863,9.1899995803833,7995000.0
2026-05-12,9.600000381469727,9.90999984741211,8.960000038146973,9.069999694824219,19016600.0
2026-05-13,8.970000267028809,9.079999923706055,8.744999885559082,8.9399995803833,13812800.0
2026-05-14,8.739999771118164,8.84000015258789,8.579999923706055,8.600000381469727,9403100.0
2026-05-15,8.5600004196167,8.65999984741211,8.4350004196167,8.470000267028809,9099000.0
2026-05-18,8.710000038146973,9.100000381469727,8.699999809265137,9.0600004196167,16893800.0
2026-05-19,9.010000228881836,9.305000305175781,8.899999618530273,9.140000343322754,12288100.0
2026-05-20,9.050000190734863,9.260000228881836,8.970000267028809,9.149999618530273,17946300.0
2026-05-21,8.90999984741211,9.225000381469727,8.8100004196167,9.149999618530273,15358100.0
2026-05-22,8.765000343322754,9.005000114440918,8.694999694824219,8.8100004196167,15138000.0
2026-05-26,8.850000381469727,9.305000305175781,8.800000190734863,9.1899995803833,16024500.0
2026-05-27,9.005000114440918,9.34000015258789,8.960000038146973,9.210000038146973,11796800.0
2026-05-28,8.979999542236328,9.154999732971191,8.770000457763672,9.09000015258789,10592800.0
2026-05-29,9.020000457763672,9.270000457763672,9.0,9.220000267028809,13037700.0
2026-06-01,9.1899995803833,9.555000305175781,9.15999984741211,9.5,12286600.0
2026-06-02,9.670000076293945,9.6899995803833,9.430000305175781,9.510000228881836,9797500.0
2026-06-03,9.289999961853027,9.319999694824219,9.0649995803833,9.140000343322754,11587000.0
2026-06-04,9.140000343322754,9.550000190734863,9.130000114440918,9.300000190734863,10549700.0
2026-06-05,9.350000381469727,9.390000343322754,9.0600004196167,9.079999923706055,10658300.0
2026-06-08,9.220000267028809,9.229999542236328,9.0,9.069999694824219,11390800.0
2026-06-09,9.15999984741211,9.265000343322754,8.994999885559082,9.069999694824219,14241300.0
2026-06-10,9.069999694824219,9.430000305175781,9.039999961853027,9.210000038146973,12145000.0
2026-06-11,9.09000015258789,9.385000228881836,9.039999961853027,9.260000228881836,13988800.0
2026-06-12,9.40999984741211,9.420000076293945,9.1899995803833,9.220000267028809,20017300.0
2026-06-15,9.220000267028809,9.380000114440918,9.1899995803833,9.229999542236328,10945400.0
2026-06-16,9.079999923706055,9.180000305175781,8.90999984741211,8.90999984741211,16332900.0
2026-06-17,8.920000076293945,8.930000305175781,8.670000076293945,8.6899995803833,9921900.0
2026-06-18,8.579999923706055,8.800000190734863,8.550000190734863,8.729999542236328,18945300.0
2026-06-22,8.5600004196167,8.600000381469727,8.3100004196167,8.34000015258789,9929900.0
2026-06-23,8.279999732971191,8.369999885559082,8.100000381469727,8.199999809265137,9763000.0
2026-06-24,8.270000457763672,8.359999656677246,8.15999984741211,8.180000305175781,5112900.0
2026-06-25,8.100000381469727,8.210000038146973,8.03499984741211,8.15999984741211,8326300.0
2026-06-26,8.020000457763672,8.460000038146973,7.940000057220459,8.390000343322754,8647400.0
2026-06-29,8.5,8.619999885559082,8.376999855041504,8.449999809265137,5416200.0
2026-06-30,8.34000015258789,8.484999656677246,8.329999923706055,8.350000381469727,5944000.0
2026-07-01,8.369999885559082,8.670000076293945,8.369999885559082,8.65999984741211,9663200.0
2026-07-02,8.640000343322754,8.819999694824219,8.562000274658203,8.630000114440918,6154800.0
2026-07-06,8.8100004196167,9.029999732971191,8.710000038146973,8.770000457763672,5439400.0
2026-07-07,8.699999809265137,8.84000015258789,8.585000038146973,8.619999885559082,4013100.0
2026-07-08,8.890000343322754,8.970000267028809,8.710000038146973,8.819999694824219,6264200.0
2026-07-09,8.670000076293945,8.9350004196167,8.65999984741211,8.850000381469727,4338600.0
2026-07-10,9.0,9.029999732971191,8.859999656677246,8.880000114440918,4434100.0
2026-07-13,8.899999618530273,8.960000038146973,8.8149995803833,8.829999923706055,4704000.0
2026-07-14,8.859999656677246,8.930000305175781,8.720000267028809,8.779999732971191,3532800.0
2026-07-15,8.920000076293945,9.09000015258789,8.84000015258789,8.859999656677246,8224700.0
2026-07-16,9.210000038146973,9.569999694824219,9.204999923706055,9.239999771118164,8346100.0
2026-07-17,9.199999809265137,9.279999732971191,9.050000190734863,9.119999885559082,5544800.0
2026-07-20,9.09000015258789,9.28499984741211,9.010000228881836,9.170000076293945,4238800.0
2026-07-21,9.079999923706055,9.180000305175781,8.899999618530273,8.9399995803833,4398700.0
2026-07-22,8.9399995803833,8.989999771118164,8.75,8.779999732971191,4254300.0
