Date,Open,High,Low,Close,Volume
2018-07-23,29.135000228881836,29.145000457763672,28.959999084472656,28.985000610351562,8299000.0
2018-07-24,29.190000534057617,29.524999618530273,29.190000534057617,29.360000610351562,14233600.0
2018-07-25,29.375,29.6299991607666,29.170000076293945,29.59000015258789,9467200.0
2018-07-26,29.584999084472656,29.815000534057617,29.489999771118164,29.760000228881836,12395400.0
2018-07-27,29.850000381469727,29.875,29.575000762939453,29.649999618530273,11041400.0
2018-07-30,29.68000030517578,29.864999771118164,29.545000076293945,29.594999313354492,6944400.0
2018-07-31,29.65999984741211,29.940000534057617,29.649999618530273,29.864999771118164,10475200.0
2018-08-01,29.799999237060547,29.864999771118164,29.5049991607666,29.559999465942383,12120800.0
2018-08-02,29.315000534057617,29.3799991607666,29.030000686645508,29.364999771118164,18536200.0
2018-08-03,29.46500015258789,29.65999984741211,29.44499969482422,29.645000457763672,10659200.0
2018-08-06,29.415000915527344,29.75,29.31999969482422,29.635000228881836,9262200.0
2018-08-07,29.719999313354492,29.90999984741211,29.704999923706055,29.735000610351562,9514800.0
2018-08-08,29.760000228881836,29.844999313354492,29.594999313354492,29.610000610351562,13012400.0
2018-08-09,29.704999923706055,29.934999465942383,29.704999923706055,29.770000457763672,8488200.0
2018-08-10,29.56999969482422,29.625,29.30500030517578,29.34000015258789,12104600.0
2018-08-13,29.364999771118164,29.485000610351562,28.934999465942383,29.045000076293945,10872200.0
2018-08-14,29.165000915527344,29.44499969482422,29.145000457763672,29.290000915527344,8272000.0
2018-08-15,29.0,29.010000228881836,28.510000228881836,28.825000762939453,16990400.0
2018-08-16,28.934999465942383,29.15999984741211,28.934999465942383,29.0,12689400.0
2018-08-17,28.94499969482422,29.270000457763672,28.934999465942383,29.21500015258789,10518000.0
2018-08-20,29.270000457763672,29.475000381469727,29.270000457763672,29.420000076293945,9683000.0
2018-08-21,29.479999542236328,29.670000076293945,29.43000030517578,29.53499984741211,9916000.0
2018-08-22,29.520000457763672,29.56999969482422,29.350000381469727,29.385000228881836,10865400.0
2018-08-23,29.325000762939453,29.325000762939453,29.104999542236328,29.184999465942383,8884000.0
2018-08-24,29.34000015258789,29.604999542236328,29.309999465942383,29.565000534057617,9903200.0
2018-08-27,29.625,30.065000534057617,29.625,29.969999313354492,11218200.0
2018-08-28,30.014999389648438,30.149999618530273,29.760000228881836,29.854999542236328,7686200.0
2018-08-29,29.860000610351562,30.135000228881836,29.729999542236328,30.079999923706055,8557000.0
2018-08-30,29.940000534057617,30.079999923706055,29.635000228881836,29.725000381469727,11678600.0
2018-08-31,29.68000030517578,29.8700008392334,29.56999969482422,29.635000228881836,8561400.0
2018-09-04,29.55500030517578,29.56999969482422,29.280000686645508,29.43000030517578,11944400.0
2018-09-05,29.405000686645508,29.68000030517578,29.31999969482422,29.625,9280800.0
2018-09-06,29.65999984741211,29.860000610351562,29.479999542236328,29.684999465942383,12008200.0
2018-09-07,29.46500015258789,29.600000381469727,29.295000076293945,29.489999771118164,14598200.0
2018-09-10,29.56999969482422,29.684999465942383,29.510000228881836,29.524999618530273,9543000.0
2018-09-11,29.309999465942383,29.65999984741211,29.204999923706055,29.584999084472656,15498000.0
2018-09-12,29.579999923706055,29.735000610351562,29.46500015258789,29.600000381469727,12482600.0
2018-09-13,29.834999084472656,29.934999465942383,29.700000762939453,29.71500015258789,8205800.0
2018-09-14,29.780000686645508,29.834999084472656,29.6299991607666,29.704999923706055,9707400.0
2018-09-17,29.69499969482422,29.985000610351562,29.69499969482422,29.809999465942383,7766800.0
2018-09-18,29.895000457763672,30.0,29.735000610351562,29.84000015258789,8157000.0
2018-09-19,29.8700008392334,30.290000915527344,29.8700008392334,30.165000915527344,15854400.0
2018-09-20,30.375,30.579999923706055,30.364999771118164,30.489999771118164,11195200.0
2018-09-21,30.469999313354492,30.524999618530273,30.200000762939453,30.280000686645508,16272400.0
2018-09-24,30.18000030517578,30.219999313354492,29.80500030517578,29.854999542236328,9201400.0
2018-09-25,29.924999237060547,29.954999923706055,29.665000915527344,29.700000762939453,10138000.0
2018-09-26,29.55500030517578,29.684999465942383,29.344999313354492,29.405000686645508,17022600.0
2018-09-27,29.385000228881836,29.385000228881836,29.114999771118164,29.149999618530273,12559800.0
2018-09-28,29.065000534057617,29.110000610351562,28.90999984741211,28.96500015258789,10761800.0
2018-10-01,29.125,29.375,29.125,29.2549991607666,8773000.0
2018-10-02,29.274999618530273,29.454999923706055,29.229999542236328,29.3799991607666,7347600.0
2018-10-03,29.479999542236328,29.520000457763672,29.145000457763672,29.170000076293945,7870000.0
2018-10-04,29.15999984741211,29.15999984741211,28.80500030517578,29.03499984741211,11157800.0
2018-10-05,28.979999542236328,29.09000015258789,28.700000762939453,28.81999969482422,10704000.0
2018-10-08,28.704999923706055,28.854999542236328,28.584999084472656,28.80500030517578,12580200.0
2018-10-09,28.43000030517578,28.43000030517578,27.80500030517578,27.850000381469727,22714800.0
2018-10-10,27.864999771118164,27.8799991607666,27.110000610351562,27.1200008392334,26403400.0
2018-10-11,27.100000381469727,27.34000015258789,26.709999084472656,26.80500030517578,36573600.0
2018-10-12,27.235000610351562,27.315000534057617,26.684999465942383,26.8799991607666,21301000.0
2018-10-15,26.875,27.045000076293945,26.780000686645508,26.790000915527344,10256000.0
2018-10-16,26.875,27.280000686645508,26.780000686645508,27.219999313354492,11053000.0
2018-10-17,27.190000534057617,27.25,26.8700008392334,27.045000076293945,17070000.0
2018-10-18,26.920000076293945,27.18000030517578,26.594999313354492,26.739999771118164,15387800.0
2018-10-19,26.674999237060547,26.915000915527344,26.5049991607666,26.549999237060547,14211800.0
2018-10-22,26.665000915527344,26.760000228881836,26.25,26.34000015258789,26653000.0
2018-10-23,25.915000915527344,26.21500015258789,25.514999389648438,26.079999923706055,40403800.0
2018-10-24,25.985000610351562,26.114999771118164,25.200000762939453,25.2549991607666,41268000.0
2018-10-25,25.405000686645508,25.774999618530273,25.3700008392334,25.579999923706055,28511600.0
2018-10-26,25.225000381469727,25.69499969482422,25.045000076293945,25.43000030517578,47958600.0
2018-10-29,25.7549991607666,25.940000534057617,25.110000610351562,25.3700008392334,34825400.0
2018-10-30,25.299999237060547,26.0,25.274999618530273,25.950000762939453,46345200.0
2018-10-31,26.2450008392334,26.475000381469727,26.135000228881836,26.30500030517578,26335400.0
2018-11-01,26.78499984741211,27.110000610351562,26.594999313354492,27.045000076293945,27448600.0
2018-11-02,27.229999542236328,27.30500030517578,26.625,26.979999542236328,26879600.0
2018-11-05,27.0,27.125,26.860000610351562,27.059999465942383,15713600.0
2018-11-06,27.139999389648438,27.530000686645508,27.065000534057617,27.5049991607666,13145200.0
2018-11-07,27.71500015258789,28.014999389648438,27.545000076293945,28.0,13562200.0
2018-11-08,27.844999313354492,28.0049991607666,27.735000610351562,27.8799991607666,12894800.0
2018-11-09,27.71500015258789,27.71500015258789,27.28499984741211,27.489999771118164,18024800.0
2018-11-12,27.454999923706055,27.510000228881836,27.030000686645508,27.084999084472656,20119600.0
2018-11-13,27.145000457763672,27.434999465942383,26.96500015258789,27.0049991607666,19012400.0
2018-11-14,27.165000915527344,27.360000610351562,26.834999084472656,26.975000381469727,19452600.0
2018-11-15,26.885000228881836,27.475000381469727,26.885000228881836,27.344999313354492,24067800.0
2018-11-16,27.260000228881836,27.690000534057617,27.184999465942383,27.6200008392334,17462000.0
2018-11-19,27.559999465942383,27.709999084472656,27.149999618530273,27.225000381469727,24568400.0
2018-11-20,26.96500015258789,27.020000457763672,26.610000610351562,26.729999542236328,22518600.0
2018-11-21,26.81999969482422,27.204999923706055,26.81999969482422,26.94499969482422,14026800.0
2018-11-23,26.69499969482422,26.834999084472656,26.575000762939453,26.655000686645508,6302200.0
2018-11-26,26.885000228881836,27.05500030517578,26.799999237060547,26.959999084472656,10714600.0
2018-11-27,26.7549991607666,26.905000686645508,26.450000762939453,26.6299991607666,11742200.0
2018-11-28,26.700000762939453,27.040000915527344,26.34000015258789,27.040000915527344,17062000.0
2018-11-29,27.03499984741211,27.389999389648438,26.975000381469727,27.235000610351562,14276400.0
2018-11-30,27.045000076293945,27.385000228881836,27.014999389648438,27.30500030517578,12116400.0
2018-12-03,27.8700008392334,28.06999969482422,27.489999771118164,27.78499984741211,17150200.0
2018-12-04,27.75,27.80500030517578,26.915000915527344,26.959999084472656,18091600.0
2018-12-06,26.510000228881836,26.594999313354492,25.940000534057617,26.594999313354492,26450600.0
2018-12-07,26.56999969482422,27.0,25.8700008392334,25.954999923706055,28052600.0
2018-12-10,25.96500015258789,26.135000228881836,25.55500030517578,26.024999618530273,23329800.0
2018-12-11,26.485000610351562,26.635000228881836,25.834999084472656,25.940000534057617,20142200.0
2018-12-12,26.325000762939453,26.469999313354492,26.149999618530273,26.165000915527344,14902000.0
2018-12-13,26.2450008392334,26.329999923706055,25.764999389648438,25.860000610351562,29257200.0
2018-12-14,25.65999984741211,25.920000076293945,25.565000534057617,25.65999984741211,15958800.0
2018-12-17,25.69499969482422,25.8700008392334,25.05500030517578,25.219999313354492,30503200.0
2018-12-18,25.40999984741211,25.670000076293945,25.204999923706055,25.360000610351562,23365800.0
2018-12-19,25.399999618530273,25.895000457763672,24.899999618530273,25.014999389648438,39400800.0
2018-12-20,24.94499969482422,25.184999465942383,24.43000030517578,24.68000030517578,46346200.0
2018-12-21,24.655000686645508,25.059999465942383,24.274999618530273,24.299999237060547,41112200.0
2018-12-24,24.139999389648438,24.329999923706055,23.655000686645508,23.670000076293945,22656400.0
2018-12-26,23.780000686645508,24.739999771118164,23.524999618530273,24.729999542236328,34232200.0
2018-12-27,24.424999237060547,25.19499969482422,24.31999969482422,25.184999465942383,29847200.0
2018-12-28,25.31999969482422,25.454999923706055,24.954999923706055,25.049999237060547,18906000.0
2018-12-31,25.135000228881836,25.30500030517578,24.979999542236328,25.260000228881836,15596000.0
2019-01-02,24.889999389648438,25.485000610351562,24.75,25.389999389648438,18192600.0
2019-01-03,25.2549991607666,25.2549991607666,24.6200008392334,24.670000076293945,19668000.0
2019-01-04,25.06999969482422,25.739999771118164,25.030000686645508,25.639999389648438,17901200.0
2019-01-07,25.649999618530273,26.03499984741211,25.479999542236328,25.729999542236328,14936600.0
2019-01-08,25.854999542236328,26.040000915527344,25.709999084472656,26.0,20657200.0
2019-01-09,26.065000534057617,26.110000610351562,25.764999389648438,26.010000228881836,16250400.0
2019-01-10,25.825000762939453,26.2549991607666,25.799999237060547,26.239999771118164,16942800.0
2019-01-11,26.104999542236328,26.200000762939453,25.96500015258789,26.135000228881836,12372400.0
2019-01-14,25.905000686645508,26.075000762939453,25.774999618530273,25.934999465942383,23006400.0
2019-01-15,25.770000457763672,25.93000030517578,25.604999542236328,25.764999389648438,15094200.0
2019-01-16,25.770000457763672,26.0,25.729999542236328,25.864999771118164,27437400.0
2019-01-17,25.725000381469727,26.3799991607666,25.725000381469727,26.31999969482422,20411000.0
2019-01-18,26.540000915527344,26.8799991607666,26.46500015258789,26.7549991607666,17514800.0
2019-01-22,26.6299991607666,26.674999237060547,26.229999542236328,26.385000228881836,14866800.0
2019-01-23,26.424999237060547,26.4950008392334,25.954999923706055,26.204999923706055,11410000.0
2019-01-24,26.059999465942383,26.225000381469727,25.950000762939453,26.065000534057617,10499400.0
2019-01-25,26.46500015258789,26.704999923706055,26.354999542236328,26.559999465942383,9834000.0
2019-01-28,26.3700008392334,26.540000915527344,26.290000915527344,26.520000457763672,11943600.0
2019-01-29,26.584999084472656,26.8700008392334,26.584999084472656,26.795000076293945,16446000.0
2019-01-30,26.905000686645508,27.295000076293945,26.795000076293945,27.079999923706055,14146600.0
2019-01-31,26.5,26.790000915527344,26.21500015258789,26.674999237060547,24950600.0
2019-02-01,26.65999984741211,26.81999969482422,26.540000915527344,26.7549991607666,11079000.0
2019-02-04,26.704999923706055,26.735000610351562,26.530000686645508,26.709999084472656,7115600.0
2019-02-05,26.770000457763672,26.969999313354492,26.7549991607666,26.905000686645508,8857800.0
2019-02-06,26.774999618530273,26.8799991607666,26.69499969482422,26.7450008392334,9909800.0
2019-02-07,26.575000762939453,26.625,26.15999984741211,26.375,12736000.0
2019-02-08,26.229999542236328,26.354999542236328,26.014999389648438,26.350000381469727,9042800.0
2019-02-11,26.44499969482422,26.479999542236328,26.264999389648438,26.389999389648438,8316600.0
2019-02-12,26.635000228881836,27.014999389648438,26.559999465942383,26.979999542236328,20139600.0
2019-02-13,27.1299991607666,27.209999084472656,27.0049991607666,27.014999389648438,14694200.0
2019-02-14,26.889999389648438,27.06999969482422,26.799999237060547,26.875,9770000.0
2019-02-15,27.170000076293945,27.309999465942383,27.040000915527344,27.239999771118164,15294400.0
2019-02-19,27.139999389648438,27.540000915527344,27.114999771118164,27.40999984741211,24529000.0
2019-02-20,27.459999084472656,28.049999237060547,27.420000076293945,27.8799991607666,22618000.0
2019-02-21,27.915000915527344,27.979999542236328,27.655000686645508,27.770000457763672,17103800.0
2019-02-22,27.90999984741211,27.975000381469727,27.790000915527344,27.889999389648438,9581600.0
2019-02-25,28.0049991607666,28.149999618530273,27.94499969482422,28.06999969482422,12375800.0
2019-02-26,28.0049991607666,28.09000015258789,27.899999618530273,27.90999984741211,12384600.0
2019-02-27,27.850000381469727,27.950000762939453,27.684999465942383,27.864999771118164,9262400.0
2019-02-28,27.834999084472656,27.860000610351562,27.46500015258789,27.524999618530273,17525000.0
2019-03-01,27.725000381469727,27.8700008392334,27.395000457763672,27.489999771118164,19683000.0
2019-03-04,27.549999237060547,27.729999542236328,27.19499969482422,27.614999771118164,15920800.0
2019-03-05,27.55500030517578,27.625,27.454999923706055,27.485000610351562,10463400.0
2019-03-06,27.565000534057617,27.739999771118164,27.5049991607666,27.545000076293945,9231000.0
2019-03-07,27.485000610351562,27.489999771118164,27.114999771118164,27.31999969482422,23923800.0
2019-03-08,27.174999237060547,27.385000228881836,27.030000686645508,27.364999771118164,14289200.0
2019-03-11,27.479999542236328,27.764999389648438,27.440000534057617,27.7549991607666,13715400.0
2019-03-12,27.795000076293945,28.020000457763672,27.795000076293945,27.860000610351562,14432200.0
2019-03-13,28.014999389648438,28.170000076293945,27.940000534057617,27.9950008392334,11036800.0
2019-03-14,27.915000915527344,27.975000381469727,27.719999313354492,27.78499984741211,10079600.0
2019-03-15,27.780000686645508,27.915000915527344,27.594999313354492,27.700000762939453,14518000.0
2019-03-18,27.719999313354492,27.80500030517578,27.55500030517578,27.764999389648438,8691000.0
2019-03-19,27.899999618530273,28.075000762939453,27.604999542236328,27.729999542236328,10542600.0
2019-03-20,27.71500015258789,27.850000381469727,27.440000534057617,27.704999923706055,22470000.0
2019-03-21,27.610000610351562,28.104999542236328,27.579999923706055,28.0,15919400.0
2019-03-22,27.7549991607666,27.760000228881836,27.114999771118164,27.165000915527344,18247400.0
2019-03-25,27.149999618530273,27.360000610351562,27.06999969482422,27.114999771118164,13125400.0
2019-03-26,27.295000076293945,27.364999771118164,27.084999084472656,27.280000686645508,11799600.0
2019-03-27,27.209999084472656,27.344999313354492,27.049999237060547,27.2450008392334,19565200.0
2019-03-28,27.28499984741211,27.524999618530273,27.274999618530273,27.510000228881836,9741600.0
2019-03-29,27.540000915527344,27.760000228881836,27.415000915527344,27.75,12654600.0
2019-04-01,27.94499969482422,28.204999923706055,27.90999984741211,28.165000915527344,12908600.0
2019-04-02,28.235000610351562,28.3799991607666,28.1200008392334,28.260000228881836,14224600.0
2019-04-03,28.489999771118164,28.809999465942383,28.405000686645508,28.6299991607666,34729000.0
2019-04-04,28.649999618530273,28.93000030517578,28.635000228881836,28.920000076293945,12205600.0
2019-04-05,28.924999237060547,29.024999618530273,28.825000762939453,28.90999984741211,7337200.0
2019-04-08,28.889999389648438,28.950000762939453,28.770000457763672,28.920000076293945,13149400.0
2019-04-09,28.799999237060547,28.84000015258789,28.625,28.709999084472656,12221600.0
2019-04-10,28.735000610351562,28.790000915527344,28.584999084472656,28.69499969482422,7594800.0
2019-04-11,28.684999465942383,28.78499984741211,28.600000381469727,28.68000030517578,6989200.0
2019-04-12,28.915000915527344,29.059999465942383,28.825000762939453,29.059999465942383,7217400.0
2019-04-15,29.059999465942383,29.079999923706055,28.875,28.924999237060547,5410200.0
2019-04-16,28.895000457763672,29.059999465942383,28.760000228881836,29.05500030517578,7475000.0
2019-04-17,29.114999771118164,29.25,28.864999771118164,28.875,6740400.0
2019-04-18,28.899999618530273,28.985000610351562,28.760000228881836,28.90999984741211,7268800.0
2019-04-22,28.799999237060547,28.895000457763672,28.674999237060547,28.71500015258789,11976200.0
2019-04-23,28.670000076293945,28.934999465942383,28.600000381469727,28.844999313354492,15290400.0
2019-04-24,28.815000534057617,28.905000686645508,28.665000915527344,28.665000915527344,7616400.0
2019-04-25,28.53499984741211,28.575000762939453,28.209999084472656,28.299999237060547,10360200.0
2019-04-26,28.299999237060547,28.610000610351562,28.2450008392334,28.53499984741211,9900200.0
2019-04-29,28.459999084472656,28.559999465942383,28.375,28.479999542236328,12113000.0
2019-04-30,28.55500030517578,28.760000228881836,28.40999984741211,28.725000381469727,6798400.0
2019-05-01,28.764999389648438,28.764999389648438,28.200000762939453,28.204999923706055,13101800.0
2019-05-02,28.06999969482422,28.219999313354492,27.864999771118164,28.059999465942383,21946200.0
2019-05-03,28.114999771118164,28.350000381469727,28.09000015258789,28.334999084472656,12066800.0
2019-05-06,27.65999984741211,28.040000915527344,27.65999984741211,27.93000030517578,31202200.0
2019-05-07,27.665000915527344,27.71500015258789,27.295000076293945,27.440000534057617,19502000.0
2019-05-08,27.420000076293945,27.545000076293945,27.299999237060547,27.415000915527344,12319400.0
2019-05-09,27.104999542236328,27.30500030517578,26.889999389648438,27.200000762939453,13428800.0
2019-05-10,27.149999618530273,27.670000076293945,27.03499984741211,27.56999969482422,12945800.0
2019-05-13,27.059999465942383,27.549999237060547,26.7450008392334,26.950000762939453,14097600.0
2019-05-14,27.045000076293945,27.385000228881836,26.975000381469727,27.18000030517578,12203800.0
2019-05-15,27.0,27.30500030517578,26.885000228881836,27.110000610351562,10524400.0
2019-05-16,27.315000534057617,27.579999923706055,27.315000534057617,27.489999771118164,9810600.0
2019-05-17,27.280000686645508,27.520000457763672,27.204999923706055,27.325000762939453,12166600.0
2019-05-20,27.079999923706055,27.190000534057617,26.889999389648438,26.934999465942383,10032600.0
2019-05-21,27.1299991607666,27.389999389648438,27.09000015258789,27.350000381469727,8743200.0
2019-05-22,27.299999237060547,27.399999618530273,27.15999984741211,27.15999984741211,10617000.0
2019-05-23,26.8700008392334,26.959999084472656,26.625,26.7450008392334,9845400.0
2019-05-24,27.014999389648438,27.094999313354492,26.75,26.895000457763672,8180800.0
2019-05-28,26.889999389648438,26.975000381469727,26.604999542236328,26.625,9652200.0
2019-05-29,26.420000076293945,26.670000076293945,26.350000381469727,26.6299991607666,17477600.0
2019-05-30,26.639999389648438,26.795000076293945,26.604999542236328,26.674999237060547,8950200.0
2019-05-31,26.360000610351562,26.489999771118164,26.260000228881836,26.375,11983600.0
2019-06-03,26.450000762939453,27.21500015258789,26.375,27.204999923706055,26310800.0
2019-06-04,27.5,28.024999618530273,27.34000015258789,27.969999313354492,35555800.0
2019-06-05,28.145000457763672,28.239999771118164,27.7549991607666,28.174999237060547,39408000.0
2019-06-06,28.315000534057617,28.604999542236328,28.21500015258789,28.510000228881836,39823200.0
2019-06-07,28.69499969482422,28.8700008392334,28.635000228881836,28.764999389648438,46422200.0
2019-06-10,28.94499969482422,28.985000610351562,28.790000915527344,28.815000534057617,28725200.0
2019-06-11,28.96500015258789,29.075000762939453,28.7450008392334,28.795000076293945,15737400.0
2019-06-12,28.809999465942383,28.93000030517578,28.774999618530273,28.889999389648438,7100800.0
2019-06-13,28.9950008392334,29.094999313354492,28.959999084472656,29.059999465942383,14784200.0
2019-06-14,29.0,29.030000686645508,28.834999084472656,28.934999465942383,7875400.0
2019-06-17,28.889999389648438,28.90999984741211,28.6299991607666,28.670000076293945,15014000.0
2019-06-18,28.825000762939453,29.094999313354492,28.795000076293945,28.895000457763672,13775600.0
2019-06-19,28.895000457763672,28.905000686645508,28.584999084472656,28.735000610351562,14332800.0
2019-06-20,29.100000381469727,29.18000030517578,28.850000381469727,29.100000381469727,13487600.0
2019-06-21,28.90999984741211,28.959999084472656,28.80500030517578,28.834999084472656,11652000.0
2019-06-24,28.844999313354492,29.0049991607666,28.719999313354492,28.94499969482422,9203400.0
2019-06-25,28.979999542236328,29.075000762939453,28.864999771118164,28.959999084472656,11431800.0
2019-06-26,28.94499969482422,29.03499984741211,28.8700008392334,28.90999984741211,8369600.0
2019-06-27,28.954999923706055,29.05500030517578,28.934999465942383,29.0049991607666,6878000.0
2019-06-28,29.049999237060547,29.290000915527344,29.020000457763672,29.25,10017000.0
2019-07-01,29.46500015258789,29.479999542236328,29.229999542236328,29.475000381469727,11940200.0
2019-07-02,29.475000381469727,29.475000381469727,29.2549991607666,29.44499969482422,12640200.0
2019-07-03,29.424999237060547,29.594999313354492,29.3700008392334,29.594999313354492,4951600.0
2019-07-05,29.309999465942383,29.459999084472656,29.170000076293945,29.459999084472656,7620200.0
2019-07-08,29.34000015258789,29.405000686645508,29.06999969482422,29.1200008392334,19583600.0
2019-07-09,29.014999389648438,29.05500030517578,28.770000457763672,28.834999084472656,10388200.0
2019-07-10,29.0049991607666,29.06999969482422,28.739999771118164,28.774999618530273,14628200.0
2019-07-11,28.75,28.905000686645508,28.635000228881836,28.899999618530273,22183000.0
2019-07-12,28.979999542236328,29.19499969482422,28.96500015258789,29.184999465942383,8810000.0
2019-07-15,29.170000076293945,29.225000381469727,29.075000762939453,29.204999923706055,9076600.0
2019-07-16,29.225000381469727,29.530000686645508,29.19499969482422,29.274999618530273,9052000.0
2019-07-17,29.280000686645508,29.31999969482422,29.010000228881836,29.014999389648438,14334800.0
2019-07-18,28.915000915527344,29.165000915527344,28.8799991607666,29.139999389648438,7545600.0
2019-07-19,29.114999771118164,29.354999542236328,29.114999771118164,29.204999923706055,7622400.0
2019-07-22,29.270000457763672,29.309999465942383,29.084999084472656,29.1299991607666,5828600.0
2019-07-23,29.264999389648438,29.729999542236328,29.264999389648438,29.729999542236328,8403400.0
2019-07-24,29.639999389648438,29.764999389648438,29.56999969482422,29.709999084472656,7529800.0
2019-07-25,29.610000610351562,29.610000610351562,29.190000534057617,29.4950008392334,12271000.0
2019-07-26,29.420000076293945,29.540000915527344,29.225000381469727,29.530000686645508,15275400.0
2019-07-29,29.434999465942383,29.489999771118164,29.334999084472656,29.43000030517578,5783200.0
2019-07-30,29.209999084472656,29.645000457763672,29.165000915527344,29.625,8028400.0
2019-07-31,29.540000915527344,29.68000030517578,28.905000686645508,29.170000076293945,16205400.0
2019-08-01,29.135000228881836,29.579999923706055,28.875,29.0049991607666,19565800.0
2019-08-02,28.850000381469727,28.885000228881836,28.46500015258789,28.665000915527344,14996000.0
2019-08-05,28.415000915527344,28.514999389648438,27.93000030517578,28.125,20582200.0
2019-08-06,28.2450008392334,28.25,27.81999969482422,28.15999984741211,22989200.0
2019-08-07,27.920000076293945,28.59000015258789,27.895000457763672,28.549999237060547,46538800.0
2019-08-08,28.69499969482422,29.104999542236328,28.69499969482422,29.094999313354492,11470200.0
2019-08-09,28.979999542236328,29.024999618530273,28.709999084472656,28.864999771118164,9249200.0
2019-08-12,28.825000762939453,28.854999542236328,28.360000610351562,28.415000915527344,45067400.0
2019-08-13,28.440000534057617,29.075000762939453,28.274999618530273,28.719999313354492,14111200.0
2019-08-14,28.299999237060547,28.420000076293945,27.78499984741211,27.809999465942383,18258600.0
2019-08-15,27.96500015258789,27.969999313354492,27.6200008392334,27.81999969482422,17831000.0
2019-08-16,27.940000534057617,28.375,27.905000686645508,28.309999465942383,11667600.0
2019-08-19,28.559999465942383,28.639999389648438,28.489999771118164,28.53499984741211,6656000.0
2019-08-20,28.415000915527344,28.44499969482422,28.18000030517578,28.200000762939453,9478000.0
2019-08-21,28.389999389648438,28.454999923706055,28.200000762939453,28.344999313354492,6404600.0
2019-08-22,28.399999618530273,28.530000686645508,28.09000015258789,28.155000686645508,5214800.0
2019-08-23,28.030000686645508,28.149999618530273,27.34000015258789,27.475000381469727,18181200.0
2019-08-26,27.700000762939453,27.739999771118164,27.434999465942383,27.565000534057617,14902600.0
2019-08-27,27.670000076293945,27.84000015258789,27.514999389648438,27.584999084472656,11189800.0
2019-08-28,27.4950008392334,27.860000610351562,27.415000915527344,27.799999237060547,7545000.0
2019-08-29,28.145000457763672,28.280000686645508,28.104999542236328,28.155000686645508,8186800.0
2019-08-30,28.3799991607666,28.489999771118164,28.2549991607666,28.344999313354492,10142600.0
2019-09-03,28.125,28.184999465942383,27.93000030517578,28.1200008392334,11615800.0
2019-09-04,28.3700008392334,28.485000610351562,28.280000686645508,28.46500015258789,11884000.0
2019-09-05,28.670000076293945,28.774999618530273,28.485000610351562,28.510000228881836,11648200.0
2019-09-06,28.565000534057617,28.69499969482422,28.44499969482422,28.6200008392334,7904600.0
2019-09-09,28.68000030517578,28.69499969482422,28.415000915527344,28.469999313354492,13704000.0
2019-09-10,28.44499969482422,28.7549991607666,28.395000457763672,28.75,9959000.0
2019-09-11,28.815000534057617,29.040000915527344,28.6200008392334,29.024999618530273,10816000.0
2019-09-12,29.225000381469727,29.3700008392334,29.030000686645508,29.25,21448400.0
2019-09-13,29.434999465942383,29.65999984741211,29.405000686645508,29.56999969482422,10948000.0
2019-09-16,29.479999542236328,29.59000015258789,29.05500030517578,29.084999084472656,9467600.0
2019-09-17,29.06999969482422,29.3799991607666,28.979999542236328,29.31999969482422,8162200.0
2019-09-18,29.329999923706055,29.3799991607666,29.06999969482422,29.334999084472656,8159200.0
2019-09-19,29.405000686645508,29.55500030517578,29.329999923706055,29.385000228881836,6528200.0
2019-09-20,29.344999313354492,29.399999618530273,29.040000915527344,29.170000076293945,10378400.0
2019-09-23,28.969999313354492,29.190000534057617,28.96500015258789,29.100000381469727,6141600.0
2019-09-24,29.15999984741211,29.225000381469727,28.760000228881836,28.850000381469727,18071400.0
2019-09-25,28.850000381469727,29.05500030517578,28.725000381469727,29.0,9181000.0
2019-09-26,29.03499984741211,29.049999237060547,28.80500030517578,28.934999465942383,8078000.0
2019-09-27,28.979999542236328,29.104999542236328,28.739999771118164,28.854999542236328,12372200.0
2019-09-30,28.8700008392334,29.155000686645508,28.864999771118164,29.100000381469727,7754200.0
2019-10-01,29.145000457763672,29.2450008392334,28.40999984741211,28.415000915527344,14609000.0
2019-10-02,28.149999618530273,28.190000534057617,27.639999389648438,27.905000686645508,23360800.0
2019-10-03,27.834999084472656,28.010000228881836,27.549999237060547,28.0049991607666,16530000.0
2019-10-04,28.024999618530273,28.219999313354492,28.0,28.155000686645508,12585800.0
2019-10-07,28.079999923706055,28.344999313354492,27.969999313354492,28.05500030517578,17257200.0
2019-10-08,27.854999542236328,27.875,27.55500030517578,27.565000534057617,15613800.0
2019-10-09,27.834999084472656,27.975000381469727,27.68000030517578,27.875,17766400.0
2019-10-10,27.96500015258789,28.264999389648438,27.889999389648438,28.1299991607666,13538800.0
2019-10-11,28.46500015258789,28.940000534057617,28.43000030517578,28.674999237060547,20600800.0
2019-10-14,28.575000762939453,28.649999618530273,28.454999923706055,28.469999313354492,9404600.0
2019-10-15,28.614999771118164,28.809999465942383,28.520000457763672,28.670000076293945,9787600.0
2019-10-16,28.674999237060547,28.940000534057617,28.655000686645508,28.729999542236328,7689200.0
2019-10-17,28.8700008392334,29.024999618530273,28.7549991607666,28.80500030517578,6221000.0
2019-10-18,28.729999542236328,28.8799991607666,28.639999389648438,28.7549991607666,6164200.0
2019-10-21,28.885000228881836,28.975000381469727,28.665000915527344,28.665000915527344,5849800.0
2019-10-22,28.645000457763672,28.739999771118164,28.420000076293945,28.545000076293945,8107000.0
2019-10-23,28.649999618530273,28.850000381469727,28.6200008392334,28.725000381469727,7993000.0
2019-10-24,28.834999084472656,28.9950008392334,28.65999984741211,28.815000534057617,9324600.0
2019-10-25,28.81999969482422,29.200000762939453,28.790000915527344,29.1299991607666,8075000.0
2019-10-28,29.2450008392334,29.3700008392334,29.125,29.219999313354492,6809000.0
2019-10-29,29.09000015258789,29.53499984741211,29.024999618530273,29.399999618530273,8291000.0
2019-10-30,29.309999465942383,29.469999313354492,29.170000076293945,29.424999237060547,12694400.0
2019-10-31,29.389999389648438,29.450000762939453,28.934999465942383,29.094999313354492,14273400.0
2019-11-01,29.2450008392334,29.5049991607666,29.21500015258789,29.5049991607666,9332600.0
2019-11-04,29.725000381469727,29.795000076293945,29.579999923706055,29.735000610351562,6178600.0
2019-11-05,29.725000381469727,29.950000762939453,29.670000076293945,29.78499984741211,7481000.0
2019-11-06,29.760000228881836,29.844999313354492,29.655000686645508,29.764999389648438,7988600.0
2019-11-07,29.93000030517578,29.9950008392334,29.850000381469727,29.96500015258789,8387800.0
2019-11-08,29.899999618530273,30.09000015258789,29.875,30.084999084472656,5760200.0
2019-11-11,29.924999237060547,30.075000762939453,29.8700008392334,30.040000915527344,8242600.0
2019-11-12,30.135000228881836,30.299999237060547,30.040000915527344,30.19499969482422,9920600.0
2019-11-13,30.06999969482422,30.18000030517578,29.96500015258789,30.020000457763672,10682000.0
2019-11-14,29.950000762939453,30.229999542236328,29.934999465942383,30.204999923706055,7162400.0
2019-11-15,30.354999542236328,30.405000686645508,30.100000381469727,30.18000030517578,6821800.0
2019-11-18,30.05500030517578,30.19499969482422,30.020000457763672,30.104999542236328,5833200.0
2019-11-19,30.235000610351562,30.235000610351562,29.940000534057617,30.040000915527344,7262400.0
2019-11-20,29.924999237060547,29.979999542236328,29.6299991607666,29.665000915527344,11225400.0
2019-11-21,29.655000686645508,29.700000762939453,29.540000915527344,29.614999771118164,6347200.0
2019-11-22,29.684999465942383,29.795000076293945,29.6299991607666,29.665000915527344,5749400.0
2019-11-25,29.764999389648438,29.8700008392334,29.725000381469727,29.860000610351562,6228600.0
2019-11-26,29.84000015258789,30.045000076293945,29.770000457763672,30.010000228881836,7871200.0
2019-11-27,30.065000534057617,30.155000686645508,29.905000686645508,30.1299991607666,10083000.0
2019-11-29,30.024999618530273,30.114999771118164,29.920000076293945,30.020000457763672,7067200.0
2019-12-02,29.969999313354492,30.024999618530273,29.719999313354492,29.719999313354492,13946400.0
2019-12-03,29.459999084472656,29.565000534057617,29.309999465942383,29.530000686645508,17312600.0
2019-12-04,29.725000381469727,29.924999237060547,29.530000686645508,29.594999313354492,11218600.0
2019-12-05,29.645000457763672,29.764999389648438,29.4950008392334,29.7450008392334,10409200.0
2019-12-06,29.989999771118164,30.100000381469727,29.915000915527344,30.049999237060547,13194400.0
2019-12-09,30.079999923706055,30.155000686645508,29.950000762939453,29.989999771118164,5500400.0
2019-12-10,29.940000534057617,29.985000610351562,29.7549991607666,29.809999465942383,7099600.0
2019-12-11,29.950000762939453,30.065000534057617,29.889999389648438,30.03499984741211,6985400.0
2019-12-12,30.06999969482422,30.4950008392334,30.0,30.454999923706055,14450800.0
2019-12-13,30.4950008392334,30.6200008392334,30.209999084472656,30.219999313354492,10166800.0
2019-12-16,30.4950008392334,30.524999618530273,30.31999969482422,30.350000381469727,17986000.0
2019-12-17,30.399999618530273,30.530000686645508,30.295000076293945,30.395000457763672,10051600.0
2019-12-18,30.424999237060547,30.424999237060547,30.125,30.354999542236328,7347400.0
2019-12-19,30.3799991607666,30.5049991607666,30.350000381469727,30.459999084472656,6191200.0
2019-12-20,30.30500030517578,30.485000610351562,30.30500030517578,30.440000534057617,8337800.0
2019-12-23,30.424999237060547,30.549999237060547,30.350000381469727,30.524999618530273,6288000.0
2019-12-24,30.540000915527344,30.6299991607666,30.489999771118164,30.559999465942383,2901400.0
2019-12-26,30.625,30.69499969482422,30.520000457763672,30.69499969482422,5604800.0
2019-12-27,30.80500030517578,30.80500030517578,30.565000534057617,30.579999923706055,13605400.0
2019-12-30,30.645000457763672,30.649999618530273,30.450000762939453,30.485000610351562,6015400.0
2019-12-31,30.479999542236328,30.739999771118164,30.434999465942383,30.709999084472656,5390000.0
2020-01-02,30.915000915527344,30.969999313354492,30.315000534057617,30.350000381469727,14714800.0
2020-01-03,30.040000915527344,30.219999313354492,29.850000381469727,29.860000610351562,24846400.0
2020-01-06,29.774999618530273,29.915000915527344,29.704999923706055,29.729999542236328,31528800.0
2020-01-07,29.68000030517578,29.899999618530273,29.600000381469727,29.69499969482422,40533800.0
2020-01-08,29.700000762939453,29.920000076293945,29.600000381469727,29.799999237060547,16159200.0
2020-01-09,29.895000457763672,29.96500015258789,29.815000534057617,29.90999984741211,7572400.0
2020-01-10,29.979999542236328,30.05500030517578,29.739999771118164,29.790000915527344,11274800.0
2020-01-13,29.815000534057617,30.184999465942383,29.78499984741211,30.174999237060547,8818600.0
2020-01-14,30.145000457763672,30.235000610351562,29.985000610351562,30.049999237060547,11010200.0
2020-01-15,30.045000076293945,30.395000457763672,30.040000915527344,30.2549991607666,7797000.0
2020-01-16,30.360000610351562,30.485000610351562,30.260000228881836,30.434999465942383,18799800.0
2020-01-17,30.469999313354492,30.575000762939453,30.389999389648438,30.56999969482422,10894400.0
2020-01-21,30.360000610351562,30.415000915527344,30.19499969482422,30.239999771118164,7614800.0
2020-01-22,30.30500030517578,30.329999923706055,30.104999542236328,30.1200008392334,5475000.0
2020-01-23,29.8799991607666,30.114999771118164,29.665000915527344,30.084999084472656,6925200.0
2020-01-24,30.1299991607666,30.145000457763672,29.7450008392334,29.8700008392334,10493400.0
2020-01-27,29.34000015258789,29.434999465942383,29.225000381469727,29.225000381469727,13869200.0
2020-01-28,29.3700008392334,29.649999618530273,29.30500030517578,29.55500030517578,8982200.0
2020-01-29,29.655000686645508,29.815000534057617,29.635000228881836,29.649999618530273,7138400.0
2020-01-30,29.260000228881836,29.5049991607666,29.06999969482422,29.46500015258789,17398200.0
2020-01-31,29.19499969482422,29.21500015258789,28.719999313354492,28.815000534057617,22041400.0
2020-02-03,28.924999237060547,29.549999237060547,28.899999618530273,29.420000076293945,24321200.0
2020-02-04,29.780000686645508,30.100000381469727,29.65999984741211,29.940000534057617,27190200.0
2020-02-05,30.200000762939453,30.549999237060547,29.985000610351562,30.4950008392334,34300800.0
2020-02-06,30.645000457763672,30.645000457763672,30.3700008392334,30.479999542236328,24751800.0
2020-02-07,30.290000915527344,30.290000915527344,29.940000534057617,30.045000076293945,15666600.0
2020-02-10,30.0,30.110000610351562,29.934999465942383,30.030000686645508,9051200.0
2020-02-11,30.190000534057617,30.469999313354492,30.174999237060547,30.19499969482422,8116800.0
2020-02-12,30.399999618530273,30.420000076293945,30.260000228881836,30.360000610351562,6487000.0
2020-02-13,30.31999969482422,30.440000534057617,30.170000076293945,30.25,8235600.0
2020-02-14,30.260000228881836,30.3700008392334,30.174999237060547,30.2549991607666,7255000.0
2020-02-18,30.209999084472656,30.28499984741211,30.040000915527344,30.18000030517578,9416200.0
2020-02-19,30.25,30.375,30.229999542236328,30.260000228881836,13654800.0
2020-02-20,30.149999618530273,30.514999389648438,30.09000015258789,30.309999465942383,10361200.0
2020-02-21,30.184999465942383,30.280000686645508,30.100000381469727,30.170000076293945,13041000.0
2020-02-24,29.405000686645508,29.540000915527344,29.184999465942383,29.31999969482422,18589800.0
2020-02-25,29.325000762939453,29.350000381469727,27.979999542236328,28.05500030517578,40124000.0
2020-02-26,28.204999923706055,28.579999923706055,27.915000915527344,27.959999084472656,28607200.0
2020-02-27,27.5,27.81999969482422,26.649999618530273,26.649999618530273,41394400.0
2020-02-28,25.80500030517578,26.405000686645508,25.575000762939453,26.360000610351562,61483400.0
2020-03-02,26.610000610351562,27.4950008392334,26.315000534057617,27.489999771118164,33634600.0
2020-03-03,27.579999923706055,28.06999969482422,26.885000228881836,27.25,56780400.0
2020-03-04,27.729999542236328,28.395000457763672,27.344999313354492,28.3799991607666,28159600.0
2020-03-05,27.559999465942383,27.8700008392334,27.309999465942383,27.479999542236328,28354600.0
2020-03-06,26.764999389648438,26.989999771118164,26.2450008392334,26.764999389648438,37882200.0
2020-03-09,24.84000015258789,25.764999389648438,24.18000030517578,24.260000228881836,28490000.0
2020-03-10,25.170000076293945,25.280000686645508,24.020000457763672,25.2450008392334,33436000.0
2020-03-11,24.524999618530273,24.594999313354492,23.709999084472656,24.045000076293945,29909600.0
2020-03-12,22.28499984741211,23.2549991607666,21.184999465942383,21.729999542236328,30731600.0
2020-03-13,23.135000228881836,23.270000457763672,21.600000381469727,23.2549991607666,24228000.0
2020-03-16,18.844999313354492,21.614999771118164,18.844999313354492,20.69499969482422,28854200.0
2020-03-17,21.014999389648438,22.200000762939453,20.415000915527344,21.975000381469727,22089800.0
2020-03-18,20.549999237060547,21.395000457763672,19.209999084472656,20.56999969482422,19751800.0
2020-03-19,20.21500015258789,21.424999237060547,19.78499984741211,21.094999313354492,17973800.0
2020-03-20,21.274999618530273,21.30500030517578,20.010000228881836,20.34000015258789,30497400.0
2020-03-23,20.079999923706055,20.219999313354492,19.079999923706055,19.174999237060547,37354800.0
2020-03-24,20.385000228881836,21.56999969482422,20.21500015258789,21.43000030517578,23758600.0
2020-03-25,21.350000381469727,22.815000534057617,21.1299991607666,21.93000030517578,27152800.0
2020-03-26,22.190000534057617,23.06999969482422,22.145000457763672,22.959999084472656,26767800.0
2020-03-27,22.104999542236328,22.604999542236328,21.934999465942383,22.1299991607666,28151200.0
2020-03-30,22.405000686645508,22.924999237060547,22.219999313354492,22.834999084472656,19508400.0
2020-03-31,22.764999389648438,23.084999084472656,22.43000030517578,22.520000457763672,17017400.0
2020-04-01,21.69499969482422,22.1200008392334,21.44499969482422,21.5049991607666,20480800.0
2020-04-02,21.479999542236328,22.364999771118164,21.434999465942383,21.829999923706055,23569200.0
2020-04-03,21.68000030517578,22.125,21.209999084472656,21.30500030517578,18531600.0
2020-04-06,22.219999313354492,23.059999465942383,22.219999313354492,22.889999389648438,20933400.0
2020-04-07,23.735000610351562,24.315000534057617,23.385000228881836,23.5,22422600.0
2020-04-08,23.75,24.760000228881836,23.485000610351562,24.649999618530273,32927200.0
2020-04-09,24.920000076293945,25.850000381469727,24.895000457763672,25.709999084472656,61476000.0
2020-04-13,25.510000228881836,25.579999923706055,24.795000076293945,25.145000457763672,31714600.0
2020-04-14,25.670000076293945,25.834999084472656,25.209999084472656,25.469999313354492,16524000.0
2020-04-15,24.65999984741211,24.684999465942383,24.104999542236328,24.299999237060547,11401200.0
2020-04-16,24.344999313354492,24.395000457763672,23.760000228881836,24.15999984741211,9255800.0
2020-04-17,24.729999542236328,25.209999084472656,24.725000381469727,25.1299991607666,12609200.0
2020-04-20,24.690000534057617,25.09000015258789,24.440000534057617,24.510000228881836,9686400.0
2020-04-21,23.885000228881836,24.174999237060547,23.795000076293945,23.905000686645508,11975400.0
2020-04-22,24.395000457763672,24.559999465942383,24.135000228881836,24.375,7665200.0
2020-04-23,24.514999389648438,25.045000076293945,24.514999389648438,24.545000076293945,12767200.0
2020-04-24,24.7450008392334,25.0,24.475000381469727,24.93000030517578,8291400.0
2020-04-27,25.0049991607666,25.690000534057617,24.969999313354492,25.594999313354492,9722200.0
2020-04-28,26.014999389648438,26.225000381469727,25.75,26.06999969482422,13503800.0
2020-04-29,26.610000610351562,26.8700008392334,26.5,26.735000610351562,11752600.0
2020-04-30,26.315000534057617,26.315000534057617,25.899999618530273,25.940000534057617,10813600.0
2020-05-01,25.489999771118164,25.600000381469727,25.15999984741211,25.395000457763672,10134000.0
2020-05-04,25.200000762939453,25.520000457763672,24.950000762939453,25.485000610351562,10141000.0
2020-05-05,25.709999084472656,25.895000457763672,25.4950008392334,25.549999237060547,9034000.0
2020-05-06,25.6200008392334,25.815000534057617,25.084999084472656,25.110000610351562,7506400.0
2020-05-07,25.360000610351562,25.854999542236328,25.325000762939453,25.625,8245800.0
2020-05-08,25.9950008392334,26.274999618530273,25.915000915527344,26.239999771118164,7567000.0
2020-05-11,25.80500030517578,25.959999084472656,25.575000762939453,25.84000015258789,8857200.0
2020-05-12,25.924999237060547,26.09000015258789,25.44499969482422,25.44499969482422,8400000.0
2020-05-13,25.31999969482422,25.424999237060547,24.68000030517578,24.90999984741211,10532200.0
2020-05-14,24.450000762939453,25.21500015258789,24.15999984741211,25.21500015258789,10842000.0
2020-05-15,25.05500030517578,25.454999923706055,24.93000030517578,25.434999465942383,9761200.0
2020-05-18,26.309999465942383,26.80500030517578,26.2450008392334,26.594999313354492,8851400.0
2020-05-19,26.4950008392334,26.709999084472656,26.315000534057617,26.34000015258789,9785800.0
2020-05-20,26.690000534057617,27.049999237060547,26.684999465942383,26.760000228881836,7598600.0
2020-05-21,26.68000030517578,26.825000762939453,26.405000686645508,26.5049991607666,10491400.0
2020-05-22,26.475000381469727,26.514999389648438,26.260000228881836,26.46500015258789,7465200.0
2020-05-26,27.065000534057617,27.334999084472656,26.969999313354492,27.190000534057617,8228800.0
2020-05-27,27.5,27.645000457763672,27.114999771118164,27.46500015258789,13983400.0
2020-05-28,27.850000381469727,27.94499969482422,27.450000762939453,27.719999313354492,10969400.0
2020-05-29,27.725000381469727,27.81999969482422,27.395000457763672,27.725000381469727,14772600.0
2020-06-01,27.735000610351562,28.014999389648438,27.69499969482422,27.915000915527344,6466800.0
2020-06-02,28.0049991607666,28.459999084472656,27.975000381469727,28.420000076293945,8655400.0
2020-06-03,28.774999618530273,29.274999618530273,28.739999771118164,29.065000534057617,9448200.0
2020-06-04,28.94499969482422,29.25,28.899999618530273,29.170000076293945,9007400.0
2020-06-05,29.934999465942383,30.145000457763672,29.81999969482422,29.915000915527344,11260000.0
2020-06-08,30.030000686645508,30.125,29.690000534057617,29.954999923706055,10513000.0
2020-06-09,29.610000610351562,29.78499984741211,29.415000915527344,29.59000015258789,12017800.0
2020-06-10,29.71500015258789,29.71500015258789,29.135000228881836,29.2549991607666,10384800.0
2020-06-11,28.424999237060547,28.510000228881836,26.8799991607666,26.9950008392334,58196800.0
2020-06-12,27.93000030517578,28.045000076293945,27.0,27.520000457763672,27863800.0
2020-06-15,26.795000076293945,27.975000381469727,26.645000457763672,27.809999465942383,13771400.0
2020-06-16,28.770000457763672,28.895000457763672,27.954999923706055,28.389999389648438,19004800.0
2020-06-17,28.56999969482422,28.600000381469727,28.075000762939453,28.155000686645508,8050800.0
2020-06-18,28.049999237060547,28.334999084472656,28.0,28.174999237060547,7135200.0
2020-06-19,28.645000457763672,28.69499969482422,27.889999389648438,28.09000015258789,14837000.0
2020-06-22,27.93000030517578,28.155000686645508,27.684999465942383,28.040000915527344,6738800.0
2020-06-23,28.459999084472656,28.485000610351562,28.094999313354492,28.104999542236328,6232000.0
2020-06-24,27.80500030517578,27.834999084472656,27.204999923706055,27.28499984741211,11306000.0
2020-06-25,27.209999084472656,27.655000686645508,26.96500015258789,27.625,10509400.0
2020-06-26,27.520000457763672,27.56999969482422,27.079999923706055,27.2450008392334,16345800.0
2020-06-29,27.475000381469727,27.895000457763672,27.40999984741211,27.774999618530273,9878200.0
2020-06-30,27.68000030517578,28.34000015258789,27.600000381469727,28.174999237060547,7877800.0
2020-07-01,28.204999923706055,28.329999923706055,27.850000381469727,28.235000610351562,16292200.0
2020-07-02,28.6299991607666,29.0,28.56999969482422,28.764999389648438,16065800.0
2020-07-06,29.309999465942383,29.34000015258789,28.799999237060547,29.174999237060547,15728400.0
2020-07-07,28.96500015258789,29.270000457763672,28.94499969482422,29.184999465942383,14897400.0
2020-07-08,29.235000610351562,29.389999389648438,28.44499969482422,28.770000457763672,18333600.0
2020-07-09,28.905000686645508,28.94499969482422,28.18000030517578,28.5,31458800.0
2020-07-10,28.565000534057617,29.030000686645508,28.545000076293945,28.9950008392334,9314200.0
2020-07-13,29.295000076293945,29.584999084472656,28.975000381469727,28.9950008392334,18069200.0
2020-07-14,28.934999465942383,29.764999389648438,28.899999618530273,29.725000381469727,18868200.0
2020-07-15,30.2450008392334,30.350000381469727,30.020000457763672,30.225000381469727,16457200.0
2020-07-16,30.28499984741211,30.55500030517578,30.174999237060547,30.325000762939453,11128800.0
2020-07-17,30.540000915527344,30.65999984741211,30.43000030517578,30.579999923706055,8155600.0
2020-07-20,30.565000534057617,30.645000457763672,30.264999389648438,30.315000534057617,7186400.0
2020-07-21,30.5049991607666,30.729999542236328,30.5049991607666,30.579999923706055,7554200.0
2020-07-22,30.530000686645508,30.94499969482422,30.520000457763672,30.934999465942383,5899400.0
2020-07-23,30.90999984741211,31.145000457763672,30.625,30.84000015258789,8828000.0
2020-07-24,30.729999542236328,30.895000457763672,30.559999465942383,30.735000610351562,11727000.0
2020-07-27,30.934999465942383,31.295000076293945,30.834999084472656,31.18000030517578,7281800.0
2020-07-28,31.084999084472656,31.084999084472656,30.46500015258789,30.4950008392334,9140200.0
2020-07-29,30.594999313354492,30.834999084472656,30.545000076293945,30.7450008392334,8223000.0
2020-07-30,30.28499984741211,30.375,29.899999618530273,30.149999618530273,14042200.0
2020-07-31,30.204999923706055,30.2549991607666,29.799999237060547,30.18000030517578,10541400.0
2020-08-03,30.334999084472656,30.344999313354492,30.0049991607666,30.010000228881836,11077800.0
2020-08-04,29.889999389648438,30.5049991607666,29.829999923706055,30.434999465942383,15835000.0
2020-08-05,30.719999313354492,31.204999923706055,30.635000228881836,30.8799991607666,11793000.0
2020-08-06,30.84000015258789,30.920000076293945,30.6299991607666,30.75,13939400.0
2020-08-07,30.59000015258789,30.860000610351562,30.44499969482422,30.854999542236328,7971600.0
2020-08-10,30.885000228881836,31.155000686645508,30.84000015258789,31.155000686645508,6678200.0
2020-08-11,31.424999237060547,31.604999542236328,31.040000915527344,31.100000381469727,8975200.0
2020-08-12,31.475000381469727,31.510000228881836,31.209999084472656,31.28499984741211,7929000.0
2020-08-13,31.135000228881836,31.399999618530273,31.094999313354492,31.280000686645508,16852000.0
2020-08-14,31.139999389648438,31.440000534057617,31.100000381469727,31.315000534057617,5179600.0
2020-08-17,31.559999465942383,31.68000030517578,31.325000762939453,31.454999923706055,3719600.0
2020-08-18,31.55500030517578,31.614999771118164,31.295000076293945,31.325000762939453,4764000.0
2020-08-19,31.44499969482422,31.520000457763672,31.145000457763672,31.235000610351562,6209400.0
2020-08-20,31.0,31.145000457763672,30.915000915527344,31.125,4662400.0
2020-08-21,30.889999389648438,31.0,30.774999618530273,30.94499969482422,5512600.0
2020-08-24,31.34000015258789,31.4950008392334,31.235000610351562,31.489999771118164,7063200.0
2020-08-25,31.600000381469727,31.704999923706055,31.229999542236328,31.364999771118164,5754800.0
2020-08-26,31.334999084472656,31.75,31.2549991607666,31.69499969482422,4762800.0
2020-08-27,31.80500030517578,31.8700008392334,31.514999389648438,31.610000610351562,7297600.0
2020-08-28,31.764999389648438,32.01499938964844,31.6200008392334,31.985000610351562,4845800.0
2020-08-31,31.93000030517578,32.005001068115234,31.4950008392334,31.4950008392334,6109400.0
2020-09-01,31.4950008392334,32.415000915527344,31.3700008392334,32.380001068115234,18465600.0
2020-09-02,32.51499938964844,33.165000915527344,32.30500030517578,33.1150016784668,22911200.0
2020-09-03,33.06999969482422,33.06999969482422,31.860000610351562,32.20000076293945,28891200.0
2020-09-04,32.38999938964844,32.560001373291016,31.735000610351562,32.220001220703125,27926400.0
2020-09-08,31.899999618530273,31.924999237060547,31.375,31.614999771118164,16465800.0
2020-09-09,32.005001068115234,32.64500045776367,31.985000610351562,32.43000030517578,13236200.0
2020-09-10,32.59000015258789,32.709999084472656,32.064998626708984,32.125,14234600.0
2020-09-11,32.380001068115234,32.69499969482422,32.22999954223633,32.53499984741211,19443800.0
2020-09-14,32.80500030517578,33.099998474121094,32.67499923706055,33.005001068115234,11562800.0
2020-09-15,33.16999816894531,33.3849983215332,33.150001525878906,33.165000915527344,8611200.0
2020-09-16,33.2400016784668,33.56999969482422,33.095001220703125,33.189998626708984,19141200.0
2020-09-17,32.84000015258789,33.505001068115234,32.665000915527344,33.435001373291016,23226600.0
2020-09-18,33.540000915527344,33.540000915527344,32.82500076293945,32.86000061035156,18910000.0
2020-09-21,32.04499816894531,32.07500076293945,31.239999771118164,31.604999542236328,16070800.0
2020-09-22,31.6299991607666,31.7450008392334,31.405000686645508,31.665000915527344,11727400.0
2020-09-23,31.604999542236328,31.635000228881836,30.709999084472656,30.735000610351562,14883600.0
2020-09-24,30.719999313354492,31.270000457763672,30.46500015258789,30.954999923706055,22009400.0
2020-09-25,30.665000915527344,31.329999923706055,30.55500030517578,31.229999542236328,8869000.0
2020-09-28,31.674999237060547,31.9950008392334,31.545000076293945,31.735000610351562,8570600.0
2020-09-29,31.7549991607666,31.854999542236328,31.415000915527344,31.5,11333400.0
2020-09-30,31.639999389648438,32.08000183105469,31.56999969482422,31.81999969482422,12347200.0
2020-10-01,31.969999313354492,32.119998931884766,31.264999389648438,31.3700008392334,29154800.0
2020-10-02,31.014999389648438,31.895000457763672,30.920000076293945,31.649999618530273,27853200.0
2020-10-05,31.905000686645508,32.470001220703125,31.895000457763672,32.255001068115234,18641400.0
2020-10-06,32.415000915527344,32.68000030517578,31.790000915527344,31.850000381469727,31358800.0
2020-10-07,32.255001068115234,32.755001068115234,32.20500183105469,32.66999816894531,14277800.0
2020-10-08,32.91999816894531,33.125,32.83000183105469,33.0,12583200.0
2020-10-09,33.275001525878906,33.400001525878906,33.04999923706055,33.255001068115234,9547600.0
2020-10-12,33.44499969482422,33.48500061035156,33.18000030517578,33.20000076293945,8131200.0
2020-10-13,32.96500015258789,33.150001525878906,32.779998779296875,32.904998779296875,10341200.0
2020-10-14,32.939998626708984,33.21500015258789,32.89500045776367,33.0,8767000.0
2020-10-15,32.540000915527344,32.94499969482422,32.5,32.904998779296875,8749800.0
2020-10-16,33.099998474121094,33.290000915527344,33.005001068115234,33.1349983215332,20165000.0
2020-10-19,33.244998931884766,33.36000061035156,32.650001525878906,32.75,10827600.0
2020-10-20,32.94499969482422,33.17499923706055,32.724998474121094,32.82500076293945,8399800.0
2020-10-21,32.81999969482422,33.20500183105469,32.70000076293945,32.70000076293945,7800400.0
2020-10-22,32.685001373291016,32.91999816894531,32.36000061035156,32.880001068115234,7066400.0
2020-10-23,33.1150016784668,33.2400016784668,32.834999084472656,33.0,8233000.0
2020-10-26,32.584999084472656,32.59000015258789,31.924999237060547,32.17499923706055,14833600.0
2020-10-27,32.185001373291016,32.22999954223633,31.850000381469727,31.8700008392334,9313000.0
2020-10-28,31.09000015258789,31.395000457763672,30.850000381469727,30.969999313354492,15424600.0
2020-10-29,30.8799991607666,31.854999542236328,30.770000457763672,31.610000610351562,15086800.0
2020-10-30,31.479999542236328,31.719999313354492,31.09000015258789,31.59000015258789,14679800.0
2020-11-02,32.064998626708984,32.755001068115234,31.979999542236328,32.63999938964844,15868400.0
2020-11-03,33.029998779296875,33.31999969482422,32.80500030517578,33.150001525878906,17784200.0
2020-11-04,32.994998931884766,33.20500183105469,32.28499984741211,32.584999084472656,22194600.0
2020-11-05,33.334999084472656,34.16999816894531,33.310001373291016,33.915000915527344,17707400.0
2020-11-06,34.11000061035156,34.30500030517578,33.86000061035156,34.0,12151400.0
2020-11-09,35.630001068115234,36.20500183105469,34.71500015258789,34.76499938964844,32868400.0
2020-11-10,34.90999984741211,35.255001068115234,34.8650016784668,35.17499923706055,19650600.0
2020-11-11,35.20000076293945,35.20000076293945,34.415000915527344,34.650001525878906,12835400.0
2020-11-12,34.494998931884766,34.52000045776367,33.70000076293945,33.91999816894531,11053200.0
2020-11-13,34.17499923706055,34.60499954223633,34.165000915527344,34.505001068115234,11077200.0
2020-11-16,35.060001373291016,35.22999954223633,34.790000915527344,35.185001373291016,10964200.0
2020-11-17,34.96500015258789,35.1349983215332,34.61000061035156,35.05500030517578,13893800.0
2020-11-18,35.16999816894531,35.275001525878906,34.75,34.76499938964844,9243000.0
2020-11-19,34.67499923706055,34.96500015258789,34.400001525878906,34.90999984741211,7465400.0
2020-11-20,34.900001525878906,35.040000915527344,34.724998474121094,34.880001068115234,8858000.0
2020-11-23,35.154998779296875,35.3849983215332,35.0099983215332,35.16999816894531,8959000.0
2020-11-24,35.494998931884766,36.150001525878906,35.45500183105469,36.04499816894531,12274400.0
2020-11-25,35.97999954223633,35.994998931884766,35.60499954223633,35.66999816894531,7890200.0
2020-11-27,35.83000183105469,35.98500061035156,35.685001373291016,35.85499954223633,4594600.0
2020-11-30,35.80500030517578,35.834999084472656,35.30500030517578,35.494998931884766,9913400.0
2020-12-01,36.099998474121094,36.165000915527344,35.720001220703125,35.8849983215332,10474200.0
2020-12-02,35.775001525878906,35.900001525878906,35.36000061035156,35.42499923706055,10779600.0
2020-12-03,35.525001525878906,35.64500045776367,35.099998474121094,35.18000030517578,11470200.0
2020-12-04,35.33000183105469,35.89500045776367,35.31999969482422,35.88999938964844,11538400.0
2020-12-07,35.8650016784668,35.970001220703125,35.529998779296875,35.654998779296875,8008800.0
2020-12-08,35.459999084472656,35.939998626708984,35.44499969482422,35.85499954223633,7046600.0
2020-12-09,35.994998931884766,36.064998626708984,35.53499984741211,35.875,13517800.0
2020-12-10,35.685001373291016,35.959999084472656,35.53499984741211,35.654998779296875,7156600.0
2020-12-11,35.415000915527344,35.6150016784668,35.185001373291016,35.45000076293945,6851600.0
2020-12-14,35.7599983215332,35.814998626708984,34.98500061035156,35.0,10226400.0
2020-12-15,35.334999084472656,35.724998474121094,35.244998931884766,35.6349983215332,8021400.0
2020-12-16,35.71500015258789,35.76499938964844,35.3849983215332,35.53499984741211,8139200.0
2020-12-17,35.869998931884766,35.974998474121094,35.73500061035156,35.94499969482422,7591400.0
2020-12-18,35.97999954223633,36.19499969482422,35.67499923706055,36.10499954223633,10906600.0
2020-12-21,35.290000915527344,35.82500076293945,35.0,35.73500061035156,10098600.0
2020-12-22,35.72999954223633,35.775001525878906,35.46500015258789,35.51499938964844,6653800.0
2020-12-23,35.709999084472656,35.939998626708984,35.54499816894531,35.564998626708984,8219200.0
2020-12-24,35.595001220703125,35.790000915527344,35.45500183105469,35.790000915527344,2732600.0
2020-12-28,36.125,36.16999816894531,35.6349983215332,35.650001525878906,5322600.0
2020-12-29,35.84000015258789,35.91999816894531,35.3849983215332,35.564998626708984,6852800.0
2020-12-30,35.685001373291016,36.130001068115234,35.665000915527344,36.05500030517578,5655000.0
2020-12-31,36.10499954223633,36.255001068115234,35.810001373291016,36.19499969482422,6500800.0
2021-01-04,36.51499938964844,36.70000076293945,35.64500045776367,35.849998474121094,18266000.0
2021-01-05,35.790000915527344,36.755001068115234,35.790000915527344,36.654998779296875,26812000.0
2021-01-06,37.04999923706055,38.42499923706055,37.0099983215332,38.154998779296875,48521400.0
2021-01-07,38.3849983215332,38.69499969482422,38.29999923706055,38.439998626708984,18577800.0
2021-01-08,38.5099983215332,38.54499816894531,37.779998779296875,38.255001068115234,16988400.0
2021-01-11,37.689998626708984,38.40999984741211,37.54999923706055,38.255001068115234,12240200.0
2021-01-12,38.220001220703125,38.8849983215332,38.095001220703125,38.7400016784668,17845800.0
2021-01-13,38.70000076293945,38.790000915527344,38.185001373291016,38.345001220703125,9809200.0
2021-01-14,38.470001220703125,38.505001068115234,38.16999816894531,38.21500015258789,11074000.0
2021-01-15,37.86000061035156,37.93000030517578,37.275001525878906,37.66999816894531,19709000.0
2021-01-19,37.974998474121094,38.07500076293945,37.63999938964844,37.79999923706055,9912400.0
2021-01-20,37.98500061035156,38.040000915527344,37.76499938964844,37.92499923706055,10326600.0
2021-01-21,37.880001068115234,37.95500183105469,37.35499954223633,37.369998931884766,12646600.0
2021-01-22,36.95000076293945,37.34000015258789,36.88999938964844,37.189998626708984,12131800.0
2021-01-25,37.040000915527344,37.14500045776367,36.345001220703125,36.994998931884766,24149400.0
2021-01-26,37.224998474121094,37.3650016784668,36.474998474121094,36.48500061035156,13554800.0
2021-01-27,35.92499923706055,35.92499923706055,35.005001068115234,35.40999984741211,24779000.0
2021-01-28,35.76499938964844,36.244998931884766,35.66999816894531,36.02000045776367,14483400.0
2021-01-29,35.869998931884766,36.05500030517578,35.13999938964844,35.31999969482422,17979800.0
2021-02-01,35.685001373291016,35.79999923706055,35.15999984741211,35.73500061035156,16012000.0
2021-02-02,36.0,36.3849983215332,35.79999923706055,36.20500183105469,15789200.0
2021-02-03,36.30500030517578,36.4900016784668,36.13999938964844,36.275001525878906,12846200.0
2021-02-04,36.16999816894531,36.34000015258789,35.834999084472656,36.14500045776367,12994200.0
2021-02-05,36.494998931884766,36.814998626708984,36.41999816894531,36.76499938964844,12575600.0
2021-02-08,37.08000183105469,37.20000076293945,36.974998474121094,37.06999969482422,12635600.0
2021-02-09,37.09000015258789,37.119998931884766,36.70500183105469,36.79499816894531,14514000.0
2021-02-10,37.03499984741211,37.07500076293945,36.52000045776367,36.755001068115234,10917400.0
2021-02-11,36.8650016784668,37.0,36.474998474121094,36.790000915527344,13346000.0
2021-02-12,36.709999084472656,37.189998626708984,36.65999984741211,37.16999816894531,6575800.0
2021-02-16,37.310001373291016,37.435001373291016,37.04499816894531,37.099998474121094,12385800.0
2021-02-17,36.994998931884766,37.150001525878906,36.599998474121094,37.08000183105469,11821200.0
2021-02-18,36.98500061035156,37.025001525878906,36.68000030517578,36.849998474121094,12117600.0
2021-02-19,37.060001373291016,37.689998626708984,37.04999923706055,37.525001525878906,11360800.0
2021-02-22,37.47999954223633,37.82500076293945,37.35499954223633,37.66999816894531,12198600.0
2021-02-23,37.650001525878906,37.900001525878906,36.97999954223633,37.79999923706055,22024400.0
2021-02-24,37.81999969482422,38.290000915527344,37.68000030517578,38.130001068115234,14763400.0
2021-02-25,38.05500030517578,38.119998931884766,37.099998474121094,37.25,20375400.0
2021-02-26,37.154998779296875,37.27000045776367,36.53499984741211,36.775001525878906,16280200.0
2021-03-01,37.2599983215332,37.904998779296875,37.2599983215332,37.70500183105469,15016000.0
2021-03-02,37.814998626708984,38.2599983215332,37.790000915527344,37.915000915527344,15129200.0
2021-03-03,37.775001525878906,38.04499816894531,37.53499984741211,37.540000915527344,17340400.0
2021-03-04,37.47999954223633,37.630001068115234,36.16999816894531,36.810001373291016,37034800.0
2021-03-05,37.189998626708984,37.779998779296875,36.40999984741211,37.654998779296875,23513000.0
2021-03-08,37.779998779296875,38.72999954223633,37.71500015258789,38.15999984741211,29673000.0
2021-03-09,38.415000915527344,38.70500183105469,38.1349983215332,38.39500045776367,15732600.0
2021-03-10,38.584999084472656,39.334999084472656,38.560001373291016,39.029998779296875,14336600.0
2021-03-11,39.38999938964844,39.55500030517578,39.21500015258789,39.2400016784668,9525000.0
2021-03-12,39.23500061035156,39.369998931884766,39.130001068115234,39.345001220703125,9627600.0
2021-03-15,39.345001220703125,39.415000915527344,38.915000915527344,39.38999938964844,9292800.0
2021-03-16,39.35499954223633,39.39500045776367,38.845001220703125,39.064998626708984,13154200.0
2021-03-17,39.029998779296875,39.5099983215332,38.935001373291016,39.415000915527344,11091200.0
2021-03-18,39.31999969482422,39.77000045776367,39.119998931884766,39.19499969482422,13173600.0
2021-03-19,39.119998931884766,39.26499938964844,38.540000915527344,39.0,17836800.0
2021-03-22,38.775001525878906,39.02000045776367,38.54499816894531,38.86000061035156,12876400.0
2021-03-23,38.685001373291016,38.71500015258789,37.915000915527344,38.04999923706055,20470200.0
2021-03-24,38.220001220703125,38.86000061035156,38.220001220703125,38.32500076293945,13470600.0
2021-03-25,38.16999816894531,38.95000076293945,37.95000076293945,38.880001068115234,15393400.0
2021-03-26,39.244998931884766,39.875,39.1150016784668,39.845001220703125,15219200.0
2021-03-29,39.70000076293945,40.084999084472656,39.48500061035156,39.709999084472656,12979600.0
2021-03-30,39.69499969482422,39.80500030517578,39.4900016784668,39.595001220703125,13140600.0
2021-03-31,39.66999816894531,39.790000915527344,39.29999923706055,39.400001525878906,14174400.0
2021-04-01,39.46500015258789,39.775001525878906,39.224998474121094,39.744998931884766,14325800.0
2021-04-05,40.154998779296875,40.380001068115234,39.959999084472656,40.23500061035156,17460600.0
2021-04-06,40.165000915527344,40.470001220703125,40.130001068115234,40.32500076293945,12551800.0
2021-04-07,40.2599983215332,40.33000183105469,39.54499816894531,39.630001068115234,17575600.0
2021-04-08,39.720001220703125,39.7599983215332,39.349998474121094,39.68000030517578,10828600.0
2021-04-09,39.775001525878906,40.03499984741211,39.654998779296875,40.025001525878906,10617600.0
2021-04-12,40.0,40.209999084472656,39.9900016784668,40.165000915527344,8856400.0
2021-04-13,40.099998474121094,40.189998626708984,39.88999938964844,40.06999969482422,9311800.0
2021-04-14,40.099998474121094,40.525001525878906,40.084999084472656,40.36000061035156,9953200.0
2021-04-15,40.560001373291016,40.90999984741211,40.400001525878906,40.834999084472656,10863000.0
2021-04-16,41.23500061035156,41.439998626708984,41.15999984741211,41.33000183105469,12927600.0
2021-04-19,41.33000183105469,41.404998779296875,40.90999984741211,41.13999938964844,12112600.0
2021-04-20,41.064998626708984,41.14500045776367,40.595001220703125,40.744998931884766,10643200.0
2021-04-21,40.755001068115234,41.53499984741211,40.70500183105469,41.48500061035156,10809000.0
2021-04-22,41.435001373291016,41.435001373291016,40.73500061035156,40.78499984741211,16101000.0
2021-04-23,40.96500015258789,41.59000015258789,40.814998626708984,41.45500183105469,9370000.0
2021-04-26,41.619998931884766,41.939998626708984,41.53499984741211,41.70000076293945,8192000.0
2021-04-27,41.51499938964844,41.709999084472656,41.334999084472656,41.59000015258789,8882800.0
2021-04-28,41.61000061035156,41.880001068115234,41.529998779296875,41.70500183105469,7793600.0
2021-04-29,41.959999084472656,41.98500061035156,41.53499984741211,41.96500015258789,11571000.0
2021-04-30,41.78499984741211,41.97999954223633,41.42499923706055,41.52000045776367,10352600.0
2021-05-03,41.875,42.38999938964844,41.845001220703125,42.13999938964844,12405600.0
2021-05-04,41.8650016784668,42.599998474121094,41.83000183105469,42.599998474121094,15622200.0
2021-05-05,42.77000045776367,43.209999084472656,42.77000045776367,43.13999938964844,15113400.0
2021-05-06,43.224998474121094,43.529998779296875,42.79999923706055,43.505001068115234,14774400.0
2021-05-07,43.51499938964844,44.02000045776367,43.32500076293945,43.935001373291016,15089400.0
2021-05-10,44.44499969482422,44.60499954223633,43.73500061035156,43.7400016784668,18238200.0
2021-05-11,43.38999938964844,43.94499969482422,43.09000015258789,43.8849983215332,18997000.0
2021-05-12,43.720001220703125,43.81999969482422,42.72999954223633,42.779998779296875,18269200.0
2021-05-13,42.845001220703125,43.564998626708984,42.744998931884766,43.435001373291016,22130400.0
2021-05-14,43.630001068115234,44.06999969482422,43.59000015258789,43.95500183105469,11112600.0
2021-05-17,43.97999954223633,44.41999816894531,43.7599983215332,44.34000015258789,15624000.0
2021-05-18,44.415000915527344,44.439998626708984,43.81999969482422,43.849998474121094,13594800.0
2021-05-19,43.2400016784668,43.369998931884766,42.689998626708984,43.18000030517578,24960000.0
2021-05-20,43.255001068115234,43.39500045776367,43.03499984741211,43.20500183105469,11750000.0
2021-05-21,43.44499969482422,43.7599983215332,43.275001525878906,43.29999923706055,13533000.0
2021-05-24,43.55500030517578,43.85499954223633,43.375,43.685001373291016,10218400.0
2021-05-25,43.77000045776367,43.869998931884766,43.26499938964844,43.314998626708984,9688800.0
2021-05-26,43.33000183105469,43.46500015258789,43.03499984741211,43.33000183105469,12616400.0
2021-05-27,43.685001373291016,43.88999938964844,43.560001373291016,43.67499923706055,11654600.0
2021-05-28,43.77000045776367,43.82500076293945,43.45500183105469,43.630001068115234,10690800.0
2021-06-01,44.1349983215332,44.310001373291016,43.939998626708984,44.2400016784668,13700800.0
2021-06-02,44.29999923706055,44.310001373291016,43.814998626708984,43.869998931884766,11410200.0
2021-06-03,43.560001373291016,43.880001068115234,43.32500076293945,43.86000061035156,12528600.0
2021-06-04,44.04499816894531,44.11000061035156,43.775001525878906,43.95500183105469,10291600.0
2021-06-07,43.974998474121094,43.974998474121094,43.224998474121094,43.41999816894531,12097600.0
2021-06-08,43.439998626708984,43.68000030517578,43.1150016784668,43.5,11581600.0
2021-06-09,43.415000915527344,43.540000915527344,43.150001525878906,43.15999984741211,19761200.0
2021-06-10,43.4900016784668,43.54999923706055,42.89500045776367,42.900001525878906,12269000.0
2021-06-11,43.20500183105469,43.3650016784668,42.83000183105469,43.060001373291016,8715600.0
2021-06-14,42.939998626708984,43.04499816894531,42.29999923706055,42.529998779296875,12375600.0
2021-06-15,42.595001220703125,42.619998931884766,42.13999938964844,42.439998626708984,20967400.0
2021-06-16,42.439998626708984,42.459999084472656,41.875,41.970001220703125,16649000.0
2021-06-17,41.849998474121094,41.85499954223633,40.53499984741211,41.03499984741211,30323200.0
2021-06-18,40.61000061035156,40.779998779296875,40.369998931884766,40.369998931884766,23531600.0
2021-06-21,40.665000915527344,41.09000015258789,40.650001525878906,41.029998779296875,18014200.0
2021-06-22,41.20000076293945,41.375,40.904998779296875,41.19499969482422,11156800.0
2021-06-23,41.314998626708984,41.41999816894531,40.92499923706055,40.93000030517578,10336800.0
2021-06-24,41.23500061035156,41.29999923706055,40.92499923706055,41.060001373291016,10540600.0
2021-06-25,41.28499984741211,41.45000076293945,41.029998779296875,41.064998626708984,20219000.0
2021-06-28,41.19499969482422,41.22999954223633,40.744998931884766,41.064998626708984,10148200.0
2021-06-29,41.244998931884766,41.46500015258789,40.94499969482422,41.04499816894531,9840000.0
2021-06-30,40.93000030517578,41.21500015258789,40.92499923706055,41.154998779296875,9728400.0
2021-07-01,41.48500061035156,41.540000915527344,41.16999816894531,41.380001068115234,14184600.0
2021-07-02,41.435001373291016,41.4900016784668,41.15999984741211,41.439998626708984,12341200.0
2021-07-06,41.41999816894531,41.435001373291016,40.540000915527344,40.82500076293945,12216600.0
2021-07-07,40.834999084472656,41.28499984741211,40.73500061035156,41.25,13178600.0
2021-07-08,40.57500076293945,40.90999984741211,40.334999084472656,40.689998626708984,15825600.0
2021-07-09,41.21500015258789,41.599998474121094,41.1349983215332,41.4900016784668,14981600.0
2021-07-12,41.2400016784668,41.75,41.084999084472656,41.625,20226200.0
2021-07-13,41.54999923706055,41.64500045776367,41.1150016784668,41.244998931884766,24708800.0
2021-07-14,41.29499816894531,41.625,41.040000915527344,41.15999984741211,12376600.0
2021-07-15,40.95000076293945,41.439998626708984,40.92499923706055,41.165000915527344,12688200.0
2021-07-16,41.2400016784668,41.27000045776367,40.470001220703125,40.54499816894531,19222200.0
2021-07-19,39.83000183105469,39.8650016784668,39.34000015258789,39.67499923706055,23013400.0
2021-07-20,39.56999969482422,40.415000915527344,39.44499969482422,40.125,21231400.0
2021-07-21,40.404998779296875,40.69499969482422,40.35499954223633,40.564998626708984,13671200.0
2021-07-22,40.65999984741211,40.70000076293945,40.244998931884766,40.58000183105469,9453400.0
2021-07-23,40.779998779296875,40.904998779296875,40.41999816894531,40.8650016784668,10392800.0
2021-07-26,40.96500015258789,41.25,40.875,41.209999084472656,11820600.0
2021-07-27,40.95500183105469,41.45000076293945,40.564998626708984,41.26499938964844,16864400.0
2021-07-28,41.279998779296875,41.53499984741211,40.98500061035156,41.3849983215332,12214400.0
2021-07-29,41.67499923706055,41.994998931884766,41.57500076293945,41.84000015258789,12574800.0
2021-07-30,41.7599983215332,42.27000045776367,41.7599983215332,42.0099983215332,11172400.0
2021-08-02,42.209999084472656,42.45500183105469,41.5,41.5,17010000.0
2021-08-03,41.540000915527344,41.935001373291016,41.185001373291016,41.93000030517578,13131600.0
2021-08-04,41.755001068115234,41.97999954223633,41.5099983215332,41.529998779296875,10539600.0
2021-08-05,41.72999954223633,42.0099983215332,41.43000030517578,41.470001220703125,13964800.0
2021-08-06,41.71500015258789,42.125,41.67499923706055,42.06999969482422,14054200.0
2021-08-09,41.994998931884766,42.125,41.68000030517578,42.02000045776367,10743600.0
2021-08-10,42.005001068115234,42.81999969482422,42.005001068115234,42.654998779296875,16047400.0
2021-08-11,42.97999954223633,43.290000915527344,42.78499984741211,43.255001068115234,16544800.0
2021-08-12,43.2599983215332,43.29999923706055,42.79999923706055,43.185001373291016,9612600.0
2021-08-13,43.244998931884766,43.314998626708984,43.14500045776367,43.224998474121094,7815800.0
2021-08-16,42.959999084472656,43.064998626708984,42.55500030517578,43.0099983215332,12273400.0
2021-08-17,42.775001525878906,42.82500076293945,42.02000045776367,42.51499938964844,14924000.0
2021-08-18,42.3650016784668,42.619998931884766,41.994998931884766,42.02000045776367,14712800.0
2021-08-19,41.54499816894531,41.83000183105469,41.41999816894531,41.64500045776367,15936200.0
2021-08-20,41.65999984741211,41.97999954223633,41.595001220703125,41.88999938964844,13973600.0
2021-08-23,42.125,42.3650016784668,42.02000045776367,42.25,8095600.0
2021-08-24,42.45000076293945,42.64500045776367,42.3849983215332,42.51499938964844,11059200.0
2021-08-25,42.400001525878906,42.849998474121094,42.23500061035156,42.709999084472656,9824400.0
2021-08-26,42.69499969482422,42.75,42.39500045776367,42.415000915527344,11541800.0
2021-08-27,42.630001068115234,43.099998474121094,42.584999084472656,42.974998474121094,10357400.0
2021-08-30,43.150001525878906,43.22999954223633,42.93000030517578,42.93000030517578,9012600.0
2021-08-31,42.904998779296875,42.904998779296875,42.599998474121094,42.80500030517578,10608800.0
2021-09-01,42.7599983215332,42.8650016784668,42.32500076293945,42.69499969482422,14017600.0
2021-09-02,42.81999969482422,43.05500030517578,42.80500030517578,42.970001220703125,10631000.0
2021-09-03,42.92499923706055,43.04999923706055,42.67499923706055,42.685001373291016,22878200.0
2021-09-07,42.53499984741211,42.564998626708984,42.345001220703125,42.404998779296875,13864600.0
2021-09-08,42.279998779296875,42.31999969482422,41.85499954223633,42.0,12420000.0
2021-09-09,41.880001068115234,42.29999923706055,41.880001068115234,42.01499938964844,9871400.0
2021-09-10,42.209999084472656,42.525001525878906,41.97999954223633,42.005001068115234,17780200.0
2021-09-13,42.375,42.5,41.72999954223633,41.994998931884766,15220000.0
2021-09-14,42.13999938964844,42.16999816894531,41.44499969482422,41.53499984741211,12087400.0
2021-09-15,41.63999938964844,42.025001525878906,41.560001373291016,41.974998474121094,12651600.0
2021-09-16,41.814998626708984,41.85499954223633,41.220001220703125,41.52000045776367,11250600.0
2021-09-17,41.290000915527344,41.3650016784668,40.53499984741211,40.665000915527344,19932000.0
2021-09-20,39.540000915527344,39.89500045776367,39.185001373291016,39.709999084472656,20155600.0
2021-09-21,39.95500183105469,40.025001525878906,39.44499969482422,39.6150016784668,15229000.0
2021-09-22,39.994998931884766,40.42499923706055,39.994998931884766,40.025001525878906,15312200.0
2021-09-23,40.32500076293945,40.869998931884766,40.28499984741211,40.595001220703125,9516600.0
2021-09-24,40.40999984741211,40.75,40.314998626708984,40.53499984741211,7251800.0
2021-09-27,40.63999938964844,41.08000183105469,40.6349983215332,40.849998474121094,10433000.0
2021-09-28,40.75,40.810001373291016,40.220001220703125,40.345001220703125,16570600.0
2021-09-29,40.34000015258789,40.43000030517578,40.099998474121094,40.18000030517578,13939600.0
2021-09-30,40.29999923706055,40.46500015258789,39.54499816894531,39.55500030517578,21458800.0
2021-10-01,39.744998931884766,40.400001525878906,39.44499969482422,40.185001373291016,18500000.0
2021-10-04,40.23500061035156,40.48500061035156,39.724998474121094,40.0099983215332,17111600.0
2021-10-05,40.119998931884766,40.59000015258789,39.849998474121094,40.3650016784668,13584200.0
2021-10-06,39.95500183105469,40.290000915527344,39.529998779296875,40.290000915527344,15448600.0
2021-10-07,40.6349983215332,41.2599983215332,40.6349983215332,40.814998626708984,16938400.0
2021-10-08,40.915000915527344,41.01499938964844,40.51499938964844,40.59000015258789,12798000.0
2021-10-11,40.72999954223633,41.189998626708984,40.59000015258789,40.595001220703125,9673200.0
2021-10-12,40.619998931884766,40.84000015258789,40.5,40.650001525878906,15331400.0
2021-10-13,40.915000915527344,41.13999938964844,40.46500015258789,40.95500183105469,14431400.0
2021-10-14,41.35499954223633,42.0099983215332,41.2400016784668,41.95000076293945,11374200.0
2021-10-15,42.16999816894531,42.290000915527344,41.970001220703125,42.07500076293945,11705000.0
2021-10-18,41.71500015258789,42.125,41.63999938964844,42.04499816894531,12699800.0
2021-10-19,42.23500061035156,42.26499938964844,41.915000915527344,42.26499938964844,9591000.0
2021-10-20,42.29999923706055,42.654998779296875,42.20000076293945,42.60499954223633,9303800.0
2021-10-21,42.43000030517578,42.5099983215332,42.05500030517578,42.494998931884766,13392200.0
2021-10-22,42.57500076293945,42.8650016784668,42.415000915527344,42.415000915527344,11568400.0
2021-10-25,42.685001373291016,43.02000045776367,42.42499923706055,42.84000015258789,10799400.0
2021-10-26,42.915000915527344,43.1349983215332,42.560001373291016,42.959999084472656,11553800.0
2021-10-27,42.79499816894531,42.869998931884766,42.314998626708984,42.345001220703125,11404200.0
2021-10-28,42.39500045776367,42.845001220703125,42.3849983215332,42.76499938964844,8303400.0
2021-10-29,42.60499954223633,42.915000915527344,42.404998779296875,42.560001373291016,8699200.0
2021-11-01,42.630001068115234,42.915000915527344,42.5099983215332,42.65999984741211,11040400.0
2021-11-02,42.77000045776367,43.22999954223633,42.689998626708984,43.14500045776367,13271200.0
2021-11-03,43.220001220703125,43.779998779296875,43.10499954223633,43.595001220703125,19187200.0
2021-11-04,43.65999984741211,43.755001068115234,43.3849983215332,43.56999969482422,10073200.0
2021-11-05,43.68000030517578,44.029998779296875,43.6349983215332,43.90999984741211,11658800.0
2021-11-08,44.38999938964844,44.6150016784668,44.30500030517578,44.459999084472656,10690000.0
2021-11-09,44.474998474121094,44.665000915527344,44.29499816894531,44.665000915527344,15768000.0
2021-11-10,44.619998931884766,44.82500076293945,44.27000045776367,44.36000061035156,12872400.0
2021-11-11,44.560001373291016,44.900001525878906,44.46500015258789,44.71500015258789,8158400.0
2021-11-12,44.834999084472656,45.07500076293945,44.72999954223633,45.04999923706055,8774600.0
2021-11-15,45.064998626708984,45.084999084472656,44.685001373291016,44.845001220703125,8628000.0
2021-11-16,44.869998931884766,44.994998931884766,44.689998626708984,44.720001220703125,8776200.0
2021-11-17,44.650001525878906,44.76499938964844,44.38999938964844,44.42499923706055,10558600.0
2021-11-18,44.459999084472656,44.54499816894531,44.14500045776367,44.23500061035156,10389200.0
2021-11-19,44.08000183105469,44.41999816894531,44.0099983215332,44.154998779296875,10426000.0
2021-11-22,44.17499923706055,44.70000076293945,44.154998779296875,44.224998474121094,13379800.0
2021-11-23,44.2400016784668,44.584999084472656,44.04499816894531,44.27000045776367,15231400.0
2021-11-24,44.03499984741211,44.1349983215332,43.86000061035156,43.95500183105469,10365200.0
2021-11-26,42.95500183105469,43.404998779296875,42.73500061035156,43.20000076293945,14215000.0
2021-11-29,43.529998779296875,43.625,43.1150016784668,43.400001525878906,12280400.0
2021-11-30,43.18000030517578,43.290000915527344,42.244998931884766,42.32500076293945,24004600.0
2021-12-01,42.994998931884766,43.3650016784668,41.875,41.89500045776367,22485600.0
2021-12-02,42.03499984741211,42.92499923706055,41.95500183105469,42.75,17957400.0
2021-12-03,42.81999969482422,43.279998779296875,42.275001525878906,42.654998779296875,19977200.0
2021-12-06,43.084999084472656,43.619998931884766,42.93000030517578,43.279998779296875,16246000.0
2021-12-07,43.779998779296875,44.21500015258789,43.775001525878906,43.939998626708984,11307000.0
2021-12-08,44.09000015258789,44.224998474121094,43.869998931884766,44.125,9216400.0
2021-12-09,43.79499816894531,44.09000015258789,43.70000076293945,43.880001068115234,6601600.0
2021-12-10,44.21500015258789,44.31999969482422,43.86000061035156,44.150001525878906,9585000.0
2021-12-13,44.125,44.224998474121094,43.7400016784668,43.8849983215332,9406600.0
2021-12-14,43.849998474121094,44.209999084472656,43.720001220703125,43.84000015258789,9073600.0
2021-12-15,43.654998779296875,43.9900016784668,43.18000030517578,43.935001373291016,14623000.0
2021-12-16,44.23500061035156,44.66999816894531,44.20000076293945,44.3849983215332,13071200.0
2021-12-17,44.224998474121094,44.35499954223633,43.79999923706055,43.83000183105469,15645800.0
2021-12-20,42.9900016784668,43.01499938964844,42.28499984741211,42.83000183105469,14155400.0
2021-12-21,43.13999938964844,43.540000915527344,43.10499954223633,43.369998931884766,9063600.0
2021-12-22,43.31999969482422,43.75,43.26499938964844,43.71500015258789,6190200.0
2021-12-23,43.78499984741211,44.29999923706055,43.720001220703125,44.154998779296875,5745600.0
2021-12-27,44.29499816894531,44.82500076293945,44.22999954223633,44.81999969482422,4918600.0
2021-12-28,44.79999923706055,45.130001068115234,44.790000915527344,45.08000183105469,8537000.0
2021-12-29,45.040000915527344,45.345001220703125,45.0,45.26499938964844,5153800.0
2021-12-30,45.279998779296875,45.540000915527344,45.06999969482422,45.10499954223633,6340000.0
2021-12-31,45.025001525878906,45.41999816894531,45.01499938964844,45.30500030517578,6457800.0
2022-01-03,45.36000061035156,45.415000915527344,44.61000061035156,44.71500015258789,15088600.0
2022-01-04,44.845001220703125,45.435001373291016,44.82500076293945,45.26499938964844,19937400.0
2022-01-05,45.5,46.154998779296875,45.244998931884766,45.2599983215332,21252800.0
2022-01-06,45.3650016784668,45.3650016784668,44.625,44.689998626708984,17868600.0
2022-01-07,44.744998931884766,44.81999969482422,44.45500183105469,44.650001525878906,16543600.0
2022-01-10,44.40999984741211,44.51499938964844,43.775001525878906,44.19499969482422,16819200.0
2022-01-11,44.2599983215332,44.69499969482422,43.880001068115234,44.68000030517578,13614800.0
2022-01-12,45.05500030517578,45.224998474121094,44.68000030517578,45.130001068115234,10215600.0
2022-01-13,45.060001373291016,45.29499816894531,44.66999816894531,44.779998779296875,12006200.0
2022-01-14,44.28499984741211,44.48500061035156,43.869998931884766,44.400001525878906,14588800.0
2022-01-18,43.91999816894531,43.994998931884766,43.474998474121094,43.814998626708984,15581800.0
2022-01-19,44.13999938964844,44.25,43.685001373291016,43.70500183105469,14832400.0
2022-01-20,43.814998626708984,44.13999938964844,43.02000045776367,43.06999969482422,17147200.0
2022-01-21,42.814998626708984,42.974998474121094,41.880001068115234,42.02000045776367,32542400.0
2022-01-24,41.22999954223633,42.154998779296875,40.45500183105469,42.04499816894531,42454000.0
2022-01-25,41.415000915527344,42.02000045776367,40.70000076293945,41.665000915527344,29311200.0
2022-01-26,42.0,42.349998474121094,40.814998626708984,41.22999954223633,26921600.0
2022-01-27,41.685001373291016,42.23500061035156,40.97999954223633,41.369998931884766,23174600.0
2022-01-28,41.189998626708984,41.625,40.6150016784668,41.61000061035156,22016000.0
2022-01-31,41.38999938964844,42.255001068115234,41.31999969482422,42.224998474121094,14549400.0
2022-02-01,42.439998626708984,42.974998474121094,42.209999084472656,42.875,18608400.0
2022-02-02,42.8650016784668,43.20000076293945,42.6349983215332,43.0099983215332,14158800.0
2022-02-03,42.6349983215332,42.94499969482422,42.189998626708984,42.2599983215332,15542600.0
2022-02-04,41.689998626708984,42.025001525878906,41.314998626708984,41.560001373291016,23376200.0
2022-02-07,41.64500045776367,41.744998931884766,41.21500015258789,41.35499954223633,25255400.0
2022-02-08,41.52000045776367,42.06999969482422,41.435001373291016,41.994998931884766,15501800.0
2022-02-09,42.40999984741211,42.974998474121094,42.39500045776367,42.90999984741211,21469200.0
2022-02-10,42.755001068115234,43.61000061035156,42.45000076293945,42.65999984741211,26622000.0
2022-02-11,42.44499969482422,42.834999084472656,41.86000061035156,42.0,25266400.0
2022-02-14,42.029998779296875,42.06999969482422,41.34000015258789,41.654998779296875,18896800.0
2022-02-15,41.94499969482422,42.48500061035156,41.900001525878906,42.41999816894531,13351000.0
2022-02-16,42.375,42.81999969482422,42.29499816894531,42.72999954223633,15678000.0
2022-02-17,42.290000915527344,42.41999816894531,41.85499954223633,42.0,13083800.0
2022-02-18,42.09000015258789,42.310001373291016,41.69499969482422,41.93000030517578,17929600.0
2022-02-22,41.72999954223633,41.90999984741211,40.994998931884766,41.334999084472656,21308800.0
2022-02-23,41.599998474121094,41.75,40.744998931884766,40.80500030517578,19162200.0
2022-02-24,39.8849983215332,40.79999923706055,39.689998626708984,40.685001373291016,31807000.0
2022-02-25,40.869998931884766,42.189998626708984,40.834999084472656,42.16999816894531,22258400.0
2022-02-28,41.52000045776367,41.974998474121094,41.28499984741211,41.689998626708984,22460400.0
2022-03-01,41.56999969482422,41.89500045776367,40.48500061035156,40.72999954223633,26263800.0
2022-03-02,40.97999954223633,41.85499954223633,40.8849983215332,41.625,19142800.0
2022-03-03,41.994998931884766,42.14500045776367,41.255001068115234,41.67499923706055,19471600.0
2022-03-04,41.165000915527344,41.54999923706055,40.84000015258789,41.529998779296875,17329000.0
2022-03-07,41.415000915527344,41.44499969482422,40.084999084472656,40.09000015258789,21826400.0
2022-03-08,40.14500045776367,40.724998474121094,39.64500045776367,39.8849983215332,25989800.0
2022-03-09,40.54499816894531,41.3650016784668,40.32500076293945,41.119998931884766,20626200.0
2022-03-10,40.69499969482422,41.28499984741211,40.63999938964844,41.22999954223633,15590000.0
2022-03-11,41.28499984741211,41.63999938964844,40.88999938964844,40.92499923706055,13862800.0
2022-03-14,41.189998626708984,41.45500183105469,40.65999984741211,40.8650016784668,15630800.0
2022-03-15,40.8849983215332,41.415000915527344,40.61000061035156,41.334999084472656,18169600.0
2022-03-16,41.79999923706055,42.380001068115234,41.13999938964844,41.98500061035156,23893200.0
2022-03-17,41.845001220703125,42.810001373291016,41.790000915527344,42.790000915527344,14103000.0
2022-03-18,42.58000183105469,43.125,42.46500015258789,43.04999923706055,19242200.0
2022-03-21,43.064998626708984,43.435001373291016,42.959999084472656,43.244998931884766,17759400.0
2022-03-22,43.57500076293945,43.755001068115234,43.31999969482422,43.47999954223633,13931800.0
2022-03-23,43.375,43.57500076293945,43.224998474121094,43.279998779296875,11578800.0
2022-03-24,43.54999923706055,44.16999816894531,43.51499938964844,44.150001525878906,10905200.0
2022-03-25,44.25,44.66999816894531,44.16999816894531,44.64500045776367,10050000.0
2022-03-28,44.47999954223633,44.5099983215332,44.005001068115234,44.44499969482422,10706800.0
2022-03-29,44.48500061035156,44.81999969482422,44.150001525878906,44.81999969482422,15656200.0
2022-03-30,44.834999084472656,44.915000915527344,44.45500183105469,44.66999816894531,8967200.0
2022-03-31,44.48500061035156,44.81999969482422,44.06999969482422,44.07500076293945,10599400.0
2022-04-01,44.33000183105469,44.70500183105469,44.06999969482422,44.540000915527344,12484000.0
2022-04-04,44.6150016784668,44.6150016784668,44.154998779296875,44.54999923706055,11518000.0
2022-04-05,44.525001525878906,44.83000183105469,44.064998626708984,44.19499969482422,11457400.0
2022-04-06,43.90999984741211,43.92499923706055,43.30500030517578,43.685001373291016,16795600.0
2022-04-07,43.7400016784668,44.150001525878906,43.435001373291016,43.970001220703125,11529200.0
2022-04-08,44.224998474121094,44.529998779296875,43.994998931884766,44.2400016784668,10311000.0
2022-04-11,44.095001220703125,44.4900016784668,43.96500015258789,44.02000045776367,12266200.0
2022-04-12,44.23500061035156,44.60499954223633,43.849998474121094,44.029998779296875,14295600.0
2022-04-13,44.1150016784668,44.70000076293945,43.939998626708984,44.68000030517578,17061600.0
2022-04-14,44.72999954223633,45.060001373291016,44.505001068115234,44.529998779296875,12664000.0
2022-04-18,44.5,44.834999084472656,44.41999816894531,44.56999969482422,12443000.0
2022-04-19,44.44499969482422,45.084999084472656,44.334999084472656,44.9900016784668,10121200.0
2022-04-20,45.060001373291016,45.45000076293945,44.974998474121094,45.275001525878906,17289400.0
2022-04-21,45.6150016784668,45.744998931884766,44.40999984741211,44.53499984741211,15328600.0
2022-04-22,44.165000915527344,44.17499923706055,42.790000915527344,42.869998931884766,18824200.0
2022-04-25,42.415000915527344,42.86000061035156,41.56999969482422,42.75,26687800.0
2022-04-26,42.939998626708984,43.18000030517578,42.06999969482422,42.09000015258789,21081400.0
2022-04-27,42.470001220703125,43.19499969482422,42.334999084472656,42.709999084472656,26049200.0
2022-04-28,42.91999816894531,43.53499984741211,42.19499969482422,43.3849983215332,20703000.0
2022-04-29,43.525001525878906,43.8849983215332,42.40999984741211,42.51499938964844,21265600.0
2022-05-02,42.56999969482422,42.75,41.564998626708984,42.3849983215332,32838200.0
2022-05-03,42.415000915527344,43.099998474121094,42.33000183105469,42.86000061035156,22845000.0
2022-05-04,43.13999938964844,44.279998779296875,42.744998931884766,44.25,29811200.0
2022-05-05,43.939998626708984,44.084999084472656,42.415000915527344,42.880001068115234,24543600.0
2022-05-06,42.540000915527344,42.540000915527344,41.564998626708984,42.26499938964844,28715400.0
2022-05-09,41.494998931884766,41.869998931884766,40.814998626708984,40.93000030517578,27881400.0
2022-05-10,41.61000061035156,41.720001220703125,40.189998626708984,40.67499923706055,34030200.0
2022-05-11,40.790000915527344,41.78499984741211,40.60499954223633,40.69499969482422,33836600.0
2022-05-12,40.27000045776367,41.025001525878906,39.880001068115234,40.619998931884766,26458200.0
2022-05-13,40.94499969482422,41.654998779296875,40.94499969482422,41.244998931884766,17295200.0
2022-05-16,41.06999969482422,41.5,40.69499969482422,41.16999816894531,16692600.0
2022-05-17,42.095001220703125,42.400001525878906,41.66999816894531,42.334999084472656,15137400.0
2022-05-18,41.93000030517578,42.025001525878906,40.845001220703125,41.02000045776367,13932400.0
2022-05-19,40.75,41.79499816894531,40.70000076293945,41.310001373291016,16195000.0
2022-05-20,41.71500015258789,41.875,40.310001373291016,41.209999084472656,16114400.0
2022-05-23,41.73500061035156,42.064998626708984,41.45000076293945,41.96500015258789,12760200.0
2022-05-24,41.82500076293945,41.869998931884766,41.0099983215332,41.724998474121094,14059600.0
2022-05-25,41.564998626708984,42.09000015258789,41.41999816894531,41.90999984741211,11071400.0
2022-05-26,42.20000076293945,42.89500045776367,42.119998931884766,42.68000030517578,11073000.0
2022-05-27,43.040000915527344,43.69499969482422,42.970001220703125,43.68000030517578,13588800.0
2022-05-31,43.27000045776367,43.43000030517578,42.869998931884766,43.01499938964844,18490800.0
2022-06-01,43.084999084472656,43.220001220703125,42.16999816894531,42.584999084472656,14350000.0
2022-06-02,43.040000915527344,43.7599983215332,42.94499969482422,43.7599983215332,13050800.0
2022-06-03,43.369998931884766,43.68000030517578,43.18000030517578,43.334999084472656,10651200.0
2022-06-06,43.654998779296875,43.91999816894531,43.5099983215332,43.744998931884766,11184000.0
2022-06-07,43.375,44.1150016784668,43.2599983215332,44.060001373291016,12411400.0
2022-06-08,43.60499954223633,43.974998474121094,43.04999923706055,43.14500045776367,8475600.0
2022-06-09,42.814998626708984,42.959999084472656,42.11000061035156,42.125,10812600.0
2022-06-10,41.310001373291016,41.380001068115234,40.779998779296875,40.834999084472656,16668400.0
2022-06-13,39.790000915527344,39.880001068115234,39.0099983215332,39.2400016784668,20820400.0
2022-06-14,39.22999954223633,39.46500015258789,38.6349983215332,38.939998626708984,15700800.0
2022-06-15,39.435001373291016,39.48500061035156,38.220001220703125,38.93000030517578,20859400.0
2022-06-16,37.8650016784668,37.9900016784668,37.20500183105469,37.525001525878906,18569400.0
2022-06-17,37.470001220703125,37.72999954223633,36.810001373291016,37.459999084472656,25019600.0
2022-06-21,37.78499984741211,37.939998626708984,37.474998474121094,37.76499938964844,11233200.0
2022-06-22,36.95000076293945,37.64500045776367,36.845001220703125,37.279998779296875,16064800.0
2022-06-23,37.130001068115234,37.34000015258789,36.3849983215332,36.77000045776367,18934800.0
2022-06-24,37.02000045776367,38.2400016784668,36.97999954223633,38.22999954223633,22495000.0
2022-06-27,38.20000076293945,38.33000183105469,37.79999923706055,37.915000915527344,13583800.0
2022-06-28,38.13999938964844,38.494998931884766,37.45000076293945,37.5099983215332,9846400.0
2022-06-29,37.58000183105469,37.64500045776367,36.85499954223633,37.2400016784668,10594800.0
2022-06-30,36.65999984741211,37.13999938964844,36.290000915527344,36.79999923706055,13860000.0
2022-07-01,36.494998931884766,37.1150016784668,36.095001220703125,37.060001373291016,16434200.0
2022-07-05,36.084999084472656,36.31999969482422,35.55500030517578,36.314998626708984,19413000.0
2022-07-06,36.275001525878906,36.650001525878906,35.880001068115234,36.54499816894531,16602000.0
2022-07-07,36.994998931884766,37.25,36.76499938964844,36.869998931884766,9897200.0
2022-07-08,36.92499923706055,36.98500061035156,36.314998626708984,36.5099983215332,8182600.0
2022-07-11,36.13999938964844,36.57500076293945,36.07500076293945,36.40999984741211,8287600.0
2022-07-12,36.255001068115234,36.81999969482422,36.209999084472656,36.34000015258789,13606800.0
2022-07-13,35.744998931884766,36.34000015258789,35.564998626708984,36.130001068115234,19998800.0
2022-07-14,35.45500183105469,35.494998931884766,34.9900016784668,35.46500015258789,15012400.0
2022-07-15,36.040000915527344,36.14500045776367,35.58000183105469,36.02000045776367,10334000.0
2022-07-18,36.4900016784668,36.65999984741211,35.970001220703125,36.10499954223633,7533400.0
2022-07-19,36.505001068115234,37.290000915527344,36.46500015258789,37.20500183105469,11284800.0
2022-07-20,37.154998779296875,37.435001373291016,36.994998931884766,37.27000045776367,9383400.0
2022-07-21,37.20500183105469,37.810001373291016,37.03499984741211,37.79999923706055,9401800.0
2022-07-22,38.029998779296875,38.224998474121094,37.36000061035156,37.529998779296875,10807400.0
2022-07-25,37.630001068115234,37.73500061035156,37.380001068115234,37.685001373291016,7729800.0
2022-07-26,37.4900016784668,37.650001525878906,37.28499984741211,37.43000030517578,7703800.0
2022-07-27,37.165000915527344,38.029998779296875,36.98500061035156,37.880001068115234,11703200.0
2022-07-28,38.060001373291016,38.59000015258789,37.974998474121094,38.54999923706055,11832000.0
2022-07-29,38.82500076293945,39.16999816894531,38.67499923706055,39.064998626708984,9258000.0
2022-08-01,38.880001068115234,38.90999984741211,38.470001220703125,38.75,10411600.0
2022-08-02,38.55500030517578,38.89500045776367,38.13999938964844,38.35499954223633,11367400.0
2022-08-03,38.564998626708984,38.65999984741211,38.06999969482422,38.39500045776367,9597400.0
2022-08-04,38.45500183105469,38.75,38.224998474121094,38.41999816894531,6898800.0
2022-08-05,38.1150016784668,38.720001220703125,38.060001373291016,38.55500030517578,5892000.0
2022-08-08,39.025001525878906,39.31999969482422,38.744998931884766,38.77000045776367,9414200.0
2022-08-09,38.834999084472656,38.849998474121094,38.44499969482422,38.58000183105469,13987200.0
2022-08-10,39.33000183105469,39.900001525878906,39.31999969482422,39.67499923706055,8528200.0
2022-08-11,40.040000915527344,40.314998626708984,39.7599983215332,39.810001373291016,6129200.0
2022-08-12,39.935001373291016,40.56999969482422,39.86000061035156,40.560001373291016,7447200.0
2022-08-15,40.130001068115234,40.595001220703125,39.994998931884766,40.53499984741211,6380200.0
2022-08-16,40.41999816894531,40.935001373291016,40.415000915527344,40.7599983215332,5211400.0
2022-08-17,40.30500030517578,40.39500045776367,39.98500061035156,40.20000076293945,8159600.0
2022-08-18,40.36000061035156,40.42499923706055,40.064998626708984,40.32500076293945,4562800.0
2022-08-19,40.10499954223633,40.10499954223633,39.439998626708984,39.584999084472656,6634400.0
2022-08-22,38.970001220703125,39.16999816894531,38.814998626708984,38.95500183105469,7032000.0
2022-08-23,38.959999084472656,39.53499984741211,38.959999084472656,39.34000015258789,9840000.0
2022-08-24,39.290000915527344,39.56999969482422,39.18000030517578,39.42499923706055,5778200.0
2022-08-25,39.69499969482422,40.334999084472656,39.69499969482422,40.31999969482422,6130800.0
2022-08-26,40.40999984741211,40.44499969482422,39.05500030517578,39.084999084472656,8665800.0
2022-08-29,38.654998779296875,39.130001068115234,38.560001373291016,38.810001373291016,7198800.0
2022-08-30,38.90999984741211,38.935001373291016,37.95000076293945,38.17499923706055,7402600.0
2022-08-31,38.2400016784668,38.2400016784668,37.689998626708984,37.70500183105469,10050800.0
2022-09-01,37.25,37.314998626708984,36.755001068115234,37.209999084472656,11796000.0
2022-09-02,37.7599983215332,38.05500030517578,37.0099983215332,37.17499923706055,14134200.0
2022-09-06,37.38999938964844,37.525001525878906,36.89500045776367,37.060001373291016,12551200.0
2022-09-07,36.959999084472656,38.150001525878906,36.875,38.084999084472656,12192000.0
2022-09-08,37.70500183105469,38.48500061035156,37.56999969482422,38.45500183105469,8796600.0
2022-09-09,38.84000015258789,39.14500045776367,38.73500061035156,39.03499984741211,7296600.0
2022-09-12,39.435001373291016,39.59000015258789,39.15999984741211,39.400001525878906,8099000.0
2022-09-13,38.39500045776367,38.83000183105469,37.900001525878906,37.994998931884766,9404000.0
2022-09-14,37.82500076293945,37.8650016784668,37.165000915527344,37.529998779296875,11562400.0
2022-09-15,37.3849983215332,37.775001525878906,36.970001220703125,37.03499984741211,10417400.0
2022-09-16,36.53499984741211,36.59000015258789,36.05500030517578,36.45000076293945,16265400.0
2022-09-19,35.849998474121094,36.89500045776367,35.80500030517578,36.845001220703125,10323400.0
2022-09-20,36.345001220703125,36.345001220703125,35.875,36.14500045776367,9549600.0
2022-09-21,36.404998779296875,36.47999954223633,35.34000015258789,35.35499954223633,17767400.0
2022-09-22,35.5,35.599998474121094,34.904998779296875,34.93000030517578,11753000.0
2022-09-23,34.33000183105469,34.375,33.70500183105469,34.21500015258789,14010200.0
2022-09-26,33.970001220703125,34.404998779296875,33.4900016784668,33.65999984741211,14978000.0
2022-09-27,34.09000015258789,34.28499984741211,33.42499923706055,33.73500061035156,14157800.0
2022-09-28,33.915000915527344,34.76499938964844,33.78499984741211,34.60499954223633,13507800.0
2022-09-29,34.275001525878906,34.275001525878906,33.599998474121094,34.095001220703125,11454600.0
2022-09-30,34.06999969482422,34.6349983215332,33.900001525878906,34.005001068115234,10820800.0
2022-10-03,34.54999923706055,35.369998931884766,34.35499954223633,35.11000061035156,19858000.0
2022-10-04,35.814998626708984,36.439998626708984,35.755001068115234,36.400001525878906,30250200.0
2022-10-05,35.88999938964844,36.28499984741211,35.584999084472656,35.9900016784668,18429800.0
2022-10-06,35.709999084472656,36.09000015258789,35.52000045776367,35.61000061035156,23953600.0
2022-10-07,35.314998626708984,35.38999938964844,34.505001068115234,34.72999954223633,10183800.0
2022-10-10,34.8650016784668,35.0099983215332,34.57500076293945,34.80500030517578,10391200.0
2022-10-11,34.51499938964844,35.099998474121094,34.290000915527344,34.53499984741211,13918800.0
2022-10-12,34.54499816894531,34.58000183105469,34.255001068115234,34.275001525878906,16029200.0
2022-10-13,33.60499954223633,35.439998626708984,33.43000030517578,35.279998779296875,19446400.0
2022-10-14,35.5099983215332,35.584999084472656,34.029998779296875,34.09000015258789,16595200.0
2022-10-17,34.779998779296875,35.17499923706055,34.73500061035156,34.939998626708984,11471400.0
2022-10-18,35.779998779296875,36.0,35.22999954223633,35.625,15958800.0
2022-10-19,35.3650016784668,35.65999984741211,34.9900016784668,35.20500183105469,8690200.0
2022-10-20,35.255001068115234,35.88999938964844,34.8650016784668,34.95000076293945,11416600.0
2022-10-21,34.8849983215332,36.209999084472656,34.849998474121094,36.15999984741211,16680600.0
2022-10-24,36.30500030517578,36.5,35.880001068115234,35.95000076293945,13474800.0
2022-10-25,35.974998474121094,36.8650016784668,35.93000030517578,36.84000015258789,12002600.0
2022-10-26,37.04999923706055,37.48500061035156,36.790000915527344,37.099998474121094,13530600.0
2022-10-27,37.154998779296875,37.44499969482422,36.935001373291016,37.005001068115234,9954000.0
2022-10-28,36.88999938964844,37.45000076293945,36.709999084472656,37.375,9254800.0
2022-10-31,37.16999816894531,37.474998474121094,36.98500061035156,37.040000915527344,9583400.0
2022-11-01,37.595001220703125,37.6349983215332,36.82500076293945,37.1349983215332,23317600.0
2022-11-02,37.28499984741211,37.60499954223633,36.154998779296875,36.16999816894531,31466600.0
2022-11-03,35.720001220703125,36.69499969482422,35.6349983215332,36.44499969482422,17459000.0
2022-11-04,37.375,37.9900016784668,37.064998626708984,37.709999084472656,19279600.0
2022-11-07,37.94499969482422,38.029998779296875,37.54999923706055,38.005001068115234,11153200.0
2022-11-08,38.224998474121094,39.040000915527344,38.119998931884766,38.65999984741211,12313600.0
2022-11-09,38.47999954223633,38.82500076293945,37.95000076293945,38.03499984741211,13207800.0
2022-11-10,39.58000183105469,40.16999816894531,39.38999938964844,40.13999938964844,17436600.0
2022-11-11,40.59000015258789,41.09000015258789,40.505001068115234,40.625,12982400.0
2022-11-14,40.4900016784668,41.130001068115234,40.45000076293945,40.56999969482422,12733800.0
2022-11-15,41.01499938964844,41.040000915527344,40.11000061035156,40.5099983215332,14455000.0
2022-11-16,40.35499954223633,40.48500061035156,40.03499984741211,40.1150016784668,12797800.0
2022-11-17,39.5,39.755001068115234,39.2400016784668,39.72999954223633,9358600.0
2022-11-18,40.1349983215332,40.1349983215332,39.625,39.994998931884766,7491200.0
2022-11-21,39.709999084472656,40.26499938964844,39.619998931884766,40.130001068115234,7238200.0
2022-11-22,40.43000030517578,41.04999923706055,40.34000015258789,41.040000915527344,7214000.0
2022-11-23,41.0,41.2400016784668,40.89500045776367,41.20000076293945,8495800.0
2022-11-25,41.13999938964844,41.21500015258789,41.04999923706055,41.185001373291016,2456600.0
2022-11-28,40.8849983215332,40.900001525878906,40.185001373291016,40.26499938964844,6464000.0
2022-11-29,40.415000915527344,40.619998931884766,40.290000915527344,40.400001525878906,5673200.0
2022-11-30,40.415000915527344,41.38999938964844,40.040000915527344,41.375,14624800.0
2022-12-01,41.65999984741211,41.70500183105469,41.064998626708984,41.42499923706055,8215800.0
2022-12-02,40.8849983215332,41.9900016784668,40.8849983215332,41.880001068115234,6825000.0
2022-12-05,41.564998626708984,41.72999954223633,40.98500061035156,41.04999923706055,9452400.0
2022-12-06,41.07500076293945,41.32500076293945,40.38999938964844,40.685001373291016,9495600.0
2022-12-07,40.619998931884766,40.994998931884766,40.494998931884766,40.595001220703125,8167200.0
2022-12-08,40.86000061035156,41.10499954223633,40.76499938964844,40.89500045776367,5523800.0
2022-12-09,40.79499816894531,41.14500045776367,40.47999954223633,40.4900016784668,7872400.0
2022-12-12,40.51499938964844,40.849998474121094,40.369998931884766,40.84000015258789,6385800.0
2022-12-13,42.099998474121094,42.18000030517578,41.11000061035156,41.404998779296875,12576000.0
2022-12-14,41.23500061035156,41.5,40.64500045776367,40.959999084472656,15635200.0
2022-12-15,40.26499938964844,40.30500030517578,39.61000061035156,39.709999084472656,10456800.0
2022-12-16,39.39500045776367,39.65999984741211,39.150001525878906,39.540000915527344,14570600.0
2022-12-19,39.209999084472656,39.435001373291016,38.59000015258789,38.775001525878906,6460000.0
2022-12-20,38.845001220703125,39.2599983215332,38.83000183105469,39.029998779296875,5641800.0
2022-12-21,39.23500061035156,39.53499984741211,39.13999938964844,39.369998931884766,5755400.0
2022-12-22,39.09000015258789,39.09000015258789,38.33000183105469,38.9900016784668,6631200.0
2022-12-23,38.9900016784668,39.27000045776367,38.775001525878906,39.2599983215332,6202200.0
2022-12-27,39.35499954223633,39.55500030517578,39.125,39.29499816894531,4868600.0
2022-12-28,39.28499984741211,39.435001373291016,38.665000915527344,38.69499969482422,5046400.0
2022-12-29,38.90999984741211,39.279998779296875,38.90999984741211,39.1150016784668,6446200.0
2022-12-30,38.83000183105469,38.974998474121094,38.51499938964844,38.84000015258789,5818800.0
2023-01-03,38.904998779296875,39.15999984741211,38.44499969482422,38.79999923706055,10684000.0
2023-01-04,38.994998931884766,39.584999084472656,38.970001220703125,39.474998474121094,9742000.0
2023-01-05,38.86000061035156,39.06999969482422,38.56999969482422,38.849998474121094,8212600.0
2023-01-06,39.209999084472656,40.275001525878906,39.209999084472656,40.185001373291016,8729200.0
2023-01-09,40.51499938964844,40.97999954223633,40.30500030517578,40.439998626708984,16791200.0
2023-01-10,40.45500183105469,40.875,40.22999954223633,40.845001220703125,8049000.0
2023-01-11,41.275001525878906,41.505001068115234,41.029998779296875,41.48500061035156,9845800.0
2023-01-12,41.58000183105469,41.7599983215332,41.165000915527344,41.63999938964844,7787600.0
2023-01-13,41.400001525878906,41.97999954223633,41.3650016784668,41.89500045776367,6965200.0
2023-01-17,41.96500015258789,42.04499816894531,41.435001373291016,41.474998474121094,6943000.0
2023-01-18,41.85499954223633,41.915000915527344,40.869998931884766,40.88999938964844,9444600.0
2023-01-19,40.58000183105469,40.744998931884766,40.255001068115234,40.57500076293945,8159800.0
2023-01-20,40.68000030517578,41.41999816894531,40.46500015258789,41.38999938964844,6897400.0
2023-01-23,41.334999084472656,41.70000076293945,41.1349983215332,41.525001525878906,12497400.0
2023-01-24,41.29499816894531,41.61000061035156,40.95000076293945,41.54999923706055,9361000.0
2023-01-25,41.095001220703125,41.650001525878906,40.95500183105469,41.6349983215332,7203800.0
2023-01-26,41.28499984741211,41.85499954223633,41.154998779296875,41.834999084472656,11506200.0
2023-01-27,41.54999923706055,41.994998931884766,41.5099983215332,41.70000076293945,6839400.0
2023-01-30,41.44499969482422,41.939998626708984,41.36000061035156,41.415000915527344,10421400.0
2023-01-31,41.44499969482422,42.34000015258789,41.44499969482422,42.32500076293945,7742600.0
2023-02-01,42.08000183105469,42.95000076293945,41.80500030517578,42.60499954223633,14447200.0
2023-02-02,42.41999816894531,42.595001220703125,41.834999084472656,42.470001220703125,12327800.0
2023-02-03,42.005001068115234,42.34000015258789,41.64500045776367,41.70500183105469,11875800.0
2023-02-06,41.334999084472656,41.5,41.025001525878906,41.244998931884766,12524600.0
2023-02-07,41.189998626708984,41.904998779296875,41.16999816894531,41.79999923706055,15105800.0
2023-02-08,41.58000183105469,41.97999954223633,41.435001373291016,41.46500015258789,10531800.0
2023-02-09,41.78499984741211,41.875,40.68000030517578,40.8650016784668,16661200.0
2023-02-10,40.775001525878906,41.07500076293945,40.529998779296875,41.01499938964844,7016000.0
2023-02-13,41.084999084472656,41.314998626708984,40.81999969482422,41.22999954223633,5498600.0
2023-02-14,41.05500030517578,41.439998626708984,40.849998474121094,41.32500076293945,8215000.0
2023-02-15,41.04999923706055,41.51499938964844,40.939998626708984,41.505001068115234,7956800.0
2023-02-16,40.93000030517578,41.51499938964844,40.83000183105469,41.03499984741211,8673600.0
2023-02-17,40.75,40.790000915527344,40.43000030517578,40.650001525878906,7452400.0
2023-02-21,40.439998626708984,40.58000183105469,39.91999816894531,39.97999954223633,11800600.0
2023-02-22,40.15999984741211,40.47999954223633,39.95500183105469,40.279998779296875,11868800.0
2023-02-23,40.43000030517578,40.599998474121094,39.72999954223633,40.32500076293945,11192400.0
2023-02-24,39.64500045776367,40.650001525878906,39.435001373291016,40.595001220703125,18648200.0
2023-02-27,40.85499954223633,41.1150016784668,40.689998626708984,40.72999954223633,12939600.0
2023-02-28,40.720001220703125,41.18000030517578,40.64500045776367,40.915000915527344,17093600.0
2023-03-01,41.005001068115234,41.6349983215332,41.0,41.23500061035156,15481600.0
2023-03-02,41.02000045776367,41.80500030517578,40.92499923706055,41.70500183105469,12669800.0
2023-03-03,41.97999954223633,42.32500076293945,41.654998779296875,42.29999923706055,11994600.0
2023-03-06,42.1349983215332,42.1349983215332,41.54499816894531,41.6150016784668,10962800.0
2023-03-07,41.459999084472656,41.459999084472656,40.650001525878906,40.79499816894531,13520600.0
2023-03-08,40.814998626708984,41.095001220703125,40.67499923706055,40.994998931884766,11590400.0
2023-03-09,41.025001525878906,41.15999984741211,39.814998626708984,39.939998626708984,12851800.0
2023-03-10,39.95500183105469,39.96500015258789,38.880001068115234,39.09000015258789,26124800.0
2023-03-13,38.70000076293945,39.220001220703125,38.400001525878906,38.689998626708984,40704800.0
2023-03-14,39.255001068115234,39.63999938964844,38.7599983215332,39.185001373291016,16477200.0
2023-03-15,38.17499923706055,38.2599983215332,37.3849983215332,37.915000915527344,28524400.0
2023-03-16,37.55500030517578,38.400001525878906,37.439998626708984,38.349998474121094,21605600.0
2023-03-17,38.21500015258789,38.224998474121094,37.689998626708984,37.755001068115234,19087000.0
2023-03-20,37.8849983215332,38.3849983215332,37.8849983215332,38.3650016784668,14785800.0
2023-03-21,38.814998626708984,38.994998931884766,38.56999969482422,38.83000183105469,9498000.0
2023-03-22,38.76499938964844,39.05500030517578,38.130001068115234,38.13999938964844,14654600.0
2023-03-23,38.310001373291016,38.86000061035156,37.79999923706055,38.095001220703125,13439600.0
2023-03-24,37.80500030517578,38.494998931884766,37.529998779296875,38.404998779296875,13465200.0
2023-03-27,38.80500030517578,38.96500015258789,38.40999984741211,38.689998626708984,10614000.0
2023-03-28,38.685001373291016,38.939998626708984,38.64500045776367,38.875,10248000.0
2023-03-29,39.375,39.439998626708984,39.2400016784668,39.415000915527344,8270200.0
2023-03-30,39.82500076293945,39.849998474121094,39.540000915527344,39.685001373291016,8433400.0
2023-03-31,39.689998626708984,40.349998474121094,39.689998626708984,40.33000183105469,13526200.0
2023-04-03,40.40999984741211,40.689998626708984,40.28499984741211,40.584999084472656,16128600.0
2023-04-04,40.48500061035156,40.505001068115234,39.845001220703125,40.0,17497400.0
2023-04-05,39.70000076293945,39.96500015258789,39.54999923706055,39.90999984741211,18561000.0
2023-04-06,39.64500045776367,39.85499954223633,39.52000045776367,39.814998626708984,19031400.0
2023-04-10,39.65999984741211,40.07500076293945,39.619998931884766,40.005001068115234,9267200.0
2023-04-11,40.185001373291016,40.53499984741211,40.16999816894531,40.314998626708984,7715400.0
2023-04-12,40.595001220703125,40.685001373291016,40.275001525878906,40.345001220703125,11888000.0
2023-04-13,40.369998931884766,40.89500045776367,40.28499984741211,40.7599983215332,18003000.0
2023-04-14,40.65999984741211,40.94499969482422,40.2599983215332,40.46500015258789,8826200.0
2023-04-17,40.48500061035156,40.709999084472656,40.375,40.70000076293945,7366200.0
2023-04-18,40.85499954223633,41.005001068115234,40.68000030517578,40.869998931884766,6766000.0
2023-04-19,40.595001220703125,40.790000915527344,40.5,40.755001068115234,7309600.0
2023-04-20,40.46500015258789,40.84000015258789,40.45500183105469,40.709999084472656,8052000.0
2023-04-21,40.54999923706055,40.595001220703125,40.125,40.349998474121094,10844200.0
2023-04-24,40.415000915527344,40.6349983215332,40.3650016784668,40.625,7731000.0
2023-04-25,40.20000076293945,40.2400016784668,39.724998474121094,39.744998931884766,11966000.0
2023-04-26,39.584999084472656,39.720001220703125,39.14500045776367,39.275001525878906,11910400.0
2023-04-27,39.38999938964844,39.82500076293945,39.165000915527344,39.810001373291016,11826400.0
2023-04-28,39.79499816894531,40.345001220703125,39.685001373291016,40.275001525878906,10143200.0
2023-05-01,40.32500076293945,40.52000045776367,40.18000030517578,40.255001068115234,8416400.0
2023-05-02,39.880001068115234,39.935001373291016,39.22999954223633,39.8650016784668,11681000.0
2023-05-03,39.92499923706055,40.119998931884766,39.40999984741211,39.42499923706055,12701400.0
2023-05-04,39.5099983215332,39.76499938964844,39.07500076293945,39.16999816894531,16655000.0
2023-05-05,39.599998474121094,39.970001220703125,39.564998626708984,39.83000183105469,10267200.0
2023-05-08,40.07500076293945,40.130001068115234,39.63999938964844,39.70000076293945,7680000.0
2023-05-09,39.47999954223633,39.54499816894531,39.18000030517578,39.34000015258789,15114400.0
2023-05-10,39.814998626708984,39.814998626708984,38.935001373291016,39.3650016784668,11730200.0
2023-05-11,38.9900016784668,39.11000061035156,38.79499816894531,38.97999954223633,12849800.0
2023-05-12,39.154998779296875,39.224998474121094,38.71500015258789,39.04999923706055,8287200.0
2023-05-15,39.25,39.40999984741211,39.005001068115234,39.380001068115234,6487200.0
2023-05-16,39.16999816894531,39.209999084472656,38.71500015258789,38.72999954223633,8346400.0
2023-05-17,38.915000915527344,39.13999938964844,38.73500061035156,38.98500061035156,10505600.0
2023-05-18,38.80500030517578,39.255001068115234,38.619998931884766,39.21500015258789,13352400.0
2023-05-19,39.5,39.51499938964844,39.099998474121094,39.314998626708984,9943000.0
2023-05-22,39.39500045776367,39.505001068115234,39.04499816894531,39.11000061035156,8288600.0
2023-05-23,38.82500076293945,38.93000030517578,38.42499923706055,38.505001068115234,10494200.0
2023-05-24,38.34000015258789,38.375,37.9900016784668,38.064998626708984,14127600.0
2023-05-25,38.11000061035156,38.1150016784668,37.720001220703125,37.93000030517578,11713000.0
2023-05-26,38.209999084472656,38.36000061035156,37.95000076293945,38.119998931884766,15882600.0
2023-05-30,38.09000015258789,38.15999984741211,37.625,37.915000915527344,12780600.0
2023-05-31,37.70000076293945,37.82500076293945,37.35499954223633,37.5099983215332,13816800.0
2023-06-01,37.70000076293945,38.119998931884766,37.529998779296875,38.0099983215332,14559600.0
2023-06-02,38.7599983215332,39.375,38.70000076293945,39.28499984741211,17659000.0
2023-06-05,39.3650016784668,39.69499969482422,39.11000061035156,39.255001068115234,14321400.0
2023-06-06,39.095001220703125,39.60499954223633,39.06999969482422,39.505001068115234,15206800.0
2023-06-07,39.415000915527344,40.0099983215332,39.415000915527344,39.974998474121094,13330800.0
2023-06-08,39.994998931884766,40.11000061035156,39.55500030517578,39.83000183105469,11719200.0
2023-06-09,39.67499923706055,39.73500061035156,39.349998474121094,39.5,11621400.0
2023-06-12,39.54499816894531,39.72999954223633,39.26499938964844,39.68000030517578,9691200.0
2023-06-13,39.97999954223633,40.625,39.89500045776367,40.599998474121094,16467200.0
2023-06-14,40.91999816894531,40.95500183105469,40.21500015258789,40.43000030517578,13956600.0
2023-06-15,40.380001068115234,40.935001373291016,40.345001220703125,40.775001525878906,11778200.0
2023-06-16,40.84000015258789,40.89500045776367,40.58000183105469,40.875,16966800.0
2023-06-20,40.26499938964844,40.349998474121094,39.900001525878906,40.125,11739600.0
2023-06-21,39.935001373291016,40.42499923706055,39.814998626708984,40.255001068115234,13355400.0
2023-06-22,40.11000061035156,40.19499969482422,39.779998779296875,40.15999984741211,8650000.0
2023-06-23,39.7400016784668,39.90999984741211,39.53499984741211,39.834999084472656,11953400.0
2023-06-26,39.94499969482422,40.30500030517578,39.849998474121094,40.25,8335800.0
2023-06-27,40.349998474121094,40.849998474121094,40.220001220703125,40.81999969482422,13676200.0
2023-06-28,40.720001220703125,40.720001220703125,40.35499954223633,40.540000915527344,10987000.0
2023-06-29,40.43000030517578,41.06999969482422,40.34000015258789,41.04999923706055,10564000.0
2023-06-30,41.27000045776367,41.540000915527344,41.119998931884766,41.435001373291016,12966600.0
2023-07-03,41.415000915527344,41.77000045776367,41.345001220703125,41.59000015258789,7865600.0
2023-07-05,41.1349983215332,41.17499923706055,40.48500061035156,40.564998626708984,23658800.0
2023-07-06,40.04499816894531,40.29499816894531,39.654998779296875,40.27000045776367,17904200.0
2023-07-07,40.244998931884766,41.025001525878906,40.189998626708984,40.619998931884766,13663000.0
2023-07-10,40.33000183105469,40.85499954223633,40.29499816894531,40.61000061035156,11196200.0
2023-07-11,40.85499954223633,41.040000915527344,40.67499923706055,41.0099983215332,9412000.0
2023-07-12,41.5099983215332,41.67499923706055,41.20500183105469,41.54999923706055,23076800.0
2023-07-13,41.689998626708984,41.92499923706055,41.540000915527344,41.875,9610000.0
2023-07-14,41.89500045776367,41.89500045776367,41.44499969482422,41.630001068115234,11252000.0
2023-07-17,41.4900016784668,41.755001068115234,41.415000915527344,41.66999816894531,9072800.0
2023-07-18,41.51499938964844,42.119998931884766,41.51499938964844,41.994998931884766,11795400.0
2023-07-19,41.939998626708984,42.04999923706055,41.63999938964844,41.77000045776367,10383400.0
2023-07-20,41.904998779296875,41.96500015258789,41.58000183105469,41.869998931884766,9853400.0
2023-07-21,41.75,41.939998626708984,41.540000915527344,41.875,9048000.0
2023-07-24,41.92499923706055,42.08000183105469,41.7400016784668,42.005001068115234,8705600.0
2023-07-25,42.2400016784668,42.91999816894531,42.17499923706055,42.7599983215332,17521000.0
2023-07-26,42.459999084472656,42.72999954223633,42.279998779296875,42.6150016784668,12335200.0
2023-07-27,42.76499938964844,42.88999938964844,42.29999923706055,42.34000015258789,14101400.0
2023-07-28,42.79999923706055,42.80500030517578,42.415000915527344,42.6349983215332,8129600.0
2023-07-31,42.73500061035156,42.93000030517578,42.6150016784668,42.86000061035156,11001200.0
2023-08-01,42.650001525878906,42.845001220703125,42.5,42.66999816894531,15073400.0
2023-08-02,42.279998779296875,42.525001525878906,42.084999084472656,42.13999938964844,20370600.0
2023-08-03,42.01499938964844,42.22999954223633,41.80500030517578,41.880001068115234,18758800.0
2023-08-04,42.09000015258789,42.39500045776367,41.75,41.78499984741211,16990000.0
2023-08-07,41.935001373291016,42.130001068115234,41.755001068115234,42.060001373291016,10322200.0
2023-08-08,41.375,41.69499969482422,41.16999816894531,41.6150016784668,12857600.0
2023-08-09,41.775001525878906,41.86000061035156,41.38999938964844,41.44499969482422,15928200.0
2023-08-10,41.650001525878906,41.88999938964844,41.380001068115234,41.474998474121094,11144800.0
2023-08-11,41.3650016784668,41.56999969482422,41.21500015258789,41.36000061035156,7974600.0
2023-08-14,41.2599983215332,41.45500183105469,41.03499984741211,41.45000076293945,7753400.0
2023-08-15,41.04999923706055,41.13999938964844,40.685001373291016,40.775001525878906,11392600.0
2023-08-16,40.709999084472656,40.915000915527344,40.48500061035156,40.5,10564400.0
2023-08-17,40.779998779296875,41.03499984741211,40.380001068115234,40.41999816894531,10530800.0
2023-08-18,40.185001373291016,40.5099983215332,40.095001220703125,40.415000915527344,9817800.0
2023-08-21,40.51499938964844,40.57500076293945,40.125,40.41999816894531,9705200.0
2023-08-22,40.61000061035156,40.68000030517578,40.26499938964844,40.3849983215332,7218200.0
2023-08-23,40.380001068115234,40.59000015258789,40.279998779296875,40.45000076293945,7004600.0
2023-08-24,40.26499938964844,40.630001068115234,40.224998474121094,40.279998779296875,8140400.0
2023-08-25,40.46500015258789,40.584999084472656,40.060001373291016,40.400001525878906,10757800.0
2023-08-28,40.5099983215332,40.88999938964844,40.4900016784668,40.69499969482422,10101800.0
2023-08-29,40.720001220703125,41.38999938964844,40.58000183105469,41.369998931884766,11751000.0
2023-08-30,41.369998931884766,41.540000915527344,41.29999923706055,41.46500015258789,7597400.0
2023-08-31,41.53499984741211,41.63999938964844,41.400001525878906,41.44499969482422,6560000.0
2023-09-01,41.84000015258789,42.02000045776367,41.75,41.90999984741211,11825400.0
2023-09-05,41.845001220703125,41.880001068115234,41.1349983215332,41.1349983215332,12926400.0
2023-09-06,40.9900016784668,41.23500061035156,40.724998474121094,41.04499816894531,9306200.0
2023-09-07,40.880001068115234,41.025001525878906,40.55500030517578,40.86000061035156,8874400.0
2023-09-08,40.779998779296875,41.07500076293945,40.775001525878906,40.900001525878906,6986400.0
2023-09-11,41.165000915527344,41.3650016784668,40.994998931884766,41.07500076293945,8070600.0
2023-09-12,40.939998626708984,41.16999816894531,40.88999938964844,40.97999954223633,8421400.0
2023-09-13,40.959999084472656,41.04499816894531,40.625,40.7400016784668,9171000.0
2023-09-14,41.165000915527344,41.400001525878906,41.01499938964844,41.314998626708984,8669000.0
2023-09-15,41.20000076293945,41.380001068115234,40.790000915527344,40.85499954223633,13975600.0
2023-09-18,40.61000061035156,40.70000076293945,40.3650016784668,40.4900016784668,7366600.0
2023-09-19,40.46500015258789,40.64500045776367,40.10499954223633,40.45500183105469,8168200.0
2023-09-20,40.61000061035156,40.709999084472656,40.005001068115234,40.029998779296875,9299400.0
2023-09-21,39.7599983215332,39.775001525878906,39.209999084472656,39.224998474121094,13559600.0
2023-09-22,39.33000183105469,39.525001525878906,39.1150016784668,39.185001373291016,12035200.0
2023-09-25,39.03499984741211,39.51499938964844,39.0099983215332,39.494998931884766,8245600.0
2023-09-26,39.255001068115234,39.46500015258789,38.814998626708984,38.92499923706055,10951800.0
2023-09-27,39.119998931884766,39.17499923706055,38.689998626708984,38.91999816894531,11032000.0
2023-09-28,38.9900016784668,39.47999954223633,38.9900016784668,39.34000015258789,9398200.0
2023-09-29,39.71500015258789,39.720001220703125,39.16999816894531,39.275001525878906,11714400.0
2023-10-02,39.119998931884766,39.17499923706055,38.4900016784668,38.755001068115234,22598800.0
2023-10-03,38.36000061035156,39.13999938964844,38.36000061035156,38.650001525878906,26358000.0
2023-10-04,39.04999923706055,39.16999816894531,38.58000183105469,39.10499954223633,17954000.0
2023-10-05,39.005001068115234,39.21500015258789,38.39500045776367,38.630001068115234,20474400.0
2023-10-06,38.529998779296875,39.26499938964844,38.38999938964844,38.994998931884766,16085800.0
2023-10-09,38.77000045776367,39.15999984741211,38.58000183105469,39.04499816894531,12974800.0
2023-10-10,39.26499938964844,39.78499984741211,39.209999084472656,39.459999084472656,13709800.0
2023-10-11,39.619998931884766,39.779998779296875,39.224998474121094,39.55500030517578,9858800.0
2023-10-12,39.724998474121094,39.724998474121094,38.665000915527344,38.96500015258789,12126600.0
2023-10-13,39.15999984741211,39.33000183105469,38.650001525878906,38.81999969482422,11269200.0
2023-10-16,39.11000061035156,39.459999084472656,38.97999954223633,39.20000076293945,12363800.0
2023-10-17,38.915000915527344,39.720001220703125,38.915000915527344,39.584999084472656,11636600.0
2023-10-18,39.32500076293945,39.32500076293945,38.5099983215332,38.560001373291016,13017200.0
2023-10-19,38.41999816894531,38.7400016784668,38.060001373291016,38.11000061035156,18466200.0
2023-10-20,38.095001220703125,38.16999816894531,37.6349983215332,37.650001525878906,14322400.0
2023-10-23,37.28499984741211,37.619998931884766,37.165000915527344,37.22999954223633,18276000.0
2023-10-24,37.53499984741211,37.89500045776367,37.470001220703125,37.66999816894531,14848400.0
2023-10-25,37.595001220703125,37.65999984741211,37.20000076293945,37.22999954223633,12540000.0
2023-10-26,37.5,37.83000183105469,37.380001068115234,37.4900016784668,17553400.0
2023-10-27,37.505001068115234,37.755001068115234,37.3849983215332,37.474998474121094,16473200.0
2023-10-30,37.85499954223633,38.0099983215332,37.59000015258789,37.86000061035156,11954200.0
2023-10-31,37.79499816894531,38.13999938964844,37.70000076293945,38.029998779296875,11162600.0
2023-11-01,37.974998474121094,38.1349983215332,37.65999984741211,38.04999923706055,17561000.0
2023-11-02,38.29999923706055,38.79999923706055,38.275001525878906,38.78499984741211,13101200.0
2023-11-03,39.10499954223633,39.665000915527344,39.10499954223633,39.39500045776367,12129600.0
2023-11-06,39.404998779296875,39.43000030517578,39.1150016784668,39.20000076293945,9337600.0
2023-11-07,38.81999969482422,38.849998474121094,38.38999938964844,38.439998626708984,15016000.0
2023-11-08,38.53499984741211,38.665000915527344,38.310001373291016,38.560001373291016,10941600.0
2023-11-09,38.81999969482422,38.82500076293945,38.20500183105469,38.22999954223633,13878000.0
2023-11-10,38.26499938964844,38.709999084472656,38.21500015258789,38.68000030517578,7248200.0
2023-11-13,38.45500183105469,38.78499984741211,38.404998779296875,38.625,8079400.0
2023-11-14,39.07500076293945,39.94499969482422,39.06999969482422,39.76499938964844,10995800.0
2023-11-15,39.85499954223633,40.30500030517578,39.814998626708984,39.939998626708984,9819800.0
2023-11-16,39.93000030517578,40.10499954223633,39.82500076293945,40.060001373291016,7165600.0
2023-11-17,40.185001373291016,40.27000045776367,40.01499938964844,40.1349983215332,6890000.0
2023-11-20,40.07500076293945,40.33000183105469,39.86000061035156,40.20500183105469,9634600.0
2023-11-21,40.32500076293945,40.5099983215332,40.29499816894531,40.36000061035156,7363000.0
2023-11-22,40.36000061035156,40.44499969482422,40.18000030517578,40.3849983215332,7523000.0
2023-11-24,40.38999938964844,40.69499969482422,40.38999938964844,40.560001373291016,3689800.0
2023-11-27,40.40999984741211,40.55500030517578,40.23500061035156,40.5099983215332,6524600.0
2023-11-28,40.5099983215332,40.810001373291016,40.38999938964844,40.59000015258789,6996200.0
2023-11-29,40.744998931884766,40.98500061035156,40.70500183105469,40.79999923706055,6244400.0
2023-11-30,40.82500076293945,41.2400016784668,40.689998626708984,41.20500183105469,11482400.0
2023-12-01,41.26499938964844,41.81999969482422,41.16999816894531,41.67499923706055,16782800.0
2023-12-04,41.33000183105469,41.630001068115234,41.16999816894531,41.189998626708984,21230000.0
2023-12-05,40.98500061035156,41.0099983215332,40.529998779296875,40.625,17533400.0
2023-12-06,40.80500030517578,40.939998626708984,40.505001068115234,40.540000915527344,16910000.0
2023-12-07,40.69499969482422,40.86000061035156,40.57500076293945,40.814998626708984,8559600.0
2023-12-08,40.78499984741211,41.15999984741211,40.78499984741211,40.96500015258789,8247000.0
2023-12-11,40.88999938964844,41.2599983215332,40.814998626708984,41.255001068115234,9205800.0
2023-12-12,41.63999938964844,41.79999923706055,41.29499816894531,41.494998931884766,20435000.0
2023-12-13,41.04499816894531,42.02000045776367,40.939998626708984,42.0,16392600.0
2023-12-14,42.255001068115234,42.93000030517578,42.255001068115234,42.69499969482422,12713400.0
2023-12-15,42.459999084472656,42.849998474121094,42.459999084472656,42.584999084472656,10811200.0
2023-12-18,42.61000061035156,42.70000076293945,42.32500076293945,42.35499954223633,8052800.0
2023-12-19,42.630001068115234,42.845001220703125,42.584999084472656,42.744998931884766,7285400.0
2023-12-20,42.630001068115234,42.73500061035156,42.08000183105469,42.09000015258789,9358800.0
2023-12-21,42.44499969482422,42.54499816894531,42.25,42.53499984741211,7544400.0
2023-12-22,42.69499969482422,42.89500045776367,42.619998931884766,42.79999923706055,5386600.0
2023-12-26,42.85499954223633,43.125,42.79999923706055,43.0,6731400.0
2023-12-27,42.91999816894531,43.150001525878906,42.869998931884766,43.10499954223633,6819600.0
2023-12-28,43.029998779296875,43.10499954223633,42.904998779296875,42.939998626708984,7214000.0
2023-12-29,42.79499816894531,42.88999938964844,42.685001373291016,42.77000045776367,6992200.0
2024-01-02,42.459999084472656,42.76499938964844,42.400001525878906,42.69499969482422,19924800.0
2024-01-03,42.25,42.45000076293945,41.939998626708984,42.23500061035156,23358600.0
2024-01-04,42.165000915527344,42.36000061035156,42.02000045776367,42.099998474121094,20424200.0
2024-01-05,41.98500061035156,42.404998779296875,41.935001373291016,42.16999816894531,14692800.0
2024-01-08,41.95000076293945,42.36000061035156,41.79999923706055,42.349998474121094,10366200.0
2024-01-09,42.08000183105469,42.08000183105469,41.72999954223633,41.8650016784668,12910400.0
2024-01-10,41.71500015258789,41.849998474121094,41.61000061035156,41.810001373291016,8202800.0
2024-01-11,41.86000061035156,41.86000061035156,41.380001068115234,41.685001373291016,8542200.0
2024-01-12,41.92499923706055,42.02000045776367,41.54499816894531,41.724998474121094,8267800.0
2024-01-16,41.470001220703125,41.54499816894531,41.14500045776367,41.244998931884766,10552800.0
2024-01-17,40.82500076293945,41.09000015258789,40.76499938964844,40.94499969482422,9287600.0
2024-01-18,41.025001525878906,41.1349983215332,40.72999954223633,41.07500076293945,9320800.0
2024-01-19,41.1150016784668,41.189998626708984,40.720001220703125,41.1150016784668,11653600.0
2024-01-22,40.880001068115234,41.310001373291016,40.880001068115234,41.23500061035156,10785200.0
2024-01-23,41.43000030517578,41.55500030517578,41.21500015258789,41.369998931884766,7891600.0
2024-01-24,41.39500045776367,41.5,40.78499984741211,40.810001373291016,10317800.0
2024-01-25,41.005001068115234,41.2599983215332,40.8849983215332,41.2400016784668,9734400.0
2024-01-26,41.38999938964844,41.4900016784668,41.16999816894531,41.255001068115234,7799400.0
2024-01-29,41.224998474121094,41.474998474121094,41.03499984741211,41.459999084472656,7125800.0
2024-01-30,41.375,41.845001220703125,41.29499816894531,41.650001525878906,10851400.0
2024-01-31,41.71500015258789,41.77000045776367,41.064998626708984,41.10499954223633,13478400.0
2024-02-01,41.73500061035156,41.85499954223633,41.23500061035156,41.790000915527344,19793800.0
2024-02-02,41.48500061035156,41.744998931884766,41.09000015258789,41.54499816894531,22920400.0
2024-02-05,40.650001525878906,40.744998931884766,40.369998931884766,40.4900016784668,24886800.0
2024-02-06,40.81999969482422,41.29499816894531,40.81999969482422,41.20500183105469,19053000.0
2024-02-07,41.439998626708984,41.650001525878906,41.41999816894531,41.53499984741211,10820400.0
2024-02-08,41.595001220703125,41.599998474121094,41.185001373291016,41.47999954223633,6798600.0
2024-02-09,41.3849983215332,41.59000015258789,41.26499938964844,41.56999969482422,7636600.0
2024-02-12,41.66999816894531,42.095001220703125,41.6349983215332,41.900001525878906,6796400.0
2024-02-13,41.5,41.619998931884766,41.0099983215332,41.310001373291016,12864600.0
2024-02-14,41.52000045776367,41.654998779296875,41.310001373291016,41.57500076293945,8762000.0
2024-02-15,41.80500030517578,42.42499923706055,41.80500030517578,42.36000061035156,11984000.0
2024-02-16,42.540000915527344,42.875,42.494998931884766,42.584999084472656,9313400.0
2024-02-20,42.560001373291016,42.630001068115234,42.369998931884766,42.494998931884766,9019000.0
2024-02-21,42.48500061035156,42.755001068115234,42.32500076293945,42.72999954223633,8122400.0
2024-02-22,42.810001373291016,43.224998474121094,42.755001068115234,43.15999984741211,9448600.0
2024-02-23,43.25,43.47999954223633,43.14500045776367,43.415000915527344,7079000.0
2024-02-26,43.275001525878906,43.334999084472656,43.10499954223633,43.154998779296875,6653600.0
2024-02-27,43.314998626708984,43.42499923706055,43.189998626708984,43.314998626708984,8254600.0
2024-02-28,43.189998626708984,43.61000061035156,43.07500076293945,43.45000076293945,8994000.0
2024-02-29,43.71500015258789,43.900001525878906,43.564998626708984,43.779998779296875,12247600.0
2024-03-01,43.779998779296875,44.09000015258789,43.744998931884766,43.97999954223633,10401600.0
2024-03-04,44.029998779296875,44.375,43.97999954223633,44.29999923706055,9349200.0
2024-03-05,44.150001525878906,44.435001373291016,43.915000915527344,44.064998626708984,8493800.0
2024-03-06,44.30500030517578,44.54499816894531,44.2400016784668,44.38999938964844,10224000.0
2024-03-07,44.7400016784668,45.14500045776367,44.73500061035156,44.935001373291016,7942200.0
2024-03-08,45.07500076293945,45.099998474121094,44.665000915527344,44.67499923706055,10311200.0
2024-03-11,44.8849983215332,45.369998931884766,44.724998474121094,45.18000030517578,23270600.0
2024-03-12,45.17499923706055,45.23500061035156,44.95500183105469,45.17499923706055,10149400.0
2024-03-13,45.314998626708984,45.83000183105469,45.314998626708984,45.619998931884766,14529200.0
2024-03-14,45.494998931884766,45.599998474121094,45.18000030517578,45.380001068115234,19452000.0
2024-03-15,45.084999084472656,45.599998474121094,45.05500030517578,45.400001525878906,18702600.0
2024-03-18,45.380001068115234,45.68000030517578,45.29999923706055,45.31999969482422,15242400.0
2024-03-19,45.26499938964844,45.404998779296875,45.130001068115234,45.32500076293945,10832800.0
2024-03-20,45.290000915527344,45.94499969482422,45.20000076293945,45.779998779296875,13252400.0
2024-03-21,45.900001525878906,46.040000915527344,45.720001220703125,45.970001220703125,9384200.0
2024-03-22,45.869998931884766,45.97999954223633,45.65999984741211,45.685001373291016,5874600.0
2024-03-25,45.65999984741211,45.8849983215332,45.619998931884766,45.70000076293945,5662600.0
2024-03-26,45.775001525878906,45.86000061035156,45.6349983215332,45.665000915527344,5434400.0
2024-03-27,45.779998779296875,46.334999084472656,45.7400016784668,46.31999969482422,8444400.0
2024-03-28,46.32500076293945,46.60499954223633,46.23500061035156,46.44499969482422,9025200.0
2024-04-01,46.665000915527344,46.665000915527344,46.25,46.334999084472656,7647000.0
2024-04-02,46.290000915527344,46.33000183105469,45.96500015258789,46.165000915527344,9570800.0
2024-04-03,46.21500015258789,46.5,46.17499923706055,46.439998626708984,10022800.0
2024-04-04,46.69499969482422,46.86000061035156,45.8650016784668,45.970001220703125,12658600.0
2024-04-05,45.96500015258789,46.44499969482422,45.92499923706055,46.3849983215332,9804200.0
2024-04-08,46.53499984741211,46.584999084472656,46.29499816894531,46.41999816894531,6522000.0
2024-04-09,46.779998779296875,46.79499816894531,46.05500030517578,46.529998779296875,11350600.0
2024-04-10,45.814998626708984,46.08000183105469,45.63999938964844,45.80500030517578,14113000.0
2024-04-11,45.849998474121094,45.96500015258789,45.53499984741211,45.77000045776367,9900600.0
2024-04-12,45.6349983215332,45.724998474121094,44.7599983215332,44.959999084472656,12113000.0
2024-04-15,45.439998626708984,45.61000061035156,44.59000015258789,44.744998931884766,11506200.0
2024-04-16,44.5,44.63999938964844,44.244998931884766,44.400001525878906,13555600.0
2024-04-17,44.70000076293945,44.900001525878906,44.369998931884766,44.5,9156800.0
2024-04-18,44.86000061035156,44.89500045776367,44.310001373291016,44.51499938964844,7497800.0
2024-04-19,44.630001068115234,44.81999969482422,44.314998626708984,44.47999954223633,10109000.0
2024-04-22,44.23500061035156,44.7599983215332,44.064998626708984,44.525001525878906,8284600.0
2024-04-23,43.970001220703125,44.35499954223633,43.8849983215332,44.13999938964844,11470000.0
2024-04-24,43.959999084472656,44.209999084472656,43.83000183105469,44.16999816894531,9553800.0
2024-04-25,44.16999816894531,44.584999084472656,43.775001525878906,44.48500061035156,9220200.0
2024-04-26,44.505001068115234,44.95000076293945,44.494998931884766,44.7599983215332,6274400.0
2024-04-29,44.959999084472656,45.189998626708984,44.915000915527344,45.1349983215332,5676800.0
2024-04-30,44.7599983215332,44.8650016784668,44.30500030517578,44.314998626708984,9871800.0
2024-05-01,44.47999954223633,45.2599983215332,44.369998931884766,44.54499816894531,15456200.0
2024-05-02,44.30500030517578,44.505001068115234,43.95000076293945,44.314998626708984,15567400.0
2024-05-03,44.685001373291016,44.8849983215332,44.525001525878906,44.76499938964844,8999400.0
2024-05-06,45.040000915527344,45.209999084472656,44.834999084472656,45.03499984741211,6615600.0
2024-05-07,45.20500183105469,45.64500045776367,45.20000076293945,45.56999969482422,8862200.0
2024-05-08,45.400001525878906,45.56999969482422,45.314998626708984,45.36000061035156,6522600.0
2024-05-09,45.47999954223633,45.904998779296875,45.42499923706055,45.8650016784668,7070000.0
2024-05-10,46.060001373291016,46.10499954223633,45.88999938964844,45.91999816894531,5472600.0
2024-05-13,46.005001068115234,46.165000915527344,45.849998474121094,45.88999938964844,5030600.0
2024-05-14,46.01499938964844,46.099998474121094,45.78499984741211,45.935001373291016,7480400.0
2024-05-15,46.25,46.279998779296875,45.80500030517578,46.01499938964844,7922200.0
2024-05-16,46.029998779296875,46.064998626708984,45.65999984741211,45.685001373291016,7245800.0
2024-05-17,45.85499954223633,46.07500076293945,45.78499984741211,46.07500076293945,7256200.0
2024-05-20,46.0099983215332,46.220001220703125,45.88999938964844,46.13999938964844,4544600.0
2024-05-21,46.13999938964844,46.150001525878906,45.935001373291016,46.13999938964844,5425000.0
2024-05-22,45.709999084472656,45.875,45.47999954223633,45.689998626708984,8703200.0
2024-05-23,45.755001068115234,45.79999923706055,45.19499969482422,45.28499984741211,5688000.0
2024-05-24,45.494998931884766,45.7400016784668,45.494998931884766,45.68000030517578,4598000.0
2024-05-28,45.689998626708984,45.75,45.345001220703125,45.505001068115234,4223000.0
2024-05-29,45.07500076293945,45.189998626708984,44.81999969482422,44.85499954223633,8145000.0
2024-05-30,44.76499938964844,45.244998931884766,44.76499938964844,45.220001220703125,6599400.0
2024-05-31,45.26499938964844,45.775001525878906,44.94499969482422,45.76499938964844,8203000.0
2024-06-03,45.755001068115234,45.775001525878906,45.10499954223633,45.494998931884766,11900200.0
2024-06-04,45.130001068115234,45.21500015258789,44.72999954223633,44.9900016784668,6779000.0
2024-06-05,45.0,45.31999969482422,44.810001373291016,45.29999923706055,6820800.0
2024-06-06,45.29999923706055,45.36000061035156,45.099998474121094,45.349998474121094,4238800.0
2024-06-07,44.880001068115234,45.27000045776367,44.70000076293945,44.89500045776367,8359000.0
2024-06-10,44.775001525878906,44.89500045776367,44.67499923706055,44.849998474121094,5223600.0
2024-06-11,44.599998474121094,44.834999084472656,44.41999816894531,44.834999084472656,6457200.0
2024-06-12,45.375,45.5099983215332,44.80500030517578,44.91999816894531,8174200.0
2024-06-13,44.66999816894531,44.959999084472656,44.505001068115234,44.904998779296875,7937200.0
2024-06-14,44.64500045776367,44.720001220703125,44.209999084472656,44.4900016784668,5694400.0
2024-06-17,44.33000183105469,44.89500045776367,44.224998474121094,44.81999969482422,7631200.0
2024-06-18,44.83000183105469,44.994998931884766,44.564998626708984,44.77000045776367,6872200.0
2024-06-20,44.744998931884766,45.03499984741211,44.709999084472656,44.814998626708984,6441000.0
2024-06-21,44.69499969482422,44.904998779296875,44.48500061035156,44.81999969482422,8209800.0
2024-06-24,44.79499816894531,45.08000183105469,44.66999816894531,44.89500045776367,8065200.0
2024-06-25,44.810001373291016,44.81999969482422,44.18000030517578,44.32500076293945,7292200.0
2024-06-26,44.10499954223633,44.334999084472656,43.974998474121094,44.29499816894531,6474600.0
2024-06-27,44.290000915527344,44.310001373291016,44.060001373291016,44.16999816894531,16279600.0
2024-06-28,44.17499923706055,44.47999954223633,44.02000045776367,44.154998779296875,7750600.0
2024-07-01,44.189998626708984,44.35499954223633,43.34000015258789,43.474998474121094,8647400.0
2024-07-02,43.369998931884766,43.67499923706055,43.20500183105469,43.55500030517578,13117200.0
2024-07-03,43.70000076293945,43.9900016784668,43.65999984741211,43.880001068115234,4591200.0
2024-07-05,43.85499954223633,44.005001068115234,43.61000061035156,43.95000076293945,8846800.0
2024-07-08,44.08000183105469,44.23500061035156,43.92499923706055,44.08000183105469,10496800.0
2024-07-09,43.8849983215332,43.974998474121094,43.619998931884766,43.630001068115234,5951000.0
2024-07-10,43.849998474121094,44.2400016784668,43.779998779296875,44.21500015258789,7915400.0
2024-07-11,44.435001373291016,44.8849983215332,44.404998779296875,44.81999969482422,11914000.0
2024-07-12,45.07500076293945,45.46500015258789,44.95500183105469,45.25,9796000.0
2024-07-15,45.255001068115234,45.439998626708984,45.029998779296875,45.1349983215332,6485200.0
2024-07-16,45.095001220703125,46.04999923706055,45.07500076293945,46.0099983215332,7465600.0
2024-07-17,45.98500061035156,46.189998626708984,45.89500045776367,45.915000915527344,8790400.0
2024-07-18,45.64500045776367,46.14500045776367,45.404998779296875,45.459999084472656,8910200.0
2024-07-19,45.244998931884766,45.345001220703125,44.91999816894531,45.05500030517578,9365200.0
2024-07-22,45.16999816894531,45.2599983215332,44.83000183105469,45.20500183105469,7526200.0
2024-07-23,45.34000015258789,45.46500015258789,45.064998626708984,45.3849983215332,6493400.0
2024-07-24,45.46500015258789,45.52000045776367,44.7599983215332,44.80500030517578,8549000.0
2024-07-25,44.599998474121094,45.474998474121094,44.560001373291016,44.93000030517578,10052000.0
2024-07-26,45.224998474121094,45.84000015258789,45.119998931884766,45.665000915527344,7069800.0
2024-07-29,45.69499969482422,45.869998931884766,45.494998931884766,45.744998931884766,7049600.0
2024-07-30,45.584999084472656,45.93000030517578,45.5,45.595001220703125,8502200.0
2024-07-31,45.98500061035156,46.494998931884766,45.834999084472656,46.06999969482422,10466800.0
2024-08-01,46.275001525878906,46.69499969482422,45.595001220703125,45.8849983215332,17134400.0
2024-08-02,45.369998931884766,45.474998474121094,44.42499923706055,45.02000045776367,20945200.0
2024-08-05,44.209999084472656,44.375,43.63999938964844,44.01499938964844,19482800.0
2024-08-06,43.95500183105469,44.80500030517578,43.880001068115234,44.2400016784668,11812200.0
2024-08-07,44.6150016784668,44.79999923706055,43.61000061035156,43.63999938964844,11097400.0
2024-08-08,43.8650016784668,44.40999984741211,43.834999084472656,44.314998626708984,10759000.0
2024-08-09,44.34000015258789,44.42499923706055,43.875,44.279998779296875,5722000.0
2024-08-12,44.33000183105469,44.38999938964844,43.98500061035156,44.084999084472656,5561800.0
2024-08-13,44.2400016784668,44.619998931884766,44.1349983215332,44.525001525878906,6236000.0
2024-08-14,44.6349983215332,44.65999984741211,44.29999923706055,44.525001525878906,7241000.0
2024-08-15,44.95000076293945,45.32500076293945,44.85499954223633,45.22999954223633,7728600.0
2024-08-16,45.150001525878906,45.314998626708984,44.95000076293945,45.28499984741211,5803200.0
2024-08-19,45.290000915527344,45.540000915527344,45.290000915527344,45.5,4586400.0
2024-08-20,45.525001525878906,45.64500045776367,45.290000915527344,45.334999084472656,4834600.0
2024-08-21,45.48500061035156,45.89500045776367,45.46500015258789,45.85499954223633,4611000.0
2024-08-22,45.85499954223633,45.935001373291016,45.599998474121094,45.7599983215332,5684400.0
2024-08-23,45.95000076293945,46.47999954223633,45.91999816894531,46.3650016784668,5797800.0
2024-08-26,46.56999969482422,46.915000915527344,46.494998931884766,46.56999969482422,7663000.0
2024-08-27,46.53499984741211,46.584999084472656,46.275001525878906,46.57500076293945,8845400.0
2024-08-28,46.41999816894531,46.625,46.20500183105469,46.375,6524000.0
2024-08-29,46.540000915527344,46.91999816894531,46.244998931884766,46.630001068115234,6051200.0
2024-08-30,46.7599983215332,47.209999084472656,46.53499984741211,47.13999938964844,8647400.0
2024-09-03,46.45500183105469,46.68000030517578,45.92499923706055,46.06999969482422,9503400.0
2024-09-04,46.185001373291016,46.380001068115234,45.83000183105469,45.880001068115234,6313400.0
2024-09-05,45.974998474121094,46.029998779296875,45.415000915527344,45.52000045776367,7587000.0
2024-09-06,45.45500183105469,45.724998474121094,44.85499954223633,44.94499969482422,10616400.0
2024-09-09,45.20500183105469,45.6150016784668,45.20500183105469,45.380001068115234,6412400.0
2024-09-10,45.36000061035156,45.40999984741211,45.03499984741211,45.400001525878906,6299800.0
2024-09-11,45.400001525878906,45.560001373291016,44.44499969482422,45.5099983215332,7392800.0
2024-09-12,45.654998779296875,45.939998626708984,45.39500045776367,45.93000030517578,5962800.0
2024-09-13,46.064998626708984,46.595001220703125,46.029998779296875,46.345001220703125,6459000.0
2024-09-16,46.54999923706055,46.86000061035156,46.415000915527344,46.775001525878906,5838600.0
2024-09-17,46.79499816894531,47.209999084472656,46.75,46.8650016784668,5881400.0
2024-09-18,46.96500015258789,47.21500015258789,46.54999923706055,46.665000915527344,11155400.0
2024-09-19,47.439998626708984,47.560001373291016,47.11000061035156,47.369998931884766,8351800.0
2024-09-20,47.314998626708984,47.314998626708984,46.849998474121094,47.03499984741211,9617400.0
2024-09-23,47.0099983215332,47.275001525878906,46.90999984741211,47.23500061035156,5159800.0
2024-09-24,47.65999984741211,47.959999084472656,47.564998626708984,47.880001068115234,7918800.0
2024-09-25,48.0099983215332,48.04999923706055,47.45000076293945,47.560001373291016,5815400.0
2024-09-26,48.07500076293945,48.6150016784668,48.07500076293945,48.54499816894531,10243400.0
2024-09-27,48.540000915527344,48.88999938964844,48.36000061035156,48.459999084472656,8498600.0
2024-09-30,48.380001068115234,48.435001373291016,47.82500076293945,48.189998626708984,7373600.0
2024-10-01,48.2400016784668,48.27000045776367,47.849998474121094,48.06999969482422,11546800.0
2024-10-02,47.95000076293945,48.26499938964844,47.7599983215332,47.8849983215332,10571400.0
2024-10-03,47.599998474121094,47.61000061035156,47.224998474121094,47.35499954223633,13542600.0
2024-10-04,47.650001525878906,47.78499984741211,47.290000915527344,47.584999084472656,11380200.0
2024-10-07,47.369998931884766,47.560001373291016,47.18000030517578,47.44499969482422,7800600.0
2024-10-08,47.16999816894531,47.28499984741211,46.91999816894531,47.224998474121094,8933800.0
2024-10-09,47.189998626708984,47.65999984741211,47.1150016784668,47.525001525878906,8562000.0
2024-10-10,47.505001068115234,47.709999084472656,47.30500030517578,47.6349983215332,6764600.0
2024-10-11,47.72999954223633,48.08000183105469,47.65999984741211,47.94499969482422,6631200.0
2024-10-14,47.72999954223633,48.25,47.654998779296875,48.220001220703125,6217000.0
2024-10-15,48.11000061035156,48.564998626708984,48.11000061035156,48.16999816894531,7717600.0
2024-10-16,48.224998474121094,48.63999938964844,48.20500183105469,48.54499816894531,7465800.0
2024-10-17,48.650001525878906,48.72999954223633,48.46500015258789,48.619998931884766,5043600.0
2024-10-18,48.76499938964844,48.935001373291016,48.56999969482422,48.814998626708984,6035600.0
2024-10-21,48.7599983215332,48.834999084472656,48.275001525878906,48.439998626708984,4343200.0
2024-10-22,48.404998779296875,48.47999954223633,47.72999954223633,47.994998931884766,6954000.0
2024-10-23,47.869998931884766,48.130001068115234,47.63999938964844,47.8650016784668,6782600.0
2024-10-24,47.77000045776367,47.8650016784668,47.084999084472656,47.279998779296875,5092000.0
2024-10-25,47.2599983215332,47.45000076293945,46.95500183105469,46.97999954223633,7406600.0
2024-10-28,47.209999084472656,47.435001373291016,47.15999984741211,47.369998931884766,7701600.0
2024-10-29,47.1349983215332,47.345001220703125,47.0099983215332,47.064998626708984,7315600.0
2024-10-30,47.064998626708984,47.6349983215332,47.064998626708984,47.31999969482422,10643600.0
2024-10-31,47.0,47.19499969482422,46.67499923706055,46.69499969482422,8106800.0
2024-11-01,46.72999954223633,46.89500045776367,46.54999923706055,46.564998626708984,6928000.0
2024-11-04,46.81999969482422,47.084999084472656,46.560001373291016,46.77000045776367,15308600.0
2024-11-05,46.65999984741211,47.029998779296875,46.5099983215332,46.84000015258789,7972800.0
2024-11-06,47.869998931884766,47.96500015258789,47.1349983215332,47.48500061035156,12702800.0
2024-11-07,47.61000061035156,47.84000015258789,47.5099983215332,47.66999816894531,19949800.0
2024-11-08,47.494998931884766,47.540000915527344,47.150001525878906,47.23500061035156,8805600.0
2024-11-11,47.185001373291016,47.380001068115234,46.97999954223633,47.029998779296875,7693600.0
2024-11-12,46.79999923706055,46.8650016784668,46.1150016784668,46.22999954223633,7078400.0
2024-11-13,46.26499938964844,46.435001373291016,46.1150016784668,46.34000015258789,6310000.0
2024-11-14,46.275001525878906,46.32500076293945,45.90999984741211,45.959999084472656,5911400.0
2024-11-15,45.939998626708984,46.03499984741211,45.564998626708984,45.63999938964844,6395600.0
2024-11-18,45.724998474121094,45.994998931884766,45.63999938964844,45.994998931884766,7875200.0
2024-11-19,45.650001525878906,45.91999816894531,45.40999984741211,45.845001220703125,6540600.0
2024-11-20,45.869998931884766,46.275001525878906,45.689998626708984,46.220001220703125,8345800.0
2024-11-21,46.22999954223633,46.79999923706055,46.095001220703125,46.78499984741211,8402400.0
2024-11-22,46.744998931884766,47.099998474121094,46.71500015258789,47.04499816894531,5857200.0
2024-11-25,47.23500061035156,47.599998474121094,47.18000030517578,47.529998779296875,7524600.0
2024-11-26,47.40999984741211,47.40999984741211,46.994998931884766,47.17499923706055,6104600.0
2024-11-27,47.244998931884766,47.58000183105469,47.09000015258789,47.150001525878906,14047400.0
2024-11-29,47.154998779296875,47.43000030517578,47.084999084472656,47.38999938964844,4265200.0
2024-12-02,47.439998626708984,47.470001220703125,47.025001525878906,47.36000061035156,12785600.0
2024-12-03,47.54999923706055,47.59000015258789,47.119998931884766,47.209999084472656,11099200.0
2024-12-04,47.025001525878906,47.05500030517578,46.60499954223633,46.75,10865800.0
2024-12-05,46.5,46.56999969482422,45.91999816894531,46.1349983215332,12762800.0
2024-12-06,46.25,46.314998626708984,45.935001373291016,45.95500183105469,7131000.0
2024-12-09,46.31999969482422,46.57500076293945,45.935001373291016,45.94499969482422,9417600.0
2024-12-10,45.88999938964844,45.92499923706055,45.19499969482422,45.474998474121094,7718600.0
2024-12-11,45.625,45.625,45.28499984741211,45.314998626708984,12288200.0
2024-12-12,45.154998779296875,45.279998779296875,44.97999954223633,45.0,7294000.0
2024-12-13,44.84000015258789,44.904998779296875,44.46500015258789,44.6150016784668,8098800.0
2024-12-16,44.525001525878906,44.68000030517578,44.20000076293945,44.220001220703125,10486600.0
2024-12-17,44.025001525878906,44.345001220703125,43.96500015258789,43.974998474121094,8289800.0
2024-12-18,43.95000076293945,44.099998474121094,42.70500183105469,42.724998474121094,14797400.0
2024-12-19,42.76499938964844,43.060001373291016,42.255001068115234,42.26499938964844,12495600.0
2024-12-20,42.189998626708984,43.040000915527344,42.165000915527344,42.790000915527344,14684600.0
2024-12-23,42.51499938964844,42.584999084472656,42.130001068115234,42.53499984741211,11338400.0
2024-12-24,42.54499816894531,42.79999923706055,42.34000015258789,42.76499938964844,5502400.0
2024-12-26,42.59000015258789,42.86000061035156,42.48500061035156,42.70000076293945,6517600.0
2024-12-27,42.48500061035156,42.85499954223633,42.30500030517578,42.470001220703125,8568000.0
2024-12-30,42.19499969482422,42.19499969482422,41.70000076293945,41.900001525878906,7528200.0
2024-12-31,42.040000915527344,42.209999084472656,41.849998474121094,42.06999969482422,8883200.0
2025-01-02,42.27000045776367,42.40999984741211,41.54499816894531,41.60499954223633,20004200.0
2025-01-03,41.7400016784668,41.79499816894531,41.52000045776367,41.595001220703125,19348400.0
2025-01-06,42.005001068115234,42.275001525878906,41.814998626708984,41.875,16602000.0
2025-01-07,41.900001525878906,42.32500076293945,41.63999938964844,41.849998474121094,23069000.0
2025-01-08,41.880001068115234,42.084999084472656,41.58000183105469,42.08000183105469,15743000.0
2025-01-10,41.78499984741211,41.95500183105469,41.540000915527344,41.650001525878906,18553600.0
2025-01-13,41.61000061035156,42.60499954223633,41.57500076293945,42.58000183105469,20014800.0
2025-01-14,42.81999969482422,43.14500045776367,42.709999084472656,43.11000061035156,13084600.0
2025-01-15,43.73500061035156,43.849998474121094,43.23500061035156,43.52000045776367,12564200.0
2025-01-16,43.55500030517578,43.8849983215332,43.435001373291016,43.880001068115234,11550400.0
2025-01-17,44.16999816894531,44.45000076293945,44.0,44.165000915527344,11589000.0
2025-01-21,44.58000183105469,44.85499954223633,44.52000045776367,44.72999954223633,10348000.0
2025-01-22,44.779998779296875,44.79499816894531,44.36000061035156,44.369998931884766,11894200.0
2025-01-23,44.369998931884766,44.6150016784668,44.1349983215332,44.6150016784668,8568400.0
2025-01-24,44.814998626708984,44.83000183105469,44.45500183105469,44.5,6300000.0
2025-01-27,44.40999984741211,44.564998626708984,44.154998779296875,44.525001525878906,12938800.0
2025-01-28,44.630001068115234,44.6349983215332,44.279998779296875,44.380001068115234,9287600.0
2025-01-29,44.209999084472656,44.5099983215332,44.189998626708984,44.29999923706055,9020200.0
2025-01-30,44.209999084472656,44.75,44.130001068115234,44.720001220703125,12398200.0
2025-01-31,44.665000915527344,44.79999923706055,44.21500015258789,44.39500045776367,13902800.0
2025-02-03,43.94499969482422,44.56999969482422,43.46500015258789,44.439998626708984,21249600.0
2025-02-04,44.584999084472656,44.755001068115234,44.44499969482422,44.56999969482422,19718400.0
2025-02-05,44.380001068115234,44.75,44.23500061035156,44.53499984741211,14194200.0
2025-02-06,44.564998626708984,44.80500030517578,44.34000015258789,44.689998626708984,15303000.0
2025-02-07,44.57500076293945,44.64500045776367,44.099998474121094,44.14500045776367,13545600.0
2025-02-10,44.46500015258789,44.51499938964844,44.1349983215332,44.369998931884766,8950400.0
2025-02-11,44.5099983215332,44.915000915527344,44.44499969482422,44.630001068115234,9441800.0
2025-02-12,44.029998779296875,44.53499984741211,43.880001068115234,44.310001373291016,11027200.0
2025-02-13,44.55500030517578,45.1349983215332,44.494998931884766,45.08000183105469,10430600.0
2025-02-14,45.209999084472656,45.435001373291016,44.915000915527344,44.92499923706055,9631400.0
2025-02-18,45.04999923706055,45.494998931884766,44.775001525878906,45.494998931884766,7115800.0
2025-02-19,44.94499969482422,45.099998474121094,44.80500030517578,44.959999084472656,7608000.0
2025-02-20,44.84000015258789,45.01499938964844,44.564998626708984,44.85499954223633,9868600.0
2025-02-21,44.94499969482422,44.95000076293945,43.98500061035156,44.03499984741211,9954000.0
2025-02-24,44.14500045776367,44.2400016784668,43.86000061035156,43.98500061035156,9454200.0
2025-02-25,44.01499938964844,44.46500015258789,43.974998474121094,44.32500076293945,9281200.0
2025-02-26,44.48500061035156,44.720001220703125,44.2599983215332,44.30500030517578,7965000.0
2025-02-27,44.32500076293945,44.60499954223633,43.974998474121094,44.005001068115234,7089000.0
2025-02-28,44.17499923706055,44.415000915527344,43.834999084472656,44.380001068115234,9316600.0
2025-03-03,44.79499816894531,44.95500183105469,43.3849983215332,43.4900016784668,16883200.0
2025-03-04,43.59000015258789,43.59000015258789,42.84000015258789,42.900001525878906,22518600.0
2025-03-05,43.29999923706055,44.1349983215332,43.23500061035156,44.02000045776367,17368600.0
2025-03-06,43.79999923706055,44.209999084472656,43.55500030517578,43.790000915527344,18493600.0
2025-03-07,43.595001220703125,44.095001220703125,43.38999938964844,43.90999984741211,15654600.0
2025-03-10,43.52000045776367,43.77000045776367,42.69499969482422,42.994998931884766,16672800.0
2025-03-11,43.06999969482422,43.10499954223633,42.42499923706055,42.665000915527344,15426200.0
2025-03-12,42.779998779296875,42.84000015258789,42.275001525878906,42.46500015258789,12607200.0
2025-03-13,42.494998931884766,42.93000030517578,42.16999816894531,42.435001373291016,10283000.0
2025-03-14,42.78499984741211,43.05500030517578,42.61000061035156,42.9900016784668,9507400.0
2025-03-17,42.900001525878906,43.665000915527344,42.900001525878906,43.529998779296875,8615000.0
2025-03-18,43.709999084472656,43.709999084472656,43.28499984741211,43.45500183105469,10023800.0
2025-03-19,43.4900016784668,43.76499938964844,43.189998626708984,43.599998474121094,10253600.0
2025-03-20,43.470001220703125,43.69499969482422,43.26499938964844,43.32500076293945,7606200.0
2025-03-21,42.96500015258789,42.96500015258789,42.3650016784668,42.89500045776367,16808800.0
2025-03-24,43.125,43.35499954223633,42.970001220703125,43.27000045776367,9204400.0
2025-03-25,43.404998779296875,43.494998931884766,43.07500076293945,43.2599983215332,7622200.0
2025-03-26,43.30500030517578,43.599998474121094,43.130001068115234,43.34000015258789,8160800.0
2025-03-27,43.21500015258789,43.470001220703125,42.915000915527344,43.31999969482422,6049200.0
2025-03-28,43.42499923706055,43.439998626708984,42.470001220703125,42.525001525878906,9147200.0
2025-03-31,42.375,43.19499969482422,42.03499984741211,42.9900016784668,8881800.0
2025-04-01,42.880001068115234,43.16999816894531,42.494998931884766,43.150001525878906,12197600.0
2025-04-02,42.75,43.564998626708984,42.75,43.505001068115234,11863800.0
2025-04-03,42.11000061035156,42.38999938964844,41.43000030517578,41.540000915527344,18958600.0
2025-04-04,40.54499816894531,40.63999938964844,38.845001220703125,38.939998626708984,29389600.0
2025-04-07,38.07500076293945,39.935001373291016,37.119998931884766,38.314998626708984,50243800.0
2025-04-08,39.209999084472656,39.33000183105469,36.560001373291016,37.1349983215332,27497400.0
2025-04-09,36.93000030517578,40.584999084472656,36.875,40.380001068115234,40440200.0
2025-04-10,39.73500061035156,39.75,38.16999816894531,39.09000015258789,28167600.0
2025-04-11,39.17499923706055,40.54499816894531,38.97999954223633,40.25,17207000.0
2025-04-14,40.724998474121094,40.915000915527344,40.2400016784668,40.73500061035156,10426400.0
2025-04-15,40.564998626708984,40.94499969482422,40.380001068115234,40.415000915527344,8028800.0
2025-04-16,40.45000076293945,40.724998474121094,39.82500076293945,40.099998474121094,10726400.0
2025-04-17,40.21500015258789,40.689998626708984,40.165000915527344,40.375,9535800.0
2025-04-21,40.345001220703125,40.345001220703125,39.38999938964844,39.7599983215332,7885800.0
2025-04-22,40.165000915527344,40.80500030517578,40.165000915527344,40.689998626708984,7293800.0
2025-04-23,41.14500045776367,41.73500061035156,40.61000061035156,40.7400016784668,13337000.0
2025-04-24,40.80500030517578,41.69499969482422,40.654998779296875,41.619998931884766,9995400.0
2025-04-25,41.29499816894531,41.42499923706055,40.974998474121094,41.310001373291016,9400400.0
2025-04-28,41.3650016784668,41.67499923706055,40.97999954223633,41.3849983215332,7779600.0
2025-04-29,41.470001220703125,41.904998779296875,41.27000045776367,41.72999954223633,9526800.0
2025-04-30,41.2400016784668,42.08000183105469,41.02000045776367,41.94499969482422,9867400.0
2025-05-01,41.470001220703125,42.06999969482422,41.45000076293945,41.7599983215332,11208400.0
2025-05-02,42.2599983215332,42.64500045776367,42.11000061035156,42.46500015258789,8572400.0
2025-05-05,42.275001525878906,42.45500183105469,42.09000015258789,42.150001525878906,5679200.0
2025-05-06,42.0099983215332,42.20000076293945,41.73500061035156,41.845001220703125,6111200.0
2025-05-07,41.88999938964844,41.97999954223633,41.45500183105469,41.6150016784668,8746400.0
2025-05-08,41.904998779296875,42.584999084472656,41.79999923706055,42.16999816894531,8063200.0
2025-05-09,42.17499923706055,42.34000015258789,42.040000915527344,42.279998779296875,6360000.0
2025-05-12,43.435001373291016,43.7400016784668,43.040000915527344,43.2599983215332,8798800.0
2025-05-13,43.279998779296875,43.369998931884766,43.029998779296875,43.04499816894531,6839000.0
2025-05-14,42.79999923706055,42.85499954223633,42.41999816894531,42.650001525878906,7891200.0
2025-05-15,42.53499984741211,43.11000061035156,42.505001068115234,43.084999084472656,7114600.0
2025-05-16,43.09000015258789,43.529998779296875,42.84000015258789,43.525001525878906,6426800.0
2025-05-19,43.279998779296875,43.685001373291016,43.09000015258789,43.6349983215332,10166600.0
2025-05-20,43.56999969482422,43.63999938964844,43.375,43.560001373291016,5128600.0
2025-05-21,43.21500015258789,43.45000076293945,42.915000915527344,42.97999954223633,9612400.0
2025-05-22,42.92499923706055,43.119998931884766,42.619998931884766,42.935001373291016,7651000.0
2025-05-23,42.61000061035156,43.005001068115234,42.529998779296875,42.849998474121094,7343200.0
2025-05-27,43.279998779296875,43.61000061035156,43.14500045776367,43.599998474121094,6898600.0
2025-05-28,43.54999923706055,43.55500030517578,42.96500015258789,43.005001068115234,10597000.0
2025-05-29,43.224998474121094,43.2400016784668,42.73500061035156,43.165000915527344,9869600.0
2025-05-30,43.04999923706055,43.22999954223633,42.61000061035156,43.16999816894531,12114200.0
2025-06-02,43.439998626708984,43.44499969482422,43.095001220703125,43.42499923706055,15811000.0
2025-06-03,43.2599983215332,43.8849983215332,43.05500030517578,43.869998931884766,13218200.0
2025-06-04,43.92499923706055,44.154998779296875,43.849998474121094,44.03499984741211,13268000.0
2025-06-05,44.20500183105469,44.224998474121094,43.67499923706055,43.775001525878906,14234800.0
2025-06-06,44.099998474121094,44.224998474121094,43.790000915527344,43.88999938964844,9348400.0
2025-06-09,43.994998931884766,44.474998474121094,43.94499969482422,44.185001373291016,11667000.0
2025-06-10,44.18000030517578,44.494998931884766,44.18000030517578,44.459999084472656,7875200.0
2025-06-11,44.345001220703125,44.38999938964844,43.869998931884766,44.02000045776367,10307800.0
2025-06-12,43.86000061035156,44.23500061035156,43.65999984741211,44.20500183105469,8660000.0
2025-06-13,43.779998779296875,44.25,43.56999969482422,43.689998626708984,14289400.0
2025-06-16,43.8849983215332,44.290000915527344,43.8849983215332,44.060001373291016,10504000.0
2025-06-17,43.939998626708984,43.9900016784668,43.564998626708984,43.630001068115234,9158000.0
2025-06-18,43.67499923706055,43.845001220703125,43.45000076293945,43.505001068115234,8554000.0
2025-06-20,43.755001068115234,43.81999969482422,43.150001525878906,43.209999084472656,13409800.0
2025-06-23,42.994998931884766,43.5099983215332,42.77000045776367,43.470001220703125,10120600.0
2025-06-24,43.564998626708984,43.89500045776367,43.505001068115234,43.83000183105469,8768200.0
2025-06-25,43.744998931884766,43.744998931884766,43.36000061035156,43.40999984741211,8744000.0
2025-06-26,43.625,44.029998779296875,43.625,43.88999938964844,10508600.0
2025-06-27,43.904998779296875,44.13999938964844,43.70000076293945,43.94499969482422,9375600.0
2025-06-30,43.9900016784668,44.0099983215332,43.685001373291016,43.904998779296875,8533800.0
2025-07-01,44.025001525878906,45.29499816894531,43.94499969482422,45.040000915527344,15844200.0
2025-07-02,45.255001068115234,45.72999954223633,45.17499923706055,45.71500015258789,14644200.0
2025-07-03,45.68000030517578,45.845001220703125,45.599998474121094,45.685001373291016,6766000.0
2025-07-07,45.45000076293945,45.61000061035156,45.005001068115234,45.244998931884766,11761600.0
2025-07-08,45.34000015258789,45.7599983215332,45.28499984741211,45.6150016784668,16347600.0
2025-07-09,45.73500061035156,45.939998626708984,45.459999084472656,45.88999938964844,13435600.0
2025-07-10,46.0,46.43000030517578,45.904998779296875,46.1349983215332,12865600.0
2025-07-11,45.63999938964844,45.84000015258789,45.404998779296875,45.7599983215332,11563200.0
2025-07-14,45.57500076293945,45.67499923706055,45.34000015258789,45.505001068115234,12949400.0
2025-07-15,45.58000183105469,45.60499954223633,44.55500030517578,44.56999969482422,14653600.0
2025-07-16,44.625,44.7400016784668,44.16999816894531,44.689998626708984,13615200.0
2025-07-17,44.595001220703125,45.040000915527344,44.53499984741211,45.005001068115234,11840800.0
2025-07-18,45.08000183105469,45.14500045776367,44.84000015258789,45.11000061035156,13623200.0
2025-07-21,45.3849983215332,45.7400016784668,45.290000915527344,45.34000015258789,10631000.0
2025-07-22,45.29499816894531,46.005001068115234,45.27000045776367,45.96500015258789,13651000.0
2025-07-23,46.14500045776367,46.369998931884766,46.040000915527344,46.119998931884766,13494400.0
2025-07-24,45.70000076293945,46.0,45.5099983215332,45.64500045776367,17343400.0
2025-07-25,45.76499938964844,46.209999084472656,45.63999938964844,46.185001373291016,15752800.0
2025-07-28,45.91999816894531,45.98500061035156,45.3849983215332,45.51499938964844,15015000.0
2025-07-29,45.435001373291016,45.439998626708984,45.07500076293945,45.34000015258789,14205800.0
2025-07-30,45.1349983215332,45.18000030517578,44.23500061035156,44.42499923706055,23629400.0
2025-07-31,43.900001525878906,44.40999984741211,43.814998626708984,43.8650016784668,23230600.0
2025-08-01,43.564998626708984,43.584999084472656,43.0099983215332,43.36000061035156,28581800.0
2025-08-04,43.61000061035156,43.97999954223633,43.595001220703125,43.935001373291016,15497000.0
2025-08-05,44.165000915527344,44.334999084472656,43.834999084472656,44.244998931884766,16047000.0
2025-08-06,44.20000076293945,44.310001373291016,43.755001068115234,43.76499938964844,13141000.0
2025-08-07,44.19499969482422,44.26499938964844,43.685001373291016,43.95500183105469,15272600.0
2025-08-08,44.1150016784668,44.31999969482422,43.97999954223633,44.17499923706055,10402600.0
2025-08-11,44.209999084472656,44.400001525878906,43.82500076293945,44.07500076293945,12035600.0
2025-08-12,44.150001525878906,44.689998626708984,44.10499954223633,44.650001525878906,12501200.0
2025-08-13,44.880001068115234,45.5099983215332,44.7599983215332,45.4900016784668,16882200.0
2025-08-14,45.07500076293945,45.09000015258789,44.66999816894531,45.01499938964844,16098600.0
2025-08-15,45.310001373291016,45.310001373291016,44.915000915527344,45.01499938964844,16132200.0
2025-08-18,44.95000076293945,45.04999923706055,44.69499969482422,44.755001068115234,9423000.0
2025-08-19,44.790000915527344,45.244998931884766,44.790000915527344,45.025001525878906,11980200.0
2025-08-20,45.03499984741211,45.34000015258789,44.900001525878906,45.060001373291016,13436000.0
2025-08-21,44.8849983215332,45.29999923706055,44.82500076293945,45.19499969482422,13017600.0
2025-08-22,45.3849983215332,46.31999969482422,45.32500076293945,46.09000015258789,11434200.0
2025-08-25,46.04499816894531,46.099998474121094,45.7599983215332,45.834999084472656,12563800.0
2025-08-26,45.71500015258789,46.0,45.68000030517578,45.959999084472656,8414200.0
2025-08-27,45.7599983215332,46.130001068115234,45.71500015258789,46.07500076293945,8967800.0
2025-08-28,46.20500183105469,46.220001220703125,45.75,46.07500076293945,8557200.0
2025-08-29,46.084999084472656,46.36000061035156,46.025001525878906,46.13999938964844,8288800.0
2025-09-02,45.75,45.845001220703125,45.52000045776367,45.79499816894531,13028600.0
2025-09-03,45.77000045776367,45.81999969482422,45.369998931884766,45.48500061035156,10157600.0
2025-09-04,45.47999954223633,45.685001373291016,45.11000061035156,45.65999984741211,12530000.0
2025-09-05,45.83000183105469,46.349998474121094,45.654998779296875,45.97999954223633,15054400.0
2025-09-08,46.064998626708984,46.064998626708984,45.48500061035156,46.02000045776367,13605800.0
2025-09-09,45.775001525878906,45.95500183105469,45.14500045776367,45.27000045776367,12112400.0
2025-09-10,45.23500061035156,45.6150016784668,45.18000030517578,45.35499954223633,10671600.0
2025-09-11,45.314998626708984,46.349998474121094,45.28499984741211,46.30500030517578,11685200.0
2025-09-12,46.064998626708984,46.2400016784668,45.755001068115234,45.84000015258789,11069400.0
2025-09-15,45.89500045776367,45.915000915527344,45.39500045776367,45.470001220703125,9791400.0
2025-09-16,45.58000183105469,45.66999816894531,45.21500015258789,45.33000183105469,9700400.0
2025-09-17,45.369998931884766,46.22999954223633,45.165000915527344,45.435001373291016,13319600.0
2025-09-18,45.29499816894531,45.57500076293945,45.08000183105469,45.435001373291016,15116000.0
2025-09-19,45.54999923706055,45.58000183105469,45.27000045776367,45.415000915527344,16468200.0
2025-09-22,45.185001373291016,45.33000183105469,44.974998474121094,45.185001373291016,8882400.0
2025-09-23,45.290000915527344,45.630001068115234,44.98500061035156,45.040000915527344,8228800.0
2025-09-24,44.86000061035156,45.084999084472656,44.435001373291016,44.4900016784668,10669600.0
2025-09-25,44.33000183105469,44.34000015258789,43.84000015258789,43.90999984741211,11077200.0
2025-09-26,44.02000045776367,44.494998931884766,43.98500061035156,44.41999816894531,9944600.0
2025-09-29,44.70500183105469,44.73500061035156,44.34000015258789,44.59000015258789,9378800.0
2025-09-30,44.4900016784668,44.845001220703125,44.404998779296875,44.810001373291016,9408200.0
2025-10-01,44.755001068115234,44.86000061035156,44.23500061035156,44.34000015258789,13749800.0
2025-10-02,44.275001525878906,44.880001068115234,44.275001525878906,44.85499954223633,10673800.0
2025-10-03,44.845001220703125,45.16999816894531,44.79999923706055,44.93000030517578,9827600.0
2025-10-06,44.95500183105469,45.1349983215332,44.79499816894531,44.88999938964844,8937800.0
2025-10-07,44.959999084472656,45.13999938964844,44.54999923706055,44.709999084472656,11308800.0
2025-10-08,44.92499923706055,45.119998931884766,44.744998931884766,44.95000076293945,12184200.0
2025-10-09,45.125,45.21500015258789,44.224998474121094,44.334999084472656,13231800.0
2025-10-10,44.41999816894531,44.52000045776367,43.41999816894531,43.42499923706055,22262600.0
2025-10-13,44.01499938964844,44.400001525878906,43.88999938964844,44.1150016784668,11979800.0
2025-10-14,43.709999084472656,44.75,43.625,44.55500030517578,10797400.0
2025-10-15,44.7400016784668,45.0,44.1150016784668,44.35499954223633,10555800.0
2025-10-16,44.57500076293945,44.57500076293945,43.79999923706055,44.025001525878906,13389600.0
2025-10-17,43.994998931884766,44.189998626708984,43.70500183105469,43.939998626708984,12791000.0
2025-10-20,44.33000183105469,44.5,44.189998626708984,44.46500015258789,8425400.0
2025-10-21,44.1349983215332,44.45500183105469,43.994998931884766,44.29499816894531,9335800.0
2025-10-22,44.13999938964844,44.42499923706055,43.98500061035156,44.15999984741211,13133000.0
2025-10-23,44.47999954223633,44.80500030517578,44.369998931884766,44.689998626708984,10682600.0
2025-10-24,44.625,44.79499816894531,44.46500015258789,44.505001068115234,13450400.0
2025-10-27,44.48500061035156,44.689998626708984,44.29499816894531,44.48500061035156,11936600.0
2025-10-28,44.45500183105469,44.77000045776367,44.380001068115234,44.54499816894531,13049400.0
2025-10-29,44.375,44.5099983215332,43.59000015258789,43.66999816894531,20990000.0
2025-10-30,43.375,43.52000045776367,43.060001373291016,43.084999084472656,20798600.0
2025-10-31,42.85499954223633,43.04999923706055,42.52000045776367,42.834999084472656,17528800.0
2025-11-03,42.790000915527344,42.84000015258789,42.14500045776367,42.56999969482422,24127400.0
2025-11-04,42.26499938964844,42.540000915527344,42.03499984741211,42.36000061035156,22164800.0
2025-11-05,42.60499954223633,42.81999969482422,42.47999954223633,42.61000061035156,18828400.0
2025-11-06,42.71500015258789,42.92499923706055,42.369998931884766,42.400001525878906,22407400.0
2025-11-07,42.5099983215332,42.994998931884766,42.35499954223633,42.90999984741211,17975200.0
2025-11-10,43.19499969482422,43.40999984741211,42.834999084472656,43.314998626708984,15233400.0
2025-11-11,43.494998931884766,43.85499954223633,43.39500045776367,43.76499938964844,11641400.0
2025-11-12,43.900001525878906,44.334999084472656,43.86000061035156,44.07500076293945,13923800.0
2025-11-13,44.084999084472656,44.220001220703125,43.75,43.78499984741211,17940400.0
2025-11-14,43.474998474121094,43.72999954223633,43.31999969482422,43.3849983215332,12830000.0
2025-11-17,43.279998779296875,43.400001525878906,42.665000915527344,42.724998474121094,14150800.0
2025-11-18,42.77000045776367,43.060001373291016,42.529998779296875,42.7599983215332,20615000.0
2025-11-19,43.02000045776367,43.04999923706055,42.599998474121094,42.869998931884766,15385800.0
2025-11-20,43.165000915527344,43.35499954223633,42.21500015258789,42.22999954223633,22669200.0
2025-11-21,42.439998626708984,43.505001068115234,42.35499954223633,43.17499923706055,20989200.0
2025-11-24,43.14500045776367,43.36000061035156,42.959999084472656,43.2599983215332,14549600.0
2025-11-25,43.48500061035156,44.005001068115234,43.45500183105469,43.904998779296875,12455800.0
2025-11-26,43.939998626708984,44.560001373291016,43.91999816894531,44.44499969482422,9895200.0
2025-11-28,44.564998626708984,44.875,44.45500183105469,44.70000076293945,4786800.0
2025-12-01,44.63999938964844,44.97999954223633,44.564998626708984,44.59000015258789,13367800.0
2025-12-02,44.68000030517578,44.68000030517578,43.92499923706055,44.185001373291016,12905800.0
2025-12-03,44.380001068115234,44.625,44.345001220703125,44.494998931884766,11841600.0
2025-12-04,44.380001068115234,44.505001068115234,44.125,44.23500061035156,9912600.0
2025-12-05,44.34000015258789,44.63999938964844,44.09000015258789,44.09000015258789,7134000.0
2025-12-08,44.08000183105469,44.099998474121094,43.45000076293945,43.47999954223633,11389100.0
2025-12-09,43.41999816894531,43.81999969482422,43.369998931884766,43.38999938964844,8801100.0
2025-12-10,43.349998474121094,44.34000015258789,43.349998474121094,44.2400016784668,10919500.0
2025-12-11,44.290000915527344,45.220001220703125,44.290000915527344,45.119998931884766,11009200.0
2025-12-12,45.5099983215332,45.58000183105469,44.970001220703125,45.150001525878906,14078600.0
2025-12-15,45.41999816894531,45.439998626708984,44.849998474121094,45.119998931884766,9228800.0
2025-12-16,45.18000030517578,45.209999084472656,44.720001220703125,45.0,9742300.0
2025-12-17,45.0099983215332,45.369998931884766,44.939998626708984,45.189998626708984,10935000.0
2025-12-18,45.27000045776367,45.630001068115234,45.130001068115234,45.16999816894531,8978100.0
2025-12-19,45.20000076293945,45.540000915527344,45.09000015258789,45.369998931884766,10358000.0
2025-12-22,45.38999938964844,45.709999084472656,45.33000183105469,45.66999816894531,9862300.0
2025-12-23,45.779998779296875,45.79999923706055,45.540000915527344,45.75,8424800.0
2025-12-24,45.72999954223633,45.88999938964844,45.61000061035156,45.84000015258789,2767600.0
2025-12-26,45.95000076293945,46.13999938964844,45.86000061035156,46.11000061035156,5035800.0
2025-12-29,45.7400016784668,45.86000061035156,45.540000915527344,45.7400016784668,6370400.0
2025-12-30,45.810001373291016,45.849998474121094,45.630001068115234,45.72999954223633,4432100.0
2025-12-31,45.61000061035156,45.66999816894531,45.33000183105469,45.349998474121094,5704300.0
2026-01-02,45.52000045776367,46.18000030517578,45.27000045776367,46.119998931884766,18031000.0
2026-01-05,46.02000045776367,46.72999954223633,46.0,46.58000183105469,22033700.0
2026-01-06,46.72999954223633,47.630001068115234,46.689998626708984,47.5,18351400.0
2026-01-07,47.34000015258789,47.560001373291016,46.630001068115234,46.68000030517578,16963400.0
2026-01-08,46.40999984741211,47.630001068115234,46.27000045776367,47.5,14918900.0
2026-01-09,47.59000015258789,48.290000915527344,47.560001373291016,48.2599983215332,11769700.0
2026-01-12,48.369998931884766,48.61000061035156,48.20000076293945,48.52000045776367,12672800.0
2026-01-13,48.599998474121094,48.7599983215332,48.38999938964844,48.72999954223633,10797500.0
2026-01-14,48.75,49.13999938964844,48.630001068115234,48.75,16029700.0
2026-01-15,48.77000045776367,49.11000061035156,48.61000061035156,48.959999084472656,17883600.0
2026-01-16,48.56999969482422,48.720001220703125,48.36000061035156,48.68000030517578,10769100.0
2026-01-20,48.349998474121094,48.52000045776367,48.02000045776367,48.189998626708984,17363800.0
2026-01-21,48.81999969482422,49.380001068115234,48.66999816894531,49.2400016784668,16940400.0
2026-01-22,49.369998931884766,49.83000183105469,49.349998474121094,49.52000045776367,14648300.0
2026-01-23,49.459999084472656,49.9900016784668,49.36000061035156,49.970001220703125,19550700.0
2026-01-26,50.41999816894531,50.47999954223633,50.02000045776367,50.029998779296875,13900900.0
2026-01-27,49.869998931884766,50.18000030517578,49.68000030517578,49.97999954223633,10123800.0
2026-01-28,50.119998931884766,50.209999084472656,49.540000915527344,49.95000076293945,13517200.0
2026-01-29,50.45000076293945,50.619998931884766,49.290000915527344,50.0,20503700.0
2026-01-30,49.220001220703125,49.650001525878906,48.810001373291016,49.27000045776367,28082600.0
2026-02-02,49.25,49.810001373291016,49.20000076293945,49.650001525878906,25155300.0
2026-02-03,50.18000030517578,51.220001220703125,50.060001373291016,50.70000076293945,34077400.0
2026-02-04,51.0099983215332,52.02000045776367,51.0099983215332,51.88999938964844,35878600.0
2026-02-05,51.380001068115234,51.52000045776367,50.36000061035156,50.5,25667300.0
2026-02-06,50.86000061035156,51.619998931884766,50.86000061035156,51.5099983215332,14367300.0
2026-02-09,51.470001220703125,52.310001373291016,51.27000045776367,52.18000030517578,12325200.0
2026-02-10,52.150001525878906,52.9900016784668,52.119998931884766,52.90999984741211,18381400.0
2026-02-11,53.11000061035156,53.66999816894531,53.11000061035156,53.619998931884766,24891300.0
2026-02-12,53.66999816894531,54.13999938964844,52.7400016784668,52.83000183105469,30108100.0
2026-02-13,52.540000915527344,53.63999938964844,52.439998626708984,53.310001373291016,19918900.0
2026-02-17,52.70000076293945,52.970001220703125,52.08000183105469,52.70000076293945,20404700.0
2026-02-18,53.0,53.34000015258789,52.7400016784668,53.02000045776367,11992700.0
2026-02-19,52.650001525878906,53.16999816894531,52.43000030517578,52.83000183105469,18340200.0
2026-02-20,52.619998931884766,53.25,52.31999969482422,52.959999084472656,17810500.0
2026-02-23,52.4900016784668,53.099998474121094,52.36000061035156,52.959999084472656,17353800.0
2026-02-24,52.959999084472656,53.5,52.90999984741211,53.36000061035156,13452200.0
2026-02-25,53.72999954223633,53.75,52.66999816894531,53.060001373291016,12379300.0
2026-02-26,52.88999938964844,53.119998931884766,52.349998474121094,53.0,15645100.0
2026-02-27,52.86000061035156,53.4900016784668,52.66999816894531,53.40999984741211,12122700.0
2026-03-02,53.06999969482422,53.38999938964844,52.5099983215332,53.25,19444500.0
2026-03-03,51.66999816894531,52.09000015258789,50.689998626708984,51.939998626708984,27307900.0
2026-03-04,52.31999969482422,52.380001068115234,51.68000030517578,51.91999816894531,17141500.0
2026-03-05,51.599998474121094,51.779998779296875,50.5099983215332,50.83000183105469,19897300.0
2026-03-06,50.310001373291016,50.36000061035156,49.439998626708984,49.86000061035156,23170700.0
2026-03-09,49.2599983215332,50.189998626708984,48.599998474121094,49.9900016784668,22461900.0
2026-03-10,49.9900016784668,50.41999816894531,49.630001068115234,49.880001068115234,19215000.0
2026-03-11,49.72999954223633,49.88999938964844,49.279998779296875,49.84000015258789,12570900.0
2026-03-12,49.790000915527344,50.22999954223633,49.630001068115234,49.68000030517578,19572900.0
2026-03-13,50.029998779296875,50.130001068115234,49.0099983215332,49.189998626708984,17240300.0
2026-03-16,49.459999084472656,49.77000045776367,49.09000015258789,49.400001525878906,15641100.0
2026-03-17,49.68000030517578,49.97999954223633,49.47999954223633,49.52000045776367,12770300.0
2026-03-18,49.18000030517578,49.279998779296875,48.47999954223633,48.47999954223633,16432400.0
2026-03-19,47.63999938964844,48.0,47.220001220703125,47.7400016784668,23546600.0
2026-03-20,47.849998474121094,47.959999084472656,46.72999954223633,46.97999954223633,19735100.0
2026-03-23,47.400001525878906,48.150001525878906,47.36000061035156,47.54999923706055,19208000.0
2026-03-24,47.279998779296875,48.790000915527344,47.2400016784668,48.45000076293945,15814600.0
2026-03-25,49.0,49.45000076293945,48.66999816894531,49.40999984741211,15047100.0
2026-03-26,48.970001220703125,49.72999954223633,48.970001220703125,49.09000015258789,12903500.0
2026-03-27,49.040000915527344,49.290000915527344,48.779998779296875,48.90999984741211,10746100.0
2026-03-30,49.5099983215332,49.7400016784668,48.900001525878906,49.09000015258789,16612900.0
2026-03-31,49.52000045776367,50.22999954223633,49.290000915527344,49.970001220703125,20487800.0
2026-04-01,50.34000015258789,50.65999984741211,50.16999816894531,50.459999084472656,19966800.0
2026-04-02,50.08000183105469,50.91999816894531,49.90999984741211,50.40999984741211,13799900.0
2026-04-06,50.209999084472656,50.43000030517578,49.849998474121094,50.220001220703125,8885600.0
2026-04-07,50.119998931884766,50.31999969482422,49.68000030517578,50.08000183105469,9953400.0
2026-04-08,51.08000183105469,51.779998779296875,50.77000045776367,51.75,14354000.0
2026-04-09,51.560001373291016,52.06999969482422,51.470001220703125,51.66999816894531,7658500.0
2026-04-10,51.93000030517578,52.220001220703125,51.880001068115234,51.959999084472656,6138500.0
2026-04-13,51.689998626708984,52.2599983215332,51.560001373291016,52.189998626708984,9890600.0
2026-04-14,52.2599983215332,52.2599983215332,51.650001525878906,52.0099983215332,8273900.0
2026-04-15,51.900001525878906,51.900001525878906,51.2400016784668,51.380001068115234,20300500.0
2026-04-16,51.52000045776367,51.970001220703125,51.4900016784668,51.75,12382700.0
2026-04-17,51.599998474121094,52.369998931884766,51.470001220703125,51.880001068115234,11796000.0
2026-04-20,51.84000015258789,52.400001525878906,51.66999816894531,52.22999954223633,8558000.0
2026-04-21,52.25,52.56999969482422,51.63999938964844,51.77000045776367,9557700.0
2026-04-22,52.2400016784668,52.41999816894531,51.70000076293945,51.83000183105469,8933000.0
2026-04-23,51.709999084472656,51.900001525878906,51.279998779296875,51.810001373291016,13728200.0
2026-04-24,51.75,52.0,51.33000183105469,51.91999816894531,7420300.0
2026-04-27,52.0,52.18000030517578,51.61000061035156,51.779998779296875,8025900.0
2026-04-28,51.880001068115234,51.97999954223633,51.0099983215332,51.400001525878906,9073000.0
2026-04-29,51.4900016784668,51.5099983215332,50.88999938964844,50.959999084472656,7053300.0
2026-04-30,50.91999816894531,51.709999084472656,50.79999923706055,51.470001220703125,15282700.0
2026-05-01,51.63999938964844,51.77000045776367,51.34000015258789,51.349998474121094,9358200.0
2026-05-04,51.15999984741211,51.2599983215332,50.5,50.650001525878906,10041600.0
2026-05-05,51.040000915527344,51.790000915527344,50.88999938964844,51.529998779296875,10775100.0
2026-05-06,52.31999969482422,52.66999816894531,52.13999938964844,52.40999984741211,10500300.0
2026-05-07,52.599998474121094,52.77000045776367,51.380001068115234,51.400001525878906,13026600.0
2026-05-08,51.810001373291016,51.90999984741211,51.5,51.59000015258789,7600000.0
2026-05-11,51.86000061035156,52.40999984741211,51.83000183105469,52.2599983215332,8586900.0
2026-05-12,52.0,52.290000915527344,51.459999084472656,52.13999938964844,11594700.0
2026-05-13,52.130001068115234,52.52000045776367,52.02000045776367,52.060001373291016,8455400.0
2026-05-14,52.119998931884766,52.25,51.599998474121094,51.66999816894531,10703400.0
2026-05-15,51.0099983215332,51.189998626708984,50.25,50.29999923706055,11192800.0
2026-05-18,50.33000183105469,50.720001220703125,50.06999969482422,50.220001220703125,10543700.0
2026-05-19,49.779998779296875,49.86000061035156,48.88999938964844,49.040000915527344,11881300.0
2026-05-20,48.9900016784668,49.779998779296875,48.900001525878906,49.720001220703125,20467000.0
2026-05-21,49.540000915527344,50.25,49.13999938964844,50.02000045776367,10235900.0
2026-05-22,50.33000183105469,50.5,49.9900016784668,50.290000915527344,6954600.0
2026-05-26,50.68000030517578,51.16999816894531,50.650001525878906,50.9900016784668,8241700.0
2026-05-27,51.0099983215332,51.369998931884766,50.97999954223633,51.18000030517578,9010300.0
2026-05-28,51.06999969482422,51.470001220703125,50.61000061035156,51.36000061035156,10566000.0
2026-05-29,51.279998779296875,51.58000183105469,51.11000061035156,51.150001525878906,11728000.0
2026-06-01,50.650001525878906,51.04999923706055,50.130001068115234,50.91999816894531,24538000.0
2026-06-02,50.81999969482422,51.66999816894531,50.720001220703125,51.52000045776367,19926800.0
2026-06-03,51.349998474121094,52.029998779296875,51.2400016784668,51.630001068115234,12438500.0
2026-06-04,51.83000183105469,52.20000076293945,51.439998626708984,51.619998931884766,9689200.0
2026-06-05,51.40999984741211,51.650001525878906,50.5,50.630001068115234,12395700.0
2026-06-08,50.61000061035156,50.810001373291016,49.90999984741211,49.959999084472656,10994300.0
2026-06-09,50.59000015258789,50.81999969482422,49.84000015258789,50.77000045776367,13510500.0
2026-06-10,50.75,50.86000061035156,49.56999969482422,49.599998474121094,9676500.0
2026-06-11,50.06999969482422,51.33000183105469,50.0,51.220001220703125,12442900.0
2026-06-12,51.709999084472656,52.36000061035156,51.52000045776367,52.18000030517578,15194700.0
2026-06-15,52.869998931884766,53.20000076293945,52.470001220703125,52.5,14993300.0
2026-06-16,52.689998626708984,53.09000015258789,52.63999938964844,52.720001220703125,8430000.0
2026-06-17,52.52000045776367,53.310001373291016,51.86000061035156,52.02000045776367,16228500.0
2026-06-18,52.220001220703125,52.43000030517578,51.7599983215332,51.810001373291016,11934100.0
2026-06-22,51.18000030517578,51.81999969482422,51.150001525878906,51.619998931884766,9088400.0
2026-06-23,51.06999969482422,51.47999954223633,50.790000915527344,50.869998931884766,10273400.0
2026-06-24,50.869998931884766,51.529998779296875,50.790000915527344,51.15999984741211,12425600.0
2026-06-25,51.40999984741211,52.189998626708984,51.27000045776367,51.84000015258789,9655000.0
2026-06-26,51.56999969482422,51.88999938964844,51.380001068115234,51.599998474121094,9233700.0
2026-06-29,51.279998779296875,51.400001525878906,50.25,50.65999984741211,12726100.0
2026-06-30,51.06999969482422,51.189998626708984,50.66999816894531,50.83000183105469,8329100.0
2026-07-01,50.720001220703125,51.470001220703125,50.47999954223633,51.02000045776367,14128800.0
2026-07-02,51.400001525878906,52.029998779296875,51.29999923706055,52.0099983215332,12373700.0
2026-07-06,51.91999816894531,52.040000915527344,51.349998474121094,51.97999954223633,20090500.0
2026-07-07,51.959999084472656,52.119998931884766,51.29999923706055,51.5099983215332,12304900.0
2026-07-08,51.0,51.040000915527344,49.88999938964844,50.15999984741211,13282200.0
2026-07-09,50.369998931884766,50.54999923706055,50.119998931884766,50.2599983215332,10529400.0
2026-07-10,50.290000915527344,51.11000061035156,50.290000915527344,50.88999938964844,7507300.0
2026-07-13,50.970001220703125,51.349998474121094,50.36000061035156,50.58000183105469,9031400.0
2026-07-14,51.150001525878906,51.45000076293945,50.59000015258789,50.63999938964844,8755500.0
2026-07-15,50.65999984741211,50.84000015258789,50.11000061035156,50.5,12323300.0
2026-07-16,50.310001373291016,50.93000030517578,50.279998779296875,50.88999938964844,7147400.0
2026-07-17,50.79999923706055,51.45000076293945,50.38999938964844,50.529998779296875,8670700.0
2026-07-20,50.63999938964844,50.72999954223633,49.880001068115234,50.029998779296875,10680300.0
2026-07-21,50.5,50.540000915527344,49.849998474121094,50.099998474121094,8699800.0
2026-07-22,50.33000183105469,50.970001220703125,50.29999923706055,50.81999969482422,10222300.0
