Date,Open,High,Low,Close,Volume
2018-07-23,50.93000030517578,51.099998474121094,50.650001525878906,51.08000183105469,94800.0
2018-07-24,52.11000061035156,52.11000061035156,51.15999984741211,51.439998626708984,211200.0
2018-07-25,51.529998779296875,51.875,51.380001068115234,51.810001373291016,604300.0
2018-07-26,49.75,50.02000045776367,49.56999969482422,49.85599899291992,833400.0
2018-07-27,49.77000045776367,49.83000183105469,48.63800048828125,48.90999984741211,1111200.0
2018-07-30,49.02000045776367,49.02000045776367,47.86899948120117,48.13999938964844,251300.0
2018-07-31,48.369998931884766,48.77000045776367,48.13999938964844,48.459999084472656,1211400.0
2018-08-01,48.560001373291016,48.77899932861328,48.11899948120117,48.2599983215332,1250400.0
2018-08-02,48.09000015258789,48.65999984741211,47.900001525878906,48.58000183105469,190700.0
2018-08-03,48.09000015258789,48.93000030517578,48.09000015258789,48.90999984741211,117200.0
2018-08-06,48.90999984741211,49.40999984741211,48.81999969482422,49.400001525878906,110200.0
2018-08-07,49.68000030517578,49.79899978637695,49.41999816894531,49.459999084472656,128800.0
2018-08-08,49.54999923706055,49.599998474121094,49.358001708984375,49.41999816894531,114200.0
2018-08-09,49.459999084472656,49.8849983215332,49.459999084472656,49.689998626708984,306400.0
2018-08-10,49.529998779296875,49.529998779296875,49.150001525878906,49.27000045776367,177600.0
2018-08-13,49.33000183105469,49.61000061035156,49.16999816894531,49.20000076293945,261000.0
2018-08-14,49.439998626708984,49.630001068115234,49.11000061035156,49.54999923706055,189800.0
2018-08-15,49.2400016784668,49.29999923706055,48.4900016784668,48.86000061035156,555100.0
2018-08-16,49.189998626708984,49.23500061035156,48.7599983215332,48.84000015258789,177600.0
2018-08-17,48.65999984741211,48.810001373291016,48.400001525878906,48.61000061035156,226900.0
2018-08-20,48.849998474121094,48.849998474121094,48.37099838256836,48.689998626708984,145800.0
2018-08-21,48.95000076293945,49.22999954223633,48.810001373291016,48.9900016784668,384900.0
2018-08-22,48.849998474121094,49.029998779296875,48.75,48.93000030517578,501900.0
2018-08-23,48.880001068115234,49.16999816894531,48.720001220703125,48.72999954223633,283700.0
2018-08-24,48.959999084472656,49.439998626708984,48.880001068115234,49.439998626708984,330900.0
2018-08-27,49.75,50.01900100708008,49.6609992980957,49.91999816894531,299200.0
2018-08-28,50.060001373291016,50.060001373291016,49.63100051879883,49.70000076293945,150200.0
2018-08-29,49.83000183105469,50.02000045776367,49.66999816894531,49.97999954223633,270900.0
2018-08-30,49.810001373291016,50.03499984741211,49.47999954223633,49.66999816894531,344400.0
2018-08-31,49.619998931884766,49.619998931884766,49.04199981689453,49.18000030517578,235000.0
2018-09-04,49.04999923706055,49.04999923706055,48.400001525878906,48.56999969482422,343700.0
2018-09-05,48.52000045776367,48.52000045776367,47.7599983215332,47.939998626708984,773600.0
2018-09-06,47.90999984741211,47.97999954223633,47.16999816894531,47.58000183105469,599600.0
2018-09-07,47.279998779296875,47.95000076293945,47.22999954223633,47.68000030517578,755700.0
2018-09-10,47.97999954223633,47.97999954223633,47.558998107910156,47.779998779296875,310900.0
2018-09-11,47.720001220703125,48.36000061035156,47.65999984741211,48.2599983215332,615700.0
2018-09-12,48.130001068115234,48.25,47.849998474121094,48.119998931884766,713300.0
2018-09-13,48.310001373291016,48.52000045776367,48.209999084472656,48.459999084472656,754500.0
2018-09-14,48.63999938964844,48.63999938964844,48.25,48.369998931884766,1190800.0
2018-09-17,48.41999816894531,48.41999816894531,47.86000061035156,47.900001525878906,810800.0
2018-09-18,47.95000076293945,48.40999984741211,47.900001525878906,48.2400016784668,430100.0
2018-09-19,48.290000915527344,48.41999816894531,47.9900016784668,48.369998931884766,2385200.0
2018-09-20,48.77000045776367,48.95000076293945,48.52000045776367,48.900001525878906,4554200.0
2018-09-21,49.02000045776367,49.040000915527344,48.41999816894531,48.54999923706055,7974600.0
2018-09-24,48.209999084472656,48.619998931884766,48.0099983215332,48.54999923706055,6769400.0
2018-09-25,48.540000915527344,48.650001525878906,48.25,48.56999969482422,3994500.0
2018-09-26,48.650001525878906,49.25,48.599998474121094,48.7599983215332,5688600.0
2018-09-27,49.060001373291016,49.529998779296875,48.88999938964844,49.18000030517578,3649400.0
2018-09-28,49.06999969482422,49.119998931884766,48.79800033569336,49.0,2306600.0
2018-10-01,49.16999816894531,49.220001220703125,48.56999969482422,48.79999923706055,7636900.0
2018-10-02,48.77000045776367,48.9630012512207,48.58000183105469,48.7599983215332,5823500.0
2018-10-03,49.029998779296875,49.189998626708984,48.849998474121094,48.97999954223633,5146200.0
2018-10-04,48.93000030517578,48.93000030517578,47.869998931884766,48.279998779296875,5292200.0
2018-10-05,48.349998474121094,48.529998779296875,47.47999954223633,47.81999969482422,2648400.0
2018-10-08,47.599998474121094,47.83000183105469,47.0099983215332,47.65999984741211,2170000.0
2018-10-09,47.65999984741211,48.119998931884766,47.56999969482422,47.630001068115234,1991400.0
2018-10-10,47.529998779296875,47.540000915527344,45.709999084472656,45.75,4050700.0
2018-10-11,45.65999984741211,46.27000045776367,44.93000030517578,45.36000061035156,8840700.0
2018-10-12,46.439998626708984,46.5,45.59000015258789,46.369998931884766,5877600.0
2018-10-15,46.209999084472656,46.68000030517578,46.0,46.189998626708984,1576900.0
2018-10-16,46.689998626708984,47.505001068115234,46.61000061035156,47.40999984741211,3707300.0
2018-10-17,47.7400016784668,47.7400016784668,47.11000061035156,47.599998474121094,4571000.0
2018-10-18,47.4900016784668,47.4900016784668,46.37699890136719,46.72999954223633,21297200.0
2018-10-19,47.0,47.40999984741211,46.540000915527344,46.720001220703125,3544400.0
2018-10-22,46.9900016784668,47.119998931884766,46.5099983215332,46.689998626708984,2711700.0
2018-10-23,46.029998779296875,46.790000915527344,45.63800048828125,46.59000015258789,2779600.0
2018-10-24,46.58000183105469,46.58000183105469,44.31999969482422,44.369998931884766,3552300.0
2018-10-25,45.16999816894531,46.150001525878906,45.16999816894531,45.84000015258789,3391700.0
2018-10-26,44.43000030517578,45.599998474121094,44.040000915527344,44.599998474121094,5229100.0
2018-10-29,45.29999923706055,45.599998474121094,43.06999969482422,43.90999984741211,3491000.0
2018-10-30,43.84000015258789,45.16999816894531,43.665000915527344,45.11000061035156,6283600.0
2018-10-31,45.9900016784668,46.54999923706055,45.790000915527344,46.040000915527344,3577200.0
2018-11-01,46.189998626708984,46.40999984741211,45.7400016784668,46.310001373291016,2550000.0
2018-11-02,46.45000076293945,46.74800109863281,45.540000915527344,45.84000015258789,2628600.0
2018-11-05,45.93000030517578,45.93000030517578,45.31999969482422,45.650001525878906,2439500.0
2018-11-06,45.70000076293945,46.18000030517578,45.56999969482422,45.91999816894531,2040300.0
2018-11-07,46.38999938964844,46.790000915527344,46.16999816894531,46.7599983215332,2705800.0
2018-11-08,46.790000915527344,46.790000915527344,46.04999923706055,46.31999969482422,1295700.0
2018-11-09,45.7400016784668,45.90999984741211,45.0099983215332,45.369998931884766,2234500.0
2018-11-12,45.31999969482422,45.369998931884766,44.5,44.689998626708984,1203700.0
2018-11-13,44.88999938964844,45.290000915527344,44.459999084472656,44.54999923706055,2186100.0
2018-11-14,45.029998779296875,45.150001525878906,44.40999984741211,44.77000045776367,2137500.0
2018-11-15,44.560001373291016,45.18000030517578,44.13600158691406,45.099998474121094,3864100.0
2018-11-16,44.84000015258789,45.04999923706055,44.45000076293945,44.880001068115234,2092100.0
2018-11-19,44.72999954223633,44.7599983215332,43.38999938964844,43.52000045776367,2358000.0
2018-11-20,42.7400016784668,43.41999816894531,42.380001068115234,42.95000076293945,5028200.0
2018-11-21,43.38999938964844,43.86000061035156,43.31999969482422,43.459999084472656,3187400.0
2018-11-23,43.189998626708984,43.33000183105469,42.88999938964844,42.88999938964844,667100.0
2018-11-26,43.38999938964844,43.880001068115234,43.279998779296875,43.869998931884766,2563700.0
2018-11-27,43.720001220703125,44.150001525878906,43.529998779296875,44.0099983215332,2114400.0
2018-11-28,44.2400016784668,44.93000030517578,43.72999954223633,44.93000030517578,2707400.0
2018-11-29,44.689998626708984,45.30500030517578,44.53499984741211,45.08000183105469,2247700.0
2018-11-30,45.15999984741211,45.15999984741211,44.63999938964844,45.0099983215332,5563500.0
2018-12-03,45.97999954223633,45.97999954223633,44.900001525878906,45.08000183105469,5790400.0
2018-12-04,45.0,45.2599983215332,43.650001525878906,43.75,3268000.0
2018-12-06,43.099998474121094,44.2400016784668,42.970001220703125,44.2400016784668,3560400.0
2018-12-07,44.09000015258789,44.45000076293945,43.209999084472656,43.400001525878906,2625800.0
2018-12-10,43.52000045776367,43.939998626708984,42.90700149536133,43.72999954223633,3379500.0
2018-12-11,44.2599983215332,44.36000061035156,43.529998779296875,43.77000045776367,4425900.0
2018-12-12,44.18000030517578,44.83000183105469,44.18000030517578,44.2400016784668,3352600.0
2018-12-13,44.380001068115234,44.540000915527344,43.7599983215332,44.040000915527344,1984100.0
2018-12-14,43.59000015258789,44.13999938964844,43.52000045776367,43.61000061035156,1910800.0
2018-12-17,43.45000076293945,43.84000015258789,42.439998626708984,42.7599983215332,3275000.0
2018-12-18,42.9900016784668,43.41999816894531,42.70000076293945,42.95000076293945,3597400.0
2018-12-19,42.88999938964844,43.56999969482422,41.790000915527344,42.029998779296875,5714100.0
2018-12-20,41.779998779296875,42.209999084472656,40.766998291015625,41.290000915527344,9067000.0
2018-12-21,41.2599983215332,41.61000061035156,39.5,39.810001373291016,7987400.0
2018-12-24,39.529998779296875,40.15999984741211,38.970001220703125,38.970001220703125,3888500.0
2018-12-26,39.27000045776367,41.18000030517578,39.04100036621094,41.15999984741211,4104000.0
2018-12-27,40.59000015258789,41.349998474121094,39.75,41.349998474121094,3768600.0
2018-12-28,41.5099983215332,41.84000015258789,40.959999084472656,41.220001220703125,2631900.0
2018-12-31,41.540000915527344,41.68000030517578,40.7599983215332,41.279998779296875,5303600.0
2019-01-02,40.599998474121094,42.03499984741211,40.52000045776367,41.83000183105469,4625800.0
2019-01-03,41.560001373291016,41.880001068115234,41.060001373291016,41.130001068115234,3433700.0
2019-01-04,41.810001373291016,43.0099983215332,41.66999816894531,42.900001525878906,2647900.0
2019-01-07,42.95000076293945,43.56999969482422,42.810001373291016,43.38999938964844,4048400.0
2019-01-08,43.810001373291016,44.18000030517578,43.4900016784668,44.119998931884766,2144800.0
2019-01-09,44.2599983215332,44.290000915527344,43.790000915527344,44.18000030517578,1840800.0
2019-01-10,43.9900016784668,44.33000183105469,43.65999984741211,44.27000045776367,1340500.0
2019-01-11,43.9900016784668,44.119998931884766,43.65999984741211,44.04999923706055,1227900.0
2019-01-14,43.7599983215332,44.0620002746582,43.54999923706055,43.88999938964844,2344900.0
2019-01-15,44.11000061035156,44.720001220703125,44.029998779296875,44.619998931884766,2459700.0
2019-01-16,44.66999816894531,44.779998779296875,44.369998931884766,44.43000030517578,20343800.0
2019-01-17,44.33000183105469,44.72999954223633,44.189998626708984,44.61000061035156,3311000.0
2019-01-18,44.939998626708984,45.275001525878906,44.7599983215332,44.970001220703125,3375800.0
2019-01-22,44.65999984741211,44.720001220703125,43.7599983215332,44.040000915527344,4343200.0
2019-01-23,44.290000915527344,44.369998931884766,43.439998626708984,43.84000015258789,2540500.0
2019-01-24,43.81999969482422,44.09000015258789,43.59000015258789,44.040000915527344,2878700.0
2019-01-25,44.43000030517578,44.7400016784668,44.349998474121094,44.599998474121094,3341100.0
2019-01-28,44.18000030517578,44.27000045776367,43.82099914550781,44.209999084472656,4328200.0
2019-01-29,44.18000030517578,44.189998626708984,43.54999923706055,43.689998626708984,1138100.0
2019-01-30,43.95000076293945,44.40399932861328,43.5099983215332,44.31999969482422,2578000.0
2019-01-31,45.5,46.31999969482422,45.40999984741211,46.130001068115234,4798700.0
2019-02-01,46.029998779296875,46.36000061035156,45.90999984741211,45.970001220703125,4395100.0
2019-02-04,46.0099983215332,46.400001525878906,45.86000061035156,46.400001525878906,3703100.0
2019-02-05,46.36000061035156,46.95000076293945,46.33000183105469,46.90999984741211,2388600.0
2019-02-06,46.529998779296875,46.529998779296875,45.7599983215332,45.86000061035156,3748900.0
2019-02-07,45.45000076293945,45.5890007019043,44.93000030517578,45.41999816894531,2341500.0
2019-02-08,45.099998474121094,45.72999954223633,45.060001373291016,45.72999954223633,2600400.0
2019-02-11,45.91999816894531,46.02000045776367,45.22999954223633,45.2599983215332,2061100.0
2019-02-12,45.689998626708984,45.939998626708984,45.66999816894531,45.779998779296875,2442900.0
2019-02-13,45.970001220703125,46.16999816894531,45.77000045776367,45.810001373291016,3620700.0
2019-02-14,45.56999969482422,46.1879997253418,45.380001068115234,45.97999954223633,2103300.0
2019-02-15,46.29999923706055,46.29999923706055,45.939998626708984,46.18000030517578,2283500.0
2019-02-19,46.04999923706055,46.400001525878906,45.97999954223633,46.22999954223633,4218800.0
2019-02-20,46.279998779296875,46.380001068115234,45.81999969482422,46.06999969482422,3566300.0
2019-02-21,45.959999084472656,45.987998962402344,45.470001220703125,45.63999938964844,2631200.0
2019-02-22,45.83000183105469,46.09000015258789,45.720001220703125,46.06999969482422,4005400.0
2019-02-25,46.34000015258789,46.404998779296875,46.08000183105469,46.119998931884766,2410800.0
2019-02-26,45.97999954223633,46.33399963378906,45.849998474121094,46.119998931884766,4704600.0
2019-02-27,45.90999984741211,46.08000183105469,45.560001373291016,45.88999938964844,4009800.0
2019-02-28,45.849998474121094,46.06999969482422,45.810001373291016,45.91999816894531,2374200.0
2019-03-01,46.220001220703125,46.29999923706055,46.0099983215332,46.279998779296875,7114200.0
2019-03-04,46.5099983215332,46.630001068115234,45.744998931884766,46.34000015258789,2906600.0
2019-03-05,46.349998474121094,46.7599983215332,46.119998931884766,46.630001068115234,2805900.0
2019-03-06,46.709999084472656,46.80799865722656,46.470001220703125,46.61000061035156,6131600.0
2019-03-07,46.54999923706055,46.54999923706055,45.970001220703125,46.20000076293945,3377700.0
2019-03-08,45.70000076293945,46.20000076293945,45.560001373291016,46.16999816894531,2566500.0
2019-03-11,46.290000915527344,47.0099983215332,46.290000915527344,47.0,3594000.0
2019-03-12,47.09000015258789,47.349998474121094,47.06999969482422,47.209999084472656,8112500.0
2019-03-13,47.380001068115234,47.529998779296875,47.20000076293945,47.349998474121094,3486900.0
2019-03-14,47.20000076293945,47.29999923706055,47.0,47.13999938964844,3539800.0
2019-03-15,47.119998931884766,47.15999984741211,46.75699996948242,47.02000045776367,6868900.0
2019-03-18,46.81999969482422,46.869998931884766,46.51499938964844,46.619998931884766,2807200.0
2019-03-19,46.79999923706055,47.06999969482422,46.51499938964844,46.70000076293945,3570800.0
2019-03-20,46.70000076293945,47.2599983215332,46.529998779296875,47.119998931884766,7390700.0
2019-03-21,46.970001220703125,47.777000427246094,46.93000030517578,47.7400016784668,3183200.0
2019-03-22,47.52000045776367,47.71699905395508,46.83000183105469,46.970001220703125,5174600.0
2019-03-25,46.84000015258789,47.119998931884766,46.59000015258789,46.88999938964844,2408500.0
2019-03-26,47.130001068115234,47.540000915527344,46.90999984741211,47.119998931884766,2488600.0
2019-03-27,47.18000030517578,47.279998779296875,46.529998779296875,46.779998779296875,2465700.0
2019-03-28,46.7400016784668,46.79999923706055,46.439998626708984,46.66999816894531,1891100.0
2019-03-29,46.91999816894531,46.959999084472656,46.400001525878906,46.77000045776367,2542900.0
2019-04-01,47.130001068115234,47.52000045776367,47.130001068115234,47.47999954223633,4249700.0
2019-04-02,47.619998931884766,47.79999923706055,47.457000732421875,47.72999954223633,3323300.0
2019-04-03,47.95000076293945,48.33000183105469,47.810001373291016,47.90999984741211,2303600.0
2019-04-04,48.11000061035156,48.3489990234375,47.939998626708984,48.18000030517578,2788100.0
2019-04-05,48.349998474121094,48.36000061035156,48.16999816894531,48.31999969482422,2379700.0
2019-04-08,48.2599983215332,48.279998779296875,47.9900016784668,48.22999954223633,2340500.0
2019-04-09,48.119998931884766,48.439998626708984,48.11000061035156,48.36000061035156,4872800.0
2019-04-10,48.470001220703125,48.599998474121094,48.29999923706055,48.56999969482422,2265200.0
2019-04-11,48.65999984741211,48.720001220703125,48.51499938964844,48.599998474121094,2115300.0
2019-04-12,48.970001220703125,49.060001373291016,48.79499816894531,49.02000045776367,4894100.0
2019-04-15,49.029998779296875,49.064998626708984,48.689998626708984,48.97999954223633,2345700.0
2019-04-16,49.119998931884766,49.16999816894531,48.84000015258789,49.029998779296875,2157000.0
2019-04-17,49.220001220703125,49.244998931884766,49.0099983215332,49.119998931884766,2826000.0
2019-04-18,49.25,49.25,49.0099983215332,49.150001525878906,1755100.0
2019-04-22,49.04999923706055,49.369998931884766,49.00199890136719,49.369998931884766,2126800.0
2019-04-23,49.630001068115234,50.150001525878906,49.5099983215332,50.029998779296875,3929800.0
2019-04-24,50.040000915527344,50.04999923706055,49.720001220703125,49.79999923706055,3311500.0
2019-04-25,50.65999984741211,50.66999816894531,50.20000076293945,50.36000061035156,3064600.0
2019-04-26,50.4900016784668,50.779998779296875,50.22999954223633,50.7599983215332,2076600.0
2019-04-29,50.869998931884766,51.34000015258789,50.869998931884766,51.220001220703125,1340700.0
2019-04-30,50.279998779296875,50.41999816894531,49.8849983215332,50.06999969482422,3197100.0
2019-05-01,50.279998779296875,50.375,49.80500030517578,49.810001373291016,4262700.0
2019-05-02,49.849998474121094,49.970001220703125,49.189998626708984,49.61000061035156,4680800.0
2019-05-03,49.869998931884766,50.119998931884766,49.685001373291016,50.09000015258789,2050400.0
2019-05-06,49.27000045776367,50.09000015258789,49.2599983215332,50.0099983215332,3159800.0
2019-05-07,49.720001220703125,49.83000183105469,48.810001373291016,49.20000076293945,4342100.0
2019-05-08,49.220001220703125,49.40999984741211,49.06999969482422,49.119998931884766,3453500.0
2019-05-09,48.72999954223633,49.150001525878906,48.459999084472656,48.970001220703125,4241500.0
2019-05-10,48.869998931884766,49.28799819946289,48.16999816894531,49.11000061035156,2900500.0
2019-05-13,48.119998931884766,48.41999816894531,47.45000076293945,47.59000015258789,8211000.0
2019-05-14,47.869998931884766,48.279998779296875,47.540000915527344,47.86000061035156,5332000.0
2019-05-15,47.61000061035156,49.08000183105469,47.61000061035156,48.93000030517578,7292700.0
2019-05-16,48.959999084472656,49.61000061035156,48.88199996948242,49.36000061035156,4627100.0
2019-05-17,48.939998626708984,49.5099983215332,48.880001068115234,49.0,3662800.0
2019-05-20,48.5,48.58000183105469,48.060001373291016,48.189998626708984,3854100.0
2019-05-21,48.58000183105469,48.810001373291016,48.380001068115234,48.720001220703125,3023900.0
2019-05-22,48.56999969482422,48.9900016784668,48.56999969482422,48.66999816894531,2793700.0
2019-05-23,48.18000030517578,48.31999969482422,47.709999084472656,47.9900016784668,2570200.0
2019-05-24,48.27000045776367,48.41999816894531,47.95000076293945,47.97999954223633,3442300.0
2019-05-28,48.18000030517578,48.61000061035156,48.13999938964844,48.189998626708984,2793400.0
2019-05-29,47.9900016784668,48.04999923706055,47.505001068115234,47.720001220703125,2512500.0
2019-05-30,47.81999969482422,47.96699905395508,47.58000183105469,47.83000183105469,2520600.0
2019-05-31,47.27000045776367,47.38600158691406,47.02000045776367,47.09000015258789,2484800.0
2019-06-03,46.630001068115234,46.630001068115234,45.310001373291016,45.61000061035156,7155200.0
2019-06-04,45.9900016784668,46.59000015258789,45.66999816894531,46.59000015258789,7110700.0
2019-06-05,46.720001220703125,46.720001220703125,46.16999816894531,46.61000061035156,5526400.0
2019-06-06,46.70000076293945,46.88999938964844,46.44900131225586,46.810001373291016,3175900.0
2019-06-07,47.0099983215332,47.72999954223633,46.970001220703125,47.56999969482422,3345600.0
2019-06-10,47.869998931884766,48.040000915527344,47.459999084472656,47.529998779296875,5163000.0
2019-06-11,48.04999923706055,48.16999816894531,47.672000885009766,47.72999954223633,2869800.0
2019-06-12,47.709999084472656,47.900001525878906,47.32500076293945,47.5,2459400.0
2019-06-13,47.650001525878906,48.04999923706055,47.540000915527344,48.029998779296875,6500400.0
2019-06-14,48.11000061035156,48.2599983215332,47.939998626708984,48.119998931884766,2734900.0
2019-06-17,48.29999923706055,48.790000915527344,48.2599983215332,48.66999816894531,4248700.0
2019-06-18,49.33000183105469,49.56999969482422,48.869998931884766,48.939998626708984,3843500.0
2019-06-19,48.939998626708984,49.06999969482422,48.599998474121094,49.0,3319400.0
2019-06-20,49.61000061035156,49.63399887084961,48.959999084472656,49.310001373291016,3340000.0
2019-06-21,49.11000061035156,49.47999954223633,49.060001373291016,49.400001525878906,10006600.0
2019-06-24,49.4900016784668,49.619998931884766,49.31999969482422,49.52000045776367,5236900.0
2019-06-25,49.5,49.5,48.505001068115234,48.599998474121094,2431900.0
2019-06-26,48.75,48.959999084472656,48.31999969482422,48.40999984741211,2380900.0
2019-06-27,48.7400016784668,48.84000015258789,48.52000045776367,48.75,1984700.0
2019-06-28,48.880001068115234,49.2599983215332,48.720001220703125,49.220001220703125,6084800.0
2019-07-01,49.77000045776367,49.88999938964844,49.43000030517578,49.619998931884766,2851800.0
2019-07-02,49.63999938964844,50.11000061035156,49.63999938964844,50.08000183105469,2336600.0
2019-07-03,50.209999084472656,50.459999084472656,50.11000061035156,50.34000015258789,1260700.0
2019-07-05,50.189998626708984,50.47999954223633,49.86000061035156,50.40999984741211,3006100.0
2019-07-08,50.209999084472656,50.21500015258789,49.84000015258789,49.959999084472656,1152800.0
2019-07-09,49.779998779296875,50.349998474121094,49.709999084472656,50.27000045776367,1714900.0
2019-07-10,50.599998474121094,50.89500045776367,50.400001525878906,50.84000015258789,2294400.0
2019-07-11,50.95000076293945,51.06999969482422,50.65999984741211,50.869998931884766,5463100.0
2019-07-12,50.86000061035156,51.25,50.779998779296875,51.2400016784668,2621800.0
2019-07-15,51.27000045776367,51.310001373291016,50.970001220703125,51.25,4075900.0
2019-07-16,51.279998779296875,51.349998474121094,51.040000915527344,51.130001068115234,2540800.0
2019-07-17,51.150001525878906,51.220001220703125,50.650001525878906,50.650001525878906,4760700.0
2019-07-18,50.18000030517578,50.31999969482422,49.845001220703125,50.2400016784668,1813800.0
2019-07-19,50.45000076293945,50.45000076293945,49.54999923706055,49.59000015258789,1979600.0
2019-07-22,49.7400016784668,49.79999923706055,49.45500183105469,49.779998779296875,2391500.0
2019-07-23,49.939998626708984,49.97999954223633,49.5,49.970001220703125,2624700.0
2019-07-24,49.599998474121094,50.459999084472656,49.560001373291016,50.40999984741211,1840700.0
2019-07-25,50.4900016784668,50.63999938964844,49.97999954223633,50.279998779296875,2192600.0
2019-07-26,51.16999816894531,51.869998931884766,51.13999938964844,51.720001220703125,5049700.0
2019-07-29,51.63999938964844,51.63999938964844,51.16999816894531,51.43000030517578,2582300.0
2019-07-30,51.11000061035156,51.39799880981445,51.040000915527344,51.189998626708984,2095800.0
2019-07-31,51.220001220703125,51.5099983215332,50.34000015258789,50.779998779296875,2090800.0
2019-08-01,50.91999816894531,51.599998474121094,50.33100128173828,50.540000915527344,4095700.0
2019-08-02,50.290000915527344,50.43000030517578,49.75,50.04999923706055,4656200.0
2019-08-05,49.09000015258789,49.2599983215332,47.970001220703125,48.43000030517578,6247900.0
2019-08-06,48.959999084472656,49.380001068115234,48.68000030517578,49.130001068115234,6548200.0
2019-08-07,48.54999923706055,49.30500030517578,48.16400146484375,49.189998626708984,3323300.0
2019-08-08,49.59000015258789,50.189998626708984,49.31999969482422,50.18000030517578,2456700.0
2019-08-09,49.880001068115234,50.08000183105469,49.310001373291016,49.619998931884766,1837100.0
2019-08-12,49.380001068115234,49.43000030517578,48.880001068115234,49.09000015258789,2329400.0
2019-08-13,49.040000915527344,50.290000915527344,48.97999954223633,49.810001373291016,4091700.0
2019-08-14,49.11000061035156,49.150001525878906,47.970001220703125,48.040000915527344,4532700.0
2019-08-15,48.20000076293945,48.369998931884766,47.779998779296875,48.119998931884766,3998600.0
2019-08-16,48.52000045776367,48.81999969482422,48.380001068115234,48.7400016784668,2499600.0
2019-08-19,49.310001373291016,49.709999084472656,49.27000045776367,49.5,2163500.0
2019-08-20,49.33000183105469,49.5099983215332,49.060001373291016,49.16999816894531,2156600.0
2019-08-21,49.5,49.59000015258789,49.29999923706055,49.36000061035156,2792300.0
2019-08-22,49.47999954223633,49.57500076293945,48.79999923706055,49.25,1649100.0
2019-08-23,49.0,49.380001068115234,47.73500061035156,47.900001525878906,4020300.0
2019-08-26,48.349998474121094,48.630001068115234,48.099998474121094,48.619998931884766,3155300.0
2019-08-27,49.099998474121094,49.16999816894531,48.560001373291016,48.709999084472656,3139100.0
2019-08-28,48.5099983215332,48.900001525878906,48.310001373291016,48.83000183105469,2088900.0
2019-08-29,49.34000015258789,49.7400016784668,49.220001220703125,49.59000015258789,2169000.0
2019-08-30,49.810001373291016,49.86000061035156,49.290000915527344,49.529998779296875,3045500.0
2019-09-03,49.189998626708984,49.51499938964844,48.90999984741211,49.040000915527344,3122100.0
2019-09-04,49.52000045776367,50.08000183105469,49.45500183105469,49.9900016784668,1865900.0
2019-09-05,50.47999954223633,50.89500045776367,50.38999938964844,50.84000015258789,3624600.0
2019-09-06,50.849998474121094,50.93000030517578,50.63999938964844,50.72999954223633,3445400.0
2019-09-09,51.0,51.20000076293945,50.61000061035156,50.88999938964844,6421800.0
2019-09-10,50.70000076293945,51.09000015258789,50.6349983215332,50.959999084472656,3638500.0
2019-09-11,51.0,51.310001373291016,50.95000076293945,51.22999954223633,6274100.0
2019-09-12,51.540000915527344,51.650001525878906,51.31100082397461,51.380001068115234,4014500.0
2019-09-13,51.380001068115234,51.5,51.18000030517578,51.290000915527344,3569400.0
2019-09-16,50.9900016784668,51.22999954223633,50.900001525878906,51.099998474121094,2527600.0
2019-09-17,51.09000015258789,51.15999984741211,50.810001373291016,51.150001525878906,4556200.0
2019-09-18,51.06999969482422,51.150001525878906,50.540000915527344,51.09000015258789,1741500.0
2019-09-19,51.189998626708984,51.439998626708984,50.9900016784668,51.13999938964844,2357900.0
2019-09-20,51.119998931884766,51.119998931884766,50.40999984741211,50.689998626708984,6357900.0
2019-09-23,50.52000045776367,50.650001525878906,50.2599983215332,50.5099983215332,2177300.0
2019-09-24,50.689998626708984,50.70000076293945,49.47999954223633,49.75,5371100.0
2019-09-25,49.720001220703125,50.40999984741211,49.380001068115234,50.31999969482422,2181200.0
2019-09-26,50.209999084472656,50.209999084472656,49.474998474121094,49.83000183105469,1793800.0
2019-09-27,49.91999816894531,49.93000030517578,48.88999938964844,49.27000045776367,1852900.0
2019-09-30,49.369998931884766,49.60499954223633,49.2760009765625,49.52000045776367,2466600.0
2019-10-01,49.650001525878906,49.790000915527344,48.939998626708984,49.02000045776367,2758700.0
2019-10-02,48.63999938964844,48.689998626708984,48.06999969482422,48.279998779296875,4405500.0
2019-10-03,48.31999969482422,48.790000915527344,47.720001220703125,48.75,6945800.0
2019-10-04,48.93000030517578,49.47999954223633,48.84000015258789,49.40999984741211,1920200.0
2019-10-07,49.279998779296875,49.72999954223633,49.13999938964844,49.40999984741211,1365500.0
2019-10-08,49.08000183105469,49.209999084472656,48.61000061035156,48.61000061035156,2431400.0
2019-10-09,48.90999984741211,49.08000183105469,48.744998931884766,48.900001525878906,4070600.0
2019-10-10,48.84000015258789,49.369998931884766,48.779998779296875,49.18000030517578,3093400.0
2019-10-11,49.650001525878906,50.20000076293945,49.63999938964844,49.7599983215332,4104900.0
2019-10-14,49.709999084472656,49.775001525878906,49.529998779296875,49.650001525878906,1246200.0
2019-10-15,49.72999954223633,50.61000061035156,49.65999984741211,50.5,2105200.0
2019-10-16,50.380001068115234,50.650001525878906,50.349998474121094,50.59000015258789,2285200.0
2019-10-17,50.9900016784668,51.0099983215332,50.70000076293945,50.88999938964844,2037200.0
2019-10-18,50.7599983215332,50.915000915527344,50.02000045776367,50.29999923706055,1958200.0
2019-10-21,50.5099983215332,50.7130012512207,50.452999114990234,50.599998474121094,1425400.0
2019-10-22,50.68000030517578,50.72999954223633,50.084999084472656,50.11000061035156,2433600.0
2019-10-23,50.099998474121094,50.54999923706055,50.099998474121094,50.5,1958500.0
2019-10-24,50.2400016784668,50.25,49.7599983215332,49.93000030517578,2444800.0
2019-10-25,50.0,50.58000183105469,49.900001525878906,50.31999969482422,1210800.0
2019-10-28,50.58000183105469,50.939998626708984,50.540000915527344,50.790000915527344,2882900.0
2019-10-29,50.689998626708984,50.77000045776367,50.2400016784668,50.33000183105469,1788600.0
2019-10-30,50.45000076293945,50.61000061035156,50.095001220703125,50.470001220703125,3900600.0
2019-10-31,50.84000015258789,50.84000015258789,50.16999816894531,50.619998931884766,4059900.0
2019-11-01,50.90999984741211,50.959999084472656,50.560001373291016,50.95000076293945,3450700.0
2019-11-04,51.119998931884766,51.314998626708984,51.029998779296875,51.22999954223633,4650500.0
2019-11-05,51.27000045776367,51.369998931884766,51.150001525878906,51.25,1886900.0
2019-11-06,51.25,51.27000045776367,50.84000015258789,51.06999969482422,2288300.0
2019-11-07,51.279998779296875,51.75,51.20000076293945,51.38999938964844,1976200.0
2019-11-08,51.380001068115234,51.689998626708984,51.310001373291016,51.529998779296875,1537500.0
2019-11-11,51.25,51.36000061035156,51.15999984741211,51.290000915527344,1133400.0
2019-11-12,51.34000015258789,51.529998779296875,51.209999084472656,51.349998474121094,6801000.0
2019-11-13,51.22999954223633,51.45500183105469,51.119998931884766,51.33000183105469,1471400.0
2019-11-14,51.29999923706055,51.65999984741211,51.22999954223633,51.560001373291016,1526200.0
2019-11-15,51.84000015258789,52.0099983215332,51.66999816894531,51.9900016784668,2798500.0
2019-11-18,51.90999984741211,52.2599983215332,51.630001068115234,52.16999816894531,1833000.0
2019-11-19,52.31999969482422,52.31999969482422,51.939998626708984,52.20000076293945,2134400.0
2019-11-20,51.959999084472656,52.13999938964844,51.47999954223633,51.880001068115234,2428600.0
2019-11-21,51.93000030517578,52.20000076293945,51.73500061035156,52.02000045776367,1374400.0
2019-11-22,52.11000061035156,52.13999938964844,51.810001373291016,52.040000915527344,1623200.0
2019-11-25,52.209999084472656,52.26499938964844,52.09000015258789,52.20000076293945,2358700.0
2019-11-26,52.310001373291016,52.38999938964844,52.119998931884766,52.369998931884766,2146600.0
2019-11-27,52.529998779296875,52.79999923706055,52.45000076293945,52.7400016784668,3416700.0
2019-11-29,52.619998931884766,52.75,52.5099983215332,52.560001373291016,2396400.0
2019-12-02,52.61000061035156,52.70000076293945,51.75,52.060001373291016,4503300.0
2019-12-03,51.560001373291016,52.005001068115234,51.29999923706055,51.959999084472656,3795500.0
2019-12-04,52.25,52.404998779296875,52.08000183105469,52.22999954223633,4519600.0
2019-12-05,52.459999084472656,52.470001220703125,52.11000061035156,52.45000076293945,3688600.0
2019-12-06,52.79999923706055,52.83000183105469,52.630001068115234,52.7599983215332,4971800.0
2019-12-09,52.66999816894531,53.04999923706055,52.540000915527344,52.560001373291016,3016100.0
2019-12-10,52.540000915527344,52.59000015258789,52.2400016784668,52.380001068115234,6432200.0
2019-12-11,52.5,52.65999984741211,52.41999816894531,52.619998931884766,1436500.0
2019-12-12,52.63999938964844,53.060001373291016,52.400001525878906,52.68000030517578,2866800.0
2019-12-13,52.66999816894531,52.78499984741211,52.334999084472656,52.560001373291016,2834400.0
2019-12-16,52.849998474121094,53.150001525878906,52.849998474121094,53.08000183105469,5780800.0
2019-12-17,53.08000183105469,53.209999084472656,52.939998626708984,53.029998779296875,3222500.0
2019-12-18,53.209999084472656,53.57099914550781,53.150001525878906,53.38999938964844,1862800.0
2019-12-19,53.43000030517578,53.880001068115234,53.43000030517578,53.880001068115234,1873000.0
2019-12-20,54.04999923706055,54.084999084472656,53.650001525878906,53.93000030517578,3109700.0
2019-12-23,54.08000183105469,54.14500045776367,53.755001068115234,53.790000915527344,3248600.0
2019-12-24,53.849998474121094,53.88999938964844,53.73500061035156,53.779998779296875,891200.0
2019-12-26,53.849998474121094,54.189998626708984,53.849998474121094,54.189998626708984,830200.0
2019-12-27,54.31999969482422,54.349998474121094,53.97999954223633,54.09000015258789,3205000.0
2019-12-30,54.11000061035156,54.11000061035156,53.470001220703125,53.529998779296875,2141300.0
2019-12-31,53.439998626708984,53.70000076293945,53.380001068115234,53.630001068115234,2049700.0
2020-01-02,53.970001220703125,54.2599983215332,53.7400016784668,54.2599983215332,6379500.0
2020-01-03,53.66999816894531,54.20000076293945,53.560001373291016,53.90999984741211,2351400.0
2020-01-06,53.61000061035156,54.66999816894531,53.599998474121094,54.630001068115234,2535900.0
2020-01-07,54.689998626708984,54.90999984741211,54.5099983215332,54.70000076293945,2642800.0
2020-01-08,54.72999954223633,55.3650016784668,54.65999984741211,55.09000015258789,4161200.0
2020-01-09,55.529998779296875,55.55500030517578,55.095001220703125,55.380001068115234,2297100.0
2020-01-10,55.59000015258789,55.59000015258789,55.08000183105469,55.15999984741211,1941800.0
2020-01-13,55.41999816894531,55.709999084472656,55.18000030517578,55.68000030517578,2854000.0
2020-01-14,55.66999816894531,55.78499984741211,55.470001220703125,55.540000915527344,2909600.0
2020-01-15,55.68000030517578,55.91999816894531,55.59299850463867,55.810001373291016,2136800.0
2020-01-16,56.04999923706055,56.2400016784668,55.869998931884766,56.2400016784668,2031600.0
2020-01-17,56.47999954223633,56.69499969482422,56.29999923706055,56.68000030517578,6103700.0
2020-01-21,56.58000183105469,56.72600173950195,56.34000015258789,56.630001068115234,3182000.0
2020-01-22,56.869998931884766,56.904998779296875,56.540000915527344,56.599998474121094,4542800.0
2020-01-23,56.5,56.529998779296875,56.209999084472656,56.369998931884766,1985600.0
2020-01-24,56.5099983215332,56.5099983215332,55.43000030517578,55.689998626708984,3175800.0
2020-01-27,54.650001525878906,55.029998779296875,54.5099983215332,54.81999969482422,5708800.0
2020-01-28,55.16999816894531,55.67499923706055,54.90999984741211,55.45000076293945,6526600.0
2020-01-29,55.7599983215332,55.7599983215332,55.15999984741211,55.36000061035156,5983800.0
2020-01-30,54.11000061035156,54.83000183105469,53.9739990234375,54.79999923706055,3163200.0
2020-01-31,54.79999923706055,54.79999923706055,53.790000915527344,53.90999984741211,3635500.0
2020-02-03,54.349998474121094,54.810001373291016,54.349998474121094,54.54999923706055,5905700.0
2020-02-04,54.77000045776367,55.1510009765625,54.34000015258789,55.119998931884766,3504000.0
2020-02-05,55.599998474121094,55.650001525878906,54.91999816894531,55.209999084472656,3771700.0
2020-02-06,55.47999954223633,55.994998931884766,55.47999954223633,55.900001525878906,1998100.0
2020-02-07,55.720001220703125,56.060001373291016,55.54999923706055,55.86000061035156,2698600.0
2020-02-10,55.72999954223633,56.20000076293945,55.689998626708984,56.189998626708984,4420500.0
2020-02-11,56.47999954223633,56.560001373291016,56.060001373291016,56.130001068115234,1703300.0
2020-02-12,56.40999984741211,56.939998626708984,56.38999938964844,56.86000061035156,1730200.0
2020-02-13,56.540000915527344,57.084999084472656,56.40999984741211,56.869998931884766,2761600.0
2020-02-14,56.91999816894531,57.029998779296875,56.70500183105469,56.939998626708984,2111700.0
2020-02-18,56.81999969482422,57.435001373291016,56.810001373291016,57.31999969482422,2952900.0
2020-02-19,57.529998779296875,57.75,57.310001373291016,57.58000183105469,4301800.0
2020-02-20,57.33000183105469,57.375,56.459999084472656,56.9900016784668,2939000.0
2020-02-21,56.72999954223633,56.81999969482422,55.959999084472656,56.119998931884766,2927400.0
2020-02-24,54.400001525878906,54.779998779296875,53.849998474121094,54.2400016784668,5297200.0
2020-02-25,54.43000030517578,54.65999984741211,52.689998626708984,52.790000915527344,13048800.0
2020-02-26,53.099998474121094,53.76100158691406,52.400001525878906,52.689998626708984,6991500.0
2020-02-27,51.68000030517578,52.40999984741211,50.61000061035156,50.61000061035156,8635300.0
2020-02-28,49.20000076293945,50.849998474121094,49.040000915527344,50.7599983215332,17880300.0
2020-03-02,51.290000915527344,52.52000045776367,50.439998626708984,52.52000045776367,7324000.0
2020-03-03,52.59000015258789,53.209999084472656,50.47999954223633,50.790000915527344,9167600.0
2020-03-04,51.65999984741211,52.650001525878906,51.16999816894531,52.619998931884766,3398100.0
2020-03-05,51.439998626708984,51.7599983215332,50.31999969482422,50.70000076293945,4009100.0
2020-03-06,49.08000183105469,50.08000183105469,48.619998931884766,49.81999969482422,6736400.0
2020-03-09,46.54999923706055,48.20000076293945,45.0,46.5,6080000.0
2020-03-10,48.060001373291016,48.88999938964844,46.380001068115234,48.869998931884766,5108100.0
2020-03-11,47.689998626708984,47.93000030517578,46.08000183105469,46.77000045776367,5854600.0
2020-03-12,43.7599983215332,45.38999938964844,41.04999923706055,42.380001068115234,9472200.0
2020-03-13,45.0099983215332,46.25,42.630001068115234,46.189998626708984,7604700.0
2020-03-16,39.5099983215332,43.689998626708984,39.11000061035156,40.97999954223633,19813500.0
2020-03-17,41.79999923706055,43.459999084472656,40.150001525878906,42.7599983215332,14016600.0
2020-03-18,40.29999923706055,41.689998626708984,38.68000030517578,41.34000015258789,18094800.0
2020-03-19,41.0099983215332,43.52000045776367,40.20000076293945,42.08000183105469,14289200.0
2020-03-20,42.869998931884766,42.91999816894531,40.04999923706055,40.220001220703125,10077800.0
2020-03-23,40.0099983215332,41.16999816894531,39.029998779296875,40.31999969482422,15113800.0
2020-03-24,42.31999969482422,42.79999923706055,41.470001220703125,42.79999923706055,6497900.0
2020-03-25,42.65999984741211,43.95000076293945,41.41999816894531,42.13999938964844,5291400.0
2020-03-26,42.47999954223633,44.72999954223633,42.369998931884766,44.540000915527344,4691000.0
2020-03-27,43.279998779296875,43.935001373291016,42.59000015258789,42.7599983215332,3378100.0
2020-03-30,43.15999984741211,44.470001220703125,42.689998626708984,44.31999969482422,3025600.0
2020-03-31,44.310001373291016,45.03499984741211,43.94900131225586,44.2400016784668,4777200.0
2020-04-01,42.95000076293945,43.45000076293945,42.08000183105469,42.47999954223633,5481200.0
2020-04-02,42.29999923706055,43.290000915527344,42.2400016784668,43.02000045776367,4537200.0
2020-04-03,42.939998626708984,43.11000061035156,41.59000015258789,42.150001525878906,3071800.0
2020-04-06,43.72999954223633,45.16999816894531,43.47999954223633,44.93000030517578,3294700.0
2020-04-07,46.310001373291016,46.45000076293945,45.119998931884766,45.2599983215332,3694300.0
2020-04-08,45.7599983215332,46.439998626708984,45.290000915527344,46.22999954223633,2628200.0
2020-04-09,46.79999923706055,47.060001373291016,46.08000183105469,46.56999969482422,3256500.0
2020-04-13,46.45000076293945,46.72999954223633,45.560001373291016,46.63999938964844,2606200.0
2020-04-14,47.61000061035156,48.34600067138672,47.31999969482422,48.02000045776367,5554200.0
2020-04-15,47.18000030517578,47.970001220703125,46.97999954223633,47.56999969482422,1969100.0
2020-04-16,47.91999816894531,47.91999816894531,47.08000183105469,47.7599983215332,2475600.0
2020-04-17,48.599998474121094,48.599998474121094,47.7599983215332,48.40999984741211,3348400.0
2020-04-20,47.959999084472656,48.560001373291016,47.79999923706055,47.970001220703125,1948500.0
2020-04-21,47.349998474121094,47.43600082397461,46.119998931884766,46.459999084472656,4167700.0
2020-04-22,47.68000030517578,48.060001373291016,47.22999954223633,47.709999084472656,2151700.0
2020-04-23,47.939998626708984,48.630001068115234,47.779998779296875,48.04999923706055,2486900.0
2020-04-24,47.95000076293945,48.689998626708984,47.5,48.65999984741211,2693000.0
2020-04-27,49.13999938964844,49.29999923706055,48.915000915527344,49.060001373291016,2022300.0
2020-04-28,49.560001373291016,49.560001373291016,48.09000015258789,48.16999816894531,2583000.0
2020-04-29,49.900001525878906,50.959999084472656,49.79999923706055,50.5,3551600.0
2020-04-30,50.529998779296875,50.849998474121094,49.85200119018555,50.279998779296875,3663100.0
2020-05-01,49.75,50.310001373291016,49.16699981689453,49.58000183105469,2793500.0
2020-05-04,49.27000045776367,49.939998626708984,49.0,49.869998931884766,3721800.0
2020-05-05,50.279998779296875,50.70000076293945,50.029998779296875,50.130001068115234,2261500.0
2020-05-06,50.540000915527344,50.630001068115234,49.970001220703125,49.9900016784668,2486000.0
2020-05-07,50.72999954223633,51.119998931884766,50.560001373291016,50.93000030517578,3207200.0
2020-05-08,51.54999923706055,51.93000030517578,51.25,51.86000061035156,4640700.0
2020-05-11,51.540000915527344,52.25,51.42399978637695,51.88999938964844,2269700.0
2020-05-12,52.04999923706055,52.13999938964844,50.869998931884766,50.880001068115234,13806400.0
2020-05-13,50.849998474121094,50.9900016784668,49.33000183105469,50.0099983215332,4338800.0
2020-05-14,49.59000015258789,50.54999923706055,49.05799865722656,50.54999923706055,3219800.0
2020-05-15,50.13999938964844,51.25,49.88999938964844,51.25,3938600.0
2020-05-18,51.81999969482422,52.61000061035156,51.66999816894531,52.33000183105469,2852300.0
2020-05-19,52.2599983215332,52.93000030517578,52.08000183105469,52.31999969482422,5526800.0
2020-05-20,53.08000183105469,53.900001525878906,53.040000915527344,53.77000045776367,4532500.0
2020-05-21,54.0,54.18000030517578,53.33000183105469,53.38999938964844,4016100.0
2020-05-22,53.369998931884766,53.79999923706055,53.09000015258789,53.709999084472656,3870900.0
2020-05-26,54.7400016784668,54.790000915527344,53.779998779296875,53.86000061035156,3651100.0
2020-05-27,53.900001525878906,54.2400016784668,52.89500045776367,54.2400016784668,5946600.0
2020-05-28,53.77000045776367,54.599998474121094,53.599998474121094,53.72999954223633,4074500.0
2020-05-29,53.70000076293945,54.16999816894531,53.14500045776367,54.02000045776367,6113400.0
2020-06-01,53.88999938964844,54.720001220703125,53.790000915527344,54.63999938964844,6930100.0
2020-06-02,54.70000076293945,54.880001068115234,54.06999969482422,54.86000061035156,3468600.0
2020-06-03,55.0,55.20500183105469,54.83000183105469,55.029998779296875,3217000.0
2020-06-04,54.880001068115234,55.11000061035156,54.220001220703125,54.619998931884766,2235300.0
2020-06-05,54.9900016784668,55.900001525878906,54.97999954223633,55.5099983215332,2784300.0
2020-06-08,55.52000045776367,56.59000015258789,55.369998931884766,56.54999923706055,3216000.0
2020-06-09,56.25,56.66999816894531,56.11000061035156,56.40999984741211,3549200.0
2020-06-10,56.7599983215332,56.79999923706055,55.86000061035156,56.2400016784668,2638100.0
2020-06-11,54.959999084472656,55.34000015258789,53.529998779296875,53.650001525878906,4669100.0
2020-06-12,54.83000183105469,55.029998779296875,53.11000061035156,54.119998931884766,4944200.0
2020-06-15,53.33000183105469,55.18000030517578,53.2400016784668,54.9900016784668,4114300.0
2020-06-16,56.09000015258789,56.11000061035156,54.650001525878906,55.439998626708984,4335600.0
2020-06-17,55.560001373291016,55.93000030517578,55.06999969482422,55.5099983215332,2621400.0
2020-06-18,55.400001525878906,55.72999954223633,55.27000045776367,55.689998626708984,4696300.0
2020-06-19,56.36000061035156,56.36000061035156,55.130001068115234,55.540000915527344,4740400.0
2020-06-22,55.380001068115234,55.630001068115234,55.18600082397461,55.54999923706055,1995800.0
2020-06-23,55.90999984741211,56.47999954223633,55.709999084472656,55.90999984741211,4896900.0
2020-06-24,55.720001220703125,55.849998474121094,54.150001525878906,54.650001525878906,7736200.0
2020-06-25,54.61000061035156,55.0099983215332,54.06999969482422,54.88999938964844,4779400.0
2020-06-26,54.560001373291016,54.61000061035156,52.369998931884766,52.470001220703125,6241400.0
2020-06-29,52.18000030517578,53.439998626708984,51.92499923706055,53.439998626708984,3508300.0
2020-06-30,53.41999816894531,54.20000076293945,53.16999816894531,54.040000915527344,2815900.0
2020-07-01,54.220001220703125,55.59000015258789,54.18000030517578,55.380001068115234,5156500.0
2020-07-02,55.880001068115234,55.970001220703125,55.119998931884766,55.20000076293945,2252800.0
2020-07-06,55.81999969482422,56.38999938964844,55.650001525878906,56.310001373291016,2082200.0
2020-07-07,56.16999816894531,56.97999954223633,56.07400131225586,56.150001525878906,2392300.0
2020-07-08,56.220001220703125,56.75,55.79499816894531,56.650001525878906,3106800.0
2020-07-09,56.88999938964844,56.95000076293945,55.83000183105469,56.720001220703125,3453700.0
2020-07-10,56.68000030517578,57.7400016784668,56.37799835205078,57.70000076293945,2429100.0
2020-07-13,58.15999984741211,58.415000915527344,56.349998474121094,56.540000915527344,2954700.0
2020-07-14,55.970001220703125,57.15999984741211,55.724998474121094,57.099998474121094,3719800.0
2020-07-15,57.349998474121094,57.66999816894531,56.81999969482422,57.439998626708984,3089200.0
2020-07-16,56.939998626708984,57.619998931884766,56.72999954223633,57.540000915527344,2216700.0
2020-07-17,57.54999923706055,57.58000183105469,56.810001373291016,57.40999984741211,1928900.0
2020-07-20,57.310001373291016,58.22999954223633,56.849998474121094,58.099998474121094,2205300.0
2020-07-21,58.47999954223633,58.529998779296875,57.65999984741211,57.81999969482422,2228100.0
2020-07-22,57.810001373291016,57.92499923706055,57.46500015258789,57.880001068115234,1528700.0
2020-07-23,57.9900016784668,58.130001068115234,56.63999938964844,56.939998626708984,2271200.0
2020-07-24,56.54999923706055,57.0260009765625,56.2599983215332,56.849998474121094,3291800.0
2020-07-27,57.060001373291016,57.31999969482422,56.757999420166016,57.2400016784668,1556100.0
2020-07-28,57.08000183105469,57.290000915527344,56.560001373291016,56.650001525878906,1818100.0
2020-07-29,56.93000030517578,57.32500076293945,56.720001220703125,57.16999816894531,1720600.0
2020-07-30,56.630001068115234,57.43000030517578,56.349998474121094,57.33000183105469,2202100.0
2020-07-31,58.380001068115234,58.380001068115234,57.23500061035156,58.130001068115234,2741700.0
2020-08-03,58.279998779296875,58.349998474121094,57.757999420166016,58.18000030517578,2335700.0
2020-08-04,58.15999984741211,58.560001373291016,58.15999984741211,58.54999923706055,2829100.0
2020-08-05,58.720001220703125,58.810001373291016,58.290000915527344,58.459999084472656,1874200.0
2020-08-06,58.54999923706055,60.060001373291016,58.45000076293945,60.0,2277200.0
2020-08-07,59.849998474121094,60.880001068115234,59.43000030517578,59.93000030517578,2525900.0
2020-08-10,59.90999984741211,60.459999084472656,59.150001525878906,59.72999954223633,4230300.0
2020-08-11,59.65999984741211,60.01499938964844,58.720001220703125,58.84000015258789,3121200.0
2020-08-12,59.16999816894531,59.90999984741211,59.16999816894531,59.540000915527344,6266000.0
2020-08-13,59.599998474121094,60.268001556396484,59.569000244140625,59.84000015258789,1707300.0
2020-08-14,59.88999938964844,60.0099983215332,59.630001068115234,59.83000183105469,1205100.0
2020-08-17,60.060001373291016,60.060001373291016,59.689998626708984,59.900001525878906,1179400.0
2020-08-18,60.060001373291016,60.630001068115234,59.79499816894531,60.439998626708984,1353100.0
2020-08-19,60.4900016784668,60.939998626708984,60.130001068115234,60.27000045776367,2143500.0
2020-08-20,60.029998779296875,61.09000015258789,59.994998931884766,61.02000045776367,7930600.0
2020-08-21,60.880001068115234,61.06999969482422,60.540000915527344,60.75,2003100.0
2020-08-24,61.189998626708984,61.7599983215332,61.112998962402344,61.4900016784668,3340600.0
2020-08-25,61.5099983215332,62.17499923706055,61.36000061035156,62.06999969482422,4156100.0
2020-08-26,62.20000076293945,64.26000213623047,62.18000030517578,64.19000244140625,3234100.0
2020-08-27,64.1500015258789,64.15399932861328,63.165000915527344,63.40999984741211,5037200.0
2020-08-28,63.56999969482422,63.65999984741211,63.22999954223633,63.560001373291016,1819300.0
2020-08-31,63.5,63.689998626708984,63.16999816894531,63.2599983215332,2728400.0
2020-09-01,63.380001068115234,63.9370002746582,63.119998931884766,63.779998779296875,4703000.0
2020-09-02,64.1500015258789,65.33999633789062,63.88999938964844,65.13999938964844,4321700.0
2020-09-03,64.55999755859375,64.70999908447266,62.185001373291016,62.93000030517578,7536500.0
2020-09-04,62.61000061035156,62.959999084472656,60.16999816894531,61.779998779296875,10039900.0
2020-09-08,60.2599983215332,61.01499938964844,60.02000045776367,60.150001525878906,8138700.0
2020-09-09,60.970001220703125,61.45000076293945,60.220001220703125,60.869998931884766,4940700.0
2020-09-10,61.2400016784668,61.70000076293945,59.790000915527344,59.970001220703125,4882100.0
2020-09-11,60.34000015258789,60.51300048828125,59.119998931884766,59.779998779296875,5509000.0
2020-09-14,60.43000030517578,61.130001068115234,59.97999954223633,60.0099983215332,3241600.0
2020-09-15,60.65999984741211,61.369998931884766,60.47999954223633,61.08000183105469,2024000.0
2020-09-16,61.08000183105469,61.560001373291016,60.31999969482422,60.41999816894531,2368600.0
2020-09-17,59.369998931884766,59.84000015258789,58.58000183105469,59.310001373291016,4600500.0
2020-09-18,59.650001525878906,59.68000030517578,57.959999084472656,58.7400016784668,4665400.0
2020-09-21,57.68000030517578,58.119998931884766,57.064998626708984,57.93000030517578,7845700.0
2020-09-22,58.459999084472656,59.16999816894531,58.02000045776367,59.04999923706055,2304600.0
2020-09-23,59.16999816894531,59.290000915527344,57.470001220703125,57.63999938964844,3913000.0
2020-09-24,57.279998779296875,58.290000915527344,57.18000030517578,57.75,2944900.0
2020-09-25,57.68000030517578,58.72100067138672,57.22999954223633,58.52000045776367,1879800.0
2020-09-28,59.400001525878906,59.5099983215332,58.849998474121094,59.29999923706055,2016800.0
2020-09-29,59.369998931884766,59.595001220703125,59.029998779296875,59.36000061035156,3249100.0
2020-09-30,59.41999816894531,60.0,59.06999969482422,59.400001525878906,2884000.0
2020-10-01,59.88999938964844,60.3849983215332,59.79999923706055,60.25,7536600.0
2020-10-02,59.279998779296875,59.900001525878906,58.81999969482422,59.060001373291016,3320200.0
2020-10-05,59.43000030517578,60.060001373291016,59.349998474121094,60.029998779296875,2122200.0
2020-10-06,59.75,60.06999969482422,58.66999816894531,58.77000045776367,2198400.0
2020-10-07,59.279998779296875,59.380001068115234,58.650001525878906,59.20000076293945,2063400.0
2020-10-08,59.5099983215332,60.0,59.5099983215332,59.970001220703125,1352300.0
2020-10-09,60.279998779296875,60.40999984741211,60.08000183105469,60.33000183105469,1838300.0
2020-10-12,61.220001220703125,62.58000183105469,60.98500061035156,61.91999816894531,3935600.0
2020-10-13,62.2400016784668,62.310001373291016,61.689998626708984,61.97999954223633,2581900.0
2020-10-14,62.2400016784668,62.290000915527344,61.060001373291016,61.2400016784668,1999800.0
2020-10-15,60.5099983215332,60.90999984741211,60.25,60.77000045776367,1700200.0
2020-10-16,61.16999816894531,61.400001525878906,60.685001373291016,60.779998779296875,2932200.0
2020-10-19,61.0,61.19499969482422,59.46500015258789,59.689998626708984,3320800.0
2020-10-20,59.81999969482422,60.63999938964844,59.56999969482422,60.119998931884766,4365000.0
2020-10-21,60.86000061035156,61.70000076293945,60.709999084472656,61.130001068115234,3262000.0
2020-10-22,61.33000183105469,61.672000885009766,60.71500015258789,61.529998779296875,2492900.0
2020-10-23,61.7400016784668,62.130001068115234,61.279998779296875,62.11000061035156,1839900.0
2020-10-26,61.56999969482422,61.86000061035156,60.17499923706055,60.75,2771500.0
2020-10-27,60.9900016784668,61.310001373291016,60.6349983215332,61.13999938964844,1582100.0
2020-10-28,60.06999969482422,60.13999938964844,58.65999984741211,58.7400016784668,4236400.0
2020-10-29,59.439998626708984,60.78499984741211,59.150001525878906,60.220001220703125,3172900.0
2020-10-30,60.369998931884766,60.72999954223633,58.56999969482422,59.20000076293945,3421000.0
2020-11-02,59.630001068115234,60.16999816894531,58.680999755859375,59.16999816894531,3668600.0
2020-11-03,59.630001068115234,60.56999969482422,59.40999984741211,60.04999923706055,3494500.0
2020-11-04,61.72999954223633,63.11000061035156,61.630001068115234,62.63999938964844,4571200.0
2020-11-05,63.709999084472656,64.29000091552734,63.2599983215332,63.849998474121094,3258000.0
2020-11-06,63.88999938964844,63.88999938964844,63.0099983215332,63.70000076293945,5735300.0
2020-11-09,64.66000366210938,64.8499984741211,63.119998931884766,63.15999984741211,6021600.0
2020-11-10,62.459999084472656,63.15999984741211,61.86000061035156,62.959999084472656,12894000.0
2020-11-11,63.400001525878906,63.61000061035156,63.20000076293945,63.529998779296875,5063100.0
2020-11-12,63.4900016784668,63.84000015258789,62.939998626708984,63.16999816894531,7035900.0
2020-11-13,63.630001068115234,64.20999908447266,63.27000045776367,64.11000061035156,1661300.0
2020-11-16,64.12999725341797,64.59500122070312,64.08999633789062,64.5199966430664,4772300.0
2020-11-17,64.22000122070312,64.5999984741211,63.970001220703125,64.29000091552734,3483100.0
2020-11-18,64.25,64.43000030517578,63.630001068115234,63.63999938964844,2470000.0
2020-11-19,63.369998931884766,64.16999816894531,63.279998779296875,64.02999877929688,3390400.0
2020-11-20,64.08000183105469,64.36000061035156,63.869998931884766,63.880001068115234,1876300.0
2020-11-23,64.11000061035156,64.23500061035156,63.279998779296875,63.90999984741211,2190900.0
2020-11-24,64.08000183105469,65.27999877929688,64.02999877929688,65.22000122070312,2179000.0
2020-11-25,65.3499984741211,65.36000061035156,64.64199829101562,65.20999908447266,1693300.0
2020-11-27,65.5199966430664,65.83999633789062,65.30000305175781,65.62999725341797,1229900.0
2020-11-30,65.4800033569336,65.4800033569336,64.72000122070312,65.4000015258789,3617300.0
2020-12-01,65.81999969482422,67.05000305175781,65.73999786376953,66.5999984741211,3888900.0
2020-12-02,66.51000213623047,67.41999816894531,66.19000244140625,67.22000122070312,2380800.0
2020-12-03,67.1500015258789,67.45999908447266,66.79000091552734,66.91999816894531,2129300.0
2020-12-04,66.91999816894531,67.12000274658203,66.7699966430664,66.9800033569336,1997000.0
2020-12-07,66.91999816894531,67.58499908447266,66.80000305175781,67.4000015258789,1981800.0
2020-12-08,67.33000183105469,67.38999938964844,66.78500366210938,67.30000305175781,1712800.0
2020-12-09,67.38999938964844,67.80999755859375,66.05999755859375,66.5,5494600.0
2020-12-10,66.12999725341797,66.6500015258789,65.5,66.54000091552734,2287400.0
2020-12-11,66.44000244140625,67.04000091552734,66.3499984741211,66.94000244140625,2668300.0
2020-12-14,67.12000274658203,67.5999984741211,66.68000030517578,66.7300033569336,2622800.0
2020-12-15,67.05999755859375,67.27999877929688,66.41000366210938,67.27999877929688,1604200.0
2020-12-16,67.38999938964844,67.44999694824219,66.96099853515625,67.22000122070312,3249300.0
2020-12-17,67.47000122070312,67.61499786376953,66.8949966430664,67.05000305175781,2437600.0
2020-12-18,67.20999908447266,67.32499694824219,66.58000183105469,67.11000061035156,4397800.0
2020-12-21,66.20999908447266,66.55000305175781,65.41999816894531,66.43000030517578,4508500.0
2020-12-22,66.43000030517578,66.43000030517578,65.41000366210938,65.80999755859375,2041900.0
2020-12-23,66.04000091552734,66.6500015258789,65.87000274658203,66.19000244140625,1671200.0
2020-12-24,66.26000213623047,66.52999877929688,66.03500366210938,66.26000213623047,859700.0
2020-12-28,66.80000305175781,67.55000305175781,66.58999633789062,67.44999694824219,2806600.0
2020-12-29,67.61000061035156,67.7300033569336,67.30999755859375,67.38999938964844,1502000.0
2020-12-30,67.6500015258789,67.6500015258789,66.9000015258789,66.94000244140625,2151800.0
2020-12-31,66.86000061035156,67.58999633789062,66.86000061035156,67.4800033569336,2274200.0
2021-01-04,67.75,67.79000091552734,65.68000030517578,66.4800033569336,4456800.0
2021-01-05,66.31999969482422,66.9000015258789,66.25,66.72000122070312,2184600.0
2021-01-06,65.69000244140625,66.8499984741211,65.4800033569336,66.4000015258789,3904200.0
2021-01-07,66.69999694824219,67.5999984741211,66.58999633789062,67.27999877929688,2202600.0
2021-01-08,67.30999755859375,67.54000091552734,66.68000030517578,67.48999786376953,4993100.0
2021-01-11,66.51000213623047,66.88999938964844,66.1500015258789,66.29000091552734,2202900.0
2021-01-12,66.19000244140625,66.51000213623047,64.86000061035156,65.22000122070312,14316600.0
2021-01-13,65.19000244140625,65.7699966430664,65.0,65.44999694824219,3685300.0
2021-01-14,65.56999969482422,65.81999969482422,64.9749984741211,65.08000183105469,2543300.0
2021-01-15,65.08999633789062,65.5999984741211,64.78500366210938,65.29000091552734,4829000.0
2021-01-19,65.73999786376953,66.62999725341797,65.31999969482422,66.47000122070312,4431500.0
2021-01-20,67.80000305175781,68.87000274658203,67.58000183105469,68.55999755859375,4614800.0
2021-01-21,68.8499984741211,69.19999694824219,68.62999725341797,68.80999755859375,2393900.0
2021-01-22,68.73999786376953,69.09500122070312,68.58000183105469,68.83999633789062,1979400.0
2021-01-25,69.29000091552734,69.61000061035156,68.31999969482422,69.23999786376953,4084400.0
2021-01-26,69.16999816894531,70.30000305175781,69.16999816894531,70.18000030517578,3038300.0
2021-01-27,69.58000183105469,69.7699966430664,67.44000244140625,67.91000366210938,7709600.0
2021-01-28,68.5199966430664,69.37000274658203,68.12000274658203,68.1500015258789,6688200.0
2021-01-29,67.7300033569336,67.87000274658203,66.44000244140625,66.87999725341797,4555200.0
2021-02-01,67.47000122070312,68.43000030517578,66.94000244140625,68.12999725341797,3135100.0
2021-02-02,68.58000183105469,69.54000091552734,68.44999694824219,69.16999816894531,2010300.0
2021-02-03,70.2699966430664,70.68000030517578,69.65799713134766,70.0999984741211,2848300.0
2021-02-04,70.2300033569336,70.52999877929688,69.83000183105469,70.5199966430664,2639900.0
2021-02-05,70.91000366210938,71.5,70.9000015258789,71.41000366210938,1849400.0
2021-02-08,71.75,71.83000183105469,71.13999938964844,71.69000244140625,5201000.0
2021-02-09,71.51000213623047,72.30999755859375,71.38999938964844,71.93000030517578,6044200.0
2021-02-10,72.58000183105469,72.83000183105469,71.5999984741211,72.61000061035156,2494500.0
2021-02-11,72.76000213623047,72.76000213623047,72.05999755859375,72.69000244140625,1860100.0
2021-02-12,72.5999984741211,73.08999633789062,72.54000091552734,73.0,1573900.0
2021-02-16,73.0,73.84500122070312,73.0,73.3499984741211,1997000.0
2021-02-17,72.91999816894531,73.62000274658203,72.79000091552734,73.55999755859375,1976400.0
2021-02-18,73.05999755859375,73.48999786376953,72.66300201416016,73.19999694824219,2019900.0
2021-02-19,73.41000366210938,73.41000366210938,72.37999725341797,72.4800033569336,2500000.0
2021-02-22,71.79000091552734,72.86000061035156,71.73999786376953,72.19000244140625,2168100.0
2021-02-23,71.54000091552734,73.0,70.5,72.75,4639200.0
2021-02-24,72.01000213623047,73.05999755859375,71.80000305175781,72.87999725341797,4004600.0
2021-02-25,72.91000366210938,73.44999694824219,71.0199966430664,71.29000091552734,5492600.0
2021-02-26,71.69000244140625,72.875,71.05000305175781,71.56999969482422,5379400.0
2021-03-01,72.5199966430664,73.5999984741211,72.22000122070312,73.4000015258789,4196100.0
2021-03-02,73.41999816894531,73.87000274658203,72.80999755859375,72.86000061035156,4647700.0
2021-03-03,72.7699966430664,73.09500122070312,71.63999938964844,71.81999969482422,4724000.0
2021-03-04,71.80999755859375,73.1500015258789,70.80999755859375,71.69000244140625,8581100.0
2021-03-05,72.30000305175781,73.58999633789062,71.38999938964844,73.37000274658203,11937300.0
2021-03-08,73.43000030517578,73.87000274658203,72.33999633789062,72.38999938964844,8332000.0
2021-03-09,73.55000305175781,73.83000183105469,73.01000213623047,73.19999694824219,8758100.0
2021-03-10,74.11000061035156,74.11000061035156,73.12999725341797,73.51000213623047,5704600.0
2021-03-11,74.2300033569336,75.3550033569336,74.06999969482422,74.9000015258789,3256900.0
2021-03-12,74.30000305175781,74.79000091552734,74.04000091552734,74.69000244140625,3106500.0
2021-03-15,74.87999725341797,75.26499938964844,74.54000091552734,75.22000122070312,3338900.0
2021-03-16,75.6500015258789,76.5999984741211,75.41999816894531,76.01000213623047,3802800.0
2021-03-17,75.43299865722656,76.30999755859375,74.73999786376953,76.0199966430664,4617200.0
2021-03-18,75.0999984741211,75.79000091552734,74.68000030517578,74.76000213623047,5529800.0
2021-03-19,74.87999725341797,75.80000305175781,74.79000091552734,75.41000366210938,9243200.0
2021-03-22,75.48999786376953,76.41999816894531,75.13999938964844,75.91000366210938,5225800.0
2021-03-23,75.83000183105469,76.25499725341797,75.2249984741211,75.3499984741211,4294800.0
2021-03-24,75.3499984741211,75.3499984741211,73.43000030517578,73.44999694824219,4263400.0
2021-03-25,73.04000091552734,73.63999938964844,72.5199966430664,73.08999633789062,3846200.0
2021-03-26,73.12999725341797,73.33000183105469,71.0199966430664,72.29000091552734,4204600.0
2021-03-29,72.2699966430664,73.30999755859375,72.04000091552734,73.02999877929688,4274000.0
2021-03-30,73.02999877929688,73.19000244140625,72.70999908447266,73.02999877929688,2660300.0
2021-03-31,73.33000183105469,73.7699966430664,73.05000305175781,73.31999969482422,3857400.0
2021-04-01,73.9800033569336,74.62999725341797,73.9800033569336,74.58000183105469,4549600.0
2021-04-05,74.94000244140625,76.25499725341797,74.94000244140625,76.1500015258789,3970000.0
2021-04-06,76.12999725341797,76.56999969482422,75.97000122070312,76.33999633789062,2523500.0
2021-04-07,76.36000061035156,77.00900268554688,76.36000061035156,76.93000030517578,2347700.0
2021-04-08,77.33000183105469,77.38999938964844,76.69200134277344,76.94000244140625,2891400.0
2021-04-09,76.63999938964844,76.9749984741211,76.36000061035156,76.91999816894531,2324100.0
2021-04-12,76.69999694824219,76.73500061035156,76.26000213623047,76.61000061035156,2234300.0
2021-04-13,76.83000183105469,77.16000366210938,76.5999984741211,76.70999908447266,2891100.0
2021-04-14,76.63999938964844,76.66999816894531,75.76000213623047,75.91999816894531,3939200.0
2021-04-15,76.44000244140625,77.0999984741211,76.33000183105469,76.88999938964844,4523500.0
2021-04-16,77.0999984741211,77.13999938964844,76.55000305175781,76.83999633789062,3378100.0
2021-04-19,76.63999938964844,77.05999755859375,76.01000213623047,76.41000366210938,3188300.0
2021-04-20,76.2699966430664,76.47000122070312,75.43000030517578,76.0,3535200.0
2021-04-21,75.55999755859375,76.1500015258789,75.08999633789062,76.12999725341797,7034100.0
2021-04-22,76.30999755859375,76.46499633789062,75.29000091552734,75.56999969482422,3532900.0
2021-04-23,75.9000015258789,76.66999816894531,75.73799896240234,76.44999694824219,2741900.0
2021-04-26,76.61000061035156,76.75,76.41999816894531,76.61000061035156,2767100.0
2021-04-27,76.7300033569336,76.87000274658203,76.20999908447266,76.30000305175781,4684900.0
2021-04-28,77.33999633789062,77.8499984741211,76.93000030517578,77.0,3355400.0
2021-04-29,78.80999755859375,79.22000122070312,78.25,79.12999725341797,4816200.0
2021-04-30,78.1500015258789,78.41000366210938,77.91999816894531,78.05000305175781,3819500.0
2021-05-03,78.36000061035156,78.4489974975586,77.55000305175781,77.63999938964844,3861300.0
2021-05-04,77.20999908447266,77.44999694824219,75.80999755859375,76.94000244140625,6848700.0
2021-05-05,77.41000366210938,77.6500015258789,76.69499969482422,76.79000091552734,3829000.0
2021-05-06,76.69999694824219,77.70999908447266,76.58000183105469,77.69000244140625,5321700.0
2021-05-07,78.2699966430664,78.6449966430664,77.9000015258789,78.27999877929688,3636400.0
2021-05-10,77.88999938964844,77.91999816894531,76.7249984741211,76.77999877929688,4043500.0
2021-05-11,75.6500015258789,76.75,75.55999755859375,76.55999755859375,9642100.0
2021-05-12,75.62000274658203,76.08000183105469,74.83999633789062,75.05999755859375,5624800.0
2021-05-13,75.52999877929688,76.26000213623047,75.12999725341797,75.5999984741211,7711900.0
2021-05-14,76.27999877929688,77.25,76.1500015258789,77.08999633789062,3257000.0
2021-05-17,77.06999969482422,77.12999725341797,75.9800033569336,76.4800033569336,3006100.0
2021-05-18,76.47000122070312,76.70999908447266,75.68000030517578,75.69999694824219,2438200.0
2021-05-19,74.61299896240234,75.87000274658203,74.54000091552734,75.81999969482422,4936800.0
2021-05-20,76.19999694824219,77.28500366210938,76.0199966430664,77.12000274658203,3504500.0
2021-05-21,77.4800033569336,77.5,76.81999969482422,76.86000061035156,4452000.0
2021-05-24,77.44000244140625,78.45999908447266,77.29000091552734,78.26000213623047,3020000.0
2021-05-25,78.68000030517578,78.79000091552734,78.08000183105469,78.23999786376953,3079300.0
2021-05-26,78.47000122070312,79.08000183105469,78.30999755859375,78.75,4644900.0
2021-05-27,78.8479995727539,79.23899841308594,78.71499633789062,79.05000305175781,4462100.0
2021-05-28,79.2699966430664,79.30000305175781,78.71099853515625,78.79000091552734,2834100.0
2021-06-01,79.08000183105469,79.22000122070312,78.45999908447266,78.83999633789062,3301400.0
2021-06-02,78.98999786376953,79.0999984741211,78.20500183105469,78.5999984741211,2782000.0
2021-06-03,78.05000305175781,78.28800201416016,77.58999633789062,78.06999969482422,2812300.0
2021-06-04,78.38999938964844,79.30000305175781,78.2699966430664,79.19000244140625,2333200.0
2021-06-07,79.05999755859375,79.63999938964844,78.9800033569336,79.5999984741211,3321100.0
2021-06-08,79.81999969482422,79.81999969482422,78.9800033569336,79.37000274658203,3325100.0
2021-06-09,79.7300033569336,79.86000061035156,79.25,79.29000091552734,5168000.0
2021-06-10,79.37000274658203,79.84500122070312,79.08000183105469,79.72000122070312,2470300.0
2021-06-11,79.83999633789062,79.8550033569336,79.44000244140625,79.80999755859375,3729100.0
2021-06-14,79.87000274658203,80.36000061035156,79.63999938964844,80.33999633789062,2733200.0
2021-06-15,80.41000366210938,80.55000305175781,79.74299621582031,79.87999725341797,3085700.0
2021-06-16,80.04000091552734,80.04000091552734,78.51000213623047,79.18000030517578,4691900.0
2021-06-17,79.06999969482422,79.97000122070312,79.04000091552734,79.51000213623047,4556300.0
2021-06-18,79.15899658203125,79.23999786376953,78.45999908447266,78.58000183105469,6194800.0
2021-06-21,78.62000274658203,79.26000213623047,78.27999877929688,79.19999694824219,3274400.0
2021-06-22,79.27999877929688,79.98999786376953,79.05000305175781,79.87999725341797,4690300.0
2021-06-23,79.80999755859375,80.22000122070312,79.73500061035156,79.80000305175781,4669000.0
2021-06-24,80.18000030517578,80.58999633789062,80.12999725341797,80.55000305175781,3430900.0
2021-06-25,80.52999877929688,80.73999786376953,80.375,80.6500015258789,5843400.0
2021-06-28,80.83999633789062,81.66000366210938,80.58899688720703,81.55999755859375,3553900.0
2021-06-29,81.56999969482422,81.6500015258789,80.8949966430664,81.12000274658203,4272900.0
2021-06-30,81.05000305175781,81.19000244140625,80.68000030517578,80.97000122070312,2533700.0
2021-07-01,80.87000274658203,81.68000030517578,80.8499984741211,81.56999969482422,5227500.0
2021-07-02,81.87000274658203,82.25499725341797,81.73500061035156,82.13999938964844,4347500.0
2021-07-06,82.27999877929688,82.38600158691406,81.19000244140625,81.94000244140625,3829500.0
2021-07-07,82.31999969482422,82.31999969482422,81.62999725341797,81.81999969482422,3651700.0
2021-07-08,80.7699966430664,81.29000091552734,80.5199966430664,80.91999816894531,5237000.0
2021-07-09,80.94999694824219,81.76100158691406,80.94000244140625,81.63999938964844,2914300.0
2021-07-12,81.80999755859375,82.26000213623047,81.5,82.22000122070312,3568600.0
2021-07-13,82.13999938964844,82.6449966430664,81.93000030517578,82.01000213623047,3979100.0
2021-07-14,82.4800033569336,82.54000091552734,81.86000061035156,81.94999694824219,3459600.0
2021-07-15,82.05000305175781,82.05000305175781,81.02999877929688,81.37000274658203,4500500.0
2021-07-16,81.48999786376953,81.72000122070312,80.76000213623047,80.86000061035156,3509300.0
2021-07-19,80.20999908447266,80.22000122070312,79.26000213623047,79.62999725341797,6896900.0
2021-07-20,79.9000015258789,80.82499694824219,79.4749984741211,80.52999877929688,4111800.0
2021-07-21,80.5999984741211,81.20500183105469,80.55999755859375,81.19999694824219,2612700.0
2021-07-22,81.19000244140625,81.5,80.81999969482422,81.4800033569336,2254800.0
2021-07-23,82.43000030517578,83.72899627685547,82.06999969482422,83.5,3872500.0
2021-07-26,83.4000015258789,83.95500183105469,83.2699966430664,83.93000030517578,3189800.0
2021-07-27,83.83000183105469,83.91000366210938,82.31999969482422,82.93000030517578,4857500.0
2021-07-28,83.80999755859375,84.18000030517578,83.19999694824219,83.58000183105469,7295300.0
2021-07-29,83.04000091552734,83.31999969482422,82.63999938964844,82.68000030517578,5291200.0
2021-07-30,82.16999816894531,82.93499755859375,82.02999877929688,82.4000015258789,2999500.0
2021-08-02,82.75,82.83000183105469,82.05999755859375,82.20999908447266,3988200.0
2021-08-03,82.23999786376953,82.25,80.91000366210938,81.83999633789062,4860500.0
2021-08-04,81.95999908447266,82.2699966430664,81.58999633789062,82.06999969482422,3864600.0
2021-08-05,82.30999755859375,82.83499908447266,82.11000061035156,82.81999969482422,2261300.0
2021-08-06,82.6500015258789,83.05000305175781,82.61000061035156,82.81999969482422,2764400.0
2021-08-09,82.80999755859375,82.81999969482422,82.38999938964844,82.66999816894531,2367800.0
2021-08-10,82.75,82.91999816894531,82.47000122070312,82.83000183105469,6254400.0
2021-08-11,82.98999786376953,83.08499908447266,82.68000030517578,82.98999786376953,2457600.0
2021-08-12,82.9000015258789,83.18000030517578,82.47000122070312,83.13999938964844,2269000.0
2021-08-13,83.3499984741211,83.44999694824219,83.125,83.19000244140625,2144600.0
2021-08-16,82.9000015258789,83.3499984741211,82.25,83.33000183105469,3483200.0
2021-08-17,82.79000091552734,83.12999725341797,82.0999984741211,82.63999938964844,5941400.0
2021-08-18,82.44999694824219,82.91999816894531,81.95500183105469,82.01000213623047,3041200.0
2021-08-19,81.5,82.38999938964844,81.41999816894531,82.0199966430664,4409800.0
2021-08-20,82.0,82.85800170898438,81.83000183105469,82.7300033569336,4143100.0
2021-08-23,82.83999633789062,84.08000183105469,82.83999633789062,83.7300033569336,3062200.0
2021-08-24,83.91000366210938,84.3270034790039,83.7300033569336,84.0,3132700.0
2021-08-25,84.02999877929688,84.31999969482422,83.8499984741211,84.12999725341797,3835100.0
2021-08-26,84.06999969482422,84.19999694824219,83.4000015258789,83.4000015258789,3279800.0
2021-08-27,83.58999633789062,84.86000061035156,83.43000030517578,84.72000122070312,3437200.0
2021-08-30,84.69999694824219,85.4800033569336,84.41500091552734,85.30000305175781,2734700.0
2021-08-31,85.2699966430664,85.80999755859375,85.16999816894531,85.62000274658203,6091000.0
2021-09-01,85.76000213623047,86.3550033569336,85.75,86.05000305175781,3723200.0
2021-09-02,86.12000274658203,86.23999786376953,85.31999969482422,85.47000122070312,3229300.0
2021-09-03,85.33999633789062,85.61499786376953,85.1050033569336,85.47000122070312,2799000.0
2021-09-07,85.47000122070312,85.83000183105469,85.2699966430664,85.66999816894531,4117500.0
2021-09-08,85.5199966430664,85.76000213623047,84.94999694824219,85.2300033569336,3808500.0
2021-09-09,85.08000183105469,85.36000061035156,84.67500305175781,84.80999755859375,4114400.0
2021-09-10,85.12999725341797,85.26000213623047,84.21499633789062,84.26000213623047,5103400.0
2021-09-13,84.81999969482422,84.88999938964844,84.05000305175781,84.47000122070312,5291600.0
2021-09-14,84.69000244140625,84.79000091552734,83.5999984741211,83.73999786376953,5467600.0
2021-09-15,83.72000122070312,84.2979965209961,83.01499938964844,84.1500015258789,4996700.0
2021-09-16,84.04000091552734,84.33000183105469,83.46499633789062,84.06999969482422,3856600.0
2021-09-17,83.83999633789062,84.02999877929688,82.78399658203125,83.13999938964844,9970600.0
2021-09-20,81.91999816894531,82.04000091552734,80.30999755859375,81.33000183105469,8942900.0
2021-09-21,81.87999725341797,82.12999725341797,80.93000030517578,80.98999786376953,6469700.0
2021-09-22,80.73999786376953,81.37999725341797,80.58999633789062,80.94999694824219,6815400.0
2021-09-23,81.30999755859375,82.18000030517578,81.16999816894531,81.77999877929688,3989400.0
2021-09-24,81.41000366210938,82.6050033569336,81.30000305175781,82.44999694824219,4402100.0
2021-09-27,82.01000213623047,82.68000030517578,81.76000213623047,82.44000244140625,3459700.0
2021-09-28,81.61000061035156,81.80999755859375,80.30999755859375,80.43000030517578,8982600.0
2021-09-29,80.81999969482422,81.29000091552734,80.25,80.36000061035156,5467100.0
2021-09-30,80.61000061035156,80.94999694824219,80.0999984741211,80.11000061035156,10771000.0
2021-10-01,80.52999877929688,81.82499694824219,80.16999816894531,81.45999908447266,7308600.0
2021-10-04,80.9000015258789,80.94999694824219,79.08100128173828,79.69999694824219,9449000.0
2021-10-05,79.9800033569336,81.31999969482422,79.91000366210938,80.88999938964844,3316100.0
2021-10-06,80.08000183105469,81.08999633789062,79.7300033569336,81.02999877929688,6599900.0
2021-10-07,81.72000122070312,82.1449966430664,81.31999969482422,81.37999725341797,4263900.0
2021-10-08,81.52999877929688,81.63999938964844,80.87999725341797,80.9800033569336,2732400.0
2021-10-11,80.63999938964844,80.94999694824219,79.7300033569336,79.76000213623047,3590000.0
2021-10-12,79.7699966430664,79.83899688720703,78.73999786376953,79.0199966430664,7990700.0
2021-10-13,79.5199966430664,79.6500015258789,78.9000015258789,79.38999938964844,4690400.0
2021-10-14,80.12999725341797,80.63999938964844,79.95999908447266,80.51000213623047,3614600.0
2021-10-15,80.77999877929688,80.80000305175781,80.19999694824219,80.31999969482422,3100400.0
2021-10-18,80.22000122070312,80.95999908447266,80.05999755859375,80.94000244140625,2975400.0
2021-10-19,81.36000061035156,81.7300033569336,81.16000366210938,81.72000122070312,2460300.0
2021-10-20,81.91000366210938,82.11000061035156,81.5999984741211,81.87999725341797,2934600.0
2021-10-21,81.8499984741211,82.16000366210938,81.55999755859375,82.12000274658203,2681200.0
2021-10-22,80.87999725341797,81.19999694824219,79.9800033569336,80.37999725341797,3131000.0
2021-10-25,80.13999938964844,80.7300033569336,79.69000244140625,80.7300033569336,3225100.0
2021-10-26,81.06999969482422,81.16999816894531,79.62999725341797,80.01000213623047,6559500.0
2021-10-27,79.88999938964844,80.61000061035156,79.68499755859375,79.79000091552734,5846000.0
2021-10-28,79.8499984741211,80.5199966430664,79.3499984741211,80.05000305175781,3589100.0
2021-10-29,79.87000274658203,80.44000244140625,79.76000213623047,80.30000305175781,2845100.0
2021-11-01,80.58000183105469,81.05999755859375,80.20500183105469,80.43000030517578,4124600.0
2021-11-02,80.63999938964844,80.7750015258789,79.9749984741211,80.44000244140625,3982100.0
2021-11-03,80.0,80.76000213623047,79.76000213623047,80.7300033569336,2834100.0
2021-11-04,80.9800033569336,81.41999816894531,80.68000030517578,81.05000305175781,6281800.0
2021-11-05,81.76000213623047,82.3499984741211,81.61000061035156,81.69999694824219,3237500.0
2021-11-08,82.11000061035156,82.11000061035156,81.26000213623047,81.33999633789062,3171700.0
2021-11-09,81.5199966430664,81.66999816894531,80.75,81.13999938964844,3920900.0
2021-11-10,80.7300033569336,81.0199966430664,79.91000366210938,80.22000122070312,4074900.0
2021-11-11,80.2300033569336,80.5199966430664,80.01499938964844,80.05999755859375,2046900.0
2021-11-12,80.45999908447266,81.30000305175781,80.16000366210938,81.2300033569336,3240200.0
2021-11-15,81.45999908447266,81.91000366210938,81.25,81.45999908447266,2319200.0
2021-11-16,81.29000091552734,81.44000244140625,80.80000305175781,80.8499984741211,2383200.0
2021-11-17,80.83999633789062,81.0199966430664,80.44300079345703,80.54000091552734,7330300.0
2021-11-18,80.3499984741211,80.37000274658203,79.62999725341797,79.95999908447266,3335900.0
2021-11-19,80.29000091552734,80.4800033569336,79.56999969482422,79.69000244140625,6857100.0
2021-11-22,79.80000305175781,80.0,78.70999908447266,78.72000122070312,4517100.0
2021-11-23,78.56999969482422,78.93000030517578,77.94999694824219,78.51000213623047,5080500.0
2021-11-24,78.30000305175781,78.7249984741211,77.9000015258789,78.62000274658203,4243100.0
2021-11-26,77.86000061035156,77.86499786376953,77.11000061035156,77.18000030517578,4963000.0
2021-11-29,78.05000305175781,78.19999694824219,77.375,77.83999633789062,6518700.0
2021-11-30,77.52999877929688,77.52999877929688,75.28500366210938,75.37000274658203,10423700.0
2021-12-01,76.44999694824219,76.66000366210938,73.58999633789062,73.62999725341797,9392300.0
2021-12-02,73.91000366210938,75.17500305175781,73.76000213623047,74.87000274658203,7579100.0
2021-12-03,75.2300033569336,75.36000061035156,73.7300033569336,74.69999694824219,8986900.0
2021-12-06,75.12000274658203,76.11499786376953,74.83000183105469,75.93000030517578,7739200.0
2021-12-07,76.7300033569336,77.08000183105469,76.4800033569336,76.70999908447266,4549200.0
2021-12-08,76.91999816894531,77.46499633789062,76.6449966430664,77.2699966430664,9484400.0
2021-12-09,77.05000305175781,77.49500274658203,76.4800033569336,76.66000366210938,4065500.0
2021-12-10,77.12999725341797,77.27999877929688,76.12000274658203,76.69999694824219,4255400.0
2021-12-13,76.61000061035156,76.94999694824219,76.06500244140625,76.30000305175781,4980800.0
2021-12-14,75.43000030517578,76.23999786376953,75.33000183105469,76.0999984741211,7010600.0
2021-12-15,75.91999816894531,76.98500061035156,74.91300201416016,76.9000015258789,6693200.0
2021-12-16,77.08000183105469,77.69000244140625,76.55000305175781,76.79000091552734,7365300.0
2021-12-17,76.29000091552734,77.07499694824219,75.81999969482422,76.4800033569336,9932400.0
2021-12-20,75.55999755859375,75.83999633789062,75.08000183105469,75.79000091552734,4487000.0
2021-12-21,76.1500015258789,77.32499694824219,75.9800033569336,77.2300033569336,5198200.0
2021-12-22,77.05999755859375,77.62999725341797,76.9000015258789,77.41999816894531,3267000.0
2021-12-23,77.5199966430664,78.37000274658203,77.4800033569336,78.11000061035156,2383200.0
2021-12-27,78.3499984741211,79.04499816894531,78.33999633789062,78.87000274658203,2667600.0
2021-12-28,78.95999908447266,79.54499816894531,78.71499633789062,78.83000183105469,3214700.0
2021-12-29,78.87000274658203,79.06999969482422,78.19300079345703,78.44000244140625,3775600.0
2021-12-30,78.62999725341797,79.19000244140625,78.61000061035156,78.7699966430664,4483500.0
2021-12-31,78.56999969482422,78.87000274658203,77.65499877929688,77.68000030517578,5689100.0
2022-01-03,77.86000061035156,78.51000213623047,77.80000305175781,78.22000122070312,11984800.0
2022-01-04,78.52999877929688,78.7300033569336,77.62000274658203,78.05000305175781,11729100.0
2022-01-05,78.05999755859375,78.44000244140625,76.06999969482422,76.08999633789062,19325400.0
2022-01-06,76.12999725341797,77.37999725341797,75.88999938964844,76.43000030517578,14641300.0
2022-01-07,76.43000030517578,76.95999908447266,76.1500015258789,76.44000244140625,7882800.0
2022-01-10,75.70999908447266,75.9800033569336,74.2300033569336,75.95999908447266,9446100.0
2022-01-11,75.88999938964844,76.91999816894531,75.48999786376953,76.91000366210938,6813400.0
2022-01-12,77.19000244140625,77.44000244140625,76.62999725341797,77.01000213623047,5666800.0
2022-01-13,77.19999694824219,77.37000274658203,76.07499694824219,76.20999908447266,6354100.0
2022-01-14,75.54000091552734,76.62000274658203,75.53500366210938,76.55999755859375,6608600.0
2022-01-18,76.5,76.62000274658203,75.4749984741211,75.62999725341797,5903000.0
2022-01-19,75.8499984741211,76.66899871826172,75.45099639892578,75.5,6647000.0
2022-01-20,75.94000244140625,76.83000183105469,74.66500091552734,74.75,7335300.0
2022-01-21,73.77999877929688,74.19499969482422,72.19000244140625,72.22000122070312,14330900.0
2022-01-24,71.0999984741211,72.83999633789062,69.4800033569336,72.75,18812500.0
2022-01-25,71.54000091552734,72.22000122070312,70.62000274658203,71.26000213623047,9180300.0
2022-01-26,72.3499984741211,72.3499984741211,69.51000213623047,70.22000122070312,12982900.0
2022-01-27,70.72000122070312,71.75,70.18000030517578,70.30000305175781,9541500.0
2022-01-28,70.47000122070312,72.33000183105469,70.19999694824219,72.30999755859375,6249500.0
2022-01-31,72.30000305175781,74.0,71.81999969482422,73.94999694824219,6105900.0
2022-02-01,74.0,74.69000244140625,73.37999725341797,74.58999633789062,6284100.0
2022-02-02,76.56999969482422,76.56999969482422,75.26000213623047,76.08000183105469,5357300.0
2022-02-03,71.69999694824219,72.48999786376953,70.8499984741211,70.98999786376953,9281100.0
2022-02-04,70.72000122070312,71.75499725341797,69.9800033569336,71.16999816894531,6675800.0
2022-02-07,71.3499984741211,71.4000015258789,69.75499725341797,69.93000030517578,4843500.0
2022-02-08,69.66000366210938,70.1449966430664,69.36000061035156,69.9000015258789,6073900.0
2022-02-09,70.70999908447266,71.88999938964844,70.63999938964844,71.87000274658203,6325600.0
2022-02-10,70.87999725341797,72.1050033569336,70.5199966430664,70.83999633789062,6571600.0
2022-02-11,70.80000305175781,71.19000244140625,69.05999755859375,69.30999755859375,7358900.0
2022-02-14,69.2300033569336,69.76000213623047,68.77999877929688,69.31999969482422,5342600.0
2022-02-15,70.05999755859375,70.33000183105469,69.69999694824219,70.29000091552734,4291900.0
2022-02-16,69.36000061035156,69.94999694824219,68.94999694824219,69.80000305175781,4556400.0
2022-02-17,69.22000122070312,69.36000061035156,67.8949966430664,67.94000244140625,7516700.0
2022-02-18,68.13999938964844,68.58499908447266,67.20999908447266,67.41000366210938,7513300.0
2022-02-22,67.05999755859375,67.79499816894531,66.25,66.72000122070312,8859500.0
2022-02-23,67.16000366210938,67.31999969482422,65.55000305175781,65.5999984741211,6548700.0
2022-02-24,64.06999969482422,67.58000183105469,64.02999877929688,67.44000244140625,10993400.0
2022-02-25,67.58000183105469,68.625,67.12999725341797,68.52999877929688,7187100.0
2022-02-28,67.69999694824219,68.87000274658203,67.62000274658203,68.44999694824219,8388800.0
2022-03-01,68.13999938964844,68.58000183105469,67.20999908447266,67.58999633789062,6151100.0
2022-03-02,67.77999877929688,68.44000244140625,67.36000061035156,68.16999816894531,7782500.0
2022-03-03,68.66000366210938,68.77999877929688,67.18000030517578,67.45999908447266,6528200.0
2022-03-04,67.08999633789062,67.37999725341797,66.19000244140625,66.48999786376953,6324800.0
2022-03-07,66.38999938964844,66.38999938964844,64.23999786376953,64.27999877929688,7726800.0
2022-03-08,64.19000244140625,65.80999755859375,63.685001373291016,64.12000274658203,10154000.0
2022-03-09,65.62999725341797,66.25499725341797,65.37999725341797,66.04000091552734,6776000.0
2022-03-10,65.1500015258789,65.75,64.84500122070312,65.55000305175781,5783600.0
2022-03-11,65.97000122070312,66.05000305175781,64.29000091552734,64.37000274658203,4982600.0
2022-03-14,64.36000061035156,65.05000305175781,63.4900016784668,63.619998931884766,6998900.0
2022-03-15,64.0999984741211,64.94999694824219,63.75,64.83999633789062,6259300.0
2022-03-16,65.4000015258789,66.6500015258789,64.86000061035156,66.62999725341797,6621600.0
2022-03-17,66.41000366210938,67.3499984741211,66.16999816894531,67.3499984741211,5120700.0
2022-03-18,67.0999984741211,68.30999755859375,66.88999938964844,68.2300033569336,8622200.0
2022-03-21,67.77999877929688,67.91999816894531,66.73999786376953,67.41999816894531,6153900.0
2022-03-22,67.5199966430664,69.05000305175781,67.4800033569336,68.68000030517578,4462400.0
2022-03-23,68.18000030517578,68.61499786376953,67.73500061035156,67.73999786376953,5143200.0
2022-03-24,68.16999816894531,68.87000274658203,67.93000030517578,68.8499984741211,4300700.0
2022-03-25,69.02999877929688,69.38999938964844,68.41000366210938,69.18000030517578,3854400.0
2022-03-28,69.0999984741211,69.41000366210938,68.4000015258789,69.4000015258789,2914400.0
2022-03-29,69.9800033569336,70.80999755859375,69.81999969482422,70.61000061035156,6935100.0
2022-03-30,70.33000183105469,70.61000061035156,69.8499984741211,70.11000061035156,4664600.0
2022-03-31,70.0999984741211,70.0999984741211,68.76300048828125,68.77999877929688,4784900.0
2022-04-01,69.11000061035156,69.33000183105469,68.7300033569336,69.29000091552734,4019000.0
2022-04-04,69.72000122070312,71.2750015258789,69.72000122070312,71.19999694824219,5201400.0
2022-04-05,71.2300033569336,71.56999969482422,70.12000274658203,70.29000091552734,3991300.0
2022-04-06,69.5199966430664,69.69999694824219,68.52999877929688,68.9800033569336,5010900.0
2022-04-07,68.87000274658203,69.02999877929688,67.41000366210938,68.37999725341797,4387200.0
2022-04-08,68.23999786376953,68.66999816894531,67.70999908447266,68.08000183105469,3827900.0
2022-04-11,67.62999725341797,68.26300048828125,67.11000061035156,67.19999694824219,5360900.0
2022-04-12,67.93000030517578,68.19000244140625,66.31500244140625,66.6500015258789,8250300.0
2022-04-13,66.55000305175781,67.9000015258789,66.44999694824219,67.62999725341797,6185900.0
2022-04-14,67.83999633789062,67.83999633789062,66.44000244140625,66.4800033569336,4718700.0
2022-04-18,66.44000244140625,66.75700378417969,65.68000030517578,66.26000213623047,6386400.0
2022-04-19,66.08000183105469,67.76000213623047,65.94000244140625,67.58000183105469,4526200.0
2022-04-20,66.36000061035156,66.37999725341797,64.33999633789062,64.6500015258789,9530500.0
2022-04-21,64.83999633789062,65.25,62.630001068115234,62.810001373291016,8232100.0
2022-04-22,62.81999969482422,62.970001220703125,61.209999084472656,61.31999969482422,9702000.0
2022-04-25,61.20000076293945,62.189998626708984,60.81999969482422,62.15999984741211,13360400.0
2022-04-26,61.7400016784668,61.7400016784668,60.09000015258789,60.119998931884766,9913000.0
2022-04-27,59.2599983215332,59.91999816894531,58.43000030517578,58.779998779296875,17372400.0
2022-04-28,60.81999969482422,61.51100158691406,59.33000183105469,61.130001068115234,11269800.0
2022-04-29,60.7400016784668,61.47999954223633,58.970001220703125,59.060001373291016,9692600.0
2022-05-02,59.18000030517578,60.7400016784668,59.060001373291016,60.689998626708984,11094700.0
2022-05-03,60.529998779296875,61.400001525878906,60.08000183105469,60.849998474121094,8362100.0
2022-05-04,60.58000183105469,63.09000015258789,60.005001068115234,62.939998626708984,9761100.0
2022-05-05,62.189998626708984,62.43000030517578,60.0,60.619998931884766,9109600.0
2022-05-06,60.150001525878906,60.31999969482422,58.91999816894531,59.369998931884766,9318600.0
2022-05-09,58.54999923706055,59.06999969482422,57.599998474121094,57.83000183105469,11949000.0
2022-05-10,58.75,59.15999984741211,57.560001373291016,58.09000015258789,9633000.0
2022-05-11,57.869998931884766,59.04999923706055,56.95000076293945,57.040000915527344,15059700.0
2022-05-12,56.56999969482422,58.380001068115234,56.279998779296875,57.65999984741211,16809300.0
2022-05-13,57.84000015258789,59.31999969482422,57.77000045776367,59.0099983215332,5895400.0
2022-05-16,58.66999816894531,59.31999969482422,58.4900016784668,58.630001068115234,6900800.0
2022-05-17,59.52000045776367,59.95000076293945,59.08000183105469,59.90999984741211,10530000.0
2022-05-18,59.22999954223633,59.5099983215332,57.779998779296875,57.95000076293945,9766400.0
2022-05-19,57.720001220703125,58.54999923706055,57.650001525878906,57.869998931884766,8299200.0
2022-05-20,58.58000183105469,58.80500030517578,56.63999938964844,58.02000045776367,8785200.0
2022-05-23,58.47999954223633,58.97999954223633,57.689998626708984,58.88999938964844,9217000.0
2022-05-24,56.90999984741211,57.029998779296875,55.68000030517578,56.79999923706055,8468800.0
2022-05-25,56.61000061035156,57.81999969482422,56.54999923706055,57.560001373291016,5346200.0
2022-05-26,57.70000076293945,59.13999938964844,57.68000030517578,58.959999084472656,4975200.0
2022-05-27,59.2400016784668,60.2400016784668,59.099998474121094,60.220001220703125,5187100.0
2022-05-31,60.099998474121094,60.790000915527344,59.58000183105469,60.18000030517578,7167800.0
2022-06-01,60.650001525878906,60.9900016784668,59.2599983215332,59.4900016784668,6233000.0
2022-06-02,59.41999816894531,61.005001068115234,59.27000045776367,60.939998626708984,7218600.0
2022-06-03,60.31999969482422,60.4900016784668,59.45000076293945,59.619998931884766,4498500.0
2022-06-06,60.279998779296875,60.53499984741211,59.505001068115234,59.91999816894531,4689100.0
2022-06-07,59.349998474121094,60.40999984741211,59.209999084472656,60.349998474121094,3251500.0
2022-06-08,60.130001068115234,61.0359992980957,60.07500076293945,60.189998626708984,3947500.0
2022-06-09,59.869998931884766,60.27000045776367,58.290000915527344,58.34000015258789,4422200.0
2022-06-10,57.46500015258789,57.630001068115234,56.60499954223633,56.709999084472656,6654000.0
2022-06-13,55.31999969482422,55.59000015258789,53.880001068115234,54.029998779296875,7046500.0
2022-06-14,54.369998931884766,54.564998626708984,53.43000030517578,53.880001068115234,4388400.0
2022-06-15,54.470001220703125,55.810001373291016,54.11000061035156,55.09000015258789,7353100.0
2022-06-16,53.88999938964844,54.16999816894531,52.73500061035156,53.08000183105469,6917900.0
2022-06-17,53.279998779296875,54.27000045776367,52.869998931884766,53.84000015258789,11930100.0
2022-06-21,54.470001220703125,54.880001068115234,53.96500015258789,54.09000015258789,4110000.0
2022-06-22,53.83000183105469,54.97999954223633,53.724998474121094,54.18000030517578,6472000.0
2022-06-23,54.459999084472656,54.9900016784668,53.959999084472656,54.849998474121094,6001300.0
2022-06-24,55.279998779296875,56.939998626708984,55.27000045776367,56.939998626708984,8894500.0
2022-06-27,57.060001373291016,57.11000061035156,56.13999938964844,56.400001525878906,3790200.0
2022-06-28,56.58000183105469,57.0,54.73500061035156,54.7599983215332,4805000.0
2022-06-29,54.90999984741211,55.16999816894531,54.34000015258789,54.93000030517578,3939100.0
2022-06-30,54.36000061035156,55.084999084472656,53.4900016784668,54.27000045776367,4901600.0
2022-07-01,54.08000183105469,54.88999938964844,53.70500183105469,54.81999969482422,4400400.0
2022-07-05,54.130001068115234,56.119998931884766,53.61000061035156,56.09000015258789,4237400.0
2022-07-06,56.09000015258789,56.54499816894531,55.492000579833984,56.099998474121094,4234900.0
2022-07-07,56.27000045776367,57.209999084472656,56.119998931884766,56.97999954223633,3297100.0
2022-07-08,56.45000076293945,57.130001068115234,56.16999816894531,56.709999084472656,2566900.0
2022-07-11,56.02000045776367,56.08000183105469,54.88999938964844,54.9900016784668,3350600.0
2022-07-12,55.189998626708984,55.68000030517578,54.75,54.959999084472656,4103500.0
2022-07-13,54.119998931884766,55.11000061035156,54.04800033569336,54.709999084472656,4924000.0
2022-07-14,54.029998779296875,54.27000045776367,53.40999984741211,54.02000045776367,4174000.0
2022-07-15,54.58000183105469,55.43000030517578,54.36000061035156,55.40999984741211,4048200.0
2022-07-18,55.79999923706055,56.2400016784668,54.97999954223633,55.130001068115234,3790900.0
2022-07-19,55.880001068115234,57.154998779296875,55.7599983215332,57.09000015258789,3235800.0
2022-07-20,57.36000061035156,58.334999084472656,57.000999450683594,58.029998779296875,5639600.0
2022-07-21,57.529998779296875,58.0,56.77000045776367,58.0,6391000.0
2022-07-22,56.72999954223633,57.369998931884766,55.619998931884766,55.9900016784668,3765800.0
2022-07-25,56.04999923706055,56.40999984741211,55.40999984741211,55.79999923706055,2894300.0
2022-07-26,55.470001220703125,55.470001220703125,54.52000045776367,54.68000030517578,4278000.0
2022-07-27,55.599998474121094,57.29999923706055,55.47999954223633,56.9900016784668,4802200.0
2022-07-28,55.939998626708984,56.349998474121094,55.2400016784668,56.34000015258789,4808900.0
2022-07-29,55.86000061035156,56.4900016784668,55.52000045776367,56.369998931884766,5981000.0
2022-08-01,55.95000076293945,56.869998931884766,55.58000183105469,56.290000915527344,3758200.0
2022-08-02,55.939998626708984,56.875,55.880001068115234,56.20000076293945,4688400.0
2022-08-03,56.41999816894531,57.72999954223633,56.31999969482422,57.54999923706055,4331600.0
2022-08-04,57.400001525878906,58.09000015258789,57.27000045776367,57.79999923706055,3261800.0
2022-08-05,56.689998626708984,57.439998626708984,56.57500076293945,57.09000015258789,3421900.0
2022-08-08,57.43000030517578,58.560001373291016,57.34000015258789,57.41999816894531,3962700.0
2022-08-09,57.27000045776367,57.27000045776367,56.58000183105469,56.86000061035156,2718100.0
2022-08-10,58.18000030517578,58.75,57.97999954223633,58.459999084472656,3338800.0
2022-08-11,59.15999984741211,59.75,58.40999984741211,58.52000045776367,3001700.0
2022-08-12,59.150001525878906,59.56999969482422,58.84000015258789,59.560001373291016,2779000.0
2022-08-15,59.279998779296875,59.90999984741211,59.18000030517578,59.77000045776367,2623700.0
2022-08-16,59.47999954223633,60.2400016784668,59.20000076293945,59.88999938964844,2471200.0
2022-08-17,59.130001068115234,59.36000061035156,58.61000061035156,58.72999954223633,4400800.0
2022-08-18,58.630001068115234,58.880001068115234,58.09000015258789,58.63999938964844,2416900.0
2022-08-19,58.11000061035156,58.189998626708984,57.42499923706055,57.689998626708984,3337800.0
2022-08-22,56.939998626708984,56.939998626708984,55.915000915527344,56.040000915527344,3312500.0
2022-08-23,55.880001068115234,56.279998779296875,55.470001220703125,55.560001373291016,5294800.0
2022-08-24,55.38999938964844,56.29999923706055,55.29999923706055,55.88999938964844,4279000.0
2022-08-25,56.11000061035156,57.0099983215332,56.04999923706055,56.97999954223633,2492100.0
2022-08-26,56.81999969482422,57.224998474121094,55.13999938964844,55.15999984741211,5293800.0
2022-08-29,54.77000045776367,55.38999938964844,54.680999755859375,54.72999954223633,3620800.0
2022-08-30,54.939998626708984,55.16999816894531,53.88999938964844,54.25,3754600.0
2022-08-31,55.29999923706055,55.540000915527344,54.369998931884766,54.380001068115234,5491400.0
2022-09-01,54.2400016784668,54.93000030517578,53.869998931884766,54.880001068115234,6217300.0
2022-09-02,55.220001220703125,55.2599983215332,53.630001068115234,53.84000015258789,5575700.0
2022-09-06,53.810001373291016,53.880001068115234,52.810001373291016,53.16999816894531,9950000.0
2022-09-07,53.119998931884766,54.34000015258789,53.11000061035156,54.2400016784668,7466700.0
2022-09-08,53.720001220703125,54.369998931884766,53.45000076293945,54.11000061035156,11092400.0
2022-09-09,54.5099983215332,55.685001373291016,54.5099983215332,55.619998931884766,9515600.0
2022-09-12,55.720001220703125,56.23500061035156,55.459999084472656,55.90999984741211,4837200.0
2022-09-13,54.310001373291016,54.43000030517578,52.689998626708984,52.84000015258789,7053200.0
2022-09-14,53.0,53.04999923706055,52.18000030517578,52.93000030517578,7515200.0
2022-09-15,52.709999084472656,53.560001373291016,52.494998931884766,52.70000076293945,6948600.0
2022-09-16,52.290000915527344,52.3489990234375,51.70000076293945,52.13999938964844,10953500.0
2022-09-19,51.720001220703125,52.33000183105469,51.564998626708984,52.33000183105469,7144500.0
2022-09-20,51.779998779296875,52.119998931884766,51.36000061035156,51.52000045776367,5358400.0
2022-09-21,51.650001525878906,52.029998779296875,50.2400016784668,50.2599983215332,6596000.0
2022-09-22,50.060001373291016,50.52000045776367,49.86000061035156,50.08000183105469,6186200.0
2022-09-23,49.63999938964844,49.70000076293945,48.51499938964844,49.11000061035156,7014300.0
2022-09-26,48.88999938964844,49.369998931884766,48.189998626708984,48.310001373291016,6194000.0
2022-09-27,48.810001373291016,49.13999938964844,47.79999923706055,48.04999923706055,6616900.0
2022-09-28,48.189998626708984,49.880001068115234,48.16999816894531,49.689998626708984,7825400.0
2022-09-29,49.15999984741211,49.15999984741211,48.040000915527344,48.47999954223633,6384600.0
2022-09-30,48.47999954223633,49.22999954223633,47.86000061035156,47.88999938964844,6277400.0
2022-10-03,48.439998626708984,49.47999954223633,48.29999923706055,49.22999954223633,5783700.0
2022-10-04,49.869998931884766,50.7599983215332,49.86000061035156,50.7400016784668,8840100.0
2022-10-05,49.95000076293945,50.58000183105469,49.27000045776367,50.349998474121094,5179800.0
2022-10-06,50.15999984741211,50.75,49.900001525878906,50.08000183105469,6508700.0
2022-10-07,49.439998626708984,49.61000061035156,48.5,48.72999954223633,4890300.0
2022-10-10,48.88999938964844,49.130001068115234,48.17499923706055,48.599998474121094,4931000.0
2022-10-11,48.290000915527344,48.55500030517578,47.43000030517578,47.689998626708984,7811700.0
2022-10-12,47.720001220703125,48.005001068115234,47.40999984741211,47.630001068115234,5351800.0
2022-10-13,46.650001525878906,48.974998474121094,46.472999572753906,48.779998779296875,10305300.0
2022-10-14,49.16999816894531,49.369998931884766,47.880001068115234,47.97999954223633,8173300.0
2022-10-17,48.79999923706055,49.619998931884766,48.7599983215332,49.29999923706055,6105200.0
2022-10-18,50.369998931884766,50.4900016784668,49.22999954223633,49.66999816894531,5524000.0
2022-10-19,49.779998779296875,50.42499923706055,49.41999816894531,49.709999084472656,11117400.0
2022-10-20,49.83000183105469,50.80500030517578,49.68000030517578,49.83000183105469,6788900.0
2022-10-21,49.029998779296875,50.20000076293945,48.86000061035156,50.150001525878906,7086500.0
2022-10-24,50.290000915527344,50.77000045776367,49.689998626708984,50.5,6334600.0
2022-10-25,50.7400016784668,51.95000076293945,50.72999954223633,51.84000015258789,4684400.0
2022-10-26,50.58000183105469,51.38999938964844,50.119998931884766,50.20000076293945,5786000.0
2022-10-27,48.400001525878906,49.02000045776367,47.790000915527344,47.81999969482422,6867800.0
2022-10-28,48.04999923706055,49.06999969482422,47.939998626708984,49.029998779296875,8235200.0
2022-10-31,48.66999816894531,48.86000061035156,47.93000030517578,48.209999084472656,7609400.0
2022-11-01,48.84000015258789,49.150001525878906,47.869998931884766,47.900001525878906,4956900.0
2022-11-02,47.84000015258789,48.31999969482422,46.529998779296875,46.54999923706055,10548700.0
2022-11-03,46.04999923706055,46.150001525878906,45.36000061035156,45.40999984741211,11167500.0
2022-11-04,45.93000030517578,46.150001525878906,44.86000061035156,45.720001220703125,6621200.0
2022-11-07,46.22999954223633,46.56999969482422,45.89500045776367,46.540000915527344,7202200.0
2022-11-08,46.43000030517578,47.11000061035156,45.95000076293945,46.59000015258789,8273000.0
2022-11-09,46.40999984741211,46.70000076293945,45.900001525878906,45.959999084472656,7028600.0
2022-11-10,47.810001373291016,48.810001373291016,47.349998474121094,48.7400016784668,8306200.0
2022-11-11,48.720001220703125,50.220001220703125,48.70000076293945,50.02000045776367,9255300.0
2022-11-14,49.65999984741211,50.560001373291016,49.61000061035156,49.81999969482422,5432300.0
2022-11-15,50.79199981689453,51.20000076293945,49.849998474121094,50.560001373291016,8965500.0
2022-11-16,50.27000045776367,50.41999816894531,49.845001220703125,50.060001373291016,5374000.0
2022-11-17,49.099998474121094,49.974998474121094,48.90999984741211,49.68000030517578,7109400.0
2022-11-18,50.09000015258789,50.198001861572266,49.2599983215332,49.529998779296875,4049300.0
2022-11-21,49.65999984741211,49.86000061035156,48.93000030517578,49.119998931884766,3202100.0
2022-11-22,49.209999084472656,49.900001525878906,48.84000015258789,49.849998474121094,5479200.0
2022-11-23,49.77000045776367,50.59000015258789,49.77000045776367,50.47999954223633,4605800.0
2022-11-25,50.18000030517578,50.45000076293945,50.13999938964844,50.20000076293945,1895800.0
2022-11-28,49.90999984741211,50.20500183105469,49.279998779296875,49.400001525878906,3680300.0
2022-11-29,49.43000030517578,49.54999923706055,48.970001220703125,49.41999816894531,3823100.0
2022-11-30,49.310001373291016,51.525001525878906,49.15999984741211,51.5099983215332,10313800.0
2022-12-01,51.61000061035156,52.189998626708984,51.415000915527344,51.810001373291016,6604300.0
2022-12-02,50.959999084472656,52.07500076293945,50.959999084472656,51.939998626708984,4402200.0
2022-12-05,51.529998779296875,52.09000015258789,50.96500015258789,51.119998931884766,4033200.0
2022-12-06,50.95000076293945,51.02000045776367,49.472999572753906,49.650001525878906,5811000.0
2022-12-07,49.5099983215332,49.79999923706055,49.099998474121094,49.400001525878906,4700900.0
2022-12-08,49.630001068115234,49.7599983215332,49.13999938964844,49.29999923706055,5180800.0
2022-12-09,49.290000915527344,49.97999954223633,49.040000915527344,49.439998626708984,6325000.0
2022-12-12,49.439998626708984,49.84000015258789,49.09000015258789,49.83000183105469,5129600.0
2022-12-13,51.650001525878906,52.06999969482422,50.29999923706055,50.66999816894531,9909700.0
2022-12-14,50.0,50.84000015258789,49.470001220703125,50.0099983215332,10321600.0
2022-12-15,49.11000061035156,49.29999923706055,47.84000015258789,48.060001373291016,9817300.0
2022-12-16,48.150001525878906,48.4900016784668,47.77000045776367,48.04999923706055,8563500.0
2022-12-19,47.689998626708984,47.790000915527344,46.68000030517578,46.810001373291016,5688200.0
2022-12-20,46.630001068115234,47.22999954223633,46.474998474121094,47.130001068115234,5743800.0
2022-12-21,47.29999923706055,47.97999954223633,47.130001068115234,47.75,5863300.0
2022-12-22,47.2599983215332,47.369998931884766,46.47999954223633,47.34000015258789,4384300.0
2022-12-23,47.150001525878906,47.81999969482422,47.060001373291016,47.79999923706055,3845500.0
2022-12-27,47.650001525878906,47.75,47.060001373291016,47.369998931884766,3905700.0
2022-12-28,47.20000076293945,47.625,46.66999816894531,46.68000030517578,6047800.0
2022-12-29,47.11000061035156,48.154998779296875,47.02000045776367,47.970001220703125,3466900.0
2022-12-30,47.380001068115234,48.0,47.220001220703125,47.9900016784668,4828600.0
2023-01-03,48.58000183105469,49.04999923706055,48.150001525878906,48.61000061035156,8577900.0
2023-01-04,49.279998779296875,49.83000183105469,48.79999923706055,49.52000045776367,5837200.0
2023-01-05,49.43000030517578,49.915000915527344,49.04999923706055,49.59000015258789,5407700.0
2023-01-06,50.04999923706055,50.53499984741211,49.349998474121094,50.400001525878906,4578400.0
2023-01-09,50.619998931884766,51.099998474121094,50.43000030517578,50.47999954223633,6430100.0
2023-01-10,50.06999969482422,51.244998931884766,50.02199935913086,51.2400016784668,8684900.0
2023-01-11,51.349998474121094,51.619998931884766,51.08000183105469,51.61000061035156,4098400.0
2023-01-12,51.75,52.349998474121094,51.150001525878906,52.18000030517578,4193700.0
2023-01-13,51.849998474121094,52.43000030517578,51.755001068115234,52.349998474121094,3712300.0
2023-01-17,52.220001220703125,52.279998779296875,51.540000915527344,51.86000061035156,3529900.0
2023-01-18,52.0099983215332,52.16999816894531,51.08100128173828,51.22999954223633,5930300.0
2023-01-19,50.970001220703125,51.755001068115234,50.79999923706055,51.4900016784668,7387400.0
2023-01-20,51.90999984741211,53.15599822998047,51.77000045776367,53.099998474121094,4874200.0
2023-01-23,53.150001525878906,54.154998779296875,53.02000045776367,54.029998779296875,6279000.0
2023-01-24,53.58000183105469,54.650001525878906,53.41299819946289,53.880001068115234,8867000.0
2023-01-25,53.5,54.189998626708984,53.310001373291016,54.06999969482422,4976800.0
2023-01-26,54.45000076293945,54.91999816894531,54.11000061035156,54.90999984741211,4303600.0
2023-01-27,54.79999923706055,55.59600067138672,54.79999923706055,55.290000915527344,3764100.0
2023-01-30,54.7400016784668,55.1150016784668,54.38999938964844,54.41999816894531,3857100.0
2023-01-31,54.43000030517578,55.095001220703125,54.43000030517578,55.08000183105469,4265500.0
2023-02-01,54.689998626708984,55.994998931884766,54.29999923706055,55.72999954223633,7523200.0
2023-02-02,58.45000076293945,59.790000915527344,58.125,59.38999938964844,9444700.0
2023-02-03,58.02000045776367,59.43000030517578,58.0099983215332,58.20000076293945,7829200.0
2023-02-06,57.52000045776367,57.97999954223633,57.16999816894531,57.5,5708300.0
2023-02-07,57.38999938964844,58.77000045776367,57.2599983215332,58.56999969482422,7167000.0
2023-02-08,57.630001068115234,57.810001373291016,56.43000030517578,56.72999954223633,6530400.0
2023-02-09,57.439998626708984,57.459999084472656,55.28499984741211,55.4900016784668,6056300.0
2023-02-10,55.34000015258789,55.56999969482422,54.810001373291016,54.959999084472656,4483300.0
2023-02-13,55.22999954223633,55.93000030517578,55.040000915527344,55.7400016784668,2956300.0
2023-02-14,55.459999084472656,55.939998626708984,54.970001220703125,55.7599983215332,5887900.0
2023-02-15,55.36000061035156,56.29999923706055,55.310001373291016,56.27000045776367,4233800.0
2023-02-16,55.279998779296875,56.11000061035156,55.15999984741211,55.40999984741211,5267600.0
2023-02-17,54.9900016784668,55.39500045776367,54.724998474121094,55.349998474121094,4245100.0
2023-02-21,54.790000915527344,55.08000183105469,54.11000061035156,54.130001068115234,4176400.0
2023-02-22,54.06999969482422,54.470001220703125,53.94499969482422,54.2400016784668,4410600.0
2023-02-23,54.290000915527344,54.349998474121094,53.380001068115234,53.9900016784668,5151100.0
2023-02-24,53.15999984741211,53.369998931884766,52.845001220703125,53.2400016784668,4842300.0
2023-02-27,53.630001068115234,53.900001525878906,53.25,53.40999984741211,3659200.0
2023-02-28,53.36000061035156,53.974998474121094,53.36000061035156,53.5,5728600.0
2023-03-01,53.400001525878906,53.619998931884766,53.0099983215332,53.09000015258789,7092300.0
2023-03-02,52.7599983215332,53.70500183105469,52.7400016784668,53.59000015258789,4649200.0
2023-03-03,54.06999969482422,54.82500076293945,53.939998626708984,54.7599983215332,5373300.0
2023-03-06,55.09000015258789,55.51499938964844,54.75,54.7599983215332,5626400.0
2023-03-07,55.0099983215332,55.15999984741211,54.040000915527344,54.20000076293945,5464500.0
2023-03-08,54.15999984741211,54.459999084472656,53.84000015258789,54.22999954223633,4289400.0
2023-03-09,54.29999923706055,54.65999984741211,52.82500076293945,53.0099983215332,6195400.0
2023-03-10,52.88999938964844,53.165000915527344,51.970001220703125,52.2599983215332,13124300.0
2023-03-13,51.849998474121094,52.970001220703125,51.369998931884766,52.2599983215332,15248700.0
2023-03-14,53.16999816894531,53.84000015258789,53.04999923706055,53.7400016784668,10217800.0
2023-03-15,53.279998779296875,54.38999938964844,53.0,54.31999969482422,12706500.0
2023-03-16,54.18000030517578,55.61000061035156,54.029998779296875,55.540000915527344,11404200.0
2023-03-17,55.36000061035156,55.68000030517578,54.810001373291016,55.0099983215332,12329700.0
2023-03-20,54.90999984741211,55.40999984741211,54.709999084472656,55.27000045776367,7192200.0
2023-03-21,55.880001068115234,56.560001373291016,55.650001525878906,56.45000076293945,5008700.0
2023-03-22,56.380001068115234,57.130001068115234,55.43000030517578,55.459999084472656,6751500.0
2023-03-23,56.040000915527344,56.97999954223633,55.904998779296875,56.36000061035156,7071100.0
2023-03-24,56.369998931884766,56.724998474121094,55.97999954223633,56.650001525878906,5494600.0
2023-03-27,56.650001525878906,56.869998931884766,56.11000061035156,56.33000183105469,3758300.0
2023-03-28,56.220001220703125,56.220001220703125,55.58000183105469,55.869998931884766,4113000.0
2023-03-29,56.38999938964844,56.66999816894531,56.150001525878906,56.61000061035156,4815700.0
2023-03-30,56.7400016784668,56.959999084472656,56.599998474121094,56.880001068115234,6365100.0
2023-03-31,57.0,58.02000045776367,56.97999954223633,57.970001220703125,9690900.0
2023-04-03,57.54999923706055,58.2400016784668,57.4900016784668,58.209999084472656,8983800.0
2023-04-04,58.25,58.560001373291016,57.970001220703125,58.38999938964844,9755200.0
2023-04-05,58.41999816894531,58.47999954223633,57.790000915527344,58.20000076293945,12242800.0
2023-04-06,58.11000061035156,59.10499954223633,57.7599983215332,58.93000030517578,10713900.0
2023-04-10,58.4900016784668,58.814998626708984,58.189998626708984,58.79999923706055,4791100.0
2023-04-11,58.90999984741211,59.06999969482422,58.57500076293945,58.650001525878906,17443800.0
2023-04-12,59.029998779296875,59.15999984741211,57.97999954223633,58.040000915527344,5886200.0
2023-04-13,58.54999923706055,59.275001525878906,58.47999954223633,59.25,5416200.0
2023-04-14,58.88999938964844,59.43000030517578,58.65999984741211,59.22999954223633,4906200.0
2023-04-17,58.58000183105469,58.939998626708984,58.400001525878906,58.88999938964844,6479100.0
2023-04-18,59.130001068115234,59.20000076293945,58.47100067138672,58.59000015258789,4380300.0
2023-04-19,57.94200134277344,58.39500045776367,57.81999969482422,58.150001525878906,4409400.0
2023-04-20,57.540000915527344,58.099998474121094,57.400001525878906,57.54999923706055,4414100.0
2023-04-21,57.400001525878906,57.76499938964844,57.209999084472656,57.689998626708984,7125300.0
2023-04-24,57.709999084472656,57.95000076293945,57.2400016784668,57.630001068115234,4876000.0
2023-04-25,57.36000061035156,57.459999084472656,56.720001220703125,56.72999954223633,5345900.0
2023-04-26,56.75,57.11000061035156,56.064998626708984,56.130001068115234,6964600.0
2023-04-27,58.2400016784668,59.56999969482422,58.099998474121094,59.38999938964844,9597400.0
2023-04-28,59.119998931884766,59.90999984741211,59.06999969482422,59.900001525878906,7480600.0
2023-05-01,59.810001373291016,60.13999938964844,59.46500015258789,59.88999938964844,7220800.0
2023-05-02,59.70000076293945,59.79999923706055,58.4900016784668,58.779998779296875,10152100.0
2023-05-03,58.91999816894531,59.439998626708984,58.45500183105469,58.54999923706055,8671300.0
2023-05-04,58.209999084472656,58.22999954223633,57.58000183105469,57.61000061035156,7134000.0
2023-05-05,57.75,58.44499969482422,57.43000030517578,58.33000183105469,4970900.0
2023-05-08,58.25,59.0099983215332,58.20000076293945,58.91999816894531,3997000.0
2023-05-09,58.77000045776367,59.0099983215332,58.5,58.54999923706055,7635100.0
2023-05-10,59.09000015258789,59.244998931884766,58.209999084472656,59.06999969482422,6380700.0
2023-05-11,59.31999969482422,60.01499938964844,59.060001373291016,59.65999984741211,7617800.0
2023-05-12,59.77000045776367,59.880001068115234,59.32500076293945,59.709999084472656,4019800.0
2023-05-15,59.709999084472656,60.1349983215332,59.57500076293945,59.9900016784668,3557900.0
2023-05-16,59.689998626708984,60.14500045776367,59.606998443603516,59.91999816894531,3775800.0
2023-05-17,60.02000045776367,60.90999984741211,59.880001068115234,60.650001525878906,5544900.0
2023-05-18,60.689998626708984,61.79499816894531,60.689998626708984,61.7400016784668,6547900.0
2023-05-19,61.779998779296875,62.16999816894531,61.16999816894531,61.40999984741211,5739500.0
2023-05-22,61.5,62.43000030517578,61.470001220703125,61.970001220703125,4924900.0
2023-05-23,61.619998931884766,62.10499954223633,61.20000076293945,61.20000076293945,4214600.0
2023-05-24,60.869998931884766,61.20500183105469,60.56999969482422,60.91999816894531,6112700.0
2023-05-25,61.4900016784668,61.540000915527344,60.75,60.91999816894531,5962500.0
2023-05-26,61.02000045776367,62.20000076293945,60.7400016784668,62.15999984741211,8314700.0
2023-05-30,62.65999984741211,62.720001220703125,61.90999984741211,62.2599983215332,6807700.0
2023-05-31,62.0,62.38999938964844,61.779998779296875,62.2400016784668,7566500.0
2023-06-01,62.41999816894531,63.185001373291016,62.279998779296875,63.08000183105469,10175700.0
2023-06-02,62.81999969482422,63.375,62.630001068115234,63.15999984741211,8956400.0
2023-06-05,62.91999816894531,63.880001068115234,62.91999816894531,63.31999969482422,7260600.0
2023-06-06,63.279998779296875,63.970001220703125,63.150001525878906,63.58000183105469,4420100.0
2023-06-07,63.70000076293945,64.26000213623047,62.75,62.869998931884766,5343100.0
2023-06-08,62.619998931884766,63.400001525878906,62.53099822998047,63.189998626708984,4159300.0
2023-06-09,63.16999816894531,63.625,63.025001525878906,63.209999084472656,8008400.0
2023-06-12,63.439998626708984,64.01000213623047,63.310001373291016,63.959999084472656,4675100.0
2023-06-13,64.47000122070312,64.72000122070312,63.90999984741211,64.16999816894531,5138400.0
2023-06-14,64.11000061035156,64.70999908447266,63.58000183105469,64.27999877929688,5512800.0
2023-06-15,64.18000030517578,65.5199966430664,63.939998626708984,65.30000305175781,6185600.0
2023-06-16,65.58000183105469,65.61000061035156,64.66999816894531,64.76000213623047,7422300.0
2023-06-20,64.27999877929688,64.55000305175781,63.84000015258789,64.33999633789062,5617500.0
2023-06-21,64.06999969482422,64.12000274658203,63.54999923706055,63.70000076293945,5208100.0
2023-06-22,63.5099983215332,64.20999908447266,63.27000045776367,64.19999694824219,4281500.0
2023-06-23,63.65999984741211,64.27999877929688,63.54999923706055,64.05999755859375,6838400.0
2023-06-26,63.959999084472656,64.3499984741211,63.310001373291016,63.41999816894531,4905500.0
2023-06-27,63.47999954223633,64.76000213623047,63.439998626708984,64.48999786376953,6508500.0
2023-06-28,64.30999755859375,64.94000244140625,64.2750015258789,64.77999877929688,3975800.0
2023-06-29,64.5199966430664,64.7699966430664,64.26499938964844,64.43000030517578,3652600.0
2023-06-30,64.91999816894531,65.3270034790039,64.91999816894531,65.08000183105469,5248600.0
2023-07-03,64.87000274658203,65.30999755859375,64.81999969482422,65.30000305175781,2809000.0
2023-07-05,65.12000274658203,66.02999877929688,65.05000305175781,65.80000305175781,6774700.0
2023-07-06,65.31999969482422,65.45500183105469,64.875,65.27999877929688,5245600.0
2023-07-07,65.05000305175781,65.76000213623047,64.97000122070312,65.05000305175781,5070500.0
2023-07-10,65.16999816894531,65.48999786376953,64.5250015258789,64.87999725341797,4535300.0
2023-07-11,64.91000366210938,66.16000366210938,64.80000305175781,66.01000213623047,6782400.0
2023-07-12,66.55999755859375,67.0,66.36000061035156,66.80999755859375,6097200.0
2023-07-13,67.38999938964844,67.91999816894531,67.23999786376953,67.79000091552734,5963200.0
2023-07-14,67.5999984741211,67.83999633789062,67.0260009765625,67.1500015258789,6236300.0
2023-07-17,67.1500015258789,67.33499908447266,66.66000366210938,66.91000366210938,4982100.0
2023-07-18,66.87999725341797,67.4800033569336,66.87000274658203,67.37000274658203,5209500.0
2023-07-19,67.62999725341797,67.98999786376953,67.33999633789062,67.55999755859375,6908900.0
2023-07-20,67.08999633789062,67.4800033569336,66.1050033569336,66.22000122070312,8461900.0
2023-07-21,66.41999816894531,66.5,65.33999633789062,65.55999755859375,7016800.0
2023-07-24,65.8499984741211,66.12000274658203,65.45999908447266,65.68000030517578,5837200.0
2023-07-25,65.8499984741211,66.18000030517578,65.58000183105469,65.88999938964844,5463200.0
2023-07-26,67.0999984741211,67.2300033569336,66.38999938964844,66.91999816894531,6260700.0
2023-07-27,68.88999938964844,69.22000122070312,67.3499984741211,67.4800033569336,10384200.0
2023-07-28,68.1500015258789,69.13999938964844,68.02999877929688,68.80999755859375,6244300.0
2023-07-31,68.75,69.19499969482422,68.5199966430664,68.79000091552734,7829500.0
2023-08-01,68.41999816894531,68.91999816894531,68.31500244140625,68.69999694824219,5671800.0
2023-08-02,68.0199966430664,68.08999633789062,67.19999694824219,67.41000366210938,6492400.0
2023-08-03,67.01000213623047,67.6449966430664,66.91500091552734,67.23999786376953,4540500.0
2023-08-04,67.4800033569336,68.0250015258789,67.01899719238281,67.08999633789062,4904800.0
2023-08-07,67.45999908447266,68.16000366210938,67.38999938964844,68.12999725341797,4493400.0
2023-08-08,67.77999877929688,68.08000183105469,67.46099853515625,67.94000244140625,4531800.0
2023-08-09,68.02999877929688,68.13999938964844,66.97000122070312,67.20999908447266,8905900.0
2023-08-10,67.79000091552734,68.2699966430664,67.23999786376953,67.44000244140625,5574700.0
2023-08-11,66.9800033569336,67.44999694824219,66.80999755859375,67.12000274658203,4473700.0
2023-08-14,66.98999786376953,67.62999725341797,66.8499984741211,67.61000061035156,3788800.0
2023-08-15,67.3499984741211,67.47000122070312,66.86000061035156,67.01000213623047,5024700.0
2023-08-16,66.70999908447266,67.04000091552734,66.20999908447266,66.20999908447266,4912600.0
2023-08-17,66.41000366210938,66.55000305175781,65.44000244140625,65.44999694824219,6309800.0
2023-08-18,64.7300033569336,65.30999755859375,64.44000244140625,65.05999755859375,6811000.0
2023-08-21,65.0199966430664,65.65299987792969,64.86000061035156,65.52999877929688,3533500.0
2023-08-22,65.76000213623047,65.94000244140625,65.43000030517578,65.52999877929688,4628500.0
2023-08-23,65.77999877929688,66.90499877929688,65.7699966430664,66.58999633789062,5836600.0
2023-08-24,66.87000274658203,66.98999786376953,65.30999755859375,65.30999755859375,5732200.0
2023-08-25,65.4000015258789,65.69999694824219,64.31500244140625,65.37999725341797,6548200.0
2023-08-28,65.80000305175781,66.2300033569336,65.62999725341797,66.18000030517578,4719100.0
2023-08-29,66.33000183105469,67.76000213623047,66.30999755859375,67.6500015258789,5346300.0
2023-08-30,67.66000366210938,67.83999633789062,67.30999755859375,67.66000366210938,4556800.0
2023-08-31,67.73999786376953,68.22000122070312,67.67500305175781,67.7300033569336,4070400.0
2023-09-01,67.94999694824219,67.94999694824219,66.9229965209961,67.0999984741211,4034600.0
2023-09-05,67.02999877929688,67.48500061035156,67.02999877929688,67.08999633789062,4403700.0
2023-09-06,67.08999633789062,67.23999786376953,66.50499725341797,66.87999725341797,5208200.0
2023-09-07,66.58999633789062,67.29000091552734,66.2699966430664,66.76000213623047,4850300.0
2023-09-08,66.77999877929688,67.2699966430664,66.77999877929688,66.95999908447266,3645200.0
2023-09-11,67.2699966430664,68.1050033569336,67.2699966430664,67.97000122070312,5761100.0
2023-09-12,67.81999969482422,67.87000274658203,67.19999694824219,67.26000213623047,8751200.0
2023-09-13,67.3499984741211,67.62999725341797,66.97000122070312,67.4800033569336,4536000.0
2023-09-14,67.9000015258789,68.51000213623047,67.56500244140625,68.41999816894531,5912400.0
2023-09-15,68.4000015258789,68.46499633789062,67.37999725341797,67.51000213623047,7611000.0
2023-09-18,67.23999786376953,67.63500213623047,67.21099853515625,67.38999938964844,3755400.0
2023-09-19,67.2300033569336,67.63500213623047,66.87999725341797,67.44000244140625,3366200.0
2023-09-20,67.58000183105469,67.68000030517578,66.5199966430664,66.5199966430664,4766100.0
2023-09-21,65.9800033569336,66.37999725341797,65.69999694824219,65.69999694824219,6303400.0
2023-09-22,66.02999877929688,66.43000030517578,65.62000274658203,65.62000274658203,5348500.0
2023-09-25,65.37000274658203,65.77999877929688,65.13999938964844,65.77999877929688,4129700.0
2023-09-26,65.13999938964844,65.29000091552734,64.86000061035156,65.05000305175781,5199600.0
2023-09-27,65.2699966430664,65.55899810791016,64.30999755859375,65.22000122070312,6537600.0
2023-09-28,65.19999694824219,66.27999877929688,65.19000244140625,65.94000244140625,4803100.0
2023-09-29,66.37999725341797,66.58999633789062,65.37000274658203,65.56999969482422,6325900.0
2023-10-02,65.76000213623047,66.25499725341797,65.55899810791016,66.05999755859375,6891000.0
2023-10-03,65.70999908447266,66.16000366210938,65.03500366210938,65.16999816894531,6603800.0
2023-10-04,65.12000274658203,65.93000030517578,64.93000030517578,65.79000091552734,6884900.0
2023-10-05,65.72000122070312,65.87999725341797,65.04000091552734,65.69999694824219,4678000.0
2023-10-06,65.26000213623047,67.02999877929688,65.16999816894531,66.91000366210938,7387200.0
2023-10-09,66.58000183105469,67.82099914550781,66.45999908447266,67.62999725341797,6979700.0
2023-10-10,67.72000122070312,68.43000030517578,67.6500015258789,68.0199966430664,7788400.0
2023-10-11,68.29000091552734,68.875,68.23999786376953,68.63999938964844,7686800.0
2023-10-12,68.73999786376953,68.77999877929688,67.51000213623047,67.83000183105469,6276900.0
2023-10-13,67.81999969482422,68.12000274658203,66.71099853515625,67.06999969482422,8251500.0
2023-10-16,67.56999969482422,68.25,67.43499755859375,68.1500015258789,6463500.0
2023-10-17,67.7699966430664,68.49500274658203,67.71199798583984,68.38999938964844,4743600.0
2023-10-18,68.05999755859375,68.41300201416016,67.08499908447266,67.20999908447266,7334200.0
2023-10-19,68.23999786376953,68.33999633789062,67.0999984741211,67.13999938964844,9381400.0
2023-10-20,67.22000122070312,67.46900177001953,66.4749984741211,66.5199966430664,8249500.0
2023-10-23,66.45999908447266,67.34500122070312,66.08999633789062,66.87000274658203,6415200.0
2023-10-24,67.54000091552734,68.04499816894531,67.19000244140625,67.66000366210938,6181200.0
2023-10-25,66.1500015258789,66.23999786376953,64.68000030517578,64.7300033569336,11531200.0
2023-10-26,63.83000183105469,64.04000091552734,62.81999969482422,63.31999969482422,14266200.0
2023-10-27,63.380001068115234,63.7400016784668,62.834999084472656,63.09000015258789,10356300.0
2023-10-30,63.63999938964844,64.67500305175781,63.59000015258789,64.38999938964844,9146500.0
2023-10-31,64.58000183105469,64.75,64.1050033569336,64.72000122070312,6375400.0
2023-11-01,64.69999694824219,65.70800018310547,64.62999725341797,65.66999816894531,8172400.0
2023-11-02,66.4800033569336,66.69000244140625,66.125,66.54000091552734,7342500.0
2023-11-03,67.08000183105469,67.77999877929688,67.05999755859375,67.55999755859375,7059000.0
2023-11-06,67.58999633789062,67.73500061035156,67.08999633789062,67.37999725341797,4962500.0
2023-11-07,67.4800033569336,68.0,67.33499908447266,67.73999786376953,5996200.0
2023-11-08,67.5,67.68000030517578,67.18000030517578,67.41999816894531,4573700.0
2023-11-09,67.77999877929688,68.08499908447266,67.2300033569336,67.4000015258789,4941200.0
2023-11-10,67.51000213623047,68.48500061035156,67.2699966430664,68.47000122070312,5105500.0
2023-11-13,68.16000366210938,68.5999984741211,67.96900177001953,68.31999969482422,7809400.0
2023-11-14,69.38999938964844,69.98999786376953,69.30999755859375,69.43000030517578,6034400.0
2023-11-15,69.83999633789062,69.91000366210938,69.40499877929688,69.7699966430664,5401800.0
2023-11-16,69.79499816894531,70.11000061035156,69.45999908447266,70.08000183105469,7438400.0
2023-11-17,69.91000366210938,70.08999633789062,69.66000366210938,70.06999969482422,3914300.0
2023-11-20,69.88999938964844,70.93499755859375,69.80999755859375,70.86000061035156,5727700.0
2023-11-21,70.70999908447266,70.80899810791016,70.4000015258789,70.62000274658203,3902200.0
2023-11-22,70.9800033569336,71.49500274658203,70.97000122070312,71.19999694824219,4188500.0
2023-11-24,71.11000061035156,71.2300033569336,70.76499938964844,70.95999908447266,2416400.0
2023-11-27,70.61000061035156,70.9800033569336,70.4800033569336,70.5199966430664,3909800.0
2023-11-28,70.37000274658203,70.72000122070312,70.16000366210938,70.69000244140625,4779600.0
2023-11-29,70.88999938964844,70.95999908447266,70.02999877929688,70.18000030517578,4089000.0
2023-11-30,70.18000030517578,70.37999725341797,69.18000030517578,69.7699966430664,7202700.0
2023-12-01,69.6500015258789,69.95700073242188,69.20999908447266,69.91000366210938,7708500.0
2023-12-04,69.0,69.30000305175781,68.75,69.20999908447266,6609500.0
2023-12-05,69.04000091552734,69.48500061035156,68.51000213623047,68.88999938964844,5984500.0
2023-12-06,69.30000305175781,69.37000274658203,68.62999725341797,68.70999908447266,4552500.0
2023-12-07,69.38999938964844,70.51499938964844,69.37000274658203,70.1500015258789,6122600.0
2023-12-08,69.55999755859375,70.66000366210938,69.55999755859375,70.4800033569336,5282500.0
2023-12-11,70.19000244140625,70.2300033569336,69.63999938964844,69.94000244140625,6300500.0
2023-12-12,69.86000061035156,70.2300033569336,69.56999969482422,70.2300033569336,7862100.0
2023-12-13,70.29000091552734,71.04499816894531,70.05999755859375,70.88999938964844,7708400.0
2023-12-14,71.12000274658203,71.53500366210938,70.58499908447266,71.19999694824219,6461000.0
2023-12-15,70.88999938964844,71.37000274658203,70.7300033569336,71.0199966430664,7243200.0
2023-12-18,71.0,72.05000305175781,71.0,71.72000122070312,6993300.0
2023-12-19,71.8499984741211,72.55500030517578,71.8499984741211,72.44999694824219,4835800.0
2023-12-20,72.51000213623047,73.26499938964844,71.87999725341797,71.88999938964844,6523400.0
2023-12-21,72.47000122070312,72.66000366210938,71.98999786376953,72.5999984741211,4867100.0
2023-12-22,72.75,73.09500122070312,72.2699966430664,72.61000061035156,4763900.0
2023-12-26,72.72000122070312,72.9800033569336,72.56999969482422,72.88999938964844,2461800.0
2023-12-27,72.9000015258789,73.02999877929688,72.63500213623047,72.9000015258789,4508600.0
2023-12-28,72.98999786376953,73.35800170898438,72.98999786376953,73.0999984741211,5465800.0
2023-12-29,72.94999694824219,73.05000305175781,72.37000274658203,72.66000366210938,4744400.0
2024-01-02,72.30999755859375,72.41999816894531,71.66500091552734,72.25,6003800.0
2024-01-03,72.06999969482422,72.5199966430664,71.87999725341797,71.9800033569336,7592700.0
2024-01-04,72.08999633789062,72.18000030517578,71.73999786376953,71.73999786376953,6665400.0
2024-01-05,71.80000305175781,72.44999694824219,71.73999786376953,72.04000091552734,5277300.0
2024-01-08,72.27999877929688,73.18499755859375,72.08999633789062,73.16000366210938,4658200.0
2024-01-09,72.80999755859375,73.26000213623047,72.66999816894531,73.01000213623047,3533000.0
2024-01-10,73.16000366210938,73.97699737548828,73.05000305175781,73.69000244140625,7234900.0
2024-01-11,74.0,74.01000213623047,72.80999755859375,73.44999694824219,6962800.0
2024-01-12,73.75,74.11000061035156,73.6500015258789,73.80999755859375,3862400.0
2024-01-16,73.5,73.73999786376953,73.13500213623047,73.38999938964844,6365600.0
2024-01-17,72.94999694824219,73.0199966430664,72.31999969482422,72.94000244140625,6561800.0
2024-01-18,73.06999969482422,73.87999725341797,73.06999969482422,73.83000183105469,6420400.0
2024-01-19,74.19999694824219,74.875,73.91000366210938,74.83000183105469,6446700.0
2024-01-22,75.20999908447266,75.66000366210938,74.94000244140625,74.9800033569336,5694400.0
2024-01-23,75.54000091552734,75.75900268554688,75.3550033569336,75.72000122070312,4663500.0
2024-01-24,76.48999786376953,76.91999816894531,76.1240005493164,76.19000244140625,6991100.0
2024-01-25,76.54000091552734,77.43000030517578,76.30999755859375,77.43000030517578,6161800.0
2024-01-26,77.31999969482422,77.98500061035156,77.30000305175781,77.68000030517578,4718200.0
2024-01-29,77.63999938964844,78.38999938964844,77.37200164794922,78.33000183105469,4065400.0
2024-01-30,78.13999938964844,78.36000061035156,77.76000213623047,77.80000305175781,4596900.0
2024-01-31,76.33999633789062,76.94999694824219,75.83999633789062,75.87999725341797,9336400.0
2024-02-01,76.56999969482422,76.9800033569336,76.32499694824219,76.66000366210938,6907200.0
2024-02-02,79.06999969482422,80.21499633789062,78.30000305175781,79.73999786376953,11971800.0
2024-02-05,79.29000091552734,79.58000183105469,78.58999633789062,78.62000274658203,7886300.0
2024-02-06,79.02999877929688,79.22000122070312,78.23500061035156,78.37999725341797,6738300.0
2024-02-07,78.75,79.04000091552734,78.59300231933594,78.77999877929688,5980100.0
2024-02-08,79.29000091552734,79.30000305175781,78.76000213623047,79.08000183105469,4267600.0
2024-02-09,79.16000366210938,79.41500091552734,78.86100006103516,79.16999816894531,7624600.0
2024-02-12,79.12000274658203,80.19000244140625,79.08000183105469,79.41999816894531,4285300.0
2024-02-13,78.19000244140625,78.73999786376953,77.91999816894531,78.30000305175781,8023900.0
2024-02-14,79.08000183105469,79.56999969482422,78.62999725341797,79.55000305175781,7344700.0
2024-02-15,79.31999969482422,80.41999816894531,79.16999816894531,80.19999694824219,6672500.0
2024-02-16,79.76000213623047,79.83999633789062,78.86000061035156,78.94999694824219,7036600.0
2024-02-20,78.52999877929688,79.08999633789062,78.48999786376953,78.83000183105469,8030600.0
2024-02-21,78.58000183105469,78.79000091552734,78.23500061035156,78.73999786376953,6142700.0
2024-02-22,79.66000366210938,80.15599822998047,79.1500015258789,79.91999816894531,7108600.0
2024-02-23,79.8499984741211,80.23500061035156,79.56500244140625,79.72000122070312,7327500.0
2024-02-26,79.4000015258789,79.5,78.52999877929688,78.55999755859375,7872600.0
2024-02-27,78.61000061035156,79.20999908447266,78.5,79.19999694824219,4502500.0
2024-02-28,78.7699966430664,78.95999908447266,78.4800033569336,78.66000366210938,3774600.0
2024-02-29,79.16999816894531,79.61000061035156,78.66000366210938,79.36000061035156,6774300.0
2024-03-01,79.41999816894531,80.29499816894531,79.41500091552734,80.0199966430664,5829000.0
2024-03-04,79.83999633789062,79.88999938964844,78.86499786376953,78.97000122070312,7165800.0
2024-03-05,78.44000244140625,78.69000244140625,78.06999969482422,78.33000183105469,7602700.0
2024-03-06,78.95999908447266,79.06999969482422,78.18499755859375,78.44000244140625,6833300.0
2024-03-07,79.05000305175781,79.93000030517578,78.87999725341797,79.70999908447266,6460500.0
2024-03-08,79.83000183105469,80.73500061035156,79.19000244140625,79.58999633789062,8710000.0
2024-03-11,79.29000091552734,79.80999755859375,78.82499694824219,79.44000244140625,6934200.0
2024-03-12,79.83000183105469,80.41999816894531,79.4000015258789,80.13999938964844,7405100.0
2024-03-13,80.11000061035156,80.66999816894531,80.06999969482422,80.27999877929688,5496500.0
2024-03-14,80.54000091552734,80.5999984741211,79.62999725341797,80.08999633789062,7210300.0
2024-03-15,79.75,80.13999938964844,79.12999725341797,79.29000091552734,8166300.0
2024-03-18,80.55999755859375,81.00900268554688,80.44999694824219,80.69999694824219,5360600.0
2024-03-19,80.38999938964844,80.73999786376953,79.97000122070312,80.66999816894531,4777100.0
2024-03-20,80.80999755859375,81.77999877929688,80.55000305175781,81.62000274658203,4432700.0
2024-03-21,82.25,82.25,81.58999633789062,81.6500015258789,5377200.0
2024-03-22,81.86000061035156,82.16000366210938,81.66999816894531,81.81999969482422,3214200.0
2024-03-25,81.58999633789062,81.63999938964844,81.11000061035156,81.54000091552734,3732500.0
2024-03-26,81.69000244140625,82.01499938964844,81.2699966430664,81.37000274658203,5441600.0
2024-03-27,81.75,81.86000061035156,81.12999725341797,81.79000091552734,4177800.0
2024-03-28,81.7699966430664,81.9000015258789,81.51000213623047,81.66000366210938,5294700.0
2024-04-01,81.55000305175781,82.31999969482422,81.36000061035156,82.29000091552734,5290700.0
2024-04-02,81.58000183105469,82.22000122070312,81.4000015258789,82.16000366210938,5271200.0
2024-04-03,82.0999984741211,82.87999725341797,82.02999877929688,82.80999755859375,5158900.0
2024-04-04,83.19000244140625,83.58499908447266,81.66000366210938,81.69000244140625,8000500.0
2024-04-05,81.8499984741211,82.91000366210938,81.69000244140625,82.5199966430664,6619400.0
2024-04-08,82.65499877929688,82.9800033569336,82.44999694824219,82.52999877929688,3503100.0
2024-04-09,82.73999786376953,83.19000244140625,82.12000274658203,82.62000274658203,4733100.0
2024-04-10,81.83499908447266,82.12000274658203,81.58000183105469,81.97000122070312,6845300.0
2024-04-11,82.30000305175781,82.93499755859375,81.80000305175781,82.69000244140625,4072900.0
2024-04-12,82.1500015258789,82.31999969482422,81.19999694824219,81.33000183105469,5997200.0
2024-04-15,81.98999786376953,82.08999633789062,80.08999633789062,80.30000305175781,6494700.0
2024-04-16,80.06999969482422,80.4800033569336,79.82499694824219,80.02999877929688,7501000.0
2024-04-17,80.58000183105469,80.63999938964844,79.5199966430664,79.95999908447266,4862200.0
2024-04-18,80.23999786376953,81.01000213623047,80.12999725341797,80.3499984741211,4539400.0
2024-04-19,80.16999816894531,80.19999694824219,78.88999938964844,79.47000122070312,6854700.0
2024-04-22,80.0199966430664,80.22000122070312,78.94999694824219,79.58000183105469,5458300.0
2024-04-23,80.06999969482422,81.07499694824219,79.9800033569336,80.79000091552734,5068000.0
2024-04-24,81.05000305175781,81.2300033569336,80.12000274658203,80.83999633789062,6196600.0
2024-04-25,76.63999938964844,78.23999786376953,76.4800033569336,77.95999908447266,14354200.0
2024-04-26,79.87999725341797,80.29499816894531,79.38999938964844,80.11000061035156,13015600.0
2024-04-29,79.7699966430664,79.8499984741211,78.8499984741211,79.18000030517578,5357800.0
2024-04-30,78.9000015258789,79.05000305175781,77.86000061035156,77.86000061035156,7333500.0
2024-05-01,77.97000122070312,79.81999969482422,77.91000366210938,78.58000183105469,9300500.0
2024-05-02,78.94999694824219,79.48999786376953,78.37000274658203,79.37000274658203,6956800.0
2024-05-03,79.95999908447266,80.37999725341797,79.55000305175781,80.20999908447266,4813300.0
2024-05-06,80.58999633789062,81.30000305175781,80.37999725341797,81.30000305175781,4714000.0
2024-05-07,81.20999908447266,81.62000274658203,81.13999938964844,81.38999938964844,3453300.0
2024-05-08,80.5999984741211,81.69200134277344,80.58999633789062,81.26000213623047,2941300.0
2024-05-09,81.1500015258789,81.66999816894531,81.04000091552734,81.66999816894531,3995900.0
2024-05-10,81.5,81.86000061035156,81.25499725341797,81.79000091552734,3563900.0
2024-05-13,81.30000305175781,81.68000030517578,81.09500122070312,81.63999938964844,2715500.0
2024-05-14,81.75,82.0999984741211,81.61499786376953,82.01000213623047,2730100.0
2024-05-15,82.47000122070312,82.5999984741211,81.95999908447266,82.52999877929688,3487700.0
2024-05-16,82.3499984741211,82.68599700927734,82.26000213623047,82.47000122070312,3136600.0
2024-05-17,82.47000122070312,82.62999725341797,82.26000213623047,82.61000061035156,2714100.0
2024-05-20,82.48999786376953,82.94499969482422,82.43000030517578,82.8499984741211,2157300.0
2024-05-21,82.70999908447266,82.94000244140625,82.48999786376953,82.73999786376953,2317200.0
2024-05-22,82.5999984741211,82.97000122070312,82.52999877929688,82.83999633789062,2602600.0
2024-05-23,83.0,83.1500015258789,81.54100036621094,81.9000015258789,3534100.0
2024-05-24,82.27999877929688,83.02999877929688,82.16999816894531,82.94999694824219,2028000.0
2024-05-28,82.70999908447266,83.1500015258789,82.62999725341797,83.08999633789062,2786100.0
2024-05-29,82.51000213623047,83.01000213623047,82.48999786376953,82.6500015258789,2768800.0
2024-05-30,82.55000305175781,82.55000305175781,82.04000091552734,82.37999725341797,2942200.0
2024-05-31,82.26000213623047,83.30000305175781,81.80500030517578,83.26000213623047,3600000.0
2024-06-03,83.5,83.91999816894531,82.87999725341797,83.58999633789062,5947600.0
2024-06-04,83.44999694824219,84.0,83.23999786376953,83.91000366210938,2879000.0
2024-06-05,84.44000244140625,84.95999908447266,84.31999969482422,84.93000030517578,4160500.0
2024-06-06,84.87000274658203,85.55000305175781,84.8499984741211,84.9800033569336,3184500.0
2024-06-07,84.97000122070312,85.2750015258789,84.3239974975586,84.4000015258789,3463000.0
2024-06-10,84.33000183105469,84.69999694824219,84.00499725341797,84.61000061035156,3442900.0
2024-06-11,84.45999908447266,84.83999633789062,84.19999694824219,84.7699966430664,5804300.0
2024-06-12,85.3499984741211,85.62999725341797,84.06999969482422,84.58999633789062,4248000.0
2024-06-13,84.1500015258789,84.22000122070312,83.69999694824219,83.86000061035156,3595500.0
2024-06-14,83.47000122070312,84.16000366210938,83.47000122070312,84.12999725341797,2402800.0
2024-06-17,83.80999755859375,84.78800201416016,83.40499877929688,84.52999877929688,3420600.0
2024-06-18,84.38999938964844,84.68000030517578,83.80999755859375,84.02999877929688,3004500.0
2024-06-20,84.0199966430664,84.44499969482422,83.87000274658203,84.38999938964844,3650900.0
2024-06-21,84.73999786376953,85.08499908447266,84.44999694824219,84.94000244140625,3724700.0
2024-06-24,85.0,85.5199966430664,84.81500244140625,85.0,3724900.0
2024-06-25,84.98999786376953,85.98999786376953,84.88999938964844,85.94999694824219,3225400.0
2024-06-26,85.4800033569336,86.05999755859375,85.4000015258789,85.95999908447266,2746500.0
2024-06-27,86.08999633789062,86.55000305175781,86.02999877929688,86.44999694824219,2988500.0
2024-06-28,86.41000366210938,87.0199966430664,85.62999725341797,85.66000366210938,4025100.0
2024-07-01,85.79000091552734,85.93000030517578,84.8949966430664,85.30000305175781,3213100.0
2024-07-02,85.08999633789062,86.05999755859375,85.04000091552734,86.05999755859375,2934400.0
2024-07-03,85.94000244140625,86.25499725341797,85.87999725341797,86.08999633789062,2081200.0
2024-07-05,86.06999969482422,87.8499984741211,86.06999969482422,87.76000213623047,3344400.0
2024-07-08,87.80000305175781,87.81999969482422,86.83999633789062,86.97000122070312,3043300.0
2024-07-09,87.38999938964844,87.52200317382812,87.11000061035156,87.23999786376953,2347500.0
2024-07-10,87.30000305175781,87.93499755859375,87.20999908447266,87.79000091552734,5169400.0
2024-07-11,87.5999984741211,87.86000061035156,86.33999633789062,86.58999633789062,3949100.0
2024-07-12,86.13999938964844,86.94000244140625,86.05000305175781,86.30999755859375,3443500.0
2024-07-15,86.27999877929688,87.30000305175781,86.23999786376953,86.62000274658203,3543000.0
2024-07-16,86.93000030517578,87.37999725341797,86.45999908447266,86.8499984741211,3843000.0
2024-07-17,86.0199966430664,86.16999816894531,85.33000183105469,85.54000091552734,5222000.0
2024-07-18,86.22000122070312,86.29000091552734,85.29000091552734,85.48999786376953,4524600.0
2024-07-19,85.77999877929688,85.97000122070312,85.02999877929688,85.11000061035156,3402800.0
2024-07-22,85.48999786376953,85.69000244140625,84.97000122070312,85.47000122070312,4204700.0
2024-07-23,85.33999633789062,85.80000305175781,84.94499969482422,85.3499984741211,4242400.0
2024-07-24,83.94000244140625,84.0999984741211,83.05000305175781,83.12000274658203,7701200.0
2024-07-25,83.31999969482422,83.79000091552734,82.13999938964844,82.16000366210938,7788500.0
2024-07-26,83.27999877929688,84.00499725341797,82.94000244140625,83.69999694824219,6660500.0
2024-07-29,84.0999984741211,84.83999633789062,83.86000061035156,84.44000244140625,4184300.0
2024-07-30,84.58999633789062,85.05000305175781,84.07499694824219,84.77999877929688,5373800.0
2024-07-31,85.55999755859375,86.19000244140625,85.36000061035156,85.79000091552734,4545600.0
2024-08-01,87.55999755859375,87.91999816894531,85.55999755859375,86.13999938964844,7523000.0
2024-08-02,85.36000061035156,85.94999694824219,84.26000213623047,84.73999786376953,9145600.0
2024-08-05,81.45999908447266,83.4800033569336,81.1500015258789,82.30999755859375,10799500.0
2024-08-06,82.48999786376953,84.26000213623047,82.41000366210938,83.27999877929688,9076800.0
2024-08-07,84.16999816894531,84.79000091552734,82.75,82.83999633789062,8590900.0
2024-08-08,83.20999908447266,84.55999755859375,83.12999725341797,84.48999786376953,7612000.0
2024-08-09,84.19999694824219,85.30000305175781,84.02999877929688,85.20999908447266,4385800.0
2024-08-12,85.30999755859375,85.30999755859375,84.43000030517578,84.62000274658203,3131900.0
2024-08-13,85.08999633789062,85.83499908447266,84.95999908447266,85.72000122070312,4184100.0
2024-08-14,85.4800033569336,85.70999908447266,84.86000061035156,85.2300033569336,4069000.0
2024-08-15,85.69999694824219,86.08999633789062,85.45999908447266,86.0,3665400.0
2024-08-16,85.98999786376953,86.51000213623047,85.9000015258789,86.26000213623047,3929000.0
2024-08-19,86.48999786376953,87.2699966430664,86.48999786376953,87.23999786376953,2807400.0
2024-08-20,87.11000061035156,87.51000213623047,87.01499938964844,87.18000030517578,3355800.0
2024-08-21,87.23999786376953,87.70999908447266,87.02999877929688,87.55000305175781,3298900.0
2024-08-22,87.88999938964844,88.0,86.62999725341797,86.88999938964844,2984400.0
2024-08-23,87.43000030517578,87.8499984741211,86.86000061035156,87.5,3009000.0
2024-08-26,87.6500015258789,87.94999694824219,87.3499984741211,87.69999694824219,2976700.0
2024-08-27,87.45999908447266,88.0199966430664,87.33000183105469,87.5,2554100.0
2024-08-28,87.45999908447266,87.56999969482422,86.48999786376953,86.91999816894531,3182900.0
2024-08-29,87.41999816894531,87.80999755859375,86.54000091552734,86.73999786376953,3240300.0
2024-08-30,87.16000366210938,87.38999938964844,86.44000244140625,87.31999969482422,3072400.0
2024-09-03,86.95999908447266,87.2300033569336,85.31500244140625,85.72000122070312,5599400.0
2024-09-04,85.47000122070312,86.5,85.24500274658203,85.30999755859375,5200200.0
2024-09-05,85.23999786376953,85.9800033569336,85.11000061035156,85.55999755859375,3562800.0
2024-09-06,85.69999694824219,86.12000274658203,83.68000030517578,83.7699966430664,4422300.0
2024-09-09,84.22000122070312,84.66999816894531,83.69499969482422,84.12999725341797,4120300.0
2024-09-10,84.44999694824219,84.69999694824219,83.5199966430664,84.11000061035156,3924200.0
2024-09-11,84.19000244140625,84.61000061035156,82.6500015258789,84.45999908447266,5549300.0
2024-09-12,84.95999908447266,86.06999969482422,84.95999908447266,86.04000091552734,4689000.0
2024-09-13,85.91999816894531,87.06500244140625,85.91999816894531,86.87000274658203,3026500.0
2024-09-16,87.13999938964844,87.83000183105469,86.77999877929688,87.77999877929688,3275300.0
2024-09-17,88.06999969482422,88.62999725341797,87.33000183105469,87.77999877929688,4079400.0
2024-09-18,87.94000244140625,88.5999984741211,87.56999969482422,87.70999908447266,5009700.0
2024-09-19,89.23999786376953,89.54000091552734,88.68000030517578,88.9000015258789,4036400.0
2024-09-20,89.02999877929688,89.12000274658203,88.43000030517578,88.9000015258789,5857700.0
2024-09-23,89.05999755859375,89.16999816894531,88.5999984741211,88.83000183105469,3361400.0
2024-09-24,88.94999694824219,89.28500366210938,88.33000183105469,89.25,2735700.0
2024-09-25,89.19000244140625,89.58000183105469,88.93000030517578,88.97000122070312,2692100.0
2024-09-26,89.66999816894531,89.88999938964844,89.01499938964844,89.47000122070312,2245700.0
2024-09-27,89.73999786376953,90.3499984741211,89.6520004272461,90.01000213623047,2532000.0
2024-09-30,90.0,90.49500274658203,89.6449966430664,90.4000015258789,3269700.0
2024-10-01,90.72000122070312,90.9800033569336,89.62000274658203,90.47000122070312,4859400.0
2024-10-02,90.13999938964844,90.44999694824219,89.9800033569336,90.19000244140625,5005700.0
2024-10-03,89.69000244140625,90.08999633789062,89.41000366210938,89.87999725341797,5052600.0
2024-10-04,90.44000244140625,90.9749984741211,89.9000015258789,90.87999725341797,3345600.0
2024-10-07,90.8499984741211,90.94999694824219,89.5199966430664,89.66000366210938,2473800.0
2024-10-08,89.97000122070312,90.54499816894531,89.72000122070312,90.44999694824219,3753200.0
2024-10-09,90.43000030517578,90.55000305175781,89.68000030517578,90.4800033569336,2390400.0
2024-10-10,90.12000274658203,90.5,89.77999877929688,89.80999755859375,3136400.0
2024-10-11,90.02999877929688,90.66000366210938,89.87000274658203,90.43000030517578,1861400.0
2024-10-14,90.66999816894531,91.13500213623047,90.54000091552734,90.8499984741211,3436000.0
2024-10-15,91.05000305175781,91.44499969482422,90.76499938964844,91.05000305175781,3436500.0
2024-10-16,90.63999938964844,91.11000061035156,90.55000305175781,90.98999786376953,3198700.0
2024-10-17,91.38999938964844,91.41000366210938,90.4000015258789,90.55999755859375,2237600.0
2024-10-18,91.13999938964844,91.4800033569336,91.05000305175781,91.2300033569336,2665500.0
2024-10-21,91.19000244140625,91.26000213623047,90.36000061035156,90.87000274658203,2920800.0
2024-10-22,90.45999908447266,91.12999725341797,90.27999877929688,91.0,3423200.0
2024-10-23,90.79000091552734,91.12000274658203,89.9749984741211,90.30999755859375,3015500.0
2024-10-24,90.55999755859375,90.70500183105469,90.05999755859375,90.62000274658203,2044700.0
2024-10-25,91.1500015258789,91.80500030517578,90.76000213623047,90.8499984741211,2943700.0
2024-10-28,91.72000122070312,91.7699966430664,91.08999633789062,91.43000030517578,2079700.0
2024-10-29,91.43000030517578,92.4000015258789,91.21499633789062,92.29000091552734,3839600.0
2024-10-30,93.58000183105469,93.91999816894531,92.74500274658203,92.8499984741211,4871800.0
2024-10-31,92.88999938964844,93.41999816894531,92.01000213623047,92.04000091552734,4840000.0
2024-11-01,92.37999725341797,92.98500061035156,92.20999908447266,92.4000015258789,5714000.0
2024-11-04,92.66000366210938,92.69000244140625,91.62999725341797,92.08999633789062,3003700.0
2024-11-05,92.45999908447266,93.20999908447266,92.37999725341797,93.11000061035156,3090100.0
2024-11-06,94.48999786376953,95.5,94.3499984741211,95.4000015258789,5477400.0
2024-11-07,95.83000183105469,96.84500122070312,95.7699966430664,96.6500015258789,5268000.0
2024-11-08,96.62999725341797,96.62999725341797,95.87999725341797,96.18000030517578,3219700.0
2024-11-11,96.19999694824219,96.80000305175781,96.17500305175781,96.72000122070312,2625100.0
2024-11-12,96.79000091552734,97.23999786376953,96.38999938964844,97.16000366210938,3260600.0
2024-11-13,97.16999816894531,97.5999984741211,96.5999984741211,97.19999694824219,2937100.0
2024-11-14,97.31999969482422,97.62000274658203,96.73999786376953,97.08999633789062,3170300.0
2024-11-15,96.5999984741211,96.79000091552734,94.83499908447266,95.1500015258789,3526400.0
2024-11-18,95.37999725341797,96.30000305175781,95.22000122070312,96.08999633789062,3880700.0
2024-11-19,95.26000213623047,96.81500244140625,95.22000122070312,96.72000122070312,3186700.0
2024-11-20,96.87999725341797,97.3550033569336,96.11000061035156,97.33999633789062,3069500.0
2024-11-21,97.29000091552734,97.33999633789062,95.76000213623047,97.08999633789062,3833900.0
2024-11-22,96.73999786376953,97.2300033569336,96.48999786376953,96.87999725341797,3266100.0
2024-11-25,97.37000274658203,98.0,96.87000274658203,97.37999725341797,4387200.0
2024-11-26,97.41999816894531,98.04000091552734,97.41999816894531,97.73999786376953,2513400.0
2024-11-27,97.94999694824219,98.15499877929688,97.55500030517578,97.87000274658203,2413700.0
2024-11-29,97.83999633789062,98.53600311279297,97.73500061035156,98.4000015258789,1960500.0
2024-12-02,98.47000122070312,99.29000091552734,98.31999969482422,99.20999908447266,4975900.0
2024-12-03,99.29000091552734,100.05999755859375,99.16000366210938,100.01000213623047,3077300.0
2024-12-04,99.9800033569336,100.3499984741211,99.81500244140625,100.23999786376953,2550200.0
2024-12-05,100.51000213623047,100.58000183105469,99.91500091552734,100.01000213623047,2493900.0
2024-12-06,100.0,101.125,99.94000244140625,100.93000030517578,4364500.0
2024-12-09,100.83999633789062,100.9800033569336,98.72000122070312,98.77999877929688,5040300.0
2024-12-10,99.7699966430664,100.60900115966797,99.56999969482422,100.33000183105469,5125300.0
2024-12-11,100.55999755859375,102.13999938964844,100.55999755859375,101.97000122070312,4015700.0
2024-12-12,102.1500015258789,102.66999816894531,101.9800033569336,102.16000366210938,2885400.0
2024-12-13,101.62000274658203,101.87999725341797,100.875,100.94000244140625,3371500.0
2024-12-16,101.61000061035156,102.04000091552734,101.22000122070312,101.33000183105469,4222700.0
2024-12-17,101.18000030517578,101.66999816894531,100.48500061035156,100.56999969482422,4707900.0
2024-12-18,100.54000091552734,101.0,97.62999725341797,97.69999694824219,6406000.0
2024-12-19,98.86000061035156,99.0199966430664,97.38999938964844,97.43000030517578,5026100.0
2024-12-20,96.7300033569336,99.04499816894531,96.69999694824219,97.95999908447266,6285600.0
2024-12-23,97.93000030517578,98.33000183105469,97.13999938964844,98.23999786376953,3768900.0
2024-12-24,98.36000061035156,99.16999816894531,98.0,99.16999816894531,1626800.0
2024-12-26,98.7699966430664,99.18499755859375,98.51000213623047,99.04000091552734,3512400.0
2024-12-27,98.51000213623047,98.62999725341797,97.2699966430664,98.16000366210938,4100400.0
2024-12-30,97.0199966430664,97.68000030517578,96.33100128173828,97.12999725341797,3211100.0
2024-12-31,97.23999786376953,97.61000061035156,96.58999633789062,96.80999755859375,3616300.0
2025-01-02,97.31999969482422,98.01000213623047,96.45999908447266,97.27999877929688,6900500.0
2025-01-03,97.83000183105469,98.25,97.19999694824219,97.87999725341797,5454100.0
2025-01-06,98.36000061035156,99.18499755859375,98.26000213623047,98.94000244140625,5325300.0
2025-01-07,98.88999938964844,99.29000091552734,97.45999908447266,97.83999633789062,5058400.0
2025-01-08,97.37000274658203,97.5999984741211,96.58000183105469,97.26000213623047,4631600.0
2025-01-10,96.73999786376953,96.93000030517578,95.16000366210938,95.80999755859375,4797400.0
2025-01-13,95.16999816894531,95.9000015258789,94.91999816894531,95.8499984741211,6992500.0
2025-01-14,95.94000244140625,96.06999969482422,94.98999786376953,95.52999877929688,4194700.0
2025-01-15,96.91999816894531,97.4800033569336,96.70999908447266,97.0999984741211,4115700.0
2025-01-16,96.94000244140625,97.22000122070312,96.51499938964844,96.55000305175781,2943600.0
2025-01-17,97.80000305175781,97.86000061035156,96.88999938964844,97.38999938964844,3109100.0
2025-01-21,98.06999969482422,98.71499633789062,97.97000122070312,98.2699966430664,4817400.0
2025-01-22,99.5,99.80999755859375,99.0999984741211,99.25,5382400.0
2025-01-23,98.62999725341797,99.51000213623047,98.44499969482422,99.51000213623047,3721300.0
2025-01-24,99.69000244140625,100.44999694824219,99.61000061035156,100.41000366210938,3386700.0
2025-01-27,98.9800033569336,101.23999786376953,98.79000091552734,100.93000030517578,9407500.0
2025-01-28,101.01000213623047,101.78700256347656,100.62999725341797,101.41999816894531,5445400.0
2025-01-29,102.05000305175781,102.2699966430664,101.58999633789062,101.87000274658203,4797400.0
2025-01-30,102.38999938964844,103.12999725341797,101.26000213623047,101.97000122070312,5112700.0
2025-01-31,102.72000122070312,103.50499725341797,102.12999725341797,102.37999725341797,9101800.0
2025-02-03,101.12000274658203,103.06500244140625,101.11000061035156,102.5999984741211,7196700.0
2025-02-04,103.06999969482422,103.68099975585938,102.7699966430664,103.5199966430664,5543600.0
2025-02-05,102.2699966430664,102.54000091552734,101.55500030517578,102.5199966430664,6058900.0
2025-02-06,102.61000061035156,103.01000213623047,102.26000213623047,102.95999908447266,2892000.0
2025-02-07,103.5,103.83999633789062,102.5999984741211,102.73999786376953,3142800.0
2025-02-10,103.62000274658203,103.62999725341797,102.80000305175781,103.19999694824219,3042100.0
2025-02-11,102.66000366210938,103.5,102.58999633789062,103.37000274658203,2564500.0
2025-02-12,102.63999938964844,103.7300033569336,102.45999908447266,103.4800033569336,5391900.0
2025-02-13,103.47000122070312,104.7300033569336,103.33999633789062,104.66999816894531,2833500.0
2025-02-14,104.68000030517578,105.58000183105469,104.58999633789062,105.30999755859375,3425200.0
2025-02-18,105.26000213623047,105.33000183105469,104.11199951171875,104.81999969482422,3447900.0
2025-02-19,104.56999969482422,105.02999877929688,104.16999816894531,104.94000244140625,3469000.0
2025-02-20,104.69000244140625,104.70999908447266,103.7699966430664,104.44999694824219,2984900.0
2025-02-21,104.73999786376953,104.83000183105469,102.93000030517578,103.0199966430664,3639600.0
2025-02-24,103.66000366210938,103.95500183105469,102.72000122070312,103.22000122070312,5415600.0
2025-02-25,103.23999786376953,103.31999969482422,101.13999938964844,101.69000244140625,6021500.0
2025-02-26,101.55999755859375,102.61000061035156,101.2699966430664,101.51000213623047,5079500.0
2025-02-27,102.18000030517578,102.5999984741211,100.4749984741211,100.52999877929688,3727300.0
2025-02-28,100.8499984741211,102.125,100.0999984741211,102.0,5690800.0
2025-03-03,102.33999633789062,103.04000091552734,100.51000213623047,100.9800033569336,6074500.0
2025-03-04,100.68000030517578,101.30999755859375,99.22000122070312,100.18000030517578,7329500.0
2025-03-05,100.16999816894531,101.76000213623047,99.45999908447266,101.47000122070312,4899600.0
2025-03-06,100.58000183105469,101.44499969482422,99.19999694824219,99.6500015258789,4829600.0
2025-03-07,99.18000030517578,100.6500015258789,98.06999969482422,100.29000091552734,5501700.0
2025-03-10,98.77999877929688,99.2300033569336,96.98999786376953,97.79000091552734,6896200.0
2025-03-11,96.77999877929688,97.79000091552734,95.54000091552734,96.3499984741211,6699400.0
2025-03-12,97.33000183105469,97.6500015258789,95.55000305175781,96.83000183105469,4698800.0
2025-03-13,96.5,96.83000183105469,94.62000274658203,94.83999633789062,4763600.0
2025-03-14,95.58000183105469,96.80000305175781,95.06999969482422,96.58000183105469,3486000.0
2025-03-17,96.58000183105469,97.7249984741211,96.58000183105469,97.2699966430664,3031100.0
2025-03-18,96.91999816894531,96.91999816894531,95.13999938964844,95.91000366210938,4424100.0
2025-03-19,96.27999877929688,97.80000305175781,95.94999694824219,97.05000305175781,5875000.0
2025-03-20,96.45999908447266,97.98999786376953,96.31999969482422,96.83999633789062,4881600.0
2025-03-21,96.16000366210938,97.69000244140625,96.16000366210938,97.5999984741211,5717500.0
2025-03-24,98.625,98.8499984741211,98.19000244140625,98.69000244140625,3651300.0
2025-03-25,99.11000061035156,100.07499694824219,98.91000366210938,99.94000244140625,2499900.0
2025-03-26,99.8499984741211,100.20999908447266,98.93499755859375,99.08999633789062,4482900.0
2025-03-27,98.76000213623047,99.56999969482422,98.55000305175781,98.6500015258789,3319300.0
2025-03-28,98.47000122070312,98.55999755859375,95.63999938964844,95.73999786376953,5595200.0
2025-03-31,95.12999725341797,96.56500244140625,94.12999725341797,96.44999694824219,5187100.0
2025-04-01,96.1500015258789,97.19999694824219,95.48999786376953,96.51000213623047,5884200.0
2025-04-02,95.70999908447266,97.33999633789062,95.5,96.8499984741211,5557500.0
2025-04-03,94.0199966430664,94.87000274658203,92.4000015258789,92.52999877929688,10078100.0
2025-04-04,90.26000213623047,91.0,87.16999816894531,87.2300033569336,13027900.0
2025-04-07,84.45999908447266,90.75,84.0199966430664,87.3499984741211,22019700.0
2025-04-08,90.12999725341797,90.4000015258789,85.12000274658203,86.12999725341797,13553900.0
2025-04-09,85.44999694824219,94.1500015258789,84.96499633789062,93.73999786376953,23909100.0
2025-04-10,92.61000061035156,92.86000061035156,88.33999633789062,90.5,9320700.0
2025-04-11,90.4000015258789,91.54000091552734,89.5999984741211,91.2699966430664,4819500.0
2025-04-14,92.5,93.08200073242188,91.29000091552734,91.87999725341797,3668100.0
2025-04-15,92.18000030517578,92.94999694824219,91.9000015258789,92.11000061035156,3142400.0
2025-04-16,91.30999755859375,91.5199966430664,88.87000274658203,89.62999725341797,3857000.0
2025-04-17,90.1500015258789,90.87000274658203,89.52999877929688,90.20999908447266,3516700.0
2025-04-21,89.44999694824219,89.81999969482422,87.48999786376953,88.18000030517578,5533900.0
2025-04-22,88.91000366210938,90.80999755859375,88.87999725341797,90.4800033569336,4283800.0
2025-04-23,92.2699966430664,93.46499633789062,91.5199966430664,91.93000030517578,5029400.0
2025-04-24,91.66000366210938,93.94499969482422,91.44999694824219,93.7699966430664,3040400.0
2025-04-25,94.54000091552734,94.68000030517578,93.68000030517578,94.36000061035156,3168500.0
2025-04-28,94.68000030517578,95.22000122070312,93.8499984741211,94.72000122070312,2455000.0
2025-04-29,94.4000015258789,95.5,94.21900177001953,95.41000366210938,2714700.0
2025-04-30,94.4800033569336,95.69499969482422,93.13999938964844,95.44000244140625,3123000.0
2025-05-01,96.73999786376953,96.91999816894531,95.66999816894531,95.93000030517578,3753300.0
2025-05-02,96.55000305175781,97.9260025024414,96.41000366210938,97.41999816894531,3542600.0
2025-05-05,96.37999725341797,98.06999969482422,96.2300033569336,97.6500015258789,3764000.0
2025-05-06,96.69499969482422,98.0199966430664,96.66000366210938,97.62999725341797,4089000.0
2025-05-07,98.41000366210938,98.84500122070312,96.6500015258789,97.44999694824219,4160200.0
2025-05-08,98.04000091552734,98.61499786376953,97.37000274658203,97.68000030517578,3865800.0
2025-05-09,98.01000213623047,98.08999633789062,97.02999877929688,97.18000030517578,4425900.0
2025-05-12,99.5,99.51499938964844,98.31999969482422,99.19999694824219,3341400.0
2025-05-13,99.4800033569336,100.58000183105469,99.19000244140625,100.16999816894531,5384300.0
2025-05-14,100.13999938964844,100.79000091552734,100.0,100.69000244140625,4406000.0
2025-05-15,100.75,101.59500122070312,100.62999725341797,101.08999633789062,3259800.0
2025-05-16,101.47000122070312,101.81500244140625,100.8499984741211,101.77999877929688,4156300.0
2025-05-19,100.66999816894531,101.93000030517578,100.66999816894531,101.87999725341797,3947600.0
2025-05-20,101.66999816894531,102.16999816894531,101.12000274658203,101.62999725341797,2603100.0
2025-05-21,100.91999816894531,102.47000122070312,100.62999725341797,100.87000274658203,5864300.0
2025-05-22,101.16000366210938,101.54000091552734,100.58999633789062,100.6500015258789,3808400.0
2025-05-23,99.73999786376953,100.58000183105469,99.5999984741211,100.19000244140625,3894000.0
2025-05-27,101.16999816894531,101.98999786376953,100.86000061035156,101.81999969482422,3604100.0
2025-05-28,101.86000061035156,102.3499984741211,101.66999816894531,101.80000305175781,4014300.0
2025-05-29,102.19999694824219,102.19999694824219,100.19999694824219,100.9800033569336,4386200.0
2025-05-30,100.94999694824219,101.6500015258789,100.04000091552734,101.4000015258789,9044700.0
2025-06-02,100.52999877929688,101.98999786376953,100.36000061035156,101.9000015258789,5983100.0
2025-06-03,101.68000030517578,101.98999786376953,100.95999908447266,101.61000061035156,4102100.0
2025-06-04,101.74500274658203,102.45500183105469,101.6500015258789,102.26000213623047,4388200.0
2025-06-05,102.83999633789062,103.41000366210938,102.11000061035156,102.4000015258789,6785700.0
2025-06-06,103.4000015258789,103.93000030517578,103.06999969482422,103.70999908447266,4002100.0
2025-06-09,104.08000183105469,104.29000091552734,103.30999755859375,103.41000366210938,6371300.0
2025-06-10,103.80000305175781,104.88500213623047,103.27999877929688,104.72000122070312,7313500.0
2025-06-11,104.97000122070312,105.11000061035156,104.12999725341797,104.4800033569336,5455600.0
2025-06-12,104.26000213623047,104.37000274658203,103.43000030517578,103.62999725341797,5616100.0
2025-06-13,102.79000091552734,103.55000305175781,102.41500091552734,102.58000183105469,7342800.0
2025-06-16,103.29000091552734,104.42500305175781,103.25,104.33999633789062,6211900.0
2025-06-17,103.80999755859375,104.11000061035156,103.15499877929688,103.41999816894531,6034700.0
2025-06-18,103.67500305175781,104.30999755859375,103.38999938964844,103.47000122070312,5927300.0
2025-06-20,104.30999755859375,104.66999816894531,102.63999938964844,102.83999633789062,7469600.0
2025-06-23,102.76000213623047,103.97000122070312,101.99099731445312,103.88999938964844,6925400.0
2025-06-24,104.58000183105469,105.34500122070312,104.4000015258789,105.2300033569336,4685500.0
2025-06-25,105.25,105.80000305175781,105.04000091552734,105.20999908447266,4401800.0
2025-06-26,105.55999755859375,106.4800033569336,105.20999908447266,106.43000030517578,6375800.0
2025-06-27,106.51000213623047,107.75,106.48999786376953,107.68000030517578,6949700.0
2025-06-30,108.54000091552734,108.73999786376953,107.87000274658203,108.52999877929688,5652500.0
2025-07-01,108.0999984741211,108.36000061035156,107.33999633789062,107.76000213623047,6614100.0
2025-07-02,107.55999755859375,107.7699966430664,107.3949966430664,107.44999694824219,4865800.0
2025-07-03,107.93000030517578,108.3499984741211,107.66999816894531,108.04000091552734,3206100.0
2025-07-07,107.83999633789062,107.94000244140625,106.79000091552734,107.0,5533900.0
2025-07-08,107.18000030517578,107.19000244140625,106.30000305175781,106.77999877929688,4353000.0
2025-07-09,106.83999633789062,107.69999694824219,106.58999633789062,107.05999755859375,4973900.0
2025-07-10,106.80999755859375,106.88999938964844,106.2750015258789,106.69999694824219,4126500.0
2025-07-11,106.33999633789062,106.5,105.56999969482422,106.01000213623047,4769400.0
2025-07-14,106.12000274658203,107.16000366210938,106.05999755859375,107.05000305175781,6101100.0
2025-07-15,107.13999938964844,107.33999633789062,105.9749984741211,105.98999786376953,5813500.0
2025-07-16,106.45999908447266,106.6500015258789,105.73999786376953,106.30999755859375,6812600.0
2025-07-17,106.22000122070312,106.80000305175781,105.9749984741211,106.68000030517578,4640100.0
2025-07-18,106.70999908447266,106.77999877929688,105.63999938964844,106.19000244140625,5593900.0
2025-07-21,106.7699966430664,107.79499816894531,106.7300033569336,107.61000061035156,4468600.0
2025-07-22,108.05000305175781,108.12000274658203,107.55999755859375,107.86000061035156,5292500.0
2025-07-23,107.80999755859375,108.48999786376953,107.4800033569336,108.44999694824219,4967000.0
2025-07-24,109.38999938964844,109.69999694824219,108.62999725341797,108.62999725341797,5732700.0
2025-07-25,107.93499755859375,108.23999786376953,107.37000274658203,107.62000274658203,7300700.0
2025-07-28,107.55000305175781,107.7300033569336,106.84500122070312,107.04000091552734,6326900.0
2025-07-29,107.33999633789062,107.51000213623047,106.05999755859375,106.12000274658203,5396000.0
2025-07-30,106.4800033569336,107.16500091552734,106.09500122070312,106.44999694824219,6331700.0
2025-07-31,108.44000244140625,108.66000366210938,107.19000244140625,107.41000366210938,11450800.0
2025-08-01,106.83000183105469,106.94999694824219,105.63999938964844,106.12000274658203,9181900.0
2025-08-04,106.80999755859375,108.18000030517578,106.66999816894531,108.16000366210938,4883600.0
2025-08-05,108.20999908447266,108.55999755859375,107.29000091552734,107.31999969482422,5774100.0
2025-08-06,107.87000274658203,108.01499938964844,106.87000274658203,107.7300033569336,5141000.0
2025-08-07,108.30999755859375,108.44000244140625,106.63500213623047,107.2699966430664,6248300.0
2025-08-08,107.30999755859375,108.20999908447266,107.30999755859375,107.62999725341797,5984400.0
2025-08-11,107.94499969482422,108.33499908447266,107.83000183105469,108.18000030517578,4686800.0
2025-08-12,108.68000030517578,110.37000274658203,108.62999725341797,110.25,7128000.0
2025-08-13,110.5999984741211,111.40499877929688,110.48999786376953,111.11000061035156,8215500.0
2025-08-14,110.68000030517578,111.79000091552734,110.62999725341797,111.19999694824219,5120900.0
2025-08-15,111.52999877929688,112.22000122070312,111.31999969482422,111.4800033569336,5535500.0
2025-08-18,111.37999725341797,111.38500213623047,110.56999969482422,110.80000305175781,4295800.0
2025-08-19,110.81999969482422,110.81999969482422,109.73999786376953,110.18000030517578,5086000.0
2025-08-20,110.0999984741211,110.2300033569336,108.81999969482422,109.8499984741211,8825500.0
2025-08-21,109.58999633789062,110.0,109.2699966430664,109.7300033569336,3794600.0
2025-08-22,110.37999725341797,111.69000244140625,110.34500122070312,111.30999755859375,6382900.0
2025-08-25,111.20999908447266,111.8949966430664,111.05999755859375,111.48999786376953,5684400.0
2025-08-26,111.2699966430664,111.2699966430664,110.66999816894531,111.0,4680600.0
2025-08-27,110.7300033569336,111.29000091552734,110.625,111.19000244140625,3603900.0
2025-08-28,111.12000274658203,111.65499877929688,110.83999633789062,111.61000061035156,4645100.0
2025-08-29,111.27999877929688,111.71499633789062,110.91500091552734,111.38999938964844,4311800.0
2025-09-02,109.94999694824219,111.19999694824219,109.69999694824219,111.19999694824219,8205300.0
2025-09-03,112.56999969482422,113.13999938964844,112.2699966430664,113.05999755859375,8269300.0
2025-09-04,113.45999908447266,114.0999984741211,113.1449966430664,114.08000183105469,5497600.0
2025-09-05,114.26000213623047,115.08499908447266,113.83000183105469,114.69000244140625,5323600.0
2025-09-08,114.22000122070312,115.20999908447266,114.19499969482422,114.81999969482422,8005300.0
2025-09-09,114.7699966430664,115.61499786376953,114.51699829101562,115.47000122070312,5455400.0
2025-09-10,115.27999877929688,115.30999755859375,114.24500274658203,114.62000274658203,5378200.0
2025-09-11,114.83999633789062,116.65499877929688,114.3499984741211,116.37999725341797,14732600.0
2025-09-12,116.58999633789062,117.58999633789062,116.41000366210938,117.3499984741211,6091200.0
2025-09-15,117.87000274658203,119.11499786376953,117.77999877929688,119.0,7242400.0
2025-09-16,118.63500213623047,118.8499984741211,117.86000061035156,118.5199966430664,5802300.0
2025-09-17,118.83000183105469,119.11000061035156,117.94000244140625,118.83000183105469,5993800.0
2025-09-18,118.95999908447266,119.4749984741211,118.48500061035156,118.91999816894531,6022700.0
2025-09-19,119.20999908447266,119.55000305175781,118.69000244140625,119.41000366210938,5548000.0
2025-09-22,118.8499984741211,119.23999786376953,118.38999938964844,118.58000183105469,6412100.0
2025-09-23,118.83999633789062,119.2300033569336,118.25,118.41000366210938,4127600.0
2025-09-24,118.41000366210938,118.51499938964844,116.93499755859375,117.43000030517578,5099800.0
2025-09-25,116.87999725341797,117.48999786376953,116.4800033569336,117.02999877929688,3786700.0
2025-09-26,117.27999877929688,118.51000213623047,117.04000091552734,118.16999816894531,7462700.0
2025-09-29,118.81999969482422,119.25499725341797,118.4000015258789,118.55000305175781,4875800.0
2025-09-30,118.44000244140625,118.69999694824219,117.90499877929688,118.37000274658203,5740500.0
2025-10-01,117.5,117.5,116.5199966430664,116.70999908447266,7218900.0
2025-10-02,116.69000244140625,116.70999908447266,115.84500122070312,116.44999694824219,3984800.0
2025-10-03,116.5999984741211,116.73500061035156,116.08999633789062,116.38999938964844,3535900.0
2025-10-06,116.23999786376953,116.59500122070312,115.3949966430664,116.51000213623047,4293600.0
2025-10-07,116.6500015258789,117.0999984741211,115.95999908447266,116.05999755859375,4242900.0
2025-10-08,115.9800033569336,116.12000274658203,115.4000015258789,115.58000183105469,4957900.0
2025-10-09,115.5,115.54000091552734,114.69999694824219,114.91999816894531,4033800.0
2025-10-10,114.98999786376953,115.7249984741211,112.70999908447266,112.80000305175781,8248100.0
2025-10-13,113.77999877929688,114.13999938964844,113.5,113.83999633789062,4146000.0
2025-10-14,113.19999694824219,114.87999725341797,112.80999755859375,114.58999633789062,4587900.0
2025-10-15,115.11000061035156,115.97000122070312,114.5,115.4000015258789,4103500.0
2025-10-16,115.62000274658203,116.12999725341797,113.52999877929688,114.16999816894531,4682800.0
2025-10-17,114.02999877929688,115.2300033569336,113.9000015258789,114.94000244140625,4393700.0
2025-10-20,115.47000122070312,116.4000015258789,115.30999755859375,116.23999786376953,4281500.0
2025-10-21,116.5999984741211,116.93000030517578,116.02999877929688,116.6500015258789,6804100.0
2025-10-22,116.01499938964844,116.43000030517578,115.05999755859375,115.63999938964844,5438900.0
2025-10-23,116.0199966430664,116.02999877929688,115.23999786376953,115.25,3607200.0
2025-10-24,115.91999816894531,116.31999969482422,115.5,115.55000305175781,4758000.0
2025-10-27,116.37000274658203,117.23500061035156,116.25,117.16000366210938,5252300.0
2025-10-28,117.19000244140625,117.23999786376953,116.56500244140625,116.58000183105469,4920400.0
2025-10-29,116.6050033569336,116.75800323486328,115.69499969482422,116.29000091552734,6986800.0
2025-10-30,114.88500213623047,115.88500213623047,113.97000122070312,114.31999969482422,8434500.0
2025-10-31,114.51000213623047,115.08499908447266,114.05999755859375,114.80999755859375,5249700.0
2025-11-03,114.88999938964844,114.88999938964844,112.88999938964844,113.58999633789062,6410400.0
2025-11-04,112.5199966430664,113.4000015258789,112.48500061035156,112.80999755859375,5198200.0
2025-11-05,112.76000213623047,113.91000366210938,112.48500061035156,113.41999816894531,6273900.0
2025-11-06,113.30000305175781,113.66999816894531,112.30000305175781,112.4000015258789,6265900.0
2025-11-07,111.8499984741211,112.16000366210938,110.83499908447266,112.11000061035156,7460400.0
2025-11-10,112.8499984741211,113.5199966430664,112.41500091552734,113.27999877929688,4724100.0
2025-11-11,113.2300033569336,114.26499938964844,113.22000122070312,114.19999694824219,3841900.0
2025-11-12,114.27999877929688,114.29000091552734,113.2300033569336,113.54000091552734,4563800.0
2025-11-13,112.7699966430664,112.9800033569336,111.7750015258789,111.93000030517578,6354300.0
2025-11-14,111.29000091552734,111.80999755859375,110.81999969482422,111.33000183105469,4859800.0
2025-11-17,111.99500274658203,112.62999725341797,110.6050033569336,111.18000030517578,4582300.0
2025-11-18,111.1500015258789,112.47000122070312,110.16999816894531,111.80999755859375,8726100.0
2025-11-19,111.75,112.99500274658203,110.99500274658203,111.19000244140625,4416800.0
2025-11-20,112.80000305175781,113.03500366210938,109.86499786376953,109.97000122070312,7385400.0
2025-11-21,110.5199966430664,112.57499694824219,110.5199966430664,111.9000015258789,7535900.0
2025-11-24,112.76000213623047,113.33999633789062,112.57499694824219,113.01000213623047,5524000.0
2025-11-25,114.12999725341797,114.5999984741211,113.63500213623047,114.30000305175781,8890600.0
2025-11-26,114.2750015258789,114.76000213623047,114.21499633789062,114.45999908447266,6301600.0
2025-11-28,114.79499816894531,115.38999938964844,114.6500015258789,115.38999938964844,3731600.0
2025-12-01,114.55999755859375,115.44000244140625,114.5,114.8499984741211,5173500.0
2025-12-02,115.30000305175781,115.44999694824219,114.37999725341797,115.2300033569336,4777400.0
2025-12-03,115.0199966430664,115.48999786376953,114.6500015258789,115.12999725341797,4885500.0
2025-12-04,115.98500061035156,116.03600311279297,114.95999908447266,115.79000091552734,4654300.0
2025-12-05,116.08000183105469,117.61499786376953,115.94000244140625,117.12999725341797,6049400.0
2025-12-08,117.58000183105469,117.58000183105469,115.80000305175781,116.26000213623047,6128900.0
2025-12-09,116.12000274658203,116.54000091552734,115.6050033569336,116.38999938964844,4842700.0
2025-12-10,116.44000244140625,117.3499984741211,116.31999969482422,117.06999969482422,5882600.0
2025-12-11,116.8499984741211,117.44999694824219,116.5999984741211,116.80999755859375,6495600.0
2025-12-12,117.23999786376953,117.5199966430664,116.22599792480469,116.55000305175781,5955100.0
2025-12-15,116.83000183105469,116.88800048828125,115.9800033569336,116.56999969482422,5070100.0
2025-12-16,116.2300033569336,117.0199966430664,115.9800033569336,116.6500015258789,6178500.0
2025-12-17,116.62999725341797,116.79000091552734,115.7249984741211,115.80999755859375,6181900.0
2025-12-18,116.43000030517578,117.18000030517578,116.26499938964844,116.47000122070312,4791400.0
2025-12-19,116.55000305175781,117.18000030517578,116.36000061035156,116.5199966430664,6174800.0
2025-12-22,116.68000030517578,117.08999633789062,116.44000244140625,116.66000366210938,4704400.0
2025-12-23,116.61000061035156,117.45999908447266,116.56999969482422,117.38999938964844,3685000.0
2025-12-24,117.30999755859375,118.11000061035156,117.25,118.08999633789062,2044400.0
2025-12-26,117.87000274658203,118.0199966430664,117.69499969482422,117.97000122070312,2849500.0
2025-12-29,117.55000305175781,118.12999725341797,117.5199966430664,117.88999938964844,4699300.0
2025-12-30,117.68000030517578,118.66999816894531,117.5999984741211,118.29000091552734,4396200.0
2025-12-31,118.01000213623047,118.2750015258789,117.69000244140625,117.72000122070312,3003400.0
2026-01-02,118.16000366210938,118.31500244140625,116.58000183105469,116.9000015258789,6417600.0
2026-01-05,117.00499725341797,118.30999755859375,116.94000244140625,117.75,5984600.0
2026-01-06,117.63999938964844,117.87999725341797,116.54499816894531,117.33000183105469,5698200.0
2026-01-07,117.19999694824219,117.69999694824219,116.68000030517578,117.08999633789062,5050900.0
2026-01-08,117.33000183105469,117.66500091552734,116.54000091552734,117.4800033569336,5089300.0
2026-01-09,117.5199966430664,118.2300033569336,117.19000244140625,117.91000366210938,4187000.0
2026-01-12,117.44999694824219,117.8499984741211,117.36000061035156,117.55000305175781,5668000.0
2026-01-13,117.5999984741211,117.91999816894531,116.45600128173828,116.88999938964844,7757800.0
2026-01-14,116.66999816894531,116.83000183105469,116.08999633789062,116.63999938964844,5646400.0
2026-01-15,116.98999786376953,116.98999786376953,115.93000030517578,116.20999908447266,12267200.0
2026-01-16,116.4000015258789,116.4000015258789,115.12999725341797,115.16999816894531,5545100.0
2026-01-20,113.79000091552734,114.69999694824219,113.375,113.47000122070312,9177400.0
2026-01-21,113.25,115.0,113.18000030517578,114.62999725341797,7862800.0
2026-01-22,115.7300033569336,116.47000122070312,115.44499969482422,116.25,5517000.0
2026-01-23,116.06999969482422,117.21499633789062,116.06999969482422,116.95999908447266,6086200.0
2026-01-26,117.26000213623047,118.01000213623047,117.08499908447266,117.7699966430664,4763900.0
2026-01-27,117.88999938964844,117.88999938964844,116.54000091552734,116.9000015258789,3934000.0
2026-01-28,117.33000183105469,117.82499694824219,116.63999938964844,116.75,8319500.0
2026-01-29,119.27999877929688,119.95500183105469,117.875,119.79000091552734,9730200.0
2026-01-30,119.7699966430664,120.26000213623047,119.13999938964844,120.08000183105469,11651200.0
2026-02-02,119.58000183105469,120.40499877929688,119.52999877929688,119.66999816894531,7651800.0
2026-02-03,119.3949966430664,119.59500122070312,117.25,117.73999786376953,8132200.0
2026-02-04,118.25,118.25,116.44000244140625,116.80000305175781,11640200.0
2026-02-05,115.19999694824219,116.66999816894531,114.54000091552734,116.20999908447266,15513700.0
2026-02-06,116.12999725341797,116.51000213623047,114.5199966430664,115.76000213623047,9441200.0
2026-02-09,115.63999938964844,117.23500061035156,115.1050033569336,116.87999725341797,9210200.0
2026-02-10,117.12999725341797,117.90499877929688,116.88999938964844,117.58000183105469,5830200.0
2026-02-11,117.37000274658203,117.6500015258789,116.33000183105469,116.73999786376953,6988000.0
2026-02-12,116.80999755859375,117.19999694824219,114.49500274658203,114.63999938964844,8124600.0
2026-02-13,114.37000274658203,115.12999725341797,113.77999877929688,114.58000183105469,7423000.0
2026-02-17,114.37000274658203,115.05000305175781,113.30000305175781,114.4000015258789,6451700.0
2026-02-18,114.25,114.97000122070312,113.93000030517578,114.58999633789062,5277700.0
2026-02-19,114.55999755859375,115.45999908447266,114.44000244140625,115.13999938964844,5747600.0
2026-02-20,114.9000015258789,117.00499725341797,114.80000305175781,116.80000305175781,8195700.0
2026-02-23,116.95999908447266,117.16999816894531,115.16500091552734,115.36000061035156,8839300.0
2026-02-24,115.16999816894531,116.2699966430664,114.88999938964844,116.16000366210938,6109200.0
2026-02-25,116.33000183105469,116.73999786376953,116.0999984741211,116.5,6197700.0
2026-02-26,116.22000122070312,117.04499816894531,115.93499755859375,116.72000122070312,6649500.0
2026-02-27,116.28500366210938,118.16000366210938,116.13999938964844,118.05000305175781,7131100.0
2026-03-02,116.44999694824219,118.13999938964844,116.33000183105469,117.87000274658203,10466500.0
2026-03-03,116.2300033569336,118.43000030517578,115.87000274658203,117.95999908447266,13693000.0
2026-03-04,117.7699966430664,119.08499908447266,117.61000061035156,118.79000091552734,8139800.0
2026-03-05,118.62999725341797,119.16000366210938,117.7750015258789,118.44000244140625,8776300.0
2026-03-06,117.2249984741211,117.62999725341797,116.4000015258789,117.45999908447266,10809500.0
2026-03-09,116.5,117.79000091552734,115.5,117.55999755859375,10548900.0
2026-03-10,117.63999938964844,118.11499786376953,116.94999694824219,117.37999725341797,12013500.0
2026-03-11,117.45999908447266,117.79000091552734,116.4800033569336,117.0,6213400.0
2026-03-12,116.30000305175781,116.73999786376953,115.19999694824219,115.2699966430664,7816900.0
2026-03-13,115.4800033569336,115.9000015258789,113.91999816894531,114.44999694824219,11622700.0
2026-03-16,115.43000030517578,115.73999786376953,114.72000122070312,115.33000183105469,7299700.0
2026-03-17,115.6500015258789,116.4990005493164,115.36000061035156,115.37000274658203,8391100.0
2026-03-18,114.66000366210938,115.16000366210938,113.61000061035156,113.66000366210938,7022000.0
2026-03-19,113.31500244140625,114.04000091552734,112.36000061035156,113.13999938964844,10146300.0
2026-03-20,112.83000183105469,113.02999877929688,111.62000274658203,112.2300033569336,10086700.0
2026-03-23,112.87000274658203,113.44999694824219,112.20999908447266,112.70999908447266,8557700.0
2026-03-24,112.1500015258789,112.48999786376953,111.05999755859375,111.12999725341797,8634400.0
2026-03-25,111.87999725341797,112.52999877929688,110.83999633789062,111.44000244140625,6097800.0
2026-03-26,110.61000061035156,110.87999725341797,108.68000030517578,108.80999755859375,9765900.0
2026-03-27,108.31500244140625,108.51000213623047,106.72000122070312,107.04000091552734,9594600.0
2026-03-30,107.8949966430664,108.66000366210938,107.06600189208984,107.95999908447266,9490400.0
2026-03-31,109.13999938964844,111.26000213623047,108.81999969482422,110.86000061035156,10145200.0
2026-04-01,111.25,111.875,110.70500183105469,111.23999786376953,9856900.0
2026-04-02,110.13999938964844,111.87000274658203,109.69999694824219,111.69999694824219,5590500.0
2026-04-06,111.9000015258789,112.5199966430664,111.66000366210938,111.76000213623047,3803600.0
2026-04-07,111.56999969482422,112.0,111.05000305175781,111.81999969482422,4379300.0
2026-04-08,114.26000213623047,114.48500061035156,113.20999908447266,113.80999755859375,4579400.0
2026-04-09,113.79499816894531,114.47000122070312,113.21499633789062,114.2699966430664,4176700.0
2026-04-10,114.63999938964844,114.86000061035156,113.68000030517578,113.94999694824219,2667900.0
2026-04-13,113.63500213623047,114.86000061035156,113.2699966430664,114.81999969482422,5063500.0
2026-04-14,115.01000213623047,116.83499908447266,114.83999633789062,116.55999755859375,5396400.0
2026-04-15,116.8499984741211,118.12000274658203,116.74199676513672,117.36000061035156,5140000.0
2026-04-16,117.9000015258789,118.92500305175781,117.83000183105469,118.83000183105469,3708300.0
2026-04-17,118.63999938964844,119.4800033569336,118.3499984741211,119.0999984741211,3176900.0
2026-04-20,118.73999786376953,119.0999984741211,118.5199966430664,118.75,3297300.0
2026-04-21,118.80000305175781,119.12999725341797,116.98999786376953,117.16000366210938,3862300.0
2026-04-22,117.6500015258789,117.9800033569336,117.28500366210938,117.87999725341797,3079700.0
2026-04-23,117.97000122070312,118.19000244140625,116.5199966430664,117.38999938964844,3503600.0
2026-04-24,117.20999908447266,117.22000122070312,115.08999633789062,115.54000091552734,4857700.0
2026-04-27,115.41000366210938,116.75,115.41000366210938,115.80999755859375,4506200.0
2026-04-28,115.8550033569336,116.2300033569336,115.31999969482422,115.75,4052200.0
2026-04-29,115.54000091552734,115.77999877929688,115.06500244140625,115.29000091552734,4401500.0
2026-04-30,115.0,116.66999816894531,114.69999694824219,116.51000213623047,5276500.0
2026-05-01,116.83499908447266,117.30000305175781,116.58999633789062,116.72000122070312,7556000.0
2026-05-04,116.625,116.7699966430664,115.95999908447266,116.0999984741211,5485700.0
2026-05-05,116.30999755859375,116.30999755859375,115.19100189208984,115.62999725341797,5299100.0
2026-05-06,116.22000122070312,117.61000061035156,116.22000122070312,117.3499984741211,6220600.0
2026-05-07,117.62999725341797,118.19999694824219,117.03500366210938,117.37999725341797,4333300.0
2026-05-08,117.01499938964844,117.19000244140625,116.61499786376953,116.94000244140625,4153400.0
2026-05-11,116.5199966430664,116.72000122070312,115.43000030517578,115.58000183105469,4729300.0
2026-05-12,115.68000030517578,115.95500183105469,114.97000122070312,115.86000061035156,5336300.0
2026-05-13,115.52200317382812,117.02999877929688,115.3499984741211,116.76000213623047,4061300.0
2026-05-14,117.0999984741211,117.97000122070312,116.93499755859375,117.11000061035156,3558200.0
2026-05-15,116.91000366210938,117.04000091552734,115.9800033569336,116.08000183105469,4295100.0
2026-05-18,116.04000091552734,117.81999969482422,115.8499984741211,116.9800033569336,5125600.0
2026-05-19,116.94999694824219,117.13999938964844,115.71499633789062,115.8499984741211,5163900.0
2026-05-20,115.6500015258789,116.21499633789062,114.80999755859375,116.0999984741211,5148800.0
2026-05-21,115.47000122070312,116.8550033569336,114.98999786376953,116.0999984741211,4855400.0
2026-05-22,116.41000366210938,116.7300033569336,115.23500061035156,115.45999908447266,4108700.0
2026-05-26,115.62999725341797,116.07499694824219,115.06999969482422,115.55000305175781,4191600.0
2026-05-27,115.2300033569336,117.05500030517578,115.16000366210938,116.26000213623047,5747800.0
2026-05-28,116.0999984741211,116.83999633789062,115.55000305175781,116.66999816894531,4528300.0
2026-05-29,115.93000030517578,116.05000305175781,115.13999938964844,115.69000244140625,5493800.0
2026-06-01,115.42500305175781,116.04499816894531,114.81500244140625,115.61000061035156,5270300.0
2026-06-02,114.75499725341797,114.9000015258789,113.5199966430664,113.56999969482422,6493900.0
2026-06-03,113.23999786376953,113.43000030517578,111.76000213623047,112.08000183105469,6066700.0
2026-06-04,112.73999786376953,114.36499786376953,112.69000244140625,113.11000061035156,6056200.0
2026-06-05,112.79000091552734,113.36000061035156,111.13500213623047,111.66999816894531,9005000.0
2026-06-08,111.41000366210938,111.46499633789062,110.12000274658203,111.08999633789062,9077800.0
2026-06-09,111.4800033569336,112.2300033569336,110.4800033569336,111.4800033569336,6589000.0
2026-06-10,111.58999633789062,112.44999694824219,110.93000030517578,111.01000213623047,5435400.0
2026-06-11,110.88999938964844,112.5199966430664,110.22000122070312,112.12000274658203,5931800.0
2026-06-12,112.91000366210938,112.98999786376953,110.83000183105469,111.6500015258789,7465700.0
2026-06-15,111.91999816894531,112.58999633789062,111.58999633789062,112.19000244140625,6585200.0
2026-06-16,112.23999786376953,112.58999633789062,111.41000366210938,112.31999969482422,7896400.0
2026-06-17,111.47899627685547,111.48999786376953,109.01499938964844,109.19999694824219,9639800.0
2026-06-18,109.86000061035156,110.37000274658203,108.51000213623047,109.44999694824219,11655600.0
2026-06-22,108.125,108.53500366210938,106.31999969482422,106.86000061035156,7382300.0
2026-06-23,106.5199966430664,107.6449966430664,106.38999938964844,107.2699966430664,7949700.0
2026-06-24,107.5250015258789,108.08499908447266,106.44999694824219,106.54000091552734,9075500.0
2026-06-25,105.68000030517578,106.62999725341797,105.02999877929688,105.58000183105469,5323100.0
2026-06-26,105.66000366210938,107.25,105.36000061035156,106.18000030517578,9352100.0
2026-06-29,108.30000305175781,108.51000213623047,107.66999816894531,107.87999725341797,6573200.0
2026-06-30,107.5250015258789,107.68000030517578,106.37999725341797,107.12999725341797,4760200.0
2026-07-01,109.02999877929688,110.83999633789062,108.63500213623047,109.73999786376953,14529400.0
2026-07-02,109.61000061035156,110.01000213623047,108.55000305175781,109.5999984741211,8388900.0
2026-07-06,110.07499694824219,110.375,108.9800033569336,110.20999908447266,8938800.0
2026-07-07,111.66999816894531,112.2699966430664,110.94999694824219,111.0199966430664,7882400.0
2026-07-08,110.91999816894531,110.98500061035156,109.27999877929688,109.45999908447266,5527900.0
2026-07-09,108.08000183105469,110.59500122070312,107.81999969482422,110.51000213623047,6444300.0
2026-07-10,111.72000122070312,112.16000366210938,111.0250015258789,111.63999938964844,6465600.0
2026-07-13,111.77999877929688,112.76000213623047,111.46499633789062,111.58999633789062,5851900.0
2026-07-14,110.83000183105469,111.83000183105469,110.83000183105469,111.44999694824219,5061500.0
2026-07-15,111.69999694824219,113.86000061035156,111.52999877929688,113.37999725341797,6245600.0
2026-07-16,113.5999984741211,114.02999877929688,112.2699966430664,112.6500015258789,5648300.0
2026-07-17,111.19999694824219,111.51000213623047,110.30999755859375,110.6500015258789,7677700.0
2026-07-20,110.81500244140625,111.66000366210938,110.51000213623047,110.80000305175781,4011900.0
2026-07-21,110.52999877929688,110.62000274658203,109.98999786376953,110.02999877929688,3944800.0
2026-07-22,110.91000366210938,111.1050033569336,109.16000366210938,109.19999694824219,3998500.0
