Date,Open,High,Low,Close,Volume
2018-07-23,36.20000076293945,36.47999954223633,36.05500030517578,36.459999084472656,25151000.0
2018-07-24,36.82500076293945,36.970001220703125,36.5099983215332,36.65999984741211,21557200.0
2018-07-25,36.66999816894531,37.119998931884766,36.6150016784668,37.119998931884766,30466200.0
2018-07-26,36.48500061035156,36.66999816894531,36.41999816894531,36.54999923706055,25094400.0
2018-07-27,36.595001220703125,36.619998931884766,35.70000076293945,35.92499923706055,63550200.0
2018-07-30,35.904998779296875,35.959999084472656,35.15999984741211,35.3650016784668,35695400.0
2018-07-31,35.474998474121094,35.689998626708984,35.26499938964844,35.459999084472656,29954000.0
2018-08-01,35.71500015258789,35.89500045776367,35.584999084472656,35.779998779296875,29322800.0
2018-08-02,35.45000076293945,36.275001525878906,35.45000076293945,36.22999954223633,26209800.0
2018-08-03,36.2400016784668,36.36000061035156,36.07500076293945,36.36000061035156,14491400.0
2018-08-06,36.345001220703125,36.57500076293945,36.2599983215332,36.55500030517578,15000400.0
2018-08-07,36.685001373291016,36.82500076293945,36.630001068115234,36.69499969482422,20545400.0
2018-08-08,36.67499923706055,36.8650016784668,36.58000183105469,36.79499816894531,14197200.0
2018-08-09,36.83000183105469,36.95000076293945,36.779998779296875,36.810001373291016,23446200.0
2018-08-10,36.53499984741211,36.689998626708984,36.40999984741211,36.51499938964844,23138400.0
2018-08-13,36.56999969482422,36.849998474121094,36.45500183105469,36.46500015258789,24128800.0
2018-08-14,36.59000015258789,36.73500061035156,36.3849983215332,36.689998626708984,18359000.0
2018-08-15,36.459999084472656,36.595001220703125,36.07500076293945,36.36000061035156,35584400.0
2018-08-16,36.63999938964844,36.7400016784668,36.439998626708984,36.52000045776367,18208800.0
2018-08-17,36.40999984741211,36.67499923706055,36.290000915527344,36.57500076293945,18048200.0
2018-08-20,36.65999984741211,36.66999816894531,36.375,36.52000045776367,21239600.0
2018-08-21,36.619998931884766,36.810001373291016,36.53499984741211,36.58000183105469,16004600.0
2018-08-22,36.470001220703125,36.744998931884766,36.415000915527344,36.689998626708984,12742400.0
2018-08-23,36.625,36.970001220703125,36.625,36.77000045776367,18735000.0
2018-08-24,36.869998931884766,37.150001525878906,36.8650016784668,37.13999938964844,13115200.0
2018-08-27,37.34000015258789,37.5,37.2400016784668,37.47999954223633,16415000.0
2018-08-28,37.55500030517578,37.630001068115234,37.439998626708984,37.54499816894531,14770400.0
2018-08-29,37.59000015258789,37.90999984741211,37.584999084472656,37.8849983215332,22364600.0
2018-08-30,37.779998779296875,38.01499938964844,37.654998779296875,37.77000045776367,21040600.0
2018-08-31,37.73500061035156,37.900001525878906,37.66999816894531,37.79999923706055,20537800.0
2018-09-04,37.625,37.709999084472656,37.400001525878906,37.654998779296875,22147600.0
2018-09-05,37.60499954223633,37.6349983215332,36.994998931884766,37.185001373291016,32853200.0
2018-09-06,37.130001068115234,37.209999084472656,36.625,36.915000915527344,27957600.0
2018-09-07,36.67499923706055,37.084999084472656,36.6349983215332,36.790000915527344,28462000.0
2018-09-10,36.92499923706055,36.974998474121094,36.70500183105469,36.904998779296875,33309000.0
2018-09-11,36.79999923706055,37.29999923706055,36.709999084472656,37.220001220703125,27189800.0
2018-09-12,37.13999938964844,37.14500045776367,36.76499938964844,37.064998626708984,32536400.0
2018-09-13,37.29499816894531,37.595001220703125,37.28499984741211,37.5,25454800.0
2018-09-14,37.53499984741211,37.6349983215332,37.29999923706055,37.470001220703125,18878400.0
2018-09-17,37.415000915527344,37.47999954223633,36.959999084472656,37.0,29584200.0
2018-09-18,36.95500183105469,37.415000915527344,36.95500183105469,37.23500061035156,19302000.0
2018-09-19,37.22999954223633,37.35499954223633,36.93000030517578,37.13999938964844,20870600.0
2018-09-20,37.36000061035156,37.619998931884766,37.244998931884766,37.58000183105469,27401800.0
2018-09-21,37.595001220703125,37.654998779296875,37.290000915527344,37.30500030517578,46041000.0
2018-09-24,37.125,37.494998931884766,36.97999954223633,37.4900016784668,34513600.0
2018-09-25,37.44499969482422,37.52000045776367,37.290000915527344,37.44499969482422,21101000.0
2018-09-26,37.48500061035156,37.650001525878906,37.2400016784668,37.30500030517578,26641200.0
2018-09-27,37.439998626708984,37.630001068115234,37.439998626708984,37.525001525878906,28466400.0
2018-09-28,37.41999816894531,37.70000076293945,37.400001525878906,37.665000915527344,23421200.0
2018-10-01,37.904998779296875,38.0,37.72999954223633,37.845001220703125,20668200.0
2018-10-02,37.79999923706055,38.064998626708984,37.68000030517578,37.849998474121094,28014000.0
2018-10-03,37.97999954223633,38.1349983215332,37.89500045776367,37.96500015258789,26584800.0
2018-10-04,37.779998779296875,37.810001373291016,37.03499984741211,37.279998779296875,46584800.0
2018-10-05,37.26499938964844,37.380001068115234,36.45000076293945,36.810001373291016,44577000.0
2018-10-08,36.6349983215332,36.75,35.97999954223633,36.39500045776367,39946000.0
2018-10-09,36.380001068115234,36.7400016784668,36.30500030517578,36.525001525878906,30277800.0
2018-10-10,36.30500030517578,36.310001373291016,34.72999954223633,34.755001068115234,88286000.0
2018-10-11,34.654998779296875,35.244998931884766,34.03499984741211,34.314998626708984,136539000.0
2018-10-12,35.28499984741211,35.529998779296875,34.724998474121094,35.415000915527344,71818800.0
2018-10-15,35.28499984741211,35.314998626708984,34.814998626708984,34.834999084472656,38305000.0
2018-10-16,35.275001525878906,36.0,35.189998626708984,35.8849983215332,41998600.0
2018-10-17,35.93000030517578,35.95500183105469,35.400001525878906,35.720001220703125,48329800.0
2018-10-18,35.560001373291016,35.584999084472656,34.810001373291016,35.02000045776367,45920600.0
2018-10-19,35.224998474121094,35.60499954223633,34.875,35.005001068115234,44283400.0
2018-10-22,35.16999816894531,35.525001525878906,34.959999084472656,35.29499816894531,31962000.0
2018-10-23,34.560001373291016,35.345001220703125,34.209999084472656,35.15999984741211,48132200.0
2018-10-24,35.06999969482422,35.154998779296875,33.54499816894531,33.584999084472656,68330800.0
2018-10-25,34.064998626708984,34.91999816894531,34.0099983215332,34.7400016784668,46754400.0
2018-10-26,33.875,34.665000915527344,33.55500030517578,34.04499816894531,85487200.0
2018-10-29,34.51499938964844,34.7599983215332,32.79499816894531,33.470001220703125,68110600.0
2018-10-30,33.439998626708984,33.96500015258789,33.154998779296875,33.845001220703125,61121600.0
2018-10-31,34.349998474121094,34.92499923706055,34.334999084472656,34.650001525878906,42288200.0
2018-11-01,34.70000076293945,35.08000183105469,34.404998779296875,35.05500030517578,31106200.0
2018-11-02,34.78499984741211,34.9900016784668,34.08000183105469,34.369998931884766,40426200.0
2018-11-05,34.349998474121094,34.404998779296875,33.84000015258789,34.334999084472656,28416400.0
2018-11-06,34.30500030517578,34.71500015258789,34.275001525878906,34.54999923706055,18267600.0
2018-11-07,34.95000076293945,35.564998626708984,34.904998779296875,35.564998626708984,32629600.0
2018-11-08,35.43000030517578,35.58000183105469,35.310001373291016,35.53499984741211,20819400.0
2018-11-09,35.22999954223633,35.2599983215332,34.625,34.91999816894531,25883600.0
2018-11-12,34.599998474121094,34.65999984741211,33.650001525878906,33.689998626708984,32862200.0
2018-11-13,33.77000045776367,34.310001373291016,33.630001068115234,33.72999954223633,31407000.0
2018-11-14,34.10499954223633,34.17499923706055,33.154998779296875,33.32500076293945,38993400.0
2018-11-15,33.380001068115234,34.2400016784668,33.185001373291016,34.15999984741211,52602200.0
2018-11-16,33.7599983215332,34.310001373291016,33.689998626708984,34.10499954223633,35945800.0
2018-11-19,33.94499969482422,33.97999954223633,32.71500015258789,32.80500030517578,38397200.0
2018-11-20,31.889999389648438,32.53499984741211,31.690000534057617,32.099998474121094,56129600.0
2018-11-21,32.53499984741211,32.665000915527344,32.20000076293945,32.334999084472656,33006600.0
2018-11-23,31.989999771118164,32.39500045776367,31.975000381469727,32.040000915527344,10676200.0
2018-11-26,32.459999084472656,32.76499938964844,32.290000915527344,32.76499938964844,25069200.0
2018-11-27,32.540000915527344,32.880001068115234,32.349998474121094,32.83000183105469,23076400.0
2018-11-28,33.15999984741211,33.97999954223633,33.03499984741211,33.97999954223633,33219200.0
2018-11-29,33.875,33.92499923706055,33.470001220703125,33.650001525878906,28230800.0
2018-11-30,33.66999816894531,33.994998931884766,33.505001068115234,33.970001220703125,33019600.0
2018-12-03,34.81999969482422,34.85499954223633,34.345001220703125,34.720001220703125,32463400.0
2018-12-04,34.474998474121094,34.54999923706055,33.32500076293945,33.404998779296875,41982200.0
2018-12-06,32.619998931884766,33.47999954223633,32.45500183105469,33.47999954223633,43155800.0
2018-12-07,33.31999969482422,33.470001220703125,32.150001525878906,32.29999923706055,39875000.0
2018-12-10,32.119998931884766,32.869998931884766,31.934999465942383,32.744998931884766,40895600.0
2018-12-11,33.255001068115234,33.31999969482422,32.52000045776367,32.78499984741211,31626200.0
2018-12-12,33.314998626708984,33.560001373291016,33.025001525878906,33.040000915527344,33857600.0
2018-12-13,33.20000076293945,33.44499969482422,32.904998779296875,33.095001220703125,25638600.0
2018-12-14,32.70000076293945,32.880001068115234,32.255001068115234,32.28499984741211,31032400.0
2018-12-17,32.165000915527344,32.3849983215332,31.344999313354492,31.600000381469727,46527000.0
2018-12-18,31.844999313354492,32.125,31.594999313354492,31.850000381469727,39253200.0
2018-12-19,31.80500030517578,32.369998931884766,30.8799991607666,31.219999313354492,67212200.0
2018-12-20,31.084999084472656,31.399999618530273,30.21500015258789,30.65999984741211,79003600.0
2018-12-21,30.53499984741211,30.90999984741211,29.469999313354492,29.600000381469727,83227400.0
2018-12-24,29.31999969482422,29.68000030517578,28.78499984741211,28.809999465942383,42234000.0
2018-12-26,29.010000228881836,30.549999237060547,28.844999313354492,30.549999237060547,58120200.0
2018-12-27,30.125,30.780000686645508,29.540000915527344,30.770000457763672,46877600.0
2018-12-28,30.9950008392334,31.209999084472656,30.434999465942383,30.700000762939453,39685800.0
2018-12-31,30.96500015258789,31.104999542236328,30.729999542236328,30.989999771118164,33720200.0
2019-01-02,30.354999542236328,31.19499969482422,30.315000534057617,31.010000228881836,30885800.0
2019-01-03,30.219999313354492,30.239999771118164,29.405000686645508,29.44499969482422,49893400.0
2019-01-04,29.985000610351562,30.8799991607666,29.889999389648438,30.75,41535600.0
2019-01-07,30.75,31.235000610351562,30.68000030517578,31.024999618530273,23817200.0
2019-01-08,31.325000762939453,31.434999465942383,30.915000915527344,31.28499984741211,26005200.0
2019-01-09,31.454999923706055,31.854999542236328,31.420000076293945,31.690000534057617,28044800.0
2019-01-10,31.440000534057617,31.844999313354492,31.295000076293945,31.829999923706055,21868200.0
2019-01-11,31.645000457763672,31.790000915527344,31.575000762939453,31.770000457763672,15451200.0
2019-01-14,31.489999771118164,31.584999084472656,31.364999771118164,31.475000381469727,14483800.0
2019-01-15,31.575000762939453,32.01499938964844,31.520000457763672,31.950000762939453,28654000.0
2019-01-16,31.985000610351562,32.17499923706055,31.920000076293945,31.979999542236328,18937000.0
2019-01-17,31.864999771118164,32.369998931884766,31.780000686645508,32.185001373291016,20256800.0
2019-01-18,32.505001068115234,32.7400016784668,32.29499816894531,32.67499923706055,27303200.0
2019-01-22,32.40999984741211,32.46500015258789,31.8700008392334,32.125,29985000.0
2019-01-23,32.2599983215332,32.5,31.875,32.23500061035156,19152200.0
2019-01-24,32.349998474121094,32.619998931884766,32.334999084472656,32.505001068115234,28341800.0
2019-01-25,32.75,33.064998626708984,32.630001068115234,32.96500015258789,20061600.0
2019-01-28,32.474998474121094,32.53499984741211,32.255001068115234,32.525001525878906,19324800.0
2019-01-29,32.59000015258789,32.595001220703125,32.125,32.17499923706055,17147800.0
2019-01-30,32.709999084472656,33.27000045776367,32.564998626708984,33.17499923706055,33990600.0
2019-01-31,33.005001068115234,33.31999969482422,32.900001525878906,33.13999938964844,36501800.0
2019-02-01,33.154998779296875,33.51499938964844,33.10499954223633,33.334999084472656,19475600.0
2019-02-04,33.380001068115234,33.875,33.35499954223633,33.869998931884766,15208600.0
2019-02-05,33.98500061035156,34.2400016784668,33.94499969482422,34.154998779296875,24121400.0
2019-02-06,34.19499969482422,34.3650016784668,34.064998626708984,34.27000045776367,20379200.0
2019-02-07,33.95500183105469,34.099998474121094,33.56999969482422,33.79999923706055,29264000.0
2019-02-08,33.494998931884766,33.994998931884766,33.474998474121094,33.994998931884766,16977600.0
2019-02-11,34.099998474121094,34.20500183105469,33.900001525878906,33.97999954223633,14869400.0
2019-02-12,34.21500015258789,34.474998474121094,34.165000915527344,34.43000030517578,19418200.0
2019-02-13,34.599998474121094,34.724998474121094,34.45500183105469,34.474998474121094,18241800.0
2019-02-14,34.345001220703125,34.65999984741211,34.31999969482422,34.53499984741211,19484000.0
2019-02-15,34.79499816894531,34.845001220703125,34.6150016784668,34.810001373291016,14712000.0
2019-02-19,34.66999816894531,34.92499923706055,34.6349983215332,34.81999969482422,16638200.0
2019-02-20,34.849998474121094,35.005001068115234,34.67499923706055,34.86000061035156,19704200.0
2019-02-21,34.775001525878906,35.01499938964844,34.65999984741211,34.875,19508200.0
2019-02-22,35.03499984741211,35.34000015258789,35.025001525878906,35.31999969482422,24493200.0
2019-02-25,35.584999084472656,35.73500061035156,35.46500015258789,35.4900016784668,40341000.0
2019-02-26,35.3650016784668,35.665000915527344,35.334999084472656,35.564998626708984,28268000.0
2019-02-27,35.43000030517578,35.57500076293945,35.165000915527344,35.529998779296875,19555000.0
2019-02-28,35.400001525878906,35.564998626708984,35.34000015258789,35.43000030517578,18876600.0
2019-03-01,35.709999084472656,35.76499938964844,35.3849983215332,35.66999816894531,24668000.0
2019-03-04,35.81999969482422,35.90999984741211,35.13999938964844,35.53499984741211,31653000.0
2019-03-05,35.51499938964844,35.560001373291016,35.31999969482422,35.43000030517578,17907600.0
2019-03-06,35.404998779296875,35.44499969482422,35.20000076293945,35.244998931884766,26244200.0
2019-03-07,35.14500045776367,35.17499923706055,34.79499816894531,34.90999984741211,36996600.0
2019-03-08,34.4900016784668,34.935001373291016,34.41999816894531,34.904998779296875,25781400.0
2019-03-11,35.029998779296875,35.689998626708984,35.029998779296875,35.654998779296875,29153800.0
2019-03-12,35.755001068115234,35.98500061035156,35.64500045776367,35.8650016784668,36101200.0
2019-03-13,36.02000045776367,36.314998626708984,36.0,36.099998474121094,35667200.0
2019-03-14,36.15999984741211,36.28499984741211,36.07500076293945,36.17499923706055,21313200.0
2019-03-15,36.185001373291016,36.65999984741211,36.15999984741211,36.494998931884766,42049000.0
2019-03-18,36.52000045776367,36.744998931884766,36.42499923706055,36.650001525878906,29675200.0
2019-03-19,36.79999923706055,36.900001525878906,36.58000183105469,36.724998474121094,32306200.0
2019-03-20,36.685001373291016,36.92499923706055,36.404998779296875,36.625,27408600.0
2019-03-21,36.630001068115234,37.625,36.625,37.54499816894531,54548200.0
2019-03-22,37.349998474121094,37.505001068115234,36.64500045776367,36.65999984741211,53494800.0
2019-03-25,36.540000915527344,36.744998931884766,36.26499938964844,36.5,43893800.0
2019-03-26,36.81999969482422,37.05500030517578,36.48500061035156,36.70000076293945,27930200.0
2019-03-27,36.755001068115234,36.89500045776367,36.16999816894531,36.4900016784668,31662400.0
2019-03-28,36.599998474121094,36.790000915527344,36.415000915527344,36.63999938964844,21079400.0
2019-03-29,36.94499969482422,37.01499938964844,36.76499938964844,37.0,28694400.0
2019-04-01,37.36000061035156,37.54999923706055,37.150001525878906,37.505001068115234,25181000.0
2019-04-02,37.53499984741211,37.685001373291016,37.41999816894531,37.6349983215332,23574200.0
2019-04-03,37.86000061035156,38.130001068115234,37.790000915527344,37.939998626708984,27738000.0
2019-04-04,37.92499923706055,38.025001525878906,37.55500030517578,37.779998779296875,23006200.0
2019-04-05,37.904998779296875,38.0,37.84000015258789,37.959999084472656,13419600.0
2019-04-08,37.869998931884766,38.125,37.709999084472656,38.10499954223633,14619800.0
2019-04-09,37.939998626708984,38.08000183105469,37.84000015258789,37.92499923706055,26880200.0
2019-04-10,37.959999084472656,38.20000076293945,37.939998626708984,38.189998626708984,17234800.0
2019-04-11,38.27000045776367,38.279998779296875,38.060001373291016,38.13999938964844,15394600.0
2019-04-12,38.35499954223633,38.404998779296875,38.13999938964844,38.404998779296875,17110000.0
2019-04-15,38.404998779296875,38.5,38.185001373291016,38.38999938964844,19821400.0
2019-04-16,38.5099983215332,38.625,38.400001525878906,38.584999084472656,19218600.0
2019-04-17,38.83000183105469,38.849998474121094,38.61000061035156,38.79999923706055,24495800.0
2019-04-18,38.8849983215332,38.91999816894531,38.619998931884766,38.90999984741211,22983800.0
2019-04-22,38.72999954223633,39.01499938964844,38.69499969482422,39.0,16168800.0
2019-04-23,39.060001373291016,39.474998474121094,39.02000045776367,39.42499923706055,33385600.0
2019-04-24,39.45500183105469,39.619998931884766,39.380001068115234,39.439998626708984,21876600.0
2019-04-25,39.619998931884766,39.72999954223633,39.220001220703125,39.43000030517578,22775200.0
2019-04-26,39.189998626708984,39.290000915527344,38.86000061035156,39.279998779296875,22100400.0
2019-04-29,39.28499984741211,39.415000915527344,39.244998931884766,39.290000915527344,21226400.0
2019-04-30,39.27000045776367,39.40999984741211,39.04999923706055,39.35499954223633,37685800.0
2019-05-01,39.75,39.849998474121094,39.25,39.255001068115234,30893600.0
2019-05-02,39.244998931884766,39.529998779296875,38.84000015258789,39.04999923706055,49977600.0
2019-05-03,39.189998626708984,39.45500183105469,39.1349983215332,39.41999816894531,26576600.0
2019-05-06,38.47999954223633,39.18000030517578,38.33000183105469,39.1150016784668,26045000.0
2019-05-07,38.67499923706055,38.82500076293945,37.92499923706055,38.275001525878906,41251200.0
2019-05-08,38.150001525878906,38.560001373291016,38.084999084472656,38.22999954223633,27334600.0
2019-05-09,37.755001068115234,38.095001220703125,37.33000183105469,37.970001220703125,38601800.0
2019-05-10,37.724998474121094,38.2599983215332,37.18000030517578,38.09000015258789,39192400.0
2019-05-13,37.01499938964844,37.23500061035156,36.54999923706055,36.654998779296875,50922400.0
2019-05-14,36.84000015258789,37.474998474121094,36.810001373291016,37.244998931884766,36808600.0
2019-05-15,36.98500061035156,37.76499938964844,36.92499923706055,37.650001525878906,30097200.0
2019-05-16,37.67499923706055,38.27000045776367,37.625,37.994998931884766,30889400.0
2019-05-17,37.60499954223633,38.20000076293945,37.599998474121094,37.689998626708984,27087800.0
2019-05-20,37.05500030517578,37.345001220703125,36.85499954223633,37.03499984741211,29349200.0
2019-05-21,37.42499923706055,37.61000061035156,37.34000015258789,37.4900016784668,29682200.0
2019-05-22,37.244998931884766,37.52000045776367,37.224998474121094,37.29499816894531,23042200.0
2019-05-23,36.790000915527344,36.810001373291016,36.369998931884766,36.63999938964844,32171400.0
2019-05-24,36.84000015258789,37.029998779296875,36.61000061035156,36.650001525878906,23500000.0
2019-05-28,36.76499938964844,37.0,36.525001525878906,36.54499816894531,51545600.0
2019-05-29,36.275001525878906,36.505001068115234,36.084999084472656,36.33000183105469,29509600.0
2019-05-30,36.415000915527344,36.630001068115234,36.30500030517578,36.55500030517578,22841000.0
2019-05-31,36.1150016784668,36.28499984741211,35.93000030517578,35.94499969482422,24079600.0
2019-06-03,36.0,36.20000076293945,35.07500076293945,35.314998626708984,39407400.0
2019-06-04,35.76499938964844,36.494998931884766,35.584999084472656,36.494998931884766,30192400.0
2019-06-05,36.97999954223633,37.05500030517578,36.54999923706055,36.970001220703125,28791600.0
2019-06-06,37.06999969482422,37.474998474121094,36.900001525878906,37.400001525878906,23845000.0
2019-06-07,37.595001220703125,38.31999969482422,37.52000045776367,38.095001220703125,23984200.0
2019-06-10,38.369998931884766,38.845001220703125,38.369998931884766,38.48500061035156,26927600.0
2019-06-11,38.875,38.915000915527344,38.26499938964844,38.48500061035156,23100200.0
2019-06-12,38.29999923706055,38.404998779296875,38.18000030517578,38.27000045776367,15193800.0
2019-06-13,38.404998779296875,38.52000045776367,38.244998931884766,38.3849983215332,19734800.0
2019-06-14,38.03499984741211,38.17499923706055,37.8849983215332,38.04999923706055,16883400.0
2019-06-17,38.07500076293945,38.27000045776367,37.994998931884766,38.08000183105469,18702200.0
2019-06-18,38.48500061035156,38.959999084472656,38.3650016784668,38.77000045776367,32362400.0
2019-06-19,38.869998931884766,39.0099983215332,38.60499954223633,38.90999984741211,24742400.0
2019-06-20,39.47999954223633,39.61000061035156,39.150001525878906,39.47999954223633,27783800.0
2019-06-21,39.19499969482422,39.494998931884766,39.13999938964844,39.154998779296875,41430400.0
2019-06-24,39.224998474121094,39.36000061035156,39.16999816894531,39.22999954223633,16431800.0
2019-06-25,39.209999084472656,39.244998931884766,38.46500015258789,38.5099983215332,26245400.0
2019-06-26,38.8849983215332,39.20000076293945,38.875,38.92499923706055,18138400.0
2019-06-27,39.05500030517578,39.15999984741211,38.939998626708984,39.025001525878906,13675000.0
2019-06-28,39.14500045776367,39.189998626708984,38.900001525878906,39.02000045776367,35566800.0
2019-07-01,39.915000915527344,39.96500015258789,39.474998474121094,39.63999938964844,28553200.0
2019-07-02,39.619998931884766,39.77000045776367,39.529998779296875,39.744998931884766,15568400.0
2019-07-03,39.845001220703125,40.04999923706055,39.76499938964844,40.04999923706055,10683600.0
2019-07-05,39.724998474121094,40.04499816894531,39.58000183105469,39.974998474121094,11847800.0
2019-07-08,39.665000915527344,39.720001220703125,39.48500061035156,39.66999816894531,14919800.0
2019-07-09,39.46500015258789,39.84000015258789,39.404998779296875,39.810001373291016,18499600.0
2019-07-10,40.029998779296875,40.3650016784668,40.0,40.125,20217200.0
2019-07-11,40.224998474121094,40.43000030517578,40.13999938964844,40.275001525878906,22704400.0
2019-07-12,40.400001525878906,40.595001220703125,40.33000183105469,40.56999969482422,15506800.0
2019-07-15,40.68000030517578,40.755001068115234,40.59000015258789,40.70500183105469,12572000.0
2019-07-16,40.654998779296875,40.65999984741211,40.255001068115234,40.32500076293945,16011400.0
2019-07-17,40.400001525878906,40.4900016784668,40.21500015258789,40.220001220703125,13416000.0
2019-07-18,40.130001068115234,40.58000183105469,40.099998474121094,40.52000045776367,16044000.0
2019-07-19,40.92499923706055,40.939998626708984,40.29499816894531,40.345001220703125,23359400.0
2019-07-22,40.5,40.90999984741211,40.494998931884766,40.810001373291016,13849400.0
2019-07-23,41.04499816894531,41.07500076293945,40.72999954223633,41.03499984741211,11010800.0
2019-07-24,40.97999954223633,41.38999938964844,40.97999954223633,41.375,18514200.0
2019-07-25,41.28499984741211,41.28499984741211,40.98500061035156,41.20500183105469,19846800.0
2019-07-26,41.224998474121094,41.375,41.185001373291016,41.29499816894531,22240400.0
2019-07-29,41.314998626708984,41.34000015258789,40.95000076293945,41.27000045776367,16946400.0
2019-07-30,40.98500061035156,41.18000030517578,40.89500045776367,41.005001068115234,14728000.0
2019-07-31,41.224998474121094,41.27000045776367,39.959999084472656,40.3849983215332,33738600.0
2019-08-01,40.45500183105469,41.310001373291016,39.97999954223633,40.18000030517578,57666000.0
2019-08-02,39.85499954223633,39.869998931884766,39.165000915527344,39.525001525878906,44743800.0
2019-08-05,38.470001220703125,38.525001525878906,37.56999969482422,37.875,55653200.0
2019-08-06,38.3849983215332,38.64500045776367,38.064998626708984,38.505001068115234,38301600.0
2019-08-07,38.064998626708984,38.849998474121094,37.85499954223633,38.744998931884766,41164800.0
2019-08-08,39.05500030517578,39.70500183105469,38.95500183105469,39.69499969482422,31983200.0
2019-08-09,39.459999084472656,39.56999969482422,38.94499969482422,39.244998931884766,31145200.0
2019-08-12,38.974998474121094,39.119998931884766,38.54999923706055,38.72999954223633,21786800.0
2019-08-13,38.69499969482422,39.849998474121094,38.61000061035156,39.70000076293945,52085600.0
2019-08-14,38.970001220703125,39.14500045776367,38.380001068115234,38.47999954223633,47138600.0
2019-08-15,38.51499938964844,38.61000061035156,38.084999084472656,38.40999984741211,31324600.0
2019-08-16,38.80500030517578,39.220001220703125,38.75,39.13999938964844,21694000.0
2019-08-19,39.755001068115234,39.85499954223633,39.529998779296875,39.73500061035156,15756200.0
2019-08-20,39.685001373291016,39.8849983215332,39.51499938964844,39.53499984741211,16675400.0
2019-08-21,39.915000915527344,40.099998474121094,39.81999969482422,40.0,16802600.0
2019-08-22,40.10499954223633,40.19499969482422,39.54999923706055,39.904998779296875,15188200.0
2019-08-23,39.685001373291016,40.04999923706055,38.42499923706055,38.584999084472656,40797800.0
2019-08-26,39.060001373291016,39.1349983215332,38.79499816894531,39.119998931884766,20717000.0
2019-08-27,39.375,39.44499969482422,38.834999084472656,39.060001373291016,20066000.0
2019-08-28,38.849998474121094,39.15999984741211,38.56999969482422,39.095001220703125,14279000.0
2019-08-29,39.625,39.89500045776367,39.48500061035156,39.775001525878906,16241200.0
2019-08-30,40.03499984741211,40.084999084472656,39.47999954223633,39.76499938964844,20150800.0
2019-09-03,39.435001373291016,39.78499984741211,39.13999938964844,39.279998779296875,23675000.0
2019-09-04,39.70500183105469,39.970001220703125,39.665000915527344,39.95000076293945,15458800.0
2019-09-05,40.474998474121094,40.95000076293945,40.45500183105469,40.78499984741211,20086600.0
2019-09-06,40.875,40.89500045776367,40.63999938964844,40.75,18300200.0
2019-09-09,40.939998626708984,40.959999084472656,40.22999954223633,40.44499969482422,25221400.0
2019-09-10,40.2599983215332,40.2599983215332,39.78499984741211,40.2400016784668,19717000.0
2019-09-11,40.3650016784668,40.66999816894531,40.279998779296875,40.65999984741211,18818600.0
2019-09-12,40.90999984741211,41.209999084472656,40.709999084472656,40.880001068115234,25542000.0
2019-09-13,40.814998626708984,40.814998626708984,40.53499984741211,40.58000183105469,33067200.0
2019-09-16,40.244998931884766,40.56999969482422,40.20500183105469,40.47999954223633,15451800.0
2019-09-17,40.5099983215332,40.64500045776367,40.415000915527344,40.64500045776367,15402600.0
2019-09-18,40.58000183105469,40.66999816894531,40.09000015258789,40.63999938964844,17261400.0
2019-09-19,40.76499938964844,41.09000015258789,40.67499923706055,40.72999954223633,16387000.0
2019-09-20,40.73500061035156,40.755001068115234,40.025001525878906,40.130001068115234,30027200.0
2019-09-23,40.1349983215332,40.375,40.04999923706055,40.255001068115234,15648400.0
2019-09-24,40.52000045776367,40.67499923706055,39.69499969482422,39.8650016784668,35448200.0
2019-09-25,39.810001373291016,40.45000076293945,39.44499969482422,40.34000015258789,23913200.0
2019-09-26,40.32500076293945,40.525001525878906,40.06999969482422,40.3849983215332,18178600.0
2019-09-27,40.3849983215332,40.470001220703125,39.54499816894531,39.845001220703125,25564200.0
2019-09-30,40.01499938964844,40.36000061035156,39.959999084472656,40.26499938964844,22002800.0
2019-10-01,40.44499969482422,40.71500015258789,39.875,39.88999938964844,22044600.0
2019-10-02,39.625,39.6349983215332,38.845001220703125,39.13999938964844,39509600.0
2019-10-03,39.125,39.6349983215332,38.63999938964844,39.619998931884766,34944400.0
2019-10-04,39.900001525878906,40.32500076293945,39.86000061035156,40.275001525878906,21876800.0
2019-10-07,40.13999938964844,40.439998626708984,40.07500076293945,40.10499954223633,21238800.0
2019-10-08,39.845001220703125,39.96500015258789,39.3650016784668,39.369998931884766,28733600.0
2019-10-09,39.779998779296875,40.10499954223633,39.720001220703125,39.95500183105469,20503000.0
2019-10-10,39.915000915527344,40.38999938964844,39.8849983215332,40.22999954223633,18796200.0
2019-10-11,40.724998474121094,41.14500045776367,40.65999984741211,40.78499984741211,31941200.0
2019-10-14,40.744998931884766,40.93000030517578,40.7400016784668,40.7599983215332,11325600.0
2019-10-15,40.92499923706055,41.310001373291016,40.8849983215332,41.209999084472656,16205800.0
2019-10-16,40.98500061035156,41.005001068115234,40.775001525878906,40.92499923706055,20066000.0
2019-10-17,41.064998626708984,41.18000030517578,40.630001068115234,40.845001220703125,13731800.0
2019-10-18,40.78499984741211,40.845001220703125,40.20000076293945,40.45500183105469,17452600.0
2019-10-21,40.69499969482422,40.90999984741211,40.54999923706055,40.88999938964844,12678600.0
2019-10-22,40.970001220703125,41.1150016784668,40.310001373291016,40.34000015258789,18916000.0
2019-10-23,40.21500015258789,40.380001068115234,40.130001068115234,40.375,17617000.0
2019-10-24,40.80500030517578,41.0,40.654998779296875,40.96500015258789,14508200.0
2019-10-25,40.96500015258789,41.5099983215332,40.939998626708984,41.459999084472656,16305400.0
2019-10-28,41.82500076293945,42.005001068115234,41.80500030517578,41.98500061035156,14459800.0
2019-10-29,41.95000076293945,42.025001525878906,41.59000015258789,41.60499954223633,15520800.0
2019-10-30,41.72999954223633,41.90999984741211,41.45000076293945,41.86000061035156,25558600.0
2019-10-31,41.92499923706055,41.970001220703125,41.564998626708984,41.834999084472656,22461800.0
2019-11-01,41.974998474121094,42.334999084472656,41.90999984741211,42.334999084472656,19841200.0
2019-11-04,42.65999984741211,42.685001373291016,42.46500015258789,42.55500030517578,20363200.0
2019-11-05,42.67499923706055,42.689998626708984,42.36000061035156,42.505001068115234,15799600.0
2019-11-06,42.5,42.525001525878906,42.27000045776367,42.48500061035156,17077200.0
2019-11-07,42.77000045776367,43.060001373291016,42.70000076293945,42.81999969482422,28085000.0
2019-11-08,42.709999084472656,43.060001373291016,42.540000915527344,43.060001373291016,12573000.0
2019-11-11,42.814998626708984,43.13999938964844,42.7599983215332,43.08000183105469,8488000.0
2019-11-12,43.13999938964844,43.3849983215332,43.03499984741211,43.224998474121094,16562400.0
2019-11-13,43.05500030517578,43.36000061035156,43.04499816894531,43.31999969482422,15372200.0
2019-11-14,43.150001525878906,43.30500030517578,43.029998779296875,43.27000045776367,12182600.0
2019-11-15,43.57500076293945,43.619998931884766,43.439998626708984,43.619998931884766,14124800.0
2019-11-18,43.60499954223633,43.814998626708984,43.439998626708984,43.75,13022200.0
2019-11-19,43.92499923706055,43.96500015258789,43.67499923706055,43.834999084472656,14087400.0
2019-11-20,43.73500061035156,43.8650016784668,43.2400016784668,43.56999969482422,24759800.0
2019-11-21,43.48500061035156,43.53499984741211,43.2599983215332,43.349998474121094,18755400.0
2019-11-22,43.474998474121094,43.54499816894531,43.125,43.29499816894531,11780000.0
2019-11-25,43.4900016784668,43.92499923706055,43.474998474121094,43.92499923706055,14739800.0
2019-11-26,43.95000076293945,44.07500076293945,43.880001068115234,43.96500015258789,19454400.0
2019-11-27,44.099998474121094,44.209999084472656,43.970001220703125,44.209999084472656,18697000.0
2019-11-29,44.095001220703125,44.165000915527344,44.005001068115234,44.08000183105469,11360200.0
2019-12-02,44.099998474121094,44.099998474121094,43.2599983215332,43.45000076293945,23167600.0
2019-12-03,42.76499938964844,43.095001220703125,42.58000183105469,43.064998626708984,22494400.0
2019-12-04,43.345001220703125,43.380001068115234,43.17499923706055,43.2400016784668,13829000.0
2019-12-05,43.39500045776367,43.435001373291016,43.19499969482422,43.400001525878906,15620600.0
2019-12-06,43.72999954223633,43.91999816894531,43.69499969482422,43.880001068115234,18407000.0
2019-12-09,43.80500030517578,43.94499969482422,43.650001525878906,43.650001525878906,11370200.0
2019-12-10,43.720001220703125,43.915000915527344,43.57500076293945,43.685001373291016,12350800.0
2019-12-11,43.79999923706055,44.02000045776367,43.709999084472656,43.97999954223633,9879000.0
2019-12-12,43.85499954223633,44.51499938964844,43.75,44.45000076293945,24189400.0
2019-12-13,44.404998779296875,44.845001220703125,44.31999969482422,44.744998931884766,26256200.0
2019-12-16,45.084999084472656,45.29999923706055,45.07500076293945,45.14500045776367,19744600.0
2019-12-17,45.224998474121094,45.244998931884766,44.97999954223633,45.040000915527344,14919400.0
2019-12-18,45.095001220703125,45.209999084472656,45.02000045776367,45.03499984741211,12970200.0
2019-12-19,45.064998626708984,45.3650016784668,45.04999923706055,45.36000061035156,13724000.0
2019-12-20,45.47999954223633,45.529998779296875,45.36000061035156,45.474998474121094,23400800.0
2019-12-23,45.6150016784668,45.720001220703125,45.54999923706055,45.60499954223633,15530400.0
2019-12-24,45.685001373291016,45.685001373291016,45.51499938964844,45.619998931884766,4890800.0
2019-12-26,45.71500015258789,45.970001220703125,45.685001373291016,45.959999084472656,8269200.0
2019-12-27,46.14500045776367,46.14500045776367,45.84000015258789,45.95500183105469,19332200.0
2019-12-30,45.94499969482422,45.95000076293945,45.34000015258789,45.689998626708984,16491200.0
2019-12-31,45.53499984741211,45.8849983215332,45.474998474121094,45.834999084472656,11601800.0
2020-01-02,46.25,46.69499969482422,46.15999984741211,46.69499969482422,26567000.0
2020-01-03,46.01499938964844,46.4900016784668,46.0099983215332,46.16999816894531,30023600.0
2020-01-06,45.709999084472656,46.33000183105469,45.625,46.279998779296875,15630000.0
2020-01-07,46.36000061035156,46.4900016784668,46.189998626708984,46.2599983215332,15363600.0
2020-01-08,46.310001373291016,46.959999084472656,46.224998474121094,46.755001068115234,23254400.0
2020-01-09,47.185001373291016,47.314998626708984,46.94499969482422,47.28499984741211,15554800.0
2020-01-10,47.4900016784668,47.55500030517578,47.095001220703125,47.17499923706055,15330600.0
2020-01-13,47.38999938964844,47.81999969482422,47.3650016784668,47.76499938964844,15524400.0
2020-01-14,47.82500076293945,47.869998931884766,47.46500015258789,47.540000915527344,16134600.0
2020-01-15,47.56999969482422,47.82500076293945,47.435001373291016,47.595001220703125,14417000.0
2020-01-16,47.900001525878906,48.244998931884766,47.834999084472656,48.23500061035156,11543200.0
2020-01-17,48.459999084472656,48.60499954223633,48.20000076293945,48.560001373291016,21661000.0
2020-01-21,48.40999984741211,48.81999969482422,48.400001525878906,48.540000915527344,17975000.0
2020-01-22,48.845001220703125,49.05500030517578,48.67499923706055,48.71500015258789,15491600.0
2020-01-23,48.76499938964844,48.98500061035156,48.55500030517578,48.94499969482422,14956400.0
2020-01-24,49.30500030517578,49.415000915527344,48.54499816894531,48.71500015258789,23617400.0
2020-01-27,47.58000183105469,47.93000030517578,47.35499954223633,47.55500030517578,35574600.0
2020-01-28,47.970001220703125,48.595001220703125,47.869998931884766,48.46500015258789,31184400.0
2020-01-29,48.8650016784668,48.935001373291016,48.39500045776367,48.59000015258789,21126600.0
2020-01-30,48.56999969482422,49.05500030517578,48.275001525878906,49.0099983215332,19933600.0
2020-01-31,48.724998474121094,48.75,47.494998931884766,47.665000915527344,26964600.0
2020-02-03,47.720001220703125,48.415000915527344,47.665000915527344,48.29499816894531,25075600.0
2020-02-04,49.1349983215332,49.665000915527344,49.01499938964844,49.560001373291016,19097800.0
2020-02-05,50.375,50.400001525878906,49.4900016784668,49.849998474121094,32697000.0
2020-02-06,50.05500030517578,50.31999969482422,49.83000183105469,50.30500030517578,13505600.0
2020-02-07,50.06999969482422,50.26499938964844,49.744998931884766,49.845001220703125,16598000.0
2020-02-10,49.55500030517578,50.529998779296875,49.54499816894531,50.52000045776367,16347600.0
2020-02-11,50.904998779296875,50.95000076293945,50.20000076293945,50.349998474121094,15105800.0
2020-02-12,50.69499969482422,50.915000915527344,50.40999984741211,50.89500045776367,12152800.0
2020-02-13,50.494998931884766,51.025001525878906,50.41999816894531,50.7599983215332,14802800.0
2020-02-14,50.86000061035156,51.064998626708984,50.70000076293945,50.97999954223633,12392400.0
2020-02-18,50.56999969482422,50.900001525878906,50.51499938964844,50.790000915527344,20633200.0
2020-02-19,51.119998931884766,51.470001220703125,51.084999084472656,51.39500045776367,16615600.0
2020-02-20,51.28499984741211,51.40999984741211,50.165000915527344,50.86000061035156,26324600.0
2020-02-21,50.599998474121094,50.64500045776367,49.40999984741211,49.720001220703125,29899000.0
2020-02-24,47.334999084472656,48.35499954223633,46.900001525878906,47.665000915527344,42365200.0
2020-02-25,48.095001220703125,48.27000045776367,45.970001220703125,46.13999938964844,62934400.0
2020-02-26,46.314998626708984,47.35499954223633,46.0,46.349998474121094,55759600.0
2020-02-27,44.83000183105469,45.779998779296875,43.81999969482422,43.849998474121094,67825800.0
2020-02-28,42.10499954223633,44.60499954223633,42.029998779296875,44.185001373291016,111854400.0
2020-03-02,44.97999954223633,46.75,44.189998626708984,46.7400016784668,70008600.0
2020-03-03,47.005001068115234,47.33000183105469,44.4900016784668,44.96500015258789,94989200.0
2020-03-04,45.935001373291016,46.90999984741211,45.29999923706055,46.89500045776367,44727600.0
2020-03-05,45.64500045776367,46.51499938964844,45.119998931884766,45.415000915527344,49019000.0
2020-03-06,43.89500045776367,44.720001220703125,43.244998931884766,44.45500183105469,57631800.0
2020-03-09,40.790000915527344,43.0,40.75,41.08000183105469,59119800.0
2020-03-10,42.84000015258789,43.82500076293945,41.310001373291016,43.81999969482422,71164600.0
2020-03-11,42.64500045776367,42.90999984741211,41.154998779296875,41.75,63304200.0
2020-03-12,38.720001220703125,40.95000076293945,37.5,37.67499923706055,65490600.0
2020-03-13,40.04499816894531,42.189998626708984,38.150001525878906,42.095001220703125,65849600.0
2020-03-16,35.86000061035156,39.60499954223633,35.595001220703125,36.279998779296875,81244800.0
2020-03-17,37.1349983215332,39.220001220703125,35.970001220703125,38.75,100814600.0
2020-03-18,36.17499923706055,37.90999984741211,35.1349983215332,37.290000915527344,107412400.0
2020-03-19,36.94499969482422,38.69499969482422,36.060001373291016,37.42499923706055,123454200.0
2020-03-20,38.130001068115234,38.52000045776367,35.59000015258789,35.709999084472656,90444000.0
2020-03-23,35.345001220703125,36.11000061035156,34.04999923706055,35.20000076293945,84958400.0
2020-03-24,37.33000183105469,38.834999084472656,37.18000030517578,38.80500030517578,75329000.0
2020-03-25,39.099998474121094,40.54499816894531,38.0099983215332,38.755001068115234,57480800.0
2020-03-26,39.244998931884766,41.255001068115234,39.150001525878906,41.154998779296875,56425800.0
2020-03-27,39.880001068115234,40.630001068115234,39.125,39.29499816894531,58485400.0
2020-03-30,39.81999969482422,41.04499816894531,39.69499969482422,40.95000076293945,47480200.0
2020-03-31,40.85499954223633,41.59000015258789,39.974998474121094,40.185001373291016,39988800.0
2020-04-01,38.79499816894531,39.625,37.98500061035156,38.27000045776367,54984800.0
2020-04-02,38.1349983215332,39.21500015258789,37.97999954223633,39.165000915527344,44223600.0
2020-04-03,38.994998931884766,39.415000915527344,38.07500076293945,38.560001373291016,31572000.0
2020-04-06,40.255001068115234,42.125,40.0,41.849998474121094,35987200.0
2020-04-07,43.32500076293945,43.34000015258789,41.43000030517578,41.474998474121094,44298800.0
2020-04-08,42.02000045776367,42.76499938964844,41.625,42.59000015258789,27428600.0
2020-04-09,43.095001220703125,43.314998626708984,42.29999923706055,42.599998474121094,39259800.0
2020-04-13,42.43000030517578,42.755001068115234,41.82500076293945,42.69499969482422,25301600.0
2020-04-14,43.64500045776367,44.564998626708984,43.470001220703125,44.48500061035156,31779000.0
2020-04-15,43.599998474121094,43.869998931884766,43.189998626708984,43.51499938964844,25858200.0
2020-04-16,44.084999084472656,44.154998779296875,43.32500076293945,44.04499816894531,23667600.0
2020-04-17,44.82500076293945,44.834999084472656,43.98500061035156,44.630001068115234,28284800.0
2020-04-20,44.025001525878906,44.61000061035156,43.85499954223633,43.915000915527344,20407000.0
2020-04-21,43.29499816894531,43.400001525878906,41.81999969482422,42.07500076293945,32765000.0
2020-04-22,43.095001220703125,43.935001373291016,42.939998626708984,43.69499969482422,24032000.0
2020-04-23,43.79499816894531,44.290000915527344,43.36000061035156,43.39500045776367,21169600.0
2020-04-24,43.57500076293945,44.32500076293945,43.29499816894531,44.314998626708984,16885000.0
2020-04-27,44.71500015258789,44.845001220703125,44.42499923706055,44.69499969482422,15598600.0
2020-04-28,45.25,45.279998779296875,44.040000915527344,44.099998474121094,25267600.0
2020-04-29,45.040000915527344,46.06999969482422,44.880001068115234,45.90999984741211,22925800.0
2020-04-30,46.005001068115234,46.005001068115234,45.3650016784668,45.70500183105469,30861200.0
2020-05-01,44.70000076293945,45.32500076293945,44.279998779296875,44.45000076293945,23990200.0
2020-05-04,44.244998931884766,45.084999084472656,44.040000915527344,45.040000915527344,21458000.0
2020-05-05,45.55500030517578,46.2400016784668,45.474998474121094,45.65999984741211,17374600.0
2020-05-06,46.099998474121094,46.459999084472656,45.810001373291016,46.01499938964844,16941000.0
2020-05-07,46.63999938964844,46.970001220703125,46.56999969482422,46.70500183105469,21088800.0
2020-05-08,47.150001525878906,47.45500183105469,46.875,47.38999938964844,15221600.0
2020-05-11,47.064998626708984,47.98500061035156,46.970001220703125,47.70500183105469,20768800.0
2020-05-12,47.900001525878906,48.03499984741211,46.685001373291016,46.720001220703125,27042000.0
2020-05-13,46.744998931884766,47.10499954223633,45.310001373291016,45.915000915527344,33942200.0
2020-05-14,45.595001220703125,46.529998779296875,45.095001220703125,46.5,30475200.0
2020-05-15,45.76499938964844,46.744998931884766,45.6349983215332,46.73500061035156,28032800.0
2020-05-18,47.654998779296875,48.150001525878906,47.4900016784668,47.880001068115234,20033400.0
2020-05-19,47.900001525878906,48.44499969482422,47.685001373291016,47.70500183105469,20092800.0
2020-05-20,48.3650016784668,48.84000015258789,48.34000015258789,48.75,18192000.0
2020-05-21,48.70000076293945,48.845001220703125,48.04499816894531,48.06999969482422,20581600.0
2020-05-22,48.0,48.30500030517578,47.80500030517578,48.244998931884766,18489600.0
2020-05-26,49.209999084472656,49.244998931884766,48.154998779296875,48.19499969482422,26001400.0
2020-05-27,48.189998626708984,48.4900016784668,47.165000915527344,48.470001220703125,38856800.0
2020-05-28,48.290000915527344,49.2599983215332,48.255001068115234,48.375,21147400.0
2020-05-29,48.52000045776367,49.099998474121094,48.1150016784668,48.98500061035156,35555000.0
2020-06-01,48.755001068115234,49.07500076293945,48.540000915527344,48.970001220703125,26719400.0
2020-06-02,49.06999969482422,49.43000030517578,48.60499954223633,49.43000030517578,22415200.0
2020-06-03,49.630001068115234,49.974998474121094,49.415000915527344,49.814998626708984,22035800.0
2020-06-04,49.619998931884766,49.96500015258789,49.130001068115234,49.404998779296875,15138800.0
2020-06-05,49.755001068115234,50.849998474121094,49.66999816894531,50.70500183105469,20756400.0
2020-06-08,50.6150016784668,50.97999954223633,50.150001525878906,50.959999084472656,16130200.0
2020-06-09,50.70500183105469,51.45000076293945,50.65999984741211,51.20000076293945,14707800.0
2020-06-10,51.56999969482422,52.44499969482422,51.474998474121094,52.05500030517578,24389600.0
2020-06-11,51.150001525878906,51.224998474121094,49.05500030517578,49.06999969482422,39742000.0
2020-06-12,50.3849983215332,50.6349983215332,48.84000015258789,49.70500183105469,43287000.0
2020-06-15,48.79999923706055,50.40999984741211,48.63999938964844,50.185001373291016,29924000.0
2020-06-16,51.3849983215332,51.69499969482422,50.459999084472656,51.255001068115234,27935800.0
2020-06-17,51.54499816894531,51.72999954223633,51.15999984741211,51.244998931884766,17324200.0
2020-06-18,51.150001525878906,51.529998779296875,51.040000915527344,51.474998474121094,13717200.0
2020-06-19,52.095001220703125,52.154998779296875,50.875,51.119998931884766,31280000.0
2020-06-22,51.04499816894531,51.98500061035156,50.96500015258789,51.939998626708984,14738000.0
2020-06-23,52.404998779296875,52.915000915527344,52.2400016784668,52.314998626708984,19028000.0
2020-06-24,52.099998474121094,52.38999938964844,50.85499954223633,51.1349983215332,25425600.0
2020-06-25,51.209999084472656,51.845001220703125,50.654998779296875,51.790000915527344,20534400.0
2020-06-26,51.689998626708984,51.76499938964844,50.6150016784668,50.77000045776367,44275600.0
2020-06-29,50.76499938964844,51.33000183105469,50.154998779296875,51.32500076293945,18547200.0
2020-06-30,51.33000183105469,52.45500183105469,51.2599983215332,52.244998931884766,16500000.0
2020-07-01,52.279998779296875,52.6349983215332,52.040000915527344,52.33000183105469,21709200.0
2020-07-02,52.82500076293945,53.11000061035156,52.525001525878906,52.6349983215332,19144600.0
2020-07-06,53.314998626708984,53.80500030517578,53.28499984741211,53.55500030517578,16046200.0
2020-07-07,53.494998931884766,54.03499984741211,52.939998626708984,52.994998931884766,15863600.0
2020-07-08,53.415000915527344,53.8650016784668,53.130001068115234,53.86000061035156,13327000.0
2020-07-09,54.29999923706055,54.310001373291016,53.279998779296875,54.05500030517578,17767800.0
2020-07-10,53.93000030517578,54.064998626708984,53.400001525878906,54.040000915527344,14724600.0
2020-07-13,54.5,54.86000061035156,52.78499984741211,52.91999816894531,28910400.0
2020-07-14,52.5,53.60499954223633,51.939998626708984,53.529998779296875,30053200.0
2020-07-15,54.02000045776367,54.28499984741211,53.189998626708984,53.81999969482422,23779200.0
2020-07-16,53.244998931884766,53.39500045776367,52.744998931884766,53.154998779296875,17180600.0
2020-07-17,53.470001220703125,53.564998626708984,52.92499923706055,53.415000915527344,12710400.0
2020-07-20,53.564998626708984,54.90999984741211,53.26499938964844,54.779998779296875,17018400.0
2020-07-21,55.16999816894531,55.189998626708984,54.029998779296875,54.22999954223633,18794800.0
2020-07-22,54.279998779296875,54.834999084472656,54.23500061035156,54.665000915527344,15028000.0
2020-07-23,54.375,54.73500061035156,53.005001068115234,53.244998931884766,23349600.0
2020-07-24,52.35499954223633,52.94499969482422,51.73500061035156,52.599998474121094,22911600.0
2020-07-27,52.91999816894531,53.48500061035156,52.814998626708984,53.43000030517578,16908000.0
2020-07-28,53.26499938964844,53.43000030517578,52.76499938964844,52.80500030517578,17825400.0
2020-07-29,53.005001068115234,53.71500015258789,53.005001068115234,53.56999969482422,13187000.0
2020-07-30,53.084999084472656,53.904998779296875,52.79999923706055,53.869998931884766,21556800.0
2020-07-31,54.720001220703125,55.23500061035156,53.83000183105469,55.21500015258789,25185800.0
2020-08-03,55.96500015258789,56.755001068115234,55.939998626708984,56.57500076293945,24327000.0
2020-08-04,56.45500183105469,56.724998474121094,56.209999084472656,56.720001220703125,17971600.0
2020-08-05,56.900001525878906,57.060001373291016,56.64500045776367,56.93000030517578,12960200.0
2020-08-06,56.8849983215332,57.78499984741211,56.7599983215332,57.72999954223633,16399400.0
2020-08-07,57.5,57.505001068115234,56.41999816894531,56.869998931884766,27476200.0
2020-08-10,56.97999954223633,57.07500076293945,55.94499969482422,56.709999084472656,16481200.0
2020-08-11,56.525001525878906,56.76499938964844,55.57500076293945,55.689998626708984,18844400.0
2020-08-12,56.13999938964844,57.10499954223633,56.06999969482422,56.95500183105469,14196800.0
2020-08-13,57.03499984741211,57.45500183105469,56.775001525878906,56.97999954223633,11453600.0
2020-08-14,57.005001068115234,57.10499954223633,56.625,56.939998626708984,8334200.0
2020-08-17,57.28499984741211,57.45000076293945,57.21500015258789,57.31999969482422,8174600.0
2020-08-18,57.43000030517578,57.689998626708984,57.04999923706055,57.53499984741211,8930000.0
2020-08-19,57.68000030517578,57.935001373291016,57.369998931884766,57.46500015258789,14239400.0
2020-08-20,57.25,58.345001220703125,57.189998626708984,58.22999954223633,12803000.0
2020-08-21,58.28499984741211,59.03499984741211,58.255001068115234,58.970001220703125,15288600.0
2020-08-24,59.81999969482422,59.84000015258789,58.98500061035156,59.47999954223633,16440600.0
2020-08-25,59.345001220703125,59.80500030517578,59.255001068115234,59.779998779296875,18628200.0
2020-08-26,60.404998779296875,61.154998779296875,60.27000045776367,60.994998931884766,16463000.0
2020-08-27,61.25,61.529998779296875,60.494998931884766,61.04499816894531,18174200.0
2020-08-28,61.28499984741211,61.779998779296875,61.20500183105469,61.58000183105469,13092600.0
2020-08-31,61.82500076293945,62.17499923706055,61.439998626708984,61.775001525878906,19040000.0
2020-09-01,62.33000183105469,63.03499984741211,61.939998626708984,62.95500183105469,25612600.0
2020-09-02,63.85499954223633,63.86000061035156,62.404998779296875,63.51499938964844,40395000.0
2020-09-03,62.5,62.54999923706055,59.400001525878906,59.89500045776367,54162000.0
2020-09-04,59.560001373291016,60.40999984741211,56.525001525878906,59.060001373291016,62544200.0
2020-09-08,56.814998626708984,58.165000915527344,56.290000915527344,56.38999938964844,47860400.0
2020-09-09,57.76499938964844,58.79999923706055,57.1349983215332,58.22999954223633,36783800.0
2020-09-10,59.029998779296875,59.119998931884766,56.56999969482422,56.915000915527344,32109800.0
2020-09-11,57.45000076293945,57.66999816894531,55.7599983215332,56.47999954223633,37166400.0
2020-09-14,57.41999816894531,57.974998474121094,57.150001525878906,57.665000915527344,24730200.0
2020-09-15,58.54499816894531,58.650001525878906,57.845001220703125,58.23500061035156,18260400.0
2020-09-16,58.494998931884766,58.57500076293945,57.279998779296875,57.334999084472656,19637000.0
2020-09-17,55.994998931884766,57.255001068115234,55.904998779296875,56.86000061035156,30403600.0
2020-09-18,56.95500183105469,57.05500030517578,55.189998626708984,55.880001068115234,41837600.0
2020-09-21,54.75,56.244998931884766,54.55500030517578,56.220001220703125,38381800.0
2020-09-22,56.85499954223633,57.255001068115234,55.88999938964844,57.11000061035156,25537400.0
2020-09-23,57.13999938964844,57.19499969482422,55.15999984741211,55.33000183105469,23707800.0
2020-09-24,54.814998626708984,56.33000183105469,54.744998931884766,55.63999938964844,31838600.0
2020-09-25,55.66999816894531,57.13999938964844,55.31999969482422,56.970001220703125,19326600.0
2020-09-28,57.915000915527344,58.064998626708984,57.435001373291016,58.060001373291016,17473200.0
2020-09-29,57.98500061035156,58.22999954223633,57.7400016784668,57.8650016784668,20851000.0
2020-09-30,57.834999084472656,58.94499969482422,57.810001373291016,58.349998474121094,22318400.0
2020-10-01,59.15999984741211,59.2400016784668,58.59000015258789,58.96500015258789,27076400.0
2020-10-02,57.51499938964844,58.470001220703125,57.2400016784668,57.470001220703125,37251600.0
2020-10-05,57.880001068115234,58.76499938964844,57.845001220703125,58.72999954223633,12270600.0
2020-10-06,58.59000015258789,59.14500045776367,57.6150016784668,57.81999969482422,26862200.0
2020-10-07,58.42499923706055,58.994998931884766,58.380001068115234,58.880001068115234,12992400.0
2020-10-08,59.39500045776367,59.39500045776367,58.98500061035156,59.185001373291016,10109600.0
2020-10-09,59.46500015258789,60.10499954223633,59.45000076293945,60.09000015258789,14425400.0
2020-10-12,60.974998474121094,62.1349983215332,60.66999816894531,61.72999954223633,19163800.0
2020-10-13,61.93000030517578,62.040000915527344,61.099998474121094,61.334999084472656,17613800.0
2020-10-14,61.48500061035156,61.810001373291016,60.55500030517578,61.0099983215332,14534000.0
2020-10-15,60.0,60.85499954223633,59.84000015258789,60.73500061035156,13185000.0
2020-10-16,61.06999969482422,61.314998626708984,60.505001068115234,60.560001373291016,11544200.0
2020-10-19,60.8650016784668,61.095001220703125,59.26499938964844,59.45000076293945,16616400.0
2020-10-20,59.67499923706055,60.28499984741211,59.290000915527344,59.654998779296875,14566600.0
2020-10-21,59.5099983215332,60.1349983215332,59.43000030517578,59.564998626708984,12171800.0
2020-10-22,59.59000015258789,59.78499984741211,58.60499954223633,59.28499984741211,13486400.0
2020-10-23,59.369998931884766,59.380001068115234,58.724998474121094,59.220001220703125,10312800.0
2020-10-26,58.564998626708984,59.03499984741211,57.21500015258789,57.935001373291016,18189200.0
2020-10-27,58.21500015258789,58.470001220703125,57.89500045776367,58.224998474121094,19064800.0
2020-10-28,57.119998931884766,57.154998779296875,55.65999984741211,55.755001068115234,32756600.0
2020-10-29,55.970001220703125,57.34000015258789,55.935001373291016,56.685001373291016,19409000.0
2020-10-30,55.88999938964844,56.2400016784668,54.78499984741211,55.43000030517578,25848600.0
2020-11-02,55.85499954223633,56.310001373291016,55.040000915527344,55.56999969482422,24039800.0
2020-11-03,56.005001068115234,57.04999923706055,55.775001525878906,56.54999923706055,20970200.0
2020-11-04,58.27000045776367,59.189998626708984,57.685001373291016,58.75,30763800.0
2020-11-05,60.29499816894531,60.75,60.04499816894531,60.57500076293945,22189800.0
2020-11-06,60.43000030517578,60.98500061035156,59.60499954223633,60.790000915527344,19455200.0
2020-11-09,62.08000183105469,62.68000030517578,60.29499816894531,60.349998474121094,39768200.0
2020-11-10,59.82500076293945,60.244998931884766,58.744998931884766,59.224998474121094,23538400.0
2020-11-11,59.82500076293945,60.79499816894531,59.70500183105469,60.630001068115234,14488600.0
2020-11-12,60.630001068115234,60.93000030517578,59.810001373291016,60.09000015258789,14352800.0
2020-11-13,60.54499816894531,60.724998474121094,59.974998474121094,60.599998474121094,11851600.0
2020-11-16,60.60499954223633,61.29499816894531,60.47999954223633,61.185001373291016,14864200.0
2020-11-17,60.880001068115234,61.17499923706055,60.584999084472656,60.845001220703125,9939400.0
2020-11-18,60.7400016784668,61.029998779296875,60.16999816894531,60.19499969482422,9542800.0
2020-11-19,60.07500076293945,60.790000915527344,59.810001373291016,60.68000030517578,12155200.0
2020-11-20,60.73500061035156,60.75,60.03499984741211,60.05500030517578,9915800.0
2020-11-23,60.2400016784668,60.6349983215332,59.52000045776367,60.040000915527344,9807000.0
2020-11-24,60.27000045776367,60.994998931884766,59.834999084472656,60.875,13634000.0
2020-11-25,61.084999084472656,61.2599983215332,60.775001525878906,61.005001068115234,12186400.0
2020-11-27,61.33000183105469,61.59000015258789,61.21500015258789,61.33000183105469,7025800.0
2020-11-30,61.310001373291016,61.83000183105469,60.6150016784668,61.7400016784668,32229200.0
2020-12-01,62.25,62.875,61.9900016784668,62.529998779296875,22681200.0
2020-12-02,62.26499938964844,62.505001068115234,61.79499816894531,62.435001373291016,16038800.0
2020-12-03,62.505001068115234,62.814998626708984,62.22999954223633,62.39500045776367,13775400.0
2020-12-04,62.48500061035156,63.029998779296875,62.349998474121094,63.02000045776367,10358800.0
2020-12-07,63.05500030517578,63.3849983215332,62.94499969482422,63.20000076293945,8905400.0
2020-12-08,63.13999938964844,63.60499954223633,62.869998931884766,63.404998779296875,7886800.0
2020-12-09,63.3650016784668,63.55500030517578,61.974998474121094,62.189998626708984,17271800.0
2020-12-10,61.810001373291016,62.57500076293945,61.665000915527344,62.279998779296875,9997400.0
2020-12-11,61.904998779296875,62.150001525878906,61.45000076293945,62.150001525878906,13023200.0
2020-12-14,62.34000015258789,62.935001373291016,62.29999923706055,62.375,11055800.0
2020-12-15,63.04999923706055,63.415000915527344,62.64500045776367,63.415000915527344,9099200.0
2020-12-16,63.5,64.06999969482422,63.290000915527344,63.845001220703125,10309200.0
2020-12-17,64.30999755859375,64.48999786376953,64.04499816894531,64.3499984741211,11505000.0
2020-12-18,64.44499969482422,64.45500183105469,63.71500015258789,64.125,17693400.0
2020-12-21,63.165000915527344,64.06999969482422,62.599998474121094,64.04000091552734,15232200.0
2020-12-22,64.3949966430664,64.88500213623047,64.0999984741211,64.59500122070312,14334200.0
2020-12-23,64.66999816894531,64.71499633789062,64.01000213623047,64.1050033569336,11300800.0
2020-12-24,64.21499633789062,64.69000244140625,64.16999816894531,64.52999877929688,4384600.0
2020-12-28,65.16999816894531,65.38999938964844,64.86499786376953,65.26000213623047,8171000.0
2020-12-29,65.61499786376953,65.69999694824219,64.83499908447266,64.94999694824219,8841400.0
2020-12-30,65.17500305175781,65.30999755859375,64.81999969482422,64.91500091552734,8141400.0
2020-12-31,64.94499969482422,65.19499969482422,64.48500061035156,65.01000213623047,11058400.0
2021-01-04,65.33999633789062,65.3550033569336,63.119998931884766,63.95000076293945,21017200.0
2021-01-05,63.80500030517578,64.47000122070312,63.76499938964844,64.36499786376953,12361400.0
2021-01-06,63.44499969482422,64.48999786376953,63.060001373291016,63.255001068115234,27258000.0
2021-01-07,63.8650016784668,65.08499908447266,63.84000015258789,64.95999908447266,19652000.0
2021-01-08,65.27999877929688,65.55500030517578,64.63999938964844,65.37999725341797,12387600.0
2021-01-11,64.74500274658203,65.30000305175781,64.56999969482422,64.83999633789062,17853200.0
2021-01-12,64.76000213623047,64.84500122070312,63.915000915527344,64.52999877929688,17089200.0
2021-01-13,64.61499786376953,65.13999938964844,64.48999786376953,64.94000244140625,13605200.0
2021-01-14,65.0999984741211,65.23500061035156,64.2750015258789,64.37000274658203,15624800.0
2021-01-15,64.2750015258789,64.55999755859375,63.58000183105469,63.709999084472656,12641200.0
2021-01-19,64.1500015258789,64.6500015258789,63.92499923706055,64.54000091552734,11569600.0
2021-01-20,65.03500366210938,66.05000305175781,64.94499969482422,65.81999969482422,11770000.0
2021-01-21,66.17500305175781,66.88999938964844,65.81999969482422,66.66999816894531,8945200.0
2021-01-22,66.38999938964844,66.75,66.25499725341797,66.41500091552734,11243600.0
2021-01-25,67.16500091552734,67.3949966430664,65.3499984741211,66.97000122070312,18205200.0
2021-01-26,67.20500183105469,67.30999755859375,66.76000213623047,67.01499938964844,8593400.0
2021-01-27,66.69499969482422,66.91000366210938,65.15499877929688,65.75,24484600.0
2021-01-28,66.08499908447266,67.12000274658203,65.86000061035156,66.0199966430664,16181600.0
2021-01-29,65.69000244140625,65.94999694824219,64.11499786376953,64.46499633789062,19023200.0
2021-02-01,65.2300033569336,66.4000015258789,64.75,66.08000183105469,11232600.0
2021-02-02,66.72000122070312,67.16999816894531,66.625,66.9749984741211,8595000.0
2021-02-03,67.11000061035156,67.25,66.54499816894531,66.74500274658203,11574800.0
2021-02-04,67.1050033569336,67.80999755859375,66.91000366210938,67.80999755859375,8134200.0
2021-02-05,68.01499938964844,68.0250015258789,67.46499633789062,67.66000366210938,9413800.0
2021-02-08,67.93499755859375,68.4000015258789,67.83999633789062,68.37000274658203,11713200.0
2021-02-09,68.19000244140625,68.61499786376953,68.16999816894531,68.29000091552734,10552200.0
2021-02-10,68.56500244140625,68.6500015258789,67.61000061035156,68.19000244140625,9464400.0
2021-02-11,68.6500015258789,68.98500061035156,68.38500213623047,68.94000244140625,7565800.0
2021-02-12,68.76000213623047,69.33999633789062,68.56999969482422,69.29499816894531,6755600.0
2021-02-16,69.56999969482422,69.62000274658203,68.88999938964844,69.06999969482422,9722200.0
2021-02-17,68.43499755859375,68.61000061035156,67.7699966430664,68.45999908447266,15274800.0
2021-02-18,67.75,68.23999786376953,67.26499938964844,68.125,10954800.0
2021-02-19,68.4749984741211,68.53500366210938,67.72000122070312,68.0250015258789,11685600.0
2021-02-22,67.19000244140625,67.41000366210938,66.48500061035156,66.5250015258789,14262600.0
2021-02-23,65.41999816894531,66.75,64.30500030517578,66.33999633789062,24198400.0
2021-02-24,65.84500122070312,67.41500091552734,65.33999633789062,67.3550033569336,16472200.0
2021-02-25,66.75499725341797,67.19999694824219,64.70999908447266,65.0,34313800.0
2021-02-26,65.6449966430664,66.3499984741211,64.76499938964844,65.34500122070312,35511600.0
2021-03-01,66.45500183105469,67.48999786376953,66.03500366210938,67.44999694824219,24773800.0
2021-03-02,67.54499816894531,67.58999633789062,66.28500366210938,66.37999725341797,24802800.0
2021-03-03,66.05999755859375,66.25,64.63999938964844,64.70999908447266,29889600.0
2021-03-04,64.51000213623047,64.9800033569336,62.47999954223633,63.279998779296875,76955600.0
2021-03-05,64.06999969482422,64.65499877929688,62.35499954223633,64.4749984741211,46085800.0
2021-03-08,64.41500091552734,64.7249984741211,62.849998474121094,62.915000915527344,35242400.0
2021-03-09,64.38500213623047,65.45500183105469,64.30000305175781,65.05500030517578,22987200.0
2021-03-10,65.75499725341797,65.76499938964844,64.74500274658203,64.79499816894531,18459000.0
2021-03-11,65.7699966430664,66.58999633789062,65.62999725341797,66.18000030517578,13362800.0
2021-03-12,65.38999938964844,65.7249984741211,64.97000122070312,65.70500183105469,12442200.0
2021-03-15,65.75499725341797,66.44499969482422,65.49500274658203,66.40499877929688,16585000.0
2021-03-16,66.91500091552734,67.54499816894531,66.62000274658203,66.90499877929688,13106800.0
2021-03-17,66.36499786376953,67.25,65.86000061035156,66.8499984741211,19366400.0
2021-03-18,65.93499755859375,66.05000305175781,64.91500091552734,64.99500274658203,17584800.0
2021-03-19,65.01000213623047,65.29499816894531,64.48999786376953,64.80000305175781,27224800.0
2021-03-22,65.01000213623047,66.25499725341797,64.90499877929688,65.93499755859375,15984200.0
2021-03-23,66.11499786376953,66.40499877929688,65.3499984741211,65.5250015258789,12929200.0
2021-03-24,65.91999816894531,65.93000030517578,64.72000122070312,64.7300033569336,14209400.0
2021-03-25,64.34500122070312,64.9800033569336,63.86000061035156,64.69000244140625,22573000.0
2021-03-26,64.65499877929688,66.40499877929688,64.62999725341797,66.33499908447266,14883200.0
2021-03-29,66.13500213623047,66.31999969482422,65.48999786376953,65.98999786376953,17317800.0
2021-03-30,65.5250015258789,65.59500122070312,64.97000122070312,65.36499786376953,13235400.0
2021-03-31,65.86499786376953,66.80999755859375,65.80999755859375,66.40499877929688,15430400.0
2021-04-01,67.12999725341797,67.74500274658203,67.06500244140625,67.73999786376953,14351600.0
2021-04-05,68.13500213623047,69.26000213623047,68.04499816894531,69.13999938964844,12866800.0
2021-04-06,69.02999877929688,69.25499725341797,68.61499786376953,68.84500122070312,11315600.0
2021-04-07,68.79000091552734,69.33499908447266,68.54000091552734,69.20999908447266,10085200.0
2021-04-08,69.86000061035156,70.2249984741211,69.73999786376953,70.20999908447266,14144600.0
2021-04-09,69.95500183105469,70.90499877929688,69.83000183105469,70.88500213623047,9401000.0
2021-04-12,70.59500122070312,70.7699966430664,70.19999694824219,70.54499816894531,15907000.0
2021-04-13,70.81500244140625,71.26499938964844,70.68499755859375,71.20999908447266,11315800.0
2021-04-14,71.19999694824219,71.23500061035156,70.31999969482422,70.45500183105469,11216200.0
2021-04-15,71.0999984741211,71.72000122070312,71.08999633789062,71.66500091552734,11028800.0
2021-04-16,71.72000122070312,71.78500366210938,71.3499984741211,71.6500015258789,11695600.0
2021-04-19,71.33000183105469,71.66000366210938,70.62999725341797,71.05500030517578,10254000.0
2021-04-20,70.90499877929688,71.21499633789062,70.02999877929688,70.42500305175781,9873400.0
2021-04-21,70.30000305175781,71.16000366210938,70.1050033569336,71.13500213623047,9254200.0
2021-04-22,71.01000213623047,71.31500244140625,69.98999786376953,70.30000305175781,11652200.0
2021-04-23,70.43000030517578,71.57499694824219,70.41500091552734,71.3499984741211,8886000.0
2021-04-26,71.375,71.79000091552734,71.32499694824219,71.71499633789062,7735000.0
2021-04-27,71.83000183105469,71.88500213623047,71.28500366210938,71.54000091552734,10822000.0
2021-04-28,71.125,71.22000122070312,70.70500183105469,70.875,10691200.0
2021-04-29,71.45500183105469,71.54499816894531,70.09500122070312,70.81500244140625,13416600.0
2021-04-30,70.09500122070312,70.4749984741211,69.68499755859375,69.8499984741211,10583400.0
2021-05-03,70.2249984741211,70.36499786376953,69.4800033569336,69.65499877929688,10805800.0
2021-05-04,69.13500213623047,69.15499877929688,67.6449966430664,68.40499877929688,19919600.0
2021-05-05,68.96499633789062,68.99500274658203,68.11000061035156,68.23999786376953,11245800.0
2021-05-06,68.20999908447266,68.96499633789062,67.72000122070312,68.92500305175781,14338600.0
2021-05-07,69.61499786376953,69.92500305175781,69.21499633789062,69.51499938964844,19196600.0
2021-05-10,69.18000030517578,69.21499633789062,67.73500061035156,67.76000213623047,20281000.0
2021-05-11,66.46499633789062,67.69499969482422,66.30500030517578,67.55500030517578,27046800.0
2021-05-12,66.55999755859375,66.92500305175781,65.4800033569336,65.65499877929688,29414600.0
2021-05-13,66.375,67.125,66.08000183105469,66.5250015258789,22610400.0
2021-05-14,67.2699966430664,68.2249984741211,67.13999938964844,67.98999786376953,16823000.0
2021-05-17,67.58999633789062,67.61000061035156,66.875,67.48999786376953,16267200.0
2021-05-18,67.68499755859375,67.82499694824219,66.90499877929688,66.94999694824219,11737200.0
2021-05-19,65.91000366210938,67.23500061035156,65.75,67.18499755859375,30581200.0
2021-05-20,67.45500183105469,68.69999694824219,67.44499969482422,68.47000122070312,16828200.0
2021-05-21,68.81999969482422,68.88500213623047,68.03500366210938,68.09500122070312,14148400.0
2021-05-24,68.66000366210938,69.54499816894531,68.625,69.30500030517578,13229000.0
2021-05-25,69.58499908447266,69.74500274658203,69.16999816894531,69.32499694824219,11245800.0
2021-05-26,69.42500305175781,69.625,69.09500122070312,69.31999969482422,13311400.0
2021-05-27,69.26000213623047,69.54499816894531,68.94000244140625,68.95500183105469,11354600.0
2021-05-28,69.30500030517578,69.5999984741211,69.16500091552734,69.19999694824219,9222600.0
2021-06-01,69.51000213623047,69.58499908447266,68.73500061035156,68.86000061035156,12907400.0
2021-06-02,69.0,69.61499786376953,68.87000274658203,69.33499908447266,10098200.0
2021-06-03,68.7750015258789,69.05000305175781,68.2699966430664,68.69000244140625,12721200.0
2021-06-04,69.11000061035156,70.08999633789062,69.11000061035156,70.01000213623047,11182600.0
2021-06-07,69.94999694824219,70.07499694824219,69.65499877929688,69.99500274658203,11784000.0
2021-06-08,70.33000183105469,70.625,69.80500030517578,70.0,8902600.0
2021-06-09,70.33999633789062,70.45999908447266,70.01000213623047,70.05000305175781,9763400.0
2021-06-10,70.19499969482422,70.73999786376953,69.94499969482422,70.56500244140625,11275400.0
2021-06-11,70.65499877929688,70.98500061035156,70.58999633789062,70.98500061035156,12100600.0
2021-06-14,71.05500030517578,71.70999908447266,70.76499938964844,71.70500183105469,11426600.0
2021-06-15,71.6500015258789,71.6500015258789,71.13500213623047,71.26499938964844,15079600.0
2021-06-16,71.4000015258789,71.53500366210938,70.18499755859375,70.87999725341797,19202800.0
2021-06-17,70.67500305175781,71.99500274658203,70.67500305175781,71.69999694824219,15864200.0
2021-06-18,71.3550033569336,71.63500213623047,70.95999908447266,71.04499816894531,20816600.0
2021-06-21,70.94499969482422,71.71499633789062,70.48500061035156,71.67500305175781,12276000.0
2021-06-22,71.62999725341797,72.36499786376953,71.55000305175781,72.32499694824219,9253200.0
2021-06-23,72.33499908447266,72.5,72.08499908447266,72.24500274658203,8271000.0
2021-06-24,72.70999908447266,72.91999816894531,72.55500030517578,72.69999694824219,12279000.0
2021-06-25,72.76499938964844,72.81999969482422,72.49500274658203,72.61499786376953,14385800.0
2021-06-28,72.91500091552734,73.45999908447266,72.9000015258789,73.375,12557400.0
2021-06-29,73.41500091552734,73.94499969482422,73.24500274658203,73.91000366210938,9829200.0
2021-06-30,73.79499816894531,74.01000213623047,73.5999984741211,73.83000183105469,11013600.0
2021-07-01,73.7300033569336,73.95500183105469,73.45500183105469,73.95500183105469,11636600.0
2021-07-02,74.30999755859375,75.00499725341797,74.29000091552734,74.93000030517578,12780000.0
2021-07-06,75.08999633789062,75.56999969482422,74.49500274658203,75.21499633789062,11870600.0
2021-07-07,75.69499969482422,75.77999877929688,75.0199966430664,75.625,14883800.0
2021-07-08,74.43499755859375,75.12000274658203,74.0999984741211,74.91000366210938,17086200.0
2021-07-09,74.81999969482422,75.66999816894531,74.70999908447266,75.5999984741211,9775800.0
2021-07-12,75.9000015258789,75.93499755859375,75.41500091552734,75.66000366210938,9619600.0
2021-07-13,75.52999877929688,76.5199966430664,75.46499633789062,75.97000122070312,15202800.0
2021-07-14,76.58000183105469,76.91999816894531,76.19499969482422,76.52999877929688,12886800.0
2021-07-15,76.44000244140625,76.5,75.49500274658203,75.9000015258789,12506200.0
2021-07-16,76.05000305175781,76.41000366210938,75.07499694824219,75.1500015258789,15080400.0
2021-07-19,74.25499725341797,74.45999908447266,73.68499755859375,74.11499786376953,24254000.0
2021-07-20,74.48500061035156,75.62999725341797,74.05500030517578,75.21499633789062,14715600.0
2021-07-21,75.18499755859375,75.95500183105469,75.04499816894531,75.94000244140625,12234000.0
2021-07-22,76.0999984741211,76.55999755859375,76.0999984741211,76.5,9577800.0
2021-07-23,76.83999633789062,77.30000305175781,76.56500244140625,77.26000213623047,12576200.0
2021-07-26,77.06500244140625,77.36000061035156,76.7750015258789,77.22000122070312,8993400.0
2021-07-27,77.125,77.1500015258789,75.5250015258789,76.48999786376953,18089800.0
2021-07-28,76.51499938964844,76.80000305175781,75.66500091552734,76.3949966430664,13941200.0
2021-07-29,76.31500244140625,77.01000213623047,76.30500030517578,76.75,12030600.0
2021-07-30,76.26000213623047,76.77999877929688,76.23999786376953,76.69999694824219,10148800.0
2021-08-02,77.04499816894531,77.1500015258789,76.31999969482422,76.42500305175781,12205200.0
2021-08-03,76.56500244140625,76.95500183105469,75.94499969482422,76.91500091552734,10824800.0
2021-08-04,76.8550033569336,77.26000213623047,76.61000061035156,77.06999969482422,11322800.0
2021-08-05,77.20999908447266,77.5199966430664,76.9800033569336,77.49500274658203,6674600.0
2021-08-06,77.2249984741211,77.5199966430664,77.20500183105469,77.43000030517578,7602800.0
2021-08-09,77.5199966430664,77.66000366210938,77.1050033569336,77.18000030517578,7198200.0
2021-08-10,77.31999969482422,77.38999938964844,76.40499877929688,76.625,10421400.0
2021-08-11,76.88999938964844,77.02999877929688,76.24500274658203,76.63500213623047,10831600.0
2021-08-12,76.55500030517578,77.12000274658203,76.23999786376953,77.07499694824219,6947800.0
2021-08-13,77.125,77.51499938964844,77.04000091552734,77.49500274658203,5630800.0
2021-08-16,77.30999755859375,77.8550033569336,76.65499877929688,77.84500122070312,9493800.0
2021-08-17,77.37000274658203,77.49500274658203,76.72000122070312,77.19999694824219,19052600.0
2021-08-18,77.0199966430664,77.36499786376953,76.05000305175781,76.13500213623047,13481200.0
2021-08-19,75.71499633789062,77.16500091552734,75.6050033569336,76.87999725341797,19291000.0
2021-08-20,77.16999816894531,77.94000244140625,76.98500061035156,77.87000274658203,14769400.0
2021-08-23,78.07499694824219,78.98500061035156,78.06999969482422,78.875,10802400.0
2021-08-24,78.9749984741211,79.06500244140625,78.71499633789062,78.78500366210938,9537000.0
2021-08-25,78.97000122070312,79.18000030517578,78.61000061035156,78.73999786376953,9430400.0
2021-08-26,78.6449966430664,78.80500030517578,78.18000030517578,78.24500274658203,12056600.0
2021-08-27,78.31500244140625,79.05500030517578,78.18000030517578,79.0,14088800.0
2021-08-30,79.23500061035156,79.94499969482422,79.23500061035156,79.8499984741211,10026800.0
2021-08-31,79.9000015258789,79.92500305175781,79.27999877929688,79.43000030517578,21971000.0
2021-09-01,79.70500183105469,80.06500244140625,79.38500213623047,79.44999694824219,20289800.0
2021-09-02,79.74500274658203,79.8499984741211,79.04499816894531,79.36499786376953,21769600.0
2021-09-03,79.2699966430664,79.88999938964844,79.24500274658203,79.68000030517578,21204800.0
2021-09-07,79.7750015258789,79.87000274658203,79.32499694824219,79.69999694824219,19721800.0
2021-09-08,79.69000244140625,79.71499633789062,78.83000183105469,79.3949966430664,11466400.0
2021-09-09,79.44999694824219,79.7249984741211,79.02999877929688,79.09500122070312,11161000.0
2021-09-10,79.53500366210938,79.7300033569336,78.23500061035156,78.31500244140625,17080200.0
2021-09-13,78.91000366210938,79.11499786376953,77.82499694824219,78.33999633789062,22637800.0
2021-09-14,78.67500305175781,78.83499908447266,78.02999877929688,78.23999786376953,18431600.0
2021-09-15,78.50499725341797,78.98999786376953,78.06500244140625,78.92500305175781,16339200.0
2021-09-16,78.6449966430664,79.05000305175781,78.16000366210938,78.97000122070312,16148600.0
2021-09-17,78.76499938964844,78.7699966430664,77.625,77.73999786376953,22663000.0
2021-09-20,76.46499633789062,76.8550033569336,75.17500305175781,76.19000244140625,35669400.0
2021-09-21,76.65499877929688,76.84500122070312,75.92500305175781,76.22000122070312,18455000.0
2021-09-22,76.63500213623047,77.56500244140625,76.29499816894531,77.26499938964844,27990600.0
2021-09-23,77.66500091552734,78.48500061035156,77.42500305175781,78.30000305175781,19534000.0
2021-09-24,77.82499694824219,78.48500061035156,77.79000091552734,78.3550033569336,11652400.0
2021-09-27,77.69499969482422,77.875,77.0999984741211,77.59500122070312,15015000.0
2021-09-28,76.5999984741211,76.7750015258789,75.23500061035156,75.29499816894531,38190600.0
2021-09-29,75.6050033569336,76.0,75.06999969482422,75.19999694824219,25012000.0
2021-09-30,75.63999938964844,75.96499633789062,74.62000274658203,74.66000366210938,33415600.0
2021-10-01,74.93000030517578,75.94999694824219,74.16999816894531,75.78500366210938,45483800.0
2021-10-04,75.3499984741211,75.44000244140625,73.44000244140625,74.02999877929688,50773000.0
2021-10-05,74.18000030517578,75.51499938964844,74.11000061035156,75.08499908447266,32967000.0
2021-10-06,74.22000122070312,75.62999725341797,73.9749984741211,75.57499694824219,40004800.0
2021-10-07,76.2300033569336,76.8550033569336,76.125,76.26499938964844,19895600.0
2021-10-08,76.55999755859375,76.61499786376953,75.8550033569336,75.9800033569336,18426400.0
2021-10-11,75.63999938964844,76.57499694824219,75.50499725341797,75.55999755859375,14970600.0
2021-10-12,75.8550033569336,75.94999694824219,75.04499816894531,75.16999816894531,17853400.0
2021-10-13,75.49500274658203,75.79499816894531,75.00499725341797,75.62999725341797,19521600.0
2021-10-14,76.4000015258789,77.37000274658203,76.29000091552734,77.33499908447266,15197200.0
2021-10-15,77.6050033569336,77.97000122070312,77.37000274658203,77.95500183105469,12779200.0
2021-10-18,77.5199966430664,78.65499877929688,77.30500030517578,78.61499786376953,11630200.0
2021-10-19,78.82499694824219,79.3949966430664,78.66500091552734,79.3949966430664,13201400.0
2021-10-20,79.47000122070312,79.58499908447266,78.83000183105469,79.17500305175781,12025400.0
2021-10-21,78.93499755859375,79.5199966430664,78.7699966430664,79.4800033569336,10023200.0
2021-10-22,79.44999694824219,79.77999877929688,78.875,79.20500183105469,12490000.0
2021-10-25,79.50499725341797,79.75,79.15499877929688,79.46499633789062,10336800.0
2021-10-26,80.0,80.33499908447266,79.6500015258789,79.69000244140625,13189600.0
2021-10-27,79.82499694824219,80.2300033569336,79.54000091552734,79.62000274658203,17448000.0
2021-10-28,80.1050033569336,80.4800033569336,79.95500183105469,80.41999816894531,12756800.0
2021-10-29,79.62999725341797,80.81500244140625,79.53500366210938,80.76499938964844,20131800.0
2021-11-01,80.76499938964844,80.80500030517578,80.23500061035156,80.6449966430664,24421200.0
2021-11-02,80.75499725341797,81.55500030517578,80.75499725341797,81.3550033569336,26814600.0
2021-11-03,81.49500274658203,82.0,81.0199966430664,81.83000183105469,25978600.0
2021-11-04,82.13999938964844,83.30999755859375,81.99500274658203,83.11000061035156,28691400.0
2021-11-05,83.72000122070312,84.01000213623047,83.0199966430664,83.54000091552734,24223600.0
2021-11-08,83.80999755859375,84.13500213623047,83.61499786376953,83.98999786376953,12781000.0
2021-11-09,84.11499786376953,84.20500183105469,83.22000122070312,83.6449966430664,16823000.0
2021-11-10,83.0,83.41500091552734,82.01499938964844,82.26499938964844,25788800.0
2021-11-11,82.8550033569336,82.88999938964844,82.51499938964844,82.6500015258789,10103800.0
2021-11-12,82.92500305175781,83.79499816894531,82.78500366210938,83.65499877929688,12244200.0
2021-11-15,83.98999786376953,84.11000061035156,83.09500122070312,83.56999969482422,12490200.0
2021-11-16,83.47000122070312,84.56500244140625,83.41999816894531,84.44999694824219,13538800.0
2021-11-17,84.28500366210938,84.7249984741211,83.93000030517578,84.19499969482422,15417800.0
2021-11-18,84.68000030517578,85.15499877929688,84.06999969482422,85.03500366210938,19964000.0
2021-11-19,85.33999633789062,85.9800033569336,85.05500030517578,85.65499877929688,17714600.0
2021-11-22,85.98999786376953,87.125,84.6500015258789,84.69999694824219,28451600.0
2021-11-23,84.375,84.7750015258789,83.43499755859375,84.50499725341797,29239800.0
2021-11-24,84.0,85.13999938964844,83.58999633789062,85.12000274658203,18241000.0
2021-11-26,83.90499877929688,84.55500030517578,82.66500091552734,82.99500274658203,24767800.0
2021-11-29,84.2300033569336,85.30000305175781,83.96499633789062,85.06999969482422,24979800.0
2021-11-30,84.75,85.5250015258789,83.63999938964844,84.36000061035156,54066800.0
2021-12-01,85.25,85.8949966430664,83.12999725341797,83.20500183105469,39084200.0
2021-12-02,82.43499755859375,84.3550033569336,82.25499725341797,83.97000122070312,46872400.0
2021-12-03,84.20999908447266,84.47000122070312,81.5250015258789,82.56500244140625,48470000.0
2021-12-06,82.80500030517578,83.5999984741211,81.94499969482422,83.3499984741211,37800400.0
2021-12-07,85.01000213623047,86.36499786376953,85.0,86.26000213623047,28691000.0
2021-12-08,86.29000091552734,86.71499633789062,85.69499969482422,86.65499877929688,23261600.0
2021-12-09,86.44000244140625,87.00499725341797,85.6500015258789,85.72000122070312,17201000.0
2021-12-10,86.62000274658203,87.55000305175781,86.36499786376953,87.44000244140625,24776600.0
2021-12-13,87.62000274658203,87.79000091552734,86.01499938964844,86.13999938964844,20974000.0
2021-12-14,85.0999984741211,85.6449966430664,83.70500183105469,84.7249984741211,27094800.0
2021-12-15,84.79499816894531,87.05500030517578,83.98999786376953,86.97000122070312,28270800.0
2021-12-16,87.29499816894531,87.43499755859375,84.00499725341797,84.50499725341797,31275600.0
2021-12-17,83.57499694824219,84.76000213623047,83.13999938964844,83.94000244140625,44821600.0
2021-12-20,82.5,83.04499816894531,82.18000030517578,82.78500366210938,32649600.0
2021-12-21,83.66999816894531,84.94999694824219,82.8949966430664,84.87999725341797,16810800.0
2021-12-22,84.76499938964844,86.05000305175781,84.54000091552734,85.98999786376953,13376200.0
2021-12-23,86.1050033569336,86.81500244140625,86.09500122070312,86.47000122070312,9792600.0
2021-12-27,86.81500244140625,88.34500122070312,86.79499816894531,88.32499694824219,13266600.0
2021-12-28,88.48999786376953,88.5199966430664,87.6449966430664,87.86499786376953,11422200.0
2021-12-29,87.8949966430664,88.29499816894531,87.48500061035156,87.94000244140625,9687800.0
2021-12-30,87.9749984741211,88.2699966430664,87.25499725341797,87.36000061035156,10526400.0
2021-12-31,87.2750015258789,87.48500061035156,86.8949966430664,86.93499755859375,10243000.0
2022-01-03,87.05000305175781,87.83999633789062,86.66999816894531,87.76000213623047,20302800.0
2022-01-04,87.91000366210938,88.0,86.17500305175781,86.83000183105469,16648000.0
2022-01-05,86.32499694824219,86.38999938964844,84.12999725341797,84.16000366210938,23628400.0
2022-01-06,83.48999786376953,84.5999984741211,83.23500061035156,83.73500061035156,23767200.0
2022-01-07,83.68000030517578,84.08000183105469,82.41999816894531,82.96499633789062,30488600.0
2022-01-10,81.7300033569336,83.08499908447266,80.6449966430664,82.9800033569336,32501400.0
2022-01-11,82.76499938964844,84.09500122070312,82.1500015258789,83.9749984741211,19207600.0
2022-01-12,84.5999984741211,85.18000030517578,83.94999694824219,84.37000274658203,18144000.0
2022-01-13,84.80500030517578,85.05000305175781,81.9749984741211,82.18499755859375,20942600.0
2022-01-14,81.625,82.93000030517578,81.625,82.87999725341797,22351400.0
2022-01-18,81.67500305175781,82.16000366210938,80.66500091552734,80.88999938964844,24694200.0
2022-01-19,81.1449966430664,82.1449966430664,79.68000030517578,79.76000213623047,24961400.0
2022-01-20,80.47000122070312,81.375,78.625,78.7300033569336,37609000.0
2022-01-21,78.54000091552734,79.44499969482422,77.1449966430664,77.16500091552734,48016600.0
2022-01-24,75.87999725341797,77.62000274658203,73.12000274658203,77.56500244140625,67413400.0
2022-01-25,76.04499816894531,77.20999908447266,74.9000015258789,75.7699966430664,48886200.0
2022-01-26,77.83000183105469,78.73999786376953,75.30999755859375,76.21499633789062,53596200.0
2022-01-27,77.44999694824219,77.86000061035156,75.41500091552734,75.69000244140625,39446800.0
2022-01-28,76.62999725341797,79.0199966430664,75.48999786376953,79.0,44236000.0
2022-01-31,79.0199966430664,81.08999633789062,78.63500213623047,80.98500061035156,29121000.0
2022-02-01,81.09500122070312,81.33000183105469,80.0199966430664,81.19499969482422,23389800.0
2022-02-02,81.37000274658203,81.98999786376953,80.81999969482422,81.8550033569336,25504800.0
2022-02-03,80.69499969482422,81.24500274658203,79.18499755859375,79.4800033569336,27865400.0
2022-02-04,79.05500030517578,80.5,78.72000122070312,79.80000305175781,29721400.0
2022-02-07,79.86000061035156,80.33499908447266,78.96499633789062,79.2699966430664,14622600.0
2022-02-08,79.0199966430664,80.46499633789062,78.83499908447266,80.25,21139800.0
2022-02-09,81.28500366210938,82.05500030517578,80.94999694824219,82.02999877929688,17795600.0
2022-02-10,80.4000015258789,81.76499938964844,79.46499633789062,79.88500213623047,31692200.0
2022-02-11,79.96499633789062,80.31500244140625,77.1500015258789,77.44499969482422,34878800.0
2022-02-14,77.23999786376953,78.04499816894531,76.5199966430664,77.41999816894531,41030400.0
2022-02-15,78.58499908447266,79.51000213623047,78.30999755859375,79.45500183105469,24437400.0
2022-02-16,78.91500091552734,79.6500015258789,78.05500030517578,79.375,20318200.0
2022-02-17,78.63500213623047,78.71499633789062,76.8550033569336,77.0,24906400.0
2022-02-18,77.26499938964844,77.375,75.63500213623047,76.22000122070312,25310800.0
2022-02-22,75.41999816894531,76.7249984741211,74.69000244140625,75.51499938964844,26893600.0
2022-02-23,76.30000305175781,76.50499725341797,73.54499816894531,73.625,37879400.0
2022-02-24,71.09500122070312,76.19499969482422,70.86000061035156,76.13999938964844,50967800.0
2022-02-25,76.25499725341797,77.19999694824219,75.31999969482422,77.17500305175781,28301600.0
2022-02-28,76.3550033569336,77.36000061035156,75.71499633789062,77.03500366210938,34822200.0
2022-03-01,76.74500274658203,77.13999938964844,74.90499877929688,75.49500274658203,29925000.0
2022-03-02,76.05000305175781,77.44999694824219,75.45999908447266,77.12999725341797,25592400.0
2022-03-03,77.77999877929688,77.78500366210938,75.81999969482422,76.20999908447266,23450600.0
2022-03-04,75.61499786376953,75.93000030517578,74.27999877929688,74.875,26731200.0
2022-03-07,74.80999755859375,75.15499877929688,72.09500122070312,72.13500213623047,32864200.0
2022-03-08,71.94000244140625,74.01499938964844,70.7249984741211,71.78500366210938,36898400.0
2022-03-09,73.73500061035156,74.96499633789062,73.1449966430664,74.625,35327400.0
2022-03-10,73.30500030517578,73.5250015258789,72.20999908447266,73.31999969482422,27448400.0
2022-03-11,73.97000122070312,74.15499877929688,71.91999816894531,72.02999877929688,21457800.0
2022-03-14,71.69999694824219,72.51499938964844,70.48999786376953,70.69499969482422,27852400.0
2022-03-15,71.25499725341797,73.21499633789062,71.0199966430664,73.06999969482422,22993800.0
2022-03-16,73.99500274658203,75.4749984741211,72.81999969482422,75.44499969482422,27176000.0
2022-03-17,75.04000091552734,76.02999877929688,74.63500213623047,75.9800033569336,18518800.0
2022-03-18,75.70999908447266,77.67500305175781,75.33999633789062,77.53500366210938,27897800.0
2022-03-21,76.9749984741211,77.65499877929688,76.2300033569336,77.24500274658203,22341400.0
2022-03-22,77.30000305175781,78.76000213623047,77.19499969482422,78.3550033569336,17485800.0
2022-03-23,77.625,78.33999633789062,77.07499694824219,77.1500015258789,12360600.0
2022-03-24,77.58000183105469,79.17500305175781,77.31999969482422,79.15499877929688,14263400.0
2022-03-25,79.27999877929688,79.38999938964844,78.12000274658203,79.11000061035156,14874600.0
2022-03-28,78.74500274658203,80.08499908447266,78.54499816894531,80.05000305175781,18593000.0
2022-03-29,80.98500061035156,81.82499694824219,80.40499877929688,81.75,18829800.0
2022-03-30,81.33000183105469,81.55999755859375,80.23500061035156,80.66000366210938,18680200.0
2022-03-31,80.6500015258789,80.80000305175781,79.34500122070312,79.46499633789062,19424000.0
2022-04-01,79.54499816894531,79.7300033569336,78.34500122070312,79.2300033569336,28209600.0
2022-04-04,79.43499755859375,80.7750015258789,79.40499877929688,80.73500061035156,23048200.0
2022-04-05,80.38500213623047,80.56999969482422,78.76000213623047,79.03500366210938,23588200.0
2022-04-06,77.72000122070312,77.9000015258789,76.4800033569336,77.16500091552734,34225400.0
2022-04-07,76.75499725341797,77.80500030517578,76.2300033569336,77.28500366210938,23200200.0
2022-04-08,76.94000244140625,77.12000274658203,76.04000091552734,76.20500183105469,26354600.0
2022-04-11,75.25,75.34500122070312,74.18499755859375,74.28500366210938,21595400.0
2022-04-12,75.20500183105469,75.7750015258789,73.67500305175781,73.95500183105469,22172200.0
2022-04-13,74.0,75.375,73.7249984741211,75.1449966430664,14446800.0
2022-04-14,75.2249984741211,75.36000061035156,73.28500366210938,73.31999969482422,17407000.0
2022-04-18,72.95999908447266,74.03500366210938,72.94000244140625,73.55999755859375,14060600.0
2022-04-19,73.375,75.06999969482422,73.1050033569336,74.94000244140625,13562200.0
2022-04-20,75.66500091552734,75.86499786376953,74.6500015258789,74.87000274658203,15652600.0
2022-04-21,75.5999984741211,76.30999755859375,73.375,73.5999984741211,18509200.0
2022-04-22,73.5199966430664,73.94999694824219,71.44000244140625,71.54000091552734,22094800.0
2022-04-25,71.2249984741211,72.66500091552734,70.77999877929688,72.61499786376953,28707600.0
2022-04-26,71.95500183105469,72.06500244140625,69.875,69.91000366210938,25953200.0
2022-04-27,70.69000244140625,72.30999755859375,70.53500366210938,70.94499969482422,40048600.0
2022-04-28,72.05999755859375,74.20500183105469,71.67500305175781,73.78500366210938,27762400.0
2022-04-29,72.9800033569336,73.83000183105469,70.57499694824219,70.70999908447266,29589800.0
2022-05-02,70.62999725341797,71.87999725341797,69.83000183105469,71.78500366210938,37004400.0
2022-05-03,71.7750015258789,72.3499984741211,71.24500274658203,71.91000366210938,27469800.0
2022-05-04,72.19000244140625,74.56999969482422,70.99500274658203,74.43499755859375,28650400.0
2022-05-05,73.33999633789062,73.43000030517578,70.01000213623047,70.8550033569336,36442200.0
2022-05-06,70.20999908447266,71.41000366210938,69.2300033569336,70.28500366210938,34862200.0
2022-05-09,69.01499938964844,69.45999908447266,67.25499725341797,67.56500244140625,41124600.0
2022-05-10,69.17500305175781,69.56500244140625,67.57499694824219,68.59500122070312,36370400.0
2022-05-11,67.9749984741211,69.26499938964844,66.2249984741211,66.43000030517578,34781800.0
2022-05-12,65.44499969482422,66.69999694824219,64.21499633789062,65.74500274658203,36506600.0
2022-05-13,66.63999938964844,68.26499938964844,66.20999908447266,67.93000030517578,24495400.0
2022-05-16,67.36499786376953,68.23500061035156,66.75499725341797,67.33000183105469,17423400.0
2022-05-17,68.77999877929688,69.38500213623047,68.0,69.27999877929688,18602200.0
2022-05-18,68.36499786376953,68.56500244140625,65.86000061035156,66.11000061035156,23670200.0
2022-05-19,65.61499786376953,66.51000213623047,65.07499694824219,65.38500213623047,20874800.0
2022-05-20,66.29499816894531,66.4749984741211,63.52000045776367,65.52999877929688,20252600.0
2022-05-23,65.73500061035156,67.12000274658203,65.52999877929688,67.03500366210938,17219600.0
2022-05-24,66.0999984741211,66.43499755859375,64.88500213623047,66.04000091552734,17122000.0
2022-05-25,65.6050033569336,67.30500030517578,65.55500030517578,66.80999755859375,13656600.0
2022-05-26,66.41999816894531,68.70999908447266,66.27999877929688,68.41500091552734,15556600.0
2022-05-27,69.18000030517578,70.74500274658203,69.05000305175781,70.7300033569336,16281800.0
2022-05-31,70.45500183105469,70.91500091552734,69.54000091552734,70.2249984741211,19420800.0
2022-06-01,70.9800033569336,71.45999908447266,69.49500274658203,70.01499938964844,13304800.0
2022-06-02,69.5199966430664,71.71499633789062,69.19499969482422,71.70999908447266,13868400.0
2022-06-03,70.3499984741211,70.83499908447266,69.66999816894531,69.99500274658203,11263800.0
2022-06-06,70.875,71.31500244140625,69.65499877929688,70.0,12589600.0
2022-06-07,69.25499725341797,70.97000122070312,69.11499786376953,70.83499908447266,11016600.0
2022-06-08,70.625,70.96499633789062,69.83999633789062,70.03500366210938,8814200.0
2022-06-09,69.5250015258789,70.20500183105469,68.1500015258789,68.16500091552734,9765200.0
2022-06-10,66.98999786376953,67.19999694824219,65.5250015258789,65.54499816894531,20886400.0
2022-06-13,63.47999954223633,64.08499908447266,62.40999984741211,62.63999938964844,36332600.0
2022-06-14,63.11000061035156,63.45500183105469,62.45000076293945,63.03499984741211,18250400.0
2022-06-15,63.81999969482422,65.31500244140625,62.95500183105469,64.36499786376953,25069600.0
2022-06-16,62.72999954223633,62.78499984741211,61.23500061035156,61.744998931884766,32690800.0
2022-06-17,61.73500061035156,62.900001525878906,61.29999923706055,62.310001373291016,27684200.0
2022-06-21,63.05500030517578,64.18000030517578,63.05500030517578,63.72999954223633,17245000.0
2022-06-22,63.03499984741211,64.33999633789062,62.86000061035156,63.459999084472656,15163400.0
2022-06-23,64.00499725341797,64.53500366210938,63.41999816894531,64.41000366210938,16042200.0
2022-06-24,65.1500015258789,66.73999786376953,65.1500015258789,66.7249984741211,25492200.0
2022-06-27,66.94000244140625,67.13999938964844,65.9749984741211,66.2750015258789,13917200.0
2022-06-28,66.33499908447266,66.99500274658203,64.26000213623047,64.29000091552734,15260800.0
2022-06-29,64.20999908447266,64.80500030517578,63.689998626708984,64.41999816894531,13607200.0
2022-06-30,63.564998626708984,64.36000061035156,62.55500030517578,63.560001373291016,15720400.0
2022-07-01,63.15999984741211,63.8650016784668,62.6150016784668,63.70500183105469,13930600.0
2022-07-05,62.84000015258789,64.5199966430664,62.47999954223633,64.50499725341797,14341000.0
2022-07-06,64.6449966430664,65.58000183105469,64.32499694824219,65.05999755859375,16167000.0
2022-07-07,65.34500122070312,66.55500030517578,65.34500122070312,66.40499877929688,13082200.0
2022-07-08,65.69499969482422,66.6500015258789,65.48999786376953,66.43499755859375,12627000.0
2022-07-11,65.8550033569336,66.13999938964844,65.06999969482422,65.5199966430664,11416600.0
2022-07-12,65.76000213623047,66.12999725341797,64.24500274658203,64.625,16553400.0
2022-07-13,63.40999984741211,64.87000274658203,63.130001068115234,64.45500183105469,15162600.0
2022-07-14,63.939998626708984,65.2750015258789,63.1150016784668,65.04499816894531,13728800.0
2022-07-15,65.66999816894531,66.22000122070312,65.3949966430664,66.19000244140625,13529200.0
2022-07-18,66.83999633789062,67.08000183105469,65.30000305175781,65.55000305175781,9897600.0
2022-07-19,66.27999877929688,67.62000274658203,65.87999725341797,67.55000305175781,12330600.0
2022-07-20,67.55999755859375,68.88999938964844,67.37999725341797,68.6050033569336,12537200.0
2022-07-21,68.69000244140625,69.58499908447266,67.9749984741211,69.56999969482422,12957600.0
2022-07-22,69.54000091552734,69.82499694824219,68.21499633789062,68.61000061035156,10583600.0
2022-07-25,68.58000183105469,68.65499877929688,67.66000366210938,68.17500305175781,13951200.0
2022-07-26,68.12000274658203,68.13999938964844,66.81999969482422,67.06999969482422,10167800.0
2022-07-27,68.17500305175781,70.31999969482422,68.07499694824219,69.95500183105469,17076200.0
2022-07-28,70.03500366210938,71.18000030517578,69.41000366210938,71.0199966430664,12408000.0
2022-07-29,71.23999786376953,72.33499908447266,70.94000244140625,72.11000061035156,10177400.0
2022-08-01,71.45999908447266,72.67500305175781,71.28500366210938,71.95500183105469,12515800.0
2022-08-02,71.33499908447266,72.2699966430664,70.83000183105469,71.44499969482422,15921800.0
2022-08-03,71.79499816894531,73.55000305175781,71.77999877929688,73.34500122070312,14243200.0
2022-08-04,73.31999969482422,73.71499633789062,72.8499984741211,73.68000030517578,11679800.0
2022-08-05,72.5,73.71499633789062,72.44000244140625,73.51000213623047,7921000.0
2022-08-08,73.44499969482422,74.01499938964844,72.48999786376953,72.88500213623047,11102200.0
2022-08-09,72.29499816894531,72.44000244140625,71.76499938964844,72.15499877929688,8565600.0
2022-08-10,73.87000274658203,74.18499755859375,73.27999877929688,74.125,19273200.0
2022-08-11,74.58999633789062,75.0250015258789,73.69999694824219,73.83499908447266,11025800.0
2022-08-12,74.31999969482422,75.30999755859375,74.08999633789062,75.30500030517578,8093600.0
2022-08-15,75.00499725341797,75.88999938964844,74.91999816894531,75.77999877929688,7162600.0
2022-08-16,75.43499755859375,75.93000030517578,74.87000274658203,75.57499694824219,10990600.0
2022-08-17,74.88500213623047,75.61000061035156,74.49500274658203,75.03500366210938,12632800.0
2022-08-18,75.11000061035156,75.7249984741211,74.81999969482422,75.42500305175781,9976800.0
2022-08-19,74.80500030517578,74.8949966430664,73.88999938964844,74.05500030517578,10146200.0
2022-08-22,73.04499816894531,73.06999969482422,71.80999755859375,71.98999786376953,10744200.0
2022-08-23,71.8499984741211,72.55999755859375,71.70500183105469,71.80000305175781,14777200.0
2022-08-24,71.75,72.1500015258789,71.44999694824219,71.84500122070312,8983200.0
2022-08-25,72.02999877929688,73.06500244140625,71.93499755859375,73.05999755859375,7126600.0
2022-08-26,73.02999877929688,73.20500183105469,69.88999938964844,69.94000244140625,14321800.0
2022-08-29,69.18499755859375,69.69000244140625,68.75,69.01499938964844,13231600.0
2022-08-30,69.40499877929688,69.5250015258789,67.67500305175781,68.29499816894531,13268800.0
2022-08-31,68.70500183105469,68.92500305175781,67.59500122070312,67.62999725341797,14171400.0
2022-09-01,66.97000122070312,67.38500213623047,65.88999938964844,67.30000305175781,15988600.0
2022-09-02,67.99500274658203,68.37999725341797,66.07499694824219,66.42500305175781,16606600.0
2022-09-06,66.51499938964844,66.80000305175781,65.55000305175781,65.98500061035156,14990000.0
2022-09-07,66.11499786376953,67.30999755859375,65.88999938964844,67.04000091552734,11657000.0
2022-09-08,66.54499816894531,67.62000274658203,66.24500274658203,67.2699966430664,11210600.0
2022-09-09,67.83000183105469,68.78500366210938,67.69999694824219,68.5999984741211,11418600.0
2022-09-12,69.0250015258789,69.7300033569336,69.01499938964844,69.69999694824219,10181000.0
2022-09-13,67.70999908447266,68.08999633789062,65.81999969482422,66.0,20148800.0
2022-09-14,66.30999755859375,66.7249984741211,65.6050033569336,66.23999786376953,13229200.0
2022-09-15,65.70999908447266,66.11000061035156,64.32499694824219,64.71499633789062,14885200.0
2022-09-16,64.1500015258789,64.48999786376953,63.439998626708984,64.3550033569336,20762200.0
2022-09-19,63.55500030517578,64.77999877929688,63.51499938964844,64.72000122070312,15683000.0
2022-09-20,64.11499786376953,64.74500274658203,63.779998779296875,64.33999633789062,12109400.0
2022-09-21,64.67500305175781,65.625,63.32500076293945,63.334999084472656,16808800.0
2022-09-22,62.97999954223633,63.380001068115234,62.334999084472656,62.689998626708984,16033800.0
2022-09-23,62.119998931884766,62.21500015258789,61.05500030517578,61.869998931884766,19396200.0
2022-09-26,61.68000030517578,62.71500015258789,61.26499938964844,61.439998626708984,17193600.0
2022-09-27,62.255001068115234,62.84000015258789,60.95000076293945,61.52000045776367,18714800.0
2022-09-28,61.11000061035156,62.470001220703125,60.63999938964844,62.16999816894531,18933400.0
2022-09-29,61.279998779296875,61.41999816894531,59.834999084472656,60.54999923706055,31096600.0
2022-09-30,60.30500030517578,61.20000076293945,59.279998779296875,59.38999938964844,19513000.0
2022-10-03,59.86000061035156,61.595001220703125,59.630001068115234,61.22999954223633,17332200.0
2022-10-04,62.470001220703125,63.35499954223633,62.42499923706055,63.28499984741211,17779000.0
2022-10-05,62.43000030517578,63.95500183105469,62.064998626708984,63.494998931884766,14600400.0
2022-10-06,63.33000183105469,64.0250015258789,62.900001525878906,62.974998474121094,14348200.0
2022-10-07,61.689998626708984,61.69499969482422,60.060001373291016,60.3849983215332,15749000.0
2022-10-10,60.3849983215332,60.470001220703125,58.775001525878906,59.369998931884766,16706200.0
2022-10-11,59.029998779296875,59.439998626708984,58.025001525878906,58.459999084472656,21044800.0
2022-10-12,58.505001068115234,58.904998779296875,58.18000030517578,58.279998779296875,14111600.0
2022-10-13,56.70500183105469,60.404998779296875,56.48500061035156,60.09000015258789,38114600.0
2022-10-14,60.58000183105469,60.709999084472656,58.30500030517578,58.400001525878906,22484000.0
2022-10-17,59.83000183105469,60.47999954223633,59.66999816894531,60.18000030517578,14599600.0
2022-10-18,61.7400016784668,61.959999084472656,59.92499923706055,60.689998626708984,13998000.0
2022-10-19,60.15999984741211,61.1150016784668,59.904998779296875,60.51499938964844,10984000.0
2022-10-20,60.53499984741211,61.8650016784668,60.25,60.54999923706055,12429600.0
2022-10-21,60.400001525878906,62.29999923706055,60.19499969482422,62.16999816894531,17126000.0
2022-10-24,62.435001373291016,63.2599983215332,61.67499923706055,63.029998779296875,13385200.0
2022-10-25,63.185001373291016,64.27999877929688,63.185001373291016,64.23500061035156,10265000.0
2022-10-26,62.6150016784668,64.12999725341797,62.51499938964844,62.80500030517578,15169400.0
2022-10-27,63.040000915527344,63.42499923706055,61.94499969482422,62.09000015258789,11694800.0
2022-10-28,62.435001373291016,64.92500305175781,62.435001373291016,64.79000091552734,14935400.0
2022-10-31,64.1449966430664,64.31999969482422,63.55500030517578,63.935001373291016,13292200.0
2022-11-01,64.7300033569336,64.84500122070312,63.125,63.400001525878906,9413200.0
2022-11-02,63.35499954223633,64.16999816894531,61.189998626708984,61.209999084472656,18092400.0
2022-11-03,60.35499954223633,60.46500015258789,59.3650016784668,59.40999984741211,16010600.0
2022-11-04,60.64500045776367,60.810001373291016,59.11000061035156,60.494998931884766,17896200.0
2022-11-07,60.599998474121094,61.60499954223633,60.16999816894531,61.505001068115234,10427600.0
2022-11-08,62.01499938964844,62.845001220703125,61.18000030517578,62.095001220703125,12722000.0
2022-11-09,61.52000045776367,61.54499816894531,60.38999938964844,60.47999954223633,11962600.0
2022-11-10,63.46500015258789,65.5199966430664,63.14500045776367,65.44999694824219,27932200.0
2022-11-11,65.38999938964844,66.79000091552734,65.06999969482422,66.56999969482422,15977800.0
2022-11-14,66.04499816894531,66.82499694824219,65.68499755859375,66.0,14526600.0
2022-11-15,67.5,67.7750015258789,66.12999725341797,66.80000305175781,12716200.0
2022-11-16,66.28500366210938,66.4800033569336,65.61000061035156,65.88500213623047,10095800.0
2022-11-17,64.83499908447266,66.2750015258789,64.80999755859375,65.97000122070312,8149600.0
2022-11-18,66.71499633789062,66.73500061035156,65.48999786376953,66.04499816894531,11912400.0
2022-11-21,65.66999816894531,65.94000244140625,65.20500183105469,65.33499908447266,8363800.0
2022-11-22,65.62000274658203,66.63500213623047,65.1500015258789,66.5999984741211,9019200.0
2022-11-23,66.45500183105469,67.38999938964844,66.41000366210938,67.19000244140625,9480600.0
2022-11-25,66.73500061035156,67.00499725341797,66.6050033569336,66.80000305175781,3263000.0
2022-11-28,66.04499816894531,66.47000122070312,65.1050033569336,65.37000274658203,13030200.0
2022-11-29,65.28500366210938,65.4800033569336,64.46499633789062,64.7300033569336,11570200.0
2022-11-30,64.69999694824219,67.98999786376953,64.63500213623047,67.9800033569336,23334400.0
2022-12-01,68.04499816894531,68.4000015258789,67.23500061035156,68.07499694824219,15165800.0
2022-12-02,66.93499755859375,67.90499877929688,66.67500305175781,67.68000030517578,8934400.0
2022-12-05,67.16000366210938,67.53500366210938,66.11499786376953,66.55500030517578,11526200.0
2022-12-06,66.48500061035156,66.58499908447266,64.70999908447266,65.12999725341797,11799200.0
2022-12-07,64.8949966430664,65.30000305175781,64.33499908447266,64.80000305175781,10413800.0
2022-12-08,65.16000366210938,66.05000305175781,64.7699966430664,65.86000061035156,8965800.0
2022-12-09,65.56500244140625,66.375,65.20999908447266,65.45500183105469,10402800.0
2022-12-12,65.55999755859375,66.88500213623047,65.54000091552734,66.88500213623047,14806200.0
2022-12-13,69.31999969482422,69.66500091552734,66.98999786376953,67.67500305175781,18607600.0
2022-12-14,67.61000061035156,68.4000015258789,66.31999969482422,67.1050033569336,19541000.0
2022-12-15,66.00499725341797,66.25,64.3499984741211,64.59500122070312,19223800.0
2022-12-16,64.375,64.75499725341797,63.415000915527344,63.7400016784668,23999200.0
2022-12-19,63.564998626708984,63.665000915527344,62.29499816894531,62.709999084472656,14276600.0
2022-12-20,62.380001068115234,63.125,62.08000183105469,62.80500030517578,12622000.0
2022-12-21,63.095001220703125,64.1449966430664,62.939998626708984,63.845001220703125,14670600.0
2022-12-22,63.04499816894531,63.1150016784668,61.18000030517578,62.23500061035156,15323600.0
2022-12-23,61.790000915527344,62.36000061035156,61.334999084472656,62.29999923706055,8231600.0
2022-12-27,62.084999084472656,62.19499969482422,61.345001220703125,61.709999084472656,9530200.0
2022-12-28,61.560001373291016,62.1349983215332,60.64500045776367,60.71500015258789,10362600.0
2022-12-29,61.310001373291016,62.51499938964844,61.30500030517578,62.30500030517578,10954200.0
2022-12-30,61.65999984741211,62.255001068115234,61.275001525878906,62.220001220703125,8905800.0
2023-01-03,62.8849983215332,63.29999923706055,61.189998626708984,61.630001068115234,15196200.0
2023-01-04,61.95000076293945,62.185001373291016,61.11000061035156,61.790000915527344,11813000.0
2023-01-05,61.47999954223633,61.63999938964844,60.48500061035156,60.59000015258789,11341000.0
2023-01-06,61.125,62.64500045776367,60.404998779296875,62.3650016784668,13825400.0
2023-01-09,62.92499923706055,64.23999786376953,62.904998779296875,63.09000015258789,21427200.0
2023-01-10,62.935001373291016,63.58000183105469,62.599998474121094,63.47999954223633,17209000.0
2023-01-11,63.68000030517578,64.58000183105469,63.48500061035156,64.58000183105469,13758000.0
2023-01-12,64.68000030517578,65.3550033569336,63.88999938964844,65.05999755859375,15358600.0
2023-01-13,64.44499969482422,65.33999633789062,64.29499816894531,65.24500274658203,10153200.0
2023-01-17,65.15499877929688,65.92500305175781,65.07499694824219,65.54000091552734,10425800.0
2023-01-18,65.91000366210938,66.26000213623047,64.65499877929688,64.69499969482422,13936000.0
2023-01-19,64.19000244140625,64.55000305175781,63.70500183105469,63.939998626708984,14645000.0
2023-01-20,64.26000213623047,65.72000122070312,64.02999877929688,65.66999816894531,14127800.0
2023-01-23,65.93499755859375,67.55000305175781,65.78500366210938,67.16500091552734,23472600.0
2023-01-24,66.78500366210938,67.38999938964844,66.68499755859375,67.13500213623047,12575600.0
2023-01-25,66.0,67.16500091552734,65.38500213623047,66.99500274658203,14342200.0
2023-01-26,67.6500015258789,68.09500122070312,66.94999694824219,68.06500244140625,11161800.0
2023-01-27,67.63500213623047,68.83000183105469,67.6050033569336,68.3499984741211,13549400.0
2023-01-30,67.56500244140625,67.86000061035156,66.98999786376953,67.04499816894531,9705600.0
2023-01-31,67.04499816894531,68.01000213623047,67.0,67.9800033569336,8871600.0
2023-02-01,67.93000030517578,70.13500213623047,67.6050033569336,69.58000183105469,18852800.0
2023-02-02,70.7699966430664,71.87999725341797,70.44499969482422,71.4800033569336,18824000.0
2023-02-03,70.25,72.04499816894531,70.1449966430664,70.88500213623047,16145400.0
2023-02-06,70.0999984741211,70.6500015258789,69.75499725341797,70.0199966430664,12977400.0
2023-02-07,70.125,72.04000091552734,70.09500122070312,71.7699966430664,15708200.0
2023-02-08,71.91000366210938,72.29499816894531,70.76000213623047,70.90499877929688,12577000.0
2023-02-09,72.0,72.12000274658203,70.23500061035156,70.51499938964844,12624000.0
2023-02-10,69.98999786376953,70.43000030517578,69.5250015258789,70.19000244140625,9861600.0
2023-02-13,70.46499633789062,71.55999755859375,70.41999816894531,71.40499877929688,8411800.0
2023-02-14,71.06999969482422,72.11499786376953,70.625,71.70999908447266,12622000.0
2023-02-15,71.2750015258789,72.05000305175781,71.1050033569336,72.04499816894531,10491000.0
2023-02-16,71.0,71.80500030517578,70.73999786376953,70.79499816894531,13001200.0
2023-02-17,70.29000091552734,70.37000274658203,69.30000305175781,69.91000366210938,10606600.0
2023-02-21,68.9749984741211,69.38999938964844,68.19000244140625,68.25,12277800.0
2023-02-22,68.38999938964844,68.69999694824219,67.82499694824219,68.1500015258789,14338400.0
2023-02-23,69.41999816894531,69.54000091552734,68.30500030517578,69.27999877929688,13120000.0
2023-02-24,68.05000305175781,68.33999633789062,67.6500015258789,68.04499816894531,14347400.0
2023-02-27,68.7300033569336,69.08000183105469,68.28500366210938,68.41000366210938,9389000.0
2023-02-28,68.19000244140625,68.91999816894531,68.06999969482422,68.26000213623047,10485800.0
2023-03-01,68.29000091552734,68.4000015258789,67.55000305175781,67.76000213623047,15069400.0
2023-03-02,67.57499694824219,68.80999755859375,67.45999908447266,68.59500122070312,10969400.0
2023-03-03,69.03500366210938,70.07499694824219,68.97000122070312,70.06999969482422,14439600.0
2023-03-06,70.5199966430664,71.36000061035156,70.3499984741211,70.40499877929688,15999200.0
2023-03-07,70.3499984741211,70.62000274658203,69.3550033569336,69.52999877929688,14120000.0
2023-03-08,69.7750015258789,70.19000244140625,69.36499786376953,70.1050033569336,13247000.0
2023-03-09,70.21499633789062,71.00499725341797,68.96499633789062,69.0999984741211,15624600.0
2023-03-10,69.0,69.17500305175781,67.61499786376953,67.88500213623047,30556800.0
2023-03-13,67.45999908447266,69.19999694824219,67.04000091552734,68.25499725341797,34439400.0
2023-03-14,69.13500213623047,70.07499694824219,68.8499984741211,69.83000183105469,21202200.0
2023-03-15,69.06500244140625,69.95500183105469,68.7300033569336,69.87000274658203,23060000.0
2023-03-16,69.625,71.93000030517578,69.3949966430664,71.83000183105469,26086800.0
2023-03-17,71.97000122070312,72.58999633789062,71.30999755859375,71.7300033569336,23078600.0
2023-03-20,71.44499969482422,71.8550033569336,70.91000366210938,71.76499938964844,11981600.0
2023-03-21,72.15499877929688,72.4749984741211,71.40499877929688,72.34500122070312,13066400.0
2023-03-22,72.34500122070312,73.78500366210938,71.58499908447266,71.625,14224400.0
2023-03-23,72.54000091552734,73.7750015258789,72.1050033569336,72.79000091552734,17595800.0
2023-03-24,72.55999755859375,73.01499938964844,72.08000183105469,72.9800033569336,11872600.0
2023-03-27,73.08999633789062,73.33999633789062,72.24500274658203,72.41500091552734,10810600.0
2023-03-28,72.29000091552734,72.31500244140625,71.42500305175781,72.07499694824219,9968000.0
2023-03-29,72.9800033569336,73.75,72.875,73.58499908447266,14256600.0
2023-03-30,74.26499938964844,74.54499816894531,73.94000244140625,74.44000244140625,11202400.0
2023-03-31,74.3499984741211,75.57499694824219,74.25499725341797,75.50499725341797,15069800.0
2023-04-03,75.04499816894531,75.48999786376953,74.68499755859375,75.38500213623047,21142200.0
2023-04-04,75.49500274658203,75.75499725341797,74.69000244140625,74.97000122070312,15824800.0
2023-04-05,74.61499786376953,74.68499755859375,73.58000183105469,74.11499786376953,15737600.0
2023-04-06,73.57499694824219,74.62999725341797,73.25499725341797,74.53500366210938,15696000.0
2023-04-10,73.79499816894531,74.51000213623047,73.38999938964844,74.49500274658203,9517200.0
2023-04-11,74.36499786376953,74.375,73.66999816894531,73.79499816894531,12791600.0
2023-04-12,74.29499816894531,74.49500274658203,73.25499725341797,73.375,13235800.0
2023-04-13,73.66000366210938,74.8550033569336,73.54000091552734,74.73999786376953,13641800.0
2023-04-14,74.31999969482422,74.93499755859375,73.67500305175781,74.32499694824219,13003600.0
2023-04-17,74.41999816894531,74.76000213623047,74.01499938964844,74.59500122070312,8306000.0
2023-04-18,75.16500091552734,75.36499786376953,74.5,74.82499694824219,9212800.0
2023-04-19,74.1500015258789,74.75,74.05000305175781,74.61000061035156,8623200.0
2023-04-20,73.92500305175781,74.8550033569336,73.79000091552734,74.12000274658203,11416200.0
2023-04-21,73.79499816894531,74.01499938964844,73.4000015258789,73.87999725341797,12237600.0
2023-04-24,73.58499908447266,73.94499969482422,73.00499725341797,73.55500030517578,9079800.0
2023-04-25,73.19499969482422,73.33499908447266,71.95999908447266,71.98500061035156,11022600.0
2023-04-26,73.25,73.80999755859375,72.87999725341797,73.05500030517578,13603400.0
2023-04-27,73.4000015258789,74.66000366210938,73.22000122070312,74.6050033569336,12084800.0
2023-04-28,74.6050033569336,75.43000030517578,74.5250015258789,75.41500091552734,11792000.0
2023-05-01,75.3550033569336,75.82499694824219,75.23500061035156,75.45999908447266,8194400.0
2023-05-02,75.55000305175781,75.63500213623047,74.36499786376953,74.75499725341797,12058800.0
2023-05-03,74.84500122070312,75.33000183105469,74.08999633789062,74.125,11630200.0
2023-05-04,73.83000183105469,74.2699966430664,73.46499633789062,73.7699966430664,10861000.0
2023-05-05,74.48500061035156,75.875,74.37999725341797,75.62000274658203,12230000.0
2023-05-08,75.4749984741211,75.6449966430664,75.11499786376953,75.58000183105469,6795600.0
2023-05-09,75.16500091552734,75.30500030517578,74.91999816894531,75.0,12473200.0
2023-05-10,75.65499877929688,76.08999633789062,75.18000030517578,75.91500091552734,10551800.0
2023-05-11,75.79000091552734,75.79000091552734,75.05000305175781,75.57499694824219,8956800.0
2023-05-12,75.70500183105469,75.81500244140625,74.88999938964844,75.4749984741211,7908000.0
2023-05-15,75.55000305175781,76.11499786376953,75.27999877929688,76.0999984741211,6796600.0
2023-05-16,75.99500274658203,76.59500122070312,75.97000122070312,76.18000030517578,9398200.0
2023-05-17,76.5,77.32499694824219,76.1449966430664,77.19499969482422,11916600.0
2023-05-18,77.29000091552734,78.88999938964844,77.29000091552734,78.7750015258789,15491200.0
2023-05-19,78.79499816894531,78.93000030517578,78.47000122070312,78.73999786376953,9805000.0
2023-05-22,78.50499725341797,79.09500122070312,78.375,78.88999938964844,10794200.0
2023-05-23,78.49500274658203,78.81999969482422,77.69499969482422,77.7249984741211,11691000.0
2023-05-24,77.11000061035156,77.46499633789062,76.73500061035156,77.15499877929688,10925600.0
2023-05-25,79.20500183105469,80.43000030517578,78.79000091552734,80.11499786376953,18078000.0
2023-05-26,80.31999969482422,82.53500366210938,80.30999755859375,82.38999938964844,15160000.0
2023-05-30,83.5999984741211,84.0199966430664,82.65499877929688,82.83000183105469,18123600.0
2023-05-31,82.3550033569336,83.12999725341797,82.09500122070312,82.13999938964844,19301000.0
2023-06-01,81.87999725341797,83.32499694824219,81.61499786376953,82.9749984741211,17419400.0
2023-06-02,83.46499633789062,83.83499908447266,82.86000061035156,83.44999694824219,14270600.0
2023-06-05,83.4000015258789,83.95500183105469,82.82499694824219,82.97000122070312,10909000.0
2023-06-06,82.7699966430664,83.12999725341797,82.3550033569336,82.94999694824219,9975600.0
2023-06-07,82.79000091552734,83.43499755859375,81.54000091552734,81.70999908447266,13703800.0
2023-06-08,81.83000183105469,82.7249984741211,81.7699966430664,82.59500122070312,10665200.0
2023-06-09,82.99500274658203,83.8550033569336,82.7249984741211,83.00499725341797,14413600.0
2023-06-12,83.57499694824219,84.84500122070312,83.40499877929688,84.80999755859375,13787200.0
2023-06-13,85.56500244140625,85.7300033569336,84.63500213623047,85.32499694824219,16595800.0
2023-06-14,85.2249984741211,86.23500061035156,84.93000030517578,86.20500183105469,16769000.0
2023-06-15,85.8550033569336,87.70500183105469,85.83499908447266,87.31500244140625,17732600.0
2023-06-16,88.1449966430664,88.1500015258789,86.51000213623047,86.59500122070312,17366600.0
2023-06-20,85.91999816894531,86.44999694824219,85.37000274658203,85.83000183105469,14137800.0
2023-06-21,85.5,85.66500091552734,84.30999755859375,84.55999755859375,12058000.0
2023-06-22,84.18000030517578,85.28500366210938,84.16500091552734,85.25,15224200.0
2023-06-23,84.19999694824219,84.82499694824219,83.97000122070312,84.32499694824219,14729000.0
2023-06-26,84.4000015258789,85.13999938964844,83.66000366210938,83.72000122070312,10890200.0
2023-06-27,84.05500030517578,85.56500244140625,83.9749984741211,85.37000274658203,13833000.0
2023-06-28,84.8949966430664,85.87999725341797,84.83000183105469,85.41999816894531,11371600.0
2023-06-29,85.51000213623047,85.7249984741211,85.05500030517578,85.56999969482422,9128200.0
2023-06-30,86.41999816894531,87.1500015258789,86.3550033569336,86.93000030517578,11398400.0
2023-07-03,86.91500091552734,86.95500183105469,86.30500030517578,86.74500274658203,6182200.0
2023-07-05,86.13999938964844,86.8550033569336,86.06500244140625,86.20999908447266,9395600.0
2023-07-06,85.36000061035156,86.05999755859375,85.0999984741211,85.9800033569336,12116400.0
2023-07-07,85.83999633789062,86.63999938964844,85.55500030517578,85.6050033569336,11622200.0
2023-07-10,85.29499816894531,85.83499908447266,84.97000122070312,85.83000183105469,16877200.0
2023-07-11,86.01000213623047,86.11000061035156,85.17500305175781,86.01499938964844,9996000.0
2023-07-12,86.875,87.4000015258789,86.4000015258789,86.98999786376953,16104400.0
2023-07-13,87.58499908447266,88.31500244140625,87.41000366210938,88.125,9349200.0
2023-07-14,88.34500122070312,89.03500366210938,87.73999786376953,87.99500274658203,11543800.0
2023-07-17,88.16000366210938,89.37999725341797,88.05999755859375,89.12000274658203,11858800.0
2023-07-18,88.91500091552734,90.56500244140625,88.44999694824219,90.12999725341797,16406000.0
2023-07-19,90.3550033569336,90.7300033569336,89.55999755859375,89.90499877929688,20990000.0
2023-07-20,89.33000183105469,89.70999908447266,87.83499908447266,88.11000061035156,24356000.0
2023-07-21,88.66999816894531,89.11499786376953,87.95999908447266,88.06500244140625,14871400.0
2023-07-24,88.45500183105469,88.66999816894531,87.87999725341797,88.22000122070312,11308200.0
2023-07-25,88.50499725341797,89.5250015258789,88.48999786376953,89.2300033569336,10802200.0
2023-07-26,88.29499816894531,88.51000213623047,87.41000366210938,88.02999877929688,15501600.0
2023-07-27,89.22000122070312,89.48999786376953,87.375,87.7750015258789,13857000.0
2023-07-28,88.58999633789062,89.23500061035156,88.40499877929688,88.97000122070312,11287400.0
2023-07-31,89.05000305175781,89.28500366210938,88.66500091552734,89.17500305175781,10138400.0
2023-08-01,88.88500213623047,89.51499938964844,88.6500015258789,89.32499694824219,8845800.0
2023-08-02,88.54000091552734,88.59500122070312,86.80000305175781,87.11499786376953,15818600.0
2023-08-03,86.40499877929688,87.2699966430664,86.3499984741211,86.76000213623047,11321000.0
2023-08-04,86.46499633789062,86.98500061035156,85.44499969482422,85.58000183105469,14431800.0
2023-08-07,85.94000244140625,86.23500061035156,85.19999694824219,85.81999969482422,9536000.0
2023-08-08,85.22000122070312,85.2699966430664,84.30500030517578,85.16000366210938,11461800.0
2023-08-09,85.2750015258789,85.2750015258789,83.7699966430664,84.05999755859375,14301800.0
2023-08-10,84.69999694824219,85.43499755859375,83.65499877929688,84.06999969482422,12731400.0
2023-08-11,83.4000015258789,83.94000244140625,83.16000366210938,83.44999694824219,10772000.0
2023-08-14,83.36499786376953,84.79000091552734,83.16500091552734,84.77999877929688,10328000.0
2023-08-15,84.52999877929688,84.83000183105469,83.75,83.94499969482422,9366400.0
2023-08-16,83.76499938964844,84.24500274658203,83.13999938964844,83.1449966430664,9779400.0
2023-08-17,83.51499938964844,83.66999816894531,82.2300033569336,82.3550033569336,12614800.0
2023-08-18,81.5199966430664,82.81500244140625,81.47000122070312,82.4800033569336,13658600.0
2023-08-21,82.90499877929688,84.2249984741211,82.82499694824219,84.05500030517578,13132800.0
2023-08-22,84.80999755859375,84.86000061035156,83.7750015258789,83.95999908447266,11361800.0
2023-08-23,84.16500091552734,85.7249984741211,84.16000366210938,85.4749984741211,10113200.0
2023-08-24,86.55000305175781,86.55500030517578,83.44000244140625,83.50499725341797,13929000.0
2023-08-25,83.83999633789062,84.81999969482422,83.09500122070312,84.3550033569336,15686600.0
2023-08-28,84.99500274658203,85.2249984741211,84.38999938964844,85.04499816894531,8963800.0
2023-08-29,84.80000305175781,86.83499908447266,84.70999908447266,86.75,13713800.0
2023-08-30,86.76499938964844,87.49500274658203,86.46499633789062,87.40499877929688,12266600.0
2023-08-31,87.6050033569336,88.16500091552734,87.51000213623047,87.83000183105469,11963400.0
2023-09-01,88.37999725341797,88.49500274658203,87.6500015258789,88.0999984741211,9244600.0
2023-09-05,87.87999725341797,88.69000244140625,87.59500122070312,88.41500091552734,10060400.0
2023-09-06,88.06999969482422,88.29000091552734,86.94000244140625,87.4800033569336,18143200.0
2023-09-07,85.8550033569336,86.40499877929688,85.54000091552734,86.21499633789062,12513600.0
2023-09-08,86.20999908447266,86.94999694824219,86.16999816894531,86.3949966430664,8584800.0
2023-09-11,87.15499877929688,87.23500061035156,86.08499908447266,86.84500122070312,8272800.0
2023-09-12,86.12000274658203,86.42500305175781,85.11499786376953,85.2699966430664,12243000.0
2023-09-13,85.23500061035156,85.94499969482422,84.99500274658203,85.48500061035156,10008800.0
2023-09-14,86.01000213623047,86.31999969482422,85.47000122070312,86.1050033569336,9473200.0
2023-09-15,85.79499816894531,85.81999969482422,84.2249984741211,84.44999694824219,13116800.0
2023-09-18,84.0250015258789,84.95500183105469,84.0,84.67500305175781,9943800.0
2023-09-19,84.31500244140625,84.84500122070312,83.8550033569336,84.62999725341797,8236600.0
2023-09-20,84.86000061035156,84.97000122070312,83.26499938964844,83.30000305175781,10760400.0
2023-09-21,82.42500305175781,83.01000213623047,81.98999786376953,82.02999877929688,14741200.0
2023-09-22,82.38999938964844,82.95999908447266,82.0199966430664,82.20500183105469,12537800.0
2023-09-25,81.99500274658203,82.59500122070312,81.78500366210938,82.47000122070312,10577400.0
2023-09-26,81.93000030517578,81.9749984741211,80.70500183105469,80.98500061035156,14926000.0
2023-09-27,81.375,81.53500366210938,80.30500030517578,81.11000061035156,11665200.0
2023-09-28,80.7249984741211,82.20500183105469,80.34500122070312,81.68499755859375,12829400.0
2023-09-29,82.48999786376953,83.25499725341797,81.68499755859375,81.96499633789062,15883800.0
2023-10-02,82.00499725341797,83.08499908447266,81.87999725341797,82.84500122070312,13656200.0
2023-10-03,82.375,82.94000244140625,81.0199966430664,81.44000244140625,14838800.0
2023-10-04,81.50499725341797,82.67500305175781,81.50499725341797,82.45500183105469,15194200.0
2023-10-05,82.44999694824219,82.69999694824219,81.57499694824219,82.56500244140625,12023000.0
2023-10-06,82.0,84.47000122070312,81.76000213623047,84.11000061035156,16625600.0
2023-10-09,83.59500122070312,84.67500305175781,83.20999908447266,84.54499816894531,13139200.0
2023-10-10,84.6050033569336,85.3550033569336,84.37000274658203,84.67500305175781,20402800.0
2023-10-11,84.93499755859375,85.5,84.66500091552734,85.45999908447266,10389200.0
2023-10-12,85.53500366210938,86.41500091552734,84.88999938964844,85.54000091552734,15405800.0
2023-10-13,85.70999908447266,85.8550033569336,84.0199966430664,84.31500244140625,15183200.0
2023-10-16,84.45500183105469,85.51000213623047,84.44000244140625,85.125,14544200.0
2023-10-17,84.05500030517578,85.16999816894531,83.44999694824219,84.7300033569336,15317800.0
2023-10-18,84.13500213623047,84.81999969482422,83.51499938964844,83.86000061035156,12862800.0
2023-10-19,84.19499969482422,84.76000213623047,83.23500061035156,83.37999725341797,19991800.0
2023-10-20,83.33999633789062,83.4000015258789,81.88500213623047,81.97000122070312,15350400.0
2023-10-23,81.45999908447266,82.9000015258789,81.00499725341797,82.06500244140625,15159000.0
2023-10-24,82.38999938964844,82.75499725341797,81.73999786376953,82.62999725341797,11180400.0
2023-10-25,83.0250015258789,83.125,81.41000366210938,81.65499877929688,15529600.0
2023-10-26,81.80000305175781,82.16000366210938,79.75,80.09500122070312,20646400.0
2023-10-27,80.58499908447266,81.375,80.20500183105469,80.55999755859375,16231600.0
2023-10-30,80.98500061035156,81.71499633789062,80.73999786376953,81.42500305175781,14180800.0
2023-10-31,81.46499633789062,82.07499694824219,80.83000183105469,82.00499725341797,10893600.0
2023-11-01,82.1500015258789,83.69999694824219,82.1500015258789,83.58999633789062,20945800.0
2023-11-02,84.34500122070312,85.08000183105469,84.2300033569336,85.00499725341797,16192600.0
2023-11-03,84.91999816894531,86.2249984741211,84.73500061035156,85.87999725341797,15661800.0
2023-11-06,85.99500274658203,86.4749984741211,85.7249984741211,86.44499969482422,11099200.0
2023-11-07,86.67500305175781,87.6449966430664,86.54499816894531,87.38999938964844,13029800.0
2023-11-08,87.69000244140625,88.02999877929688,87.29000091552734,87.88500213623047,10722400.0
2023-11-09,88.01499938964844,88.66000366210938,87.36000061035156,87.4749984741211,14374600.0
2023-11-10,88.00499725341797,89.81999969482422,87.90499877929688,89.76000213623047,13346400.0
2023-11-13,89.38500213623047,89.45999908447266,88.86000061035156,89.23500061035156,11725000.0
2023-11-14,90.5999984741211,91.25,90.31999969482422,91.0199966430664,16508400.0
2023-11-15,91.42500305175781,91.56500244140625,90.78500366210938,91.13500213623047,13147800.0
2023-11-16,90.95500183105469,91.69000244140625,90.79000091552734,91.58999633789062,11553600.0
2023-11-17,91.38500213623047,91.75,91.00499725341797,91.4000015258789,13277800.0
2023-11-20,91.51499938964844,92.96499633789062,91.50499725341797,92.7249984741211,11116200.0
2023-11-21,92.30500030517578,92.44999694824219,91.63999938964844,91.9749984741211,13350800.0
2023-11-22,92.55500030517578,93.17500305175781,92.13500213623047,92.38500213623047,11213400.0
2023-11-24,92.2300033569336,92.30999755859375,91.8550033569336,92.20500183105469,4193800.0
2023-11-27,92.07499694824219,92.73500061035156,91.91000366210938,92.19999694824219,8420000.0
2023-11-28,91.88999938964844,92.62000274658203,91.88999938964844,92.375,11012400.0
2023-11-29,93.05000305175781,93.44999694824219,92.38999938964844,92.44499969482422,10765400.0
2023-11-30,92.83000183105469,92.95500183105469,91.80500030517578,92.58000183105469,13744000.0
2023-12-01,92.33999633789062,92.95500183105469,91.8949966430664,92.79000091552734,13992200.0
2023-12-04,91.86499786376953,91.86499786376953,90.66000366210938,91.66000366210938,18221800.0
2023-12-05,91.16999816894531,92.31500244140625,91.16999816894531,92.20999908447266,10841400.0
2023-12-06,92.78500366210938,92.91999816894531,91.36000061035156,91.43000030517578,14731400.0
2023-12-07,91.86499786376953,92.69499969482422,91.66999816894531,92.54000091552734,13928800.0
2023-12-08,92.33999633789062,93.40499877929688,92.2249984741211,93.33000183105469,12808800.0
2023-12-11,93.05500030517578,94.16500091552734,92.83999633789062,94.1449966430664,37795400.0
2023-12-12,93.80000305175781,94.80000305175781,93.72000122070312,94.7699966430664,15055400.0
2023-12-13,94.99500274658203,95.83499908447266,94.7699966430664,95.6050033569336,29395000.0
2023-12-14,95.68000030517578,96.04000091552734,94.66500091552734,95.37000274658203,15427400.0
2023-12-15,95.2699966430664,96.4000015258789,95.2699966430664,95.8499984741211,18131200.0
2023-12-18,95.62000274658203,96.13999938964844,95.21499633789062,95.92500305175781,10138000.0
2023-12-19,95.90499877929688,96.30000305175781,95.8499984741211,96.29000091552734,9003600.0
2023-12-20,96.18000030517578,96.5199966430664,94.81999969482422,94.83499908447266,13734800.0
2023-12-21,95.80000305175781,96.11499786376953,95.09500122070312,95.9000015258789,11336000.0
2023-12-22,96.17500305175781,96.30500030517578,95.55000305175781,96.0250015258789,10215000.0
2023-12-26,96.08499908447266,96.625,96.08499908447266,96.42500305175781,6207600.0
2023-12-27,96.4749984741211,96.62000274658203,96.01000213623047,96.41999816894531,11764600.0
2023-12-28,96.76000213623047,96.86000061035156,96.48999786376953,96.53500366210938,9615400.0
2023-12-29,96.58499908447266,96.77999877929688,95.76000213623047,96.23999786376953,12190600.0
2024-01-02,94.93000030517578,95.08000183105469,93.125,93.72000122070312,23545400.0
2024-01-03,92.86499786376953,93.375,92.5999984741211,92.76499938964844,18190000.0
2024-01-04,92.19499969482422,92.83499908447266,91.99500274658203,92.08499908447266,12127200.0
2024-01-05,92.19000244140625,92.8550033569336,91.70999908447266,92.05999755859375,16350600.0
2024-01-08,92.5250015258789,94.43499755859375,92.43000030517578,94.37000274658203,16434600.0
2024-01-09,93.6449966430664,94.79000091552734,93.44499969482422,94.5199966430664,10633800.0
2024-01-10,94.56500244140625,95.52999877929688,94.36499786376953,95.32499694824219,9785400.0
2024-01-11,95.79499816894531,96.2750015258789,94.46499633789062,95.80999755859375,13296600.0
2024-01-12,95.96499633789062,96.33999633789062,95.63999938964844,96.12000274658203,8834600.0
2024-01-16,96.0,96.76499938964844,95.44499969482422,96.36000061035156,11775600.0
2024-01-17,95.6449966430664,96.0,94.84500122070312,95.88500213623047,14109000.0
2024-01-18,97.16500091552734,97.91999816894531,96.80000305175781,97.83000183105469,18918800.0
2024-01-19,98.47000122070312,100.1050033569336,98.25499725341797,100.08499908447266,18333200.0
2024-01-22,100.57499694824219,101.13999938964844,100.1449966430664,100.5250015258789,14969000.0
2024-01-23,100.62000274658203,100.99500274658203,100.03500366210938,100.93000030517578,13263800.0
2024-01-24,101.625,102.6449966430664,101.33499908447266,101.625,17651200.0
2024-01-25,102.55999755859375,103.07499694824219,101.58000183105469,102.05000305175781,17071400.0
2024-01-26,101.33499908447266,101.78500366210938,100.6449966430664,100.875,10553000.0
2024-01-29,101.0,101.81999969482422,100.80000305175781,101.80000305175781,7639600.0
2024-01-30,101.76499938964844,101.91999816894531,100.6500015258789,100.95999908447266,12251600.0
2024-01-31,100.0,100.41000366210938,98.79000091552734,98.83999633789062,16295200.0
2024-02-01,99.23500061035156,100.2249984741211,99.16999816894531,100.08499908447266,14303400.0
2024-02-02,99.40499877929688,101.44000244140625,99.375,101.12000274658203,12872200.0
2024-02-05,101.52999877929688,101.63999938964844,100.4000015258789,101.3499984741211,10086200.0
2024-02-06,101.45999908447266,101.63500213623047,100.23500061035156,100.88500213623047,12677200.0
2024-02-07,101.59500122070312,102.24500274658203,101.19000244140625,102.22000122070312,11365800.0
2024-02-08,102.3949966430664,102.81500244140625,102.2699966430664,102.54000091552734,9948200.0
2024-02-09,102.97000122070312,104.05500030517578,102.8499984741211,103.91999816894531,11612200.0
2024-02-12,103.91500091552734,104.23500061035156,102.9800033569336,103.12999725341797,10753200.0
2024-02-13,100.8949966430664,102.05999755859375,100.58999633789062,101.37999725341797,19459400.0
2024-02-14,102.13500213623047,102.5199966430664,101.41500091552734,102.44000244140625,11791600.0
2024-02-15,102.57499694824219,102.67500305175781,101.65499877929688,102.2249984741211,10796400.0
2024-02-16,102.5,102.70500183105469,101.1500015258789,101.28500366210938,11090400.0
2024-02-20,100.69000244140625,101.05000305175781,99.25,100.25499725341797,17447600.0
2024-02-21,99.28500366210938,99.625,98.53500366210938,99.625,15954400.0
2024-02-22,102.19999694824219,103.16500091552734,101.96499633789062,102.88500213623047,18551600.0
2024-02-23,103.69999694824219,103.83000183105469,102.31999969482422,102.6449966430664,12324000.0
2024-02-26,103.09500122070312,103.3499984741211,102.63999938964844,102.74500274658203,18248800.0
2024-02-27,103.0250015258789,103.0250015258789,102.06999969482422,102.83499908447266,9984400.0
2024-02-28,102.49500274658203,102.62999725341797,101.9800033569336,102.3499984741211,8329000.0
2024-02-29,102.8949966430664,103.73500061035156,102.31999969482422,103.48999786376953,11986800.0
2024-03-01,103.75499725341797,105.52999877929688,103.70500183105469,105.37999725341797,13136800.0
2024-03-04,105.2300033569336,105.98500061035156,104.99500274658203,105.37999725341797,20443800.0
2024-03-05,104.33999633789062,104.38999938964844,102.125,102.79000091552734,18042800.0
2024-03-06,103.86499786376953,104.38500213623047,102.91000366210938,103.6050033569336,14303200.0
2024-03-07,104.48999786376953,105.55999755859375,103.97000122070312,105.23999786376953,12120800.0
2024-03-08,105.43000030517578,106.17500305175781,103.61000061035156,103.67500305175781,14912200.0
2024-03-11,103.19999694824219,103.62000274658203,102.6449966430664,103.38999938964844,15648400.0
2024-03-12,104.38500213623047,105.5199966430664,103.3949966430664,105.51000213623047,17382800.0
2024-03-13,105.19000244140625,105.25,103.93499755859375,104.37000274658203,12815400.0
2024-03-14,104.80999755859375,105.18000030517578,103.75499725341797,104.38999938964844,16023200.0
2024-03-15,102.88999938964844,103.36000061035156,102.3949966430664,102.81500244140625,19633400.0
2024-03-18,103.54499816894531,104.20999908447266,103.06999969482422,103.1500015258789,14176600.0
2024-03-19,102.6449966430664,103.69999694824219,102.12999725341797,103.68499755859375,13390200.0
2024-03-20,103.76499938964844,104.87999725341797,103.4000015258789,104.84500122070312,13357400.0
2024-03-21,105.96499633789062,105.96499633789062,104.83000183105469,104.91999816894531,12312000.0
2024-03-22,104.92500305175781,105.33999633789062,104.55000305175781,104.95500183105469,11507000.0
2024-03-25,103.95999908447266,104.70500183105469,103.66000366210938,104.26000213623047,8777800.0
2024-03-26,104.63500213623047,104.80500030517578,103.74500274658203,103.83000183105469,8538400.0
2024-03-27,104.48500061035156,104.54000091552734,103.55999755859375,104.36000061035156,12495000.0
2024-03-28,104.11499786376953,104.43499755859375,103.92500305175781,104.13500213623047,8854400.0
2024-04-01,104.3550033569336,105.03500366210938,104.04499816894531,104.42500305175781,11654800.0
2024-04-02,103.26499938964844,103.56999969482422,102.58000183105469,103.41999816894531,11418200.0
2024-04-03,102.9000015258789,104.2300033569336,102.875,103.69499969482422,10670000.0
2024-04-04,104.68499755859375,105.05000305175781,102.0,102.05500030517578,16464800.0
2024-04-05,102.5,103.75,102.21499633789062,103.2249984741211,12808800.0
2024-04-08,103.29000091552734,103.62999725341797,102.7249984741211,103.1050033569336,8125800.0
2024-04-09,103.63500213623047,103.8499984741211,102.33000183105469,103.625,9400800.0
2024-04-10,102.44499969482422,102.73500061035156,101.91500091552734,102.3550033569336,13836800.0
2024-04-11,102.80999755859375,104.56999969482422,102.31500244140625,104.4000015258789,10563600.0
2024-04-12,103.15499877929688,103.63999938964844,102.33000183105469,102.70999908447266,16186800.0
2024-04-15,103.33999633789062,103.40499877929688,100.6050033569336,100.76000213623047,17189000.0
2024-04-16,100.9800033569336,101.50499725341797,100.4800033569336,100.87999725341797,14914000.0
2024-04-17,101.25,101.41999816894531,99.3499984741211,99.42500305175781,13090400.0
2024-04-18,99.3949966430664,99.6500015258789,98.18499755859375,98.29000091552734,15280600.0
2024-04-19,97.91500091552734,98.23500061035156,96.0199966430664,96.26499938964844,21880000.0
2024-04-22,97.00499725341797,97.70999908447266,96.04000091552734,97.125,13293400.0
2024-04-23,97.52999877929688,98.70999908447266,97.38500213623047,98.56500244140625,12151600.0
2024-04-24,99.29499816894531,99.70500183105469,98.47000122070312,99.01499938964844,9160200.0
2024-04-25,97.77999877929688,98.98500061035156,97.34500122070312,98.80000305175781,11568000.0
2024-04-26,99.58000183105469,100.6449966430664,99.19000244140625,99.91500091552734,10104200.0
2024-04-29,100.43000030517578,100.58000183105469,99.76000213623047,100.34500122070312,7494800.0
2024-04-30,100.0,100.40499877929688,98.1050033569336,98.13500213623047,14929000.0
2024-05-01,97.61000061035156,99.25,97.11000061035156,97.12999725341797,20453600.0
2024-05-02,98.37000274658203,98.66500091552734,97.12999725341797,98.52999877929688,13340000.0
2024-05-03,101.19499969482422,101.61499786376953,100.83499908447266,101.2750015258789,13316400.0
2024-05-06,101.66000366210938,102.46499633789062,101.50499725341797,102.46499633789062,8021000.0
2024-05-07,102.76499938964844,102.81500244140625,102.12000274658203,102.12999725341797,10020800.0
2024-05-08,101.76499938964844,102.52999877929688,101.73999786376953,102.41999816894531,7176000.0
2024-05-09,102.25499725341797,102.47000122070312,101.87999725341797,102.38999938964844,9589600.0
2024-05-10,102.92500305175781,103.38500213623047,102.44499969482422,102.7699966430664,8753800.0
2024-05-13,103.5250015258789,103.61000061035156,102.93000030517578,103.25499725341797,6582000.0
2024-05-14,103.22000122070312,104.31500244140625,103.16000366210938,104.16999816894531,9825200.0
2024-05-15,104.82499694824219,106.55000305175781,104.75,106.51499938964844,14308600.0
2024-05-16,106.58000183105469,106.91000366210938,106.0999984741211,106.1449966430664,12066600.0
2024-05-17,106.38999938964844,106.45500183105469,105.33000183105469,105.91000366210938,7616000.0
2024-05-20,106.01499938964844,107.3550033569336,105.91999816894531,107.15499877929688,6276800.0
2024-05-21,106.74500274658203,107.50499725341797,106.55500030517578,107.33000183105469,6140400.0
2024-05-22,107.63500213623047,107.96499633789062,106.93499755859375,107.56999969482422,11783000.0
2024-05-23,108.80000305175781,108.80999755859375,106.3550033569336,106.69499969482422,9400400.0
2024-05-24,106.96499633789062,107.82499694824219,106.61000061035156,107.59500122070312,5906400.0
2024-05-28,108.20500183105469,108.29000091552734,107.375,108.05000305175781,8786400.0
2024-05-29,106.91000366210938,107.87999725341797,106.91000366210938,107.36499786376953,8569000.0
2024-05-30,106.16999816894531,106.33000183105469,104.58999633789062,104.91500091552734,10450600.0
2024-05-31,105.2249984741211,105.24500274658203,102.76499938964844,105.08000183105469,12081000.0
2024-06-03,105.88500213623047,105.9800033569336,104.08499908447266,105.34500122070312,9628000.0
2024-06-04,105.29000091552734,105.73500061035156,104.75,105.56500244140625,6405400.0
2024-06-05,106.4000015258789,107.91000366210938,106.2300033569336,107.91000366210938,8788800.0
2024-06-06,107.97000122070312,108.04499816894531,107.26499938964844,107.55000305175781,7057600.0
2024-06-07,107.66500091552734,108.26000213623047,107.2699966430664,107.80000305175781,6398600.0
2024-06-10,107.43499755859375,108.36499786376953,107.36499786376953,108.07499694824219,6734800.0
2024-06-11,107.80000305175781,110.11499786376953,107.75,110.08499908447266,12719200.0
2024-06-12,111.18000030517578,113.65499877929688,110.9749984741211,112.5199966430664,17821200.0
2024-06-13,113.56500244140625,113.87999725341797,112.72000122070312,113.41000366210938,12693600.0
2024-06-14,113.25,113.9000015258789,113.17500305175781,113.83499908447266,7864600.0
2024-06-17,114.11499786376953,115.96499633789062,113.7249984741211,115.55999755859375,11602600.0
2024-06-18,115.67500305175781,116.08499908447266,115.24500274658203,115.70500183105469,8677800.0
2024-06-20,116.2249984741211,116.29499816894531,114.0199966430664,114.40499877929688,13243000.0
2024-06-21,114.43000030517578,114.87999725341797,113.68499755859375,114.20500183105469,13560200.0
2024-06-24,112.81999969482422,113.33000183105469,111.18000030517578,111.20999908447266,13748600.0
2024-06-25,112.0250015258789,113.30999755859375,111.3949966430664,113.25,9126200.0
2024-06-26,113.08000183105469,113.65499877929688,112.23999786376953,113.12000274658203,9459600.0
2024-06-27,112.9000015258789,113.73500061035156,112.76499938964844,113.17500305175781,7923600.0
2024-06-28,113.56999969482422,115.19499969482422,112.95999908447266,113.11499786376953,12488200.0
2024-07-01,113.28500366210938,114.16000366210938,111.63999938964844,113.97000122070312,9281600.0
2024-07-02,112.9800033569336,114.55000305175781,112.9800033569336,114.54000091552734,7076600.0
2024-07-03,114.375,116.13999938964844,114.27999877929688,116.08499908447266,6249200.0
2024-07-05,116.21499633789062,116.95500183105469,115.73500061035156,116.44000244140625,6671800.0
2024-07-08,116.81500244140625,117.57499694824219,116.61499786376953,117.23500061035156,7671000.0
2024-07-09,117.83499908447266,118.11499786376953,116.47000122070312,117.13999938964844,8678600.0
2024-07-10,117.94499969482422,118.92500305175781,117.28500366210938,118.83999633789062,8749400.0
2024-07-11,119.0199966430664,119.06999969482422,115.52999877929688,115.86499786376953,14106000.0
2024-07-12,116.18499755859375,118.13999938964844,115.77999877929688,116.9000015258789,9767600.0
2024-07-15,117.49500274658203,118.26499938964844,116.44499969482422,117.11000061035156,8628000.0
2024-07-16,117.38500213623047,117.44499969482422,115.88500213623047,116.72000122070312,7652200.0
2024-07-17,114.05000305175781,114.16500091552734,112.125,112.18000030517578,12440400.0
2024-07-18,113.41000366210938,113.43000030517578,110.7750015258789,112.19000244140625,10837200.0
2024-07-19,111.59500122070312,112.27999877929688,110.19000244140625,110.43499755859375,8472800.0
2024-07-22,111.8949966430664,113.18000030517578,111.41999816894531,113.05000305175781,10601600.0
2024-07-23,112.58000183105469,113.61499786376953,112.44999694824219,112.5999984741211,5530800.0
2024-07-24,111.12999725341797,111.4800033569336,107.68000030517578,107.94000244140625,14300800.0
2024-07-25,107.82499694824219,109.43499755859375,105.2300033569336,106.78500366210938,21158000.0
2024-07-26,108.2249984741211,109.0,107.2249984741211,108.13999938964844,11697800.0
2024-07-29,109.0,109.47000122070312,107.34500122070312,107.66000366210938,7343800.0
2024-07-30,108.05999755859375,108.16500091552734,104.1500015258789,104.95500183105469,10694600.0
2024-07-31,108.19499969482422,109.79499816894531,107.43499755859375,109.4000015258789,14614000.0
2024-08-01,109.0999984741211,110.36499786376953,104.19999694824219,105.31999969482422,16991400.0
2024-08-02,102.5199966430664,103.36499786376953,100.625,102.36000061035156,18621600.0
2024-08-05,95.95500183105469,100.86000061035156,95.375,98.94999694824219,31430000.0
2024-08-06,100.21499633789062,102.32499694824219,99.1500015258789,100.29499816894531,24575800.0
2024-08-07,102.7249984741211,103.2249984741211,98.53500366210938,98.66999816894531,17653600.0
2024-08-08,100.45500183105469,102.61000061035156,99.0,102.3550033569336,14477200.0
2024-08-09,102.29499816894531,103.40499877929688,101.67500305175781,102.81500244140625,9535600.0
2024-08-12,103.13500213623047,104.45500183105469,102.65499877929688,103.65499877929688,8580200.0
2024-08-13,104.94000244140625,106.875,104.80999755859375,106.83999633789062,9999600.0
2024-08-14,107.5,107.97000122070312,105.9800033569336,107.42500305175781,8922400.0
2024-08-15,108.81500244140625,110.625,108.58000183105469,110.51499938964844,9518800.0
2024-08-16,109.93000030517578,110.91500091552734,109.62999725341797,110.69999694824219,6706400.0
2024-08-19,110.44000244140625,112.52999877929688,109.98999786376953,112.5250015258789,13004200.0
2024-08-20,112.2300033569336,112.90499877929688,111.47000122070312,112.12999725341797,7221600.0
2024-08-21,112.19999694824219,113.18000030517578,111.84500122070312,112.79000091552734,7538800.0
2024-08-22,113.41999816894531,113.68499755859375,109.96499633789062,110.19499969482422,9083600.0
2024-08-23,111.29000091552734,112.47000122070312,110.55000305175781,111.9800033569336,10681000.0
2024-08-26,111.87999725341797,112.30000305175781,110.01000213623047,110.57499694824219,6268800.0
2024-08-27,109.88999938964844,111.4800033569336,109.3499984741211,111.24500274658203,7656000.0
2024-08-28,111.0999984741211,111.31500244140625,108.79000091552734,109.70999908447266,9002200.0
2024-08-29,109.73999786376953,111.28500366210938,108.44000244140625,108.72000122070312,13314800.0
2024-08-30,109.90499877929688,110.58999633789062,108.72000122070312,110.16500091552734,10048400.0
2024-09-03,109.0,109.08000183105469,104.50499725341797,105.1050033569336,14765800.0
2024-09-04,104.04000091552734,106.02999877929688,103.70999908447266,104.83499908447266,12330000.0
2024-09-05,104.08000183105469,105.9749984741211,103.98500061035156,104.67500305175781,8874800.0
2024-09-06,104.58999633789062,104.83999633789062,101.48999786376953,101.95999908447266,12441000.0
2024-09-09,103.2249984741211,103.74500274658203,102.2699966430664,103.62999725341797,10922000.0
2024-09-10,104.34500122070312,105.40499877929688,103.3499984741211,105.18000030517578,10123000.0
2024-09-11,105.54000091552734,108.93499755859375,103.87000274658203,108.7699966430664,12768800.0
2024-09-12,108.69000244140625,110.13500213623047,107.92500305175781,109.66999816894531,10604200.0
2024-09-13,109.80500030517578,110.49500274658203,109.36000061035156,110.22000122070312,8047400.0
2024-09-16,109.42500305175781,110.1500015258789,108.78500366210938,109.80000305175781,6897800.0
2024-09-17,110.9000015258789,111.06999969482422,109.02999877929688,109.58499908447266,6990000.0
2024-09-18,109.86000061035156,110.62999725341797,108.4800033569336,108.58499908447266,12741600.0
2024-09-19,111.63500213623047,112.50499725341797,111.0250015258789,111.80999755859375,13934000.0
2024-09-20,111.37000274658203,111.76499938964844,110.2699966430664,111.26499938964844,14492800.0
2024-09-23,111.16500091552734,111.30999755859375,110.70500183105469,111.04499816894531,7490600.0
2024-09-24,111.51000213623047,112.02999877929688,110.30999755859375,111.80500030517578,7025800.0
2024-09-25,111.58499908447266,112.61499786376953,111.53500366210938,112.125,6111600.0
2024-09-26,114.31500244140625,114.44000244140625,112.41500091552734,113.61000061035156,9244800.0
2024-09-27,113.7699966430664,113.80500030517578,112.12999725341797,112.55000305175781,6093800.0
2024-09-30,112.05999755859375,112.94999694824219,111.5,112.87999725341797,5500400.0
2024-10-01,112.54499816894531,112.61000061035156,109.4749984741211,110.12999725341797,11295400.0
2024-10-02,110.15499877929688,111.44999694824219,109.52999877929688,110.94499969482422,4532400.0
2024-10-03,110.62000274658203,112.22000122070312,110.6050033569336,111.40499877929688,5784800.0
2024-10-04,112.84500122070312,112.92500305175781,111.45999908447266,112.6449966430664,5009200.0
2024-10-07,112.13999938964844,112.88500213623047,111.58999633789062,111.87000274658203,4430400.0
2024-10-08,112.67500305175781,114.1500015258789,112.41999816894531,113.95999908447266,7864800.0
2024-10-09,114.05000305175781,115.3949966430664,113.69499969482422,115.23500061035156,7579800.0
2024-10-10,114.46499633789062,115.50499725341797,114.1449966430664,115.20500183105469,5692200.0
2024-10-11,114.93000030517578,115.66500091552734,114.76000213623047,115.40499877929688,8849000.0
2024-10-14,116.13999938964844,117.1500015258789,116.08499908447266,116.91000366210938,9810200.0
2024-10-15,117.0,117.28500366210938,113.91500091552734,114.33999633789062,14179400.0
2024-10-16,114.69999694824219,114.87000274658203,113.45999908447266,114.69499969482422,5758800.0
2024-10-17,116.29499816894531,116.36000061035156,115.04499816894531,115.04499816894531,6051200.0
2024-10-18,115.6449966430664,115.87999725341797,115.20999908447266,115.45500183105469,4537000.0
2024-10-21,115.09500122070312,116.01000213623047,114.88500213623047,115.99500274658203,6322400.0
2024-10-22,115.37999725341797,116.2699966430664,115.05000305175781,115.875,6169200.0
2024-10-23,115.44499969482422,115.62000274658203,113.23999786376953,114.21499633789062,6083600.0
2024-10-24,114.68000030517578,114.83499908447266,113.87000274658203,114.55000305175781,4832800.0
2024-10-25,115.19999694824219,116.44000244140625,114.9800033569336,115.1449966430664,8314800.0
2024-10-28,115.97000122070312,115.97000122070312,115.08499908447266,115.11000061035156,5899200.0
2024-10-29,115.33000183105469,116.99500274658203,114.9000015258789,116.66000366210938,7451600.0
2024-10-30,115.59500122070312,115.90499877929688,114.7300033569336,114.80500030517578,8341200.0
2024-10-31,113.54499816894531,113.54499816894531,111.08000183105469,111.12000274658203,12110200.0
2024-11-01,111.23999786376953,112.79000091552734,111.08999633789062,111.95500183105469,11565800.0
2024-11-04,112.05999755859375,112.67500305175781,111.3949966430664,111.87000274658203,6311800.0
2024-11-05,112.21499633789062,113.53500366210938,112.21499633789062,113.44499969482422,7273000.0
2024-11-06,115.63500213623047,116.88999938964844,115.29000091552734,116.67500305175781,10967800.0
2024-11-07,117.48500061035156,118.84500122070312,117.43000030517578,118.70999908447266,10463000.0
2024-11-08,118.55999755859375,118.97000122070312,118.1500015258789,118.58000183105469,7236400.0
2024-11-11,118.56500244140625,118.63999938964844,117.22000122070312,117.92500305175781,7267200.0
2024-11-12,117.84500122070312,118.2249984741211,117.1449966430664,118.07499694824219,7530800.0
2024-11-13,117.82499694824219,118.53500366210938,117.30000305175781,117.66500091552734,6329600.0
2024-11-14,117.8550033569336,118.05999755859375,117.07499694824219,117.26499938964844,6602000.0
2024-11-15,115.81500244140625,115.96499633789062,113.9749984741211,114.3550033569336,11229800.0
2024-11-18,114.3550033569336,115.20999908447266,113.86000061035156,114.7249984741211,6166800.0
2024-11-19,114.00499725341797,115.76000213623047,114.00499725341797,115.66500091552734,6906800.0
2024-11-20,115.76499938964844,115.80500030517578,114.0250015258789,115.56500244140625,8874400.0
2024-11-21,116.68499755859375,117.28500366210938,114.9000015258789,116.73999786376953,10591800.0
2024-11-22,116.52999877929688,117.06999969482422,116.11000061035156,116.80000305175781,7090800.0
2024-11-25,117.68000030517578,117.88500213623047,116.26499938964844,116.79499816894531,11137200.0
2024-11-26,117.32499694824219,117.74500274658203,116.87999725341797,117.37999725341797,6229400.0
2024-11-27,116.58499908447266,116.65499877929688,114.76499938964844,115.79000091552734,6369400.0
2024-11-29,116.05999755859375,117.11000061035156,115.94499969482422,116.86499786376953,4168400.0
2024-12-02,116.94999694824219,118.41500091552734,116.91999816894531,117.9749984741211,9398200.0
2024-12-03,117.4749984741211,118.43000030517578,117.24500274658203,118.4000015258789,5576000.0
2024-12-04,119.87999725341797,120.625,119.52999877929688,120.56500244140625,10840000.0
2024-12-05,120.375,120.51499938964844,119.79000091552734,119.95500183105469,5638000.0
2024-12-06,120.16500091552734,120.94000244140625,120.03500366210938,120.41999816894531,6654200.0
2024-12-09,119.97000122070312,120.4000015258789,119.33000183105469,119.63500213623047,8032400.0
2024-12-10,119.2300033569336,119.55500030517578,117.5999984741211,117.9749984741211,11234400.0
2024-12-11,118.91000366210938,120.06500244140625,118.5,119.68499755859375,8689600.0
2024-12-12,118.91999816894531,119.45500183105469,118.62999725341797,119.01499938964844,7218200.0
2024-12-13,120.08999633789062,120.55999755859375,118.57499694824219,119.5250015258789,8677000.0
2024-12-16,119.68000030517578,120.82499694824219,119.42500305175781,120.72000122070312,9442600.0
2024-12-17,119.86499786376953,120.45999908447266,119.40499877929688,119.98999786376953,8145000.0
2024-12-18,120.3949966430664,120.7249984741211,115.8499984741211,116.12000274658203,16927200.0
2024-12-19,117.30000305175781,117.68000030517578,116.09500122070312,116.24500274658203,13383400.0
2024-12-20,115.45500183105469,118.93000030517578,115.09500122070312,117.9800033569336,14924800.0
2024-12-23,118.125,119.08499908447266,117.49500274658203,119.03500366210938,7973400.0
2024-12-24,119.45999908447266,120.2699966430664,119.27999877929688,120.26499938964844,4653400.0
2024-12-26,119.87999725341797,120.78500366210938,119.49500274658203,120.34500122070312,7150800.0
2024-12-27,119.53500366210938,119.69000244140625,117.57499694824219,118.74500274658203,8726400.0
2024-12-30,117.01499938964844,118.16999816894531,116.29000091552734,117.23500061035156,7950400.0
2024-12-31,117.55500030517578,117.63500213623047,115.87999725341797,116.26000213623047,9381200.0
2025-01-02,117.18000030517578,117.51000213623047,114.88999938964844,115.98500061035156,12766600.0
2025-01-03,116.69499969482422,118.0,116.46499633789062,117.875,9117600.0
2025-01-06,119.22000122070312,120.52999877929688,118.90499877929688,119.375,8975400.0
2025-01-07,120.0,120.0,116.56999969482422,116.9800033569336,10006800.0
2025-01-08,117.25,117.2699966430664,115.81500244140625,116.94000244140625,10023800.0
2025-01-10,115.70999908447266,115.7300033569336,113.71499633789062,114.38999938964844,11665800.0
2025-01-13,112.55000305175781,113.66000366210938,112.2249984741211,113.58000183105469,10656000.0
2025-01-14,114.45999908447266,114.7750015258789,112.9749984741211,113.87999725341797,7220200.0
2025-01-15,115.43499755859375,116.48500061035156,115.05500030517578,116.1449966430664,10465400.0
2025-01-16,117.08999633789062,117.16500091552734,115.2249984741211,115.25,5368400.0
2025-01-17,117.33000183105469,117.47000122070312,116.54000091552734,117.05500030517578,6742600.0
2025-01-21,117.44499969482422,118.31999969482422,116.62999725341797,118.02999877929688,6744200.0
2025-01-22,119.625,120.9749984741211,119.45500183105469,120.69499969482422,10243800.0
2025-01-23,119.76499938964844,120.93499755859375,119.6500015258789,120.91000366210938,7604400.0
2025-01-24,121.29000091552734,121.29000091552734,119.26499938964844,119.6500015258789,6607600.0
2025-01-27,114.29000091552734,115.48999786376953,112.73500061035156,113.78500366210938,20705600.0
2025-01-28,114.55500030517578,117.08000183105469,113.34500122070312,116.81999969482422,11260600.0
2025-01-29,116.58999633789062,116.6449966430664,114.74500274658203,115.87000274658203,9050000.0
2025-01-30,115.66500091552734,116.48500061035156,114.87000274658203,116.08499908447266,8840200.0
2025-01-31,117.16500091552734,117.86499786376953,115.09500122070312,115.40499877929688,10741800.0
2025-02-03,112.8499984741211,114.54499816894531,112.25,113.8499984741211,13752800.0
2025-02-04,114.23999786376953,115.66999816894531,114.19999694824219,115.48999786376953,8371200.0
2025-02-05,115.59500122070312,117.12000274658203,115.2300033569336,117.09500122070312,5398000.0
2025-02-06,117.09500122070312,117.65499877929688,116.57499694824219,117.41500091552734,6808000.0
2025-02-07,117.88999938964844,118.45500183105469,116.0199966430664,116.41000366210938,8552800.0
2025-02-10,117.33000183105469,118.40499877929688,117.29499816894531,118.11000061035156,6054200.0
2025-02-11,117.45500183105469,118.63999938964844,117.375,118.16500091552734,6456200.0
2025-02-12,116.5,118.05000305175781,116.37000274658203,117.91000366210938,8555600.0
2025-02-13,118.12000274658203,119.65499877929688,117.95500183105469,119.58000183105469,7829600.0
2025-02-14,119.4800033569336,120.08499908447266,119.26000213623047,119.98500061035156,4557000.0
2025-02-18,120.6050033569336,121.09500122070312,120.04499816894531,121.08000183105469,6024000.0
2025-02-19,120.94499969482422,121.56999969482422,120.0999984741211,121.08999633789062,5604200.0
2025-02-20,120.9749984741211,121.13500213623047,119.43000030517578,120.70500183105469,5987400.0
2025-02-21,120.73999786376953,120.79000091552734,117.375,117.43499755859375,9057600.0
2025-02-24,117.88999938964844,118.22000122070312,115.61000061035156,115.75499725341797,7447600.0
2025-02-25,115.51000213623047,115.61499786376953,113.4749984741211,114.25499725341797,10433600.0
2025-02-26,115.375,116.58999633789062,114.61499786376953,115.5,7630600.0
2025-02-27,116.12999725341797,116.25,111.24500274658203,111.29499816894531,10100000.0
2025-02-28,110.79499816894531,112.87999725341797,109.8499984741211,112.76499938964844,14172200.0
2025-03-03,113.34500122070312,113.57499694824219,108.5250015258789,109.33499908447266,12516200.0
2025-03-04,108.5250015258789,111.18000030517578,107.12999725341797,109.25,17721000.0
2025-03-05,109.58999633789062,111.1449966430664,108.12000274658203,110.78500366210938,11931000.0
2025-03-06,108.51000213623047,110.2249984741211,107.19000244140625,107.70999908447266,16432000.0
2025-03-07,107.58499908447266,109.54499816894531,106.31500244140625,109.2699966430664,11263400.0
2025-03-10,107.11000061035156,107.30999755859375,103.54000091552734,104.625,21561800.0
2025-03-11,104.30500030517578,105.95500183105469,103.1449966430664,104.19999694824219,14832800.0
2025-03-12,106.05999755859375,106.76000213623047,104.57499694824219,105.83999633789062,10981600.0
2025-03-13,105.53500366210938,105.7699966430664,103.42500305175781,103.83000183105469,12383000.0
2025-03-14,105.19000244140625,107.08000183105469,105.15499877929688,106.97000122070312,10040800.0
2025-03-17,106.88500213623047,108.4800033569336,106.57499694824219,107.71499633789062,10148800.0
2025-03-18,106.94999694824219,107.05999755859375,105.68499755859375,106.07499694824219,11486600.0
2025-03-19,106.62000274658203,108.71499633789062,106.17500305175781,107.45500183105469,8838600.0
2025-03-20,106.23500061035156,107.86499786376953,106.07499694824219,106.69000244140625,7145200.0
2025-03-21,105.36000061035156,107.125,104.97000122070312,106.9800033569336,10425400.0
2025-03-24,108.56999969482422,109.07499694824219,108.28500366210938,108.81500244140625,8200200.0
2025-03-25,108.74500274658203,109.31999969482422,108.69000244140625,109.17500305175781,7481800.0
2025-03-26,108.83999633789062,109.0999984741211,106.31999969482422,106.73999786376953,7873000.0
2025-03-27,106.01000213623047,106.61000061035156,105.19499969482422,105.75499725341797,6577800.0
2025-03-28,105.20500183105469,105.62999725341797,102.83999633789062,103.19000244140625,10667600.0
2025-03-31,101.38999938964844,103.4749984741211,100.36499786376953,103.23999786376953,14219000.0
2025-04-01,102.83000183105469,104.08499908447266,101.98999786376953,103.99500274658203,9480200.0
2025-04-02,102.51000213623047,105.62999725341797,102.43000030517578,104.76499938964844,9292000.0
2025-04-03,99.74500274658203,100.3499984741211,97.53500366210938,97.61499786376953,19451400.0
2025-04-04,94.56999969482422,95.31999969482422,91.1500015258789,91.18499755859375,33804600.0
2025-04-07,87.46499633789062,95.90499877929688,86.2249984741211,91.7300033569336,44557800.0
2025-04-08,95.1449966430664,96.41999816894531,88.22000122070312,89.86499786376953,25811400.0
2025-04-09,90.05000305175781,102.48999786376953,89.93499755859375,101.93000030517578,36988800.0
2025-04-10,98.42500305175781,99.0999984741211,93.86499786376953,97.18499755859375,19747600.0
2025-04-11,96.69999694824219,99.5999984741211,95.9749984741211,99.17500305175781,14423200.0
2025-04-14,102.25,102.31500244140625,99.0,100.08000183105469,11904400.0
2025-04-15,100.23500061035156,101.20500183105469,99.9749984741211,100.44499969482422,7200000.0
2025-04-16,97.75,98.79000091552734,95.2699966430664,96.95500183105469,13222400.0
2025-04-17,97.6500015258789,97.6500015258789,96.0199966430664,96.43000030517578,7480800.0
2025-04-21,94.90499877929688,95.1449966430664,92.59500122070312,93.94000244140625,8973400.0
2025-04-22,95.19000244140625,96.78500366210938,94.63500213623047,96.2300033569336,9312800.0
2025-04-23,99.91999816894531,100.9749984741211,98.61499786376953,99.0199966430664,13413800.0
2025-04-24,99.99500274658203,102.8550033569336,99.83499908447266,102.71499633789062,9317000.0
2025-04-25,102.40499877929688,104.43000030517578,102.30500030517578,104.23500061035156,6518400.0
2025-04-28,104.0999984741211,104.61499786376953,102.51000213623047,104.06500244140625,5574400.0
2025-04-29,103.56500244140625,104.98500061035156,103.56500244140625,104.55000305175781,9144400.0
2025-04-30,102.49500274658203,105.375,101.9000015258789,104.98500061035156,10203800.0
2025-05-01,107.27999877929688,108.2750015258789,106.43000030517578,106.5250015258789,11532800.0
2025-05-02,107.74500274658203,108.80999755859375,107.45500183105469,108.30500030517578,8125400.0
2025-05-05,107.375,108.5,107.31999969482422,107.7300033569336,6757000.0
2025-05-06,106.12999725341797,107.62000274658203,105.80500030517578,106.83499908447266,7958200.0
2025-05-07,106.83499908447266,108.375,106.0999984741211,107.90499877929688,8169400.0
2025-05-08,108.9749984741211,109.97000122070312,108.00499725341797,108.93499755859375,8704400.0
2025-05-09,109.41999816894531,109.62000274658203,108.23999786376953,108.80000305175781,7330000.0
2025-05-12,113.41500091552734,113.88999938964844,112.2699966430664,113.8499984741211,13478200.0
2025-05-13,114.26000213623047,116.69000244140625,114.12999725341797,116.30999755859375,12757200.0
2025-05-14,116.8550033569336,117.5250015258789,116.37999725341797,117.06500244140625,10248000.0
2025-05-15,116.43000030517578,117.88500213623047,116.29000091552734,117.2249984741211,9536400.0
2025-05-16,117.6050033569336,117.6050033569336,116.43000030517578,117.44499969482422,8111600.0
2025-05-19,115.70999908447266,117.54000091552734,115.66999816894531,117.2750015258789,11863000.0
2025-05-20,116.54499816894531,116.8550033569336,115.94999694824219,116.83499908447266,10273200.0
2025-05-21,115.73999786376953,117.3550033569336,114.17500305175781,114.63999938964844,18643600.0
2025-05-22,114.69499969482422,115.69999694824219,114.41500091552734,114.66999816894531,11372000.0
2025-05-23,112.67500305175781,114.1449966430664,112.55000305175781,113.40499877929688,12004000.0
2025-05-27,115.16999816894531,116.26000213623047,114.78500366210938,116.0999984741211,14208400.0
2025-05-28,116.23999786376953,116.70500183105469,115.44999694824219,115.62000274658203,10789200.0
2025-05-29,117.37000274658203,117.48999786376953,115.22000122070312,115.81500244140625,14011800.0
2025-05-30,115.76000213623047,115.81500244140625,113.70999908447266,115.45500183105469,13494000.0
2025-06-02,115.1500015258789,116.54499816894531,115.01000213623047,116.4749984741211,12878800.0
2025-06-03,116.62999725341797,118.31500244140625,116.54499816894531,118.2249984741211,14312400.0
2025-06-04,118.375,118.7699966430664,117.81500244140625,118.4000015258789,10899200.0
2025-06-05,118.75,119.78500366210938,117.55500030517578,118.06500244140625,15885200.0
2025-06-06,119.20500183105469,119.7300033569336,118.83999633789062,119.18000030517578,9026000.0
2025-06-09,119.6449966430664,120.50499725341797,119.55500030517578,119.76499938964844,11100600.0
2025-06-10,119.74500274658203,120.61499786376953,119.29499816894531,120.43499755859375,9831600.0
2025-06-11,120.7249984741211,121.21499633789062,119.55000305175781,120.16999816894531,9599600.0
2025-06-12,120.1449966430664,121.56500244140625,120.125,121.28500366210938,11210400.0
2025-06-13,119.87999725341797,120.79499816894531,119.1449966430664,119.58499908447266,13193800.0
2025-06-16,120.30500030517578,121.87999725341797,120.30500030517578,121.5199966430664,13866200.0
2025-06-17,121.01000213623047,121.86499786376953,120.375,120.66000366210938,10525400.0
2025-06-18,120.95500183105469,121.56500244140625,120.19000244140625,120.80500030517578,11066000.0
2025-06-20,121.23500061035156,121.6449966430664,119.70500183105469,120.2699966430664,11490600.0
2025-06-23,120.19000244140625,121.54499816894531,119.375,121.44000244140625,12277000.0
2025-06-24,122.67500305175781,123.7699966430664,122.52999877929688,123.62000274658203,11329400.0
2025-06-25,124.26000213623047,124.86000061035156,124.1500015258789,124.67500305175781,9228600.0
2025-06-26,125.23500061035156,125.73500061035156,124.73999786376953,125.53500366210938,11288400.0
2025-06-27,125.875,126.3550033569336,124.81500244140625,125.38500213623047,12196600.0
2025-06-30,126.48500061035156,126.95999908447266,125.875,126.61499786376953,13365200.0
2025-07-01,126.20999908447266,126.4749984741211,124.625,125.48500061035156,15144800.0
2025-07-02,125.16999816894531,126.8949966430664,125.08000183105469,126.80999755859375,11950200.0
2025-07-03,127.5,128.86500549316406,127.44999694824219,128.47999572753906,7112800.0
2025-07-07,127.98500061035156,128.32000732421875,126.88999938964844,127.45999908447266,11560800.0
2025-07-08,128.1300048828125,128.38999938964844,127.61499786376953,128.14500427246094,15715200.0
2025-07-09,128.60000610351562,129.39999389648438,127.95999908447266,128.9149932861328,12933600.0
2025-07-10,129.23500061035156,129.35000610351562,127.81500244140625,128.49000549316406,9988600.0
2025-07-11,127.87999725341797,128.6750030517578,127.72000122070312,127.92500305175781,9239000.0
2025-07-14,127.61000061035156,128.13499450683594,126.5999984741211,127.81999969482422,8125200.0
2025-07-15,129.30999755859375,129.61500549316406,128.91000366210938,128.9550018310547,15657000.0
2025-07-16,129.0,129.42999267578125,127.40499877929688,129.35499572753906,17782600.0
2025-07-17,129.50999450683594,130.73500061035156,129.2550048828125,130.52999877929688,11955000.0
2025-07-18,131.02999877929688,131.0749969482422,130.09500122070312,130.44500732421875,10281000.0
2025-07-21,130.58999633789062,131.5050048828125,130.44000244140625,130.61500549316406,9246600.0
2025-07-22,130.51499938964844,130.60499572753906,128.47500610351562,129.40499877929688,13448800.0
2025-07-23,129.74000549316406,130.31500244140625,128.97000122070312,130.14500427246094,10091800.0
2025-07-24,130.46499633789062,130.9499969482422,129.9600067138672,130.69500732421875,12159600.0
2025-07-25,130.65499877929688,131.3249969482422,130.38499450683594,130.9949951171875,8002000.0
2025-07-28,131.4949951171875,132.0749969482422,131.22500610351562,132.0399932861328,11517600.0
2025-07-29,132.89999389648438,133.63499450683594,131.82000732421875,132.0449981689453,13739000.0
2025-07-30,132.18499755859375,132.7899932861328,131.3000030517578,132.33999633789062,13934600.0
2025-07-31,134.0050048828125,134.0050048828125,130.72999572753906,131.3699951171875,16414400.0
2025-08-01,129.94000244140625,129.98500061035156,127.88999938964844,128.53500366210938,19438000.0
2025-08-04,129.7449951171875,131.1699981689453,129.7449951171875,131.14500427246094,12377000.0
2025-08-05,131.6300048828125,131.7449951171875,129.75999450683594,130.05999755859375,11176000.0
2025-08-06,130.18499755859375,131.69500732421875,130.10000610351562,131.52499389648438,10167000.0
2025-08-07,132.99000549316406,133.2050018310547,130.5500030517578,131.64500427246094,10318000.0
2025-08-08,132.13999938964844,133.11000061035156,131.7949981689453,132.9600067138672,11015800.0
2025-08-11,132.875,133.47500610351562,131.7550048828125,132.05999755859375,9425400.0
2025-08-12,132.72000122070312,134.13999938964844,131.98500061035156,134.10499572753906,11153800.0
2025-08-13,134.8800048828125,135.02499389648438,133.6649932861328,134.15499877929688,13990200.0
2025-08-14,133.47500610351562,134.3249969482422,133.1649932861328,133.86500549316406,15484400.0
2025-08-15,133.68499755859375,133.68499755859375,132.32000732421875,132.85000610351562,13373200.0
2025-08-18,132.68499755859375,133.2550048828125,132.55499267578125,133.13499450683594,12233800.0
2025-08-19,133.0850067138672,133.11500549316406,130.56500244140625,130.80999755859375,17367000.0
2025-08-20,130.47999572753906,130.47999572753906,127.91999816894531,129.9250030517578,23064200.0
2025-08-21,129.61000061035156,130.1300048828125,128.89500427246094,129.4550018310547,15148600.0
2025-08-22,129.31500244140625,132.06500244140625,128.9550018310547,131.2100067138672,13756000.0
2025-08-25,131.2050018310547,131.73500061035156,130.55499267578125,130.9149932861328,10691800.0
2025-08-26,131.02499389648438,131.69000244140625,130.8350067138672,131.51499938964844,11081000.0
2025-08-27,131.64500427246094,132.375,131.0399932861328,132.22500610351562,11538600.0
2025-08-28,132.38499450683594,133.55499267578125,131.72500610351562,133.27000427246094,12380600.0
2025-08-29,132.68499755859375,132.7100067138672,130.7449951171875,131.22500610351562,17481200.0
2025-09-02,128.90499877929688,130.02000427246094,128.13999938964844,129.89999389648438,18226000.0
2025-09-03,130.56500244140625,130.93499755859375,129.6999969482422,130.6750030517578,15636600.0
2025-09-04,130.13999938964844,131.375,129.61000061035156,131.32000732421875,24397400.0
2025-09-05,132.56500244140625,132.61500549316406,130.09500122070312,131.42999267578125,38561800.0
2025-09-08,132.1199951171875,132.89500427246094,132.08999633789062,132.4149932861328,20556000.0
2025-09-09,132.7100067138672,132.80999755859375,131.72999572753906,132.6699981689453,19355000.0
2025-09-10,135.35499572753906,135.98500061035156,134.42999267578125,135.0749969482422,25957200.0
2025-09-11,135.9250030517578,136.11500549316406,135.30999755859375,135.52999877929688,23429200.0
2025-09-12,135.8000030517578,135.92999267578125,135.14999389648438,135.44000244140625,15612200.0
2025-09-15,135.65499877929688,136.69000244140625,135.49000549316406,136.66000366210938,16268000.0
2025-09-16,136.97500610351562,137.07000732421875,136.02000427246094,136.18499755859375,16081400.0
2025-09-17,136.09500122070312,136.25999450683594,134.30999755859375,135.71499633789062,18948600.0
2025-09-18,137.47500610351562,138.46499633789062,136.80999755859375,138.05999755859375,20882600.0
2025-09-19,138.61500549316406,139.58999633789062,138.1649932861328,139.4600067138672,15670800.0
2025-09-22,139.0749969482422,141.44500732421875,139.02000427246094,141.3300018310547,15771200.0
2025-09-23,141.13499450683594,141.36500549316406,139.49000549316406,140.11000061035156,16456400.0
2025-09-24,140.48500061035156,140.48500061035156,138.31500244140625,139.2449951171875,13471000.0
2025-09-25,137.97999572753906,139.34500122070312,137.125,139.0,21349600.0
2025-09-26,139.14999389648438,139.5449981689453,138.19000244140625,139.4199981689453,16534000.0
2025-09-29,140.22000122070312,140.9600067138672,139.83999633789062,140.1649932861328,16107400.0
2025-09-30,140.1649932861328,141.07000732421875,139.8699951171875,140.92999267578125,18215200.0
2025-10-01,140.2100067138672,142.41000366210938,140.1699981689453,142.30999755859375,17411200.0
2025-10-02,143.63499450683594,143.6649932861328,142.43499755859375,143.0800018310547,17607800.0
2025-10-03,143.2100067138672,143.94000244140625,141.8699951171875,142.36000061035156,17458000.0
2025-10-06,144.27999877929688,144.72000122070312,143.72500610351562,143.8000030517578,17945600.0
2025-10-07,144.5399932861328,144.75,142.0850067138672,142.83999633789062,15588400.0
2025-10-08,143.1699981689453,145.35000610351562,143.09500122070312,145.34500122070312,14037800.0
2025-10-09,145.27999877929688,145.41000366210938,144.34500122070312,145.10000610351562,11989400.0
2025-10-10,145.40499877929688,145.6699981689453,139.13999938964844,139.19500732421875,44574600.0
2025-10-13,142.36500549316406,143.05999755859375,141.55499267578125,142.5850067138672,22030400.0
2025-10-14,140.71499633789062,142.19000244140625,139.1199951171875,140.7550048828125,26956800.0
2025-10-15,142.72999572753906,143.2899932861328,140.39999389648438,142.14999389648438,20937600.0
2025-10-16,143.1750030517578,143.80999755859375,141.28500366210938,142.2550048828125,23166200.0
2025-10-17,141.41000366210938,142.92999267578125,140.50999450683594,142.5050048828125,25511600.0
2025-10-20,143.32000732421875,144.7100067138672,143.23500061035156,144.09500122070312,13805200.0
2025-10-21,144.0050048828125,144.68499755859375,143.47500610351562,144.1699981689453,12503800.0
2025-10-22,144.10499572753906,144.4199981689453,140.9499969482422,142.7449951171875,20723200.0
2025-10-23,142.18499755859375,144.77499389648438,142.18499755859375,144.5449981689453,11923400.0
2025-10-24,146.25,147.28500366210938,146.03500366210938,146.7899932861328,14359600.0
2025-10-27,148.85000610351562,149.6300048828125,148.61000061035156,149.5,15167000.0
2025-10-28,150.22500610351562,151.57000732421875,149.7100067138672,150.97999572753906,15055200.0
2025-10-29,152.35000610351562,152.9949951171875,150.93499755859375,152.06500244140625,21506200.0
2025-10-30,151.1999969482422,151.97999572753906,150.14500427246094,150.19500732421875,19218600.0
2025-10-31,151.7100067138672,151.82000732421875,149.47000122070312,150.33999633789062,16303800.0
2025-11-03,151.77999877929688,152.11000061035156,150.1300048828125,150.9550018310547,13983600.0
2025-11-04,148.22500610351562,149.1999969482422,146.72500610351562,146.97000122070312,16722600.0
2025-11-05,146.7100067138672,148.74000549316406,146.48500061035156,147.5449981689453,14447000.0
2025-11-06,147.30999755859375,147.47000122070312,143.8350067138672,144.5800018310547,24797400.0
2025-11-07,143.34500122070312,144.11500549316406,140.8000030517578,144.0800018310547,25547000.0
2025-11-10,146.65499877929688,148.0449981689453,145.89500427246094,147.76499938964844,18286400.0
2025-11-11,146.7899932861328,147.05499267578125,145.52999877929688,146.5050048828125,14871600.0
2025-11-12,147.72999572753906,147.72999572753906,146.0749969482422,146.9600067138672,13179200.0
2025-11-13,146.13999938964844,146.33999633789062,142.51499938964844,143.2949981689453,22385800.0
2025-11-14,140.64999389648438,145.3800048828125,140.14500427246094,144.0749969482422,27429600.0
2025-11-17,142.72500610351562,144.28500366210938,140.6750030517578,141.82000732421875,24675400.0
2025-11-18,140.59500122070312,141.32000732421875,138.23500061035156,139.51499938964844,36747600.0
2025-11-19,139.52499389648438,142.05999755859375,139.1649932861328,140.48500061035156,27668800.0
2025-11-20,143.72000122070312,144.2550048828125,135.75999450683594,136.0749969482422,56551800.0
2025-11-21,136.3000030517578,138.4199981689453,133.74000549316406,136.60000610351562,44959000.0
2025-11-24,137.52000427246094,140.35000610351562,137.43499755859375,139.85499572753906,20124800.0
2025-11-25,138.625,140.58999633789062,136.65499877929688,140.22999572753906,21303400.0
2025-11-26,141.88499450683594,142.4949951171875,140.7899932861328,141.88999938964844,13358800.0
2025-11-28,142.19000244140625,143.13499450683594,141.80499267578125,143.11000061035156,6792200.0
2025-12-01,141.72000122070312,143.60499572753906,141.28500366210938,143.1750030517578,12846600.0
2025-12-02,144.06500244140625,145.51499938964844,143.64500427246094,144.64999389648438,15719000.0
2025-12-03,143.9499969482422,145.09500122070312,143.22999572753906,144.9949951171875,11623200.0
2025-12-04,145.19000244140625,145.7949981689453,144.4949951171875,145.53500366210938,9995200.0
2025-12-05,146.2100067138672,147.30999755859375,145.69000244140625,146.60000610351562,6628000.0
2025-12-08,147.42999267578125,148.3800048828125,146.9199981689453,147.6300048828125,8272800.0
2025-12-09,147.33999633789062,148.25,146.9600067138672,148.02000427246094,6978200.0
2025-12-10,147.69000244140625,149.22000122070312,146.82000732421875,148.72999572753906,8961100.0
2025-12-11,147.05999755859375,148.1300048828125,145.11000061035156,147.97000122070312,9769300.0
2025-12-12,146.94000244140625,147.0800018310547,143.25999450683594,143.69000244140625,14873200.0
2025-12-15,144.4199981689453,144.6300048828125,142.02000427246094,142.3000030517578,10790300.0
2025-12-16,141.91000366210938,142.97000122070312,141.3000030517578,142.55999755859375,10790900.0
2025-12-17,142.72000122070312,142.83999633789062,139.32000732421875,139.38999938964844,18178700.0
2025-12-18,141.86000061035156,142.4199981689453,140.7899932861328,141.5399932861328,12319500.0
2025-12-19,142.58999633789062,144.6199951171875,142.57000732421875,144.60000610351562,14265900.0
2025-12-22,146.00999450683594,146.00999450683594,144.64999389648438,145.16000366210938,8864500.0
2025-12-23,144.74000549316406,145.97999572753906,144.36000061035156,145.9499969482422,7546100.0
2025-12-24,145.7899932861328,146.5,145.67999267578125,146.3000030517578,3676300.0
2025-12-26,146.61000061035156,146.97999572753906,146.24000549316406,146.52999877929688,5052900.0
2025-12-29,145.35000610351562,146.3800048828125,145.0399932861328,145.8699951171875,9822300.0
2025-12-30,145.85000610351562,146.25999450683594,145.3800048828125,145.41000366210938,6387400.0
2025-12-31,145.7100067138672,145.8000030517578,143.89999389648438,143.97000122070312,9528400.0
2026-01-02,145.6300048828125,146.52000427246094,143.41000366210938,144.3000030517578,15299500.0
2026-01-05,146.00999450683594,146.38999938964844,144.25,144.6199951171875,17476300.0
2026-01-06,145.2100067138672,146.77000427246094,144.6300048828125,146.64999389648438,14985700.0
2026-01-07,146.52999877929688,147.3800048828125,146.0399932861328,146.52999877929688,13957100.0
2026-01-08,145.92999267578125,145.92999267578125,143.5,144.24000549316406,16870100.0
2026-01-09,144.57000732421875,146.5800018310547,144.02999877929688,146.14999389648438,15652600.0
2026-01-12,145.19000244140625,147.2899932861328,145.0500030517578,146.7899932861328,12867200.0
2026-01-13,146.85000610351562,147.52000427246094,145.85000610351562,146.47999572753906,16552200.0
2026-01-14,145.5,145.92999267578125,143.32000732421875,144.6999969482422,22104200.0
2026-01-15,146.92999267578125,147.57000732421875,145.30999755859375,145.4600067138672,17370900.0
2026-01-16,146.72000122070312,146.9499969482422,145.02000427246094,145.6199951171875,14156700.0
2026-01-20,143.08999633789062,144.10000610351562,141.61000061035156,141.83999633789062,20029200.0
2026-01-21,142.77999877929688,145.0399932861328,141.9600067138672,143.80999755859375,27892800.0
2026-01-22,145.61000061035156,145.6999969482422,144.16000366210938,144.8800048828125,12971600.0
2026-01-23,144.52999877929688,145.8300018310547,143.75,145.08999633789062,14654500.0
2026-01-26,145.27000427246094,146.7100067138672,144.88999938964844,146.0800018310547,10195600.0
2026-01-27,147.4199981689453,148.6199951171875,147.02999877929688,148.0500030517578,12436200.0
2026-01-28,149.0,149.89999389648438,148.61000061035156,149.22999572753906,19497400.0
2026-01-29,147.83999633789062,147.92999267578125,143.27000427246094,146.8699951171875,25581000.0
2026-01-30,146.0399932861328,146.75,142.99000549316406,143.8800048828125,18342600.0
2026-02-02,143.52999877929688,146.14999389648438,143.38999938964844,145.25999450683594,16337600.0
2026-02-03,145.8800048828125,145.97000122070312,140.1699981689453,142.0800018310547,30464500.0
2026-02-04,140.8300018310547,141.00999450683594,136.11000061035156,138.1199951171875,45649500.0
2026-02-05,137.22000122070312,138.47999572753906,135.0800018310547,135.6300048828125,42950900.0
2026-02-06,138.00999450683594,141.47000122070312,137.4199981689453,141.1300048828125,37131900.0
2026-02-09,140.60000610351562,144.02999877929688,139.91000366210938,143.35000610351562,24629500.0
2026-02-10,143.82000732421875,144.14999389648438,142.38999938964844,142.5500030517578,22564300.0
2026-02-11,144.50999450683594,144.75999450683594,141.32000732421875,142.97000122070312,18905700.0
2026-02-12,143.30999755859375,143.77000427246094,138.9199981689453,139.2100067138672,32154700.0
2026-02-13,139.55999755859375,140.91000366210938,137.92999267578125,139.55999755859375,26637100.0
2026-02-17,138.63999938964844,140.4499969482422,137.02000427246094,139.47999572753906,25743800.0
2026-02-18,140.05999755859375,142.1199951171875,139.27000427246094,140.91000366210938,13705800.0
2026-02-19,140.08999633789062,140.7100067138672,139.27999877929688,140.2100067138672,13484000.0
2026-02-20,139.1999969482422,141.75,138.97000122070312,140.8800048828125,14942400.0
2026-02-23,140.17999267578125,140.64999389648438,137.88999938964844,138.52000427246094,22021900.0
2026-02-24,139.24000549316406,140.94000244140625,138.19000244140625,140.32000732421875,13030600.0
2026-02-25,141.36000061035156,143.33999633789062,141.2100067138672,143.00999450683594,13296000.0
2026-02-26,142.94000244140625,143.00999450683594,139.25999450683594,141.00999450683594,19364900.0
2026-02-27,138.30999755859375,139.77000427246094,137.94000244140625,138.75999450683594,15328600.0
2026-03-02,137.02999877929688,139.9600067138672,136.55999755859375,139.5399932861328,20156700.0
2026-03-03,136.36000061035156,138.3300018310547,134.99000549316406,137.5,34153000.0
2026-03-04,138.52999877929688,140.6300048828125,138.0399932861328,139.83999633789062,15201400.0
2026-03-05,139.16000366210938,141.25999450683594,138.08999633789062,140.17999267578125,19422500.0
2026-03-06,137.82000732421875,139.8300018310547,136.7899932861328,137.2899932861328,19677200.0
2026-03-09,135.97000122070312,140.2100067138672,135.4600067138672,139.75999450683594,22760900.0
2026-03-10,139.83999633789062,141.38999938964844,139.02000427246094,139.75999450683594,24338500.0
2026-03-11,140.5800018310547,141.58999633789062,139.52000427246094,140.42999267578125,14009200.0
2026-03-12,139.27000427246094,139.75,137.64999389648438,137.83999633789062,32372800.0
2026-03-13,138.4499969482422,139.7100067138672,136.52000427246094,136.8000030517578,15701800.0
2026-03-16,138.72000122070312,140.0800018310547,138.52000427246094,138.77999877929688,16626400.0
2026-03-17,139.38999938964844,140.27000427246094,138.92999267578125,139.5399932861328,12034600.0
2026-03-18,139.30999755859375,140.07000732421875,137.92999267578125,137.9600067138672,12634500.0
2026-03-19,136.0,139.1699981689453,135.44000244140625,138.42999267578125,18087900.0
2026-03-20,137.97999572753906,137.97999572753906,134.32000732421875,135.2899932861328,27251800.0
2026-03-23,137.5,139.1999969482422,136.22000122070312,136.9499969482422,21818500.0
2026-03-24,136.0500030517578,136.9199981689453,134.8699951171875,136.14999389648438,16843900.0
2026-03-25,137.2899932861328,138.0,136.27999877929688,136.75999450683594,13872400.0
2026-03-26,135.17999267578125,135.52000427246094,132.4199981689453,132.5,15434600.0
2026-03-27,131.52999877929688,132.0500030517578,129.5800018310547,129.9199981689453,15895200.0
2026-03-30,131.27000427246094,131.5500030517578,126.68000030517578,127.5,18830000.0
2026-03-31,129.14999389648438,133.22000122070312,128.97999572753906,132.89999389648438,19405300.0
2026-04-01,134.1199951171875,136.0500030517578,133.75999450683594,134.91000366210938,17050100.0
2026-04-02,131.91000366210938,136.0399932861328,131.35000610351562,135.99000549316406,12266200.0
2026-04-06,136.47999572753906,137.25,135.7100067138672,136.77999877929688,10147600.0
2026-04-07,136.1699981689453,137.49000549316406,134.11000061035156,137.42999267578125,8585500.0
2026-04-08,143.1300048828125,143.55999755859375,140.74000549316406,141.69000244140625,13359000.0
2026-04-09,141.75999450683594,142.19000244140625,140.35000610351562,142.07000732421875,8235100.0
2026-04-10,142.5,143.55999755859375,141.9199981689453,142.6199951171875,9310100.0
2026-04-13,142.3300018310547,145.6699981689453,142.1300048828125,145.61000061035156,10407700.0
2026-04-14,146.89999389648438,147.94000244140625,146.0800018310547,147.94000244140625,10183300.0
2026-04-15,148.27000427246094,150.3699951171875,147.9600067138672,150.3000030517578,10622500.0
2026-04-16,150.99000549316406,152.17999267578125,149.75,152.02000427246094,11778000.0
2026-04-17,154.05999755859375,154.80999755859375,153.50999450683594,154.35000610351562,10630400.0
2026-04-20,154.3000030517578,154.75,153.0399932861328,154.55999755859375,8131600.0
2026-04-21,155.0,156.07000732421875,154.14999389648438,154.69000244140625,12657300.0
2026-04-22,156.22000122070312,158.16000366210938,155.52000427246094,158.08999633789062,13830400.0
2026-04-23,156.77000427246094,157.8000030517578,153.9499969482422,155.83999633789062,12151400.0
2026-04-24,158.42999267578125,160.39999389648438,157.60000610351562,160.22000122070312,11059800.0
2026-04-27,160.02000427246094,160.6199951171875,158.80999755859375,160.57000732421875,8963900.0
2026-04-28,157.11000061035156,158.63999938964844,156.16000366210938,157.85000610351562,9253000.0
2026-04-29,158.8300018310547,159.14999389648438,157.75,159.11000061035156,7506900.0
2026-04-30,159.64999389648438,159.8000030517578,156.8800048828125,159.5,9276400.0
2026-05-01,160.38999938964844,162.2899932861328,160.13999938964844,161.8699951171875,10161800.0
2026-05-04,162.7100067138672,163.24000549316406,160.8800048828125,162.0500030517578,10740000.0
2026-05-05,163.8699951171875,166.02000427246094,163.52000427246094,165.6300048828125,9813500.0
2026-05-06,167.8800048828125,170.0800018310547,166.83999633789062,170.02999877929688,11304700.0
2026-05-07,170.25999450683594,171.9499969482422,168.6999969482422,169.69000244140625,11031500.0
2026-05-08,171.58999633789062,175.60000610351562,171.3000030517578,175.52000427246094,11222200.0
2026-05-11,176.14999389648438,178.3000030517578,175.8699951171875,177.8800048828125,10461800.0
2026-05-12,176.14999389648438,176.99000549316406,171.1999969482422,175.1999969482422,15950700.0
2026-05-13,177.27000427246094,177.74000549316406,174.25999450683594,176.85000610351562,9817900.0
2026-05-14,177.36000061035156,180.22000122070312,176.8699951171875,179.5,11424900.0
2026-05-15,176.2100067138672,178.6999969482422,174.6300048828125,176.25999450683594,14519000.0
2026-05-18,177.6199951171875,177.85000610351562,171.91000366210938,174.36000061035156,19162600.0
2026-05-19,172.67999267578125,175.17999267578125,170.8300018310547,173.24000549316406,15751400.0
2026-05-20,174.66000366210938,177.25,173.9499969482422,177.13999938964844,12630300.0
2026-05-21,175.8300018310547,178.97999572753906,175.8300018310547,178.60000610351562,10873200.0
2026-05-22,180.02999877929688,181.72999572753906,179.55999755859375,180.38999938964844,10739900.0
2026-05-26,183.1999969482422,186.0,182.58999633789062,185.13999938964844,12500300.0
2026-05-27,186.17999267578125,186.27000427246094,182.5399932861328,184.42999267578125,12297400.0
2026-05-28,184.8300018310547,187.5800018310547,183.7899932861328,186.85000610351562,11167600.0
2026-05-29,189.3300018310547,191.6300048828125,189.1999969482422,191.02000427246094,15031700.0
2026-06-01,192.32000732421875,196.5,191.14999389648438,195.75999450683594,18968800.0
2026-06-02,196.4499969482422,198.3800048828125,195.75,198.2100067138672,10175200.0
2026-06-03,198.3699951171875,198.72999572753906,194.52999877929688,196.22999572753906,11582100.0
2026-06-04,191.52000427246094,194.74000549316406,189.69000244140625,193.1699981689453,13142600.0
2026-06-05,188.88999938964844,189.22000122070312,179.8000030517578,180.3000030517578,26816100.0
2026-06-08,185.22000122070312,186.7100067138672,183.1699981689453,184.17999267578125,14685000.0
2026-06-09,185.91000366210938,187.0800018310547,172.8800048828125,180.77000427246094,29884400.0
2026-06-10,178.16000366210938,182.41000366210938,176.14999389648438,176.6300048828125,20059800.0
2026-06-11,177.7899932861328,183.66000366210938,176.5,183.2100067138672,18238400.0
2026-06-12,183.24000549316406,185.83999633789062,181.63999938964844,184.8000030517578,15014300.0
2026-06-15,190.3699951171875,192.0800018310547,189.75,191.7899932861328,13097800.0
2026-06-16,191.22999572753906,192.25,186.42999267578125,186.44000244140625,10077200.0
2026-06-17,189.00999450683594,189.99000549316406,185.3000030517578,185.8000030517578,14396100.0
2026-06-18,190.4199981689453,192.0,189.3800048828125,191.44000244140625,12101600.0
2026-06-22,192.9499969482422,194.3000030517578,190.86000061035156,192.14999389648438,11313000.0
2026-06-23,184.67999267578125,187.25,183.6999969482422,184.19000244140625,14633600.0
2026-06-24,184.07000732421875,185.66000366210938,180.7899932861328,183.0500030517578,12323700.0
2026-06-25,188.14999389648438,188.41000366210938,180.3800048828125,184.57000732421875,13218200.0
2026-06-26,181.0,183.11000061035156,179.75999450683594,181.11000061035156,13433900.0
2026-06-29,183.1199951171875,185.66000366210938,178.6699981689453,185.41000366210938,11857000.0
2026-06-30,185.75999450683594,190.94000244140625,185.60000610351562,190.52000427246094,10729900.0
2026-07-01,186.8300018310547,187.97999572753906,185.3800048828125,185.6199951171875,9960300.0
2026-07-02,185.49000549316406,187.3800048828125,178.72000122070312,180.58999633789062,14173100.0
2026-07-06,182.66000366210938,185.7100067138672,182.0399932861328,183.57000732421875,8923100.0
2026-07-07,179.83999633789062,180.72000122070312,176.36000061035156,179.17999267578125,12254800.0
2026-07-08,177.47999572753906,181.6300048828125,177.14999389648438,181.39999389648438,10528300.0
2026-07-09,184.75999450683594,186.39999389648438,183.55999755859375,185.35000610351562,7756600.0
2026-07-10,184.00999450683594,186.22999572753906,183.08999633789062,185.77999877929688,6162000.0
2026-07-13,183.10000610351562,183.89999389648438,180.5399932861328,181.27999877929688,8595100.0
2026-07-14,183.7100067138672,184.42999267578125,181.3300018310547,183.6199951171875,6399600.0
2026-07-15,185.11000061035156,185.2899932861328,178.22000122070312,181.5800018310547,9256800.0
2026-07-16,179.0,179.47999572753906,176.41000366210938,177.52000427246094,8666500.0
2026-07-17,172.85000610351562,177.9199981689453,171.33999633789062,175.58999633789062,12036700.0
2026-07-20,177.19000244140625,178.6999969482422,175.52000427246094,175.7100067138672,7638600.0
2026-07-21,179.55999755859375,181.02000427246094,178.1699981689453,180.77999877929688,7506800.0
2026-07-22,178.16000366210938,181.42999267578125,178.14999389648438,180.27000427246094,5357600.0
