Date,Open,High,Low,Close,Volume
2018-07-23,26.149999618530273,26.200000762939453,25.8700008392334,25.959999084472656,29527400.0
2018-07-24,25.889999389648438,26.1299991607666,25.59000015258789,26.049999237060547,31397600.0
2018-07-25,26.045000076293945,26.2549991607666,25.96500015258789,26.125,26937400.0
2018-07-26,26.25,26.479999542236328,26.204999923706055,26.405000686645508,38142000.0
2018-07-27,26.420000076293945,26.53499984741211,26.21500015258789,26.31999969482422,31495800.0
2018-07-30,26.28499984741211,26.28499984741211,26.075000762939453,26.15999984741211,18952800.0
2018-07-31,26.274999618530273,26.46500015258789,26.18000030517578,26.395000457763672,30439600.0
2018-08-01,26.2450008392334,26.299999237060547,26.0,26.225000381469727,39970800.0
2018-08-02,26.21500015258789,26.434999465942383,26.059999465942383,26.354999542236328,34583800.0
2018-08-03,26.364999771118164,26.719999313354492,26.274999618530273,26.649999618530273,30833200.0
2018-08-06,26.674999237060547,26.825000762939453,26.6200008392334,26.670000076293945,24398200.0
2018-08-07,26.6200008392334,26.674999237060547,26.420000076293945,26.6299991607666,26216400.0
2018-08-08,26.540000915527344,26.579999923706055,26.395000457763672,26.489999771118164,34012000.0
2018-08-09,26.485000610351562,26.625,26.395000457763672,26.610000610351562,17362200.0
2018-08-10,26.645000457763672,26.829999923706055,26.485000610351562,26.4950008392334,26601000.0
2018-08-13,26.540000915527344,26.579999923706055,26.405000686645508,26.530000686645508,34546800.0
2018-08-14,26.540000915527344,26.690000534057617,26.510000228881836,26.584999084472656,19887600.0
2018-08-15,26.670000076293945,26.989999771118164,26.614999771118164,26.829999923706055,38545400.0
2018-08-16,26.770000457763672,27.139999389648438,26.71500015258789,27.1200008392334,26545800.0
2018-08-17,27.104999542236328,27.3799991607666,27.05500030517578,27.260000228881836,28230200.0
2018-08-20,27.315000534057617,27.329999923706055,27.100000381469727,27.165000915527344,19149200.0
2018-08-21,27.125,27.139999389648438,26.889999389648438,26.969999313354492,23701600.0
2018-08-22,26.9950008392334,27.0,26.670000076293945,26.770000457763672,25305200.0
2018-08-23,26.760000228881836,26.940000534057617,26.700000762939453,26.75,22336200.0
2018-08-24,26.719999313354492,26.889999389648438,26.614999771118164,26.864999771118164,15692600.0
2018-08-27,26.885000228881836,26.959999084472656,26.565000534057617,26.700000762939453,24768200.0
2018-08-28,26.635000228881836,26.735000610351562,26.565000534057617,26.645000457763672,20132200.0
2018-08-29,26.709999084472656,26.84000015258789,26.670000076293945,26.84000015258789,23822400.0
2018-08-30,26.885000228881836,26.9950008392334,26.7549991607666,26.850000381469727,26951400.0
2018-08-31,26.889999389648438,27.0,26.635000228881836,26.735000610351562,24265000.0
2018-09-04,26.764999389648438,27.0,26.739999771118164,26.854999542236328,25930200.0
2018-09-05,26.825000762939453,27.2450008392334,26.825000762939453,27.229999542236328,29669600.0
2018-09-06,27.2450008392334,27.469999313354492,27.165000915527344,27.385000228881836,24705600.0
2018-09-07,27.1200008392334,27.25,26.989999771118164,27.049999237060547,32367000.0
2018-09-10,27.104999542236328,27.295000076293945,27.084999084472656,27.184999465942383,19864800.0
2018-09-11,27.174999237060547,27.28499984741211,27.059999465942383,27.114999771118164,18093400.0
2018-09-12,27.110000610351562,27.260000228881836,27.030000686645508,27.09000015258789,19619800.0
2018-09-13,27.079999923706055,27.30500030517578,26.954999923706055,27.295000076293945,17548400.0
2018-09-14,27.184999465942383,27.209999084472656,26.920000076293945,27.149999618530273,26135000.0
2018-09-17,27.100000381469727,27.280000686645508,27.06999969482422,27.239999771118164,28518200.0
2018-09-18,27.200000762939453,27.280000686645508,27.059999465942383,27.190000534057617,19535000.0
2018-09-19,27.18000030517578,27.18000030517578,26.475000381469727,26.600000381469727,51020000.0
2018-09-20,26.565000534057617,26.68000030517578,26.344999313354492,26.655000686645508,35629000.0
2018-09-21,26.375,26.625,26.2549991607666,26.530000686645508,40685200.0
2018-09-24,26.440000534057617,26.53499984741211,26.270000457763672,26.295000076293945,27053600.0
2018-09-25,26.219999313354492,26.235000610351562,25.889999389648438,25.934999465942383,40048000.0
2018-09-26,26.059999465942383,26.06999969482422,25.670000076293945,25.68000030517578,48164400.0
2018-09-27,25.7450008392334,26.084999084472656,25.684999465942383,25.94499969482422,32913600.0
2018-09-28,26.0,26.344999313354492,25.96500015258789,26.325000762939453,30854800.0
2018-10-01,26.2450008392334,26.295000076293945,26.135000228881836,26.235000610351562,25157400.0
2018-10-02,26.28499984741211,26.65999984741211,26.28499984741211,26.59000015258789,31666400.0
2018-10-03,26.545000076293945,26.684999465942383,26.045000076293945,26.270000457763672,49352600.0
2018-10-04,26.204999923706055,26.46500015258789,26.010000228881836,26.40999984741211,48151800.0
2018-10-05,26.3700008392334,26.899999618530273,26.350000381469727,26.815000534057617,60780000.0
2018-10-08,26.920000076293945,27.219999313354492,26.799999237060547,27.040000915527344,42978600.0
2018-10-09,27.014999389648438,27.270000457763672,26.975000381469727,27.149999618530273,36227600.0
2018-10-10,27.104999542236328,27.44499969482422,26.989999771118164,27.0,61168000.0
2018-10-11,27.075000762939453,27.139999389648438,26.3700008392334,26.5049991607666,85789600.0
2018-10-12,26.469999313354492,26.55500030517578,26.2549991607666,26.475000381469727,43738200.0
2018-10-15,26.469999313354492,26.770000457763672,26.440000534057617,26.600000381469727,36706000.0
2018-10-16,26.56999969482422,27.024999618530273,26.489999771118164,26.875,35875000.0
2018-10-17,26.84000015258789,26.954999923706055,26.68000030517578,26.825000762939453,28517000.0
2018-10-18,26.895000457763672,27.030000686645508,26.725000381469727,26.864999771118164,33038000.0
2018-10-19,26.8700008392334,27.43000030517578,26.78499984741211,27.28499984741211,59579200.0
2018-10-22,27.315000534057617,27.344999313354492,27.045000076293945,27.110000610351562,24500000.0
2018-10-23,27.15999984741211,27.334999084472656,26.850000381469727,26.959999084472656,37849200.0
2018-10-24,27.079999923706055,27.7450008392334,26.96500015258789,27.614999771118164,58326800.0
2018-10-25,27.434999465942383,27.434999465942383,27.049999237060547,27.184999465942383,59822400.0
2018-10-26,27.329999923706055,27.40999984741211,26.5,26.684999465942383,73786000.0
2018-10-29,26.7450008392334,27.18000030517578,26.7450008392334,27.059999465942383,49946400.0
2018-10-30,27.165000915527344,27.329999923706055,26.844999313354492,27.165000915527344,50131000.0
2018-10-31,26.940000534057617,27.104999542236328,26.684999465942383,26.844999313354492,50286000.0
2018-11-01,26.885000228881836,26.899999618530273,26.549999237060547,26.725000381469727,54054800.0
2018-11-02,26.799999237060547,26.8700008392334,26.399999618530273,26.575000762939453,48273200.0
2018-11-05,26.69499969482422,27.045000076293945,26.6299991607666,26.950000762939453,42506600.0
2018-11-06,26.924999237060547,27.190000534057617,26.889999389648438,27.1299991607666,26136200.0
2018-11-07,27.329999923706055,27.479999542236328,27.114999771118164,27.440000534057617,41450800.0
2018-11-08,27.46500015258789,27.55500030517578,27.165000915527344,27.395000457763672,41168200.0
2018-11-09,27.299999237060547,27.55500030517578,27.2450008392334,27.434999465942383,40030200.0
2018-11-12,27.235000610351562,27.704999923706055,27.03499984741211,27.420000076293945,55327800.0
2018-11-13,27.415000915527344,27.594999313354492,27.204999923706055,27.53499984741211,47516000.0
2018-11-14,27.299999237060547,27.479999542236328,27.155000686645508,27.25,55155600.0
2018-11-15,27.110000610351562,27.135000228881836,26.78499984741211,27.024999618530273,68562400.0
2018-11-16,27.440000534057617,27.56999969482422,27.235000610351562,27.440000534057617,42812800.0
2018-11-19,27.399999618530273,27.584999084472656,27.28499984741211,27.559999465942383,29144000.0
2018-11-20,27.639999389648438,27.834999084472656,27.280000686645508,27.44499969482422,48856800.0
2018-11-21,27.350000381469727,27.385000228881836,26.96500015258789,27.040000915527344,37819400.0
2018-11-23,27.075000762939453,27.1200008392334,26.875,27.05500030517578,16235800.0
2018-11-26,27.084999084472656,27.229999542236328,26.940000534057617,27.21500015258789,32202000.0
2018-11-27,27.19499969482422,27.450000762939453,27.084999084472656,27.420000076293945,26366800.0
2018-11-28,27.450000762939453,27.530000686645508,27.30500030517578,27.399999618530273,24124400.0
2018-11-29,27.440000534057617,27.440000534057617,27.110000610351562,27.389999389648438,34979200.0
2018-11-30,27.454999923706055,27.81999969482422,27.385000228881836,27.795000076293945,36333600.0
2018-12-03,27.704999923706055,28.075000762939453,27.545000076293945,28.075000762939453,35813000.0
2018-12-04,28.145000457763672,28.405000686645508,28.024999618530273,28.094999313354492,44536000.0
2018-12-06,28.209999084472656,28.219999313354492,27.549999237060547,28.125,49395800.0
2018-12-07,28.084999084472656,28.395000457763672,27.895000457763672,28.229999542236328,39458800.0
2018-12-10,28.229999542236328,28.375,27.739999771118164,28.28499984741211,42296200.0
2018-12-11,28.31999969482422,28.4950008392334,28.170000076293945,28.399999618530273,52186800.0
2018-12-12,28.3700008392334,28.55500030517578,28.204999923706055,28.219999313354492,36594800.0
2018-12-13,28.239999771118164,28.59000015258789,28.235000610351562,28.46500015258789,36144000.0
2018-12-14,28.489999771118164,28.55500030517578,28.2450008392334,28.40999984741211,50311200.0
2018-12-17,28.46500015258789,28.485000610351562,27.385000228881836,27.4950008392334,60421600.0
2018-12-18,27.649999618530273,27.844999313354492,27.229999542236328,27.309999465942383,47270800.0
2018-12-19,27.364999771118164,27.584999084472656,27.104999542236328,27.264999389648438,55856800.0
2018-12-20,27.290000915527344,27.639999389648438,26.940000534057617,27.25,78047600.0
2018-12-21,27.225000381469727,27.709999084472656,26.825000762939453,26.905000686645508,71291600.0
2018-12-24,26.854999542236328,27.05500030517578,25.674999237060547,25.780000686645508,45330600.0
2018-12-26,25.78499984741211,26.165000915527344,25.405000686645508,26.1299991607666,61678200.0
2018-12-27,26.139999389648438,26.385000228881836,25.700000762939453,26.350000381469727,59461200.0
2018-12-28,26.40999984741211,26.68000030517578,26.315000534057617,26.415000915527344,42175200.0
2018-12-31,26.424999237060547,26.53499984741211,26.184999465942383,26.459999084472656,32604400.0
2019-01-02,26.354999542236328,26.3799991607666,25.850000381469727,26.0049991607666,50347800.0
2019-01-03,26.0049991607666,26.219999313354492,25.8799991607666,26.0,43175000.0
2019-01-04,25.8799991607666,26.399999618530273,25.844999313354492,26.385000228881836,38007000.0
2019-01-07,26.219999313354492,26.334999084472656,26.059999465942383,26.204999923706055,32535400.0
2019-01-08,26.229999542236328,26.559999465942383,26.084999084472656,26.530000686645508,33287000.0
2019-01-09,26.514999389648438,26.625,26.295000076293945,26.3700008392334,36149400.0
2019-01-10,26.399999618530273,26.764999389648438,26.364999771118164,26.71500015258789,50916200.0
2019-01-11,26.68000030517578,26.735000610351562,26.450000762939453,26.614999771118164,49685000.0
2019-01-14,26.299999237060547,26.6200008392334,25.770000457763672,26.014999389648438,46979600.0
2019-01-15,25.905000686645508,26.479999542236328,25.8799991607666,26.334999084472656,54186200.0
2019-01-16,26.28499984741211,26.440000534057617,26.135000228881836,26.43000030517578,36696400.0
2019-01-17,26.40999984741211,26.600000381469727,26.3700008392334,26.540000915527344,41571800.0
2019-01-18,26.575000762939453,26.65999984741211,26.450000762939453,26.56999969482422,28309400.0
2019-01-22,26.565000534057617,26.764999389648438,26.360000610351562,26.6200008392334,33828800.0
2019-01-23,26.625,26.905000686645508,26.579999923706055,26.889999389648438,28422200.0
2019-01-24,26.8700008392334,27.05500030517578,26.670000076293945,27.030000686645508,43848200.0
2019-01-25,26.94499969482422,27.06999969482422,26.6200008392334,26.65999984741211,36308200.0
2019-01-28,26.665000915527344,26.764999389648438,26.415000915527344,26.53499984741211,28367600.0
2019-01-29,26.65999984741211,26.735000610351562,26.520000457763672,26.610000610351562,25237000.0
2019-01-30,26.540000915527344,26.93000030517578,26.5,26.815000534057617,37157800.0
2019-01-31,26.80500030517578,27.459999084472656,26.684999465942383,27.3799991607666,46163200.0
2019-02-01,27.264999389648438,27.3799991607666,27.040000915527344,27.274999618530273,31124800.0
2019-02-04,27.155000686645508,27.334999084472656,26.96500015258789,27.31999969482422,36131400.0
2019-02-05,27.31999969482422,27.424999237060547,27.165000915527344,27.375,24592200.0
2019-02-06,27.334999084472656,27.469999313354492,27.225000381469727,27.360000610351562,18408400.0
2019-02-07,27.31999969482422,27.719999313354492,27.235000610351562,27.719999313354492,32150800.0
2019-02-08,27.655000686645508,27.854999542236328,27.594999313354492,27.84000015258789,29267400.0
2019-02-11,27.84000015258789,27.975000381469727,27.735000610351562,27.829999923706055,29458200.0
2019-02-12,27.834999084472656,28.03499984741211,27.674999237060547,27.895000457763672,29506600.0
2019-02-13,27.809999465942383,27.885000228881836,27.700000762939453,27.815000534057617,26763600.0
2019-02-14,27.834999084472656,27.915000915527344,27.670000076293945,27.770000457763672,38188000.0
2019-02-15,27.860000610351562,27.959999084472656,27.7549991607666,27.854999542236328,18689000.0
2019-02-19,27.875,28.049999237060547,27.790000915527344,28.020000457763672,28978600.0
2019-02-20,28.010000228881836,28.19499969482422,27.860000610351562,28.145000457763672,28716800.0
2019-02-21,28.059999465942383,28.395000457763672,27.96500015258789,28.350000381469727,38200000.0
2019-02-22,28.399999618530273,28.530000686645508,28.270000457763672,28.524999618530273,30495000.0
2019-02-25,28.549999237060547,28.56999969482422,28.225000381469727,28.34000015258789,26160200.0
2019-02-26,28.399999618530273,28.440000534057617,28.15999984741211,28.30500030517578,27405400.0
2019-02-27,28.239999771118164,28.43000030517578,28.209999084472656,28.34000015258789,23912600.0
2019-02-28,28.354999542236328,28.575000762939453,28.204999923706055,28.5049991607666,25616200.0
2019-03-01,28.514999389648438,28.584999084472656,28.325000762939453,28.565000534057617,26836000.0
2019-03-04,28.600000381469727,28.674999237060547,28.334999084472656,28.614999771118164,24675200.0
2019-03-05,28.614999771118164,28.684999465942383,28.530000686645508,28.579999923706055,24091000.0
2019-03-06,28.610000610351562,28.684999465942383,28.479999542236328,28.579999923706055,22608600.0
2019-03-07,28.6299991607666,28.854999542236328,28.594999313354492,28.674999237060547,30257000.0
2019-03-08,28.709999084472656,28.799999237060547,28.5049991607666,28.774999618530273,36031800.0
2019-03-11,28.78499984741211,28.989999771118164,28.764999389648438,28.979999542236328,28917600.0
2019-03-12,29.030000686645508,29.209999084472656,28.975000381469727,29.18000030517578,34204200.0
2019-03-13,29.125,29.280000686645508,29.104999542236328,29.209999084472656,31775200.0
2019-03-14,29.19499969482422,29.3700008392334,29.094999313354492,29.204999923706055,30310800.0
2019-03-15,29.03499984741211,29.190000534057617,28.8700008392334,29.094999313354492,35429800.0
2019-03-18,29.110000610351562,29.149999618530273,28.860000610351562,28.985000610351562,30017600.0
2019-03-19,28.940000534057617,28.985000610351562,28.549999237060547,28.655000686645508,45271600.0
2019-03-20,28.709999084472656,28.959999084472656,28.584999084472656,28.729999542236328,37761000.0
2019-03-21,28.75,29.094999313354492,28.704999923706055,29.03499984741211,30743600.0
2019-03-22,29.145000457763672,29.450000762939453,29.03499984741211,29.2450008392334,40905000.0
2019-03-25,29.270000457763672,29.360000610351562,29.149999618530273,29.270000457763672,27526000.0
2019-03-26,29.28499984741211,29.5,29.2450008392334,29.479999542236328,31399400.0
2019-03-27,29.510000228881836,29.53499984741211,29.139999389648438,29.274999618530273,34647000.0
2019-03-28,29.270000457763672,29.3700008392334,28.829999923706055,28.93000030517578,49497600.0
2019-03-29,28.889999389648438,29.1200008392334,28.81999969482422,29.084999084472656,43670200.0
2019-04-01,29.084999084472656,29.084999084472656,28.71500015258789,28.885000228881836,53363800.0
2019-04-02,28.94499969482422,28.979999542236328,28.7450008392334,28.924999237060547,49956200.0
2019-04-03,28.864999771118164,29.0,28.665000915527344,28.8799991607666,30901000.0
2019-04-04,28.93000030517578,28.954999923706055,28.610000610351562,28.780000686645508,32529200.0
2019-04-05,28.780000686645508,29.065000534057617,28.690000534057617,29.049999237060547,30838600.0
2019-04-08,28.985000610351562,29.024999618530273,28.770000457763672,28.844999313354492,29363400.0
2019-04-09,28.8700008392334,28.94499969482422,28.78499984741211,28.915000915527344,25987800.0
2019-04-10,28.975000381469727,29.170000076293945,28.760000228881836,28.825000762939453,33782400.0
2019-04-11,28.81999969482422,28.979999542236328,28.78499984741211,28.969999313354492,34840000.0
2019-04-12,28.864999771118164,29.135000228881836,28.719999313354492,29.104999542236328,31853200.0
2019-04-15,29.1299991607666,29.229999542236328,29.024999618530273,29.100000381469727,30506200.0
2019-04-16,29.100000381469727,29.165000915527344,28.645000457763672,28.739999771118164,39377400.0
2019-04-17,28.709999084472656,28.78499984741211,28.604999542236328,28.6299991607666,30389600.0
2019-04-18,28.700000762939453,28.844999313354492,28.6299991607666,28.645000457763672,32078800.0
2019-04-22,28.635000228881836,28.729999542236328,28.559999465942383,28.6200008392334,21371000.0
2019-04-23,28.6299991607666,28.790000915527344,28.489999771118164,28.700000762939453,34136400.0
2019-04-24,28.770000457763672,28.985000610351562,28.725000381469727,28.885000228881836,32856800.0
2019-04-25,28.7549991607666,29.1200008392334,28.725000381469727,29.0049991607666,30506600.0
2019-04-26,29.165000915527344,29.34000015258789,29.020000457763672,29.049999237060547,29034800.0
2019-04-29,29.024999618530273,29.03499984741211,28.760000228881836,28.8799991607666,41551800.0
2019-04-30,28.885000228881836,29.375,28.834999084472656,29.354999542236328,44033400.0
2019-05-01,29.270000457763672,29.350000381469727,29.030000686645508,29.05500030517578,52825400.0
2019-05-02,29.0,29.155000686645508,28.774999618530273,28.989999771118164,46927600.0
2019-05-03,28.989999771118164,29.200000762939453,28.94499969482422,29.149999618530273,32142600.0
2019-05-06,29.149999618530273,29.229999542236328,28.93000030517578,28.989999771118164,26779000.0
2019-05-07,28.94499969482422,29.014999389648438,28.764999389648438,28.899999618530273,25084400.0
2019-05-08,28.864999771118164,28.895000457763672,28.479999542236328,28.5049991607666,57384800.0
2019-05-09,28.5049991607666,28.6299991607666,28.329999923706055,28.469999313354492,32347600.0
2019-05-10,28.46500015258789,28.9950008392334,28.40999984741211,28.979999542236328,50316000.0
2019-05-13,28.889999389648438,29.354999542236328,28.850000381469727,29.290000915527344,40192600.0
2019-05-14,29.295000076293945,29.31999969482422,29.040000915527344,29.094999313354492,35218800.0
2019-05-15,29.110000610351562,29.219999313354492,29.010000228881836,29.045000076293945,29155000.0
2019-05-16,29.014999389648438,29.329999923706055,28.934999465942383,29.239999771118164,27816600.0
2019-05-17,29.110000610351562,29.5049991607666,29.06999969482422,29.389999389648438,20954200.0
2019-05-20,29.454999923706055,29.614999771118164,29.354999542236328,29.43000030517578,18237400.0
2019-05-21,29.475000381469727,29.725000381469727,29.405000686645508,29.485000610351562,23008800.0
2019-05-22,29.530000686645508,29.735000610351562,29.440000534057617,29.704999923706055,18515800.0
2019-05-23,29.735000610351562,29.96500015258789,29.704999923706055,29.959999084472656,30329000.0
2019-05-24,29.979999542236328,30.135000228881836,29.8799991607666,29.915000915527344,17424800.0
2019-05-28,29.954999923706055,29.979999542236328,29.375,29.424999237060547,32795800.0
2019-05-29,29.4950008392334,29.524999618530273,28.96500015258789,29.03499984741211,40238200.0
2019-05-30,29.040000915527344,29.200000762939453,28.899999618530273,28.989999771118164,33645200.0
2019-05-31,29.0,29.204999923706055,28.8700008392334,29.125,36514000.0
2019-06-03,29.219999313354492,29.454999923706055,29.06999969482422,29.415000915527344,40670800.0
2019-06-04,29.44499969482422,29.479999542236328,28.895000457763672,29.440000534057617,37057800.0
2019-06-05,29.549999237060547,30.170000076293945,29.44499969482422,30.06999969482422,63510600.0
2019-06-06,30.110000610351562,30.309999465942383,30.024999618530273,30.2549991607666,51022400.0
2019-06-07,30.40999984741211,30.594999313354492,30.014999389648438,30.030000686645508,37986200.0
2019-06-10,29.940000534057617,30.0,29.674999237060547,29.825000762939453,27400600.0
2019-06-11,29.815000534057617,29.895000457763672,29.475000381469727,29.645000457763672,36072200.0
2019-06-12,29.795000076293945,30.075000762939453,29.760000228881836,30.030000686645508,24700400.0
2019-06-13,30.100000381469727,30.18000030517578,29.889999389648438,30.09000015258789,32424000.0
2019-06-14,30.125,30.459999084472656,30.114999771118164,30.405000686645508,28485400.0
2019-06-17,30.405000686645508,30.4950008392334,30.1299991607666,30.31999969482422,22924200.0
2019-06-18,30.454999923706055,30.5049991607666,29.989999771118164,30.19499969482422,46290600.0
2019-06-19,30.059999465942383,30.55500030517578,30.049999237060547,30.424999237060547,43191800.0
2019-06-20,30.584999084472656,30.690000534057617,30.270000457763672,30.6200008392334,38275600.0
2019-06-21,30.350000381469727,30.549999237060547,30.135000228881836,30.4950008392334,30116400.0
2019-06-24,30.549999237060547,30.594999313354492,30.389999389648438,30.5049991607666,19774400.0
2019-06-25,30.530000686645508,30.530000686645508,30.25,30.31999969482422,24290800.0
2019-06-26,30.2450008392334,30.309999465942383,29.649999618530273,29.65999984741211,33777000.0
2019-06-27,29.7549991607666,29.84000015258789,29.584999084472656,29.700000762939453,28271000.0
2019-06-28,29.709999084472656,29.979999542236328,29.649999618530273,29.815000534057617,32266400.0
2019-07-01,29.834999084472656,29.864999771118164,29.469999313354492,29.739999771118164,35846800.0
2019-07-02,29.850000381469727,30.19499969482422,29.844999313354492,30.145000457763672,42719000.0
2019-07-03,30.235000610351562,30.540000915527344,30.209999084472656,30.354999542236328,31573200.0
2019-07-05,30.165000915527344,30.385000228881836,29.875,30.34000015258789,31892800.0
2019-07-08,30.360000610351562,30.479999542236328,30.19499969482422,30.385000228881836,18836400.0
2019-07-09,30.334999084472656,30.434999465942383,30.170000076293945,30.424999237060547,34965400.0
2019-07-10,30.459999084472656,30.65999984741211,30.354999542236328,30.4950008392334,22972000.0
2019-07-11,30.459999084472656,30.6200008392334,30.2450008392334,30.5049991607666,39996000.0
2019-07-12,30.4950008392334,30.530000686645508,30.19499969482422,30.30500030517578,22490600.0
2019-07-15,30.309999465942383,30.469999313354492,30.19499969482422,30.424999237060547,18690600.0
2019-07-16,30.350000381469727,30.454999923706055,30.09000015258789,30.25,28749200.0
2019-07-17,30.354999542236328,30.540000915527344,30.25,30.364999771118164,26709400.0
2019-07-18,30.3700008392334,30.635000228881836,30.200000762939453,30.6299991607666,29466400.0
2019-07-19,30.559999465942383,30.645000457763672,30.170000076293945,30.184999465942383,30616600.0
2019-07-22,30.260000228881836,30.290000915527344,29.94499969482422,30.1200008392334,26353000.0
2019-07-23,30.155000686645508,30.174999237060547,29.875,29.93000030517578,33581200.0
2019-07-24,30.014999389648438,30.09000015258789,29.725000381469727,29.954999923706055,27121400.0
2019-07-25,29.860000610351562,30.075000762939453,29.729999542236328,29.8799991607666,28296600.0
2019-07-26,29.905000686645508,30.104999542236328,29.84000015258789,29.989999771118164,27758000.0
2019-07-29,30.075000762939453,30.190000534057617,29.905000686645508,30.145000457763672,33243400.0
2019-07-30,30.075000762939453,30.21500015258789,29.764999389648438,29.915000915527344,37991200.0
2019-07-31,29.924999237060547,30.06999969482422,29.594999313354492,29.774999618530273,48762000.0
2019-08-01,29.725000381469727,30.25,29.625,30.079999923706055,58986200.0
2019-08-02,30.125,30.325000762939453,30.010000228881836,30.075000762939453,29878600.0
2019-08-05,30.139999389648438,30.219999313354492,29.485000610351562,29.645000457763672,53153600.0
2019-08-06,29.674999237060547,30.1299991607666,29.344999313354492,30.014999389648438,54071800.0
2019-08-07,30.024999618530273,30.270000457763672,29.600000381469727,30.09000015258789,49909400.0
2019-08-08,30.075000762939453,30.479999542236328,29.90999984741211,30.399999618530273,34115000.0
2019-08-09,30.424999237060547,30.56999969482422,30.325000762939453,30.434999465942383,23627000.0
2019-08-12,30.440000534057617,30.520000457763672,30.219999313354492,30.375,27249600.0
2019-08-13,30.3700008392334,30.5049991607666,30.190000534057617,30.395000457763672,35494400.0
2019-08-14,30.434999465942383,30.59000015258789,30.065000534057617,30.145000457763672,40581000.0
2019-08-15,30.25,30.639999389648438,30.06999969482422,30.53499984741211,44171600.0
2019-08-16,30.549999237060547,30.78499984741211,30.5049991607666,30.690000534057617,32243000.0
2019-08-19,30.625,30.989999771118164,30.575000762939453,30.885000228881836,28468000.0
2019-08-20,30.954999923706055,30.959999084472656,30.704999923706055,30.834999084472656,31048800.0
2019-08-21,30.78499984741211,31.040000915527344,30.760000228881836,31.040000915527344,28795800.0
2019-08-22,31.020000457763672,31.110000610351562,30.80500030517578,31.06999969482422,29834200.0
2019-08-23,31.1299991607666,31.229999542236328,30.584999084472656,30.739999771118164,42595800.0
2019-08-26,30.815000534057617,31.104999542236328,30.739999771118164,31.094999313354492,25701400.0
2019-08-27,31.2450008392334,31.3700008392334,31.114999771118164,31.149999618530273,38448800.0
2019-08-28,31.184999465942383,31.295000076293945,30.954999923706055,31.065000534057617,31791600.0
2019-08-29,31.239999771118164,31.290000915527344,30.989999771118164,31.280000686645508,35467000.0
2019-08-30,31.375,31.399999618530273,31.19499969482422,31.290000915527344,24166000.0
2019-09-03,31.280000686645508,31.850000381469727,31.2450008392334,31.844999313354492,42728200.0
2019-09-04,31.934999465942383,32.01499938964844,31.674999237060547,31.875,31633200.0
2019-09-05,31.665000915527344,31.735000610351562,31.420000076293945,31.530000686645508,58664800.0
2019-09-06,31.610000610351562,31.68000030517578,31.309999465942383,31.405000686645508,25326400.0
2019-09-09,31.34000015258789,31.395000457763672,31.190000534057617,31.25,33649800.0
2019-09-10,31.200000762939453,31.290000915527344,31.020000457763672,31.290000915527344,38336000.0
2019-09-11,31.2450008392334,31.625,31.104999542236328,31.600000381469727,45377000.0
2019-09-12,31.790000915527344,31.885000228881836,31.524999618530273,31.670000076293945,47199400.0
2019-09-13,31.489999771118164,31.700000762939453,31.375,31.469999313354492,49998200.0
2019-09-16,31.520000457763672,31.545000076293945,31.31999969482422,31.4950008392334,23926000.0
2019-09-17,31.549999237060547,31.844999313354492,31.53499984741211,31.770000457763672,34658200.0
2019-09-18,31.889999389648438,32.005001068115234,31.690000534057617,31.905000686645508,41925400.0
2019-09-19,32.005001068115234,32.084999084472656,31.885000228881836,32.05500030517578,30041400.0
2019-09-20,31.850000381469727,31.969999313354492,31.690000534057617,31.934999465942383,36989200.0
2019-09-23,31.924999237060547,32.060001373291016,31.860000610351562,31.940000534057617,17616600.0
2019-09-24,32.05500030517578,32.42499923706055,32.029998779296875,32.314998626708984,53815800.0
2019-09-25,32.290000915527344,32.33000183105469,32.119998931884766,32.29499816894531,32467600.0
2019-09-26,32.375,32.55500030517578,32.314998626708984,32.46500015258789,26746800.0
2019-09-27,32.5099983215332,32.529998779296875,32.16999816894531,32.349998474121094,33229600.0
2019-09-30,32.375,32.53499984741211,32.279998779296875,32.369998931884766,21670400.0
2019-10-01,32.2599983215332,32.349998474121094,32.119998931884766,32.29499816894531,47566800.0
2019-10-02,32.224998474121094,32.279998779296875,31.78499984741211,31.864999771118164,29720600.0
2019-10-03,31.875,31.954999923706055,31.709999084472656,31.940000534057617,59569200.0
2019-10-04,31.979999542236328,32.45500183105469,31.934999465942383,32.3849983215332,37167000.0
2019-10-07,32.35499954223633,32.39500045776367,32.18000030517578,32.2599983215332,25731800.0
2019-10-08,32.2400016784668,32.26499938964844,31.94499969482422,31.959999084472656,43191800.0
2019-10-09,32.04499816894531,32.2400016784668,31.969999313354492,32.1150016784668,17954000.0
2019-10-10,32.040000915527344,32.150001525878906,31.799999237060547,32.08000183105469,31210600.0
2019-10-11,32.04999923706055,32.15999984741211,31.850000381469727,31.959999084472656,32154600.0
2019-10-14,32.04999923706055,32.064998626708984,31.65999984741211,31.7549991607666,19892000.0
2019-10-15,31.774999618530273,31.850000381469727,31.575000762939453,31.655000686645508,31726600.0
2019-10-16,31.635000228881836,31.739999771118164,31.489999771118164,31.725000381469727,32355000.0
2019-10-17,31.725000381469727,31.8700008392334,31.649999618530273,31.80500030517578,25999600.0
2019-10-18,31.729999542236328,31.979999542236328,31.649999618530273,31.90999984741211,29105800.0
2019-10-21,31.915000915527344,32.04499816894531,31.815000534057617,32.03499984741211,22924800.0
2019-10-22,32.11000061035156,32.314998626708984,32.01499938964844,32.16999816894531,31182600.0
2019-10-23,32.244998931884766,32.380001068115234,32.15999984741211,32.29999923706055,25821800.0
2019-10-24,32.314998626708984,32.46500015258789,32.26499938964844,32.40999984741211,22922400.0
2019-10-25,32.435001373291016,32.47999954223633,31.950000762939453,32.08000183105469,33850200.0
2019-10-28,31.915000915527344,32.0,31.600000381469727,31.639999389648438,50137200.0
2019-10-29,31.6200008392334,31.739999771118164,31.530000686645508,31.670000076293945,39544800.0
2019-10-30,31.69499969482422,32.029998779296875,31.690000534057617,31.950000762939453,39360600.0
2019-10-31,31.979999542236328,32.165000915527344,31.875,32.125,34491800.0
2019-11-01,32.14500045776367,32.244998931884766,31.989999771118164,32.04499816894531,31381800.0
2019-11-04,32.01499938964844,32.03499984741211,31.520000457763672,31.635000228881836,48685600.0
2019-11-05,31.479999542236328,31.579999923706055,31.225000381469727,31.309999465942383,43993800.0
2019-11-06,31.364999771118164,31.559999465942383,31.315000534057617,31.43000030517578,35543800.0
2019-11-07,31.264999389648438,31.424999237060547,30.799999237060547,31.0049991607666,45689400.0
2019-11-08,30.90999984741211,31.045000076293945,30.739999771118164,30.875,31943000.0
2019-11-11,30.885000228881836,30.920000076293945,30.655000686645508,30.684999465942383,18546400.0
2019-11-12,30.690000534057617,30.81999969482422,30.670000076293945,30.760000228881836,25337000.0
2019-11-13,30.8700008392334,31.28499984741211,30.829999923706055,31.21500015258789,33593800.0
2019-11-14,31.315000534057617,31.485000610351562,31.225000381469727,31.325000762939453,33672000.0
2019-11-15,31.34000015258789,31.440000534057617,31.2450008392334,31.424999237060547,19931600.0
2019-11-18,31.489999771118164,31.75,31.434999465942383,31.489999771118164,32981600.0
2019-11-19,31.399999618530273,31.584999084472656,31.2450008392334,31.40999984741211,36104800.0
2019-11-20,31.454999923706055,31.645000457763672,31.3799991607666,31.600000381469727,39359000.0
2019-11-21,31.594999313354492,31.625,31.385000228881836,31.489999771118164,28418000.0
2019-11-22,31.559999465942383,31.575000762939453,31.274999618530273,31.5,22970400.0
2019-11-25,31.530000686645508,31.6200008392334,31.325000762939453,31.395000457763672,40797400.0
2019-11-26,31.44499969482422,31.545000076293945,31.375,31.5,32300200.0
2019-11-27,31.424999237060547,31.59000015258789,31.399999618530273,31.55500030517578,25056400.0
2019-11-29,31.614999771118164,31.735000610351562,31.4950008392334,31.524999618530273,10243000.0
2019-12-02,31.375,31.454999923706055,31.2549991607666,31.31999969482422,37401200.0
2019-12-03,31.399999618530273,31.46500015258789,31.329999923706055,31.405000686645508,25801800.0
2019-12-04,31.395000457763672,31.69499969482422,31.3700008392334,31.645000457763672,39195400.0
2019-12-05,31.594999313354492,31.704999923706055,31.514999389648438,31.700000762939453,24899400.0
2019-12-06,31.579999923706055,31.790000915527344,31.579999923706055,31.604999542236328,19164400.0
2019-12-09,31.674999237060547,31.68000030517578,31.440000534057617,31.4950008392334,23166400.0
2019-12-10,31.489999771118164,31.55500030517578,31.40999984741211,31.489999771118164,25197600.0
2019-12-11,31.530000686645508,31.6299991607666,31.415000915527344,31.575000762939453,23980200.0
2019-12-12,31.53499984741211,31.65999984741211,31.30500030517578,31.440000534057617,48234200.0
2019-12-13,31.454999923706055,31.739999771118164,31.334999084472656,31.684999465942383,38669200.0
2019-12-16,31.684999465942383,32.099998474121094,31.684999465942383,32.08000183105469,41547800.0
2019-12-17,32.099998474121094,32.3849983215332,32.06999969482422,32.185001373291016,33694600.0
2019-12-18,32.209999084472656,32.36000061035156,32.040000915527344,32.314998626708984,25615800.0
2019-12-19,32.314998626708984,32.369998931884766,32.125,32.32500076293945,33803200.0
2019-12-20,32.064998626708984,32.470001220703125,32.064998626708984,32.29499816894531,45942200.0
2019-12-23,32.349998474121094,32.3650016784668,31.90999984741211,31.9950008392334,32956000.0
2019-12-24,32.029998779296875,32.05500030517578,31.8700008392334,32.040000915527344,9025600.0
2019-12-26,32.06999969482422,32.125,31.959999084472656,32.095001220703125,13317000.0
2019-12-27,32.095001220703125,32.189998626708984,32.03499984741211,32.189998626708984,20603400.0
2019-12-30,32.05500030517578,32.189998626708984,32.01499938964844,32.185001373291016,23868600.0
2019-12-31,32.18000030517578,32.349998474121094,32.13999938964844,32.310001373291016,21616800.0
2020-01-02,32.3650016784668,32.375,31.78499984741211,31.905000686645508,38215400.0
2020-01-03,31.93000030517578,32.084999084472656,31.854999542236328,31.969999313354492,35978600.0
2020-01-06,31.93000030517578,32.095001220703125,31.8799991607666,32.0,20889000.0
2020-01-07,31.920000076293945,31.969999313354492,31.774999618530273,31.954999923706055,26140600.0
2020-01-08,31.969999313354492,32.08000183105469,31.889999389648438,31.940000534057617,25482800.0
2020-01-09,31.899999618530273,32.150001525878906,31.895000457763672,32.1150016784668,23286200.0
2020-01-10,32.15999984741211,32.314998626708984,32.14500045776367,32.20000076293945,21165800.0
2020-01-13,32.189998626708984,32.4900016784668,32.189998626708984,32.39500045776367,25342200.0
2020-01-14,32.39500045776367,32.5,32.25,32.4900016784668,22990000.0
2020-01-15,32.560001373291016,33.0,32.55500030517578,32.94499969482422,31771800.0
2020-01-16,32.970001220703125,33.185001373291016,32.959999084472656,33.150001525878906,21797600.0
2020-01-17,33.13999938964844,33.42499923706055,33.04999923706055,33.380001068115234,26517600.0
2020-01-21,33.45500183105469,33.70000076293945,33.31999969482422,33.685001373291016,47753000.0
2020-01-22,33.75,33.8849983215332,33.70000076293945,33.790000915527344,21683200.0
2020-01-23,33.78499984741211,34.099998474121094,33.75,34.09000015258789,25938600.0
2020-01-24,34.0,34.30500030517578,33.94499969482422,34.18000030517578,28803000.0
2020-01-27,34.15999984741211,34.400001525878906,34.0,34.095001220703125,22544400.0
2020-01-28,34.130001068115234,34.380001068115234,34.04499816894531,34.23500061035156,35056800.0
2020-01-29,34.255001068115234,34.375,34.119998931884766,34.32500076293945,21599600.0
2020-01-30,34.30500030517578,34.665000915527344,34.220001220703125,34.64500045776367,28808600.0
2020-01-31,34.58000183105469,34.720001220703125,34.310001373291016,34.4900016784668,40949000.0
2020-02-03,34.54499816894531,34.63999938964844,34.46500015258789,34.599998474121094,27095800.0
2020-02-04,34.58000183105469,34.685001373291016,34.220001220703125,34.255001068115234,41384200.0
2020-02-05,34.18000030517578,34.47999954223633,34.10499954223633,34.39500045776367,32610200.0
2020-02-06,34.43000030517578,34.599998474121094,34.31999969482422,34.404998779296875,29908200.0
2020-02-07,34.48500061035156,34.53499984741211,34.28499984741211,34.29499816894531,21392800.0
2020-02-10,34.349998474121094,34.42499923706055,34.224998474121094,34.42499923706055,16279600.0
2020-02-11,34.48500061035156,34.665000915527344,34.46500015258789,34.54999923706055,20539400.0
2020-02-12,34.494998931884766,34.68000030517578,34.3849983215332,34.57500076293945,16094800.0
2020-02-13,34.60499954223633,34.97999954223633,34.54999923706055,34.959999084472656,27175200.0
2020-02-14,35.025001525878906,35.224998474121094,34.974998474121094,35.19499969482422,21108200.0
2020-02-18,35.33000183105469,35.54999923706055,35.22999954223633,35.4900016784668,30069600.0
2020-02-19,35.349998474121094,35.400001525878906,35.10499954223633,35.10499954223633,22391000.0
2020-02-20,35.1150016784668,35.25,34.94499969482422,35.22999954223633,28810200.0
2020-02-21,35.165000915527344,35.39500045776367,35.130001068115234,35.165000915527344,23457200.0
2020-02-24,35.01499938964844,35.209999084472656,34.7400016784668,34.755001068115234,40884200.0
2020-02-25,34.790000915527344,34.849998474121094,33.96500015258789,34.025001525878906,56276600.0
2020-02-26,34.025001525878906,34.33000183105469,33.67499923706055,33.68000030517578,52384600.0
2020-02-27,33.54499816894531,33.72999954223633,32.154998779296875,32.165000915527344,87206200.0
2020-02-28,31.43000030517578,31.46500015258789,30.350000381469727,31.09000015258789,180526200.0
2020-03-02,31.25,32.96500015258789,31.174999237060547,32.91999816894531,84351600.0
2020-03-03,32.939998626708984,33.619998931884766,32.3849983215332,32.51499938964844,126558000.0
2020-03-04,32.94499969482422,34.404998779296875,32.92499923706055,34.36000061035156,62856400.0
2020-03-05,33.79499816894531,34.290000915527344,33.43000030517578,33.83000183105469,67070200.0
2020-03-06,32.935001373291016,33.689998626708984,32.30500030517578,33.55500030517578,70997800.0
2020-03-09,31.774999618530273,32.625,31.229999542236328,31.729999542236328,74339400.0
2020-03-10,32.25,32.619998931884766,30.594999313354492,32.025001525878906,81616800.0
2020-03-11,31.309999465942383,31.329999923706055,29.985000610351562,30.415000915527344,64307800.0
2020-03-12,28.75,29.270000457763672,27.0049991607666,27.344999313354492,77766400.0
2020-03-13,28.885000228881836,28.885000228881836,26.825000762939453,28.834999084472656,54277200.0
2020-03-16,26.229999542236328,28.2549991607666,25.459999084472656,25.559999465942383,56293400.0
2020-03-17,26.30500030517578,29.075000762939453,26.020000457763672,28.829999923706055,77946000.0
2020-03-18,27.104999542236328,28.0049991607666,26.114999771118164,27.575000762939453,85692800.0
2020-03-19,27.31999969482422,27.440000534057617,25.889999389648438,25.969999313354492,65459000.0
2020-03-20,26.209999084472656,26.209999084472656,23.739999771118164,23.90999984741211,56358400.0
2020-03-23,23.594999313354492,23.594999313354492,21.719999313354492,22.46500015258789,64018000.0
2020-03-24,23.325000762939453,24.985000610351562,23.165000915527344,24.8799991607666,54902800.0
2020-03-25,24.915000915527344,26.584999084472656,24.165000915527344,25.514999389648438,61255000.0
2020-03-26,25.790000915527344,27.989999771118164,25.530000686645508,27.690000534057617,61794400.0
2020-03-27,26.854999542236328,28.844999313354492,26.719999313354492,27.84000015258789,50186200.0
2020-03-30,28.079999923706055,29.045000076293945,27.959999084472656,28.8700008392334,59519000.0
2020-03-31,28.645000457763672,28.645000457763672,27.614999771118164,27.704999923706055,67456400.0
2020-04-01,26.610000610351562,26.975000381469727,25.540000915527344,26.040000915527344,53420600.0
2020-04-02,25.760000228881836,27.040000915527344,25.614999771118164,26.854999542236328,53121600.0
2020-04-03,26.559999465942383,26.889999389648438,25.69499969482422,25.895000457763672,31872000.0
2020-04-06,26.844999313354492,28.174999237060547,26.844999313354492,27.895000457763672,41379600.0
2020-04-07,28.645000457763672,28.690000534057617,27.510000228881836,27.545000076293945,49163200.0
2020-04-08,27.709999084472656,29.28499984741211,27.479999542236328,29.045000076293945,64925600.0
2020-04-09,29.485000610351562,30.889999389648438,29.375,30.415000915527344,87722800.0
2020-04-13,30.260000228881836,30.260000228881836,29.155000686645508,29.450000762939453,27830400.0
2020-04-14,30.084999084472656,30.360000610351562,29.795000076293945,30.315000534057617,34175600.0
2020-04-15,29.479999542236328,29.84000015258789,29.149999618530273,29.315000534057617,25671600.0
2020-04-16,29.440000534057617,29.565000534057617,29.030000686645508,29.31999969482422,20800000.0
2020-04-17,29.94499969482422,30.424999237060547,29.540000915527344,30.264999389648438,21555000.0
2020-04-20,30.075000762939453,30.075000762939453,29.075000762939453,29.1200008392334,28761000.0
2020-04-21,28.594999313354492,28.985000610351562,28.31999969482422,28.639999389648438,40783200.0
2020-04-22,29.18000030517578,29.71500015258789,28.985000610351562,29.475000381469727,31190800.0
2020-04-23,29.565000534057617,29.645000457763672,28.815000534057617,28.979999542236328,24830400.0
2020-04-24,29.030000686645508,29.28499984741211,28.655000686645508,29.15999984741211,23973800.0
2020-04-27,29.329999923706055,29.68000030517578,29.299999237060547,29.46500015258789,25481000.0
2020-04-28,29.8799991607666,30.200000762939453,29.440000534057617,29.575000762939453,28643400.0
2020-04-29,30.05500030517578,30.06999969482422,29.184999465942383,29.30500030517578,23575600.0
2020-04-30,29.094999313354492,29.139999389648438,28.364999771118164,28.6299991607666,38733800.0
2020-05-01,28.295000076293945,28.315000534057617,27.780000686645508,27.940000534057617,26918600.0
2020-05-04,27.795000076293945,28.219999313354492,27.625,28.149999618530273,24027600.0
2020-05-05,28.25,28.719999313354492,28.21500015258789,28.3799991607666,23653600.0
2020-05-06,28.479999542236328,28.5,27.375,27.415000915527344,48150400.0
2020-05-07,27.729999542236328,27.975000381469727,27.479999542236328,27.524999618530273,42266200.0
2020-05-08,27.860000610351562,28.190000534057617,27.729999542236328,28.079999923706055,26553200.0
2020-05-11,27.860000610351562,28.065000534057617,27.46500015258789,27.959999084472656,31326400.0
2020-05-12,28.030000686645508,28.155000686645508,27.65999984741211,27.71500015258789,43734400.0
2020-05-13,27.65999984741211,27.65999984741211,27.165000915527344,27.479999542236328,39645000.0
2020-05-14,27.204999923706055,27.854999542236328,26.829999923706055,27.774999618530273,46233200.0
2020-05-15,27.579999923706055,27.59000015258789,26.985000610351562,27.405000686645508,69347600.0
2020-05-18,28.049999237060547,28.709999084472656,28.049999237060547,28.530000686645508,45994600.0
2020-05-19,28.40999984741211,28.489999771118164,28.05500030517578,28.059999465942383,32655800.0
2020-05-20,28.350000381469727,28.530000686645508,28.104999542236328,28.21500015258789,23583200.0
2020-05-21,28.139999389648438,28.34000015258789,27.875,27.93000030517578,33868200.0
2020-05-22,27.93000030517578,28.264999389648438,27.84000015258789,28.239999771118164,23838000.0
2020-05-26,28.75,28.975000381469727,28.395000457763672,28.424999237060547,35071800.0
2020-05-27,28.924999237060547,28.975000381469727,28.3700008392334,28.764999389648438,32984600.0
2020-05-28,29.135000228881836,29.739999771118164,29.110000610351562,29.614999771118164,42582000.0
2020-05-29,29.545000076293945,30.0,29.3700008392334,29.844999313354492,29511800.0
2020-06-01,29.834999084472656,30.385000228881836,29.665000915527344,30.200000762939453,29112800.0
2020-06-02,30.315000534057617,30.415000915527344,29.989999771118164,30.395000457763672,27998600.0
2020-06-03,30.559999465942383,30.975000381469727,30.53499984741211,30.760000228881836,25682800.0
2020-06-04,30.594999313354492,30.65999984741211,29.81999969482422,30.209999084472656,43679200.0
2020-06-05,30.485000610351562,31.18000030517578,30.454999923706055,30.594999313354492,44260000.0
2020-06-08,30.649999618530273,31.514999389648438,30.43000030517578,31.415000915527344,31919000.0
2020-06-09,31.1299991607666,31.145000457763672,30.44499969482422,30.78499984741211,37283600.0
2020-06-10,30.78499984741211,30.989999771118164,30.5049991607666,30.604999542236328,25052000.0
2020-06-11,30.079999923706055,30.165000915527344,29.19499969482422,29.40999984741211,69420400.0
2020-06-12,29.969999313354492,30.0049991607666,28.975000381469727,29.334999084472656,46404800.0
2020-06-15,28.815000534057617,29.75,28.565000534057617,29.53499984741211,33434000.0
2020-06-16,30.25,30.415000915527344,29.510000228881836,29.670000076293945,34226600.0
2020-06-17,29.795000076293945,29.799999237060547,29.295000076293945,29.579999923706055,24374400.0
2020-06-18,29.395000457763672,29.655000686645508,29.239999771118164,29.575000762939453,26507600.0
2020-06-19,29.809999465942383,29.934999465942383,28.700000762939453,28.7450008392334,58531600.0
2020-06-22,28.489999771118164,28.96500015258789,28.225000381469727,28.78499984741211,25906400.0
2020-06-23,29.079999923706055,29.114999771118164,28.415000915527344,28.4950008392334,25244400.0
2020-06-24,28.280000686645508,28.40999984741211,27.895000457763672,28.235000610351562,28538400.0
2020-06-25,28.174999237060547,28.190000534057617,27.559999465942383,27.885000228881836,43502400.0
2020-06-26,27.844999313354492,28.15999984741211,27.405000686645508,27.59000015258789,57463400.0
2020-06-29,27.809999465942383,28.125,27.514999389648438,28.110000610351562,29730600.0
2020-06-30,28.114999771118164,28.3700008392334,27.950000762939453,28.21500015258789,33743800.0
2020-07-01,28.239999771118164,29.0,28.190000534057617,28.875,39777400.0
2020-07-02,29.079999923706055,29.260000228881836,28.875,28.950000762939453,24295200.0
2020-07-06,29.05500030517578,29.2450008392334,28.360000610351562,28.594999313354492,30775400.0
2020-07-07,28.280000686645508,28.584999084472656,28.145000457763672,28.479999542236328,22681000.0
2020-07-08,28.434999465942383,28.829999923706055,28.3799991607666,28.735000610351562,24359400.0
2020-07-09,28.594999313354492,28.610000610351562,27.954999923706055,28.350000381469727,35750400.0
2020-07-10,28.350000381469727,28.96500015258789,28.34000015258789,28.885000228881836,27166400.0
2020-07-13,28.885000228881836,29.200000762939453,28.780000686645508,28.915000915527344,35531600.0
2020-07-14,28.920000076293945,29.354999542236328,28.885000228881836,29.184999465942383,67894200.0
2020-07-15,29.459999084472656,29.674999237060547,29.014999389648438,29.06999969482422,26940400.0
2020-07-16,29.094999313354492,29.520000457763672,29.020000457763672,29.440000534057617,30126400.0
2020-07-17,29.600000381469727,30.184999465942383,29.575000762939453,30.104999542236328,45901600.0
2020-07-20,30.0,30.084999084472656,29.65999984741211,29.709999084472656,24255200.0
2020-07-21,29.78499984741211,30.190000534057617,29.690000534057617,29.844999313354492,30216000.0
2020-07-22,29.709999084472656,30.415000915527344,29.420000076293945,30.30500030517578,29694200.0
2020-07-23,30.295000076293945,30.55500030517578,30.15999984741211,30.34000015258789,38277400.0
2020-07-24,30.399999618530273,30.709999084472656,29.969999313354492,30.139999389648438,35397000.0
2020-07-27,30.149999618530273,30.170000076293945,29.559999465942383,29.774999618530273,22638600.0
2020-07-28,29.700000762939453,30.479999542236328,29.674999237060547,30.225000381469727,37792000.0
2020-07-29,30.280000686645508,30.44499969482422,30.139999389648438,30.364999771118164,18205600.0
2020-07-30,30.145000457763672,30.3700008392334,29.9950008392334,30.364999771118164,25475800.0
2020-07-31,30.28499984741211,30.4950008392334,29.989999771118164,30.415000915527344,24228000.0
2020-08-03,30.395000457763672,30.399999618530273,29.924999237060547,30.084999084472656,19303800.0
2020-08-04,30.065000534057617,30.549999237060547,29.989999771118164,30.415000915527344,41663600.0
2020-08-05,30.479999542236328,30.5,29.905000686645508,30.024999618530273,23658600.0
2020-08-06,29.9950008392334,30.25,29.84000015258789,30.200000762939453,27576000.0
2020-08-07,30.079999923706055,30.864999771118164,30.075000762939453,30.7450008392334,30942200.0
2020-08-10,30.844999313354492,30.975000381469727,30.635000228881836,30.735000610351562,21208600.0
2020-08-11,30.770000457763672,30.829999923706055,29.989999771118164,30.06999969482422,50996000.0
2020-08-12,30.15999984741211,30.709999084472656,30.149999618530273,30.5049991607666,34570600.0
2020-08-13,30.3799991607666,30.520000457763672,30.219999313354492,30.454999923706055,31627200.0
2020-08-14,30.389999389648438,30.43000030517578,30.110000610351562,30.190000534057617,17336600.0
2020-08-17,30.21500015258789,30.415000915527344,30.03499984741211,30.149999618530273,19020400.0
2020-08-18,30.1299991607666,30.25,29.860000610351562,30.014999389648438,24294600.0
2020-08-19,30.09000015258789,30.104999542236328,29.864999771118164,29.924999237060547,18042800.0
2020-08-20,29.80500030517578,29.954999923706055,29.579999923706055,29.65999984741211,25932000.0
2020-08-21,29.684999465942383,29.764999389648438,29.40999984741211,29.709999084472656,18933400.0
2020-08-24,29.795000076293945,29.979999542236328,29.520000457763672,29.969999313354492,14985800.0
2020-08-25,30.024999618530273,30.030000686645508,29.584999084472656,29.684999465942383,23573200.0
2020-08-26,29.579999923706055,29.600000381469727,29.2450008392334,29.354999542236328,23329800.0
2020-08-27,29.440000534057617,29.65999984741211,29.270000457763672,29.450000762939453,38907200.0
2020-08-28,29.510000228881836,29.565000534057617,29.229999542236328,29.53499984741211,16995800.0
2020-08-31,29.489999771118164,29.80500030517578,29.485000610351562,29.625,19975600.0
2020-09-01,29.530000686645508,29.549999237060547,29.170000076293945,29.28499984741211,26620400.0
2020-09-02,29.350000381469727,30.329999923706055,29.229999542236328,30.19499969482422,37298400.0
2020-09-03,30.204999923706055,30.520000457763672,29.575000762939453,29.854999542236328,38871400.0
2020-09-04,29.915000915527344,30.084999084472656,29.299999237060547,29.684999465942383,35792200.0
2020-09-08,29.71500015258789,29.75,29.239999771118164,29.520000457763672,28990800.0
2020-09-09,29.739999771118164,30.295000076293945,29.709999084472656,29.90999984741211,30869400.0
2020-09-10,29.795000076293945,29.829999923706055,29.360000610351562,29.395000457763672,36280400.0
2020-09-11,29.459999084472656,29.559999465942383,29.235000610351562,29.46500015258789,25332600.0
2020-09-14,29.610000610351562,30.024999618530273,29.579999923706055,29.8700008392334,20927200.0
2020-09-15,30.174999237060547,30.514999389648438,29.90999984741211,30.06999969482422,23342600.0
2020-09-16,29.96500015258789,30.239999771118164,29.834999084472656,30.030000686645508,23082200.0
2020-09-17,29.84000015258789,29.950000762939453,29.549999237060547,29.78499984741211,22775400.0
2020-09-18,29.780000686645508,29.799999237060547,29.19499969482422,29.260000228881836,31969600.0
2020-09-21,28.799999237060547,28.96500015258789,28.454999923706055,28.829999923706055,30371200.0
2020-09-22,28.844999313354492,29.204999923706055,28.825000762939453,29.010000228881836,21247400.0
2020-09-23,29.045000076293945,29.094999313354492,28.540000915527344,28.565000534057617,21576400.0
2020-09-24,28.53499984741211,29.09000015258789,28.360000610351562,28.885000228881836,31328200.0
2020-09-25,28.760000228881836,29.389999389648438,28.655000686645508,29.360000610351562,22576000.0
2020-09-28,29.489999771118164,29.729999542236328,29.385000228881836,29.434999465942383,20359600.0
2020-09-29,29.524999618530273,29.725000381469727,29.290000915527344,29.424999237060547,18435800.0
2020-09-30,29.610000610351562,29.834999084472656,29.440000534057617,29.690000534057617,24208200.0
2020-10-01,29.764999389648438,30.065000534057617,29.704999923706055,29.989999771118164,26142000.0
2020-10-02,29.75,30.5,29.684999465942383,30.344999313354492,33890000.0
2020-10-05,30.424999237060547,30.809999465942383,30.219999313354492,30.725000381469727,22076800.0
2020-10-06,30.7450008392334,31.334999084472656,30.610000610351562,30.985000610351562,32776800.0
2020-10-07,31.145000457763672,31.30500030517578,30.94499969482422,31.174999237060547,24403600.0
2020-10-08,31.309999465942383,31.795000076293945,31.290000915527344,31.7450008392334,27235600.0
2020-10-09,31.920000076293945,31.934999465942383,31.524999618530273,31.739999771118164,17091200.0
2020-10-12,31.760000228881836,32.154998779296875,31.68000030517578,31.940000534057617,14970200.0
2020-10-13,31.719999313354492,31.80500030517578,31.364999771118164,31.719999313354492,20210400.0
2020-10-14,31.760000228881836,31.895000457763672,31.514999389648438,31.68000030517578,22338800.0
2020-10-15,31.3799991607666,31.834999084472656,31.299999237060547,31.65999984741211,19124000.0
2020-10-16,31.700000762939453,32.119998931884766,31.665000915527344,32.0,16081000.0
2020-10-19,31.985000610351562,32.154998779296875,31.639999389648438,31.729999542236328,26603000.0
2020-10-20,31.860000610351562,32.095001220703125,31.739999771118164,31.920000076293945,24979400.0
2020-10-21,31.850000381469727,32.04499816894531,31.7450008392334,31.834999084472656,14200000.0
2020-10-22,31.8799991607666,32.34000015258789,31.790000915527344,32.28499984741211,15212000.0
2020-10-23,32.44499969482422,32.5,32.19499969482422,32.375,14485000.0
2020-10-26,32.125,32.42499923706055,31.915000915527344,32.3650016784668,20763200.0
2020-10-27,32.42499923706055,32.66999816894531,32.185001373291016,32.34000015258789,19601800.0
2020-10-28,31.889999389648438,32.29999923706055,31.334999084472656,31.399999618530273,34026600.0
2020-10-29,31.28499984741211,31.8700008392334,30.8799991607666,31.485000610351562,29847800.0
2020-10-30,31.309999465942383,31.5049991607666,30.889999389648438,31.190000534057617,34824600.0
2020-11-02,31.614999771118164,31.920000076293945,31.299999237060547,31.875,29911800.0
2020-11-03,32.275001525878906,32.685001373291016,32.14500045776367,32.334999084472656,30157400.0
2020-11-04,32.14500045776367,32.64500045776367,31.815000534057617,31.850000381469727,36662200.0
2020-11-05,32.185001373291016,32.720001220703125,32.11000061035156,32.1349983215332,31525200.0
2020-11-06,32.154998779296875,32.439998626708984,31.979999542236328,32.064998626708984,18955400.0
2020-11-09,32.994998931884766,33.96500015258789,32.630001068115234,32.65999984741211,46072200.0
2020-11-10,32.834999084472656,33.224998474121094,32.70000076293945,33.130001068115234,31172000.0
2020-11-11,33.29999923706055,33.54999923706055,33.125,33.255001068115234,19459000.0
2020-11-12,33.060001373291016,33.1349983215332,32.46500015258789,32.720001220703125,53020200.0
2020-11-13,32.880001068115234,33.1349983215332,32.81999969482422,33.04499816894531,26324800.0
2020-11-16,33.45500183105469,33.474998474121094,32.98500061035156,33.380001068115234,27375000.0
2020-11-17,33.165000915527344,33.32500076293945,32.67499923706055,32.724998474121094,16811200.0
2020-11-18,32.89500045776367,32.935001373291016,32.07500076293945,32.084999084472656,25581400.0
2020-11-19,32.04999923706055,32.07500076293945,31.540000915527344,31.764999389648438,26996200.0
2020-11-20,31.709999084472656,31.989999771118164,31.610000610351562,31.770000457763672,18632200.0
2020-11-23,31.895000457763672,31.954999923706055,31.6299991607666,31.774999618530273,16930600.0
2020-11-24,32.029998779296875,32.19499969482422,31.8700008392334,32.1150016784668,21807000.0
2020-11-25,32.07500076293945,32.209999084472656,31.795000076293945,32.20000076293945,22985200.0
2020-11-27,32.189998626708984,32.220001220703125,31.75,31.8799991607666,12073200.0
2020-11-30,31.790000915527344,31.809999465942383,31.295000076293945,31.420000076293945,26889400.0
2020-12-01,31.655000686645508,32.084999084472656,31.6200008392334,31.639999389648438,30174800.0
2020-12-02,31.489999771118164,31.864999771118164,31.290000915527344,31.850000381469727,24397600.0
2020-12-03,31.799999237060547,31.829999923706055,31.434999465942383,31.520000457763672,18753600.0
2020-12-04,31.549999237060547,31.625,31.030000686645508,31.204999923706055,21005000.0
2020-12-07,31.100000381469727,31.53499984741211,31.094999313354492,31.3799991607666,17391400.0
2020-12-08,31.174999237060547,31.489999771118164,31.045000076293945,31.28499984741211,21005400.0
2020-12-09,31.309999465942383,31.360000610351562,31.020000457763672,31.229999542236328,22969800.0
2020-12-10,31.21500015258789,31.315000534057617,30.924999237060547,31.06999969482422,21602800.0
2020-12-11,30.940000534057617,31.15999984741211,30.90999984741211,31.1200008392334,13351400.0
2020-12-14,31.34000015258789,31.600000381469727,30.93000030517578,30.959999084472656,27208800.0
2020-12-15,31.104999542236328,31.649999618530273,30.950000762939453,31.56999969482422,22357200.0
2020-12-16,31.6299991607666,31.790000915527344,31.165000915527344,31.204999923706055,24312800.0
2020-12-17,31.315000534057617,31.645000457763672,31.309999465942383,31.415000915527344,25389800.0
2020-12-18,31.420000076293945,31.53499984741211,30.9950008392334,31.145000457763672,20877400.0
2020-12-21,30.639999389648438,30.639999389648438,30.15999984741211,30.510000228881836,27915400.0
2020-12-22,30.5,30.579999923706055,30.360000610351562,30.450000762939453,24177000.0
2020-12-23,30.594999313354492,30.834999084472656,30.385000228881836,30.389999389648438,11543400.0
2020-12-24,30.454999923706055,30.6200008392334,30.290000915527344,30.604999542236328,7272400.0
2020-12-28,30.764999389648438,30.940000534057617,30.625,30.739999771118164,11739000.0
2020-12-29,30.815000534057617,30.959999084472656,30.649999618530273,30.735000610351562,15165000.0
2020-12-30,30.7549991607666,30.989999771118164,30.704999923706055,30.889999389648438,11847200.0
2020-12-31,30.895000457763672,31.395000457763672,30.815000534057617,31.350000381469727,18184000.0
2021-01-04,31.405000686645508,31.405000686645508,30.385000228881836,30.559999465942383,25260600.0
2021-01-05,30.625,30.71500015258789,30.30500030517578,30.55500030517578,16666600.0
2021-01-06,30.729999542236328,31.520000457763672,30.65999984741211,31.315000534057617,35961800.0
2021-01-07,31.485000610351562,31.545000076293945,30.875,30.905000686645508,24758800.0
2021-01-08,30.94499969482422,31.229999542236328,30.889999389648438,31.165000915527344,26930600.0
2021-01-11,31.049999237060547,31.174999237060547,30.645000457763672,30.875,16657200.0
2021-01-12,30.825000762939453,30.93000030517578,30.34000015258789,30.709999084472656,24619000.0
2021-01-13,30.80500030517578,31.40999984741211,30.75,31.309999465942383,26687400.0
2021-01-14,31.31999969482422,31.344999313354492,31.010000228881836,31.190000534057617,26067000.0
2021-01-15,31.125,31.59000015258789,31.010000228881836,31.4950008392334,27564800.0
2021-01-19,31.665000915527344,31.69499969482422,31.329999923706055,31.375,18993200.0
2021-01-20,31.364999771118164,31.700000762939453,31.18000030517578,31.559999465942383,44796200.0
2021-01-21,31.485000610351562,31.549999237060547,31.31999969482422,31.375,13975600.0
2021-01-22,31.28499984741211,31.524999618530273,31.165000915527344,31.420000076293945,18760000.0
2021-01-25,31.309999465942383,32.095001220703125,31.274999618530273,32.04999923706055,37848600.0
2021-01-26,32.005001068115234,32.040000915527344,31.600000381469727,31.729999542236328,19473600.0
2021-01-27,31.475000381469727,31.709999084472656,30.735000610351562,30.875,39287400.0
2021-01-28,30.979999542236328,31.719999313354492,30.899999618530273,31.2450008392334,25465800.0
2021-01-29,31.084999084472656,31.389999389648438,30.8799991607666,31.075000762939453,27760600.0
2021-02-01,31.274999618530273,31.5049991607666,30.96500015258789,31.225000381469727,16109400.0
2021-02-02,31.329999923706055,31.96500015258789,31.200000762939453,31.479999542236328,28698600.0
2021-02-03,31.44499969482422,31.59000015258789,31.309999465942383,31.3799991607666,16266800.0
2021-02-04,31.364999771118164,31.670000076293945,31.274999618530273,31.625,22702200.0
2021-02-05,31.764999389648438,31.969999313354492,31.635000228881836,31.795000076293945,11920000.0
2021-02-08,31.864999771118164,31.875,31.43000030517578,31.549999237060547,21531400.0
2021-02-09,31.604999542236328,31.709999084472656,31.334999084472656,31.594999313354492,12386800.0
2021-02-10,31.780000686645508,31.850000381469727,31.5049991607666,31.719999313354492,19621200.0
2021-02-11,31.704999923706055,31.809999465942383,31.489999771118164,31.540000915527344,17422600.0
2021-02-12,31.44499969482422,31.59000015258789,31.145000457763672,31.309999465942383,20216000.0
2021-02-16,31.274999618530273,31.315000534057617,30.915000915527344,30.959999084472656,31723200.0
2021-02-17,30.9950008392334,31.040000915527344,30.774999618530273,30.985000610351562,20358200.0
2021-02-18,30.934999465942383,31.30500030517578,30.934999465942383,31.170000076293945,15419600.0
2021-02-19,31.174999237060547,31.190000534057617,30.68000030517578,30.704999923706055,17935400.0
2021-02-22,30.6200008392334,30.655000686645508,29.81999969482422,30.104999542236328,35602800.0
2021-02-23,30.225000381469727,30.459999084472656,30.06999969482422,30.354999542236328,26213200.0
2021-02-24,30.280000686645508,30.334999084472656,29.969999313354492,30.0,23673600.0
2021-02-25,29.940000534057617,30.084999084472656,29.584999084472656,29.729999542236328,31360400.0
2021-02-26,29.829999923706055,30.014999389648438,29.170000076293945,29.18000030517578,38014800.0
2021-03-01,29.549999237060547,30.15999984741211,29.545000076293945,29.825000762939453,31427400.0
2021-03-02,29.8700008392334,29.950000762939453,29.56999969482422,29.735000610351562,29306200.0
2021-03-03,29.690000534057617,29.690000534057617,29.135000228881836,29.385000228881836,45849800.0
2021-03-04,29.405000686645508,29.90999984741211,29.200000762939453,29.360000610351562,44172600.0
2021-03-05,29.485000610351562,29.979999542236328,29.225000381469727,29.84000015258789,33606600.0
2021-03-08,29.924999237060547,30.524999618530273,29.844999313354492,30.260000228881836,38423800.0
2021-03-09,30.424999237060547,30.760000228881836,30.385000228881836,30.65999984741211,22224400.0
2021-03-10,30.649999618530273,30.96500015258789,30.565000534057617,30.8700008392334,27421200.0
2021-03-11,30.815000534057617,31.18000030517578,30.774999618530273,30.790000915527344,17168800.0
2021-03-12,30.924999237060547,31.299999237060547,30.780000686645508,31.204999923706055,20043800.0
2021-03-15,31.25,31.684999465942383,31.25,31.604999542236328,24417200.0
2021-03-16,31.530000686645508,31.725000381469727,31.44499969482422,31.645000457763672,29243400.0
2021-03-17,31.6200008392334,31.625,31.100000381469727,31.1299991607666,34407000.0
2021-03-18,31.100000381469727,31.225000381469727,30.799999237060547,31.014999389648438,29627600.0
2021-03-19,31.024999618530273,31.3700008392334,30.69499969482422,31.100000381469727,38712600.0
2021-03-22,30.799999237060547,30.96500015258789,30.604999542236328,30.825000762939453,25641000.0
2021-03-23,30.815000534057617,31.405000686645508,30.75,31.28499984741211,26117200.0
2021-03-24,31.184999465942383,31.520000457763672,31.075000762939453,31.295000076293945,22058400.0
2021-03-25,31.395000457763672,31.735000610351562,31.2549991607666,31.6299991607666,28309600.0
2021-03-26,31.625,31.764999389648438,31.31999969482422,31.735000610351562,20770200.0
2021-03-29,31.670000076293945,32.224998474121094,31.655000686645508,32.07500076293945,32775600.0
2021-03-30,31.975000381469727,31.975000381469727,31.549999237060547,31.78499984741211,22111200.0
2021-03-31,31.799999237060547,32.08000183105469,31.735000610351562,32.02000045776367,22259200.0
2021-04-01,31.969999313354492,32.04499816894531,31.774999618530273,31.989999771118164,21046600.0
2021-04-05,32.10499954223633,32.54499816894531,32.07500076293945,32.34000015258789,29288200.0
2021-04-06,32.30500030517578,32.51499938964844,32.06999969482422,32.5099983215332,17258600.0
2021-04-07,32.48500061035156,32.64500045776367,32.30500030517578,32.470001220703125,15798400.0
2021-04-08,32.55500030517578,32.654998779296875,32.375,32.44499969482422,19909800.0
2021-04-09,32.474998474121094,32.61000061035156,32.345001220703125,32.40999984741211,15751200.0
2021-04-12,32.415000915527344,32.66999816894531,32.33000183105469,32.439998626708984,14201400.0
2021-04-13,32.310001373291016,32.8849983215332,32.25,32.82500076293945,18250800.0
2021-04-14,32.744998931884766,32.970001220703125,32.65999984741211,32.970001220703125,15125400.0
2021-04-15,32.974998474121094,33.349998474121094,32.95500183105469,33.334999084472656,23863400.0
2021-04-16,33.459999084472656,33.73500061035156,33.38999938964844,33.60499954223633,22376000.0
2021-04-19,33.625,33.68000030517578,33.35499954223633,33.435001373291016,21503400.0
2021-04-20,33.435001373291016,33.94499969482422,33.415000915527344,33.86000061035156,29548800.0
2021-04-21,33.89500045776367,34.025001525878906,33.45000076293945,33.57500076293945,19230200.0
2021-04-22,33.54999923706055,33.665000915527344,33.30500030517578,33.334999084472656,17983600.0
2021-04-23,33.349998474121094,33.459999084472656,33.20500183105469,33.290000915527344,16881600.0
2021-04-26,33.30500030517578,33.32500076293945,33.0,33.099998474121094,12578400.0
2021-04-27,33.04999923706055,33.064998626708984,32.790000915527344,32.845001220703125,20942000.0
2021-04-28,32.86000061035156,32.95000076293945,32.64500045776367,32.79999923706055,15158200.0
2021-04-29,32.79999923706055,33.119998931884766,32.79999923706055,33.099998474121094,19223600.0
2021-04-30,33.16999816894531,33.369998931884766,32.970001220703125,33.36000061035156,20484600.0
2021-05-03,33.435001373291016,33.665000915527344,33.29999923706055,33.35499954223633,21544000.0
2021-05-04,33.31999969482422,33.380001068115234,33.0099983215332,33.22999954223633,23445600.0
2021-05-05,33.22999954223633,33.22999954223633,32.48500061035156,32.66999816894531,23562800.0
2021-05-06,32.7599983215332,32.95000076293945,32.540000915527344,32.91999816894531,23305400.0
2021-05-07,32.900001525878906,33.27000045776367,32.88999938964844,33.02000045776367,18110800.0
2021-05-10,33.09000015258789,33.689998626708984,33.09000015258789,33.35499954223633,26442000.0
2021-05-11,33.31999969482422,33.3650016784668,32.71500015258789,32.94499969482422,28210000.0
2021-05-12,32.90999984741211,32.90999984741211,32.15999984741211,32.17499923706055,29553800.0
2021-05-13,32.209999084472656,32.9900016784668,32.185001373291016,32.79499816894531,28222800.0
2021-05-14,32.875,33.165000915527344,32.875,32.95500183105469,18910600.0
2021-05-17,32.939998626708984,33.130001068115234,32.6349983215332,32.685001373291016,25124000.0
2021-05-18,32.6150016784668,32.790000915527344,32.529998779296875,32.68000030517578,19532400.0
2021-05-19,32.525001525878906,32.654998779296875,32.244998931884766,32.625,26238000.0
2021-05-20,32.685001373291016,33.11000061035156,32.67499923706055,32.90999984741211,25679600.0
2021-05-21,32.9900016784668,33.20500183105469,32.845001220703125,33.08000183105469,20487800.0
2021-05-24,33.2400016784668,33.29499816894531,33.0,33.02000045776367,19343000.0
2021-05-25,33.05500030517578,33.05500030517578,32.54499816894531,32.619998931884766,20427400.0
2021-05-26,32.63999938964844,32.76499938964844,32.529998779296875,32.625,16841600.0
2021-05-27,32.7400016784668,32.7400016784668,32.39500045776367,32.404998779296875,16996200.0
2021-05-28,32.599998474121094,32.70000076293945,32.47999954223633,32.58000183105469,19565000.0
2021-06-01,32.654998779296875,32.72999954223633,32.30500030517578,32.380001068115234,22052200.0
2021-06-02,32.43000030517578,32.72999954223633,32.29999923706055,32.54999923706055,20491400.0
2021-06-03,32.400001525878906,32.849998474121094,32.290000915527344,32.744998931884766,23707200.0
2021-06-04,32.83000183105469,32.880001068115234,32.654998779296875,32.69499969482422,14469600.0
2021-06-07,32.724998474121094,32.80500030517578,32.66999816894531,32.755001068115234,13822400.0
2021-06-08,32.82500076293945,32.849998474121094,32.334999084472656,32.474998474121094,18363600.0
2021-06-09,32.55500030517578,32.82500076293945,32.48500061035156,32.76499938964844,18760800.0
2021-06-10,32.790000915527344,33.01499938964844,32.709999084472656,32.97999954223633,16654400.0
2021-06-11,32.97999954223633,33.08000183105469,32.82500076293945,33.05500030517578,18198400.0
2021-06-14,33.060001373291016,33.209999084472656,32.92499923706055,33.125,13733000.0
2021-06-15,33.165000915527344,33.404998779296875,33.06999969482422,33.224998474121094,32781000.0
2021-06-16,33.310001373291016,33.43000030517578,32.709999084472656,32.724998474121094,46277600.0
2021-06-17,32.70000076293945,33.084999084472656,32.60499954223633,32.904998779296875,25708800.0
2021-06-18,32.71500015258789,32.7400016784668,32.0,32.04999923706055,36079800.0
2021-06-21,31.905000686645508,32.29499816894531,31.725000381469727,32.21500015258789,27886600.0
2021-06-22,32.21500015258789,32.310001373291016,32.005001068115234,32.02000045776367,16608600.0
2021-06-23,32.0,32.0,31.584999084472656,31.68000030517578,25666400.0
2021-06-24,31.719999313354492,31.729999542236328,31.510000228881836,31.649999618530273,15215800.0
2021-06-25,31.665000915527344,32.01499938964844,31.6299991607666,31.989999771118164,18273600.0
2021-06-28,32.119998931884766,32.35499954223633,32.07500076293945,32.19499969482422,16735200.0
2021-06-29,32.095001220703125,32.28499984741211,31.579999923706055,31.674999237060547,24688000.0
2021-06-30,31.649999618530273,31.770000457763672,31.4950008392334,31.614999771118164,19077400.0
2021-07-01,31.674999237060547,32.06999969482422,31.549999237060547,31.959999084472656,22993200.0
2021-07-02,32.04499816894531,32.04499816894531,31.850000381469727,32.0099983215332,18629400.0
2021-07-06,32.005001068115234,32.165000915527344,31.639999389648438,32.14500045776367,18156400.0
2021-07-07,32.15999984741211,32.36000061035156,31.979999542236328,32.35499954223633,24199200.0
2021-07-08,32.17499923706055,32.45500183105469,32.125,32.2599983215332,20513000.0
2021-07-09,32.30500030517578,32.38999938964844,32.03499984741211,32.29999923706055,21484200.0
2021-07-12,32.26499938964844,32.43000030517578,32.11000061035156,32.404998779296875,17323000.0
2021-07-13,32.349998474121094,32.45500183105469,32.04499816894531,32.15999984741211,22493200.0
2021-07-14,32.16999816894531,32.58000183105469,32.02000045776367,32.439998626708984,20720000.0
2021-07-15,32.33000183105469,32.83000183105469,32.31999969482422,32.80500030517578,28574600.0
2021-07-16,32.84000015258789,33.30500030517578,32.80500030517578,33.1349983215332,33106600.0
2021-07-19,33.0,33.26499938964844,32.2400016784668,32.61000061035156,45585000.0
2021-07-20,32.63999938964844,33.08000183105469,32.63999938964844,32.75,33779200.0
2021-07-21,32.77000045776367,32.845001220703125,32.3650016784668,32.38999938964844,22456800.0
2021-07-22,32.42499923706055,32.584999084472656,32.334999084472656,32.439998626708984,22875400.0
2021-07-23,32.52000045776367,32.8849983215332,32.459999084472656,32.85499954223633,16216800.0
2021-07-26,32.790000915527344,32.96500015258789,32.6349983215332,32.8650016784668,17936800.0
2021-07-27,32.84000015258789,33.48500061035156,32.650001525878906,33.43000030517578,34285800.0
2021-07-28,33.415000915527344,33.474998474121094,32.93000030517578,33.17499923706055,24948200.0
2021-07-29,33.23500061035156,33.36000061035156,33.07500076293945,33.26499938964844,30247800.0
2021-07-30,33.244998931884766,33.525001525878906,32.90999984741211,32.98500061035156,25265200.0
2021-08-02,33.060001373291016,33.36000061035156,33.02000045776367,33.2400016784668,23564200.0
2021-08-03,33.290000915527344,33.584999084472656,33.1349983215332,33.43000030517578,25994400.0
2021-08-04,33.29499816894531,33.41999816894531,32.96500015258789,33.380001068115234,32378000.0
2021-08-05,33.42499923706055,33.790000915527344,33.34000015258789,33.744998931884766,31790800.0
2021-08-06,33.709999084472656,33.970001220703125,33.630001068115234,33.724998474121094,20000800.0
2021-08-09,33.75,33.84000015258789,33.529998779296875,33.71500015258789,16865200.0
2021-08-10,33.744998931884766,33.8650016784668,33.595001220703125,33.75,15834200.0
2021-08-11,33.82500076293945,34.220001220703125,33.82500076293945,34.064998626708984,18488800.0
2021-08-12,34.005001068115234,34.220001220703125,33.9900016784668,34.099998474121094,18920200.0
2021-08-13,34.16999816894531,34.380001068115234,34.099998474121094,34.34000015258789,23580800.0
2021-08-16,34.34000015258789,34.79499816894531,34.30500030517578,34.54999923706055,25796600.0
2021-08-17,34.45500183105469,34.57500076293945,34.224998474121094,34.56999969482422,23037200.0
2021-08-18,34.564998626708984,34.63999938964844,34.279998779296875,34.39500045776367,31411200.0
2021-08-19,34.40999984741211,34.814998626708984,34.375,34.53499984741211,27723000.0
2021-08-20,34.474998474121094,34.9900016784668,34.29499816894531,34.96500015258789,23581600.0
2021-08-23,34.939998626708984,34.95000076293945,34.45000076293945,34.51499938964844,21830800.0
2021-08-24,34.5,34.529998779296875,34.060001373291016,34.290000915527344,25331000.0
2021-08-25,34.28499984741211,34.46500015258789,34.09000015258789,34.35499954223633,16329800.0
2021-08-26,34.35499954223633,34.369998931884766,34.19499969482422,34.27000045776367,16631800.0
2021-08-27,34.30500030517578,34.415000915527344,34.19499969482422,34.2599983215332,21005000.0
2021-08-30,34.25,34.40999984741211,34.1349983215332,34.310001373291016,23691400.0
2021-08-31,34.29499816894531,34.46500015258789,34.125,34.27000045776367,22580200.0
2021-09-01,34.3650016784668,34.834999084472656,34.31999969482422,34.720001220703125,26667400.0
2021-09-02,34.79499816894531,35.03499984741211,34.7599983215332,35.03499984741211,20598800.0
2021-09-03,34.93000030517578,34.97999954223633,34.65999984741211,34.744998931884766,18942000.0
2021-09-07,34.71500015258789,34.720001220703125,34.224998474121094,34.28499984741211,26290200.0
2021-09-08,34.26499938964844,34.994998931884766,34.185001373291016,34.900001525878906,29176200.0
2021-09-09,34.790000915527344,34.915000915527344,34.68000030517578,34.709999084472656,16355000.0
2021-09-10,34.685001373291016,34.724998474121094,34.21500015258789,34.224998474121094,24654400.0
2021-09-13,34.51499938964844,34.55500030517578,34.064998626708984,34.165000915527344,26236400.0
2021-09-14,34.275001525878906,34.3849983215332,33.96500015258789,34.04999923706055,28103200.0
2021-09-15,34.0,34.22999954223633,33.814998626708984,34.005001068115234,19812800.0
2021-09-16,34.0,34.13999938964844,33.66999816894531,33.720001220703125,31464000.0
2021-09-17,33.650001525878906,33.83000183105469,33.16999816894531,33.20000076293945,25108000.0
2021-09-20,32.880001068115234,33.18000030517578,32.529998779296875,32.88999938964844,45678600.0
2021-09-21,32.98500061035156,33.209999084472656,32.779998779296875,32.79999923706055,26417600.0
2021-09-22,32.91999816894531,33.04499816894531,32.654998779296875,32.779998779296875,24787600.0
2021-09-23,32.779998779296875,33.025001525878906,32.57500076293945,32.60499954223633,19333200.0
2021-09-24,32.599998474121094,32.814998626708984,32.4900016784668,32.56999969482422,23660200.0
2021-09-27,32.51499938964844,32.845001220703125,32.13999938964844,32.185001373291016,21783400.0
2021-09-28,32.154998779296875,32.20500183105469,31.684999465942383,31.780000686645508,40471600.0
2021-09-29,31.875,32.41999816894531,31.790000915527344,32.19499969482422,30867600.0
2021-09-30,32.314998626708984,32.334999084472656,31.895000457763672,31.940000534057617,27142600.0
2021-10-01,32.1349983215332,32.19499969482422,31.829999923706055,31.940000534057617,29001200.0
2021-10-04,31.905000686645508,32.470001220703125,31.889999389648438,32.380001068115234,40402600.0
2021-10-05,32.41999816894531,32.53499984741211,32.2599983215332,32.29999923706055,26130400.0
2021-10-06,32.20000076293945,32.82500076293945,32.0099983215332,32.79999923706055,33152400.0
2021-10-07,32.86000061035156,33.119998931884766,32.59000015258789,32.625,27540200.0
2021-10-08,32.619998931884766,32.685001373291016,32.36000061035156,32.3849983215332,17795800.0
2021-10-11,32.25,32.314998626708984,31.899999618530273,31.94499969482422,25420200.0
2021-10-12,31.989999771118164,32.255001068115234,31.905000686645508,32.15999984741211,20996000.0
2021-10-13,32.16999816894531,32.560001373291016,32.0,32.53499984741211,26205400.0
2021-10-14,32.64500045776367,33.0,32.564998626708984,32.935001373291016,21398000.0
2021-10-15,32.98500061035156,33.099998474121094,32.78499984741211,32.84000015258789,29602400.0
2021-10-18,32.619998931884766,32.70500183105469,32.349998474121094,32.525001525878906,20702000.0
2021-10-19,32.775001525878906,32.97999954223633,32.685001373291016,32.935001373291016,21413600.0
2021-10-20,33.06999969482422,33.584999084472656,33.03499984741211,33.45500183105469,27799600.0
2021-10-21,33.474998474121094,33.59000015258789,33.40999984741211,33.45500183105469,17372800.0
2021-10-22,33.54499816894531,33.685001373291016,33.470001220703125,33.625,21399800.0
2021-10-25,33.57500076293945,33.685001373291016,33.400001525878906,33.47999954223633,15160200.0
2021-10-26,33.5099983215332,33.91999816894531,33.45500183105469,33.65999984741211,19391400.0
2021-10-27,33.7400016784668,33.82500076293945,33.400001525878906,33.435001373291016,22263600.0
2021-10-28,33.404998779296875,33.65999984741211,33.3650016784668,33.654998779296875,15443600.0
2021-10-29,33.64500045776367,33.78499984741211,33.290000915527344,33.45500183105469,26666800.0
2021-11-01,33.44499969482422,33.65999984741211,33.34000015258789,33.57500076293945,16182800.0
2021-11-02,33.70000076293945,33.76499938964844,33.3650016784668,33.60499954223633,19864800.0
2021-11-03,33.54999923706055,33.68000030517578,33.209999084472656,33.47999954223633,20992200.0
2021-11-04,33.43000030517578,33.5,32.95000076293945,33.29499816894531,32183000.0
2021-11-05,33.404998779296875,33.755001068115234,33.369998931884766,33.61000061035156,21584400.0
2021-11-08,33.650001525878906,33.654998779296875,32.95000076293945,33.11000061035156,19670200.0
2021-11-09,33.16999816894531,33.375,33.064998626708984,33.279998779296875,16489400.0
2021-11-10,33.30500030517578,33.58000183105469,33.28499984741211,33.54999923706055,25833200.0
2021-11-11,33.529998779296875,33.54499816894531,33.16999816894531,33.345001220703125,15747400.0
2021-11-12,33.334999084472656,33.415000915527344,33.18000030517578,33.32500076293945,18179000.0
2021-11-15,33.470001220703125,33.779998779296875,33.400001525878906,33.76499938964844,19003800.0
2021-11-16,33.779998779296875,33.845001220703125,33.584999084472656,33.60499954223633,13213400.0
2021-11-17,33.525001525878906,33.685001373291016,33.35499954223633,33.6349983215332,19001800.0
2021-11-18,33.58000183105469,33.64500045776367,33.345001220703125,33.459999084472656,15305000.0
2021-11-19,33.505001068115234,33.724998474121094,33.415000915527344,33.650001525878906,20606000.0
2021-11-22,33.625,34.03499984741211,33.53499984741211,33.85499954223633,23154000.0
2021-11-23,33.849998474121094,34.09000015258789,33.685001373291016,33.88999938964844,19036400.0
2021-11-24,33.875,33.97999954223633,33.70000076293945,33.90999984741211,15931600.0
2021-11-26,33.66999816894531,33.88999938964844,33.29499816894531,33.380001068115234,21854600.0
2021-11-29,33.63999938964844,33.970001220703125,33.369998931884766,33.875,22821800.0
2021-11-30,33.71500015258789,33.720001220703125,32.85499954223633,32.8849983215332,48623000.0
2021-12-01,33.10499954223633,33.7400016784668,32.92499923706055,32.94499969482422,46024600.0
2021-12-02,33.025001525878906,33.67499923706055,33.025001525878906,33.3650016784668,35050200.0
2021-12-03,33.529998779296875,33.709999084472656,33.040000915527344,33.70000076293945,42771400.0
2021-12-06,33.91999816894531,34.56999969482422,33.904998779296875,34.21500015258789,47222000.0
2021-12-07,34.220001220703125,34.55500030517578,34.130001068115234,34.470001220703125,21789000.0
2021-12-08,34.5,34.665000915527344,34.25,34.435001373291016,25994400.0
2021-12-09,34.51499938964844,34.584999084472656,34.154998779296875,34.38999938964844,23783400.0
2021-12-10,34.529998779296875,34.7400016784668,34.39500045776367,34.57500076293945,23403600.0
2021-12-13,34.540000915527344,35.16999816894531,34.540000915527344,35.0,27500000.0
2021-12-14,34.994998931884766,35.064998626708984,34.625,34.790000915527344,35005000.0
2021-12-15,34.75,35.38999938964844,34.75,35.36000061035156,45364600.0
2021-12-16,35.32500076293945,35.755001068115234,35.29499816894531,35.540000915527344,30209200.0
2021-12-17,35.404998779296875,35.58000183105469,34.93000030517578,35.005001068115234,43674000.0
2021-12-20,34.400001525878906,34.79999923706055,34.119998931884766,34.76499938964844,30091200.0
2021-12-21,34.875,35.10499954223633,34.529998779296875,34.71500015258789,32355800.0
2021-12-22,34.65999984741211,34.915000915527344,34.61000061035156,34.8650016784668,18967800.0
2021-12-23,34.8849983215332,35.040000915527344,34.82500076293945,34.86000061035156,14505400.0
2021-12-27,34.875,35.029998779296875,34.77000045776367,35.029998779296875,15707400.0
2021-12-28,35.08000183105469,35.35499954223633,35.05500030517578,35.345001220703125,16104000.0
2021-12-29,35.3849983215332,35.59000015258789,35.32500076293945,35.53499984741211,13755400.0
2021-12-30,35.630001068115234,35.70000076293945,35.404998779296875,35.665000915527344,18672400.0
2021-12-31,35.59000015258789,35.915000915527344,35.52000045776367,35.790000915527344,18618800.0
2022-01-03,35.775001525878906,35.78499984741211,35.029998779296875,35.435001373291016,43299600.0
2022-01-04,35.435001373291016,35.779998779296875,35.314998626708984,35.32500076293945,29321800.0
2022-01-05,35.29999923706055,35.70500183105469,35.27000045776367,35.30500030517578,44486400.0
2022-01-06,35.30500030517578,35.45000076293945,34.900001525878906,34.939998626708984,36259600.0
2022-01-07,34.8650016784668,35.375,34.650001525878906,35.20500183105469,39272000.0
2022-01-10,35.17499923706055,35.224998474121094,34.80500030517578,34.974998474121094,31169800.0
2022-01-11,34.94499969482422,35.07500076293945,34.43000030517578,34.65999984741211,33653800.0
2022-01-12,34.54999923706055,34.86000061035156,34.45000076293945,34.77000045776367,28113600.0
2022-01-13,34.755001068115234,35.07500076293945,34.73500061035156,34.939998626708984,33949000.0
2022-01-14,34.939998626708984,35.005001068115234,34.525001525878906,34.70000076293945,32547200.0
2022-01-18,34.44499969482422,34.505001068115234,34.01499938964844,34.28499984741211,35534800.0
2022-01-19,34.29499816894531,34.744998931884766,34.28499984741211,34.439998626708984,32051200.0
2022-01-20,34.54499816894531,34.98500061035156,34.44499969482422,34.48500061035156,29529600.0
2022-01-21,34.654998779296875,34.834999084472656,34.35499954223633,34.41999816894531,48542600.0
2022-01-24,34.380001068115234,34.4900016784668,33.21500015258789,34.09000015258789,57602000.0
2022-01-25,33.560001373291016,33.959999084472656,33.400001525878906,33.55500030517578,52218600.0
2022-01-26,33.619998931884766,33.98500061035156,33.095001220703125,33.279998779296875,49234200.0
2022-01-27,33.59000015258789,33.994998931884766,33.40999984741211,33.57500076293945,44982000.0
2022-01-28,33.48500061035156,34.0099983215332,33.22999954223633,33.97999954223633,50050400.0
2022-01-31,33.779998779296875,34.654998779296875,33.709999084472656,34.625,52580000.0
2022-02-01,34.529998779296875,34.71500015258789,33.845001220703125,34.165000915527344,41020200.0
2022-02-02,34.13999938964844,34.720001220703125,34.08000183105469,34.66999816894531,45723800.0
2022-02-03,34.56999969482422,34.72999954223633,34.41999816894531,34.51499938964844,34289800.0
2022-02-04,34.21500015258789,34.54499816894531,33.89500045776367,34.2400016784668,37029200.0
2022-02-07,34.18000030517578,34.33000183105469,33.97999954223633,34.189998626708984,27543600.0
2022-02-08,34.33000183105469,34.439998626708984,34.130001068115234,34.21500015258789,38853200.0
2022-02-09,34.459999084472656,34.540000915527344,34.2599983215332,34.3650016784668,35231800.0
2022-02-10,34.025001525878906,34.189998626708984,33.42499923706055,33.494998931884766,45060000.0
2022-02-11,33.63999938964844,33.88999938964844,33.369998931884766,33.51499938964844,36059800.0
2022-02-14,33.625,33.68000030517578,32.90999984741211,33.22999954223633,37112200.0
2022-02-15,33.435001373291016,33.564998626708984,32.92499923706055,33.07500076293945,34174400.0
2022-02-16,33.119998931884766,33.290000915527344,32.82500076293945,33.150001525878906,32184600.0
2022-02-17,33.0,33.33000183105469,32.76499938964844,33.16999816894531,29159800.0
2022-02-18,33.060001373291016,33.3849983215332,32.959999084472656,33.11000061035156,33686800.0
2022-02-22,33.22999954223633,33.310001373291016,32.849998474121094,33.07500076293945,34421400.0
2022-02-23,33.1349983215332,33.23500061035156,32.47999954223633,32.51499938964844,34583600.0
2022-02-24,32.30500030517578,32.84000015258789,32.13999938964844,32.775001525878906,57320000.0
2022-02-25,33.064998626708984,33.83000183105469,32.9900016784668,33.790000915527344,42528000.0
2022-02-28,33.584999084472656,34.01499938964844,33.54499816894531,33.96500015258789,36705200.0
2022-03-01,33.89500045776367,34.189998626708984,33.415000915527344,33.66999816894531,33464600.0
2022-03-02,33.685001373291016,34.20500183105469,33.665000915527344,34.08000183105469,29259800.0
2022-03-03,34.21500015258789,34.849998474121094,34.185001373291016,34.68000030517578,41471200.0
2022-03-04,34.59000015258789,35.474998474121094,34.52000045776367,35.44499969482422,48683600.0
2022-03-07,35.525001525878906,35.98500061035156,35.224998474121094,35.904998779296875,61944000.0
2022-03-08,36.0,36.185001373291016,35.334999084472656,35.349998474121094,53129800.0
2022-03-09,35.60499954223633,35.654998779296875,35.03499984741211,35.099998474121094,50953800.0
2022-03-10,34.834999084472656,35.404998779296875,34.810001373291016,35.334999084472656,34039800.0
2022-03-11,35.38999938964844,35.625,35.18000030517578,35.21500015258789,24988400.0
2022-03-14,35.439998626708984,35.619998931884766,34.994998931884766,35.17499923706055,41004600.0
2022-03-15,35.51499938964844,35.70000076293945,35.310001373291016,35.625,29004400.0
2022-03-16,35.58000183105469,35.73500061035156,35.05500030517578,35.560001373291016,40011800.0
2022-03-17,35.58000183105469,35.96500015258789,35.5099983215332,35.709999084472656,31830000.0
2022-03-18,35.709999084472656,35.869998931884766,35.32500076293945,35.404998779296875,37038000.0
2022-03-21,35.220001220703125,35.56999969482422,35.209999084472656,35.404998779296875,36294400.0
2022-03-22,35.540000915527344,35.540000915527344,35.17499923706055,35.45500183105469,29286400.0
2022-03-23,35.41999816894531,35.709999084472656,35.244998931884766,35.505001068115234,27990000.0
2022-03-24,35.58000183105469,35.915000915527344,35.5099983215332,35.869998931884766,26591400.0
2022-03-25,36.0,36.404998779296875,35.915000915527344,36.38999938964844,28922000.0
2022-03-28,36.42499923706055,36.625,36.209999084472656,36.625,30959800.0
2022-03-29,36.61000061035156,36.96500015258789,36.54499816894531,36.96500015258789,38114600.0
2022-03-30,37.0,37.279998779296875,36.88999938964844,37.27000045776367,35229200.0
2022-03-31,37.244998931884766,37.56999969482422,37.209999084472656,37.22999954223633,35701200.0
2022-04-01,37.20000076293945,37.775001525878906,36.97999954223633,37.75,38013800.0
2022-04-04,37.595001220703125,37.595001220703125,37.07500076293945,37.459999084472656,28391000.0
2022-04-05,37.474998474121094,38.125,37.470001220703125,37.69499969482422,38140600.0
2022-04-06,37.814998626708984,38.470001220703125,37.64500045776367,38.44499969482422,56489200.0
2022-04-07,38.43000030517578,38.44499969482422,38.0,38.349998474121094,42033800.0
2022-04-08,38.4900016784668,38.6150016784668,38.154998779296875,38.47999954223633,34388600.0
2022-04-11,38.505001068115234,38.55500030517578,37.900001525878906,37.95500183105469,46335800.0
2022-04-12,37.849998474121094,38.29999923706055,37.71500015258789,38.099998474121094,45313800.0
2022-04-13,38.10499954223633,38.20500183105469,37.775001525878906,38.025001525878906,35313000.0
2022-04-14,38.099998474121094,38.29999923706055,37.9900016784668,38.04499816894531,28427000.0
2022-04-18,38.09000015258789,38.30500030517578,37.65999984741211,37.84000015258789,29878000.0
2022-04-19,37.95000076293945,38.15999984741211,37.84000015258789,38.084999084472656,33030400.0
2022-04-20,38.4900016784668,38.584999084472656,38.279998779296875,38.39500045776367,36652400.0
2022-04-21,38.27000045776367,38.380001068115234,37.72999954223633,37.7599983215332,36817000.0
2022-04-22,37.709999084472656,37.75,37.099998474121094,37.125,54683400.0
2022-04-25,37.255001068115234,37.275001525878906,36.2599983215332,36.869998931884766,59671800.0
2022-04-26,36.7400016784668,37.19499969482422,36.48500061035156,36.5,41106200.0
2022-04-27,36.525001525878906,36.8650016784668,36.20500183105469,36.32500076293945,49067800.0
2022-04-28,36.5,36.86000061035156,36.310001373291016,36.72999954223633,39902600.0
2022-04-29,36.56999969482422,36.6349983215332,35.57500076293945,35.630001068115234,54338200.0
2022-05-02,35.79999923706055,35.96500015258789,34.81999969482422,35.26499938964844,65832200.0
2022-05-03,35.39500045776367,35.97999954223633,35.23500061035156,35.400001525878906,42152800.0
2022-05-04,35.619998931884766,36.255001068115234,35.470001220703125,36.189998626708984,56580200.0
2022-05-05,35.95000076293945,36.25,35.5,35.81999969482422,54849200.0
2022-05-06,35.61000061035156,36.220001220703125,35.599998474121094,36.10499954223633,55359800.0
2022-05-09,35.8849983215332,36.20000076293945,35.53499984741211,35.834999084472656,51419400.0
2022-05-10,35.8849983215332,36.375,34.97999954223633,35.400001525878906,65578400.0
2022-05-11,35.375,36.25,35.345001220703125,35.654998779296875,72101800.0
2022-05-12,35.6150016784668,35.70500183105469,34.91999816894531,35.29499816894531,49892000.0
2022-05-13,35.60499954223633,35.77000045776367,35.14500045776367,35.71500015258789,30208800.0
2022-05-16,35.72999954223633,35.97999954223633,35.58000183105469,35.82500076293945,23213600.0
2022-05-17,35.994998931884766,36.20000076293945,35.439998626708984,36.19499969482422,29901800.0
2022-05-18,36.255001068115234,36.33000183105469,35.75,35.845001220703125,37456600.0
2022-05-19,35.68000030517578,35.93000030517578,35.26499938964844,35.77000045776367,36552200.0
2022-05-20,35.8650016784668,35.970001220703125,35.375,35.869998931884766,31358000.0
2022-05-23,36.279998779296875,36.46500015258789,35.939998626708984,36.29999923706055,27082200.0
2022-05-24,36.369998931884766,37.095001220703125,36.095001220703125,37.025001525878906,32311400.0
2022-05-25,37.064998626708984,37.119998931884766,36.7599983215332,37.0,27723800.0
2022-05-26,37.22999954223633,37.375,37.07500076293945,37.10499954223633,23290000.0
2022-05-27,37.07500076293945,37.685001373291016,36.915000915527344,37.685001373291016,23241200.0
2022-05-31,37.334999084472656,37.474998474121094,37.005001068115234,37.165000915527344,31041000.0
2022-06-01,37.29999923706055,37.29999923706055,36.76499938964844,37.10499954223633,22422200.0
2022-06-02,37.28499984741211,37.38999938964844,36.529998779296875,37.35499954223633,25038200.0
2022-06-03,37.20000076293945,37.404998779296875,37.10499954223633,37.17499923706055,17691200.0
2022-06-06,37.5099983215332,37.630001068115234,37.29499816894531,37.34000015258789,20345800.0
2022-06-07,37.244998931884766,37.599998474121094,37.01499938964844,37.564998626708984,19820000.0
2022-06-08,37.400001525878906,37.400001525878906,36.775001525878906,36.83000183105469,19971400.0
2022-06-09,36.810001373291016,36.98500061035156,35.91999816894531,35.94499969482422,25767600.0
2022-06-10,35.59000015258789,35.9900016784668,35.369998931884766,35.66999816894531,32800600.0
2022-06-13,35.21500015258789,35.29499816894531,33.86000061035156,34.029998779296875,52721400.0
2022-06-14,34.06999969482422,34.19499969482422,32.79499816894531,33.16999816894531,51342600.0
2022-06-15,33.46500015258789,33.89500045776367,32.97999954223633,33.3849983215332,51664800.0
2022-06-16,32.970001220703125,32.970001220703125,32.47999954223633,32.7400016784668,48754400.0
2022-06-17,32.790000915527344,33.02000045776367,32.165000915527344,32.435001373291016,43129400.0
2022-06-21,32.290000915527344,32.970001220703125,32.209999084472656,32.790000915527344,37266400.0
2022-06-22,32.6150016784668,33.380001068115234,32.60499954223633,33.1349983215332,28582200.0
2022-06-23,33.33000183105469,33.974998474121094,33.28499984741211,33.915000915527344,41140200.0
2022-06-24,34.095001220703125,34.57500076293945,33.959999084472656,34.505001068115234,30075200.0
2022-06-27,34.43000030517578,34.8650016784668,34.29499816894531,34.78499984741211,23276800.0
2022-06-28,34.900001525878906,35.16999816894531,34.61000061035156,34.654998779296875,26371800.0
2022-06-29,34.709999084472656,34.814998626708984,34.459999084472656,34.68000030517578,30329400.0
2022-06-30,34.46500015258789,35.32500076293945,34.41999816894531,35.064998626708984,37737800.0
2022-07-01,35.244998931884766,35.98500061035156,35.10499954223633,35.92499923706055,34255800.0
2022-07-05,35.845001220703125,35.869998931884766,34.154998779296875,34.70000076293945,44053600.0
2022-07-06,34.869998931884766,35.380001068115234,34.595001220703125,35.060001373291016,28518200.0
2022-07-07,35.2400016784668,35.35499954223633,34.98500061035156,35.025001525878906,16799400.0
2022-07-08,34.9900016784668,35.064998626708984,34.79499816894531,34.90999984741211,12564600.0
2022-07-11,34.775001525878906,35.19499969482422,34.69499969482422,35.130001068115234,13232800.0
2022-07-12,34.92499923706055,35.404998779296875,34.814998626708984,34.959999084472656,19140800.0
2022-07-13,34.6349983215332,35.189998626708984,34.60499954223633,34.814998626708984,38159200.0
2022-07-14,34.255001068115234,34.8650016784668,34.17499923706055,34.814998626708984,18925000.0
2022-07-15,34.849998474121094,34.93000030517578,34.279998779296875,34.880001068115234,17484200.0
2022-07-18,34.79999923706055,34.849998474121094,34.380001068115234,34.39500045776367,15422000.0
2022-07-19,34.619998931884766,34.80500030517578,34.5,34.6150016784668,22715400.0
2022-07-20,34.67499923706055,34.689998626708984,34.11000061035156,34.154998779296875,34085200.0
2022-07-21,34.25,34.2599983215332,33.92499923706055,34.244998931884766,26029400.0
2022-07-22,34.52000045776367,34.849998474121094,34.439998626708984,34.71500015258789,19543000.0
2022-07-25,34.65999984741211,35.15999984741211,34.564998626708984,35.150001525878906,17292000.0
2022-07-26,35.119998931884766,35.470001220703125,35.08000183105469,35.36000061035156,17934400.0
2022-07-27,35.19499969482422,35.48500061035156,35.095001220703125,35.38999938964844,20684200.0
2022-07-28,36.01499938964844,36.73500061035156,35.98500061035156,36.65999984741211,29715600.0
2022-07-29,36.59000015258789,37.130001068115234,36.584999084472656,36.974998474121094,24547600.0
2022-08-01,36.86000061035156,37.04499816894531,36.625,37.01499938964844,23148800.0
2022-08-02,37.18000030517578,37.39500045776367,36.90999984741211,36.939998626708984,22916600.0
2022-08-03,36.8849983215332,37.2599983215332,36.310001373291016,37.16999816894531,21960400.0
2022-08-04,37.189998626708984,37.52000045776367,37.06999969482422,37.25,17328200.0
2022-08-05,37.150001525878906,37.31999969482422,36.76499938964844,37.1150016784668,22050200.0
2022-08-08,37.435001373291016,37.61000061035156,36.994998931884766,37.16999816894531,16899000.0
2022-08-09,37.28499984741211,37.654998779296875,37.2599983215332,37.584999084472656,16213600.0
2022-08-10,37.755001068115234,37.834999084472656,37.474998474121094,37.75,15778600.0
2022-08-11,37.80500030517578,38.125,37.6349983215332,37.744998931884766,16048200.0
2022-08-12,38.0,38.3650016784668,37.92499923706055,38.36000061035156,15798800.0
2022-08-15,38.28499984741211,38.720001220703125,38.21500015258789,38.68000030517578,15571000.0
2022-08-16,38.595001220703125,38.93000030517578,38.55500030517578,38.790000915527344,15577600.0
2022-08-17,38.630001068115234,38.89500045776367,38.599998474121094,38.724998474121094,21286000.0
2022-08-18,38.7599983215332,38.9900016784668,38.73500061035156,38.869998931884766,16559000.0
2022-08-19,38.81999969482422,39.025001525878906,38.67499923706055,38.849998474121094,17286600.0
2022-08-22,38.665000915527344,38.73500061035156,38.220001220703125,38.31999969482422,26453000.0
2022-08-23,38.25,38.334999084472656,37.935001373291016,38.09000015258789,15747000.0
2022-08-24,38.040000915527344,38.2599983215332,37.94499969482422,38.209999084472656,15002200.0
2022-08-25,38.29999923706055,38.44499969482422,38.0099983215332,38.44499969482422,14601800.0
2022-08-26,38.459999084472656,38.59000015258789,37.81999969482422,37.85499954223633,17732400.0
2022-08-29,37.65999984741211,38.25,37.439998626708984,37.970001220703125,22477400.0
2022-08-30,37.959999084472656,37.9900016784668,37.275001525878906,37.415000915527344,20560600.0
2022-08-31,37.435001373291016,37.665000915527344,37.154998779296875,37.16999816894531,22012800.0
2022-09-01,37.025001525878906,37.7599983215332,37.025001525878906,37.70500183105469,28160000.0
2022-09-02,37.79999923706055,38.154998779296875,37.189998626708984,37.29999923706055,25536800.0
2022-09-06,37.5099983215332,37.915000915527344,37.29999923706055,37.39500045776367,32900400.0
2022-09-07,37.57500076293945,38.619998931884766,37.53499984741211,38.564998626708984,31509800.0
2022-09-08,38.41999816894531,38.790000915527344,38.33000183105469,38.53499984741211,25150600.0
2022-09-09,38.76499938964844,38.90999984741211,38.42499923706055,38.689998626708984,21181400.0
2022-09-12,38.79499816894531,39.11000061035156,38.67499923706055,39.060001373291016,22680600.0
2022-09-13,38.665000915527344,38.82500076293945,37.834999084472656,38.02000045776367,35156200.0
2022-09-14,38.03499984741211,38.54499816894531,37.994998931884766,38.33000183105469,22297400.0
2022-09-15,38.025001525878906,38.025001525878906,37.279998779296875,37.375,36110000.0
2022-09-16,37.2400016784668,37.525001525878906,37.16999816894531,37.23500061035156,32222400.0
2022-09-19,36.869998931884766,37.48500061035156,36.77000045776367,37.47999954223633,21462800.0
2022-09-20,37.23500061035156,37.23500061035156,36.665000915527344,36.935001373291016,23408400.0
2022-09-21,37.17499923706055,37.42499923706055,36.415000915527344,36.43000030517578,30461200.0
2022-09-22,36.400001525878906,36.54499816894531,36.11000061035156,36.29999923706055,34700800.0
2022-09-23,35.94499969482422,35.994998931884766,35.41999816894531,35.880001068115234,32420600.0
2022-09-26,35.790000915527344,35.834999084472656,34.665000915527344,35.01499938964844,35939000.0
2022-09-27,35.244998931884766,35.29999923706055,34.255001068115234,34.42499923706055,38286000.0
2022-09-28,34.82500076293945,35.0099983215332,34.369998931884766,34.79499816894531,45882600.0
2022-09-29,34.6150016784668,34.69499969482422,33.33000183105469,33.400001525878906,40662000.0
2022-09-30,33.560001373291016,33.689998626708984,32.685001373291016,32.755001068115234,45553000.0
2022-10-03,33.290000915527344,33.900001525878906,33.060001373291016,33.71500015258789,50894000.0
2022-10-04,33.95000076293945,34.459999084472656,33.7400016784668,34.43000030517578,33993000.0
2022-10-05,33.9900016784668,33.9900016784668,33.290000915527344,33.665000915527344,34411400.0
2022-10-06,33.52000045776367,33.57500076293945,32.52000045776367,32.55500030517578,51342000.0
2022-10-07,32.459999084472656,32.58000183105469,31.65999984741211,31.8799991607666,42166800.0
2022-10-10,31.94499969482422,32.314998626708984,31.889999389648438,31.934999465942383,33035600.0
2022-10-11,31.815000534057617,32.23500061035156,31.649999618530273,31.81999969482422,34320000.0
2022-10-12,31.770000457763672,31.829999923706055,30.739999771118164,30.760000228881836,41833000.0
2022-10-13,30.295000076293945,31.655000686645508,30.174999237060547,31.530000686645508,61429800.0
2022-10-14,31.854999542236328,32.084999084472656,30.920000076293945,31.075000762939453,39305800.0
2022-10-17,31.5,32.025001525878906,31.5,31.725000381469727,28247400.0
2022-10-18,32.35499954223633,32.47999954223633,31.985000610351562,32.30500030517578,32083800.0
2022-10-19,31.885000228881836,32.099998474121094,31.610000610351562,31.885000228881836,25686800.0
2022-10-20,31.895000457763672,31.895000457763672,30.93000030517578,31.079999923706055,31037000.0
2022-10-21,31.19499969482422,31.889999389648438,30.979999542236328,31.655000686645508,31087200.0
2022-10-24,31.825000762939453,32.16999816894531,31.575000762939453,31.920000076293945,20061000.0
2022-10-25,32.025001525878906,32.64500045776367,31.950000762939453,32.560001373291016,28403600.0
2022-10-26,32.73500061035156,32.900001525878906,32.404998779296875,32.54499816894531,27068800.0
2022-10-27,32.779998779296875,33.17499923706055,32.709999084472656,32.80500030517578,24514600.0
2022-10-28,32.939998626708984,33.775001525878906,32.89500045776367,33.70500183105469,27185800.0
2022-10-31,33.619998931884766,33.7599983215332,33.189998626708984,33.38999938964844,21789600.0
2022-11-01,33.59000015258789,33.71500015258789,33.255001068115234,33.52000045776367,21479000.0
2022-11-02,33.40999984741211,34.10499954223633,33.18000030517578,33.19499969482422,42680400.0
2022-11-03,32.880001068115234,33.6349983215332,32.70000076293945,33.34000015258789,28656400.0
2022-11-04,33.40999984741211,33.68000030517578,32.959999084472656,33.54499816894531,24298400.0
2022-11-07,33.47999954223633,33.53499984741211,32.3849983215332,32.904998779296875,28592800.0
2022-11-08,32.95000076293945,33.34000015258789,32.845001220703125,33.1349983215332,24827800.0
2022-11-09,33.0,33.255001068115234,32.810001373291016,32.875,25781800.0
2022-11-10,33.8650016784668,34.48500061035156,33.3650016784668,34.42499923706055,35830400.0
2022-11-11,34.42499923706055,34.51499938964844,33.71500015258789,34.040000915527344,30624000.0
2022-11-14,34.060001373291016,34.244998931884766,33.619998931884766,33.6349983215332,20490600.0
2022-11-15,33.9900016784668,34.2400016784668,33.595001220703125,34.005001068115234,27241600.0
2022-11-16,34.02000045776367,34.48500061035156,34.02000045776367,34.310001373291016,26462200.0
2022-11-17,33.935001373291016,34.029998779296875,33.54499816894531,33.709999084472656,23247200.0
2022-11-18,34.025001525878906,34.459999084472656,34.0099983215332,34.42499923706055,23483000.0
2022-11-21,34.369998931884766,34.68000030517578,34.345001220703125,34.58000183105469,22876400.0
2022-11-22,34.744998931884766,35.09000015258789,34.654998779296875,34.875,14904800.0
2022-11-23,34.775001525878906,35.279998779296875,34.775001525878906,35.26499938964844,14333400.0
2022-11-25,35.39500045776367,35.58000183105469,35.369998931884766,35.470001220703125,8983000.0
2022-11-28,35.224998474121094,35.36000061035156,34.95500183105469,35.10499954223633,18262600.0
2022-11-29,34.88999938964844,34.91999816894531,34.63999938964844,34.845001220703125,19004400.0
2022-11-30,34.779998779296875,35.790000915527344,34.744998931884766,35.71500015258789,32946400.0
2022-12-01,36.064998626708984,36.255001068115234,35.595001220703125,35.685001373291016,30706200.0
2022-12-02,35.30500030517578,35.61000061035156,35.15999984741211,35.51499938964844,20708200.0
2022-12-05,35.244998931884766,35.45000076293945,35.18000030517578,35.314998626708984,22903000.0
2022-12-06,35.26499938964844,35.55500030517578,35.130001068115234,35.53499984741211,25649600.0
2022-12-07,35.564998626708984,35.80500030517578,35.2400016784668,35.369998931884766,28297800.0
2022-12-08,35.375,35.72999954223633,35.244998931884766,35.599998474121094,19920000.0
2022-12-09,35.474998474121094,35.724998474121094,35.380001068115234,35.415000915527344,23837200.0
2022-12-12,35.60499954223633,36.23500061035156,35.470001220703125,36.224998474121094,22763800.0
2022-12-13,36.73500061035156,36.89500045776367,35.939998626708984,36.334999084472656,27388400.0
2022-12-14,36.459999084472656,36.845001220703125,36.025001525878906,36.290000915527344,26637400.0
2022-12-15,36.150001525878906,36.209999084472656,35.68000030517578,35.849998474121094,26308000.0
2022-12-16,35.58000183105469,35.58000183105469,34.79999923706055,35.2400016784668,39263400.0
2022-12-19,34.775001525878906,35.150001525878906,34.59000015258789,34.814998626708984,19664600.0
2022-12-20,34.79499816894531,35.01499938964844,34.56999969482422,34.82500076293945,15964000.0
2022-12-21,35.03499984741211,35.32500076293945,34.91999816894531,35.310001373291016,16484800.0
2022-12-22,35.255001068115234,35.255001068115234,34.51499938964844,35.095001220703125,14103800.0
2022-12-23,35.029998779296875,35.47999954223633,35.025001525878906,35.45500183105469,11349400.0
2022-12-27,35.53499984741211,35.75,35.310001373291016,35.67499923706055,12211400.0
2022-12-28,35.755001068115234,35.904998779296875,35.279998779296875,35.334999084472656,14431200.0
2022-12-29,35.5099983215332,35.790000915527344,35.48500061035156,35.59000015258789,11555200.0
2022-12-30,35.55500030517578,35.6150016784668,34.91999816894531,35.25,14700200.0
2023-01-03,35.349998474121094,35.470001220703125,34.77000045776367,35.25,25774200.0
2023-01-04,35.40999984741211,35.88999938964844,35.35499954223633,35.56999969482422,20872600.0
2023-01-05,35.29999923706055,35.435001373291016,34.69499969482422,34.79999923706055,19572800.0
2023-01-06,35.19499969482422,35.66999816894531,35.14500045776367,35.5,19620400.0
2023-01-09,35.494998931884766,36.0099983215332,35.38999938964844,35.7400016784668,23438800.0
2023-01-10,35.64500045776367,35.77000045776367,35.33000183105469,35.75,17215000.0
2023-01-11,35.75,36.09000015258789,35.744998931884766,36.040000915527344,21371800.0
2023-01-12,36.084999084472656,36.1349983215332,35.76499938964844,35.79499816894531,25797800.0
2023-01-13,35.64500045776367,35.78499984741211,35.400001525878906,35.665000915527344,23793600.0
2023-01-17,35.689998626708984,35.94499969482422,35.55500030517578,35.6150016784668,19530400.0
2023-01-18,35.77000045776367,35.77000045776367,34.71500015258789,34.7599983215332,29020400.0
2023-01-19,34.744998931884766,34.779998779296875,34.32500076293945,34.40999984741211,28394000.0
2023-01-20,34.38999938964844,34.630001068115234,33.91999816894531,34.6150016784668,26621000.0
2023-01-23,34.494998931884766,34.959999084472656,34.345001220703125,34.625,19652600.0
2023-01-24,34.65999984741211,34.904998779296875,34.21500015258789,34.79999923706055,20658800.0
2023-01-25,34.290000915527344,34.40999984741211,33.97999954223633,34.33000183105469,25983000.0
2023-01-26,34.150001525878906,34.5,34.084999084472656,34.44499969482422,20360000.0
2023-01-27,34.369998931884766,34.595001220703125,34.23500061035156,34.44499969482422,15425800.0
2023-01-30,34.31999969482422,34.68000030517578,34.26499938964844,34.290000915527344,15561000.0
2023-01-31,34.3849983215332,34.55500030517578,33.97999954223633,34.54499816894531,19442400.0
2023-02-01,34.380001068115234,34.849998474121094,34.1349983215332,34.60499954223633,30944600.0
2023-02-02,34.625,35.064998626708984,34.35499954223633,34.68000030517578,24997000.0
2023-02-03,34.369998931884766,34.505001068115234,33.5,33.95500183105469,25362200.0
2023-02-06,33.83000183105469,34.275001525878906,33.77000045776367,34.244998931884766,31414200.0
2023-02-07,34.09000015258789,34.34000015258789,33.755001068115234,34.22999954223633,21124400.0
2023-02-08,34.029998779296875,34.04499816894531,33.48500061035156,33.654998779296875,22471400.0
2023-02-09,33.73500061035156,33.91999816894531,33.13999938964844,33.19499969482422,20715200.0
2023-02-10,33.22999954223633,33.8849983215332,33.189998626708984,33.85499954223633,30963400.0
2023-02-13,33.869998931884766,34.14500045776367,33.869998931884766,34.060001373291016,16183800.0
2023-02-14,34.025001525878906,34.2599983215332,33.73500061035156,33.915000915527344,14150400.0
2023-02-15,33.720001220703125,34.15999984741211,33.720001220703125,34.1349983215332,11020000.0
2023-02-16,33.79999923706055,34.03499984741211,33.51499938964844,33.875,18399600.0
2023-02-17,33.8849983215332,34.400001525878906,33.70500183105469,34.2400016784668,21873200.0
2023-02-21,33.9900016784668,34.084999084472656,33.57500076293945,33.599998474121094,16969000.0
2023-02-22,33.595001220703125,33.85499954223633,33.380001068115234,33.470001220703125,26750200.0
2023-02-23,33.619998931884766,33.619998931884766,33.150001525878906,33.29499816894531,21406600.0
2023-02-24,33.005001068115234,33.42499923706055,32.869998931884766,33.30500030517578,23150400.0
2023-02-27,33.470001220703125,33.790000915527344,33.0099983215332,33.08000183105469,21720600.0
2023-02-28,32.93000030517578,33.09000015258789,32.5,32.5,41151800.0
2023-03-01,32.33000183105469,32.36000061035156,31.815000534057617,31.96500015258789,47276000.0
2023-03-02,31.920000076293945,32.59000015258789,31.875,32.56999969482422,30688600.0
2023-03-03,32.70000076293945,33.14500045776367,32.380001068115234,33.125,30175200.0
2023-03-06,33.14500045776367,33.3849983215332,33.099998474121094,33.28499984741211,24243200.0
2023-03-07,33.314998626708984,33.400001525878906,32.58000183105469,32.7400016784668,24055200.0
2023-03-08,32.72999954223633,33.05500030517578,32.60499954223633,32.9900016784668,27407400.0
2023-03-09,33.08000183105469,33.3849983215332,32.6150016784668,32.724998474121094,34067200.0
2023-03-10,32.8849983215332,32.8849983215332,32.04499816894531,32.209999084472656,41666400.0
2023-03-13,32.16999816894531,33.42499923706055,32.125,32.70500183105469,67671200.0
2023-03-14,32.95000076293945,33.404998779296875,32.810001373291016,33.1349983215332,35118400.0
2023-03-15,33.040000915527344,33.79999923706055,32.880001068115234,33.584999084472656,48336800.0
2023-03-16,33.459999084472656,34.005001068115234,33.33000183105469,33.810001373291016,31646800.0
2023-03-17,33.72999954223633,33.79999923706055,33.23500061035156,33.48500061035156,35814600.0
2023-03-20,33.290000915527344,33.61000061035156,33.279998779296875,33.5,38838000.0
2023-03-21,33.55500030517578,33.595001220703125,32.3849983215332,32.82500076293945,51865000.0
2023-03-22,32.779998779296875,32.95500183105469,32.165000915527344,32.18000030517578,35793200.0
2023-03-23,32.189998626708984,32.5,31.690000534057617,31.850000381469727,33769000.0
2023-03-24,31.885000228881836,32.85499954223633,31.854999542236328,32.845001220703125,36112000.0
2023-03-27,32.94499969482422,33.18000030517578,32.79499816894531,32.8849983215332,28273800.0
2023-03-28,32.80500030517578,33.32500076293945,32.80500030517578,32.974998474121094,22038800.0
2023-03-29,33.150001525878906,33.5099983215332,33.150001525878906,33.45500183105469,19807800.0
2023-03-30,33.53499984741211,33.76499938964844,33.40999984741211,33.599998474121094,20585600.0
2023-03-31,33.709999084472656,33.86000061035156,33.51499938964844,33.845001220703125,23444000.0
2023-04-03,33.720001220703125,33.8650016784668,33.42499923706055,33.6150016784668,24071400.0
2023-04-04,33.595001220703125,33.845001220703125,33.505001068115234,33.78499984741211,21613800.0
2023-04-05,33.93000030517578,34.755001068115234,33.92499923706055,34.65999984741211,37674400.0
2023-04-06,34.939998626708984,34.97999954223633,34.54999923706055,34.904998779296875,33350400.0
2023-04-10,34.70500183105469,34.845001220703125,34.36000061035156,34.834999084472656,20463000.0
2023-04-11,34.78499984741211,34.96500015258789,34.69499969482422,34.8650016784668,17274000.0
2023-04-12,34.93000030517578,35.08000183105469,34.70500183105469,34.83000183105469,25109200.0
2023-04-13,34.67499923706055,34.93000030517578,34.17499923706055,34.834999084472656,32892400.0
2023-04-14,34.58000183105469,34.650001525878906,34.28499984741211,34.44499969482422,18129400.0
2023-04-17,34.505001068115234,34.69499969482422,34.290000915527344,34.6349983215332,15613800.0
2023-04-18,34.650001525878906,34.720001220703125,34.32500076293945,34.45500183105469,15566200.0
2023-04-19,34.540000915527344,34.82500076293945,34.4900016784668,34.720001220703125,20634600.0
2023-04-20,34.75,34.845001220703125,34.505001068115234,34.709999084472656,14737400.0
2023-04-21,34.935001373291016,35.05500030517578,34.60499954223633,34.810001373291016,14075600.0
2023-04-24,34.79999923706055,35.04499816894531,34.59000015258789,34.98500061035156,13579000.0
2023-04-25,34.85499954223633,35.13999938964844,34.845001220703125,34.95000076293945,20503200.0
2023-04-26,34.68000030517578,34.790000915527344,34.09000015258789,34.130001068115234,29513800.0
2023-04-27,34.22999954223633,34.56999969482422,34.20000076293945,34.540000915527344,24933400.0
2023-04-28,34.439998626708984,34.69499969482422,34.275001525878906,34.4900016784668,24246800.0
2023-05-01,34.40999984741211,34.8849983215332,34.380001068115234,34.54999923706055,21016200.0
2023-05-02,34.52000045776367,34.61000061035156,33.935001373291016,34.130001068115234,22931000.0
2023-05-03,34.31999969482422,34.525001525878906,33.994998931884766,34.03499984741211,23714400.0
2023-05-04,34.095001220703125,34.43000030517578,33.775001525878906,34.29499816894531,29262200.0
2023-05-05,34.18000030517578,34.599998474121094,34.18000030517578,34.51499938964844,22833200.0
2023-05-08,34.47999954223633,34.72999954223633,34.29499816894531,34.40999984741211,16573400.0
2023-05-09,34.33000183105469,34.45500183105469,34.119998931884766,34.3650016784668,20562200.0
2023-05-10,34.58000183105469,34.77000045776367,34.33000183105469,34.68000030517578,21416600.0
2023-05-11,34.70000076293945,34.709999084472656,34.165000915527344,34.32500076293945,29748200.0
2023-05-12,34.51499938964844,34.73500061035156,34.310001373291016,34.51499938964844,23748200.0
2023-05-15,34.64500045776367,34.69499969482422,33.939998626708984,34.08000183105469,26370200.0
2023-05-16,34.040000915527344,34.10499954223633,33.30500030517578,33.32500076293945,28008000.0
2023-05-17,33.43000030517578,33.439998626708984,33.064998626708984,33.20500183105469,34176600.0
2023-05-18,33.04999923706055,33.13999938964844,32.814998626708984,33.10499954223633,32335600.0
2023-05-19,33.2599983215332,33.44499969482422,33.03499984741211,33.05500030517578,24945000.0
2023-05-22,33.13999938964844,33.310001373291016,32.94499969482422,33.064998626708984,18989400.0
2023-05-23,32.939998626708984,33.275001525878906,32.86000061035156,32.95000076293945,24128000.0
2023-05-24,32.904998779296875,33.025001525878906,32.68000030517578,32.73500061035156,23127600.0
2023-05-25,32.67499923706055,32.689998626708984,32.064998626708984,32.29499816894531,32252200.0
2023-05-26,32.244998931884766,32.31999969482422,31.96500015258789,32.29499816894531,33187800.0
2023-05-30,32.349998474121094,32.51499938964844,32.119998931884766,32.16999816894531,31165800.0
2023-05-31,32.185001373291016,32.61000061035156,31.979999542236328,32.46500015258789,34266200.0
2023-06-01,32.525001525878906,32.56999969482422,32.025001525878906,32.224998474121094,37306400.0
2023-06-02,32.060001373291016,32.685001373291016,31.985000610351562,32.560001373291016,46091600.0
2023-06-05,32.630001068115234,33.06999969482422,32.560001373291016,32.71500015258789,24089000.0
2023-06-06,32.8650016784668,32.91999816894531,32.599998474121094,32.689998626708984,25723200.0
2023-06-07,32.71500015258789,33.32500076293945,32.51499938964844,33.244998931884766,38529600.0
2023-06-08,33.23500061035156,33.439998626708984,32.98500061035156,33.38999938964844,29318200.0
2023-06-09,33.400001525878906,33.42499923706055,33.17499923706055,33.19499969482422,26632600.0
2023-06-12,33.220001220703125,33.310001373291016,33.0,33.1349983215332,22967400.0
2023-06-13,32.935001373291016,33.244998931884766,32.880001068115234,33.130001068115234,23737200.0
2023-06-14,33.25,33.505001068115234,33.04499816894531,33.11000061035156,28047200.0
2023-06-15,33.23500061035156,33.54999923706055,33.165000915527344,33.470001220703125,27402400.0
2023-06-16,33.54999923706055,33.91999816894531,33.525001525878906,33.650001525878906,27370800.0
2023-06-20,33.28499984741211,33.35499954223633,32.95500183105469,32.9900016784668,25850800.0
2023-06-21,32.875,33.290000915527344,32.51499938964844,33.255001068115234,21445400.0
2023-06-22,33.380001068115234,33.44499969482422,32.904998779296875,33.0,20000800.0
2023-06-23,33.095001220703125,33.209999084472656,32.470001220703125,32.51499938964844,25439200.0
2023-06-26,32.56999969482422,32.935001373291016,32.44499969482422,32.834999084472656,20535200.0
2023-06-27,32.86000061035156,32.959999084472656,32.7400016784668,32.845001220703125,17020800.0
2023-06-28,32.834999084472656,32.834999084472656,32.275001525878906,32.36000061035156,29447600.0
2023-06-29,32.10499954223633,32.540000915527344,32.03499984741211,32.36000061035156,29307800.0
2023-06-30,32.404998779296875,32.755001068115234,32.38999938964844,32.720001220703125,27858600.0
2023-07-03,32.650001525878906,32.97999954223633,32.540000915527344,32.96500015258789,16329200.0
2023-07-05,32.849998474121094,33.59000015258789,32.80500030517578,33.34000015258789,38338000.0
2023-07-06,33.07500076293945,33.16999816894531,32.755001068115234,32.935001373291016,30845600.0
2023-07-07,32.720001220703125,32.92499923706055,32.61000061035156,32.69499969482422,25787600.0
2023-07-10,32.63999938964844,32.75,32.29499816894531,32.55500030517578,24820200.0
2023-07-11,32.619998931884766,32.970001220703125,32.5,32.959999084472656,22871800.0
2023-07-12,33.060001373291016,33.47999954223633,33.0,33.439998626708984,26655000.0
2023-07-13,33.439998626708984,33.564998626708984,33.31999969482422,33.55500030517578,19835400.0
2023-07-14,33.470001220703125,33.56999969482422,33.23500061035156,33.42499923706055,20285600.0
2023-07-17,33.314998626708984,33.38999938964844,33.025001525878906,33.040000915527344,21260800.0
2023-07-18,33.0099983215332,33.29499816894531,32.494998931884766,32.78499984741211,36264600.0
2023-07-19,32.810001373291016,33.314998626708984,32.810001373291016,33.119998931884766,27154000.0
2023-07-20,33.209999084472656,33.775001525878906,33.040000915527344,33.724998474121094,33329000.0
2023-07-21,33.86000061035156,34.3650016784668,33.79999923706055,34.22999954223633,36746000.0
2023-07-24,34.279998779296875,34.34000015258789,33.97999954223633,34.13999938964844,26484600.0
2023-07-25,34.099998474121094,34.30500030517578,33.994998931884766,34.20000076293945,16701600.0
2023-07-26,34.11000061035156,34.58000183105469,34.040000915527344,34.20000076293945,23158200.0
2023-07-27,34.064998626708984,34.209999084472656,33.525001525878906,33.595001220703125,32130200.0
2023-07-28,33.814998626708984,33.95000076293945,33.35499954223633,33.52000045776367,26432200.0
2023-07-31,33.654998779296875,33.790000915527344,33.380001068115234,33.53499984741211,25047000.0
2023-08-01,33.494998931884766,33.66999816894531,33.10499954223633,33.125,26919600.0
2023-08-02,32.9900016784668,33.279998779296875,32.935001373291016,33.125,30335000.0
2023-08-03,33.025001525878906,33.04999923706055,32.34000015258789,32.369998931884766,41266400.0
2023-08-04,32.45500183105469,32.665000915527344,31.854999542236328,31.9950008392334,36497800.0
2023-08-07,32.1150016784668,32.26499938964844,31.979999542236328,31.989999771118164,25131800.0
2023-08-08,31.985000610351562,32.154998779296875,31.690000534057617,32.13999938964844,30350200.0
2023-08-09,32.125,32.494998931884766,32.06999969482422,32.209999084472656,26387400.0
2023-08-10,32.34000015258789,32.53499984741211,32.01499938964844,32.11000061035156,27384400.0
2023-08-11,32.13999938964844,32.33000183105469,32.040000915527344,32.28499984741211,24336200.0
2023-08-14,32.26499938964844,32.28499984741211,31.889999389648438,32.029998779296875,21549600.0
2023-08-15,31.844999313354492,31.860000610351562,31.489999771118164,31.510000228881836,30379000.0
2023-08-16,31.645000457763672,31.790000915527344,31.524999618530273,31.649999618530273,25028400.0
2023-08-17,31.684999465942383,31.9950008392334,31.565000534057617,31.579999923706055,23752800.0
2023-08-18,31.575000762939453,31.81999969482422,31.545000076293945,31.7450008392334,25675600.0
2023-08-21,31.649999618530273,31.735000610351562,31.295000076293945,31.545000076293945,24162000.0
2023-08-22,31.524999618530273,31.725000381469727,31.405000686645508,31.635000228881836,27057800.0
2023-08-23,31.80500030517578,31.84000015258789,31.540000915527344,31.760000228881836,26772000.0
2023-08-24,31.704999923706055,32.13999938964844,31.545000076293945,31.575000762939453,25933800.0
2023-08-25,31.6200008392334,31.975000381469727,31.600000381469727,31.815000534057617,24981000.0
2023-08-28,31.8700008392334,32.04499816894531,31.7450008392334,31.809999465942383,17326400.0
2023-08-29,31.850000381469727,32.025001525878906,31.719999313354492,31.93000030517578,23746200.0
2023-08-30,31.825000762939453,32.03499984741211,31.665000915527344,31.78499984741211,22480800.0
2023-08-31,31.90999984741211,31.940000534057617,31.469999313354492,31.479999542236328,27542200.0
2023-09-01,31.645000457763672,31.7549991607666,31.075000762939453,31.31999969482422,28775400.0
2023-09-05,31.299999237060547,31.31999969482422,30.670000076293945,30.84000015258789,37650600.0
2023-09-06,30.885000228881836,30.94499969482422,30.709999084472656,30.90999984741211,38940200.0
2023-09-07,31.174999237060547,31.565000534057617,31.094999313354492,31.315000534057617,33748600.0
2023-09-08,31.3700008392334,31.645000457763672,31.270000457763672,31.59000015258789,32521400.0
2023-09-11,31.55500030517578,31.885000228881836,31.545000076293945,31.719999313354492,27023600.0
2023-09-12,31.71500015258789,31.850000381469727,31.5049991607666,31.760000228881836,22094800.0
2023-09-13,31.774999618530273,32.28499984741211,31.774999618530273,32.13999938964844,30120800.0
2023-09-14,32.34000015258789,32.630001068115234,32.29499816894531,32.61000061035156,26201000.0
2023-09-15,32.55500030517578,32.80500030517578,32.435001373291016,32.470001220703125,34802000.0
2023-09-18,32.22999954223633,32.290000915527344,31.959999084472656,32.185001373291016,19135000.0
2023-09-19,32.15999984741211,32.275001525878906,32.0,32.0099983215332,24889000.0
2023-09-20,32.13999938964844,32.375,31.94499969482422,32.040000915527344,18736000.0
2023-09-21,32.01499938964844,32.07500076293945,31.690000534057617,31.704999923706055,25628600.0
2023-09-22,31.565000534057617,31.854999542236328,31.434999465942383,31.645000457763672,24595400.0
2023-09-25,31.459999084472656,31.625,31.270000457763672,31.600000381469727,24729800.0
2023-09-26,31.469999313354492,31.5049991607666,30.56999969482422,30.655000686645508,46833400.0
2023-09-27,30.594999313354492,30.670000076293945,29.985000610351562,30.065000534057617,52042200.0
2023-09-28,30.18000030517578,30.239999771118164,29.3700008392334,29.415000915527344,77189800.0
2023-09-29,29.670000076293945,29.90999984741211,29.30500030517578,29.46500015258789,45737800.0
2023-10-02,29.295000076293945,29.295000076293945,27.760000228881836,28.094999313354492,111645400.0
2023-10-03,27.875,28.514999389648438,27.46500015258789,28.420000076293945,115236400.0
2023-10-04,28.565000534057617,28.6200008392334,27.94499969482422,28.389999389648438,58997200.0
2023-10-05,28.315000534057617,28.399999618530273,27.950000762939453,28.225000381469727,56290000.0
2023-10-06,27.875,28.69499969482422,27.385000228881836,28.625,68207400.0
2023-10-09,28.575000762939453,28.90999984741211,28.454999923706055,28.90999984741211,40487600.0
2023-10-10,28.90999984741211,29.31999969482422,28.90999984741211,29.30500030517578,61414400.0
2023-10-11,29.469999313354492,29.80500030517578,29.260000228881836,29.780000686645508,53347400.0
2023-10-12,29.6299991607666,29.80500030517578,29.05500030517578,29.31999969482422,55086600.0
2023-10-13,29.514999389648438,29.84000015258789,29.440000534057617,29.649999618530273,39568800.0
2023-10-16,29.709999084472656,30.065000534057617,29.479999542236328,29.954999923706055,39554800.0
2023-10-17,29.700000762939453,30.065000534057617,29.655000686645508,29.875,36960400.0
2023-10-18,29.844999313354492,30.024999618530273,29.424999237060547,29.614999771118164,46727000.0
2023-10-19,29.520000457763672,29.795000076293945,29.299999237060547,29.31999969482422,39363800.0
2023-10-20,29.25,29.53499984741211,29.010000228881836,29.014999389648438,40044800.0
2023-10-23,28.75,29.184999465942383,28.520000457763672,28.770000457763672,41041200.0
2023-10-24,29.204999923706055,29.6299991607666,29.114999771118164,29.510000228881836,47194400.0
2023-10-25,29.459999084472656,29.735000610351562,29.34000015258789,29.674999237060547,41309400.0
2023-10-26,29.7549991607666,30.19499969482422,29.7450008392334,29.93000030517578,47174600.0
2023-10-27,29.799999237060547,29.969999313354492,29.274999618530273,29.364999771118164,40502400.0
2023-10-30,29.489999771118164,29.78499984741211,29.264999389648438,29.59000015258789,28539200.0
2023-10-31,29.709999084472656,29.875,29.5,29.844999313354492,21364600.0
2023-11-01,29.885000228881836,30.364999771118164,29.594999313354492,30.184999465942383,46523000.0
2023-11-02,30.25,30.90999984741211,30.200000762939453,30.75,51100200.0
2023-11-03,31.28499984741211,31.325000762939453,30.920000076293945,30.93000030517578,45147200.0
2023-11-06,30.985000610351562,31.084999084472656,30.81999969482422,30.850000381469727,38240000.0
2023-11-07,30.864999771118164,30.905000686645508,30.575000762939453,30.625,37684600.0
2023-11-08,30.4950008392334,30.5049991607666,30.059999465942383,30.399999618530273,43295600.0
2023-11-09,30.454999923706055,30.549999237060547,29.985000610351562,30.0,32195600.0
2023-11-10,30.135000228881836,30.2450008392334,29.959999084472656,30.15999984741211,28030200.0
2023-11-13,30.094999313354492,30.165000915527344,29.7549991607666,29.799999237060547,31159600.0
2023-11-14,30.469999313354492,31.014999389648438,30.40999984741211,30.989999771118164,57318200.0
2023-11-15,30.905000686645508,31.344999313354492,30.825000762939453,30.895000457763672,49662800.0
2023-11-16,31.149999618530273,31.309999465942383,31.03499984741211,31.059999465942383,34650400.0
2023-11-17,31.229999542236328,31.264999389648438,30.975000381469727,31.145000457763672,23879000.0
2023-11-20,31.0,31.170000076293945,30.639999389648438,31.049999237060547,28316600.0
2023-11-21,31.024999618530273,31.18000030517578,30.825000762939453,31.114999771118164,20288400.0
2023-11-22,31.225000381469727,31.274999618530273,30.969999313354492,31.264999389648438,17919600.0
2023-11-24,31.260000228881836,31.350000381469727,31.139999389648438,31.344999313354492,9798600.0
2023-11-27,31.3700008392334,31.459999084472656,31.145000457763672,31.395000457763672,24833200.0
2023-11-28,31.399999618530273,31.725000381469727,31.274999618530273,31.4950008392334,29415200.0
2023-11-29,31.5049991607666,31.6299991607666,31.135000228881836,31.2450008392334,35806400.0
2023-11-30,31.334999084472656,31.420000076293945,31.1200008392334,31.3799991607666,30483600.0
2023-12-01,31.395000457763672,31.770000457763672,31.190000534057617,31.764999389648438,29342800.0
2023-12-04,31.614999771118164,31.905000686645508,31.479999542236328,31.639999389648438,30515800.0
2023-12-05,31.670000076293945,31.674999237060547,31.290000915527344,31.415000915527344,22536600.0
2023-12-06,31.55500030517578,31.844999313354492,31.510000228881836,31.834999084472656,26817800.0
2023-12-07,31.8799991607666,31.9950008392334,31.6200008392334,31.764999389648438,21876600.0
2023-12-08,31.71500015258789,31.850000381469727,31.469999313354492,31.704999923706055,24002800.0
2023-12-11,31.540000915527344,31.950000762939453,31.540000915527344,31.90999984741211,22448800.0
2023-12-12,31.954999923706055,31.969999313354492,31.53499984741211,31.780000686645508,21768200.0
2023-12-13,31.815000534057617,32.97999954223633,31.645000457763672,32.97999954223633,43452000.0
2023-12-14,33.18000030517578,33.349998474121094,32.48500061035156,32.54999923706055,64968200.0
2023-12-15,32.224998474121094,32.38999938964844,31.75,31.985000610351562,53129000.0
2023-12-18,31.774999618530273,31.954999923706055,31.549999237060547,31.614999771118164,32507000.0
2023-12-19,31.725000381469727,31.834999084472656,31.59000015258789,31.795000076293945,25377800.0
2023-12-20,31.7549991607666,31.844999313354492,31.145000457763672,31.149999618530273,36651800.0
2023-12-21,31.2549991607666,31.420000076293945,30.985000610351562,31.204999923706055,31753600.0
2023-12-22,31.31999969482422,31.6200008392334,31.25,31.309999465942383,26447400.0
2023-12-26,31.260000228881836,31.6200008392334,31.25,31.5,19075000.0
2023-12-27,31.440000534057617,31.540000915527344,31.31999969482422,31.479999542236328,18984400.0
2023-12-28,31.3799991607666,31.75,31.3799991607666,31.704999923706055,17346400.0
2023-12-29,31.635000228881836,31.729999542236328,31.454999923706055,31.665000915527344,22478000.0
2024-01-02,31.530000686645508,32.20000076293945,31.46500015258789,32.125,30758600.0
2024-01-03,32.1150016784668,32.30500030517578,31.895000457763672,32.244998931884766,32866400.0
2024-01-04,32.279998779296875,32.45000076293945,32.10499954223633,32.14500045776367,26622400.0
2024-01-05,32.099998474121094,32.41999816894531,31.954999923706055,32.26499938964844,27190400.0
2024-01-08,32.19499969482422,32.5099983215332,32.095001220703125,32.5,23434400.0
2024-01-09,32.33000183105469,32.380001068115234,32.165000915527344,32.23500061035156,28805400.0
2024-01-10,32.23500061035156,32.380001068115234,32.1150016784668,32.22999954223633,21853800.0
2024-01-11,32.125,32.130001068115234,31.3799991607666,31.479999542236328,44353600.0
2024-01-12,31.690000534057617,31.790000915527344,31.53499984741211,31.65999984741211,19537400.0
2024-01-16,31.5049991607666,31.59000015258789,31.239999771118164,31.315000534057617,30454000.0
2024-01-17,31.135000228881836,31.420000076293945,30.625,30.860000610351562,39178000.0
2024-01-18,30.704999923706055,30.735000610351562,30.354999542236328,30.530000686645508,39464000.0
2024-01-19,30.559999465942383,30.610000610351562,30.295000076293945,30.489999771118164,28257600.0
2024-01-22,30.479999542236328,30.704999923706055,30.204999923706055,30.334999084472656,41676200.0
2024-01-23,30.344999313354492,30.485000610351562,30.209999084472656,30.389999389648438,41100200.0
2024-01-24,30.600000381469727,30.649999618530273,29.93000030517578,29.975000381469727,50878200.0
2024-01-25,30.375,30.520000457763672,30.09000015258789,30.514999389648438,50516800.0
2024-01-26,30.594999313354492,30.719999313354492,30.5049991607666,30.604999542236328,36653200.0
2024-01-29,30.625,30.920000076293945,30.44499969482422,30.799999237060547,26054400.0
2024-01-30,30.725000381469727,30.975000381469727,30.524999618530273,30.790000915527344,36109000.0
2024-01-31,31.045000076293945,31.18000030517578,30.549999237060547,30.725000381469727,59642400.0
2024-02-01,30.594999313354492,31.309999465942383,30.454999923706055,31.309999465942383,51507200.0
2024-02-02,30.954999923706055,31.045000076293945,30.530000686645508,30.7450008392334,51839600.0
2024-02-05,30.44499969482422,30.46500015258789,30.09000015258789,30.104999542236328,39895000.0
2024-02-06,30.09000015258789,30.315000534057617,29.9950008392334,30.21500015258789,27557000.0
2024-02-07,30.334999084472656,30.399999618530273,30.075000762939453,30.235000610351562,23748600.0
2024-02-08,30.100000381469727,30.165000915527344,29.760000228881836,30.020000457763672,41755400.0
2024-02-09,29.934999465942383,30.165000915527344,29.875,30.135000228881836,29647800.0
2024-02-12,30.135000228881836,30.510000228881836,30.059999465942383,30.485000610351562,25219000.0
2024-02-13,30.315000534057617,30.469999313354492,29.56999969482422,29.979999542236328,45402200.0
2024-02-14,30.09000015258789,30.21500015258789,29.920000076293945,30.145000457763672,34871800.0
2024-02-15,30.239999771118164,30.674999237060547,30.239999771118164,30.649999618530273,34680800.0
2024-02-16,30.5,30.760000228881836,30.315000534057617,30.614999771118164,29914200.0
2024-02-20,30.559999465942383,30.94499969482422,30.530000686645508,30.594999313354492,22764000.0
2024-02-21,30.795000076293945,31.040000915527344,30.645000457763672,31.0,31565000.0
2024-02-22,30.7549991607666,30.889999389648438,30.524999618530273,30.760000228881836,31841600.0
2024-02-23,30.825000762939453,31.125,30.75,30.979999542236328,24572800.0
2024-02-26,30.829999923706055,30.850000381469727,30.315000534057617,30.3700008392334,25587000.0
2024-02-27,30.549999237060547,30.954999923706055,30.424999237060547,30.94499969482422,27487600.0
2024-02-28,30.90999984741211,31.084999084472656,30.84000015258789,31.040000915527344,22983600.0
2024-02-29,31.15999984741211,31.309999465942383,30.905000686645508,31.049999237060547,30675400.0
2024-03-01,30.954999923706055,30.959999084472656,30.479999542236328,30.860000610351562,42511000.0
2024-03-04,30.71500015258789,31.424999237060547,30.71500015258789,31.3799991607666,33020800.0
2024-03-05,31.475000381469727,31.985000610351562,31.15999984741211,31.290000915527344,49602800.0
2024-03-06,31.514999389648438,31.75,31.44499969482422,31.59000015258789,32652200.0
2024-03-07,31.850000381469727,31.93000030517578,31.735000610351562,31.795000076293945,21384200.0
2024-03-08,31.885000228881836,31.969999313354492,31.610000610351562,31.875,27511600.0
2024-03-11,31.829999923706055,32.10499954223633,31.709999084472656,32.03499984741211,20968200.0
2024-03-12,31.969999313354492,31.985000610351562,31.524999618530273,31.725000381469727,29489000.0
2024-03-13,31.975000381469727,32.224998474121094,31.8700008392334,31.940000534057617,25877800.0
2024-03-14,31.8700008392334,31.9950008392334,31.459999084472656,31.684999465942383,31869800.0
2024-03-15,31.584999084472656,31.899999618530273,31.55500030517578,31.729999542236328,35445000.0
2024-03-18,31.510000228881836,31.815000534057617,31.325000762939453,31.614999771118164,26843800.0
2024-03-19,31.690000534057617,31.924999237060547,31.600000381469727,31.895000457763672,19985400.0
2024-03-20,31.84000015258789,32.099998474121094,31.7549991607666,31.934999465942383,32620800.0
2024-03-21,32.02000045776367,32.23500061035156,31.8700008392334,31.885000228881836,40327800.0
2024-03-22,32.084999084472656,32.14500045776367,31.889999389648438,31.93000030517578,21059400.0
2024-03-25,32.02000045776367,32.099998474121094,31.885000228881836,32.08000183105469,23194200.0
2024-03-26,32.1150016784668,32.209999084472656,31.690000534057617,31.71500015258789,29830400.0
2024-03-27,31.950000762939453,32.599998474121094,31.915000915527344,32.599998474121094,34600400.0
2024-03-28,32.595001220703125,32.880001068115234,32.5099983215332,32.82500076293945,27492200.0
2024-04-01,32.83000183105469,32.8650016784668,32.415000915527344,32.625,22702600.0
2024-04-02,32.54999923706055,32.869998931884766,32.53499984741211,32.68000030517578,30212400.0
2024-04-03,32.67499923706055,32.76499938964844,32.43000030517578,32.54999923706055,26574200.0
2024-04-04,32.80500030517578,32.900001525878906,32.26499938964844,32.48500061035156,29356800.0
2024-04-05,32.275001525878906,32.665000915527344,32.119998931884766,32.58000183105469,32322400.0
2024-04-08,32.584999084472656,32.849998474121094,32.540000915527344,32.79499816894531,20142600.0
2024-04-09,32.8650016784668,33.040000915527344,32.77000045776367,32.974998474121094,24024200.0
2024-04-10,32.314998626708984,32.53499984741211,32.125,32.40999984741211,38280600.0
2024-04-11,32.595001220703125,32.6349983215332,32.125,32.345001220703125,25621200.0
2024-04-12,32.404998779296875,32.5,31.94499969482422,32.099998474121094,39844800.0
2024-04-15,32.31999969482422,32.45500183105469,31.684999465942383,31.80500030517578,29407800.0
2024-04-16,31.704999923706055,31.739999771118164,31.274999618530273,31.385000228881836,32907600.0
2024-04-17,31.59000015258789,32.119998931884766,31.530000686645508,32.040000915527344,28152800.0
2024-04-18,32.150001525878906,32.33000183105469,31.915000915527344,32.220001220703125,22288600.0
2024-04-19,32.30500030517578,32.78499984741211,32.27000045776367,32.71500015258789,37004600.0
2024-04-22,32.73500061035156,33.10499954223633,32.5099983215332,33.01499938964844,23458600.0
2024-04-23,33.0,33.380001068115234,32.91999816894531,33.16999816894531,22338000.0
2024-04-24,32.869998931884766,33.47999954223633,32.70500183105469,33.369998931884766,26127000.0
2024-04-25,33.290000915527344,33.595001220703125,33.0,33.459999084472656,31562400.0
2024-04-26,33.459999084472656,33.505001068115234,33.08000183105469,33.095001220703125,24547400.0
2024-04-29,33.32500076293945,33.60499954223633,33.29499816894531,33.54499816894531,29368200.0
2024-04-30,33.36000061035156,33.630001068115234,33.13999938964844,33.369998931884766,29724800.0
2024-05-01,33.3650016784668,34.060001373291016,33.23500061035156,33.755001068115234,42371800.0
2024-05-02,33.89500045776367,34.02000045776367,33.625,33.935001373291016,28609400.0
2024-05-03,34.20000076293945,34.314998626708984,33.900001525878906,34.20500183105469,29817000.0
2024-05-06,34.310001373291016,34.415000915527344,34.099998474121094,34.380001068115234,21221400.0
2024-05-07,34.525001525878906,34.79999923706055,34.45000076293945,34.77000045776367,28808200.0
2024-05-08,34.69499969482422,35.154998779296875,34.61000061035156,35.1349983215332,27708200.0
2024-05-09,35.11000061035156,35.70500183105469,35.03499984741211,35.66999816894531,48549200.0
2024-05-10,35.869998931884766,35.92499923706055,35.53499984741211,35.6349983215332,39129200.0
2024-05-13,35.755001068115234,35.93000030517578,35.564998626708984,35.6349983215332,21219200.0
2024-05-14,35.790000915527344,35.84000015258789,35.529998779296875,35.72999954223633,23566400.0
2024-05-15,36.099998474121094,36.3650016784668,36.040000915527344,36.26499938964844,29176600.0
2024-05-16,36.28499984741211,36.45500183105469,36.084999084472656,36.13999938964844,25322400.0
2024-05-17,36.095001220703125,36.255001068115234,35.970001220703125,36.16999816894531,21715600.0
2024-05-20,36.25,36.25,36.029998779296875,36.11000061035156,13830400.0
2024-05-21,36.09000015258789,36.45000076293945,36.08000183105469,36.435001373291016,16263400.0
2024-05-22,36.23500061035156,36.36000061035156,35.970001220703125,36.005001068115234,21128800.0
2024-05-23,35.95000076293945,35.95000076293945,35.375,35.39500045776367,28718600.0
2024-05-24,35.48500061035156,35.88999938964844,35.41999816894531,35.75,16366800.0
2024-05-28,35.78499984741211,35.93000030517578,35.63999938964844,35.71500015258789,17765200.0
2024-05-29,35.404998779296875,35.45000076293945,35.125,35.255001068115234,28118600.0
2024-05-30,35.369998931884766,35.755001068115234,35.30500030517578,35.72999954223633,18129600.0
2024-05-31,35.849998474121094,36.39500045776367,35.69499969482422,36.36000061035156,24777600.0
2024-06-03,36.29999923706055,36.334999084472656,35.814998626708984,35.94499969482422,36915800.0
2024-06-04,35.85499954223633,36.05500030517578,35.53499984741211,35.93000030517578,29419600.0
2024-06-05,35.88999938964844,35.91999816894531,35.665000915527344,35.724998474121094,17920400.0
2024-06-06,35.64500045776367,35.85499954223633,35.30500030517578,35.35499954223633,18184800.0
2024-06-07,35.04999923706055,35.33000183105469,34.959999084472656,34.970001220703125,16286800.0
2024-06-10,34.96500015258789,35.47999954223633,34.875,35.41999816894531,19591400.0
2024-06-11,35.119998931884766,35.255001068115234,34.904998779296875,35.20500183105469,22694800.0
2024-06-12,35.650001525878906,35.654998779296875,34.86000061035156,34.974998474121094,24912200.0
2024-06-13,35.029998779296875,35.185001373291016,34.689998626708984,35.05500030517578,22974000.0
2024-06-14,34.849998474121094,35.01499938964844,34.70500183105469,34.970001220703125,20280600.0
2024-06-17,34.78499984741211,34.8650016784668,34.54999923706055,34.584999084472656,21026400.0
2024-06-18,34.30500030517578,34.61000061035156,34.275001525878906,34.599998474121094,24573600.0
2024-06-20,34.709999084472656,34.970001220703125,34.595001220703125,34.900001525878906,27948000.0
2024-06-21,35.029998779296875,35.06999969482422,34.66999816894531,34.69499969482422,18990800.0
2024-06-24,34.40999984741211,34.98500061035156,34.3849983215332,34.869998931884766,17956800.0
2024-06-25,34.79999923706055,34.89500045776367,34.43000030517578,34.540000915527344,25099400.0
2024-06-26,34.40999984741211,34.470001220703125,34.189998626708984,34.39500045776367,13882000.0
2024-06-27,34.42499923706055,34.5,34.220001220703125,34.45500183105469,10899600.0
2024-06-28,34.45500183105469,34.5,33.90999984741211,34.06999969482422,23063000.0
2024-07-01,34.42499923706055,34.48500061035156,33.79999923706055,33.834999084472656,16757800.0
2024-07-02,33.915000915527344,34.07500076293945,33.86000061035156,34.0099983215332,16724200.0
2024-07-03,34.060001373291016,34.45500183105469,33.994998931884766,34.21500015258789,13241200.0
2024-07-05,34.27000045776367,34.41999816894531,34.1150016784668,34.275001525878906,13830600.0
2024-07-08,34.30500030517578,34.41999816894531,34.18000030517578,34.310001373291016,13634400.0
2024-07-09,34.310001373291016,34.70000076293945,34.275001525878906,34.40999984741211,21601200.0
2024-07-10,34.540000915527344,34.744998931884766,34.279998779296875,34.73500061035156,13800000.0
2024-07-11,34.90999984741211,35.46500015258789,34.89500045776367,35.369998931884766,29766400.0
2024-07-12,35.494998931884766,35.86000061035156,35.34000015258789,35.630001068115234,16524200.0
2024-07-15,35.22999954223633,35.34000015258789,34.709999084472656,34.76499938964844,29827600.0
2024-07-16,34.974998474121094,35.095001220703125,34.869998931884766,35.03499984741211,15009200.0
2024-07-17,35.0,35.5,34.90999984741211,35.05500030517578,27516000.0
2024-07-18,35.0099983215332,35.3650016784668,34.96500015258789,35.025001525878906,13542600.0
2024-07-19,35.09000015258789,35.17499923706055,34.85499954223633,35.064998626708984,12985400.0
2024-07-22,35.25,35.439998626708984,35.130001068115234,35.36000061035156,12965400.0
2024-07-23,35.290000915527344,35.35499954223633,35.1150016784668,35.13999938964844,12686400.0
2024-07-24,35.38999938964844,35.67499923706055,35.17499923706055,35.53499984741211,25284800.0
2024-07-25,35.70000076293945,35.88999938964844,35.09000015258789,35.2400016784668,26666000.0
2024-07-26,35.52000045776367,35.654998779296875,35.38999938964844,35.584999084472656,16706400.0
2024-07-29,35.720001220703125,35.86000061035156,35.43000030517578,35.744998931884766,15151200.0
2024-07-30,35.70500183105469,35.959999084472656,35.630001068115234,35.93000030517578,16696400.0
2024-07-31,36.435001373291016,36.474998474121094,36.04499816894531,36.39500045776367,21765400.0
2024-08-01,36.46500015258789,37.099998474121094,36.41999816894531,37.04999923706055,32567400.0
2024-08-02,37.52000045776367,37.779998779296875,36.60499954223633,37.11000061035156,48257200.0
2024-08-05,37.30500030517578,37.30500030517578,36.09000015258789,36.130001068115234,41099800.0
2024-08-06,36.27000045776367,36.85499954223633,36.244998931884766,36.435001373291016,29286400.0
2024-08-07,36.73500061035156,37.06999969482422,36.5,36.63999938964844,24758800.0
2024-08-08,36.5,36.904998779296875,36.39500045776367,36.68000030517578,23360400.0
2024-08-09,36.77000045776367,36.85499954223633,36.17499923706055,36.80500030517578,16708400.0
2024-08-12,36.814998626708984,36.8849983215332,36.595001220703125,36.869998931884766,15027000.0
2024-08-13,37.025001525878906,37.119998931884766,36.86000061035156,37.084999084472656,17075000.0
2024-08-14,37.0,37.279998779296875,36.78499984741211,37.060001373291016,16166000.0
2024-08-15,36.845001220703125,37.165000915527344,36.720001220703125,37.05500030517578,18807600.0
2024-08-16,37.095001220703125,37.345001220703125,36.935001373291016,37.220001220703125,13522800.0
2024-08-19,37.255001068115234,37.4900016784668,37.224998474121094,37.46500015258789,11505400.0
2024-08-20,37.46500015258789,37.59000015258789,37.345001220703125,37.3849983215332,15989800.0
2024-08-21,37.439998626708984,37.76499938964844,37.38999938964844,37.650001525878906,13451800.0
2024-08-22,37.689998626708984,37.77000045776367,37.45500183105469,37.60499954223633,14648000.0
2024-08-23,37.73500061035156,37.88999938964844,37.599998474121094,37.709999084472656,15050400.0
2024-08-26,37.84000015258789,38.11000061035156,37.834999084472656,37.95500183105469,13336400.0
2024-08-27,37.875,38.0099983215332,37.63999938964844,37.654998779296875,16666800.0
2024-08-28,37.77000045776367,37.97999954223633,37.625,37.654998779296875,10482800.0
2024-08-29,37.779998779296875,37.89500045776367,37.40999984741211,37.86000061035156,12758200.0
2024-08-30,37.93000030517578,38.20000076293945,37.790000915527344,38.14500045776367,17007400.0
2024-09-03,38.154998779296875,38.3650016784668,37.970001220703125,38.09000015258789,23627000.0
2024-09-04,38.275001525878906,38.70500183105469,38.224998474121094,38.415000915527344,27303200.0
2024-09-05,38.70500183105469,38.755001068115234,38.20500183105469,38.31999969482422,15545400.0
2024-09-06,38.404998779296875,38.48500061035156,37.95000076293945,37.95500183105469,19605800.0
2024-09-09,38.119998931884766,38.345001220703125,37.900001525878906,38.34000015258789,14366200.0
2024-09-10,38.40999984741211,38.68000030517578,38.279998779296875,38.52000045776367,23255400.0
2024-09-11,38.525001525878906,38.68000030517578,38.07500076293945,38.63999938964844,20766600.0
2024-09-12,38.724998474121094,38.790000915527344,38.48500061035156,38.724998474121094,19335000.0
2024-09-13,38.85499954223633,39.279998779296875,38.70500183105469,39.27000045776367,16238800.0
2024-09-16,39.39500045776367,39.68000030517578,39.290000915527344,39.56999969482422,19910600.0
2024-09-17,39.59000015258789,39.689998626708984,39.40999984741211,39.540000915527344,27963000.0
2024-09-18,39.470001220703125,39.58000183105469,39.06999969482422,39.2400016784668,47034800.0
2024-09-19,39.099998474121094,39.189998626708984,38.689998626708984,39.0099983215332,41536400.0
2024-09-20,39.5,40.125,39.44499969482422,40.040000915527344,44279200.0
2024-09-23,40.01499938964844,40.20000076293945,39.869998931884766,40.165000915527344,23340600.0
2024-09-24,39.939998626708984,40.3849983215332,39.79499816894531,39.880001068115234,28105200.0
2024-09-25,40.099998474121094,40.209999084472656,39.7400016784668,40.09000015258789,16359200.0
2024-09-26,40.01499938964844,40.189998626708984,39.70500183105469,39.814998626708984,19794600.0
2024-09-27,39.97999954223633,40.31999969482422,39.939998626708984,40.209999084472656,14804000.0
2024-09-30,40.290000915527344,40.415000915527344,39.93000030517578,40.38999938964844,19014200.0
2024-10-01,40.345001220703125,40.775001525878906,40.099998474121094,40.71500015258789,24362400.0
2024-10-02,40.45500183105469,40.810001373291016,40.3849983215332,40.73500061035156,16491600.0
2024-10-03,40.959999084472656,41.029998779296875,40.619998931884766,40.720001220703125,24205400.0
2024-10-04,40.369998931884766,40.70000076293945,40.2400016784668,40.654998779296875,25082800.0
2024-10-07,40.52000045776367,40.54499816894531,39.6150016784668,39.720001220703125,35284000.0
2024-10-08,39.89500045776367,40.02000045776367,39.73500061035156,39.7400016784668,26022200.0
2024-10-09,39.630001068115234,39.75,39.17499923706055,39.400001525878906,34288000.0
2024-10-10,39.439998626708984,39.75,39.2599983215332,39.279998779296875,26326600.0
2024-10-11,39.150001525878906,39.625,39.025001525878906,39.625,19332600.0
2024-10-14,39.685001373291016,40.15999984741211,39.61000061035156,40.125,18041800.0
2024-10-15,40.29999923706055,40.599998474121094,40.2599983215332,40.30500030517578,26427600.0
2024-10-16,40.505001068115234,41.185001373291016,40.32500076293945,41.10499954223633,19099600.0
2024-10-17,41.2400016784668,41.25,40.709999084472656,40.7400016784668,23527200.0
2024-10-18,40.70500183105469,40.994998931884766,40.525001525878906,40.974998474121094,14035200.0
2024-10-21,41.06999969482422,41.189998626708984,40.654998779296875,40.814998626708984,14811600.0
2024-10-22,40.540000915527344,40.755001068115234,40.345001220703125,40.66999816894531,17119200.0
2024-10-23,40.70000076293945,41.07500076293945,40.625,41.060001373291016,19645000.0
2024-10-24,41.064998626708984,41.150001525878906,40.65999984741211,40.79499816894531,13092000.0
2024-10-25,41.0,41.03499984741211,40.15999984741211,40.189998626708984,17518200.0
2024-10-28,40.404998779296875,40.709999084472656,40.310001373291016,40.505001068115234,14622800.0
2024-10-29,40.05500030517578,40.060001373291016,39.630001068115234,39.63999938964844,27733000.0
2024-10-30,39.79499816894531,39.869998931884766,39.474998474121094,39.54499816894531,20910600.0
2024-10-31,39.64500045776367,40.25,39.6150016784668,39.95500183105469,27516000.0
2024-11-01,39.95000076293945,40.06999969482422,39.029998779296875,39.064998626708984,30861000.0
2024-11-04,38.67499923706055,38.880001068115234,38.38999938964844,38.599998474121094,27956200.0
2024-11-05,38.58000183105469,39.18000030517578,38.46500015258789,39.18000030517578,19016200.0
2024-11-06,38.67499923706055,38.94499969482422,38.40999984741211,38.775001525878906,32958800.0
2024-11-07,38.970001220703125,39.23500061035156,38.63999938964844,38.845001220703125,37703200.0
2024-11-08,39.040000915527344,39.67499923706055,39.0099983215332,39.59000015258789,28857200.0
2024-11-11,39.595001220703125,39.935001373291016,39.505001068115234,39.70000076293945,26011000.0
2024-11-12,39.58000183105469,39.66999816894531,39.05500030517578,39.244998931884766,18703200.0
2024-11-13,39.5,39.51499938964844,39.0099983215332,39.17499923706055,16411800.0
2024-11-14,39.224998474121094,39.42499923706055,38.97999954223633,39.040000915527344,17707400.0
2024-11-15,39.06999969482422,39.67499923706055,38.994998931884766,39.625,23931400.0
2024-11-18,39.59000015258789,40.08000183105469,39.540000915527344,39.970001220703125,14660200.0
2024-11-19,39.81999969482422,40.22999954223633,39.630001068115234,40.224998474121094,11750400.0
2024-11-20,40.29999923706055,40.435001373291016,40.04499816894531,40.244998931884766,12196800.0
2024-11-21,40.30500030517578,40.994998931884766,40.11000061035156,40.94499969482422,21764000.0
2024-11-22,41.07500076293945,41.1349983215332,40.709999084472656,40.724998474121094,15761400.0
2024-11-25,41.04999923706055,41.125,40.5,40.79999923706055,14253800.0
2024-11-26,40.915000915527344,41.474998474121094,40.810001373291016,41.45000076293945,17374800.0
2024-11-27,41.57500076293945,41.70500183105469,41.40999984741211,41.45000076293945,17156600.0
2024-11-29,41.584999084472656,41.6150016784668,41.375,41.46500015258789,9234800.0
2024-12-02,41.459999084472656,41.474998474121094,40.560001373291016,40.57500076293945,22084200.0
2024-12-03,40.81999969482422,40.95000076293945,40.21500015258789,40.224998474121094,18853600.0
2024-12-04,40.349998474121094,40.45000076293945,40.064998626708984,40.220001220703125,24169400.0
2024-12-05,40.26499938964844,40.56999969482422,40.15999984741211,40.345001220703125,14226000.0
2024-12-06,40.3650016784668,40.459999084472656,39.77000045776367,39.845001220703125,14228600.0
2024-12-09,39.845001220703125,39.900001525878906,39.31999969482422,39.345001220703125,21053800.0
2024-12-10,39.279998779296875,39.279998779296875,38.744998931884766,39.060001373291016,20319000.0
2024-12-11,39.165000915527344,39.19499969482422,38.744998931884766,38.814998626708984,14759600.0
2024-12-12,39.0,39.125,38.7599983215332,38.79499816894531,15425000.0
2024-12-13,38.849998474121094,39.025001525878906,38.755001068115234,38.81999969482422,13808400.0
2024-12-16,38.85499954223633,38.95500183105469,38.494998931884766,38.5099983215332,16121000.0
2024-12-17,38.27000045776367,38.5099983215332,38.19499969482422,38.349998474121094,15876800.0
2024-12-18,38.32500076293945,38.380001068115234,37.41999816894531,37.44499969482422,29811800.0
2024-12-19,37.47999954223633,38.040000915527344,37.470001220703125,37.6150016784668,27076400.0
2024-12-20,37.400001525878906,38.29999923706055,37.349998474121094,38.21500015258789,25188600.0
2024-12-23,37.80500030517578,38.060001373291016,37.435001373291016,38.029998779296875,20114400.0
2024-12-24,38.029998779296875,38.25,37.915000915527344,38.2400016784668,9010200.0
2024-12-26,38.08000183105469,38.255001068115234,37.994998931884766,38.150001525878906,10114000.0
2024-12-27,37.95000076293945,38.150001525878906,37.79499816894531,38.040000915527344,13805400.0
2024-12-30,37.869998931884766,37.974998474121094,37.53499984741211,37.880001068115234,16870000.0
2024-12-31,37.95500183105469,38.06999969482422,37.665000915527344,37.845001220703125,12605400.0
2025-01-02,38.119998931884766,38.33000183105469,37.86000061035156,38.1349983215332,24103400.0
2025-01-03,38.35499954223633,38.744998931884766,38.189998626708984,38.540000915527344,17767000.0
2025-01-06,38.540000915527344,38.56999969482422,37.98500061035156,38.11000061035156,25623800.0
2025-01-07,38.2400016784668,38.404998779296875,37.915000915527344,38.01499938964844,22856400.0
2025-01-08,37.95000076293945,38.04499816894531,37.380001068115234,38.005001068115234,26845800.0
2025-01-10,38.125,38.41999816894531,37.61000061035156,37.790000915527344,31217000.0
2025-01-13,37.75,37.790000915527344,36.95500183105469,37.349998474121094,24891600.0
2025-01-14,37.494998931884766,37.95500183105469,37.400001525878906,37.84000015258789,19675000.0
2025-01-15,38.5,38.775001525878906,38.35499954223633,38.39500045776367,21360400.0
2025-01-16,38.375,39.380001068115234,38.36000061035156,39.3650016784668,30415000.0
2025-01-17,39.34000015258789,39.599998474121094,39.21500015258789,39.41999816894531,14668800.0
2025-01-21,39.8650016784668,40.220001220703125,39.76499938964844,40.025001525878906,21633400.0
2025-01-22,40.1349983215332,40.1349983215332,39.13999938964844,39.15999984741211,23644800.0
2025-01-23,39.30500030517578,39.630001068115234,39.23500061035156,39.345001220703125,21585000.0
2025-01-24,39.28499984741211,39.86000061035156,39.20000076293945,39.744998931884766,16769600.0
2025-01-27,38.94499969482422,39.040000915527344,37.915000915527344,38.82500076293945,42448200.0
2025-01-28,38.80500030517578,38.80500030517578,37.95000076293945,38.290000915527344,28540200.0
2025-01-29,38.279998779296875,38.810001373291016,38.2400016784668,38.369998931884766,19130800.0
2025-01-30,38.814998626708984,39.22999954223633,38.779998779296875,39.16999816894531,18712600.0
2025-01-31,39.20500183105469,39.2400016784668,38.849998474121094,38.939998626708984,19669600.0
2025-02-03,38.42499923706055,39.29499816894531,38.3650016784668,39.150001525878906,28118800.0
2025-02-04,38.92499923706055,38.9900016784668,38.415000915527344,38.80500030517578,20498200.0
2025-02-05,39.189998626708984,39.459999084472656,38.869998931884766,39.19499969482422,15992600.0
2025-02-06,39.3650016784668,39.3650016784668,38.869998931884766,39.150001525878906,12820800.0
2025-02-07,39.13999938964844,39.415000915527344,39.025001525878906,39.06999969482422,14330400.0
2025-02-10,39.18000030517578,39.5099983215332,38.96500015258789,39.494998931884766,10664200.0
2025-02-11,39.34000015258789,39.71500015258789,39.0099983215332,39.69499969482422,10835600.0
2025-02-12,39.185001373291016,39.720001220703125,39.0099983215332,39.625,14888800.0
2025-02-13,39.70000076293945,39.790000915527344,39.470001220703125,39.71500015258789,17020800.0
2025-02-14,39.69499969482422,40.01499938964844,39.525001525878906,39.54999923706055,13972000.0
2025-02-18,39.71500015258789,39.98500061035156,39.58000183105469,39.91999816894531,15509000.0
2025-02-19,39.875,40.25,39.834999084472656,40.130001068115234,12513200.0
2025-02-20,40.0,40.220001220703125,39.64500045776367,40.125,17390800.0
2025-02-21,40.130001068115234,40.26499938964844,39.939998626708984,40.1349983215332,15547400.0
2025-02-24,40.25,40.255001068115234,39.755001068115234,39.935001373291016,14974000.0
2025-02-25,39.70000076293945,39.814998626708984,39.15999984741211,39.73500061035156,21837800.0
2025-02-26,39.810001373291016,40.25,39.68000030517578,39.900001525878906,15421800.0
2025-02-27,39.790000915527344,39.880001068115234,38.974998474121094,39.01499938964844,25074600.0
2025-02-28,39.27000045776367,39.625,39.060001373291016,39.61000061035156,21770000.0
2025-03-03,39.56999969482422,39.790000915527344,39.400001525878906,39.665000915527344,19276400.0
2025-03-04,39.665000915527344,39.875,38.959999084472656,39.02000045776367,22561800.0
2025-03-05,38.7599983215332,39.02000045776367,38.43000030517578,38.744998931884766,20666800.0
2025-03-06,38.44499969482422,38.47999954223633,37.83000183105469,37.939998626708984,25405800.0
2025-03-07,38.025001525878906,38.814998626708984,37.915000915527344,38.64500045776367,23234400.0
2025-03-10,38.5099983215332,39.185001373291016,38.5099983215332,39.06999969482422,37366000.0
2025-03-11,39.04999923706055,39.20000076293945,38.5,38.70500183105469,32640000.0
2025-03-12,38.70000076293945,38.92499923706055,38.349998474121094,38.584999084472656,17432000.0
2025-03-13,38.71500015258789,38.84000015258789,38.435001373291016,38.68000030517578,16801200.0
2025-03-14,38.79499816894531,39.47999954223633,38.654998779296875,39.435001373291016,18269400.0
2025-03-17,39.42499923706055,39.83000183105469,39.22999954223633,39.599998474121094,19290400.0
2025-03-18,39.3650016784668,39.435001373291016,39.06999969482422,39.32500076293945,19285200.0
2025-03-19,39.345001220703125,39.525001525878906,39.20500183105469,39.470001220703125,16163400.0
2025-03-20,39.474998474121094,39.689998626708984,39.38999938964844,39.630001068115234,16415200.0
2025-03-21,39.474998474121094,39.665000915527344,39.130001068115234,39.375,15627600.0
2025-03-24,39.25,39.560001373291016,39.04999923706055,39.084999084472656,13996800.0
2025-03-25,39.04499816894531,39.05500030517578,38.279998779296875,38.459999084472656,22396000.0
2025-03-26,38.46500015258789,38.80500030517578,38.46500015258789,38.71500015258789,15164000.0
2025-03-27,38.68000030517578,39.025001525878906,38.59000015258789,38.70500183105469,13971800.0
2025-03-28,38.939998626708984,39.23500061035156,38.869998931884766,38.9900016784668,19078600.0
2025-03-31,39.04999923706055,39.584999084472656,39.040000915527344,39.42499923706055,21470000.0
2025-04-01,39.400001525878906,39.63999938964844,39.14500045776367,39.525001525878906,18084800.0
2025-04-02,39.494998931884766,39.79999923706055,39.29499816894531,39.709999084472656,12951200.0
2025-04-03,39.65999984741211,40.10499954223633,39.40999984741211,39.459999084472656,38650200.0
2025-04-04,39.64500045776367,39.64500045776367,37.02000045776367,37.26499938964844,66165400.0
2025-04-07,36.69499969482422,37.81999969482422,35.88999938964844,36.69499969482422,73162600.0
2025-04-08,37.349998474121094,37.6150016784668,36.119998931884766,36.54499816894531,39600400.0
2025-04-09,36.22999954223633,38.084999084472656,35.5099983215332,37.98500061035156,70054800.0
2025-04-10,37.70000076293945,38.13999938964844,36.915000915527344,37.70000076293945,44167800.0
2025-04-11,37.68000030517578,38.290000915527344,37.21500015258789,38.15999984741211,28840000.0
2025-04-14,38.459999084472656,38.970001220703125,38.23500061035156,38.845001220703125,19415600.0
2025-04-15,38.93000030517578,39.185001373291016,38.790000915527344,38.84000015258789,15257200.0
2025-04-16,38.935001373291016,39.084999084472656,38.36000061035156,38.4900016784668,17500800.0
2025-04-17,38.63999938964844,39.375,38.63999938964844,38.8849983215332,18928800.0
2025-04-21,38.709999084472656,38.755001068115234,37.51499938964844,37.96500015258789,20780000.0
2025-04-22,38.369998931884766,39.084999084472656,38.34000015258789,39.0,21700800.0
2025-04-23,39.3849983215332,39.60499954223633,38.810001373291016,39.165000915527344,27903600.0
2025-04-24,39.1349983215332,39.404998779296875,38.85499954223633,39.224998474121094,16828000.0
2025-04-25,39.2599983215332,39.28499984741211,38.93000030517578,39.10499954223633,14074600.0
2025-04-28,39.125,39.42499923706055,38.85499954223633,39.345001220703125,11084800.0
2025-04-29,39.290000915527344,39.71500015258789,39.125,39.650001525878906,13168000.0
2025-04-30,39.494998931884766,39.584999084472656,38.77000045776367,39.45000076293945,18077200.0
2025-05-01,39.69499969482422,40.064998626708984,39.435001373291016,39.564998626708984,17967000.0
2025-05-02,39.709999084472656,39.994998931884766,39.494998931884766,39.875,16074000.0
2025-05-05,39.744998931884766,39.89500045776367,39.3849983215332,39.775001525878906,14895800.0
2025-05-06,39.779998779296875,40.540000915527344,39.744998931884766,40.2599983215332,20635000.0
2025-05-07,40.189998626708984,40.61000061035156,40.04999923706055,40.375,19575000.0
2025-05-08,40.39500045776367,40.494998931884766,39.994998931884766,40.04999923706055,22437800.0
2025-05-09,40.154998779296875,40.165000915527344,39.86000061035156,40.119998931884766,17420400.0
2025-05-12,40.30500030517578,40.40999984741211,39.70000076293945,39.880001068115234,27460200.0
2025-05-13,39.81999969482422,40.1349983215332,39.60499954223633,39.82500076293945,24064000.0
2025-05-14,39.7400016784668,39.755001068115234,39.05500030517578,39.650001525878906,22912600.0
2025-05-15,39.810001373291016,40.60499954223633,39.78499984741211,40.494998931884766,26629200.0
2025-05-16,40.55500030517578,41.10499954223633,40.45500183105469,41.09000015258789,20076800.0
2025-05-19,40.744998931884766,41.28499984741211,40.73500061035156,41.26499938964844,16306400.0
2025-05-20,41.20000076293945,41.525001525878906,41.20000076293945,41.3849983215332,18075200.0
2025-05-21,41.25,41.33000183105469,40.54999923706055,40.630001068115234,22704000.0
2025-05-22,40.28499984741211,40.28499984741211,39.584999084472656,40.04999923706055,30637600.0
2025-05-23,40.31999969482422,40.564998626708984,39.849998474121094,40.529998779296875,21730200.0
2025-05-27,40.845001220703125,40.939998626708984,40.525001525878906,40.834999084472656,18494200.0
2025-05-28,40.810001373291016,40.83000183105469,40.09000015258789,40.26499938964844,20954600.0
2025-05-29,40.28499984741211,40.61000061035156,40.10499954223633,40.54499816894531,20867400.0
2025-05-30,40.46500015258789,41.029998779296875,40.38999938964844,40.959999084472656,20680400.0
2025-06-02,40.78499984741211,41.14500045776367,40.619998931884766,41.09000015258789,26799200.0
2025-06-03,41.584999084472656,41.584999084472656,40.869998931884766,41.20000076293945,28547800.0
2025-06-04,41.130001068115234,41.130001068115234,40.47999954223633,40.47999954223633,33001800.0
2025-06-05,40.595001220703125,40.595001220703125,40.334999084472656,40.415000915527344,21175000.0
2025-06-06,40.619998931884766,40.665000915527344,40.25,40.595001220703125,21267200.0
2025-06-09,40.525001525878906,40.68000030517578,40.27000045776367,40.334999084472656,24866400.0
2025-06-10,40.439998626708984,40.525001525878906,40.130001068115234,40.43000030517578,28052800.0
2025-06-11,40.54999923706055,40.60499954223633,40.32500076293945,40.45500183105469,21394800.0
2025-06-12,40.47999954223633,40.970001220703125,40.459999084472656,40.94499969482422,19568600.0
2025-06-13,40.8849983215332,40.95500183105469,40.59000015258789,40.709999084472656,25325400.0
2025-06-16,40.90999984741211,41.130001068115234,40.314998626708984,40.5099983215332,27266600.0
2025-06-17,40.45000076293945,40.54999923706055,39.88999938964844,40.17499923706055,28335800.0
2025-06-18,40.27000045776367,40.47999954223633,40.06999969482422,40.279998779296875,22324000.0
2025-06-20,40.3650016784668,40.720001220703125,40.334999084472656,40.38999938964844,31688200.0
2025-06-23,40.31999969482422,40.685001373291016,40.23500061035156,40.619998931884766,25573000.0
2025-06-24,40.665000915527344,40.90999984741211,40.595001220703125,40.79499816894531,20389600.0
2025-06-25,40.70000076293945,40.70000076293945,40.17499923706055,40.25,26771800.0
2025-06-26,40.32500076293945,40.60499954223633,40.25,40.584999084472656,18746200.0
2025-06-27,40.689998626708984,40.994998931884766,40.540000915527344,40.665000915527344,25307800.0
2025-06-30,40.470001220703125,40.875,40.34000015258789,40.83000183105469,22018000.0
2025-07-01,40.814998626708984,41.0,40.34000015258789,40.970001220703125,39690200.0
2025-07-02,40.81999969482422,41.005001068115234,40.41999816894531,40.6150016784668,21891000.0
2025-07-03,40.6349983215332,41.084999084472656,40.564998626708984,40.91999816894531,14900200.0
2025-07-07,40.83000183105469,41.03499984741211,40.744998931884766,41.005001068115234,20215600.0
2025-07-08,40.720001220703125,40.720001220703125,40.17499923706055,40.56999969482422,44289800.0
2025-07-09,40.72999954223633,41.029998779296875,40.44499969482422,40.95000076293945,40230400.0
2025-07-10,40.810001373291016,41.3650016784668,40.685001373291016,41.28499984741211,29074000.0
2025-07-11,40.95500183105469,41.3849983215332,40.84000015258789,41.224998474121094,22199800.0
2025-07-14,41.19499969482422,41.525001525878906,40.970001220703125,41.38999938964844,23883400.0
2025-07-15,41.3849983215332,41.3849983215332,40.790000915527344,40.994998931884766,26253000.0
2025-07-16,41.02000045776367,41.18000030517578,40.69499969482422,41.01499938964844,22625000.0
2025-07-17,40.9900016784668,41.310001373291016,40.92499923706055,41.185001373291016,19757000.0
2025-07-18,41.31999969482422,42.02000045776367,41.26499938964844,41.875,28627400.0
2025-07-21,41.97999954223633,42.26499938964844,41.845001220703125,42.0099983215332,19895600.0
2025-07-22,42.16999816894531,42.54999923706055,42.05500030517578,42.525001525878906,23518200.0
2025-07-23,42.904998779296875,43.0099983215332,42.03499984741211,42.20500183105469,40333000.0
2025-07-24,42.2599983215332,42.349998474121094,42.040000915527344,42.150001525878906,22137600.0
2025-07-25,42.21500015258789,42.30500030517578,42.05500030517578,42.2599983215332,16320400.0
2025-07-28,42.255001068115234,42.26499938964844,41.70500183105469,41.810001373291016,22413600.0
2025-07-29,41.970001220703125,42.314998626708984,41.880001068115234,42.290000915527344,18395400.0
2025-07-30,42.415000915527344,42.98500061035156,42.375,42.60499954223633,27424400.0
2025-07-31,42.474998474121094,42.900001525878906,42.439998626708984,42.834999084472656,30179600.0
2025-08-01,42.78499984741211,43.130001068115234,42.45500183105469,42.900001525878906,35852000.0
2025-08-04,43.11000061035156,43.779998779296875,43.02000045776367,43.65999984741211,25730800.0
2025-08-05,43.67499923706055,43.834999084472656,43.064998626708984,43.19499969482422,21454400.0
2025-08-06,43.2599983215332,43.275001525878906,42.775001525878906,42.810001373291016,23020600.0
2025-08-07,42.66999816894531,43.39500045776367,42.59000015258789,43.275001525878906,25702800.0
2025-08-08,43.39500045776367,43.474998474121094,42.98500061035156,43.09000015258789,18445200.0
2025-08-11,43.20000076293945,43.22999954223633,42.744998931884766,42.95500183105469,19548800.0
2025-08-12,43.095001220703125,43.150001525878906,42.755001068115234,43.13999938964844,20756800.0
2025-08-13,43.20000076293945,43.26499938964844,42.834999084472656,43.23500061035156,22425400.0
2025-08-14,43.07500076293945,43.20500183105469,42.88999938964844,42.935001373291016,18747800.0
2025-08-15,42.869998931884766,43.04499816894531,42.54499816894531,42.810001373291016,29576600.0
2025-08-18,42.875,43.03499984741211,42.564998626708984,42.625,16080000.0
2025-08-19,42.63999938964844,43.060001373291016,42.564998626708984,43.040000915527344,16436800.0
2025-08-20,43.11000061035156,43.36000061035156,42.93000030517578,43.084999084472656,20169000.0
2025-08-21,43.09000015258789,43.310001373291016,42.66999816894531,42.790000915527344,16230000.0
2025-08-22,43.084999084472656,43.27000045776367,42.89500045776367,43.02000045776367,19234800.0
2025-08-25,42.875,43.0,42.4900016784668,42.53499984741211,16982200.0
2025-08-26,42.57500076293945,42.724998474121094,42.380001068115234,42.630001068115234,17263000.0
2025-08-27,42.630001068115234,42.7400016784668,42.5099983215332,42.63999938964844,16821400.0
2025-08-28,42.66999816894531,42.685001373291016,42.25,42.314998626708984,16078800.0
2025-08-29,42.290000915527344,42.380001068115234,42.095001220703125,42.15999984741211,19469400.0
2025-09-02,42.0,42.06999969482422,41.755001068115234,42.02000045776367,20655000.0
2025-09-03,41.875,41.994998931884766,41.689998626708984,41.915000915527344,17268000.0
2025-09-04,42.209999084472656,42.31999969482422,41.64500045776367,41.8650016784668,22362200.0
2025-09-05,41.974998474121094,42.07500076293945,41.404998779296875,41.73500061035156,27006800.0
2025-09-08,41.7599983215332,41.779998779296875,41.150001525878906,41.310001373291016,28469400.0
2025-09-09,41.29999923706055,41.73500061035156,41.224998474121094,41.595001220703125,25741400.0
2025-09-10,41.744998931884766,42.380001068115234,41.744998931884766,42.310001373291016,32168800.0
2025-09-11,42.255001068115234,42.564998626708984,42.19499969482422,42.53499984741211,24265200.0
2025-09-12,42.415000915527344,42.875,42.34000015258789,42.75,18727000.0
2025-09-15,42.755001068115234,43.04999923706055,42.755001068115234,42.849998474121094,22818400.0
2025-09-16,42.775001525878906,42.790000915527344,42.04999923706055,42.06999969482422,21652800.0
2025-09-17,42.345001220703125,42.53499984741211,42.09000015258789,42.17499923706055,20168200.0
2025-09-18,42.099998474121094,42.474998474121094,41.90999984741211,42.20500183105469,25303000.0
2025-09-19,42.310001373291016,42.64500045776367,42.084999084472656,42.474998474121094,20974000.0
2025-09-22,42.209999084472656,42.69499969482422,42.11000061035156,42.599998474121094,19477000.0
2025-09-23,42.53499984741211,42.88999938964844,42.45500183105469,42.81999969482422,17900600.0
2025-09-24,42.900001525878906,43.20000076293945,42.775001525878906,43.125,17317600.0
2025-09-25,43.084999084472656,43.17499923706055,42.709999084472656,42.709999084472656,18689600.0
2025-09-26,42.85499954223633,43.41999816894531,42.814998626708984,43.404998779296875,16233800.0
2025-09-29,43.3849983215332,43.599998474121094,43.08000183105469,43.529998779296875,17130800.0
2025-09-30,43.584999084472656,43.775001525878906,43.29499816894531,43.60499954223633,21960000.0
2025-10-01,43.689998626708984,44.119998931884766,43.6349983215332,44.025001525878906,29195400.0
2025-10-02,43.90999984741211,43.959999084472656,43.619998931884766,43.94499969482422,22648600.0
2025-10-03,44.08000183105469,44.8650016784668,44.04499816894531,44.45500183105469,25133200.0
2025-10-06,44.71500015258789,44.935001373291016,44.40999984741211,44.8849983215332,20024200.0
2025-10-07,45.06999969482422,45.28499984741211,44.95000076293945,45.09000015258789,32901800.0
2025-10-08,45.40999984741211,45.46500015258789,45.064998626708984,45.400001525878906,19790400.0
2025-10-09,45.54999923706055,45.685001373291016,45.19499969482422,45.28499984741211,21557400.0
2025-10-10,45.435001373291016,45.685001373291016,45.04999923706055,45.099998474121094,23183800.0
2025-10-13,45.130001068115234,45.654998779296875,45.11000061035156,45.44499969482422,18760600.0
2025-10-14,45.3650016784668,46.0,45.290000915527344,45.849998474121094,17571800.0
2025-10-15,46.05500030517578,46.59000015258789,46.05500030517578,46.45000076293945,19087600.0
2025-10-16,46.59000015258789,46.8849983215332,45.935001373291016,45.94499969482422,29119000.0
2025-10-17,46.029998779296875,46.095001220703125,45.59000015258789,45.78499984741211,21825800.0
2025-10-20,46.1349983215332,46.244998931884766,45.595001220703125,45.77000045776367,25420000.0
2025-10-21,45.814998626708984,45.869998931884766,45.084999084472656,45.30500030517578,22107800.0
2025-10-22,45.404998779296875,45.43000030517578,44.98500061035156,45.20000076293945,19108600.0
2025-10-23,45.494998931884766,45.52000045776367,44.915000915527344,45.165000915527344,16134000.0
2025-10-24,45.42499923706055,45.91999816894531,45.380001068115234,45.69499969482422,21737600.0
2025-10-27,45.69499969482422,45.8650016784668,45.2599983215332,45.81999969482422,16042800.0
2025-10-28,45.98500061035156,45.98500061035156,45.0099983215332,45.064998626708984,20661400.0
2025-10-29,45.060001373291016,45.35499954223633,44.8650016784668,45.04999923706055,24271800.0
2025-10-30,45.0,45.42499923706055,44.845001220703125,44.86000061035156,18870800.0
2025-10-31,44.65999984741211,44.790000915527344,44.314998626708984,44.54999923706055,18434000.0
2025-11-03,44.51499938964844,44.70000076293945,44.05500030517578,44.57500076293945,22339600.0
2025-11-04,44.55500030517578,44.59000015258789,44.224998474121094,44.415000915527344,17156200.0
2025-11-05,44.404998779296875,44.6349983215332,44.220001220703125,44.42499923706055,16858200.0
2025-11-06,44.345001220703125,44.68000030517578,44.209999084472656,44.22999954223633,23668200.0
2025-11-07,44.04999923706055,44.85499954223633,44.04999923706055,44.845001220703125,24337600.0
2025-11-10,44.974998474121094,45.18000030517578,44.44499969482422,44.83000183105469,17947200.0
2025-11-11,44.849998474121094,45.029998779296875,44.60499954223633,44.85499954223633,14435400.0
2025-11-12,44.8849983215332,45.0,44.709999084472656,44.959999084472656,15018400.0
2025-11-13,44.845001220703125,44.845001220703125,44.30500030517578,44.34000015258789,20675400.0
2025-11-14,44.21500015258789,44.720001220703125,44.11000061035156,44.380001068115234,20168200.0
2025-11-17,44.46500015258789,44.93000030517578,44.41999816894531,44.779998779296875,24201400.0
2025-11-18,44.81999969482422,45.03499984741211,44.595001220703125,44.61000061035156,25158800.0
2025-11-19,44.64500045776367,44.77000045776367,44.13999938964844,44.23500061035156,25095600.0
2025-11-20,44.584999084472656,44.86000061035156,43.97999954223633,44.0099983215332,25543200.0
2025-11-21,44.19499969482422,44.25,43.7599983215332,44.07500076293945,28589400.0
2025-11-24,44.13999938964844,44.689998626708984,43.8650016784668,44.57500076293945,23572800.0
2025-11-25,44.689998626708984,44.7599983215332,44.224998474121094,44.404998779296875,22195600.0
2025-11-26,44.64500045776367,45.04999923706055,44.560001373291016,44.994998931884766,16759200.0
2025-11-28,45.06999969482422,45.349998474121094,45.025001525878906,45.314998626708984,7882600.0
2025-12-01,45.060001373291016,45.060001373291016,44.22999954223633,44.255001068115234,26339000.0
2025-12-02,44.459999084472656,44.459999084472656,43.8849983215332,43.939998626708984,17384200.0
2025-12-03,43.974998474121094,44.099998474121094,43.630001068115234,43.79999923706055,21728000.0
2025-12-04,43.775001525878906,44.060001373291016,43.560001373291016,43.709999084472656,15535200.0
2025-12-05,43.720001220703125,43.779998779296875,43.279998779296875,43.29999923706055,13474700.0
2025-12-08,43.380001068115234,43.40999984741211,42.65999984741211,42.720001220703125,21607900.0
2025-12-09,42.95000076293945,43.16999816894531,42.72999954223633,42.75,24347200.0
2025-12-10,42.79999923706055,42.83000183105469,42.41999816894531,42.72999954223633,25940200.0
2025-12-11,42.650001525878906,43.150001525878906,42.650001525878906,43.040000915527344,18703300.0
2025-12-12,43.16999816894531,43.380001068115234,42.77000045776367,42.83000183105469,17179800.0
2025-12-15,43.11000061035156,43.290000915527344,42.83000183105469,43.220001220703125,19176400.0
2025-12-16,43.20000076293945,43.310001373291016,42.779998779296875,43.040000915527344,19067900.0
2025-12-17,43.060001373291016,43.13999938964844,42.540000915527344,42.7599983215332,19444600.0
2025-12-18,43.029998779296875,43.41999816894531,42.970001220703125,43.18000030517578,21935800.0
2025-12-19,43.119998931884766,43.369998931884766,42.599998474121094,42.630001068115234,22612000.0
2025-12-22,42.290000915527344,42.529998779296875,42.029998779296875,42.470001220703125,17894900.0
2025-12-23,42.400001525878906,42.75,42.380001068115234,42.619998931884766,15097300.0
2025-12-24,42.61000061035156,42.86000061035156,42.54999923706055,42.810001373291016,5761000.0
2025-12-26,42.790000915527344,42.869998931884766,42.630001068115234,42.779998779296875,8436700.0
2025-12-29,42.810001373291016,43.11000061035156,42.77000045776367,42.86000061035156,12838700.0
2025-12-30,42.880001068115234,43.040000915527344,42.810001373291016,42.959999084472656,9255300.0
2025-12-31,42.970001220703125,43.0099983215332,42.68000030517578,42.689998626708984,10129000.0
2026-01-02,42.88999938964844,43.38999938964844,42.65999984741211,43.18000030517578,20495400.0
2026-01-05,43.189998626708984,43.290000915527344,42.060001373291016,42.70000076293945,27884400.0
2026-01-06,42.75,42.959999084472656,42.52000045776367,42.90999984741211,21861800.0
2026-01-07,42.95000076293945,42.970001220703125,41.7400016784668,41.869998931884766,27613300.0
2026-01-08,41.81999969482422,42.290000915527344,41.810001373291016,41.9900016784668,22853300.0
2026-01-09,42.52000045776367,42.88999938964844,42.4900016784668,42.5099983215332,21518300.0
2026-01-12,42.380001068115234,42.709999084472656,42.29999923706055,42.58000183105469,16810600.0
2026-01-13,42.619998931884766,42.959999084472656,42.41999816894531,42.849998474121094,22207400.0
2026-01-14,42.810001373291016,43.31999969482422,42.77000045776367,43.16999816894531,21403100.0
2026-01-15,43.31999969482422,43.81999969482422,43.31999969482422,43.61000061035156,21762700.0
2026-01-16,43.16999816894531,43.52000045776367,42.939998626708984,43.38999938964844,27803600.0
2026-01-20,43.119998931884766,43.36000061035156,42.83000183105469,42.959999084472656,25300900.0
2026-01-21,43.310001373291016,43.310001373291016,42.689998626708984,43.02000045776367,33736500.0
2026-01-22,43.20000076293945,43.27000045776367,42.599998474121094,42.709999084472656,26170700.0
2026-01-23,42.709999084472656,42.75,42.29999923706055,42.560001373291016,26527200.0
2026-01-26,42.70000076293945,43.18000030517578,42.65999984741211,42.869998931884766,19254000.0
2026-01-27,42.81999969482422,43.54999923706055,42.599998474121094,43.43000030517578,31070500.0
2026-01-28,43.5,43.66999816894531,43.130001068115234,43.33000183105469,25183600.0
2026-01-29,43.5099983215332,43.77000045776367,43.08000183105469,43.33000183105469,27417900.0
2026-01-30,43.22999954223633,43.380001068115234,42.77000045776367,43.25,27998400.0
2026-02-02,43.29999923706055,43.47999954223633,42.54999923706055,42.619998931884766,32847600.0
2026-02-03,42.65999984741211,43.41999816894531,42.65999984741211,43.2400016784668,35525500.0
2026-02-04,43.470001220703125,43.650001525878906,42.9900016784668,43.08000183105469,30994300.0
2026-02-05,43.220001220703125,43.369998931884766,42.869998931884766,43.099998474121094,31475400.0
2026-02-06,43.4900016784668,43.86000061035156,42.97999954223633,43.349998474121094,30530100.0
2026-02-09,43.369998931884766,43.54999923706055,43.060001373291016,43.47999954223633,21173900.0
2026-02-10,43.75,44.529998779296875,43.560001373291016,44.20000076293945,34683600.0
2026-02-11,44.36000061035156,44.630001068115234,44.13999938964844,44.59000015258789,25614800.0
2026-02-12,44.790000915527344,45.7400016784668,44.7400016784668,45.25,45623300.0
2026-02-13,45.20000076293945,46.599998474121094,45.20000076293945,46.5,42451800.0
2026-02-17,46.79999923706055,47.08000183105469,46.2400016784668,46.380001068115234,32424000.0
2026-02-18,46.61000061035156,46.61000061035156,45.5099983215332,45.61000061035156,32841500.0
2026-02-19,45.779998779296875,46.18000030517578,45.68000030517578,46.11000061035156,24172500.0
2026-02-20,46.29999923706055,46.4900016784668,45.880001068115234,46.33000183105469,22623200.0
2026-02-23,46.470001220703125,46.959999084472656,46.369998931884766,46.68000030517578,33130900.0
2026-02-24,46.63999938964844,47.22999954223633,46.290000915527344,47.20000076293945,29503300.0
2026-02-25,47.209999084472656,47.43000030517578,46.599998474121094,47.36000061035156,22356600.0
2026-02-26,47.27000045776367,47.38999938964844,46.90999984741211,47.18000030517578,30578600.0
2026-02-27,47.20000076293945,47.79999923706055,47.130001068115234,47.72999954223633,39759600.0
2026-03-02,47.40999984741211,47.7400016784668,47.36000061035156,47.369998931884766,33087300.0
2026-03-03,46.70000076293945,47.45000076293945,45.959999084472656,47.06999969482422,60946600.0
2026-03-04,47.09000015258789,47.41999816894531,46.7599983215332,47.27000045776367,24020800.0
2026-03-05,46.95000076293945,47.02000045776367,46.470001220703125,46.900001525878906,29794500.0
2026-03-06,46.630001068115234,46.959999084472656,46.34000015258789,46.7400016784668,25001700.0
2026-03-09,46.560001373291016,46.95000076293945,46.040000915527344,46.849998474121094,27759000.0
2026-03-10,46.63999938964844,47.040000915527344,46.470001220703125,46.560001373291016,24935900.0
2026-03-11,46.5,46.560001373291016,46.0,46.16999816894531,20026100.0
2026-03-12,46.0,47.040000915527344,45.959999084472656,46.5,27419900.0
2026-03-13,46.970001220703125,47.31999969482422,46.86000061035156,46.959999084472656,31521000.0
2026-03-16,47.45000076293945,47.5,46.95000076293945,47.2599983215332,19775400.0
2026-03-17,47.52000045776367,47.63999938964844,47.08000183105469,47.130001068115234,18502300.0
2026-03-18,46.95000076293945,47.150001525878906,46.72999954223633,46.72999954223633,31063500.0
2026-03-19,46.650001525878906,46.900001525878906,46.040000915527344,46.540000915527344,29544000.0
2026-03-20,46.459999084472656,46.65999984741211,44.43000030517578,44.650001525878906,47128300.0
2026-03-23,44.93000030517578,45.189998626708984,44.56999969482422,44.779998779296875,31574300.0
2026-03-24,44.560001373291016,45.540000915527344,44.4900016784668,45.09000015258789,24183800.0
2026-03-25,45.52000045776367,45.650001525878906,45.209999084472656,45.25,22297400.0
2026-03-26,45.2400016784668,45.47999954223633,45.02000045776367,45.33000183105469,19988000.0
2026-03-27,45.369998931884766,46.08000183105469,45.29999923706055,45.59000015258789,26172900.0
2026-03-30,46.16999816894531,46.34000015258789,45.7599983215332,45.91999816894531,28363600.0
2026-03-31,45.849998474121094,45.95000076293945,45.2599983215332,45.88999938964844,42852800.0
2026-04-01,45.779998779296875,46.279998779296875,45.70000076293945,46.11000061035156,31185100.0
2026-04-02,46.040000915527344,46.59000015258789,45.90999984741211,46.34000015258789,17331800.0
2026-04-06,46.150001525878906,46.5,46.09000015258789,46.16999816894531,12939500.0
2026-04-07,46.060001373291016,46.43000030517578,46.040000915527344,46.27000045776367,13657000.0
2026-04-08,46.290000915527344,46.779998779296875,45.97999954223633,46.779998779296875,18879700.0
2026-04-09,46.65999984741211,47.709999084472656,46.619998931884766,47.150001525878906,23274600.0
2026-04-10,47.060001373291016,47.459999084472656,46.869998931884766,46.959999084472656,15052100.0
2026-04-13,46.84000015258789,46.880001068115234,46.119998931884766,46.38999938964844,17795700.0
2026-04-14,46.400001525878906,46.560001373291016,45.900001525878906,46.470001220703125,25118600.0
2026-04-15,46.310001373291016,46.31999969482422,45.880001068115234,46.02000045776367,24843900.0
2026-04-16,46.0,46.369998931884766,45.84000015258789,46.349998474121094,26945000.0
2026-04-17,46.22999954223633,46.279998779296875,45.63999938964844,46.15999984741211,17601500.0
2026-04-20,46.119998931884766,46.34000015258789,45.650001525878906,45.75,14376100.0
2026-04-21,45.90999984741211,45.95000076293945,44.90999984741211,44.95000076293945,19596900.0
2026-04-22,45.34000015258789,45.619998931884766,44.709999084472656,44.869998931884766,21731700.0
2026-04-23,45.369998931884766,46.13999938964844,45.20000076293945,46.09000015258789,23864300.0
2026-04-24,46.029998779296875,46.29999923706055,45.7400016784668,46.18000030517578,24158700.0
2026-04-27,46.369998931884766,46.5,46.16999816894531,46.189998626708984,14543100.0
2026-04-28,46.439998626708984,46.52000045776367,46.040000915527344,46.25,13016000.0
2026-04-29,46.06999969482422,46.27000045776367,45.560001373291016,45.68000030517578,12655100.0
2026-04-30,45.849998474121094,46.88999938964844,45.849998474121094,46.849998474121094,22378500.0
2026-05-01,46.84000015258789,47.29999923706055,46.52000045776367,46.54999923706055,15507000.0
2026-05-04,46.2599983215332,46.849998474121094,46.09000015258789,46.369998931884766,18054200.0
2026-05-05,46.529998779296875,46.81999969482422,46.36000061035156,46.369998931884766,17499600.0
2026-05-06,46.279998779296875,46.380001068115234,45.63999938964844,45.709999084472656,26315500.0
2026-05-07,45.619998931884766,45.68000030517578,45.0,45.119998931884766,23499400.0
2026-05-08,45.36000061035156,45.5099983215332,44.689998626708984,44.720001220703125,18158100.0
2026-05-11,45.099998474121094,45.310001373291016,44.83000183105469,45.13999938964844,22669300.0
2026-05-12,45.060001373291016,45.380001068115234,44.79999923706055,45.189998626708984,28240500.0
2026-05-13,44.79999923706055,44.81999969482422,44.36000061035156,44.66999816894531,27268600.0
2026-05-14,44.630001068115234,44.91999816894531,44.54999923706055,44.900001525878906,18472900.0
2026-05-15,44.709999084472656,44.77000045776367,43.83000183105469,43.869998931884766,21857600.0
2026-05-18,44.06999969482422,44.209999084472656,43.529998779296875,43.939998626708984,31554300.0
2026-05-19,43.81999969482422,44.40999984741211,43.619998931884766,44.34000015258789,22307100.0
2026-05-20,44.65999984741211,44.86000061035156,44.40999984741211,44.5099983215332,17584800.0
2026-05-21,44.54999923706055,45.0099983215332,44.439998626708984,45.0,18781100.0
2026-05-22,45.060001373291016,45.439998626708984,44.91999816894531,45.349998474121094,15187100.0
2026-05-26,45.59000015258789,45.63999938964844,45.33000183105469,45.33000183105469,13738200.0
2026-05-27,45.25,45.369998931884766,44.95000076293945,45.13999938964844,16869400.0
2026-05-28,45.029998779296875,45.27000045776367,44.58000183105469,44.630001068115234,19383000.0
2026-05-29,44.66999816894531,44.720001220703125,44.25,44.41999816894531,23048500.0
2026-06-01,43.900001525878906,43.959999084472656,43.06999969482422,43.099998474121094,31206300.0
2026-06-02,43.209999084472656,43.959999084472656,43.18000030517578,43.900001525878906,27366300.0
2026-06-03,43.959999084472656,44.47999954223633,43.68000030517578,43.709999084472656,21948600.0
2026-06-04,43.869998931884766,44.11000061035156,43.34000015258789,43.939998626708984,18216500.0
2026-06-05,44.040000915527344,44.619998931884766,43.970001220703125,44.349998474121094,21351600.0
2026-06-08,44.31999969482422,44.380001068115234,43.470001220703125,43.52000045776367,20843500.0
2026-06-09,43.63999938964844,44.08000183105469,43.470001220703125,43.97999954223633,20424800.0
2026-06-10,44.220001220703125,44.279998779296875,43.790000915527344,44.0,17778000.0
2026-06-11,44.220001220703125,44.52000045776367,44.0099983215332,44.04999923706055,19146300.0
2026-06-12,44.189998626708984,44.61000061035156,44.189998626708984,44.529998779296875,17942600.0
2026-06-15,44.47999954223633,45.0,44.189998626708984,44.7400016784668,18437600.0
2026-06-16,44.84000015258789,45.5,44.7599983215332,45.060001373291016,16396600.0
2026-06-17,44.81999969482422,45.16999816894531,44.2400016784668,44.459999084472656,22210400.0
2026-06-18,44.599998474121094,45.34000015258789,44.529998779296875,44.7599983215332,36828300.0
2026-06-22,44.47999954223633,44.970001220703125,44.43000030517578,44.720001220703125,21868600.0
2026-06-23,44.75,45.20000076293945,44.459999084472656,45.06999969482422,22295600.0
2026-06-24,45.290000915527344,45.599998474121094,45.09000015258789,45.540000915527344,18884500.0
2026-06-25,45.65999984741211,46.189998626708984,45.5,45.849998474121094,19262800.0
2026-06-26,46.0,46.22999954223633,45.88999938964844,46.20000076293945,19479300.0
2026-06-29,46.20000076293945,46.310001373291016,45.77000045776367,46.02000045776367,17917800.0
2026-06-30,45.86000061035156,45.95000076293945,45.31999969482422,45.34000015258789,18906800.0
2026-07-01,45.2400016784668,45.36000061035156,44.63999938964844,44.77000045776367,29493100.0
2026-07-02,45.029998779296875,45.79999923706055,45.0,45.7599983215332,24327900.0
2026-07-06,45.709999084472656,45.83000183105469,45.11000061035156,45.29999923706055,19176600.0
2026-07-07,45.630001068115234,46.31999969482422,45.529998779296875,45.70000076293945,18962700.0
2026-07-08,45.7400016784668,45.81999969482422,45.310001373291016,45.36000061035156,14863200.0
2026-07-09,45.560001373291016,45.65999984741211,45.040000915527344,45.130001068115234,19667800.0
2026-07-10,45.119998931884766,45.47999954223633,45.09000015258789,45.40999984741211,14050300.0
2026-07-13,45.45000076293945,45.880001068115234,45.43000030517578,45.720001220703125,15732100.0
2026-07-14,45.93000030517578,46.279998779296875,45.560001373291016,45.689998626708984,17386900.0
2026-07-15,45.72999954223633,45.95000076293945,45.16999816894531,45.220001220703125,15909500.0
2026-07-16,45.2400016784668,45.619998931884766,45.119998931884766,45.470001220703125,15615700.0
2026-07-17,45.900001525878906,46.150001525878906,45.060001373291016,45.16999816894531,20924600.0
2026-07-20,45.33000183105469,45.65999984741211,44.810001373291016,44.939998626708984,17830900.0
2026-07-21,44.869998931884766,45.040000915527344,44.63999938964844,44.91999816894531,15891700.0
2026-07-22,45.27000045776367,45.9900016784668,45.209999084472656,45.93000030517578,18366900.0
