Date,Open,High,Low,Close,Volume
2018-07-23,56.064998626708984,56.125,55.709999084472656,56.01499938964844,6738400.0
2018-07-24,56.35499954223633,56.44499969482422,55.720001220703125,55.849998474121094,9651200.0
2018-07-25,55.69499969482422,56.279998779296875,55.529998779296875,56.2599983215332,12540000.0
2018-07-26,56.20000076293945,56.39500045776367,55.845001220703125,55.96500015258789,11604000.0
2018-07-27,56.70500183105469,56.78499984741211,55.56999969482422,55.81999969482422,13097600.0
2018-07-30,55.82500076293945,55.915000915527344,55.220001220703125,55.375,13132400.0
2018-07-31,55.53499984741211,55.8650016784668,55.2400016784668,55.6349983215332,12309400.0
2018-08-01,55.689998626708984,55.7400016784668,55.119998931884766,55.36000061035156,10437200.0
2018-08-02,55.099998474121094,55.779998779296875,55.01499938964844,55.7400016784668,8723000.0
2018-08-03,55.849998474121094,56.005001068115234,55.744998931884766,55.93000030517578,6571800.0
2018-08-06,55.96500015258789,56.3650016784668,55.80500030517578,56.30500030517578,7250600.0
2018-08-07,55.96500015258789,56.650001525878906,55.96500015258789,56.564998626708984,6441000.0
2018-08-08,56.540000915527344,56.71500015258789,56.43000030517578,56.625,5458000.0
2018-08-09,56.60499954223633,57.03499984741211,56.5,56.834999084472656,11075000.0
2018-08-10,56.52000045776367,56.625,56.21500015258789,56.36000061035156,9892400.0
2018-08-13,56.52000045776367,56.56999969482422,56.060001373291016,56.07500076293945,11969400.0
2018-08-14,56.404998779296875,56.70000076293945,56.21500015258789,56.619998931884766,8380600.0
2018-08-15,56.32500076293945,56.32500076293945,55.599998474121094,55.93000030517578,12503600.0
2018-08-16,56.30500030517578,56.47999954223633,56.14500045776367,56.20500183105469,7680200.0
2018-08-17,56.14500045776367,56.35499954223633,55.875,56.255001068115234,6022400.0
2018-08-20,56.44499969482422,56.685001373291016,56.290000915527344,56.654998779296875,13138600.0
2018-08-21,56.81999969482422,57.29499816894531,56.79499816894531,57.10499954223633,8342600.0
2018-08-22,57.11000061035156,57.44499969482422,57.099998474121094,57.165000915527344,5514800.0
2018-08-23,57.209999084472656,57.41999816894531,57.005001068115234,57.11000061035156,7989000.0
2018-08-24,57.220001220703125,57.51499938964844,57.130001068115234,57.44499969482422,10518600.0
2018-08-27,57.72999954223633,57.904998779296875,57.67499923706055,57.814998626708984,6032000.0
2018-08-28,57.96500015258789,58.005001068115234,57.724998474121094,57.93000030517578,7619400.0
2018-08-29,58.084999084472656,58.619998931884766,57.970001220703125,58.58000183105469,16623600.0
2018-08-30,58.48500061035156,58.58000183105469,58.04499816894531,58.244998931884766,8843600.0
2018-08-31,58.20500183105469,58.59000015258789,58.20500183105469,58.474998474121094,8208600.0
2018-09-04,58.415000915527344,58.720001220703125,58.18000030517578,58.584999084472656,8907000.0
2018-09-05,58.540000915527344,58.54999923706055,57.915000915527344,57.95500183105469,14229800.0
2018-09-06,58.11000061035156,58.290000915527344,57.540000915527344,57.79499816894531,11185000.0
2018-09-07,57.525001525878906,58.150001525878906,57.400001525878906,57.790000915527344,8921600.0
2018-09-10,58.185001373291016,58.224998474121094,57.849998474121094,58.005001068115234,8109800.0
2018-09-11,57.880001068115234,58.5099983215332,57.779998779296875,58.470001220703125,9776000.0
2018-09-12,58.47999954223633,58.6150016784668,58.09000015258789,58.58000183105469,9145600.0
2018-09-13,58.79999923706055,58.869998931884766,58.55500030517578,58.68000030517578,9428800.0
2018-09-14,58.68000030517578,58.790000915527344,58.220001220703125,58.459999084472656,6206400.0
2018-09-17,58.375,58.3849983215332,57.685001373291016,57.73500061035156,10358400.0
2018-09-18,57.779998779296875,58.53499984741211,57.775001525878906,58.470001220703125,7336400.0
2018-09-19,58.54499816894531,58.6349983215332,58.25,58.494998931884766,6347400.0
2018-09-20,58.76499938964844,58.98500061035156,58.650001525878906,58.89500045776367,9669600.0
2018-09-21,59.0,59.040000915527344,58.439998626708984,58.459999084472656,16075000.0
2018-09-24,58.26499938964844,58.26499938964844,57.8650016784668,58.08000183105469,9682800.0
2018-09-25,58.220001220703125,58.3650016784668,58.09000015258789,58.32500076293945,8213600.0
2018-09-26,58.310001373291016,58.88999938964844,58.244998931884766,58.459999084472656,13460200.0
2018-09-27,58.470001220703125,58.810001373291016,58.375,58.65999984741211,10619200.0
2018-09-28,58.54999923706055,58.8650016784668,58.54499816894531,58.61000061035156,7007800.0
2018-10-01,58.95500183105469,59.064998626708984,58.43000030517578,58.43000030517578,15697800.0
2018-10-02,58.439998626708984,58.45000076293945,57.625,57.63999938964844,18354000.0
2018-10-03,57.92499923706055,57.974998474121094,57.41999816894531,57.44499969482422,18323200.0
2018-10-04,57.334999084472656,57.400001525878906,56.35499954223633,56.54499816894531,25919800.0
2018-10-05,56.57500076293945,56.79499816894531,55.66999816894531,56.119998931884766,14858600.0
2018-10-08,55.90999984741211,56.48500061035156,55.6349983215332,56.26499938964844,14513000.0
2018-10-09,56.19499969482422,56.82500076293945,56.05500030517578,56.099998474121094,11788200.0
2018-10-10,56.07500076293945,56.07500076293945,54.130001068115234,54.209999084472656,27433200.0
2018-10-11,53.8650016784668,54.6150016784668,52.78499984741211,53.255001068115234,57205800.0
2018-10-12,54.474998474121094,54.61000061035156,53.56999969482422,54.2400016784668,30356400.0
2018-10-15,54.22999954223633,54.56999969482422,53.86000061035156,54.1150016784668,15614600.0
2018-10-16,54.45500183105469,55.314998626708984,54.16999816894531,55.20000076293945,14863200.0
2018-10-17,55.20000076293945,55.20000076293945,54.19499969482422,54.744998931884766,20077400.0
2018-10-18,54.630001068115234,54.685001373291016,53.529998779296875,53.69499969482422,24972600.0
2018-10-19,53.790000915527344,53.994998931884766,52.9900016784668,53.16999816894531,17171800.0
2018-10-22,53.41999816894531,53.65999984741211,53.095001220703125,53.3849983215332,13837600.0
2018-10-23,52.564998626708984,53.595001220703125,52.244998931884766,53.39500045776367,21024000.0
2018-10-24,53.380001068115234,53.685001373291016,51.720001220703125,51.79999923706055,23591000.0
2018-10-25,52.314998626708984,53.654998779296875,52.20000076293945,53.3650016784668,20865600.0
2018-10-26,52.02000045776367,52.5,51.154998779296875,51.70500183105469,36563600.0
2018-10-29,52.25,52.76499938964844,50.494998931884766,51.25,28612600.0
2018-10-30,51.10499954223633,52.07500076293945,50.94499969482422,52.02000045776367,28886600.0
2018-10-31,52.7400016784668,53.2400016784668,52.560001373291016,52.689998626708984,18208600.0
2018-11-01,52.900001525878906,53.82500076293945,52.650001525878906,53.76499938964844,13811600.0
2018-11-02,54.25,54.64500045776367,53.415000915527344,53.98500061035156,15825200.0
2018-11-05,54.025001525878906,54.15999984741211,53.45500183105469,54.060001373291016,9395600.0
2018-11-06,53.98500061035156,54.42499923706055,53.93000030517578,54.29999923706055,9558800.0
2018-11-07,54.849998474121094,55.79499816894531,54.619998931884766,55.77000045776367,12817600.0
2018-11-08,55.540000915527344,56.07500076293945,55.380001068115234,55.78499984741211,8754000.0
2018-11-09,55.54999923706055,55.630001068115234,54.744998931884766,55.0099983215332,10515800.0
2018-11-12,54.88999938964844,55.060001373291016,53.79499816894531,53.904998779296875,12046800.0
2018-11-13,53.9900016784668,54.40999984741211,53.650001525878906,53.880001068115234,15826000.0
2018-11-14,54.39500045776367,54.73500061035156,53.32500076293945,53.474998474121094,16583000.0
2018-11-15,53.029998779296875,53.525001525878906,52.095001220703125,53.39500045776367,21697000.0
2018-11-16,52.8849983215332,53.334999084472656,52.61000061035156,53.185001373291016,11461800.0
2018-11-19,53.060001373291016,53.21500015258789,51.73500061035156,51.8849983215332,13359400.0
2018-11-20,50.279998779296875,51.900001525878906,50.154998779296875,50.709999084472656,23986000.0
2018-11-21,51.20500183105469,51.66999816894531,51.11000061035156,51.2400016784668,17474600.0
2018-11-23,50.970001220703125,51.32500076293945,50.970001220703125,51.0099983215332,5456000.0
2018-11-26,51.654998779296875,52.2400016784668,51.56999969482422,52.154998779296875,11708000.0
2018-11-27,51.970001220703125,52.3650016784668,51.814998626708984,52.310001373291016,12052400.0
2018-11-28,52.60499954223633,53.8650016784668,52.334999084472656,53.85499954223633,12683000.0
2018-11-29,53.790000915527344,53.939998626708984,53.290000915527344,53.60499954223633,9949800.0
2018-11-30,53.584999084472656,54.04999923706055,53.439998626708984,53.994998931884766,11343000.0
2018-12-03,55.10499954223633,55.29999923706055,54.650001525878906,55.005001068115234,11989000.0
2018-12-04,54.84000015258789,55.025001525878906,52.8849983215332,53.025001525878906,19417400.0
2018-12-06,52.064998626708984,53.279998779296875,51.7599983215332,53.279998779296875,22323800.0
2018-12-07,53.040000915527344,53.584999084472656,51.55500030517578,51.685001373291016,18691400.0
2018-12-10,51.630001068115234,51.98500061035156,50.67499923706055,51.724998474121094,19796400.0
2018-12-11,52.494998931884766,52.6349983215332,51.369998931884766,51.744998931884766,15930000.0
2018-12-12,52.29999923706055,52.915000915527344,52.19499969482422,52.290000915527344,14373400.0
2018-12-13,52.5,52.63999938964844,51.755001068115234,52.029998779296875,12216600.0
2018-12-14,51.4900016784668,52.05500030517578,51.0,51.165000915527344,12277200.0
2018-12-17,50.79999923706055,51.025001525878906,49.494998931884766,49.8650016784668,23857400.0
2018-12-18,50.165000915527344,50.76499938964844,49.900001525878906,50.255001068115234,17377800.0
2018-12-19,50.275001525878906,51.165000915527344,48.98500061035156,49.2599983215332,28061600.0
2018-12-20,48.96500015258789,49.19499969482422,47.51499938964844,48.154998779296875,35375200.0
2018-12-21,48.16999816894531,48.88999938964844,46.77000045776367,46.880001068115234,26736200.0
2018-12-24,46.45000076293945,47.07500076293945,45.8650016784668,45.9900016784668,16878000.0
2018-12-26,46.3849983215332,48.72999954223633,46.29499816894531,48.71500015258789,23489800.0
2018-12-27,48.060001373291016,48.974998474121094,47.029998779296875,48.974998474121094,21520000.0
2018-12-28,49.20000076293945,49.7400016784668,48.54999923706055,48.97999954223633,16656400.0
2018-12-31,49.38999938964844,49.70500183105469,49.025001525878906,49.505001068115234,12430600.0
2019-01-02,48.65999984741211,50.15999984741211,48.39500045776367,49.880001068115234,13681600.0
2019-01-03,49.5,49.619998931884766,48.71500015258789,48.79999923706055,12692000.0
2019-01-04,49.459999084472656,50.78499984741211,49.36000061035156,50.415000915527344,14538200.0
2019-01-07,50.654998779296875,51.8849983215332,50.630001068115234,51.55500030517578,12526200.0
2019-01-08,52.09000015258789,52.404998779296875,51.3849983215332,52.125,18782000.0
2019-01-09,52.25,52.619998931884766,51.92499923706055,52.38999938964844,10325200.0
2019-01-10,51.7400016784668,52.30500030517578,51.529998779296875,52.2400016784668,9520000.0
2019-01-11,52.06999969482422,52.459999084472656,51.974998474121094,52.290000915527344,6065200.0
2019-01-14,51.875,52.35499954223633,51.619998931884766,51.970001220703125,5896200.0
2019-01-15,51.97999954223633,52.540000915527344,51.900001525878906,52.439998626708984,7533600.0
2019-01-16,52.459999084472656,52.744998931884766,52.290000915527344,52.31999969482422,8987800.0
2019-01-17,52.05500030517578,52.83000183105469,51.970001220703125,52.67499923706055,8792000.0
2019-01-18,53.20000076293945,53.630001068115234,53.02000045776367,53.404998779296875,11596200.0
2019-01-22,53.165000915527344,53.290000915527344,52.16999816894531,52.60499954223633,18487400.0
2019-01-23,52.834999084472656,53.025001525878906,52.11000061035156,52.709999084472656,12208600.0
2019-01-24,52.744998931884766,52.98500061035156,52.599998474121094,52.93000030517578,7930400.0
2019-01-25,53.470001220703125,53.709999084472656,53.3849983215332,53.51499938964844,8785600.0
2019-01-28,52.9900016784668,53.209999084472656,52.685001373291016,53.20500183105469,11802000.0
2019-01-29,53.060001373291016,53.154998779296875,52.53499984741211,52.86000061035156,5764600.0
2019-01-30,53.279998779296875,54.05500030517578,53.2400016784668,53.900001525878906,11800400.0
2019-01-31,53.97999954223633,54.57500076293945,53.73500061035156,54.38999938964844,11198000.0
2019-02-01,53.92499923706055,54.125,53.47999954223633,53.595001220703125,11272800.0
2019-02-04,53.52000045776367,53.970001220703125,53.44499969482422,53.94499969482422,7209600.0
2019-02-05,54.11000061035156,54.540000915527344,54.11000061035156,54.45000076293945,8324600.0
2019-02-06,54.46500015258789,54.60499954223633,54.0099983215332,54.224998474121094,5831800.0
2019-02-07,53.84000015258789,53.970001220703125,53.334999084472656,53.779998779296875,9042400.0
2019-02-08,53.44499969482422,53.56999969482422,53.18000030517578,53.564998626708984,6646600.0
2019-02-11,53.744998931884766,53.875,53.58000183105469,53.65999984741211,6115800.0
2019-02-12,54.005001068115234,54.54499816894531,53.90999984741211,54.48500061035156,7753400.0
2019-02-13,54.709999084472656,54.974998474121094,54.58000183105469,54.85499954223633,6961200.0
2019-02-14,54.41999816894531,54.95000076293945,54.154998779296875,54.654998779296875,8334600.0
2019-02-15,54.994998931884766,55.14500045776367,54.845001220703125,55.029998779296875,7221000.0
2019-02-19,54.86000061035156,55.41999816894531,54.86000061035156,55.255001068115234,9838800.0
2019-02-20,55.290000915527344,55.494998931884766,54.80500030517578,55.3650016784668,13203400.0
2019-02-21,55.23500061035156,55.41999816894531,55.04499816894531,55.255001068115234,5986800.0
2019-02-22,55.38999938964844,55.58000183105469,55.30500030517578,55.55500030517578,14216600.0
2019-02-25,55.8849983215332,55.95500183105469,55.34000015258789,55.369998931884766,7982800.0
2019-02-26,55.150001525878906,55.525001525878906,55.11000061035156,55.44499969482422,14350400.0
2019-02-27,55.3849983215332,55.564998626708984,55.03499984741211,55.404998779296875,6204400.0
2019-02-28,55.20500183105469,55.2599983215332,54.85499954223633,55.10499954223633,8106800.0
2019-03-01,55.55500030517578,55.775001525878906,55.185001373291016,55.54999923706055,9712000.0
2019-03-04,55.790000915527344,55.8849983215332,54.970001220703125,55.375,11317600.0
2019-03-05,55.56999969482422,55.75,55.43000030517578,55.51499938964844,10298600.0
2019-03-06,55.56999969482422,55.80500030517578,55.22999954223633,55.255001068115234,7539200.0
2019-03-07,55.1349983215332,55.20500183105469,54.40999984741211,54.584999084472656,14152600.0
2019-03-08,54.23500061035156,54.23500061035156,53.83000183105469,54.20500183105469,11613600.0
2019-03-11,54.38999938964844,55.0,54.369998931884766,54.95000076293945,9124400.0
2019-03-12,55.03499984741211,55.185001373291016,54.810001373291016,55.10499954223633,17268000.0
2019-03-13,55.26499938964844,55.625,55.20000076293945,55.29999923706055,9703800.0
2019-03-14,55.224998474121094,55.255001068115234,55.0099983215332,55.1349983215332,9803400.0
2019-03-15,55.220001220703125,55.345001220703125,54.915000915527344,55.29999923706055,10856000.0
2019-03-18,55.32500076293945,55.880001068115234,55.32500076293945,55.834999084472656,10971000.0
2019-03-19,56.029998779296875,56.584999084472656,55.88999938964844,56.1150016784668,14033400.0
2019-03-20,56.084999084472656,56.470001220703125,55.65999984741211,56.19499969482422,19898800.0
2019-03-21,56.119998931884766,57.0099983215332,56.119998931884766,56.96500015258789,11463000.0
2019-03-22,56.61000061035156,56.81999969482422,55.81999969482422,55.834999084472656,17517800.0
2019-03-25,55.71500015258789,56.41999816894531,55.65999984741211,56.165000915527344,14923200.0
2019-03-26,56.4900016784668,56.78499984741211,56.10499954223633,56.404998779296875,10881400.0
2019-03-27,56.45000076293945,56.709999084472656,55.95500183105469,56.290000915527344,8855400.0
2019-03-28,56.494998931884766,56.8650016784668,56.334999084472656,56.630001068115234,13856600.0
2019-03-29,56.915000915527344,57.029998779296875,56.775001525878906,56.92499923706055,9199800.0
2019-04-01,57.3849983215332,57.56999969482422,57.20500183105469,57.54999923706055,9955400.0
2019-04-02,57.540000915527344,57.59000015258789,57.349998474121094,57.540000915527344,7263600.0
2019-04-03,57.875,58.15999984741211,57.70000076293945,57.94499969482422,8422600.0
2019-04-04,57.9900016784668,58.42499923706055,57.9900016784668,58.415000915527344,6147800.0
2019-04-05,58.560001373291016,58.810001373291016,58.40999984741211,58.7599983215332,5893400.0
2019-04-08,58.64500045776367,58.9900016784668,58.57500076293945,58.970001220703125,6462800.0
2019-04-09,58.77000045776367,58.77000045776367,58.34000015258789,58.439998626708984,8912800.0
2019-04-10,58.58000183105469,58.720001220703125,58.30500030517578,58.720001220703125,6813600.0
2019-04-11,58.78499984741211,58.81999969482422,58.6349983215332,58.79499816894531,4330800.0
2019-04-12,59.0,59.26499938964844,58.89500045776367,59.15999984741211,9077600.0
2019-04-15,59.185001373291016,59.310001373291016,58.91999816894531,59.279998779296875,4865400.0
2019-04-16,59.459999084472656,59.625,59.415000915527344,59.540000915527344,6029000.0
2019-04-17,59.709999084472656,59.880001068115234,59.6150016784668,59.654998779296875,5562200.0
2019-04-18,59.779998779296875,59.79499816894531,59.45500183105469,59.6349983215332,6142600.0
2019-04-22,59.42499923706055,59.61000061035156,59.220001220703125,59.40999984741211,5529600.0
2019-04-23,59.595001220703125,60.2400016784668,59.54999923706055,60.119998931884766,8199400.0
2019-04-24,60.1349983215332,60.45000076293945,60.1349983215332,60.17499923706055,4362800.0
2019-04-25,60.125,60.154998779296875,59.61000061035156,59.86000061035156,5640200.0
2019-04-26,60.09000015258789,60.334999084472656,59.709999084472656,60.334999084472656,8473800.0
2019-04-29,60.36000061035156,60.3650016784668,60.025001525878906,60.125,7400000.0
2019-04-30,60.064998626708984,60.084999084472656,59.57500076293945,60.03499984741211,8679600.0
2019-05-01,60.1349983215332,60.13999938964844,59.30500030517578,59.30500030517578,9123000.0
2019-05-02,59.334999084472656,59.59000015258789,58.92499923706055,59.349998474121094,20816600.0
2019-05-03,59.90999984741211,60.165000915527344,59.72999954223633,60.04999923706055,7005800.0
2019-05-06,59.0099983215332,59.78499984741211,58.974998474121094,59.685001373291016,7628000.0
2019-05-07,59.31999969482422,59.44499969482422,58.349998474121094,58.779998779296875,13157000.0
2019-05-08,58.685001373291016,59.150001525878906,58.505001068115234,58.79999923706055,14305400.0
2019-05-09,58.345001220703125,58.7599983215332,57.88999938964844,58.560001373291016,12766000.0
2019-05-10,58.415000915527344,58.900001525878906,57.55500030517578,58.64500045776367,13641600.0
2019-05-13,57.459999084472656,57.59000015258789,56.71500015258789,56.900001525878906,15284200.0
2019-05-14,57.165000915527344,57.755001068115234,56.88999938964844,57.474998474121094,9191800.0
2019-05-15,57.119998931884766,57.97999954223633,57.0099983215332,57.8650016784668,8313600.0
2019-05-16,58.10499954223633,58.744998931884766,58.005001068115234,58.400001525878906,7231800.0
2019-05-17,57.904998779296875,58.689998626708984,57.904998779296875,57.95500183105469,7349000.0
2019-05-20,57.744998931884766,57.744998931884766,57.36000061035156,57.54499816894531,7076800.0
2019-05-21,57.71500015258789,58.095001220703125,57.51499938964844,57.94499969482422,7320600.0
2019-05-22,57.48500061035156,57.935001373291016,57.290000915527344,57.349998474121094,7890800.0
2019-05-23,56.89500045776367,56.93000030517578,56.3650016784668,56.63999938964844,9913000.0
2019-05-24,56.95000076293945,57.04499816894531,56.47999954223633,56.71500015258789,5265000.0
2019-05-28,56.875,57.19499969482422,56.30500030517578,56.34000015258789,8236000.0
2019-05-29,56.029998779296875,56.08000183105469,55.474998474121094,55.84000015258789,9537400.0
2019-05-30,56.025001525878906,56.39500045776367,56.01499938964844,56.20500183105469,7795200.0
2019-05-31,55.5099983215332,55.7400016784668,55.310001373291016,55.470001220703125,8504400.0
2019-06-03,55.334999084472656,55.529998779296875,54.71500015258789,55.005001068115234,16131200.0
2019-06-04,55.5,56.51499938964844,55.02000045776367,56.494998931884766,11479000.0
2019-06-05,56.81999969482422,56.88999938964844,56.21500015258789,56.775001525878906,10517200.0
2019-06-06,56.775001525878906,57.20500183105469,56.540000915527344,57.064998626708984,7319600.0
2019-06-07,57.314998626708984,58.064998626708984,57.224998474121094,57.88999938964844,8089800.0
2019-06-10,58.2599983215332,58.900001525878906,58.220001220703125,58.380001068115234,7459800.0
2019-06-11,58.845001220703125,59.11000061035156,58.36000061035156,58.60499954223633,10059000.0
2019-06-12,58.584999084472656,58.814998626708984,58.459999084472656,58.59000015258789,5585800.0
2019-06-13,58.80500030517578,59.20000076293945,58.77000045776367,59.1150016784668,7692400.0
2019-06-14,59.10499954223633,59.3650016784668,58.98500061035156,59.244998931884766,5094400.0
2019-06-17,59.35499954223633,59.470001220703125,59.20000076293945,59.27000045776367,5364800.0
2019-06-18,59.689998626708984,60.11000061035156,59.529998779296875,59.720001220703125,8797600.0
2019-06-19,59.779998779296875,59.94499969482422,59.375,59.83000183105469,6130600.0
2019-06-20,60.31999969482422,60.39500045776367,59.775001525878906,60.244998931884766,8377200.0
2019-06-21,59.970001220703125,60.130001068115234,59.755001068115234,59.7599983215332,10442400.0
2019-06-24,59.78499984741211,59.86000061035156,59.41999816894531,59.439998626708984,5780400.0
2019-06-25,59.560001373291016,59.64500045776367,58.779998779296875,58.869998931884766,6394200.0
2019-06-26,59.084999084472656,59.29499816894531,58.994998931884766,59.060001373291016,4876200.0
2019-06-27,59.26499938964844,59.494998931884766,59.165000915527344,59.43000030517578,3909000.0
2019-06-28,59.52000045776367,59.724998474121094,59.5,59.599998474121094,13327400.0
2019-07-01,60.35499954223633,60.630001068115234,59.869998931884766,60.125,8289400.0
2019-07-02,60.04999923706055,60.28499984741211,59.814998626708984,60.255001068115234,18017000.0
2019-07-03,60.435001373291016,60.779998779296875,60.31999969482422,60.779998779296875,3619200.0
2019-07-05,60.4900016784668,60.904998779296875,60.32500076293945,60.849998474121094,6755000.0
2019-07-08,60.65999984741211,60.974998474121094,60.599998474121094,60.92499923706055,10149200.0
2019-07-09,60.689998626708984,61.06999969482422,60.625,60.9900016784668,3866600.0
2019-07-10,61.255001068115234,61.29999923706055,60.8849983215332,61.209999084472656,4770000.0
2019-07-11,61.415000915527344,61.529998779296875,61.20000076293945,61.334999084472656,3952400.0
2019-07-12,61.505001068115234,62.05500030517578,61.505001068115234,62.040000915527344,4975200.0
2019-07-15,62.17499923706055,62.27000045776367,61.92499923706055,62.2400016784668,3993200.0
2019-07-16,62.150001525878906,62.29999923706055,61.96500015258789,62.15999984741211,4103400.0
2019-07-17,62.084999084472656,62.17499923706055,61.564998626708984,61.564998626708984,4599200.0
2019-07-18,61.439998626708984,61.60499954223633,61.07500076293945,61.48500061035156,4634400.0
2019-07-19,61.67499923706055,61.7599983215332,61.04499816894531,61.08000183105469,4128200.0
2019-07-22,61.185001373291016,61.28499984741211,60.880001068115234,61.1150016784668,4034000.0
2019-07-23,61.470001220703125,61.529998779296875,61.02000045776367,61.529998779296875,4858200.0
2019-07-24,61.27000045776367,61.845001220703125,61.2599983215332,61.84000015258789,4233400.0
2019-07-25,61.63999938964844,61.81999969482422,61.39500045776367,61.494998931884766,4799000.0
2019-07-26,61.584999084472656,61.82500076293945,61.380001068115234,61.775001525878906,4280400.0
2019-07-29,61.619998931884766,61.724998474121094,61.255001068115234,61.474998474121094,4410800.0
2019-07-30,61.05500030517578,61.2400016784668,60.959999084472656,61.060001373291016,4329000.0
2019-07-31,61.040000915527344,61.06999969482422,59.80500030517578,60.36000061035156,8603400.0
2019-08-01,60.474998474121094,61.06999969482422,59.32500076293945,59.540000915527344,13263600.0
2019-08-02,59.334999084472656,59.41999816894531,58.81999969482422,59.04999923706055,11100400.0
2019-08-05,58.04999923706055,58.05500030517578,57.04499816894531,57.46500015258789,13781600.0
2019-08-06,57.86000061035156,58.415000915527344,57.53499984741211,58.34000015258789,8895600.0
2019-08-07,57.72999954223633,58.650001525878906,57.42499923706055,58.57500076293945,11689800.0
2019-08-08,58.95500183105469,59.71500015258789,58.900001525878906,59.70500183105469,9338400.0
2019-08-09,59.525001525878906,59.65999984741211,58.810001373291016,59.14500045776367,7952800.0
2019-08-12,58.7400016784668,58.775001525878906,58.040000915527344,58.28499984741211,6402600.0
2019-08-13,58.20000076293945,59.75,58.005001068115234,59.244998931884766,9262600.0
2019-08-14,58.22999954223633,58.32500076293945,57.36000061035156,57.38999938964844,12812400.0
2019-08-15,57.7400016784668,57.82500076293945,56.814998626708984,57.29499816894531,10104000.0
2019-08-16,57.709999084472656,58.060001373291016,57.540000915527344,57.94499969482422,7960600.0
2019-08-19,58.7400016784668,58.88999938964844,58.494998931884766,58.67499923706055,6224400.0
2019-08-20,58.665000915527344,59.060001373291016,58.560001373291016,58.689998626708984,6534200.0
2019-08-21,59.66999816894531,59.81999969482422,59.529998779296875,59.81999969482422,9338000.0
2019-08-22,59.970001220703125,60.130001068115234,59.42499923706055,59.834999084472656,5904200.0
2019-08-23,59.375,59.67499923706055,58.0,58.244998931884766,15269800.0
2019-08-26,58.685001373291016,58.82500076293945,58.26499938964844,58.81999969482422,6904800.0
2019-08-27,59.04999923706055,59.1349983215332,58.44499969482422,58.529998779296875,6696200.0
2019-08-28,58.45000076293945,59.30500030517578,58.29999923706055,59.2599983215332,7782400.0
2019-08-29,59.939998626708984,60.27000045776367,59.755001068115234,60.150001525878906,5874600.0
2019-08-30,60.279998779296875,60.404998779296875,59.65999984741211,59.790000915527344,6814800.0
2019-09-03,59.505001068115234,59.915000915527344,59.290000915527344,59.54499816894531,8645000.0
2019-09-04,59.849998474121094,60.189998626708984,59.59000015258789,60.1349983215332,8345000.0
2019-09-05,60.70000076293945,61.345001220703125,60.70000076293945,61.28499984741211,7343200.0
2019-09-06,61.36000061035156,61.59000015258789,61.22999954223633,61.435001373291016,6986800.0
2019-09-09,61.64500045776367,61.83000183105469,61.439998626708984,61.66999816894531,6518600.0
2019-09-10,61.39500045776367,61.474998474121094,60.810001373291016,61.42499923706055,7301200.0
2019-09-11,61.40999984741211,61.665000915527344,61.13999938964844,61.540000915527344,6817800.0
2019-09-12,61.834999084472656,62.19499969482422,61.685001373291016,61.834999084472656,6686400.0
2019-09-13,61.9900016784668,62.07500076293945,61.65999984741211,61.709999084472656,4029400.0
2019-09-16,61.30500030517578,61.35499954223633,60.85499954223633,60.91999816894531,6802600.0
2019-09-17,60.814998626708984,61.310001373291016,60.654998779296875,61.290000915527344,4488400.0
2019-09-18,61.189998626708984,61.34000015258789,60.665000915527344,61.2599983215332,5939200.0
2019-09-19,61.38999938964844,61.46500015258789,61.06999969482422,61.095001220703125,4519200.0
2019-09-20,61.0099983215332,61.165000915527344,60.189998626708984,60.19499969482422,7540600.0
2019-09-23,60.03499984741211,60.58000183105469,59.95500183105469,60.404998779296875,4475000.0
2019-09-24,60.71500015258789,60.88999938964844,59.619998931884766,59.7599983215332,10708800.0
2019-09-25,60.0,60.39500045776367,59.529998779296875,60.30500030517578,6508800.0
2019-09-26,60.29999923706055,60.44499969482422,59.77000045776367,60.04499816894531,6040800.0
2019-09-27,60.2400016784668,60.275001525878906,59.51499938964844,59.834999084472656,7114000.0
2019-09-30,59.959999084472656,60.43000030517578,59.935001373291016,60.349998474121094,4988400.0
2019-10-01,60.4900016784668,60.71500015258789,59.82500076293945,59.845001220703125,7271600.0
2019-10-02,59.5,59.5,58.474998474121094,58.77000045776367,11009000.0
2019-10-03,58.69499969482422,59.060001373291016,57.97999954223633,59.05500030517578,14463200.0
2019-10-04,59.19499969482422,59.650001525878906,59.125,59.61000061035156,6374000.0
2019-10-07,59.44499969482422,59.72999954223633,59.189998626708984,59.349998474121094,5521200.0
2019-10-08,58.900001525878906,59.369998931884766,58.71500015258789,58.724998474121094,5886200.0
2019-10-09,59.13999938964844,59.435001373291016,58.96500015258789,59.224998474121094,6094600.0
2019-10-10,59.279998779296875,59.82500076293945,59.2400016784668,59.619998931884766,6548600.0
2019-10-11,60.23500061035156,60.81999969482422,60.224998474121094,60.29499816894531,10630800.0
2019-10-14,60.22999954223633,60.3849983215332,60.10499954223633,60.26499938964844,3151000.0
2019-10-15,60.459999084472656,60.935001373291016,60.41999816894531,60.79499816894531,5111000.0
2019-10-16,60.810001373291016,61.10499954223633,60.78499984741211,61.04499816894531,6145600.0
2019-10-17,61.369998931884766,61.45500183105469,61.09000015258789,61.20500183105469,4612000.0
2019-10-18,61.04999923706055,61.28499984741211,60.834999084472656,61.084999084472656,4069600.0
2019-10-21,61.39500045776367,61.57500076293945,61.130001068115234,61.29999923706055,4506200.0
2019-10-22,61.23500061035156,61.25,60.8849983215332,60.90999984741211,5203600.0
2019-10-23,60.84000015258789,60.84000015258789,60.18000030517578,60.630001068115234,3773800.0
2019-10-24,60.7400016784668,60.79499816894531,60.43000030517578,60.599998474121094,4405200.0
2019-10-25,59.86000061035156,60.720001220703125,59.720001220703125,60.529998779296875,5472600.0
2019-10-28,60.685001373291016,60.875,60.595001220703125,60.720001220703125,3823400.0
2019-10-29,60.72999954223633,60.76499938964844,60.35499954223633,60.375,4341400.0
2019-10-30,60.34000015258789,60.755001068115234,60.09000015258789,60.75,5615400.0
2019-10-31,60.744998931884766,60.82500076293945,60.14500045776367,60.42499923706055,6074000.0
2019-11-01,60.73500061035156,60.845001220703125,60.599998474121094,60.82500076293945,6429600.0
2019-11-04,61.005001068115234,61.084999084472656,60.75,60.85499954223633,9531800.0
2019-11-05,60.90999984741211,61.08000183105469,60.70000076293945,60.94499969482422,4309000.0
2019-11-06,61.01499938964844,61.025001525878906,60.72999954223633,61.0099983215332,7188600.0
2019-11-07,61.14500045776367,61.21500015258789,60.57500076293945,60.64500045776367,7665400.0
2019-11-08,60.75,60.77000045776367,60.43000030517578,60.66999816894531,4146000.0
2019-11-11,60.400001525878906,60.564998626708984,60.32500076293945,60.54499816894531,3725400.0
2019-11-12,60.59000015258789,60.814998626708984,60.380001068115234,60.505001068115234,4389000.0
2019-11-13,60.349998474121094,60.459999084472656,60.15999984741211,60.314998626708984,4692600.0
2019-11-14,60.36000061035156,60.66999816894531,60.275001525878906,60.57500076293945,3960200.0
2019-11-15,60.8650016784668,60.91999816894531,60.54999923706055,60.685001373291016,4240000.0
2019-11-18,60.70000076293945,60.900001525878906,60.525001525878906,60.89500045776367,4687400.0
2019-11-19,60.68000030517578,60.71500015258789,60.07500076293945,60.224998474121094,6033800.0
2019-11-20,60.38999938964844,60.48500061035156,59.79999923706055,60.084999084472656,8562600.0
2019-11-21,60.1349983215332,60.244998931884766,59.720001220703125,59.744998931884766,4877400.0
2019-11-22,59.97999954223633,60.17499923706055,59.86000061035156,60.154998779296875,4476000.0
2019-11-25,60.43000030517578,60.69499969482422,60.3849983215332,60.685001373291016,7334000.0
2019-11-26,60.665000915527344,61.13999938964844,60.6150016784668,61.099998474121094,7252200.0
2019-11-27,61.290000915527344,61.650001525878906,61.21500015258789,61.625,8426000.0
2019-11-29,61.665000915527344,61.69499969482422,61.15999984741211,61.224998474121094,3510200.0
2019-12-02,61.27000045776367,61.33000183105469,60.595001220703125,60.720001220703125,7083400.0
2019-12-03,60.18000030517578,60.209999084472656,59.775001525878906,60.11000061035156,8946200.0
2019-12-04,60.345001220703125,60.65999984741211,60.314998626708984,60.44499969482422,5658200.0
2019-12-05,60.66999816894531,60.66999816894531,60.255001068115234,60.3849983215332,4704600.0
2019-12-06,60.83000183105469,61.02000045776367,60.82500076293945,60.869998931884766,5031000.0
2019-12-09,60.82500076293945,61.165000915527344,60.75,60.94499969482422,3577600.0
2019-12-10,60.96500015258789,61.08000183105469,60.755001068115234,60.84000015258789,4360000.0
2019-12-11,60.79499816894531,61.029998779296875,60.68000030517578,60.994998931884766,4099400.0
2019-12-12,61.10499954223633,61.68000030517578,61.029998779296875,61.529998779296875,9226200.0
2019-12-13,61.525001525878906,61.689998626708984,61.27000045776367,61.584999084472656,7124800.0
2019-12-16,61.904998779296875,62.0,61.755001068115234,61.85499954223633,7293600.0
2019-12-17,61.959999084472656,62.209999084472656,61.935001373291016,62.130001068115234,6819000.0
2019-12-18,62.29999923706055,62.35499954223633,62.07500076293945,62.189998626708984,5278200.0
2019-12-19,62.14500045776367,62.435001373291016,62.060001373291016,62.3849983215332,6493000.0
2019-12-20,62.415000915527344,62.415000915527344,62.20000076293945,62.275001525878906,6673600.0
2019-12-23,62.40999984741211,62.41999816894531,62.130001068115234,62.130001068115234,6328400.0
2019-12-24,62.21500015258789,62.345001220703125,62.130001068115234,62.27000045776367,3296200.0
2019-12-26,62.45500183105469,63.029998779296875,62.38999938964844,63.029998779296875,5035800.0
2019-12-27,63.23500061035156,63.3650016784668,62.94499969482422,63.025001525878906,5917400.0
2019-12-30,63.08000183105469,63.150001525878906,62.48500061035156,62.619998931884766,6677400.0
2019-12-31,62.51499938964844,62.7400016784668,62.42499923706055,62.709999084472656,3567400.0
2020-01-02,63.10499954223633,63.45500183105469,62.86000061035156,63.45500183105469,12591000.0
2020-01-03,62.650001525878906,63.099998474121094,62.61000061035156,62.915000915527344,11192800.0
2020-01-06,62.45500183105469,63.10499954223633,62.375,63.09000015258789,12823200.0
2020-01-07,63.04999923706055,63.1349983215332,62.724998474121094,62.9900016784668,18301600.0
2020-01-08,62.935001373291016,63.525001525878906,62.875,63.18000030517578,9451800.0
2020-01-09,63.51499938964844,63.744998931884766,63.35499954223633,63.51499938964844,7643000.0
2020-01-10,63.595001220703125,63.595001220703125,63.10499954223633,63.16999816894531,7407000.0
2020-01-13,63.29999923706055,63.470001220703125,63.119998931884766,63.369998931884766,6449200.0
2020-01-14,63.27000045776367,63.55500030517578,63.16999816894531,63.349998474121094,8681200.0
2020-01-15,63.17499923706055,63.42499923706055,63.04999923706055,63.20500183105469,6523800.0
2020-01-16,63.56999969482422,63.779998779296875,63.51499938964844,63.77000045776367,8699000.0
2020-01-17,63.939998626708984,64.08499908447266,63.8650016784668,63.994998931884766,13473200.0
2020-01-21,63.66999816894531,63.89500045776367,63.459999084472656,63.79999923706055,8003800.0
2020-01-22,64.03500366210938,64.26499938964844,63.71500015258789,63.77000045776367,7930200.0
2020-01-23,63.44499969482422,63.94499969482422,63.119998931884766,63.8650016784668,7991800.0
2020-01-24,63.9900016784668,64.0250015258789,62.70000076293945,62.974998474121094,11381800.0
2020-01-27,61.6150016784668,62.35499954223633,61.494998931884766,62.03499984741211,15754200.0
2020-01-28,62.334999084472656,62.875,62.095001220703125,62.63999938964844,11815400.0
2020-01-29,62.845001220703125,63.09000015258789,62.560001373291016,62.60499954223633,5860000.0
2020-01-30,62.1150016784668,62.564998626708984,61.9900016784668,62.5,10461000.0
2020-01-31,63.779998779296875,63.8650016784668,62.529998779296875,62.65999984741211,16844000.0
2020-02-03,63.0099983215332,63.8849983215332,63.005001068115234,63.10499954223633,16019000.0
2020-02-04,64.02999877929688,64.47000122070312,63.8849983215332,64.25499725341797,16697200.0
2020-02-05,64.68000030517578,64.76000213623047,64.12999725341797,64.58000183105469,13354000.0
2020-02-06,64.7249984741211,64.73999786376953,64.43499755859375,64.43499755859375,11039800.0
2020-02-07,64.1449966430664,64.45999908447266,63.89500045776367,64.15499877929688,7267600.0
2020-02-10,64.1050033569336,64.88500213623047,64.1050033569336,64.87999725341797,5867200.0
2020-02-11,65.1449966430664,65.66999816894531,64.98500061035156,65.38999938964844,11015800.0
2020-02-12,65.71499633789062,66.09500122070312,65.70500183105469,66.05999755859375,7810600.0
2020-02-13,65.80000305175781,66.19000244140625,65.61499786376953,65.94499969482422,7106800.0
2020-02-14,66.06999969482422,66.1500015258789,65.66500091552734,65.84500122070312,4959600.0
2020-02-18,65.75,66.05500030517578,65.4749984741211,65.83999633789062,6740200.0
2020-02-19,66.07499694824219,66.36499786376953,66.04000091552734,66.13500213623047,4636200.0
2020-02-20,66.08000183105469,66.33999633789062,65.34500122070312,66.16000366210938,10832800.0
2020-02-21,65.87000274658203,65.94000244140625,64.9800033569336,65.1500015258789,12322600.0
2020-02-24,62.939998626708984,63.52000045776367,62.599998474121094,62.90999984741211,17507200.0
2020-02-25,63.459999084472656,63.595001220703125,61.084999084472656,61.22999954223633,29219600.0
2020-02-26,61.595001220703125,62.165000915527344,60.59000015258789,60.744998931884766,24720800.0
2020-02-27,59.5,60.7400016784668,58.2599983215332,58.290000915527344,35433800.0
2020-02-28,56.400001525878906,58.0,56.26499938964844,57.915000915527344,41232200.0
2020-03-02,58.09000015258789,59.90999984741211,57.275001525878906,59.904998779296875,19022400.0
2020-03-03,60.08000183105469,60.869998931884766,57.900001525878906,58.45500183105469,29548600.0
2020-03-04,59.369998931884766,60.525001525878906,58.724998474121094,60.474998474121094,14684400.0
2020-03-05,59.029998779296875,59.415000915527344,57.77000045776367,58.220001220703125,14599600.0
2020-03-06,56.44499969482422,57.6349983215332,56.084999084472656,57.32500076293945,16655000.0
2020-03-09,53.040000915527344,55.349998474121094,51.75,53.71500015258789,16829800.0
2020-03-10,55.60499954223633,56.685001373291016,53.685001373291016,56.685001373291016,21939200.0
2020-03-11,55.1349983215332,55.40999984741211,53.06999969482422,53.584999084472656,15254600.0
2020-03-12,49.53499984741211,51.334999084472656,47.625,48.16999816894531,19961600.0
2020-03-13,50.79999923706055,51.185001373291016,47.98500061035156,51.150001525878906,16073800.0
2020-03-16,45.525001525878906,47.92499923706055,44.31999969482422,44.66999816894531,16817800.0
2020-03-17,45.66999816894531,47.3650016784668,43.125,46.38999938964844,27134000.0
2020-03-18,43.40999984741211,44.560001373291016,40.869998931884766,43.724998474121094,27657600.0
2020-03-19,43.540000915527344,46.529998779296875,42.095001220703125,45.25,14884200.0
2020-03-20,45.779998779296875,47.23500061035156,43.83000183105469,43.904998779296875,25783200.0
2020-03-23,43.43000030517578,44.654998779296875,42.33000183105469,43.76499938964844,15308400.0
2020-03-24,46.16999816894531,47.95000076293945,45.974998474121094,47.869998931884766,20747400.0
2020-03-25,48.720001220703125,50.53499984741211,47.51499938964844,48.709999084472656,19997800.0
2020-03-26,49.2400016784668,51.04999923706055,49.005001068115234,50.724998474121094,12991000.0
2020-03-27,49.18000030517578,50.31999969482422,48.44499969482422,49.025001525878906,10262200.0
2020-03-30,49.31999969482422,50.244998931884766,48.46500015258789,50.04999923706055,13320600.0
2020-03-31,49.6150016784668,50.345001220703125,48.90999984741211,49.040000915527344,10304400.0
2020-04-01,47.17499923706055,47.974998474121094,46.435001373291016,46.849998474121094,13516400.0
2020-04-02,46.57500076293945,47.7400016784668,45.9900016784668,47.025001525878906,11997600.0
2020-04-03,46.7400016784668,46.974998474121094,45.6150016784668,46.20500183105469,10359400.0
2020-04-06,47.89500045776367,50.314998626708984,47.89500045776367,50.04999923706055,10607800.0
2020-04-07,52.3650016784668,52.755001068115234,50.685001373291016,50.79499816894531,14018200.0
2020-04-08,51.415000915527344,52.60499954223633,51.04499816894531,52.39500045776367,8331000.0
2020-04-09,53.150001525878906,54.220001220703125,52.82500076293945,53.34000015258789,10645800.0
2020-04-13,53.130001068115234,53.525001525878906,52.32500076293945,53.32500076293945,6823400.0
2020-04-14,54.439998626708984,55.51499938964844,54.185001373291016,55.40999984741211,11489200.0
2020-04-15,54.03499984741211,54.56999969482422,53.540000915527344,54.19499969482422,7617600.0
2020-04-16,54.41999816894531,55.5,53.900001525878906,54.845001220703125,9218400.0
2020-04-17,56.18000030517578,56.599998474121094,55.48500061035156,56.46500015258789,8767000.0
2020-04-20,55.849998474121094,56.595001220703125,55.3849983215332,55.47999954223633,6826200.0
2020-04-21,54.55500030517578,54.915000915527344,53.619998931884766,54.040000915527344,8655800.0
2020-04-22,55.04499816894531,55.59000015258789,54.73500061035156,55.20500183105469,6771200.0
2020-04-23,55.47999954223633,56.0099983215332,54.9900016784668,55.189998626708984,8259200.0
2020-04-24,55.7599983215332,56.375,55.25,56.125,5829000.0
2020-04-27,56.70000076293945,57.54499816894531,56.64500045776367,57.17499923706055,8239400.0
2020-04-28,58.244998931884766,58.45000076293945,57.11000061035156,57.400001525878906,9458800.0
2020-04-29,58.51499938964844,59.10499954223633,58.189998626708984,58.665000915527344,9997600.0
2020-04-30,58.2400016784668,58.650001525878906,57.70000076293945,58.29999923706055,10106400.0
2020-05-01,56.5099983215332,56.970001220703125,55.685001373291016,56.119998931884766,12553200.0
2020-05-04,55.380001068115234,56.45000076293945,55.060001373291016,56.42499923706055,9213600.0
2020-05-05,57.17499923706055,57.345001220703125,56.5099983215332,56.630001068115234,9093600.0
2020-05-06,57.0,57.2400016784668,56.540000915527344,56.619998931884766,7810000.0
2020-05-07,57.32500076293945,57.79499816894531,57.29999923706055,57.5099983215332,10667200.0
2020-05-08,58.244998931884766,58.685001373291016,57.92499923706055,58.630001068115234,7872400.0
2020-05-11,58.119998931884766,58.97999954223633,58.040000915527344,58.5,8086600.0
2020-05-12,58.75,58.8849983215332,57.189998626708984,57.220001220703125,11944800.0
2020-05-13,57.1349983215332,57.459999084472656,55.67499923706055,56.23500061035156,13362200.0
2020-05-14,55.54499816894531,57.099998474121094,55.029998779296875,57.07500076293945,11436400.0
2020-05-15,56.61000061035156,57.75,56.41999816894531,57.7400016784668,12556600.0
2020-05-18,59.31999969482422,60.20000076293945,59.2599983215332,59.92499923706055,10233600.0
2020-05-19,59.79499816894531,60.70500183105469,59.564998626708984,59.709999084472656,10513600.0
2020-05-20,60.69499969482422,60.709999084472656,60.1150016784668,60.4900016784668,7708200.0
2020-05-21,60.63999938964844,61.03499984741211,59.970001220703125,60.70500183105469,9117200.0
2020-05-22,60.68000030517578,60.779998779296875,60.150001525878906,60.6150016784668,7642000.0
2020-05-26,62.220001220703125,62.375,61.48500061035156,61.57500076293945,9128400.0
2020-05-27,62.310001373291016,62.63999938964844,61.04999923706055,62.630001068115234,11531200.0
2020-05-28,62.814998626708984,63.040000915527344,61.70500183105469,61.869998931884766,7293200.0
2020-05-29,61.849998474121094,62.31999969482422,61.375,62.095001220703125,13016000.0
2020-06-01,62.16999816894531,62.90999984741211,62.119998931884766,62.685001373291016,6662600.0
2020-06-02,62.96500015258789,63.220001220703125,62.63999938964844,63.220001220703125,8453400.0
2020-06-03,63.529998779296875,64.61499786376953,63.529998779296875,64.41500091552734,11061600.0
2020-06-04,64.26499938964844,64.65499877929688,63.75,64.08999633789062,9971400.0
2020-06-05,65.61499786376953,65.99500274658203,65.29000091552734,65.625,11689200.0
2020-06-08,66.00499725341797,66.6500015258789,66.00499725341797,66.625,7005000.0
2020-06-09,66.04000091552734,66.4749984741211,65.62000274658203,66.1050033569336,8689600.0
2020-06-10,66.36499786376953,66.375,65.41500091552734,65.48500061035156,7783800.0
2020-06-11,63.3849983215332,64.33000183105469,61.904998779296875,62.05500030517578,13735200.0
2020-06-12,63.720001220703125,63.939998626708984,61.400001525878906,62.66999816894531,11989400.0
2020-06-15,61.29499816894531,63.46500015258789,60.959999084472656,63.26499938964844,9993000.0
2020-06-16,65.19000244140625,65.2699966430664,63.29499816894531,64.59500122070312,10166800.0
2020-06-17,64.86499786376953,65.08499908447266,64.26499938964844,64.42500305175781,6349800.0
2020-06-18,64.17500305175781,64.53500366210938,63.900001525878906,64.19000244140625,5533600.0
2020-06-19,64.99500274658203,65.12000274658203,63.48500061035156,63.689998626708984,13384000.0
2020-06-22,63.435001373291016,64.25,63.150001525878906,64.19499969482422,5675800.0
2020-06-23,64.88500213623047,65.1050033569336,64.50499725341797,64.69999694824219,7347200.0
2020-06-24,64.31500244140625,64.54499816894531,62.4900016784668,63.275001525878906,11962600.0
2020-06-25,63.0099983215332,63.43000030517578,62.3849983215332,63.36000061035156,9769200.0
2020-06-26,63.34000015258789,63.474998474121094,61.77000045776367,61.875,11496400.0
2020-06-29,62.150001525878906,63.099998474121094,61.46500015258789,63.04999923706055,7822600.0
2020-06-30,63.0,64.1449966430664,62.80500030517578,63.85499954223633,6729800.0
2020-07-01,63.94499969482422,64.76499938964844,63.89500045776367,64.5,11172600.0
2020-07-02,65.47000122070312,65.82499694824219,64.58999633789062,64.75499725341797,7328600.0
2020-07-06,65.72000122070312,66.31999969482422,65.55500030517578,66.29000091552734,7115800.0
2020-07-07,65.9800033569336,66.19000244140625,65.13999938964844,65.25,6893200.0
2020-07-08,65.36499786376953,65.95999908447266,65.05999755859375,65.94499969482422,5479800.0
2020-07-09,66.17500305175781,66.22000122070312,64.80999755859375,65.87000274658203,6224800.0
2020-07-10,65.91000366210938,66.70500183105469,65.4749984741211,66.65499877929688,12912400.0
2020-07-13,67.25499725341797,68.25,65.625,65.80999755859375,13282600.0
2020-07-14,65.48500061035156,66.50499725341797,64.71499633789062,66.46499633789062,11473800.0
2020-07-15,67.4000015258789,67.61499786376953,66.45999908447266,67.41500091552734,7505800.0
2020-07-16,66.87000274658203,67.42500305175781,66.63999938964844,67.23500061035156,6049400.0
2020-07-17,67.49500274658203,67.49500274658203,66.68000030517578,66.91999816894531,6189200.0
2020-07-20,66.97000122070312,68.16500091552734,66.80500030517578,67.98999786376953,5471600.0
2020-07-21,68.5199966430664,68.61499786376953,67.84500122070312,68.09500122070312,5315800.0
2020-07-22,67.9800033569336,68.72000122070312,67.91500091552734,68.68000030517578,5321000.0
2020-07-23,68.75499725341797,68.75499725341797,67.18499755859375,67.6500015258789,6867600.0
2020-07-24,67.2699966430664,68.06500244140625,66.93499755859375,67.7699966430664,6287200.0
2020-07-27,68.05999755859375,68.34500122070312,67.69999694824219,68.19000244140625,4899400.0
2020-07-28,68.05500030517578,68.33000183105469,67.41500091552734,67.51499938964844,5119600.0
2020-07-29,67.95999908447266,68.34500122070312,67.8550033569336,68.19999694824219,4495000.0
2020-07-30,67.70999908447266,68.4749984741211,67.31500244140625,68.1449966430664,7940800.0
2020-07-31,68.98500061035156,69.1050033569336,67.74500274658203,68.5,7671000.0
2020-08-03,68.72000122070312,68.73999786376953,68.2699966430664,68.3550033569336,5588800.0
2020-08-04,68.22000122070312,68.92500305175781,68.20999908447266,68.90499877929688,5340200.0
2020-08-05,69.17500305175781,69.77999877929688,69.06500244140625,69.74500274658203,6536800.0
2020-08-06,69.49500274658203,70.23500061035156,69.3949966430664,70.08499908447266,4312200.0
2020-08-07,70.08999633789062,70.4000015258789,69.68000030517578,70.19000244140625,5953000.0
2020-08-10,70.44000244140625,71.11000061035156,70.33000183105469,71.02999877929688,4560400.0
2020-08-11,71.43499755859375,71.83499908447266,70.7249984741211,70.88999938964844,7093600.0
2020-08-12,71.58999633789062,71.9800033569336,71.31500244140625,71.83000183105469,7630800.0
2020-08-13,71.76499938964844,72.2300033569336,71.6500015258789,71.80000305175781,4742800.0
2020-08-14,71.80000305175781,71.95500183105469,71.48500061035156,71.79499816894531,3374000.0
2020-08-17,72.38500213623047,72.80999755859375,72.06999969482422,72.72000122070312,3218000.0
2020-08-18,73.0,73.33000183105469,72.45500183105469,73.16999816894531,5175400.0
2020-08-19,73.45500183105469,73.4749984741211,72.72000122070312,72.82499694824219,5310400.0
2020-08-20,72.38500213623047,72.92500305175781,72.19999694824219,72.71499633789062,3326600.0
2020-08-21,72.63999938964844,73.12999725341797,72.625,73.08999633789062,3647600.0
2020-08-24,73.58999633789062,74.2300033569336,73.58499908447266,74.19999694824219,5284400.0
2020-08-25,74.375,74.44999694824219,73.83999633789062,74.44499969482422,5197800.0
2020-08-26,74.44999694824219,75.30000305175781,74.37999725341797,75.18000030517578,5583800.0
2020-08-27,75.45999908447266,75.51000213623047,74.49500274658203,74.7750015258789,6170800.0
2020-08-28,75.16000366210938,75.4000015258789,74.87000274658203,75.26499938964844,4275600.0
2020-08-31,75.25499725341797,75.4800033569336,74.94499969482422,75.04499816894531,7025000.0
2020-09-01,75.11499786376953,75.875,75.01000213623047,75.83000183105469,9904400.0
2020-09-02,76.3550033569336,77.06999969482422,75.91999816894531,76.87999725341797,8154200.0
2020-09-03,76.66000366210938,76.71499633789062,73.7249984741211,74.44000244140625,15142000.0
2020-09-04,74.68000030517578,75.1050033569336,71.80999755859375,73.58000183105469,13339800.0
2020-09-08,72.37000274658203,73.63500213623047,72.0250015258789,72.61499786376953,15212600.0
2020-09-09,73.29499816894531,74.53500366210938,72.87000274658203,73.98500061035156,7425800.0
2020-09-10,74.3550033569336,75.13999938964844,72.68499755859375,72.92500305175781,12553800.0
2020-09-11,73.41999816894531,73.75499725341797,72.34500122070312,73.03500366210938,7596400.0
2020-09-14,73.84500122070312,74.37999725341797,73.5199966430664,73.80999755859375,5556600.0
2020-09-15,74.2750015258789,74.66999816894531,74.02999877929688,74.41500091552734,5412000.0
2020-09-16,74.7249984741211,75.01499938964844,73.96499633789062,74.0,5215800.0
2020-09-17,72.91999816894531,73.43499755859375,72.3499984741211,72.95999908447266,8849200.0
2020-09-18,73.19000244140625,73.22000122070312,71.34500122070312,71.94499969482422,10847200.0
2020-09-21,70.6449966430664,70.83499908447266,69.51499938964844,70.75499725341797,8435800.0
2020-09-22,71.19000244140625,72.31500244140625,70.95500183105469,72.25,7638000.0
2020-09-23,73.0,73.13500213623047,70.91999816894531,71.06500244140625,7930600.0
2020-09-24,70.73999786376953,72.02999877929688,70.19999694824219,71.03500366210938,8997000.0
2020-09-25,71.01499938964844,72.20500183105469,70.5199966430664,71.95999908447266,5028000.0
2020-09-28,72.90499877929688,73.63500213623047,72.61000061035156,73.46499633789062,5324800.0
2020-09-29,73.43000030517578,73.4800033569336,72.84500122070312,72.8949966430664,6055400.0
2020-09-30,73.11499786376953,74.36000061035156,73.0250015258789,73.48999786376953,8948800.0
2020-10-01,74.21499633789062,74.51499938964844,73.74500274658203,74.44999694824219,7758800.0
2020-10-02,73.05999755859375,74.38500213623047,73.02999877929688,74.13500213623047,8181600.0
2020-10-05,74.52999877929688,75.19999694824219,74.46499633789062,75.11499786376953,4640800.0
2020-10-06,75.18499755859375,75.5250015258789,73.6050033569336,73.7249984741211,7954400.0
2020-10-07,74.62000274658203,75.58999633789062,74.62000274658203,75.41000366210938,5005800.0
2020-10-08,75.9000015258789,75.95500183105469,75.3499984741211,75.90499877929688,5065800.0
2020-10-09,76.30000305175781,76.875,76.20500183105469,76.69499969482422,7362600.0
2020-10-12,77.2300033569336,78.06999969482422,77.12000274658203,77.71499633789062,6394400.0
2020-10-13,77.55500030517578,78.05000305175781,77.29499816894531,77.69999694824219,6826200.0
2020-10-14,77.86499786376953,77.94499969482422,76.49500274658203,76.83999633789062,7610800.0
2020-10-15,75.8499984741211,77.2699966430664,75.625,77.125,4758000.0
2020-10-16,77.47000122070312,77.83999633789062,76.19000244140625,76.42500305175781,4211000.0
2020-10-19,76.92500305175781,77.2300033569336,75.30000305175781,75.48500061035156,5154000.0
2020-10-20,75.92500305175781,77.02999877929688,75.72000122070312,76.08999633789062,8514200.0
2020-10-21,76.00499725341797,76.53500366210938,75.44999694824219,75.67500305175781,5539800.0
2020-10-22,75.66500091552734,75.91500091552734,74.8499984741211,75.83000183105469,4135600.0
2020-10-23,76.13999938964844,76.50499725341797,75.55500030517578,76.49500274658203,3915000.0
2020-10-26,75.71499633789062,76.0250015258789,73.95999908447266,75.0250015258789,6300000.0
2020-10-27,75.2249984741211,75.44999694824219,74.77999877929688,74.98999786376953,6241000.0
2020-10-28,73.6449966430664,74.01499938964844,72.54000091552734,72.62000274658203,9172600.0
2020-10-29,72.83000183105469,73.91999816894531,72.30999755859375,73.08000183105469,6067800.0
2020-10-30,72.51499938964844,72.7750015258789,70.87000274658203,71.48500061035156,9983200.0
2020-11-02,72.41999816894531,72.67500305175781,71.20500183105469,71.99500274658203,7981800.0
2020-11-03,72.76000213623047,73.99500274658203,72.38999938964844,73.58000183105469,5675400.0
2020-11-04,74.44999694824219,76.04000091552734,74.30000305175781,75.1449966430664,8541200.0
2020-11-05,76.46499633789062,77.07499694824219,76.12999725341797,76.61000061035156,6480000.0
2020-11-06,76.38500213623047,76.51499938964844,75.7300033569336,76.37999725341797,4847000.0
2020-11-09,79.0199966430664,79.0199966430664,76.03500366210938,76.12999725341797,9782200.0
2020-11-10,76.05500030517578,76.23500061035156,75.05500030517578,75.86000061035156,17765200.0
2020-11-11,76.34500122070312,76.88500213623047,76.05500030517578,76.5250015258789,7406800.0
2020-11-12,76.5250015258789,76.53500366210938,75.06999969482422,75.5,5929800.0
2020-11-13,75.93499755859375,76.8550033569336,75.82499694824219,76.7249984741211,4463000.0
2020-11-16,77.5,77.75499725341797,76.91500091552734,77.7300033569336,7864600.0
2020-11-17,77.45500183105469,77.75499725341797,76.81500244140625,77.4000015258789,5839600.0
2020-11-18,77.36000061035156,77.9800033569336,76.8499984741211,76.87000274658203,5415000.0
2020-11-19,76.8550033569336,77.32499694824219,76.69000244140625,77.25,4214400.0
2020-11-20,77.32499694824219,77.37999725341797,76.81999969482422,76.84500122070312,4132800.0
2020-11-23,77.2699966430664,77.8949966430664,77.06500244140625,77.69000244140625,4611200.0
2020-11-24,78.42500305175781,79.1050033569336,78.19999694824219,78.84500122070312,5465600.0
2020-11-25,78.78500366210938,79.06999969482422,78.56500244140625,78.94000244140625,4624400.0
2020-11-27,79.30000305175781,79.3949966430664,78.87000274658203,79.11000061035156,2216600.0
2020-11-30,78.98999786376953,79.02999877929688,77.6050033569336,78.62999725341797,6576000.0
2020-12-01,79.24500274658203,79.58000183105469,78.74500274658203,79.21499633789062,8737400.0
2020-12-02,78.90499877929688,78.90499877929688,78.38500213623047,78.72000122070312,4308800.0
2020-12-03,78.73999786376953,79.375,78.73999786376953,78.94000244140625,6011400.0
2020-12-04,79.0999984741211,79.21499633789062,78.86000061035156,79.01499938964844,4178200.0
2020-12-07,78.83999633789062,78.875,78.43499755859375,78.83499908447266,8430600.0
2020-12-08,78.45500183105469,78.72000122070312,78.05999755859375,78.66999816894531,4956800.0
2020-12-09,79.18499755859375,79.2249984741211,78.26000213623047,78.59500122070312,12060800.0
2020-12-10,78.29000091552734,78.86000061035156,77.96499633789062,78.5250015258789,5806000.0
2020-12-11,78.23500061035156,78.51499938964844,77.61499786376953,78.1500015258789,4134200.0
2020-12-14,78.86000061035156,79.30999755859375,78.23999786376953,78.26499938964844,6815000.0
2020-12-15,78.95500183105469,79.33499908447266,78.59500122070312,79.31999969482422,4651800.0
2020-12-16,79.46499633789062,80.04000091552734,79.43499755859375,79.83999633789062,4443000.0
2020-12-17,80.25,80.4000015258789,80.0199966430664,80.38500213623047,3977400.0
2020-12-18,80.5199966430664,80.56500244140625,79.63999938964844,79.99500274658203,9892800.0
2020-12-21,78.69999694824219,79.40499877929688,78.13500213623047,78.94499969482422,7904400.0
2020-12-22,78.81500244140625,78.8499984741211,77.91500091552734,78.6050033569336,7453200.0
2020-12-23,78.62000274658203,79.0250015258789,78.28500366210938,78.7750015258789,4346000.0
2020-12-24,78.8499984741211,79.05999755859375,78.6050033569336,78.94000244140625,2097600.0
2020-12-28,79.70999908447266,80.16000366210938,79.30000305175781,79.83999633789062,5824800.0
2020-12-29,80.12000274658203,80.26499938964844,79.48999786376953,79.86499786376953,4862400.0
2020-12-30,80.1500015258789,80.46499633789062,80.06500244140625,80.34500122070312,4881400.0
2020-12-31,80.3550033569336,80.48999786376953,79.96499633789062,80.38999938964844,5859200.0
2021-01-04,80.88999938964844,80.94499969482422,78.72000122070312,79.70999908447266,18120400.0
2021-01-05,79.25,80.52999877929688,79.2249984741211,80.30500030517578,6262400.0
2021-01-06,80.3949966430664,82.00499725341797,80.07499694824219,81.125,8832000.0
2021-01-07,81.86000061035156,83.01499938964844,81.83000183105469,82.69000244140625,6725600.0
2021-01-08,83.66999816894531,84.4800033569336,83.1449966430664,84.3949966430664,9283800.0
2021-01-11,83.41000366210938,83.75,82.59500122070312,82.81999969482422,7421000.0
2021-01-12,83.25499725341797,84.4000015258789,83.15499877929688,84.08499908447266,11395200.0
2021-01-13,84.17500305175781,84.40499877929688,83.66000366210938,84.08000183105469,5654400.0
2021-01-14,84.17500305175781,84.58499908447266,83.44499969482422,83.54499816894531,6029800.0
2021-01-15,83.41000366210938,83.66999816894531,82.56999969482422,82.9000015258789,7271400.0
2021-01-19,83.6050033569336,83.73999786376953,83.04499816894531,83.37000274658203,6348600.0
2021-01-20,84.15499877929688,85.18499755859375,83.8949966430664,84.94499969482422,6868600.0
2021-01-21,85.3949966430664,85.8949966430664,85.24500274658203,85.33999633789062,6688000.0
2021-01-22,84.88999938964844,85.20500183105469,84.55500030517578,85.05000305175781,4456400.0
2021-01-25,85.2699966430664,85.9800033569336,83.66999816894531,85.36499786376953,11760600.0
2021-01-26,85.66000366210938,85.73999786376953,84.98999786376953,85.30999755859375,7458000.0
2021-01-27,84.34500122070312,84.3949966430664,82.26499938964844,82.68000030517578,11241400.0
2021-01-28,82.29000091552734,83.76000213623047,81.80500030517578,82.94000244140625,7843200.0
2021-01-29,82.45999908447266,82.6449966430664,80.54499816894531,81.00499725341797,10833000.0
2021-02-01,81.94499969482422,83.19999694824219,81.44499969482422,83.11000061035156,6502600.0
2021-02-02,83.75499725341797,85.43499755859375,83.74500274658203,84.875,5401200.0
2021-02-03,85.1500015258789,85.23500061035156,84.33999633789062,84.4000015258789,4062800.0
2021-02-04,84.79000091552734,85.30000305175781,84.52999877929688,85.30000305175781,5142400.0
2021-02-05,85.5999984741211,86.40499877929688,85.43000030517578,86.11499786376953,4464200.0
2021-02-08,86.67500305175781,86.7300033569336,86.07499694824219,86.6050033569336,4720400.0
2021-02-09,86.33000183105469,86.54000091552734,86.0199966430664,86.125,3615400.0
2021-02-10,86.40499877929688,86.40499877929688,84.625,85.2750015258789,4883200.0
2021-02-11,85.5,85.79499816894531,84.62999725341797,85.04000091552734,3911600.0
2021-02-12,84.66999816894531,85.19999694824219,84.43000030517578,85.16000366210938,3994400.0
2021-02-16,85.32499694824219,85.43499755859375,84.55500030517578,84.79000091552734,4516200.0
2021-02-17,84.2750015258789,85.36499786376953,83.8499984741211,85.27999877929688,6441200.0
2021-02-18,84.38500213623047,85.58000183105469,84.32499694824219,85.30500030517578,5160000.0
2021-02-19,85.69000244140625,85.69000244140625,84.69499969482422,84.80999755859375,5022800.0
2021-02-22,84.0,84.29499816894531,82.94499969482422,83.0199966430664,5694000.0
2021-02-23,81.55000305175781,82.8949966430664,79.52999877929688,82.4749984741211,10768600.0
2021-02-24,82.37000274658203,83.44999694824219,81.48999786376953,83.33999633789062,7973600.0
2021-02-25,82.75,83.20999908447266,79.83999633789062,80.23999786376953,14641800.0
2021-02-26,81.2699966430664,81.63999938964844,79.50499725341797,80.57499694824219,12255200.0
2021-03-01,81.57499694824219,82.61000061035156,81.41999816894531,82.46499633789062,8697600.0
2021-03-02,82.58000183105469,82.76000213623047,81.4749984741211,81.51499938964844,6622400.0
2021-03-03,81.3550033569336,81.68000030517578,79.5999984741211,79.5999984741211,11125600.0
2021-03-04,79.62999725341797,80.1500015258789,76.41999816894531,77.91500091552734,18469600.0
2021-03-05,78.50499725341797,78.63999938964844,74.82499694824219,78.41000366210938,20626800.0
2021-03-08,78.7249984741211,80.11000061035156,78.37000274658203,78.50499725341797,12536200.0
2021-03-09,80.06500244140625,82.0,79.65499877929688,81.47000122070312,18614400.0
2021-03-10,82.54000091552734,82.99500274658203,81.30500030517578,81.88500213623047,14245800.0
2021-03-11,83.0,83.45999908447266,82.51000213623047,83.13999938964844,8458400.0
2021-03-12,82.26000213623047,83.38999938964844,82.02999877929688,83.38500213623047,8343400.0
2021-03-15,83.5,84.52999877929688,83.20999908447266,84.50499725341797,8857000.0
2021-03-16,84.50499725341797,84.66500091552734,83.24500274658203,83.62999725341797,6873600.0
2021-03-17,83.00499725341797,85.0999984741211,82.91500091552734,84.80500030517578,8711400.0
2021-03-18,84.01000213623047,84.37999725341797,82.58999633789062,82.7300033569336,10151400.0
2021-03-19,82.63500213623047,83.4000015258789,81.7699966430664,83.2249984741211,12121000.0
2021-03-22,83.68000030517578,84.3550033569336,83.33000183105469,83.63999938964844,7224200.0
2021-03-23,83.6449966430664,84.00499725341797,82.63999938964844,82.8550033569336,7990200.0
2021-03-24,83.23999786376953,83.68499755859375,81.62999725341797,81.62999725341797,9352000.0
2021-03-25,80.84500122070312,82.62000274658203,80.67500305175781,82.34500122070312,11319800.0
2021-03-26,82.66999816894531,83.08999633789062,81.58499908447266,83.02999877929688,8542600.0
2021-03-29,82.81500244140625,83.23500061035156,81.97000122070312,82.57499694824219,9358200.0
2021-03-30,82.21499633789062,83.51000213623047,81.88500213623047,83.38500213623047,7321800.0
2021-03-31,83.73999786376953,84.48999786376953,83.51499938964844,84.03500366210938,7937800.0
2021-04-01,84.79499816894531,84.8499984741211,84.42500305175781,84.70999908447266,8140000.0
2021-04-05,86.05999755859375,86.95500183105469,85.9000015258789,86.63500213623047,8628400.0
2021-04-06,86.55500030517578,87.3499984741211,86.49500274658203,87.01000213623047,6301400.0
2021-04-07,86.95999908447266,87.2699966430664,86.5999984741211,86.75,5049400.0
2021-04-08,87.23500061035156,87.36000061035156,86.5999984741211,87.16000366210938,6424800.0
2021-04-09,87.08000183105469,88.01000213623047,86.98500061035156,87.98999786376953,6093800.0
2021-04-12,87.98500061035156,88.63999938964844,87.91000366210938,88.55500030517578,6285600.0
2021-04-13,88.70500183105469,89.66500091552734,88.58499908447266,89.48999786376953,5351200.0
2021-04-14,89.69000244140625,90.08000183105469,88.42500305175781,88.61000061035156,6676400.0
2021-04-15,89.2300033569336,89.30000305175781,88.74500274658203,89.24500274658203,5031200.0
2021-04-16,89.45999908447266,90.05500030517578,89.22000122070312,89.93499755859375,5276000.0
2021-04-19,89.44000244140625,89.5250015258789,88.6449966430664,88.92500305175781,7030800.0
2021-04-20,88.61000061035156,88.81500244140625,87.1500015258789,87.80500030517578,8462000.0
2021-04-21,87.4749984741211,89.06999969482422,87.30000305175781,88.9749984741211,5540000.0
2021-04-22,89.08499908447266,89.21499633789062,87.66500091552734,87.98999786376953,5960000.0
2021-04-23,88.2750015258789,89.2750015258789,87.98999786376953,88.91000366210938,3823800.0
2021-04-26,89.20999908447266,89.58499908447266,88.72000122070312,89.30000305175781,4460600.0
2021-04-27,89.34500122070312,89.55500030517578,88.99500274658203,89.19499969482422,4438600.0
2021-04-28,89.08499908447266,89.56999969482422,88.88500213623047,89.08999633789062,4761400.0
2021-04-29,89.65499877929688,89.70999908447266,88.32499694824219,89.11499786376953,6444600.0
2021-04-30,89.01000213623047,89.74500274658203,88.94000244140625,89.45999908447266,5651000.0
2021-05-03,89.94499969482422,89.98999786376953,88.91500091552734,89.03500366210938,7371400.0
2021-05-04,88.37000274658203,88.51000213623047,87.00499725341797,88.1050033569336,9207200.0
2021-05-05,88.7249984741211,88.7249984741211,87.68000030517578,87.83000183105469,6325000.0
2021-05-06,88.0199966430664,88.1500015258789,87.18000030517578,88.0199966430664,7850600.0
2021-05-07,88.36499786376953,89.05000305175781,87.90499877929688,88.80999755859375,6750200.0
2021-05-10,88.83999633789062,88.83999633789062,87.22000122070312,87.2300033569336,6976000.0
2021-05-11,85.76499938964844,86.57499694824219,84.90499877929688,86.24500274658203,14220800.0
2021-05-12,85.26000213623047,85.66500091552734,83.13999938964844,83.32499694824219,14124000.0
2021-05-13,83.90499877929688,84.7249984741211,83.01000213623047,83.91500091552734,14082400.0
2021-05-14,84.70999908447266,85.55500030517578,84.47000122070312,85.37000274658203,8211800.0
2021-05-17,85.11499786376953,85.41500091552734,84.45500183105469,85.21499633789062,10445000.0
2021-05-18,85.40499877929688,85.79000091552734,84.54000091552734,84.55000305175781,7756800.0
2021-05-19,83.16999816894531,83.88500213623047,82.74500274658203,83.83999633789062,14120400.0
2021-05-20,84.25499725341797,84.88500213623047,84.1449966430664,84.69999694824219,9068000.0
2021-05-21,85.26499938964844,85.26499938964844,84.23999786376953,84.2750015258789,7770600.0
2021-05-24,84.7300033569336,85.51000213623047,84.44000244140625,85.11000061035156,6726800.0
2021-05-25,85.49500274658203,85.7699966430664,84.84500122070312,85.37999725341797,7133800.0
2021-05-26,85.78500366210938,86.55999755859375,85.69999694824219,86.19499969482422,7473600.0
2021-05-27,86.51499938964844,86.73500061035156,86.25,86.54000091552734,7783600.0
2021-05-28,86.9000015258789,86.9000015258789,86.21499633789062,86.41999816894531,6451200.0
2021-06-01,86.93499755859375,86.99500274658203,86.0999984741211,86.25499725341797,9361200.0
2021-06-02,86.33499908447266,86.34500122070312,85.53500366210938,85.8550033569336,7063200.0
2021-06-03,85.30500030517578,85.53500366210938,84.69000244140625,84.83499908447266,8702800.0
2021-06-04,85.30500030517578,85.58999633789062,85.06500244140625,85.51499938964844,6433200.0
2021-06-07,85.44999694824219,85.56500244140625,84.86499786376953,85.51499938964844,6389800.0
2021-06-08,86.08499908447266,86.4800033569336,85.62000274658203,86.20500183105469,6124800.0
2021-06-09,86.44499969482422,86.5,85.69499969482422,85.7300033569336,7131600.0
2021-06-10,85.88500213623047,86.29000091552734,85.625,86.13500213623047,5225000.0
2021-06-11,86.27999877929688,86.61499786376953,86.13999938964844,86.6050033569336,5468400.0
2021-06-14,86.61000061035156,86.79499816894531,86.125,86.62999725341797,5770000.0
2021-06-15,86.63999938964844,86.63999938964844,85.87000274658203,86.16999816894531,5659600.0
2021-06-16,86.24500274658203,86.41500091552734,85.46499633789062,86.20999908447266,9414200.0
2021-06-17,86.0,86.84500122070312,85.80000305175781,86.53500366210938,9267000.0
2021-06-18,85.9000015258789,86.41500091552734,85.69000244140625,86.08000183105469,13991200.0
2021-06-21,86.2300033569336,86.83499908447266,85.99500274658203,86.61499786376953,9607400.0
2021-06-22,86.68000030517578,87.77999877929688,86.62000274658203,87.43000030517578,6740400.0
2021-06-23,87.5999984741211,88.27999877929688,87.55500030517578,88.1050033569336,5317800.0
2021-06-24,88.7750015258789,88.97000122070312,88.2300033569336,88.40499877929688,7959000.0
2021-06-25,89.32499694824219,89.375,88.7750015258789,88.96499633789062,9949200.0
2021-06-28,88.9749984741211,89.06500244140625,88.51499938964844,88.98500061035156,5584200.0
2021-06-29,89.04000091552734,89.38999938964844,88.94499969482422,89.20500183105469,4629200.0
2021-06-30,89.1050033569336,89.68000030517578,89.1050033569336,89.2750015258789,5798600.0
2021-07-01,89.49500274658203,89.80000305175781,89.41999816894531,89.77999877929688,6210600.0
2021-07-02,90.0,90.58499908447266,89.91500091552734,90.56999969482422,5803400.0
2021-07-06,90.70500183105469,90.94000244140625,89.8550033569336,90.67500305175781,7792000.0
2021-07-07,90.91999816894531,91.1449966430664,89.98500061035156,90.625,6694200.0
2021-07-08,89.21499633789062,90.69999694824219,88.81999969482422,90.4000015258789,11283400.0
2021-07-09,90.79000091552734,91.30500030517578,90.68499755859375,91.24500274658203,5632800.0
2021-07-12,91.3499984741211,91.8949966430664,91.27999877929688,91.87000274658203,10814600.0
2021-07-13,91.69000244140625,91.83999633789062,90.69499969482422,90.7699966430664,12392400.0
2021-07-14,91.2699966430664,91.375,90.55500030517578,90.6050033569336,7484000.0
2021-07-15,90.44499969482422,90.8550033569336,89.48500061035156,90.11499786376953,6667600.0
2021-07-16,90.38500213623047,90.48999786376953,88.93499755859375,89.00499725341797,8424200.0
2021-07-19,87.56999969482422,88.00499725341797,86.88500213623047,87.98500061035156,16088400.0
2021-07-20,88.24500274658203,89.84500122070312,87.80999755859375,89.61000061035156,9838000.0
2021-07-21,89.94000244140625,90.48500061035156,89.91500091552734,90.43499755859375,8185400.0
2021-07-22,90.36000061035156,90.93000030517578,89.90499877929688,90.82499694824219,8061600.0
2021-07-23,91.13500213623047,91.78500366210938,90.91999816894531,91.63500213623047,7008600.0
2021-07-26,91.68499755859375,92.32499694824219,91.44999694824219,92.31500244140625,6895000.0
2021-07-27,92.25499725341797,92.25499725341797,90.4000015258789,91.37999725341797,7359800.0
2021-07-28,91.2750015258789,91.5999984741211,90.6500015258789,91.08499908447266,5973800.0
2021-07-29,91.49500274658203,92.34500122070312,91.43499755859375,92.11000061035156,7307400.0
2021-07-30,90.21499633789062,91.05000305175781,90.04499816894531,90.21499633789062,9327000.0
2021-08-02,90.94999694824219,91.19000244140625,90.37999725341797,90.4749984741211,7303000.0
2021-08-03,90.84500122070312,91.16999816894531,90.04499816894531,91.1449966430664,8445800.0
2021-08-04,90.94999694824219,91.08999633789062,90.26000213623047,90.26000213623047,7913000.0
2021-08-05,90.53500366210938,91.19000244140625,90.46499633789062,91.125,5401200.0
2021-08-06,91.25,91.30500030517578,90.40499877929688,90.50499725341797,5822200.0
2021-08-09,90.5250015258789,90.5999984741211,90.16000366210938,90.37999725341797,5560600.0
2021-08-10,90.4800033569336,91.07499694824219,90.27999877929688,90.73500061035156,5201000.0
2021-08-11,90.93499755859375,91.13500213623047,90.5999984741211,91.0,5500600.0
2021-08-12,90.94000244140625,91.08499908447266,90.30999755859375,91.04000091552734,5229400.0
2021-08-13,91.0999984741211,91.1500015258789,90.59500122070312,90.77999877929688,4936400.0
2021-08-16,90.25,90.43000030517578,89.40499877929688,90.36000061035156,6657600.0
2021-08-17,89.22000122070312,89.22000122070312,87.4749984741211,88.21499633789062,11065200.0
2021-08-18,88.19000244140625,89.44000244140625,88.08499908447266,88.52999877929688,9998200.0
2021-08-19,87.7699966430664,88.5999984741211,87.43499755859375,87.96499633789062,11334600.0
2021-08-20,88.1050033569336,88.91000366210938,88.0250015258789,88.80999755859375,6618400.0
2021-08-23,89.28500366210938,90.16000366210938,89.19499969482422,89.95500183105469,6890200.0
2021-08-24,90.33499908447266,90.8499984741211,90.17500305175781,90.58999633789062,5791600.0
2021-08-25,90.58999633789062,91.05500030517578,90.41999816894531,90.94000244140625,7266600.0
2021-08-26,90.62999725341797,90.67500305175781,89.91500091552734,90.0999984741211,7394200.0
2021-08-27,90.30000305175781,91.08000183105469,90.1500015258789,90.91999816894531,7964800.0
2021-08-30,91.18000030517578,91.91500091552734,91.125,91.6050033569336,7366600.0
2021-08-31,91.69000244140625,91.87000274658203,91.30999755859375,91.82499694824219,9555800.0
2021-09-01,92.13999938964844,92.30999755859375,91.75499725341797,91.81999969482422,8198400.0
2021-09-02,92.06500244140625,92.3499984741211,91.67500305175781,91.81500244140625,6715000.0
2021-09-03,91.57499694824219,91.78500366210938,91.18000030517578,91.76000213623047,6889600.0
2021-09-07,91.80000305175781,92.25,91.76000213623047,92.02999877929688,8750600.0
2021-09-08,92.00499725341797,92.3550033569336,91.37999725341797,92.13500213623047,7385600.0
2021-09-09,92.20500183105469,92.77999877929688,91.9800033569336,92.01499938964844,8714800.0
2021-09-10,92.50499725341797,92.58999633789062,91.41000366210938,91.44999694824219,9627200.0
2021-09-13,91.86000061035156,91.93499755859375,90.7750015258789,91.67500305175781,11534600.0
2021-09-14,91.8499984741211,91.97000122070312,90.98999786376953,91.37000274658203,8461800.0
2021-09-15,91.16000366210938,92.11000061035156,90.48999786376953,91.95999908447266,10294600.0
2021-09-16,91.7699966430664,92.61000061035156,91.5999984741211,92.37999725341797,12171400.0
2021-09-17,92.2699966430664,92.80000305175781,91.84500122070312,92.05500030517578,14925000.0
2021-09-20,90.17500305175781,90.63999938964844,88.69000244140625,89.81999969482422,16192000.0
2021-09-21,90.36000061035156,90.68499755859375,89.66999816894531,89.95500183105469,12503600.0
2021-09-22,90.51499938964844,91.5999984741211,90.30999755859375,91.18000030517578,12367400.0
2021-09-23,91.56999969482422,92.5,91.56999969482422,92.1050033569336,8275000.0
2021-09-24,91.51499938964844,92.52999877929688,91.40499877929688,92.44999694824219,8033000.0
2021-09-27,92.08000183105469,93.19499969482422,92.04499816894531,92.94499969482422,9488000.0
2021-09-28,92.3949966430664,92.53500366210938,90.66500091552734,91.15499877929688,14941800.0
2021-09-29,91.46499633789062,92.16000366210938,91.0250015258789,91.24500274658203,12192200.0
2021-09-30,91.26000213623047,91.33000183105469,89.7249984741211,89.7249984741211,16489600.0
2021-10-01,90.18000030517578,90.82499694824219,89.25,90.4000015258789,15519600.0
2021-10-04,90.67500305175781,90.94000244140625,89.37999725341797,89.68499755859375,18494000.0
2021-10-05,89.99500274658203,90.875,89.78500366210938,90.04499816894531,10968600.0
2021-10-06,89.48500061035156,90.43499755859375,89.12000274658203,90.33000183105469,10272600.0
2021-10-07,91.11000061035156,92.08000183105469,91.01499938964844,91.73500061035156,7537800.0
2021-10-08,91.7699966430664,91.8550033569336,91.2300033569336,91.31500244140625,7399600.0
2021-10-11,91.27999877929688,92.0,90.94000244140625,90.94499969482422,6637000.0
2021-10-12,91.5,92.03500366210938,91.25,91.66500091552734,10281800.0
2021-10-13,91.94499969482422,92.36499786376953,91.38999938964844,92.11499786376953,10832000.0
2021-10-14,92.6500015258789,93.2300033569336,92.55000305175781,93.08000183105469,7514600.0
2021-10-15,93.66000366210938,94.54499816894531,93.5199966430664,94.50499725341797,8717400.0
2021-10-18,94.30500030517578,95.7249984741211,94.28500366210938,95.66000366210938,7867000.0
2021-10-19,95.88500213623047,95.88500213623047,95.29000091552734,95.38999938964844,5808800.0
2021-10-20,95.38999938964844,95.74500274658203,95.15499877929688,95.31999969482422,9606800.0
2021-10-21,95.16000366210938,96.7750015258789,95.15499877929688,96.72000122070312,7130200.0
2021-10-22,96.66000366210938,96.90499877929688,95.94999694824219,96.375,7376600.0
2021-10-25,97.21499633789062,99.18499755859375,96.82499694824219,98.76499938964844,11076800.0
2021-10-26,99.19499969482422,100.80500030517578,98.38999938964844,98.77999877929688,15031400.0
2021-10-27,99.23500061035156,99.93499755859375,98.97000122070312,99.0,9831000.0
2021-10-28,99.83000183105469,100.61000061035156,99.55000305175781,100.31500244140625,9001000.0
2021-10-29,99.16999816894531,100.62999725341797,98.8949966430664,100.57499694824219,8508400.0
2021-11-01,101.31500244140625,102.44000244140625,100.70999908447266,102.41999816894531,11234200.0
2021-11-02,101.54000091552734,102.3499984741211,101.21499633789062,101.7300033569336,13558800.0
2021-11-03,101.70500183105469,103.625,101.61000061035156,103.55999755859375,12816400.0
2021-11-04,104.05999755859375,105.36000061035156,103.93000030517578,104.95500183105469,11600000.0
2021-11-05,105.62000274658203,106.3499984741211,105.52999877929688,105.62999725341797,9631200.0
2021-11-08,104.50499725341797,105.41000366210938,104.09500122070312,104.13500213623047,11715400.0
2021-11-09,104.51000213623047,104.63999938964844,101.91500091552734,102.20999908447266,33102200.0
2021-11-10,101.54499816894531,103.26499938964844,100.53500366210938,101.83000183105469,22689600.0
2021-11-11,102.91500091552734,102.92500305175781,101.51000213623047,101.55500030517578,12413400.0
2021-11-12,101.58499908447266,102.0250015258789,100.93000030517578,101.8949966430664,10335000.0
2021-11-15,101.97000122070312,102.16500091552734,101.2249984741211,101.80999755859375,10612000.0
2021-11-16,101.94000244140625,103.6500015258789,101.91999816894531,103.41500091552734,11301200.0
2021-11-17,103.8550033569336,104.70500183105469,103.65499877929688,104.07499694824219,16547400.0
2021-11-18,104.61499786376953,105.43000030517578,104.06500244140625,105.25499725341797,14804000.0
2021-11-19,105.25499725341797,105.99500274658203,105.04000091552734,105.70999908447266,14988800.0
2021-11-22,106.38999938964844,107.52999877929688,105.01000213623047,105.44499969482422,18430800.0
2021-11-23,105.54000091552734,106.12000274658203,103.24500274658203,104.68000030517578,22962800.0
2021-11-24,103.57499694824219,105.21499633789062,103.0250015258789,104.8949966430664,16341200.0
2021-11-26,103.16000366210938,103.51499938964844,101.86499786376953,102.03500366210938,15329200.0
2021-11-29,103.375,104.44499969482422,103.11499786376953,103.62000274658203,16767600.0
2021-11-30,103.38500213623047,104.04000091552734,101.67500305175781,102.22000122070312,26435400.0
2021-12-01,103.375,104.375,100.30500030517578,100.375,25941000.0
2021-12-02,100.91500091552734,102.28500366210938,100.28500366210938,101.80500030517578,33287800.0
2021-12-03,102.18499755859375,102.48500061035156,98.80000305175781,99.82499694824219,28543200.0
2021-12-06,100.2249984741211,101.875,98.83000183105469,100.96499633789062,23326000.0
2021-12-07,102.6449966430664,103.6500015258789,102.3949966430664,103.31999969482422,13875600.0
2021-12-08,103.3949966430664,103.75499725341797,102.7699966430664,103.58000183105469,11988000.0
2021-12-09,103.16000366210938,103.31999969482422,101.75,101.78500366210938,11757200.0
2021-12-10,102.2750015258789,102.52999877929688,101.05000305175781,102.49500274658203,14372800.0
2021-12-13,101.9000015258789,102.06999969482422,99.58999633789062,99.8550033569336,14995600.0
2021-12-14,98.75,99.55999755859375,98.17500305175781,99.2750015258789,15371800.0
2021-12-15,98.92500305175781,100.58499908447266,97.5999984741211,100.53500366210938,19042200.0
2021-12-16,101.0250015258789,101.20500183105469,98.18499755859375,98.31500244140625,18368600.0
2021-12-17,97.49500274658203,98.81999969482422,96.82499694824219,97.6449966430664,23480400.0
2021-12-20,95.94000244140625,96.13999938964844,94.94999694824219,95.92500305175781,22326800.0
2021-12-21,96.94999694824219,98.43499755859375,96.19999694824219,98.41000366210938,13530600.0
2021-12-22,98.7300033569336,100.30999755859375,98.55500030517578,100.20500183105469,11491000.0
2021-12-23,100.33000183105469,101.86499786376953,100.18000030517578,101.59500122070312,10588600.0
2021-12-27,101.78500366210938,102.8949966430664,101.73999786376953,102.58499908447266,8428000.0
2021-12-28,102.81500244140625,103.17500305175781,102.45500183105469,102.62999725341797,8306200.0
2021-12-29,102.87999725341797,103.08999633789062,102.18499755859375,102.83499908447266,7584600.0
2021-12-30,102.48500061035156,103.36499786376953,102.375,102.46499633789062,7140200.0
2021-12-31,102.54499816894531,102.90499877929688,102.1500015258789,102.22000122070312,6885600.0
2022-01-03,104.1449966430664,105.16500091552734,103.55000305175781,105.15499877929688,14465400.0
2022-01-04,105.33000183105469,105.90499877929688,103.94499969482422,104.51499938964844,13169200.0
2022-01-05,104.375,104.69499969482422,101.6449966430664,101.69499969482422,17275600.0
2022-01-06,101.55500030517578,102.1449966430664,99.83000183105469,101.43000030517578,17245000.0
2022-01-07,101.58000183105469,101.83999633789062,99.41500091552734,99.73999786376953,15005200.0
2022-01-10,98.43000030517578,99.18000030517578,96.29000091552734,99.12999725341797,21271400.0
2022-01-11,98.98500061035156,100.28500366210938,98.2249984741211,100.08499908447266,16887400.0
2022-01-12,100.79000091552734,101.26000213623047,99.88500213623047,100.74500274658203,13156800.0
2022-01-13,101.07499694824219,101.56500244140625,98.4800033569336,98.72000122070312,16493800.0
2022-01-14,97.93499755859375,98.71499633789062,96.84500122070312,98.26000213623047,20715200.0
2022-01-18,96.87000274658203,97.33499908447266,96.04499816894531,96.4000015258789,18186600.0
2022-01-19,96.81999969482422,97.13500213623047,94.58499908447266,94.66000366210938,17404400.0
2022-01-20,95.23999786376953,96.43000030517578,92.7699966430664,92.93499755859375,18093800.0
2022-01-21,92.625,93.01499938964844,90.16999816894531,90.20999908447266,37394400.0
2022-01-24,88.33999633789062,91.38500213623047,86.0250015258789,91.29499816894531,53233800.0
2022-01-25,89.73999786376953,91.12999725341797,88.48999786376953,89.75,35890200.0
2022-01-26,91.6449966430664,92.46499633789062,88.16999816894531,89.31500244140625,43384000.0
2022-01-27,90.1449966430664,90.29499816894531,86.95999908447266,87.1500015258789,33723000.0
2022-01-28,87.45500183105469,89.05000305175781,85.73999786376953,89.05000305175781,31685800.0
2022-01-31,89.5,92.54499816894531,89.1500015258789,92.4749984741211,22194800.0
2022-02-01,92.65499877929688,93.20500183105469,91.17500305175781,93.03500366210938,22366000.0
2022-02-02,93.6449966430664,93.76499938964844,91.5999984741211,92.4800033569336,19294200.0
2022-02-03,90.32499694824219,91.75499725341797,89.45999908447266,89.6500015258789,19166600.0
2022-02-04,91.63500213623047,93.30000305175781,90.33499908447266,92.19999694824219,20021600.0
2022-02-07,92.5199966430664,93.54499816894531,91.66999816894531,92.01000213623047,18764600.0
2022-02-08,91.73999786376953,93.50499725341797,91.26499938964844,93.30500030517578,18318200.0
2022-02-09,94.4749984741211,95.08499908447266,94.1500015258789,94.54000091552734,16918800.0
2022-02-10,92.87000274658203,94.73500061035156,92.31500244140625,92.91000366210938,25946400.0
2022-02-11,93.00499725341797,93.3499984741211,89.83499908447266,90.23999786376953,25319200.0
2022-02-14,90.125,91.94000244140625,89.8949966430664,90.75499725341797,30854800.0
2022-02-15,92.19000244140625,92.87000274658203,92.0,92.78500366210938,20722400.0
2022-02-16,92.2249984741211,93.30999755859375,91.80999755859375,93.05000305175781,17397600.0
2022-02-17,92.45500183105469,92.8949966430664,90.43000030517578,90.55999755859375,18136400.0
2022-02-18,90.80000305175781,91.08999633789062,89.1050033569336,90.0,18990400.0
2022-02-22,88.73999786376953,89.61000061035156,86.32499694824219,87.375,27345600.0
2022-02-23,88.05999755859375,88.29000091552734,84.30000305175781,84.45500183105469,27134400.0
2022-02-24,80.98500061035156,86.5199966430664,80.74500274658203,86.38500213623047,41736000.0
2022-02-25,86.6449966430664,88.11000061035156,85.4800033569336,88.09500122070312,27338000.0
2022-02-28,87.2300033569336,89.0999984741211,87.07499694824219,88.71499633789062,32321800.0
2022-03-01,88.58499908447266,88.8550033569336,86.76499938964844,87.37000274658203,26997600.0
2022-03-02,87.68499755859375,89.59500122070312,87.47000122070312,89.20500183105469,20262800.0
2022-03-03,89.66000366210938,89.81500244140625,86.76499938964844,87.18499755859375,22404000.0
2022-03-04,86.69000244140625,86.9000015258789,84.91000366210938,85.80000305175781,21659200.0
2022-03-07,86.01000213623047,86.20500183105469,81.55999755859375,81.59500122070312,32146200.0
2022-03-08,81.5,84.36000061035156,80.8550033569336,81.76499938964844,50888400.0
2022-03-09,83.94000244140625,84.875,83.55999755859375,84.3949966430664,31938200.0
2022-03-10,84.375,85.2699966430664,83.66000366210938,84.99500274658203,25854800.0
2022-03-11,85.66999816894531,85.91000366210938,83.29499816894531,83.36000061035156,24156400.0
2022-03-14,83.26499938964844,83.93499755859375,81.45999908447266,81.97000122070312,30349200.0
2022-03-15,82.56999969482422,84.95500183105469,82.36499786376953,84.71499633789062,27120400.0
2022-03-16,85.69499969482422,87.6050033569336,84.875,87.6050033569336,33778800.0
2022-03-17,86.83499908447266,89.08999633789062,86.5999984741211,89.06500244140625,26085600.0
2022-03-18,88.81500244140625,91.05000305175781,88.38999938964844,90.94000244140625,30129200.0
2022-03-21,90.8949966430664,91.44499969482422,89.20999908447266,90.04000091552734,25648000.0
2022-03-22,90.62999725341797,92.57499694824219,90.56999969482422,92.2750015258789,16421600.0
2022-03-23,91.51499938964844,92.67500305175781,90.93499755859375,91.12999725341797,15758000.0
2022-03-24,91.54499816894531,91.94499969482422,90.5199966430664,91.83999633789062,15134000.0
2022-03-25,91.95999908447266,92.1500015258789,90.83999633789062,91.68000030517578,16407800.0
2022-03-28,92.6449966430664,94.1500015258789,92.5199966430664,94.125,23065600.0
2022-03-29,95.37000274658203,96.09500122070312,94.5250015258789,95.76499938964844,19373400.0
2022-03-30,95.0,95.5,93.83999633789062,94.30999755859375,16296000.0
2022-03-31,94.29000091552734,94.29000091552734,92.41500091552734,92.5,16778000.0
2022-04-01,93.00499725341797,93.23500061035156,92.1050033569336,92.61499786376953,9978800.0
2022-04-04,92.65499877929688,94.7249984741211,92.03500366210938,94.69499969482422,15424200.0
2022-04-05,94.21499633789062,94.69999694824219,92.20500183105469,92.4749984741211,16219800.0
2022-04-06,91.22000122070312,91.22000122070312,89.27999877929688,90.11499786376953,27844800.0
2022-04-07,89.91999816894531,91.06500244140625,88.70500183105469,90.57499694824219,22538400.0
2022-04-08,90.0199966430664,90.81999969482422,89.44499969482422,89.73999786376953,18595000.0
2022-04-11,88.38999938964844,89.7699966430664,87.9800033569336,88.07499694824219,18593800.0
2022-04-12,89.30500030517578,90.23500061035156,87.91999816894531,88.2699966430664,23297400.0
2022-04-13,88.08999633789062,90.62000274658203,88.0,90.46499633789062,16820200.0
2022-04-14,90.29499816894531,90.79499816894531,89.13500213623047,89.19999694824219,17839400.0
2022-04-18,88.90499877929688,89.98500061035156,88.55500030517578,89.47000122070312,15385600.0
2022-04-19,89.5199966430664,92.19499969482422,89.44499969482422,92.06500244140625,17470000.0
2022-04-20,92.24500274658203,92.48999786376953,90.73500061035156,90.87999725341797,13876600.0
2022-04-21,93.36499786376953,93.94000244140625,89.71499633789062,90.0,23446600.0
2022-04-22,89.80500030517578,90.13999938964844,87.81999969482422,87.91000366210938,22307400.0
2022-04-25,87.13999938964844,88.62000274658203,86.62000274658203,88.54499816894531,25809600.0
2022-04-26,87.88999938964844,88.0250015258789,84.02999877929688,84.06500244140625,29196600.0
2022-04-27,84.5999984741211,85.86499786376953,83.55000305175781,84.07499694824219,25103000.0
2022-04-28,85.2249984741211,86.66500091552734,83.0999984741211,85.80000305175781,13985600.0
2022-04-29,83.93000030517578,84.68000030517578,81.27999877929688,81.44000244140625,18836600.0
2022-05-02,81.19000244140625,82.69000244140625,80.06999969482422,82.62999725341797,33548200.0
2022-05-03,82.58999633789062,82.95500183105469,81.71499633789062,82.42500305175781,24068800.0
2022-05-04,82.29499816894531,84.93000030517578,80.94000244140625,84.84500122070312,18696600.0
2022-05-05,83.70999908447266,83.76499938964844,79.13999938964844,80.08999633789062,22776800.0
2022-05-06,79.6449966430664,80.43000030517578,77.68499755859375,79.07499694824219,25545400.0
2022-05-09,77.3499984741211,78.43000030517578,75.28500366210938,75.70500183105469,22095400.0
2022-05-10,77.30000305175781,77.75499725341797,74.41999816894531,75.4800033569336,25447000.0
2022-05-11,75.30999755859375,76.07499694824219,72.56999969482422,72.7750015258789,25713600.0
2022-05-12,71.50499725341797,74.99500274658203,71.01499938964844,73.2750015258789,23601200.0
2022-05-13,74.93499755859375,76.51499938964844,74.36000061035156,76.16000366210938,12573400.0
2022-05-16,75.8550033569336,75.91000366210938,74.33000183105469,74.51499938964844,11730200.0
2022-05-17,76.0,76.43000030517578,74.4749984741211,76.3949966430664,11210000.0
2022-05-18,74.31500244140625,74.31500244140625,70.8550033569336,71.4000015258789,14761600.0
2022-05-19,70.95500183105469,72.63500213623047,70.5250015258789,71.44999694824219,15413800.0
2022-05-20,72.03500366210938,72.13500213623047,68.16500091552734,70.20500183105469,15624600.0
2022-05-23,70.48500061035156,70.91500091552734,68.91500091552734,70.7300033569336,13607000.0
2022-05-24,69.56999969482422,69.75499725341797,68.0,68.91000366210938,14872000.0
2022-05-25,68.46499633789062,71.45999908447266,68.43000030517578,70.8550033569336,12955000.0
2022-05-26,71.8499984741211,74.8499984741211,71.80000305175781,74.33000183105469,16046000.0
2022-05-27,75.16000366210938,76.9000015258789,75.16000366210938,76.87999725341797,15248800.0
2022-05-31,76.95999908447266,78.04499816894531,75.78500366210938,77.2699966430664,14145400.0
2022-06-01,77.68499755859375,78.22000122070312,75.9749984741211,76.46499633789062,12232800.0
2022-06-02,76.54000091552734,78.8499984741211,76.2249984741211,78.80500030517578,11625600.0
2022-06-03,77.19499969482422,77.75,76.23999786376953,76.5,10714200.0
2022-06-06,77.86000061035156,78.25499725341797,76.79499816894531,77.26499938964844,10234800.0
2022-06-07,75.69000244140625,77.30000305175781,75.25499725341797,77.07499694824219,9637200.0
2022-06-08,76.68000030517578,77.74500274658203,76.41999816894531,76.62000274658203,8810200.0
2022-06-09,76.66500091552734,77.48999786376953,75.2300033569336,75.23500061035156,7728400.0
2022-06-10,73.68000030517578,74.1449966430664,72.01000213623047,72.23500061035156,13439000.0
2022-06-13,69.7249984741211,70.4749984741211,68.37999725341797,68.9000015258789,20171800.0
2022-06-14,69.25,69.76000213623047,68.23500061035156,68.84500122070312,13355400.0
2022-06-15,69.33000183105469,71.57499694824219,69.20999908447266,70.77999877929688,18120800.0
2022-06-16,68.77999877929688,68.86000061035156,66.5199966430664,67.31500244140625,24019400.0
2022-06-17,67.32499694824219,68.63999938964844,67.08499908447266,68.05000305175781,22390000.0
2022-06-21,69.23500061035156,70.61499786376953,69.11000061035156,69.83499908447266,12856600.0
2022-06-22,68.84500122070312,71.11499786376953,68.84500122070312,69.69999694824219,12021800.0
2022-06-23,70.19499969482422,70.98500061035156,69.23500061035156,70.79499816894531,11777400.0
2022-06-24,71.30000305175781,73.5199966430664,70.96499633789062,73.49500274658203,13404600.0
2022-06-27,73.8550033569336,74.23500061035156,72.48999786376953,72.7249984741211,14574200.0
2022-06-28,72.8949966430664,73.76000213623047,69.79499816894531,69.81999969482422,11367800.0
2022-06-29,69.78500366210938,70.24500274658203,69.01499938964844,69.76499938964844,11919200.0
2022-06-30,68.8550033569336,69.6050033569336,67.37999725341797,68.73999786376953,12569200.0
2022-07-01,68.8499984741211,70.09500122070312,68.58499908447266,70.00499725341797,11335400.0
2022-07-05,69.0,71.61499786376953,68.51499938964844,71.56999969482422,11515800.0
2022-07-06,71.44499969482422,72.07499694824219,70.5250015258789,71.33499908447266,15889800.0
2022-07-07,71.5199966430664,73.31500244140625,71.51000213623047,73.17500305175781,8559000.0
2022-07-08,72.56999969482422,73.7249984741211,72.23500061035156,73.18499755859375,6196600.0
2022-07-11,72.72000122070312,72.91999816894531,71.00499725341797,71.18000030517578,7615200.0
2022-07-12,71.18000030517578,72.29499816894531,70.29499816894531,70.75,14874400.0
2022-07-13,69.3499984741211,71.95999908447266,69.06999969482422,71.33000183105469,14236200.0
2022-07-14,70.54499816894531,71.38999938964844,69.68499755859375,71.2699966430664,10515200.0
2022-07-15,72.16500091552734,72.75,71.72000122070312,72.41999816894531,7519600.0
2022-07-18,73.41000366210938,74.28500366210938,72.3499984741211,72.62999725341797,8042600.0
2022-07-19,73.69499969482422,74.97000122070312,73.06999969482422,74.8550033569336,8840000.0
2022-07-20,75.0,76.2300033569336,74.80999755859375,76.08499908447266,9340400.0
2022-07-21,76.36000061035156,77.875,75.92500305175781,77.82499694824219,10763200.0
2022-07-22,78.31999969482422,78.9000015258789,76.9000015258789,77.375,7794600.0
2022-07-25,77.44000244140625,77.4800033569336,76.23999786376953,76.70999908447266,9123400.0
2022-07-26,74.95999908447266,75.30000305175781,74.1050033569336,74.23999786376953,8196400.0
2022-07-27,75.36499786376953,77.44999694824219,75.00499725341797,77.05000305175781,10402600.0
2022-07-28,77.5,78.50499725341797,76.28500366210938,78.375,11074600.0
2022-07-29,80.16500091552734,81.73999786376953,79.625,81.41500091552734,13605400.0
2022-08-01,81.43000030517578,82.99500274658203,81.02999877929688,81.81999969482422,17921800.0
2022-08-02,81.30999755859375,82.69000244140625,80.98999786376953,81.26000213623047,13815400.0
2022-08-03,82.1500015258789,83.62000274658203,81.83499908447266,83.23999786376953,12027600.0
2022-08-04,83.44499969482422,83.93000030517578,82.96499633789062,83.58000183105469,9827600.0
2022-08-05,82.6449966430664,83.37000274658203,81.7300033569336,82.15499877929688,8788200.0
2022-08-08,83.01000213623047,84.29000091552734,82.20999908447266,82.5250015258789,7294000.0
2022-08-09,82.0250015258789,82.29000091552734,80.7300033569336,81.20999908447266,6639400.0
2022-08-10,83.58000183105469,83.8499984741211,82.56999969482422,83.5,7246800.0
2022-08-11,84.23500061035156,84.625,82.81500244140625,83.07499694824219,7822000.0
2022-08-12,83.67500305175781,84.9800033569336,82.95500183105469,84.95500183105469,5897800.0
2022-08-15,84.73999786376953,85.80999755859375,84.63500213623047,85.54000091552734,7714800.0
2022-08-16,85.67500305175781,87.37999725341797,85.41999816894531,86.48500061035156,7224600.0
2022-08-17,85.53500366210938,86.44499969482422,84.99500274658203,85.55500030517578,7495400.0
2022-08-18,85.45500183105469,85.7249984741211,84.9800033569336,85.52999877929688,5669000.0
2022-08-19,84.77999877929688,84.88999938964844,83.48500061035156,83.76499938964844,7149600.0
2022-08-22,82.49500274658203,82.49500274658203,81.26499938964844,81.44000244140625,8369400.0
2022-08-23,81.50499725341797,82.2750015258789,81.23999786376953,81.66999816894531,8787000.0
2022-08-24,81.50499725341797,82.83999633789062,81.30500030517578,82.0199966430664,6664000.0
2022-08-25,82.52999877929688,83.0999984741211,81.91000366210938,83.0,6090000.0
2022-08-26,83.1500015258789,83.42500305175781,79.81999969482422,79.83999633789062,7893800.0
2022-08-29,78.7300033569336,80.08000183105469,78.7300033569336,79.41500091552734,7051400.0
2022-08-30,80.08499908447266,80.26499938964844,77.73999786376953,78.52999877929688,7334400.0
2022-08-31,78.93499755859375,79.17500305175781,77.73500061035156,77.75499725341797,8862800.0
2022-09-01,77.24500274658203,78.52999877929688,76.46499633789062,78.46499633789062,11943800.0
2022-09-02,79.25,79.59500122070312,77.30000305175781,77.74500274658203,16482600.0
2022-09-06,78.08499908447266,78.2699966430664,76.42500305175781,77.58499908447266,17922000.0
2022-09-07,77.5,80.07499694824219,77.5,79.96499633789062,12633200.0
2022-09-08,79.1449966430664,80.7699966430664,78.8949966430664,80.70999908447266,9391400.0
2022-09-09,81.09500122070312,82.375,81.09500122070312,82.23999786376953,8950800.0
2022-09-12,82.69499969482422,83.59500122070312,82.69499969482422,83.30000305175781,8791600.0
2022-09-13,80.6449966430664,81.04000091552734,78.78500366210938,79.00499725341797,13350800.0
2022-09-14,79.27999877929688,80.3550033569336,78.87999725341797,80.0199966430664,14924800.0
2022-09-15,79.91500091552734,81.22000122070312,79.22000122070312,79.61000061035156,11364000.0
2022-09-16,78.41000366210938,79.1050033569336,77.84500122070312,78.97000122070312,17364200.0
2022-09-19,78.12999725341797,79.93499755859375,78.08000183105469,79.91999816894531,10028600.0
2022-09-20,79.09500122070312,79.3949966430664,77.90499877929688,78.56500244140625,9142000.0
2022-09-21,78.78500366210938,79.51499938964844,76.69000244140625,76.70500183105469,10222400.0
2022-09-22,76.31500244140625,76.58999633789062,74.55000305175781,74.93499755859375,11338800.0
2022-09-23,73.94000244140625,74.05999755859375,72.2750015258789,73.20999908447266,11213000.0
2022-09-26,72.91000366210938,74.63500213623047,72.9000015258789,73.04499816894531,12839600.0
2022-09-27,74.12000274658203,74.87000274658203,72.48500061035156,73.2750015258789,14563400.0
2022-09-28,73.58499908447266,75.6500015258789,73.21499633789062,75.25499725341797,13861400.0
2022-09-29,74.06500244140625,74.16500091552734,71.95500183105469,72.65499877929688,12313600.0
2022-09-30,71.80500030517578,73.2699966430664,71.01499938964844,71.2249984741211,12232400.0
2022-10-03,71.16000366210938,71.95500183105469,70.0999984741211,71.29499816894531,17291600.0
2022-10-04,73.06500244140625,74.50499725341797,72.8550033569336,73.78500366210938,19663800.0
2022-10-05,72.61499786376953,73.83499908447266,71.83999633789062,73.3499984741211,12541200.0
2022-10-06,73.19499969482422,73.91500091552734,72.51499938964844,72.83000183105469,14429000.0
2022-10-07,71.75,71.91000366210938,69.91500091552734,70.32499694824219,11195400.0
2022-10-10,70.43000030517578,70.62999725341797,69.19999694824219,69.88999938964844,9728400.0
2022-10-11,69.54499816894531,70.73500061035156,68.86000061035156,69.31999969482422,12003400.0
2022-10-12,69.32499694824219,70.03500366210938,68.76499938964844,69.5,19440000.0
2022-10-13,67.41999816894531,70.65499877929688,66.7750015258789,70.26000213623047,19564200.0
2022-10-14,70.95999908447266,71.33000183105469,67.5250015258789,67.63500213623047,13421400.0
2022-10-17,69.08000183105469,70.56999969482422,69.05000305175781,70.37999725341797,13131000.0
2022-10-18,72.57499694824219,72.78500366210938,70.65499877929688,71.3499984741211,10368000.0
2022-10-19,70.7699966430664,71.2300033569336,69.80500030517578,70.55000305175781,7144800.0
2022-10-20,69.58999633789062,70.88999938964844,68.95500183105469,69.18499755859375,10195200.0
2022-10-21,69.1050033569336,71.26499938964844,68.7249984741211,71.19999694824219,15575800.0
2022-10-24,70.875,71.80000305175781,69.61000061035156,71.49500274658203,9081200.0
2022-10-25,71.52999877929688,73.48500061035156,71.52999877929688,73.28500366210938,7455000.0
2022-10-26,72.4000015258789,74.16000366210938,72.19999694824219,72.69499969482422,6864600.0
2022-10-27,73.05000305175781,73.51499938964844,72.16000366210938,72.41500091552734,12722200.0
2022-10-28,70.47000122070312,72.58000183105469,69.96499633789062,72.4800033569336,14082600.0
2022-10-31,72.09500122070312,72.55999755859375,71.40499877929688,72.01499938964844,9367400.0
2022-11-01,73.23999786376953,73.44999694824219,71.1449966430664,71.28500366210938,12514600.0
2022-11-02,71.21499633789062,71.62999725341797,68.56999969482422,68.58999633789062,19853200.0
2022-11-03,68.0999984741211,68.96499633789062,67.7300033569336,68.18000030517578,11117400.0
2022-11-04,69.79499816894531,70.4800033569336,67.45500183105469,68.75,12628800.0
2022-11-07,69.16500091552734,69.2249984741211,67.5999984741211,68.2699966430664,7424600.0
2022-11-08,68.3499984741211,68.91500091552734,67.16000366210938,68.0999984741211,9535600.0
2022-11-09,67.73999786376953,68.05500030517578,65.94999694824219,66.0199966430664,10155400.0
2022-11-10,69.33000183105469,70.92500305175781,68.5999984741211,70.84500122070312,15516000.0
2022-11-11,70.94999694824219,72.94499969482422,70.73500061035156,72.54499816894531,11350400.0
2022-11-14,71.91500091552734,72.55000305175781,71.31999969482422,71.3949966430664,15841000.0
2022-11-15,73.08999633789062,73.4800033569336,71.56999969482422,72.37000274658203,8739400.0
2022-11-16,71.04000091552734,71.8550033569336,70.74500274658203,71.26499938964844,9573600.0
2022-11-17,70.23500061035156,70.69999694824219,69.73999786376953,70.4000015258789,7565000.0
2022-11-18,71.30999755859375,71.33499908447266,69.68000030517578,70.49500274658203,7414000.0
2022-11-21,70.0999984741211,70.30000305175781,69.0999984741211,69.4749984741211,6752800.0
2022-11-22,69.75,70.29499816894531,69.2699966430664,70.26000213623047,5520800.0
2022-11-23,70.51000213623047,71.42500305175781,70.36499786376953,71.2750015258789,6177000.0
2022-11-25,71.30999755859375,71.51499938964844,70.94000244140625,71.31500244140625,2728400.0
2022-11-28,70.93000030517578,71.66999816894531,70.72000122070312,70.875,6041000.0
2022-11-29,70.94000244140625,71.19999694824219,70.37999725341797,70.6500015258789,10423000.0
2022-11-30,70.68499755859375,73.11000061035156,70.2300033569336,73.08499908447266,16408600.0
2022-12-01,73.3550033569336,73.66000366210938,72.5199966430664,73.07499694824219,9654000.0
2022-12-02,72.04499816894531,73.19999694824219,72.02999877929688,72.9800033569336,11972400.0
2022-12-05,72.01000213623047,72.23500061035156,70.68499755859375,70.875,11580000.0
2022-12-06,70.66999816894531,70.9749984741211,69.16500091552734,69.7699966430664,7899800.0
2022-12-07,69.29499816894531,70.08999633789062,69.08000183105469,69.3499984741211,10852600.0
2022-12-08,69.46499633789062,70.28500366210938,69.13500213623047,70.0199966430664,6407000.0
2022-12-09,69.59500122070312,70.41000366210938,69.48500061035156,69.71499633789062,7218400.0
2022-12-12,69.56999969482422,69.88999938964844,69.11499786376953,69.88999938964844,6545600.0
2022-12-13,72.20999908447266,72.66000366210938,69.13500213623047,69.88999938964844,10744000.0
2022-12-14,69.74500274658203,70.31999969482422,68.58999633789062,69.37000274658203,10903800.0
2022-12-15,68.29499816894531,68.625,67.7249984741211,68.2300033569336,11947800.0
2022-12-16,67.83999633789062,68.1050033569336,66.6050033569336,66.95500183105469,13371800.0
2022-12-19,66.76000213623047,66.9000015258789,65.44000244140625,65.69999694824219,8675800.0
2022-12-20,65.29499816894531,65.83999633789062,64.84500122070312,64.93499755859375,7710200.0
2022-12-21,65.7249984741211,66.33499908447266,65.4749984741211,65.97000122070312,10670200.0
2022-12-22,65.2249984741211,65.2699966430664,63.314998626708984,64.2750015258789,12894200.0
2022-12-23,64.1050033569336,64.8949966430664,63.66999816894531,64.71499633789062,6550800.0
2022-12-27,64.41500091552734,64.53500366210938,63.625,63.665000915527344,8536000.0
2022-12-28,63.69499969482422,64.31500244140625,63.0,63.130001068115234,10073800.0
2022-12-29,64.03500366210938,64.9000015258789,63.78499984741211,64.75499725341797,7492200.0
2022-12-30,64.11499786376953,64.59500122070312,63.84000015258789,64.58000183105469,7531000.0
2023-01-03,64.96499633789062,65.1500015258789,63.415000915527344,64.19499969482422,9567000.0
2023-01-04,64.79499816894531,65.6050033569336,63.97999954223633,65.125,8079600.0
2023-01-05,64.66999816894531,64.94999694824219,64.08499908447266,64.5199966430664,7776200.0
2023-01-06,64.33999633789062,66.29000091552734,63.8849983215332,66.03500366210938,9239400.0
2023-01-09,66.83499908447266,67.51499938964844,66.38500213623047,66.43499755859375,9387800.0
2023-01-10,66.47000122070312,67.27999877929688,66.11000061035156,67.2699966430664,8830800.0
2023-01-11,67.84500122070312,69.08999633789062,67.78500366210938,69.08499908447266,12708000.0
2023-01-12,69.51499938964844,69.59500122070312,68.08999633789062,69.19999694824219,9572200.0
2023-01-13,68.12999725341797,69.91500091552734,68.03500366210938,69.8499984741211,7969400.0
2023-01-17,70.05500030517578,70.45999908447266,69.69999694824219,69.9000015258789,7499800.0
2023-01-18,70.61000061035156,71.01499938964844,68.95999908447266,68.98999786376953,9596800.0
2023-01-19,68.48500061035156,68.69999694824219,67.49500274658203,67.84500122070312,12957200.0
2023-01-20,67.99500274658203,69.52999877929688,67.66000366210938,69.48999786376953,7502600.0
2023-01-23,69.67500305175781,70.83999633789062,69.2699966430664,70.57499694824219,9168000.0
2023-01-24,70.33000183105469,70.83000183105469,69.875,70.49500274658203,6373000.0
2023-01-25,69.42500305175781,70.94999694824219,68.9000015258789,70.8550033569336,7540400.0
2023-01-26,72.11000061035156,72.51499938964844,71.3949966430664,72.30500030517578,9641200.0
2023-01-27,72.36499786376953,74.51499938964844,72.3499984741211,73.94499969482422,10945200.0
2023-01-30,73.38999938964844,73.875,72.625,72.68499755859375,9578400.0
2023-01-31,72.76499938964844,74.3499984741211,72.76499938964844,74.3499984741211,6975600.0
2023-02-01,74.15499877929688,76.3550033569336,73.38999938964844,75.76000213623047,13913800.0
2023-02-02,77.40499877929688,79.01499938964844,77.05000305175781,78.08000183105469,14039600.0
2023-02-03,75.73999786376953,77.4749984741211,75.33999633789062,75.67500305175781,13593800.0
2023-02-06,75.38999938964844,76.0250015258789,74.93499755859375,75.56500244140625,8770000.0
2023-02-07,75.23500061035156,75.93000030517578,73.83000183105469,75.73999786376953,9833200.0
2023-02-08,75.48999786376953,75.67500305175781,74.57499694824219,75.09500122070312,11128000.0
2023-02-09,76.09500122070312,76.59500122070312,74.58499908447266,74.95500183105469,8316200.0
2023-02-10,74.30000305175781,74.65499877929688,73.4749984741211,74.07499694824219,6433000.0
2023-02-13,74.06999969482422,75.19499969482422,73.56999969482422,75.16000366210938,6721400.0
2023-02-14,74.62999725341797,76.26499938964844,74.16500091552734,76.05999755859375,8722600.0
2023-02-15,75.84500122070312,76.96499633789062,75.55000305175781,76.94999694824219,6820200.0
2023-02-16,75.7699966430664,76.84500122070312,75.25499725341797,75.2699966430664,11257600.0
2023-02-17,74.83999633789062,75.31999969482422,74.0199966430664,75.28500366210938,7480200.0
2023-02-21,74.16000366210938,74.36000061035156,72.75,72.7699966430664,8837200.0
2023-02-22,72.93499755859375,73.62000274658203,72.61000061035156,73.13999938964844,9928400.0
2023-02-23,73.3949966430664,73.48999786376953,71.84500122070312,73.08000183105469,10568600.0
2023-02-24,71.7249984741211,72.06999969482422,71.33999633789062,71.93000030517578,11914600.0
2023-02-27,72.74500274658203,73.36499786376953,72.5199966430664,72.81999969482422,11244400.0
2023-02-28,72.7750015258789,73.30500030517578,72.48500061035156,72.7699966430664,11185000.0
2023-03-01,72.51000213623047,72.75,71.43499755859375,71.8550033569336,12688800.0
2023-03-02,70.70500183105469,71.7249984741211,70.51499938964844,71.61499786376953,10982800.0
2023-03-03,72.23999786376953,73.27999877929688,72.07499694824219,73.15499877929688,10035200.0
2023-03-06,73.33999633789062,73.59500122070312,72.59500122070312,72.62000274658203,9854400.0
2023-03-07,72.51000213623047,72.87000274658203,71.59500122070312,71.62999725341797,11941800.0
2023-03-08,71.5,71.6500015258789,70.76499938964844,71.5,10816600.0
2023-03-09,71.375,72.11499786376953,69.73500061035156,69.79499816894531,13337400.0
2023-03-10,70.0250015258789,70.75,68.86499786376953,69.0999984741211,29058600.0
2023-03-13,68.08000183105469,70.12999725341797,67.8550033569336,69.24500274658203,23628200.0
2023-03-14,70.18499755859375,70.62000274658203,69.54000091552734,70.41999816894531,15038200.0
2023-03-15,69.375,70.3550033569336,68.99500274658203,70.31500244140625,18002800.0
2023-03-16,69.875,71.88999938964844,69.81999969482422,71.58499908447266,21495600.0
2023-03-17,71.56500244140625,71.61000061035156,70.09500122070312,70.66999816894531,16880000.0
2023-03-20,70.37000274658203,71.19499969482422,69.875,70.76000213623047,11729600.0
2023-03-21,71.67500305175781,72.82499694824219,71.6449966430664,72.71499633789062,12776800.0
2023-03-22,72.75,73.27999877929688,71.06500244140625,71.09500122070312,10983600.0
2023-03-23,71.95500183105469,72.4800033569336,70.31500244140625,71.0199966430664,12255600.0
2023-03-24,70.8550033569336,70.91500091552734,69.88999938964844,70.79000091552734,9434600.0
2023-03-27,71.47000122070312,71.73500061035156,70.63999938964844,70.93499755859375,8414400.0
2023-03-28,70.91500091552734,71.1050033569336,70.37000274658203,70.8499984741211,5719600.0
2023-03-29,71.62000274658203,72.22000122070312,71.37000274658203,72.19499969482422,7725400.0
2023-03-30,72.88500213623047,73.19000244140625,72.53500366210938,72.82499694824219,6478400.0
2023-03-31,73.29000091552734,74.81500244140625,73.18499755859375,74.7699966430664,10453800.0
2023-04-03,74.09500122070312,74.44499969482422,73.56999969482422,74.08499908447266,11338400.0
2023-04-04,74.33000183105469,74.5,73.31999969482422,73.96499633789062,9383000.0
2023-04-05,73.65499877929688,73.68000030517578,72.29499816894531,72.44999694824219,8861600.0
2023-04-06,72.11499786376953,72.59500122070312,71.44499969482422,72.46499633789062,7636200.0
2023-04-10,71.7249984741211,72.80999755859375,71.29499816894531,72.78500366210938,7276800.0
2023-04-11,72.82499694824219,73.30999755859375,72.56999969482422,72.9000015258789,8808000.0
2023-04-12,73.50499725341797,73.52999877929688,71.69000244140625,71.7699966430664,9062600.0
2023-04-13,72.29000091552734,73.41999816894531,72.05500030517578,73.3550033569336,13140000.0
2023-04-14,73.19000244140625,73.9000015258789,72.83999633789062,73.44999694824219,10801600.0
2023-04-17,73.63500213623047,74.12999725341797,73.26499938964844,73.97000122070312,9102400.0
2023-04-18,74.33999633789062,74.51000213623047,73.7699966430664,74.08999633789062,9058800.0
2023-04-19,73.4000015258789,74.44499969482422,73.33000183105469,74.0199966430664,7600400.0
2023-04-20,72.80500030517578,73.50499725341797,72.47000122070312,72.87999725341797,8287000.0
2023-04-21,73.4749984741211,73.9800033569336,72.91000366210938,73.68499755859375,8870200.0
2023-04-24,73.79499816894531,74.2300033569336,73.0,73.67500305175781,7750000.0
2023-04-25,73.19000244140625,73.31999969482422,72.20500183105469,72.21499633789062,8494400.0
2023-04-26,72.58000183105469,72.81500244140625,71.69999694824219,71.84500122070312,7706000.0
2023-04-27,72.3499984741211,73.82499694824219,72.30000305175781,73.73999786376953,9630800.0
2023-04-28,73.3949966430664,74.02999877929688,72.70999908447266,73.93000030517578,8271000.0
2023-05-01,73.75,73.91000366210938,73.09500122070312,73.19999694824219,8547800.0
2023-05-02,73.08999633789062,73.43499755859375,72.38500213623047,73.2750015258789,9217200.0
2023-05-03,72.97000122070312,73.94499969482422,72.63999938964844,72.69499969482422,8512000.0
2023-05-04,72.70500183105469,73.0199966430664,72.0199966430664,72.13500213623047,10663000.0
2023-05-05,72.81500244140625,73.73500061035156,72.68499755859375,73.59500122070312,7371800.0
2023-05-08,73.81999969482422,73.875,73.3550033569336,73.84500122070312,6850000.0
2023-05-09,73.44000244140625,73.87999725341797,73.31999969482422,73.82499694824219,8465000.0
2023-05-10,74.50499725341797,74.88500213623047,73.3499984741211,74.19999694824219,9028000.0
2023-05-11,74.24500274658203,74.63999938964844,73.96499633789062,74.54499816894531,8288600.0
2023-05-12,74.80000305175781,74.99500274658203,73.4749984741211,73.91500091552734,7557800.0
2023-05-15,74.0,74.16000366210938,73.36499786376953,74.01000213623047,6412000.0
2023-05-16,73.50499725341797,74.37000274658203,73.4000015258789,73.70999908447266,6948800.0
2023-05-17,74.17500305175781,75.32499694824219,74.16000366210938,75.24500274658203,9331800.0
2023-05-18,75.41000366210938,76.44499969482422,75.4000015258789,76.41500091552734,8606600.0
2023-05-19,76.2300033569336,76.2699966430664,75.3949966430664,75.7750015258789,7150200.0
2023-05-22,75.80999755859375,76.03500366210938,75.27999877929688,75.54000091552734,7120000.0
2023-05-23,74.95999908447266,75.91999816894531,74.69999694824219,74.8499984741211,8583200.0
2023-05-24,74.69000244140625,74.97000122070312,73.99500274658203,74.57499694824219,6952400.0
2023-05-25,74.80500030517578,74.9000015258789,73.98999786376953,74.23999786376953,7997800.0
2023-05-26,74.41500091552734,76.53500366210938,74.29000091552734,75.98500061035156,10410200.0
2023-05-30,76.81500244140625,77.07499694824219,76.0,76.49500274658203,10981400.0
2023-05-31,75.98999786376953,76.1449966430664,74.75499725341797,75.80500030517578,12489800.0
2023-06-01,75.73999786376953,77.07499694824219,75.21499633789062,76.69999694824219,10168800.0
2023-06-02,77.61499786376953,78.79499816894531,77.56999969482422,78.5,10824600.0
2023-06-05,78.48500061035156,79.0,78.2750015258789,78.73500061035156,7854800.0
2023-06-06,78.58999633789062,79.66500091552734,78.54000091552734,79.55500030517578,9799200.0
2023-06-07,80.11499786376953,80.38500213623047,78.86499786376953,79.01499938964844,9206400.0
2023-06-08,79.13999938964844,80.32499694824219,79.08999633789062,80.18499755859375,6720000.0
2023-06-09,81.01000213623047,81.67500305175781,80.41000366210938,80.5999984741211,11579000.0
2023-06-12,81.09500122070312,82.09500122070312,80.8550033569336,81.98500061035156,9410800.0
2023-06-13,82.63999938964844,82.88999938964844,81.9749984741211,82.83499908447266,10836400.0
2023-06-14,82.9800033569336,83.21499633789062,81.66999816894531,82.7750015258789,13420200.0
2023-06-15,82.03500366210938,83.6050033569336,81.88999938964844,83.31500244140625,10713600.0
2023-06-16,83.90499877929688,83.93499755859375,83.13500213623047,83.19000244140625,13295000.0
2023-06-20,82.84500122070312,83.73999786376953,82.58999633789062,83.6449966430664,10973400.0
2023-06-21,83.61499786376953,83.81999969482422,82.5,82.63999938964844,10916000.0
2023-06-22,82.12999725341797,83.71499633789062,82.03500366210938,83.69499969482422,10753000.0
2023-06-23,82.70999908447266,83.4800033569336,82.38500213623047,82.7249984741211,11690400.0
2023-06-26,82.22000122070312,83.40499877929688,81.62999725341797,81.66500091552734,8673400.0
2023-06-27,82.1449966430664,83.52999877929688,82.04000091552734,83.41999816894531,10957000.0
2023-06-28,83.19999694824219,84.3550033569336,83.12999725341797,83.75,8715400.0
2023-06-29,83.8949966430664,84.09500122070312,83.33999633789062,83.83999633789062,7752600.0
2023-06-30,84.54499816894531,85.17500305175781,84.33000183105469,84.90499877929688,9479000.0
2023-07-03,85.75499725341797,86.40499877929688,85.75499725341797,85.93000030517578,9303200.0
2023-07-05,85.79499816894531,86.0999984741211,85.45500183105469,85.96499633789062,14528600.0
2023-07-06,84.87999725341797,85.04000091552734,84.18499755859375,84.58000183105469,11474400.0
2023-07-07,84.625,85.5250015258789,84.47000122070312,84.68499755859375,10563600.0
2023-07-10,84.75,85.01000213623047,84.22000122070312,84.94499969482422,10638800.0
2023-07-11,85.18000030517578,85.80000305175781,85.1050033569336,85.65499877929688,9633200.0
2023-07-12,86.81999969482422,86.93499755859375,86.2249984741211,86.42500305175781,10131800.0
2023-07-13,87.2300033569336,87.44999694824219,86.62000274658203,87.23500061035156,7390000.0
2023-07-14,87.2300033569336,87.84500122070312,87.07499694824219,87.45999908447266,7919800.0
2023-07-17,87.51000213623047,88.0250015258789,87.41999816894531,87.81500244140625,8363400.0
2023-07-18,87.5,88.37999725341797,87.23999786376953,88.17500305175781,9365200.0
2023-07-19,88.4000015258789,88.9000015258789,88.30999755859375,88.48500061035156,13090400.0
2023-07-20,87.47000122070312,87.58999633789062,85.3499984741211,85.47000122070312,19470600.0
2023-07-21,86.23500061035156,86.25499725341797,85.12000274658203,85.48999786376953,10484000.0
2023-07-24,85.37000274658203,86.18499755859375,85.01000213623047,86.05000305175781,9651200.0
2023-07-25,86.01000213623047,86.18499755859375,85.62999725341797,85.8499984741211,6483600.0
2023-07-26,85.30999755859375,86.20500183105469,85.2300033569336,85.83000183105469,8834600.0
2023-07-27,86.69499969482422,86.86000061035156,84.7750015258789,84.94000244140625,9464000.0
2023-07-28,85.86499786376953,86.61000061035156,85.59500122070312,86.37999725341797,7943000.0
2023-07-31,86.59500122070312,86.87999725341797,86.30999755859375,86.87000274658203,6943600.0
2023-08-01,86.43499755859375,86.55500030517578,85.82499694824219,85.88500213623047,6900200.0
2023-08-02,84.88999938964844,85.19499969482422,84.16999816894531,84.34500122070312,9707000.0
2023-08-03,83.86499786376953,84.75499725341797,83.66500091552734,84.54499816894531,8049600.0
2023-08-04,86.92500305175781,87.30999755859375,85.67500305175781,85.7750015258789,13507200.0
2023-08-07,86.07499694824219,86.66999816894531,85.3550033569336,86.65499877929688,7369000.0
2023-08-08,85.77999877929688,86.09500122070312,85.12999725341797,85.96499633789062,7255400.0
2023-08-09,86.08499908447266,86.08999633789062,84.80000305175781,84.94499969482422,9045000.0
2023-08-10,85.58499908447266,86.45500183105469,84.73999786376953,85.1500015258789,8723000.0
2023-08-11,84.57499694824219,85.11499786376953,84.23500061035156,84.86000061035156,6302200.0
2023-08-14,84.33999633789062,85.12999725341797,84.17500305175781,85.12000274658203,5639400.0
2023-08-15,84.80500030517578,85.18000030517578,83.83499908447266,83.95999908447266,6628600.0
2023-08-16,83.5999984741211,84.1500015258789,82.8949966430664,82.91999816894531,6715400.0
2023-08-17,83.15499877929688,83.23500061035156,81.46499633789062,81.51499938964844,8709200.0
2023-08-18,80.63500213623047,81.54499816894531,80.46499633789062,81.33000183105469,8249000.0
2023-08-21,81.80500030517578,82.3949966430664,81.33999633789062,82.26499938964844,6645200.0
2023-08-22,82.9000015258789,83.06500244140625,82.07499694824219,82.38500213623047,8006600.0
2023-08-23,82.00499725341797,83.28500366210938,81.92500305175781,83.04499816894531,7728600.0
2023-08-24,83.19000244140625,83.30000305175781,81.3949966430664,81.41999816894531,7949000.0
2023-08-25,81.78500366210938,82.56999969482422,81.05000305175781,82.33000183105469,10093000.0
2023-08-28,82.86000061035156,82.94499969482422,82.16500091552734,82.66000366210938,5962800.0
2023-08-29,82.63999938964844,84.76000213623047,82.63999938964844,84.7249984741211,8913800.0
2023-08-30,84.56999969482422,85.41000366210938,84.36000061035156,85.08999633789062,7289000.0
2023-08-31,85.1449966430664,85.81999969482422,85.0250015258789,85.3550033569336,7872600.0
2023-09-01,85.83999633789062,86.05999755859375,84.33999633789062,84.83499908447266,10618400.0
2023-09-05,84.68499755859375,85.09500122070312,84.19499969482422,84.8949966430664,9426200.0
2023-09-06,84.44999694824219,84.58000183105469,83.52999877929688,84.13999938964844,11155000.0
2023-09-07,83.25,84.4749984741211,83.03500366210938,84.375,10439400.0
2023-09-08,84.26000213623047,84.94999694824219,84.13999938964844,84.375,5709400.0
2023-09-11,85.62999725341797,86.77999877929688,85.58999633789062,86.6449966430664,10648600.0
2023-09-12,86.33499908447266,86.91500091552734,85.86000061035156,85.86000061035156,9908200.0
2023-09-13,86.12999725341797,86.78500366210938,85.84500122070312,86.54000091552734,7984800.0
2023-09-14,86.82499694824219,87.61499786376953,86.41999816894531,87.38999938964844,9777000.0
2023-09-15,86.98999786376953,87.11000061035156,85.69999694824219,85.8949966430664,11981600.0
2023-09-18,85.5,85.5999984741211,84.69499969482422,84.80999755859375,7442400.0
2023-09-19,84.37000274658203,84.55000305175781,83.61000061035156,84.38500213623047,8324000.0
2023-09-20,84.66000366210938,85.1449966430664,83.54000091552734,83.54499816894531,8857400.0
2023-09-21,82.48999786376953,82.53500366210938,81.25,81.26499938964844,12236000.0
2023-09-22,81.76000213623047,81.93000030517578,80.3949966430664,80.46499633789062,14209400.0
2023-09-25,80.13500213623047,81.12999725341797,79.93499755859375,80.95999908447266,9486800.0
2023-09-26,80.2249984741211,80.72000122070312,79.30999755859375,79.48500061035156,11667000.0
2023-09-27,79.69499969482422,79.95500183105469,78.37000274658203,79.18000030517578,12485000.0
2023-09-28,78.88999938964844,80.29499816894531,78.69000244140625,80.06500244140625,10291800.0
2023-09-29,81.2300033569336,81.54000091552734,80.04499816894531,80.48999786376953,13116600.0
2023-10-02,80.01000213623047,81.20999908447266,79.81500244140625,80.55500030517578,14663600.0
2023-10-03,79.93499755859375,80.0199966430664,78.31999969482422,78.59500122070312,14613800.0
2023-10-04,78.9800033569336,80.31999969482422,78.95999908447266,80.1449966430664,15340600.0
2023-10-05,80.03500366210938,80.25,79.11499786376953,79.74500274658203,13922000.0
2023-10-06,78.90499877929688,80.61499786376953,78.47000122070312,80.30500030517578,15265000.0
2023-10-09,79.33499908447266,80.55000305175781,78.83000183105469,80.38999938964844,10496000.0
2023-10-10,80.51499938964844,82.04000091552734,80.4800033569336,81.2699966430664,13458600.0
2023-10-11,81.5999984741211,81.99500274658203,80.83999633789062,81.55999755859375,7974400.0
2023-10-12,81.57499694824219,81.72000122070312,80.12000274658203,80.66999816894531,9181200.0
2023-10-13,80.79000091552734,80.91500091552734,79.26499938964844,79.48500061035156,11327000.0
2023-10-16,79.91500091552734,81.02999877929688,79.71499633789062,80.7699966430664,11071400.0
2023-10-17,80.03500366210938,81.36000061035156,79.88500213623047,80.95999908447266,13419800.0
2023-10-18,80.34500122070312,80.47000122070312,78.90499877929688,79.05999755859375,10414600.0
2023-10-19,78.37999725341797,78.73999786376953,76.67500305175781,77.04000091552734,21134800.0
2023-10-20,76.86000061035156,76.9000015258789,75.80500030517578,75.84500122070312,13357800.0
2023-10-23,75.54000091552734,76.8949966430664,74.73500061035156,75.93499755859375,15707200.0
2023-10-24,76.51499938964844,77.23500061035156,76.18499755859375,76.74500274658203,9960400.0
2023-10-25,76.1449966430664,76.2750015258789,75.11000061035156,75.19499969482422,11201000.0
2023-10-26,75.11499786376953,75.5250015258789,73.91500091552734,74.0199966430664,16921600.0
2023-10-27,75.30999755859375,75.94499969482422,74.55000305175781,74.79499816894531,15226600.0
2023-10-30,75.65499877929688,75.95500183105469,74.81999969482422,75.4800033569336,13858000.0
2023-10-31,75.51499938964844,76.28500366210938,75.21499633789062,76.05000305175781,10168600.0
2023-11-01,76.49500274658203,77.04000091552734,75.8949966430664,76.98999786376953,21669800.0
2023-11-02,78.33000183105469,79.04499816894531,78.08499908447266,79.0,20069600.0
2023-11-03,79.6500015258789,80.54000091552734,79.625,80.11000061035156,13727200.0
2023-11-06,80.41000366210938,80.68000030517578,79.66000366210938,80.20999908447266,11280600.0
2023-11-07,80.3550033569336,81.20500183105469,80.19000244140625,81.1050033569336,8773600.0
2023-11-08,81.12999725341797,81.2699966430664,80.41000366210938,80.88999938964844,8334600.0
2023-11-09,80.77999877929688,80.87999725341797,79.0999984741211,79.37999725341797,11497200.0
2023-11-10,79.4800033569336,80.7300033569336,79.07499694824219,80.69999694824219,10312200.0
2023-11-13,80.34500122070312,81.31999969482422,79.98500061035156,81.04499816894531,9880000.0
2023-11-14,83.06999969482422,84.03500366210938,82.94999694824219,83.7750015258789,15258400.0
2023-11-15,84.18499755859375,84.57499694824219,83.61000061035156,83.875,12388800.0
2023-11-16,83.1500015258789,83.7300033569336,82.6500015258789,83.01499938964844,12287400.0
2023-11-17,83.29499816894531,83.79499816894531,82.7750015258789,83.56999969482422,8921000.0
2023-11-20,83.55000305175781,84.18000030517578,83.29499816894531,84.0,9285000.0
2023-11-21,83.375,83.87000274658203,83.1050033569336,83.78500366210938,7603600.0
2023-11-22,84.1449966430664,84.68499755859375,83.70999908447266,84.04000091552734,8963400.0
2023-11-24,83.98500061035156,84.26499938964844,83.83999633789062,84.12000274658203,3483000.0
2023-11-27,84.16999816894531,84.69499969482422,83.80999755859375,84.25499725341797,7299600.0
2023-11-28,84.15499877929688,84.78500366210938,83.69499969482422,84.73999786376953,11974000.0
2023-11-29,85.37000274658203,85.80000305175781,84.44999694824219,84.51000213623047,7659400.0
2023-11-30,84.51000213623047,84.54499816894531,83.7300033569336,84.38999938964844,13023000.0
2023-12-01,84.02999877929688,85.56999969482422,83.86499786376953,85.54499816894531,14955800.0
2023-12-04,84.92500305175781,85.58999633789062,84.72000122070312,85.22000122070312,18477600.0
2023-12-05,84.76000213623047,86.21499633789062,84.69000244140625,85.37000274658203,7822600.0
2023-12-06,86.01000213623047,86.43000030517578,85.43000030517578,85.49500274658203,12228000.0
2023-12-07,85.83999633789062,86.3550033569336,85.56500244140625,86.19999694824219,7380200.0
2023-12-08,85.76499938964844,86.76000213623047,85.69999694824219,86.59500122070312,8096400.0
2023-12-11,86.49500274658203,86.93499755859375,86.2300033569336,86.82499694824219,18892400.0
2023-12-12,86.7300033569336,87.15499877929688,86.38500213623047,87.09500122070312,7411400.0
2023-12-13,87.06500244140625,88.33000183105469,86.38500213623047,88.23500061035156,10898400.0
2023-12-14,89.00499725341797,89.7750015258789,88.66500091552734,89.41999816894531,15288800.0
2023-12-15,89.44000244140625,89.82499694824219,89.1449966430664,89.6050033569336,11258200.0
2023-12-18,89.7300033569336,90.28500366210938,89.55000305175781,90.0,7719400.0
2023-12-19,90.30500030517578,90.94000244140625,90.28500366210938,90.70500183105469,7194000.0
2023-12-20,90.30000305175781,91.09500122070312,89.02999877929688,89.05000305175781,8621600.0
2023-12-21,89.98999786376953,90.43499755859375,89.48500061035156,90.40499877929688,7855000.0
2023-12-22,90.04499816894531,90.43000030517578,89.37000274658203,89.73999786376953,8522800.0
2023-12-26,89.94000244140625,90.23500061035156,89.76499938964844,90.12000274658203,5480800.0
2023-12-27,90.23500061035156,90.66500091552734,90.19000244140625,90.43000030517578,7495800.0
2023-12-28,90.55999755859375,90.7300033569336,89.88999938964844,89.95999908447266,5608800.0
2023-12-29,89.99500274658203,90.1449966430664,89.0999984741211,89.40499877929688,8268600.0
2024-01-02,89.125,89.16500091552734,88.23500061035156,88.57499694824219,15369600.0
2024-01-03,87.98500061035156,88.02999877929688,86.75,86.78500366210938,15522800.0
2024-01-04,86.43499755859375,87.24500274658203,86.1449966430664,86.17500305175781,11915000.0
2024-01-05,85.95500183105469,87.01499938964844,85.91999816894531,86.30999755859375,12084400.0
2024-01-08,86.45999908447266,87.87999725341797,86.44000244140625,87.77999877929688,8142600.0
2024-01-09,87.13999938964844,87.58000183105469,86.91500091552734,87.45500183105469,8330000.0
2024-01-10,87.58999633789062,88.37000274658203,87.56999969482422,88.15499877929688,7624400.0
2024-01-11,88.05500030517578,88.33499908447266,87.12000274658203,88.04000091552734,8592000.0
2024-01-12,87.67500305175781,88.07499694824219,86.81500244140625,86.9800033569336,7444400.0
2024-01-16,86.45500183105469,87.22000122070312,86.19999694824219,86.87999725341797,8976200.0
2024-01-17,85.96499633789062,86.1500015258789,85.4800033569336,86.12000274658203,7961800.0
2024-01-18,86.52999877929688,86.71499633789062,85.66000366210938,86.61000061035156,9926000.0
2024-01-19,86.74500274658203,87.62000274658203,86.2249984741211,87.44499969482422,9782800.0
2024-01-22,87.63500213623047,87.88500213623047,86.66999816894531,87.05999755859375,11184200.0
2024-01-23,87.1449966430664,87.43499755859375,86.41000366210938,86.8499984741211,7107200.0
2024-01-24,87.42500305175781,87.51499938964844,86.45500183105469,86.5199966430664,8622200.0
2024-01-25,85.70500183105469,85.7750015258789,84.86000061035156,85.44999694824219,11092800.0
2024-01-26,85.81500244140625,86.2750015258789,85.51499938964844,85.83999633789062,6977800.0
2024-01-29,86.01499938964844,87.11000061035156,85.86499786376953,87.09500122070312,7381200.0
2024-01-30,87.23999786376953,87.45999908447266,86.87999725341797,87.04499816894531,6274400.0
2024-01-31,86.48999786376953,86.95500183105469,85.38500213623047,85.45999908447266,13663800.0
2024-02-01,85.86000061035156,87.12999725341797,85.55999755859375,87.1050033569336,14682200.0
2024-02-02,87.69999694824219,89.0199966430664,87.27999877929688,88.66000366210938,20763800.0
2024-02-05,87.75,87.75,86.37999725341797,87.41000366210938,13346200.0
2024-02-06,87.03500366210938,87.95999908447266,87.03500366210938,87.94000244140625,9373600.0
2024-02-07,88.43000030517578,89.25499725341797,88.22000122070312,88.92500305175781,7796400.0
2024-02-08,88.98500061035156,89.37000274658203,88.81500244140625,89.31500244140625,8100000.0
2024-02-09,89.23999786376953,90.09500122070312,89.03500366210938,89.94999694824219,9584800.0
2024-02-12,89.9800033569336,90.44000244140625,89.70500183105469,89.875,6040200.0
2024-02-13,88.06500244140625,88.58499908447266,87.61499786376953,88.08499908447266,14801400.0
2024-02-14,88.41999816894531,89.05500030517578,87.93499755859375,89.01499938964844,11561000.0
2024-02-15,89.19499969482422,90.05000305175781,88.95999908447266,90.04499816894531,10567600.0
2024-02-16,89.65499877929688,90.03500366210938,88.95999908447266,89.51000213623047,8512200.0
2024-02-20,88.69000244140625,89.00499725341797,88.1050033569336,88.66500091552734,8756400.0
2024-02-21,88.95500183105469,89.73999786376953,88.73500061035156,89.31999969482422,8886200.0
2024-02-22,90.12000274658203,91.19999694824219,89.95999908447266,91.05500030517578,8800000.0
2024-02-23,90.69999694824219,91.1050033569336,90.5,90.6449966430664,7575800.0
2024-02-26,90.91000366210938,91.36499786376953,90.78500366210938,90.92500305175781,7051600.0
2024-02-27,91.33499908447266,91.6500015258789,90.88500213623047,91.2249984741211,5852400.0
2024-02-28,91.07499694824219,92.0199966430664,91.0250015258789,91.58499908447266,7408800.0
2024-02-29,91.91000366210938,92.41999816894531,91.44000244140625,92.20500183105469,8270400.0
2024-03-01,92.125,92.6449966430664,91.65499877929688,92.51000213623047,11065800.0
2024-03-04,92.05500030517578,92.36499786376953,91.23500061035156,91.26000213623047,11336800.0
2024-03-05,90.67500305175781,90.83999633789062,89.81500244140625,90.125,12941800.0
2024-03-06,90.4800033569336,90.72000122070312,89.55000305175781,89.80500030517578,9299600.0
2024-03-07,90.05000305175781,90.86000061035156,90.02999877929688,90.48999786376953,6713400.0
2024-03-08,90.69999694824219,91.06500244140625,89.8550033569336,90.15499877929688,12463600.0
2024-03-11,89.90499877929688,90.26499938964844,89.68499755859375,89.91000366210938,8306400.0
2024-03-12,90.20999908447266,91.03500366210938,89.6050033569336,90.68499755859375,7906400.0
2024-03-13,90.45999908447266,91.06500244140625,90.3550033569336,90.49500274658203,5717000.0
2024-03-14,90.5999984741211,90.69000244140625,89.43499755859375,89.91999816894531,10810400.0
2024-03-15,89.31500244140625,89.91999816894531,88.78500366210938,89.0250015258789,9868800.0
2024-03-18,89.7249984741211,89.93499755859375,89.0999984741211,89.51000213623047,8512800.0
2024-03-19,89.48999786376953,90.33000183105469,89.36499786376953,90.28500366210938,7624200.0
2024-03-20,90.45999908447266,91.6449966430664,90.38500213623047,91.62999725341797,8497400.0
2024-03-21,92.2699966430664,92.61000061035156,92.12000274658203,92.16500091552734,7146400.0
2024-03-22,91.20500183105469,91.6050033569336,91.01499938964844,91.36000061035156,5718600.0
2024-03-25,91.00499725341797,91.52999877929688,91.00499725341797,91.05999755859375,5664600.0
2024-03-26,91.6449966430664,92.0250015258789,91.11499786376953,91.17500305175781,5387800.0
2024-03-27,91.88500213623047,92.23999786376953,91.43499755859375,92.2300033569336,5812000.0
2024-03-28,92.11499786376953,92.38500213623047,91.91500091552734,91.94499969482422,5958200.0
2024-04-01,92.04499816894531,92.1449966430664,90.92500305175781,91.26000213623047,9941800.0
2024-04-02,89.79000091552734,89.95999908447266,89.51000213623047,89.91500091552734,12270400.0
2024-04-03,89.41000366210938,90.29499816894531,89.41000366210938,89.9800033569336,10165200.0
2024-04-04,90.66000366210938,91.0,88.91500091552734,88.92500305175781,9650600.0
2024-04-05,89.22000122070312,90.0,89.03500366210938,89.41999816894531,10081800.0
2024-04-08,89.94999694824219,90.56500244140625,89.87999725341797,90.2699966430664,8295800.0
2024-04-09,90.71499633789062,90.74500274658203,89.94000244140625,90.69499969482422,8559800.0
2024-04-10,89.22000122070312,89.66000366210938,88.87999725341797,89.29499816894531,10806000.0
2024-04-11,89.5999984741211,90.33999633789062,88.8499984741211,90.01499938964844,8433400.0
2024-04-12,89.31500244140625,89.375,88.26499938964844,88.55500030517578,10729000.0
2024-04-15,89.19999694824219,89.26499938964844,87.0,87.08000183105469,11136800.0
2024-04-16,86.62999725341797,87.06999969482422,86.17500305175781,86.58499908447266,12870800.0
2024-04-17,87.00499725341797,87.09500122070312,85.80999755859375,86.16500091552734,12416800.0
2024-04-18,86.32499694824219,86.68000030517578,85.3949966430664,85.62999725341797,9411800.0
2024-04-19,85.62999725341797,85.82499694824219,84.54499816894531,84.87999725341797,13580800.0
2024-04-22,85.05999755859375,85.68499755859375,84.44999694824219,85.25499725341797,8950200.0
2024-04-23,85.73999786376953,86.5199966430664,85.31500244140625,86.2699966430664,7889400.0
2024-04-24,87.55999755859375,87.81500244140625,86.47000122070312,87.09500122070312,8948600.0
2024-04-25,85.7750015258789,87.3550033569336,85.41500091552734,87.16999816894531,10701200.0
2024-04-26,87.47000122070312,88.55000305175781,87.34500122070312,87.95500183105469,6665800.0
2024-04-29,89.76499938964844,90.13999938964844,89.12000274658203,90.0,10308400.0
2024-04-30,89.12000274658203,89.54000091552734,87.73999786376953,87.80999755859375,7218400.0
2024-05-01,87.8550033569336,88.97000122070312,86.81500244140625,87.26000213623047,14336800.0
2024-05-02,88.08000183105469,88.52999877929688,87.20999908447266,88.36000061035156,8238600.0
2024-05-03,89.47000122070312,89.99500274658203,88.80000305175781,88.95500183105469,9013000.0
2024-05-06,89.51000213623047,89.90499877929688,89.25,89.90499877929688,6229000.0
2024-05-07,89.84500122070312,89.88500213623047,89.125,89.26000213623047,6300600.0
2024-05-08,88.4800033569336,89.05999755859375,88.41500091552734,88.92500305175781,5763200.0
2024-05-09,88.96499633789062,89.75,88.76499938964844,89.52999877929688,5046000.0
2024-05-10,89.6050033569336,89.67500305175781,88.86499786376953,89.05000305175781,5654400.0
2024-05-13,89.43499755859375,89.63999938964844,88.625,88.93499755859375,8142800.0
2024-05-14,88.79000091552734,89.48500061035156,88.75,89.33999633789062,6044600.0
2024-05-15,89.73999786376953,89.80500030517578,88.8949966430664,89.4749984741211,7182800.0
2024-05-16,89.42500305175781,89.55999755859375,88.86499786376953,88.8949966430664,6589200.0
2024-05-17,88.9749984741211,89.36499786376953,88.71499633789062,89.3499984741211,5577400.0
2024-05-20,89.13999938964844,89.38999938964844,88.4749984741211,88.68499755859375,4002000.0
2024-05-21,88.6050033569336,89.2750015258789,88.2699966430664,89.25499725341797,4375400.0
2024-05-22,89.04000091552734,89.12999725341797,87.96499633789062,88.32499694824219,6332200.0
2024-05-23,88.56500244140625,88.56500244140625,86.76499938964844,86.8949966430664,7354600.0
2024-05-24,87.48999786376953,88.04499816894531,87.24500274658203,87.7699966430664,5150200.0
2024-05-28,87.44999694824219,87.73999786376953,87.08499908447266,87.55500030517578,5344200.0
2024-05-29,86.9000015258789,87.31999969482422,86.9000015258789,86.9800033569336,4344000.0
2024-05-30,87.23500061035156,87.73999786376953,87.06500244140625,87.49500274658203,4496600.0
2024-05-31,87.55500030517578,88.00499725341797,86.6050033569336,87.98500061035156,6840400.0
2024-06-03,88.04499816894531,88.33499908447266,87.125,87.94499969482422,7929000.0
2024-06-04,87.57499694824219,88.3949966430664,87.54499816894531,88.03500366210938,5779800.0
2024-06-05,88.23999786376953,88.55000305175781,87.44499969482422,88.55000305175781,4581800.0
2024-06-06,88.625,89.2300033569336,88.58499908447266,89.19499969482422,4455600.0
2024-06-07,88.69000244140625,89.37000274658203,88.66500091552734,88.83000183105469,4548600.0
2024-06-10,88.56999969482422,89.20500183105469,88.56999969482422,89.11499786376953,3731000.0
2024-06-11,89.07499694824219,89.07499694824219,88.09500122070312,88.87999725341797,5566000.0
2024-06-12,89.66000366210938,90.38500213623047,89.38999938964844,89.80500030517578,7957600.0
2024-06-13,90.41500091552734,90.58999633789062,89.55500030517578,89.875,5227000.0
2024-06-14,89.73999786376953,89.73999786376953,88.62999725341797,89.16500091552734,6105600.0
2024-06-17,89.05000305175781,90.95500183105469,88.88500213623047,90.7300033569336,7353200.0
2024-06-18,90.65499877929688,90.76499938964844,90.12000274658203,90.42500305175781,4483800.0
2024-06-20,90.33499908447266,90.76000213623047,90.06500244140625,90.54000091552734,4722800.0
2024-06-21,91.0,91.42500305175781,90.56999969482422,91.30500030517578,8623200.0
2024-06-24,91.31999969482422,91.72000122070312,90.68499755859375,90.72000122070312,5077800.0
2024-06-25,90.81500244140625,90.81500244140625,90.06500244140625,90.3550033569336,4712800.0
2024-06-26,90.13500213623047,91.8499984741211,90.01499938964844,91.66500091552734,5031800.0
2024-06-27,91.875,92.23500061035156,91.50499725341797,92.2249984741211,4228200.0
2024-06-28,91.76499938964844,92.3550033569336,90.73500061035156,91.19999694824219,7914600.0
2024-07-01,91.55500030517578,91.93499755859375,91.03500366210938,91.51000213623047,6393200.0
2024-07-02,92.01499938964844,93.30000305175781,91.93000030517578,93.29000091552734,5884600.0
2024-07-03,93.61499786376953,94.23500061035156,93.4800033569336,93.88500213623047,4379600.0
2024-07-05,94.3499984741211,94.70999908447266,93.87999725341797,94.6500015258789,3996400.0
2024-07-08,94.52999877929688,95.11000061035156,94.43499755859375,94.69499969482422,3676800.0
2024-07-09,94.58999633789062,95.61000061035156,94.5250015258789,95.01000213623047,3656000.0
2024-07-10,95.22000122070312,95.81500244140625,94.66500091552734,95.7249984741211,4557800.0
2024-07-11,96.17500305175781,96.83000183105469,94.2249984741211,94.51000213623047,8996000.0
2024-07-12,94.38500213623047,96.55500030517578,94.25,95.74500274658203,5453600.0
2024-07-15,96.27999877929688,96.94999694824219,95.33499908447266,95.63500213623047,5080200.0
2024-07-16,96.19000244140625,97.3949966430664,96.03500366210938,97.3499984741211,4123200.0
2024-07-17,96.62999725341797,96.875,95.55500030517578,95.7249984741211,5797200.0
2024-07-18,95.92500305175781,96.54000091552734,94.47000122070312,94.75,4375200.0
2024-07-19,94.3949966430664,94.77999877929688,93.5250015258789,93.90499877929688,3872200.0
2024-07-22,94.58499908447266,95.2699966430664,94.22000122070312,94.94000244140625,4808400.0
2024-07-23,95.30500030517578,95.45500183105469,94.47000122070312,94.51499938964844,4823600.0
2024-07-24,92.41999816894531,92.45999908447266,90.6050033569336,90.6500015258789,8200800.0
2024-07-25,90.63500213623047,91.87999725341797,90.0199966430664,90.29499816894531,10240800.0
2024-07-26,90.95999908447266,91.78500366210938,90.7300033569336,91.30500030517578,4529400.0
2024-07-29,91.91999816894531,93.16999816894531,91.87000274658203,92.83000183105469,7145600.0
2024-07-30,93.04000091552734,93.16500091552734,91.44999694824219,92.31500244140625,4281000.0
2024-07-31,93.41999816894531,94.52999877929688,93.21499633789062,93.74500274658203,4993600.0
2024-08-01,93.78500366210938,94.06500244140625,90.66000366210938,91.44499969482422,7295800.0
2024-08-02,88.46499633789062,88.46499633789062,87.0250015258789,88.08000183105469,12738400.0
2024-08-05,83.52999877929688,86.4749984741211,83.23999786376953,85.58999633789062,16391800.0
2024-08-06,86.04499816894531,87.7699966430664,85.25499725341797,86.53500366210938,9523400.0
2024-08-07,87.24500274658203,87.4000015258789,84.91999816894531,85.0250015258789,8404400.0
2024-08-08,85.79000091552734,87.11499786376953,85.31999969482422,86.87999725341797,5935200.0
2024-08-09,86.86499786376953,87.57499694824219,86.6500015258789,87.16999816894531,6379600.0
2024-08-12,87.33999633789062,87.33999633789062,86.29499816894531,86.82499694824219,4929800.0
2024-08-13,87.2300033569336,89.08000183105469,87.05999755859375,89.0,5847000.0
2024-08-14,88.98999786376953,89.26000213623047,88.16999816894531,88.5250015258789,4779800.0
2024-08-15,90.20999908447266,91.48500061035156,90.20999908447266,91.3499984741211,6288000.0
2024-08-16,90.92500305175781,91.94499969482422,90.92500305175781,91.56500244140625,4767800.0
2024-08-19,91.80000305175781,92.73999786376953,91.70999908447266,92.69000244140625,4570000.0
2024-08-20,92.69999694824219,93.1500015258789,92.33499908447266,92.6050033569336,4679000.0
2024-08-21,93.36499786376953,93.96499633789062,93.15499877929688,93.7750015258789,4532200.0
2024-08-22,93.94000244140625,94.02999877929688,91.98500061035156,92.15499877929688,5709800.0
2024-08-23,92.875,94.04000091552734,92.86000061035156,93.93499755859375,6304200.0
2024-08-26,93.84500122070312,94.04499816894531,92.91500091552734,93.20500183105469,3211000.0
2024-08-27,92.9749984741211,93.09500122070312,92.33000183105469,92.95999908447266,3328200.0
2024-08-28,92.90499877929688,93.13500213623047,91.32499694824219,92.05999755859375,5668600.0
2024-08-29,92.87000274658203,93.26499938964844,92.08499908447266,92.16999816894531,4616000.0
2024-08-30,92.51000213623047,93.6449966430664,92.13999938964844,93.55999755859375,4672200.0
2024-09-03,93.29000091552734,93.7249984741211,91.8499984741211,92.2750015258789,9876400.0
2024-09-04,92.01499938964844,92.93499755859375,91.8949966430664,92.51499938964844,10007600.0
2024-09-05,92.94999694824219,94.20500183105469,92.86000061035156,93.56500244140625,7264200.0
2024-09-06,93.74500274658203,94.08499908447266,91.16000366210938,91.19999694824219,7714000.0
2024-09-09,92.15499877929688,92.88999938964844,91.91000366210938,92.52999877929688,4297400.0
2024-09-10,92.88999938964844,93.6500015258789,92.33499908447266,93.58999633789062,9424600.0
2024-09-11,93.44999694824219,94.65499877929688,91.50499725341797,94.5250015258789,7511200.0
2024-09-12,94.5199966430664,95.63500213623047,94.41000366210938,95.58999633789062,4748600.0
2024-09-13,95.67500305175781,96.4800033569336,95.55500030517578,96.23999786376953,3926200.0
2024-09-16,96.19000244140625,96.3949966430664,95.55500030517578,96.07499694824219,3077200.0
2024-09-17,96.6449966430664,97.5199966430664,96.26499938964844,96.56500244140625,4307800.0
2024-09-18,96.70500183105469,98.0250015258789,96.26000213623047,96.375,6634600.0
2024-09-19,98.23500061035156,98.79000091552734,97.91500091552734,98.56999969482422,5865400.0
2024-09-20,98.3949966430664,98.49500274658203,97.61499786376953,98.34500122070312,5552400.0
2024-09-23,98.55500030517578,99.375,98.3499984741211,99.33499908447266,7271200.0
2024-09-24,99.82499694824219,100.2300033569336,99.23500061035156,100.20500183105469,4059200.0
2024-09-25,99.86000061035156,100.05999755859375,99.54499816894531,99.84500122070312,3389800.0
2024-09-26,100.7300033569336,100.94999694824219,99.67500305175781,100.2699966430664,4266400.0
2024-09-27,100.6500015258789,100.82499694824219,100.12999725341797,100.41999816894531,3441800.0
2024-09-30,100.1449966430664,100.46499633789062,99.2249984741211,100.18499755859375,4572400.0
2024-10-01,100.125,100.21499633789062,98.4800033569336,99.77999877929688,8229000.0
2024-10-02,98.5999984741211,99.20999908447266,98.19499969482422,98.93499755859375,7482400.0
2024-10-03,98.07499694824219,98.45500183105469,97.3949966430664,97.79000091552734,7101400.0
2024-10-04,98.87000274658203,99.31500244140625,98.05999755859375,99.08499908447266,7828200.0
2024-10-07,98.3550033569336,98.3550033569336,97.19499969482422,97.54499816894531,5202000.0
2024-10-08,97.9800033569336,98.65499877929688,97.81999969482422,98.49500274658203,4733200.0
2024-10-09,98.81999969482422,99.4000015258789,98.3949966430664,99.19999694824219,5537400.0
2024-10-10,99.0199966430664,99.23999786376953,98.41999816894531,98.70999908447266,3259000.0
2024-10-11,97.71499633789062,98.68499755859375,97.69999694824219,98.29000091552734,4991600.0
2024-10-14,98.48999786376953,98.88500213623047,98.08499908447266,98.72000122070312,3566600.0
2024-10-15,98.75,99.58000183105469,98.75,98.93499755859375,6855200.0
2024-10-16,99.02999877929688,99.4800033569336,98.9000015258789,99.45500183105469,4607000.0
2024-10-17,99.62999725341797,99.79000091552734,99.03500366210938,99.36499786376953,3488800.0
2024-10-18,99.57499694824219,100.0199966430664,99.18499755859375,99.75499725341797,3797000.0
2024-10-21,99.53500366210938,99.53500366210938,98.6050033569336,98.9800033569336,3304800.0
2024-10-22,98.22000122070312,98.93499755859375,97.95999908447266,98.58000183105469,3157600.0
2024-10-23,97.79000091552734,98.01499938964844,96.51499938964844,97.02999877929688,4339000.0
2024-10-24,99.1500015258789,100.2249984741211,98.8499984741211,100.08999633789062,6991400.0
2024-10-25,100.2699966430664,101.29000091552734,100.03500366210938,100.40499877929688,5440000.0
2024-10-28,101.19499969482422,101.54000091552734,100.59500122070312,100.63999938964844,4102400.0
2024-10-29,99.80500030517578,100.32499694824219,99.48999786376953,100.11499786376953,4247000.0
2024-10-30,100.3550033569336,100.80500030517578,99.8949966430664,99.9749984741211,4879800.0
2024-10-31,99.75,99.9749984741211,98.38500213623047,98.44499969482422,6197400.0
2024-11-01,100.25499725341797,101.07499694824219,99.94999694824219,100.04499816894531,7607600.0
2024-11-04,99.625,100.5250015258789,99.45500183105469,99.69999694824219,4769200.0
2024-11-05,99.92500305175781,101.49500274658203,99.83999633789062,101.46499633789062,4424200.0
2024-11-06,103.7750015258789,104.79499816894531,102.94999694824219,104.70999908447266,9398600.0
2024-11-07,104.91500091552734,106.4800033569336,104.87999725341797,106.05500030517578,8021000.0
2024-11-08,106.04000091552734,108.13500213623047,105.92500305175781,107.55999755859375,7785800.0
2024-11-11,109.25,110.19499969482422,108.75499725341797,109.7300033569336,9210000.0
2024-11-12,109.44999694824219,109.46499633789062,107.875,108.26499938964844,10535200.0
2024-11-13,108.99500274658203,109.7699966430664,108.62000274658203,109.19000244140625,5883400.0
2024-11-14,109.01000213623047,109.44999694824219,107.55000305175781,107.63999938964844,4620200.0
2024-11-15,107.03500366210938,107.55000305175781,106.2300033569336,106.72000122070312,7824800.0
2024-11-18,108.00499725341797,108.52999877929688,107.01499938964844,107.70500183105469,4752200.0
2024-11-19,106.70999908447266,108.11499786376953,106.21499633789062,107.78500366210938,3935800.0
2024-11-20,107.46499633789062,107.53500366210938,106.19000244140625,107.30999755859375,5979200.0
2024-11-21,107.63500213623047,107.7699966430664,106.66999816894531,107.5,5468400.0
2024-11-22,107.80999755859375,109.36499786376953,107.80999755859375,109.05000305175781,4550600.0
2024-11-25,110.3499984741211,111.13500213623047,110.11000061035156,110.16500091552734,7360400.0
2024-11-26,110.11000061035156,110.75499725341797,109.93499755859375,110.56500244140625,3979600.0
2024-11-27,110.7699966430664,110.92500305175781,109.75499725341797,110.0199966430664,3829000.0
2024-11-29,110.26499938964844,111.17500305175781,110.19999694824219,111.1500015258789,1771400.0
2024-12-02,111.93499755859375,112.38500213623047,111.7249984741211,112.12000274658203,8134800.0
2024-12-03,111.9000015258789,112.1050033569336,111.43000030517578,112.03500366210938,7051400.0
2024-12-04,112.2750015258789,113.18499755859375,112.15499877929688,113.07499694824219,5539400.0
2024-12-05,113.18499755859375,114.51499938964844,113.13500213623047,114.0,7321000.0
2024-12-06,114.93000030517578,116.42500305175781,114.91999816894531,116.4000015258789,4889200.0
2024-12-09,117.06999969482422,117.78500366210938,115.61499786376953,116.02999877929688,6513800.0
2024-12-10,116.05000305175781,117.30000305175781,115.83499908447266,116.22000122070312,7630800.0
2024-12-11,117.18499755859375,118.30000305175781,117.12000274658203,118.26000213623047,5734800.0
2024-12-12,118.19999694824219,118.33000183105469,117.12999725341797,117.27999877929688,4871800.0
2024-12-13,117.24500274658203,117.79499816894531,116.94999694824219,117.74500274658203,5382400.0
2024-12-16,118.3550033569336,119.42500305175781,118.125,119.33999633789062,6013600.0
2024-12-17,119.87999725341797,119.96499633789062,118.7249984741211,119.71499633789062,10221000.0
2024-12-18,118.76499938964844,120.13999938964844,113.8550033569336,114.31999969482422,14405000.0
2024-12-19,115.87999725341797,116.20999908447266,113.48500061035156,114.16500091552734,13205200.0
2024-12-20,113.0199966430664,116.25499725341797,112.75,114.45500183105469,10915800.0
2024-12-23,114.44499969482422,114.69999694824219,113.08999633789062,114.58499908447266,5922400.0
2024-12-24,115.06999969482422,117.25,114.9749984741211,117.23500061035156,2552600.0
2024-12-26,116.98500061035156,117.2249984741211,116.28500366210938,116.80000305175781,4109600.0
2024-12-27,116.0250015258789,116.0250015258789,114.31500244140625,114.87000274658203,6097200.0
2024-12-30,113.125,113.75499725341797,112.31500244140625,113.0250015258789,5413000.0
2024-12-31,113.63999938964844,113.9749984741211,111.98500061035156,112.17500305175781,5250800.0
2025-01-02,112.22000122070312,112.55999755859375,109.99500274658203,110.69999694824219,9166400.0
2025-01-03,111.31999969482422,113.01000213623047,110.76000213623047,112.94000244140625,6501000.0
2025-01-06,114.16000366210938,114.24500274658203,112.7699966430664,113.38500213623047,6785400.0
2025-01-07,113.29000091552734,113.625,110.78500366210938,111.19000244140625,5554000.0
2025-01-08,111.1500015258789,111.94499969482422,110.58999633789062,111.50499725341797,5309200.0
2025-01-10,111.08000183105469,111.2699966430664,109.80999755859375,110.41000366210938,6869400.0
2025-01-13,109.56999969482422,111.05000305175781,109.1500015258789,111.03500366210938,5422000.0
2025-01-14,112.1500015258789,112.73500061035156,110.40499877929688,110.81999969482422,6762200.0
2025-01-15,113.375,113.73500061035156,112.58999633789062,113.63999938964844,6197400.0
2025-01-16,113.44499969482422,113.44499969482422,112.57499694824219,113.0250015258789,4851800.0
2025-01-17,114.51499938964844,115.33000183105469,114.33000183105469,114.61000061035156,3884600.0
2025-01-21,115.6449966430664,115.75,114.18499755859375,115.44999694824219,6036600.0
2025-01-22,115.20500183105469,115.69499969482422,114.81999969482422,115.01499938964844,4948800.0
2025-01-23,114.84500122070312,115.70999908447266,114.54000091552734,115.70999908447266,3888800.0
2025-01-24,115.73500061035156,115.8550033569336,114.78500366210938,115.00499725341797,3543400.0
2025-01-27,113.27999877929688,115.70999908447266,113.2750015258789,115.66000366210938,7069800.0
2025-01-28,115.32499694824219,116.12000274658203,114.7750015258789,115.80000305175781,5211000.0
2025-01-29,115.8949966430664,116.25,115.08999633789062,115.47000122070312,6538000.0
2025-01-30,117.00499725341797,117.28500366210938,115.7249984741211,116.5999984741211,5386400.0
2025-01-31,116.74500274658203,117.92500305175781,115.86000061035156,116.08499908447266,5092600.0
2025-02-03,113.56999969482422,115.04499816894531,112.6050033569336,114.55000305175781,7460000.0
2025-02-04,114.62000274658203,116.01499938964844,114.6050033569336,115.9000015258789,3987000.0
2025-02-05,115.15499877929688,115.44000244140625,114.31500244140625,114.58499908447266,5902800.0
2025-02-06,114.91000366210938,115.34500122070312,114.33499908447266,115.04000091552734,6045800.0
2025-02-07,114.26000213623047,115.12999725341797,112.69999694824219,112.79000091552734,5536400.0
2025-02-10,113.23999786376953,113.78500366210938,112.72000122070312,113.17500305175781,5963800.0
2025-02-11,112.45500183105469,112.7699966430664,111.61499786376953,111.88999938964844,5538200.0
2025-02-12,111.05500030517578,112.44999694824219,110.76000213623047,111.87000274658203,7903000.0
2025-02-13,112.59500122070312,113.66500091552734,112.3949966430664,113.55000305175781,6484400.0
2025-02-14,114.36000061035156,114.45999908447266,113.11000061035156,113.5,3425600.0
2025-02-18,113.47000122070312,113.62000274658203,112.45999908447266,113.18499755859375,7567200.0
2025-02-19,112.66000366210938,113.18000030517578,112.44000244140625,113.12000274658203,3996400.0
2025-02-20,112.80999755859375,112.80999755859375,111.28500366210938,112.1449966430664,4732400.0
2025-02-21,112.41000366210938,112.44499969482422,108.76000213623047,109.19499969482422,9043000.0
2025-02-24,109.68499755859375,109.84500122070312,108.33000183105469,108.78500366210938,5953400.0
2025-02-25,108.7249984741211,108.9749984741211,106.70500183105469,108.21499633789062,8006400.0
2025-02-26,108.94499969482422,109.55500030517578,107.54000091552734,107.7699966430664,6143600.0
2025-02-27,108.2699966430664,108.56999969482422,106.12999725341797,106.21499633789062,6799000.0
2025-02-28,106.25499725341797,108.05000305175781,105.83000183105469,107.9800033569336,7696400.0
2025-03-03,108.61000061035156,109.18499755859375,104.86000061035156,105.98999786376953,10983600.0
2025-03-04,104.18499755859375,105.93000030517578,102.74500274658203,104.12000274658203,13842600.0
2025-03-05,104.19499969482422,105.8949966430664,103.73500061035156,105.70500183105469,10128200.0
2025-03-06,104.13999938964844,104.8949966430664,102.56999969482422,103.0250015258789,9755400.0
2025-03-07,102.38999938964844,103.125,100.13500213623047,102.83499908447266,9798800.0
2025-03-10,101.47000122070312,101.61000061035156,98.29000091552734,99.16500091552734,14412600.0
2025-03-11,99.11000061035156,99.95999908447266,97.19499969482422,98.19499969482422,14379600.0
2025-03-12,99.8949966430664,99.99500274658203,97.55999755859375,98.76499938964844,8548200.0
2025-03-13,98.61499786376953,98.61499786376953,95.84500122070312,96.30000305175781,9992800.0
2025-03-14,97.7750015258789,98.45500183105469,96.92500305175781,98.3499984741211,6295600.0
2025-03-17,98.36000061035156,99.06500244140625,97.65499877929688,98.50499725341797,6053200.0
2025-03-18,97.58499908447266,97.58999633789062,96.3499984741211,96.75,8246200.0
2025-03-19,97.42500305175781,99.16500091552734,97.19000244140625,98.6050033569336,9831400.0
2025-03-20,97.87999725341797,99.62999725341797,97.80000305175781,98.37000274658203,8586400.0
2025-03-21,97.19499969482422,98.77999877929688,96.69000244140625,98.7249984741211,9794800.0
2025-03-24,99.875,102.23500061035156,99.875,102.1449966430664,8567600.0
2025-03-25,102.38999938964844,103.0199966430664,101.7750015258789,102.95999908447266,7421400.0
2025-03-26,102.73999786376953,102.96499633789062,101.02999877929688,101.61499786376953,6187000.0
2025-03-27,101.29499816894531,103.21499633789062,101.04000091552734,101.68000030517578,6736800.0
2025-03-28,101.09500122070312,101.25499725341797,98.2249984741211,98.5199966430664,9886600.0
2025-03-31,96.59500122070312,99.06500244140625,95.90499877929688,98.7300033569336,10221000.0
2025-04-01,98.6050033569336,100.56500244140625,98.06999969482422,99.76000213623047,11097400.0
2025-04-02,97.96499633789062,102.24500274658203,97.87999725341797,101.65499877929688,9356000.0
2025-04-03,96.13999938964844,97.46499633789062,95.06500244140625,95.51499938964844,13795600.0
2025-04-04,92.30999755859375,94.67500305175781,90.84500122070312,91.3949966430664,25286000.0
2025-04-07,87.92500305175781,94.61000061035156,86.55000305175781,90.31500244140625,41234000.0
2025-04-08,93.72000122070312,94.2300033569336,86.9800033569336,88.16999816894531,17407400.0
2025-04-09,88.0199966430664,98.07499694824219,87.875,97.7699966430664,29318600.0
2025-04-10,95.41500091552734,95.4749984741211,90.9000015258789,93.94999694824219,16600400.0
2025-04-11,93.74500274658203,95.05000305175781,92.06999969482422,94.86000061035156,8266800.0
2025-04-14,96.2750015258789,96.78500366210938,93.86000061035156,95.13500213623047,7720600.0
2025-04-15,94.9800033569336,95.7750015258789,93.91500091552734,94.44999694824219,6676400.0
2025-04-16,93.54000091552734,94.2699966430664,90.94000244140625,92.12000274658203,8579600.0
2025-04-17,92.65499877929688,93.30000305175781,91.9000015258789,92.69999694824219,7623600.0
2025-04-21,91.36499786376953,91.4749984741211,88.98500061035156,90.2249984741211,9802000.0
2025-04-22,91.26000213623047,93.9749984741211,91.25,93.08000183105469,8564800.0
2025-04-23,96.44000244140625,97.4749984741211,94.93499755859375,95.16000366210938,8957400.0
2025-04-24,95.1500015258789,97.1500015258789,94.91500091552734,97.05500030517578,5341200.0
2025-04-25,97.05000305175781,98.86499786376953,96.80999755859375,98.80000305175781,5968800.0
2025-04-28,99.18499755859375,99.94999694824219,97.45999908447266,98.83499908447266,5562000.0
2025-04-29,98.08000183105469,99.66999816894531,97.96499633789062,99.53500366210938,5136600.0
2025-04-30,97.0999984741211,98.90499877929688,95.81500244140625,98.62999725341797,5881800.0
2025-05-01,99.125,100.47000122070312,98.95999908447266,99.17500305175781,7359000.0
2025-05-02,100.2249984741211,101.29000091552734,99.56999969482422,100.71499633789062,7457000.0
2025-05-05,99.90499877929688,100.2249984741211,99.31500244140625,99.6449966430664,4677000.0
2025-05-06,98.43000030517578,99.5,98.33999633789062,98.7750015258789,4811200.0
2025-05-07,98.98500061035156,99.98999786376953,98.625,99.54499816894531,5359400.0
2025-05-08,100.50499725341797,101.76000213623047,99.86499786376953,100.72000122070312,6464400.0
2025-05-09,100.9800033569336,101.95999908447266,100.71499633789062,101.20500183105469,5159600.0
2025-05-12,106.58999633789062,106.5999984741211,105.19499969482422,106.23500061035156,9569400.0
2025-05-13,106.88500213623047,108.08999633789062,106.53500366210938,107.63999938964844,11431000.0
2025-05-14,107.91500091552734,108.58999633789062,107.6050033569336,108.05500030517578,7117000.0
2025-05-15,107.03500366210938,108.1050033569336,106.69999694824219,107.81500244140625,8393000.0
2025-05-16,108.18000030517578,108.91000366210938,107.88999938964844,108.83499908447266,5973200.0
2025-05-19,107.06500244140625,108.73999786376953,106.83999633789062,108.58000183105469,6935000.0
2025-05-20,108.77999877929688,109.08999633789062,107.5,108.01499938964844,7046800.0
2025-05-21,107.16000366210938,107.52999877929688,105.4000015258789,105.82499694824219,10325600.0
2025-05-22,105.63999938964844,107.06500244140625,105.36000061035156,106.27999877929688,8992400.0
2025-05-23,104.51000213623047,105.80000305175781,104.33999633789062,105.32499694824219,7497000.0
2025-05-27,106.51499938964844,108.5250015258789,106.51499938964844,108.43499755859375,7886800.0
2025-05-28,108.52999877929688,108.55999755859375,107.26000213623047,107.44000244140625,7542400.0
2025-05-29,108.5199966430664,108.58499908447266,106.93499755859375,107.48500061035156,8031600.0
2025-05-30,107.06999969482422,107.81500244140625,106.19000244140625,106.9000015258789,10233200.0
2025-06-02,106.59500122070312,107.16500091552734,105.27999877929688,107.1500015258789,8783800.0
2025-06-03,107.24500274658203,108.61499786376953,107.22000122070312,107.72000122070312,7855400.0
2025-06-04,107.80999755859375,107.87000274658203,106.6500015258789,107.43499755859375,7581000.0
2025-06-05,107.16000366210938,107.71499633789062,103.8550033569336,104.7249984741211,12096600.0
2025-06-06,106.23999786376953,106.58499908447266,105.72000122070312,106.08499908447266,9948800.0
2025-06-09,105.72000122070312,107.13500213623047,105.12000274658203,106.93499755859375,10596400.0
2025-06-10,107.08999633789062,108.23500061035156,106.96499633789062,108.21499633789062,8594800.0
2025-06-11,108.84500122070312,108.88500213623047,106.95999908447266,107.36000061035156,6888600.0
2025-06-12,106.76499938964844,107.43499755859375,106.56999969482422,106.8550033569336,5413800.0
2025-06-13,105.48999786376953,107.0,105.36499786376953,105.87000274658203,10292200.0
2025-06-16,106.70500183105469,107.19000244140625,106.3949966430664,107.01000213623047,4764600.0
2025-06-17,106.41500091552734,106.67500305175781,104.97000122070312,105.16500091552734,8473200.0
2025-06-18,105.375,106.34500122070312,105.12000274658203,105.21499633789062,7405800.0
2025-06-20,106.13500213623047,106.37999725341797,104.80999755859375,105.33999633789062,9704800.0
2025-06-23,105.33000183105469,107.3949966430664,104.8550033569336,107.19999694824219,12557200.0
2025-06-24,108.30500030517578,108.34500122070312,107.46499633789062,107.79499816894531,8652000.0
2025-06-25,108.13500213623047,108.16000366210938,106.08000183105469,106.5250015258789,9302000.0
2025-06-26,106.62000274658203,107.7300033569336,106.38999938964844,107.50499725341797,7543000.0
2025-06-27,108.02999877929688,109.30500030517578,107.79499816894531,109.29499816894531,8902000.0
2025-06-30,109.26000213623047,109.5,108.36499786376953,108.66500091552734,7003400.0
2025-07-01,107.62000274658203,109.58999633789062,107.36000061035156,109.12999725341797,13085400.0
2025-07-02,109.82499694824219,110.23999786376953,109.12999725341797,110.00499725341797,12436200.0
2025-07-03,110.5,110.91999816894531,110.20999908447266,110.6050033569336,6904800.0
2025-07-07,109.09500122070312,109.6500015258789,108.51000213623047,109.19999694824219,10081600.0
2025-07-08,109.44999694824219,109.65499877929688,108.74500274658203,108.83000183105469,6855000.0
2025-07-09,109.31500244140625,109.79000091552734,108.90499877929688,109.4749984741211,4864800.0
2025-07-10,109.70999908447266,110.95500183105469,109.59500122070312,110.68499755859375,7566000.0
2025-07-11,110.38999938964844,110.94999694824219,109.93499755859375,110.71499633789062,6690400.0
2025-07-14,110.73999786376953,111.16000366210938,110.41999816894531,111.125,7292200.0
2025-07-15,111.19499969482422,111.45999908447266,109.48999786376953,109.53500366210938,10133200.0
2025-07-16,109.7249984741211,109.96499633789062,108.73500061035156,109.73500061035156,13982600.0
2025-07-17,109.80999755859375,110.28500366210938,109.625,110.11000061035156,7742400.0
2025-07-18,110.66500091552734,111.13999938964844,110.5,111.08499908447266,11246400.0
2025-07-21,111.45999908447266,112.02999877929688,111.375,111.61000061035156,9807800.0
2025-07-22,111.96499633789062,112.94999694824219,111.6500015258789,112.73999786376953,10980000.0
2025-07-23,113.0,113.44499969482422,112.86499786376953,113.2750015258789,10083200.0
2025-07-24,111.76000213623047,112.41000366210938,111.16500091552734,111.4000015258789,15148400.0
2025-07-25,111.95999908447266,112.6050033569336,111.68000030517578,112.43499755859375,12268000.0
2025-07-28,112.87000274658203,113.66999816894531,112.51499938964844,113.08999633789062,11332600.0
2025-07-29,113.11000061035156,113.12999725341797,112.05999755859375,112.30999755859375,11012600.0
2025-07-30,112.4749984741211,112.68000030517578,110.9749984741211,111.5999984741211,13746000.0
2025-07-31,112.13999938964844,112.33000183105469,110.56500244140625,110.71499633789062,13728200.0
2025-08-01,108.26499938964844,108.6500015258789,107.375,108.04499816894531,22660400.0
2025-08-04,108.875,109.48500061035156,108.52999877929688,109.31500244140625,12640200.0
2025-08-05,109.4749984741211,110.1449966430664,109.13500213623047,109.45500183105469,11021600.0
2025-08-06,109.77999877929688,111.77999877929688,109.62999725341797,111.7300033569336,11728800.0
2025-08-07,112.01000213623047,112.5199966430664,110.75499725341797,111.69499969482422,12127600.0
2025-08-08,111.76499938964844,112.44000244140625,111.69499969482422,111.88999938964844,10108600.0
2025-08-11,112.16999816894531,112.75,111.98999786376953,112.18000030517578,9686400.0
2025-08-12,113.02999877929688,113.5,112.2300033569336,113.37000274658203,9791400.0
2025-08-13,113.79499816894531,115.08999633789062,113.67500305175781,114.92500305175781,12555400.0
2025-08-14,114.2699966430664,114.9800033569336,114.1500015258789,114.79499816894531,11244600.0
2025-08-15,115.3949966430664,115.51499938964844,114.11499786376953,114.5199966430664,9346800.0
2025-08-18,114.29000091552734,115.15499877929688,114.29000091552734,114.9800033569336,9293000.0
2025-08-19,115.0,116.02999877929688,114.66500091552734,114.92500305175781,11843000.0
2025-08-20,115.16500091552734,115.44000244140625,113.08999633789062,113.79000091552734,15303600.0
2025-08-21,113.2249984741211,113.41500091552734,112.4749984741211,113.11499786376953,10117000.0
2025-08-22,113.66999816894531,116.6050033569336,113.50499725341797,116.55000305175781,14933800.0
2025-08-25,116.12999725341797,116.75,115.82499694824219,116.31500244140625,9851400.0
2025-08-26,116.1500015258789,116.88500213623047,116.06500244140625,116.8499984741211,10809600.0
2025-08-27,116.84500122070312,117.26499938964844,116.7249984741211,116.875,8764400.0
2025-08-28,117.1050033569336,117.25499725341797,116.34500122070312,117.07499694824219,8211400.0
2025-08-29,117.06999969482422,117.25,115.56500244140625,115.87000274658203,11766000.0
2025-09-02,114.40499877929688,115.13999938964844,114.15499877929688,115.00499725341797,14705400.0
2025-09-03,115.23500061035156,116.11499786376953,114.95999908447266,115.47000122070312,13839000.0
2025-09-04,116.36000061035156,117.63500213623047,116.20999908447266,117.58000183105469,24662400.0
2025-09-05,118.19999694824219,118.93000030517578,117.12999725341797,117.55500030517578,30997000.0
2025-09-08,118.16500091552734,118.3499984741211,117.62000274658203,118.01000213623047,18769200.0
2025-09-09,117.92500305175781,117.97000122070312,117.06500244140625,117.84500122070312,13340200.0
2025-09-10,118.02999877929688,118.02999877929688,116.12999725341797,116.43499755859375,16330400.0
2025-09-11,116.90499877929688,118.77999877929688,116.75499725341797,118.69999694824219,16448800.0
2025-09-12,118.51499938964844,119.48999786376953,118.46499633789062,119.31500244140625,9002800.0
2025-09-15,121.22000122070312,121.38500213623047,119.75499725341797,120.3499984741211,13760200.0
2025-09-16,120.78500366210938,121.2300033569336,120.42500305175781,121.08999633789062,8687400.0
2025-09-17,121.01000213623047,121.69999694824219,119.5,120.78500366210938,15324000.0
2025-09-18,121.26499938964844,121.32499694824219,120.23999786376953,120.23999786376953,10819800.0
2025-09-19,120.87000274658203,121.23500061035156,120.4749984741211,120.69499969482422,12576200.0
2025-09-22,120.4000015258789,121.01000213623047,120.04000091552734,120.08999633789062,12283600.0
2025-09-23,120.36499786376953,120.45500183105469,118.76000213623047,118.95999908447266,9696400.0
2025-09-24,119.49500274658203,120.01000213623047,119.11499786376953,119.80000305175781,9862000.0
2025-09-25,119.05500030517578,119.0999984741211,117.57499694824219,118.11000061035156,11590800.0
2025-09-26,118.6449966430664,119.92500305175781,118.23500061035156,119.8550033569336,9749400.0
2025-09-29,120.48500061035156,120.79499816894531,119.625,120.37999725341797,11244600.0
2025-09-30,120.26499938964844,120.375,118.87999725341797,119.81999969482422,12982000.0
2025-10-01,119.61499786376953,120.94000244140625,119.40499877929688,120.56999969482422,11258000.0
2025-10-02,121.16000366210938,121.3499984741211,119.625,119.69999694824219,13191400.0
2025-10-03,120.24500274658203,120.44499969482422,118.2699966430664,118.93000030517578,13934400.0
2025-10-06,119.7249984741211,120.12000274658203,118.5999984741211,119.94999694824219,10462800.0
2025-10-07,119.63500213623047,119.63999938964844,117.80999755859375,117.8499984741211,14624000.0
2025-10-08,118.36499786376953,118.55999755859375,117.16999816894531,118.19999694824219,7910200.0
2025-10-09,117.74500274658203,117.78500366210938,116.78500366210938,117.61000061035156,9757600.0
2025-10-10,117.66500091552734,118.20999908447266,114.33999633789062,114.375,17978200.0
2025-10-13,115.42500305175781,117.11000061035156,115.23500061035156,116.93000030517578,10860200.0
2025-10-14,115.38999938964844,117.83999633789062,114.91500091552734,117.17500305175781,12533600.0
2025-10-15,117.70999908447266,118.49500274658203,116.37999725341797,117.34500122070312,10836000.0
2025-10-16,117.43499755859375,117.76499938964844,115.33499908447266,116.20999908447266,13036800.0
2025-10-17,116.1500015258789,117.48999786376953,115.875,117.20999908447266,11769800.0
2025-10-20,117.75,118.28500366210938,117.58000183105469,118.13999938964844,8356400.0
2025-10-21,118.36499786376953,120.03500366210938,118.30000305175781,119.58499908447266,8674600.0
2025-10-22,119.3499984741211,119.43000030517578,117.98999786376953,118.6500015258789,12749600.0
2025-10-23,117.66500091552734,119.33499908447266,117.2750015258789,119.18499755859375,11286800.0
2025-10-24,119.62999725341797,119.91500091552734,118.70999908447266,118.83000183105469,6481600.0
2025-10-27,120.06999969482422,120.9749984741211,119.80999755859375,120.54000091552734,7407800.0
2025-10-28,120.36000061035156,121.45500183105469,119.94000244140625,120.56999969482422,8999400.0
2025-10-29,120.59500122070312,120.61499786376953,118.88999938964844,119.57499694824219,11064000.0
2025-10-30,117.73500061035156,118.65499877929688,116.86000061035156,116.875,11853400.0
2025-10-31,120.18499755859375,120.63500213623047,119.19499969482422,119.96499633789062,13414400.0
2025-11-03,121.20500183105469,121.49500274658203,120.76000213623047,121.08999633789062,10730800.0
2025-11-04,119.55000305175781,120.44499969482422,118.91500091552734,119.08000183105469,9312600.0
2025-11-05,119.56500244140625,120.71499633789062,118.6449966430664,120.52999877929688,11716200.0
2025-11-06,119.875,120.03500366210938,117.12999725341797,117.74500274658203,14726000.0
2025-11-07,117.5,118.30999755859375,116.42500305175781,117.93000030517578,11502000.0
2025-11-10,119.09500122070312,119.66999816894531,118.61499786376953,119.4800033569336,10434800.0
2025-11-11,119.2750015258789,119.88500213623047,118.97000122070312,119.7750015258789,12775400.0
2025-11-12,120.125,120.25499725341797,118.66500091552734,118.97000122070312,9314200.0
2025-11-13,118.47000122070312,118.8550033569336,115.79000091552734,116.0,15268400.0
2025-11-14,114.67500305175781,116.51000213623047,114.29499816894531,115.44499969482422,14662200.0
2025-11-17,114.84500122070312,116.1449966430664,113.70999908447266,114.36000061035156,20233600.0
2025-11-18,113.0250015258789,113.62000274658203,112.07499694824219,112.25,27057400.0
2025-11-19,113.11499786376953,113.11499786376953,111.66500091552734,112.25499725341797,15912200.0
2025-11-20,113.51499938964844,114.75,110.46499633789062,110.58000183105469,24924400.0
2025-11-21,111.31999969482422,113.84500122070312,110.9800033569336,112.75,19013200.0
2025-11-24,113.625,114.93499755859375,113.5,114.25499725341797,11181800.0
2025-11-25,114.30000305175781,116.88999938964844,114.08999633789062,116.69999694824219,10395400.0
2025-11-26,117.11000061035156,117.73999786376953,116.6500015258789,117.5,8122200.0
2025-11-28,117.7699966430664,118.4000015258789,117.7699966430664,118.2300033569336,4827200.0
2025-12-01,117.66000366210938,118.95999908447266,117.61499786376953,118.30000305175781,11579800.0
2025-12-02,118.58499908447266,118.66500091552734,117.48500061035156,118.22000122070312,11105800.0
2025-12-03,118.23500061035156,119.80999755859375,118.23500061035156,119.49500274658203,9369800.0
2025-12-04,119.66999816894531,119.79499816894531,118.3949966430664,119.06999969482422,11828800.0
2025-12-05,119.18000030517578,120.08999633789062,119.18000030517578,119.7300033569336,4556800.0
2025-12-08,119.25,119.36000061035156,117.75,117.98999786376953,6400100.0
2025-12-09,117.51000213623047,118.48999786376953,117.33000183105469,117.9800033569336,5153900.0
2025-12-10,118.12000274658203,120.27999877929688,118.11000061035156,119.70999908447266,9440800.0
2025-12-11,119.72000122070312,120.36000061035156,119.51000213623047,120.18000030517578,5863400.0
2025-12-12,120.51000213623047,121.36000061035156,119.66000366210938,120.69999694824219,7865600.0
2025-12-15,121.72000122070312,122.4000015258789,121.22000122070312,121.7300033569336,12137500.0
2025-12-16,121.66000366210938,122.22000122070312,121.05999755859375,121.93000030517578,12052000.0
2025-12-17,122.02999877929688,122.6500015258789,120.5199966430664,120.5199966430664,10597600.0
2025-12-18,122.22000122070312,123.62999725341797,122.08000183105469,122.33999633789062,11598200.0
2025-12-19,122.37000274658203,122.41999816894531,121.73999786376953,121.8499984741211,9728700.0
2025-12-22,122.36000061035156,122.81999969482422,122.08999633789062,122.33999633789062,8073400.0
2025-12-23,122.2699966430664,122.6500015258789,121.88999938964844,122.16999816894531,9766400.0
2025-12-24,122.27999877929688,122.62999725341797,121.93000030517578,122.58999633789062,2250000.0
2025-12-26,122.43000030517578,122.77999877929688,121.87999725341797,122.05000305175781,4197000.0
2025-12-29,121.55999755859375,121.55999755859375,120.70999908447266,120.8499984741211,6535400.0
2025-12-30,120.61000061035156,120.77999877929688,120.2699966430664,120.36000061035156,4180500.0
2025-12-31,120.44000244140625,120.45999908447266,119.36000061035156,119.41000366210938,4356100.0
2026-01-02,120.08000183105469,120.12000274658203,117.70999908447266,118.3499984741211,16200700.0
2026-01-05,118.94999694824219,121.1500015258789,118.58999633789062,120.30000305175781,17653800.0
2026-01-06,119.52999877929688,121.26000213623047,119.44000244140625,121.06999969482422,17759400.0
2026-01-07,121.26000213623047,122.12999725341797,120.9000015258789,120.9000015258789,11327700.0
2026-01-08,120.58000183105469,123.13999938964844,120.4000015258789,122.91999816894531,12565400.0
2026-01-09,122.91999816894531,124.55999755859375,122.18000030517578,124.41000366210938,13817800.0
2026-01-12,123.87000274658203,125.01000213623047,123.33999633789062,124.5199966430664,8773100.0
2026-01-13,124.52999877929688,124.69999694824219,123.41999816894531,124.20999908447266,9033300.0
2026-01-14,123.38999938964844,123.41000366210938,121.63999938964844,122.25,10758100.0
2026-01-15,122.87000274658203,123.25,122.4000015258789,122.69999694824219,7447900.0
2026-01-16,122.76000213623047,123.04000091552734,121.87999725341797,122.30000305175781,7058700.0
2026-01-20,120.27999877929688,120.56999969482422,118.9000015258789,119.12000274658203,9720000.0
2026-01-21,119.41000366210938,121.9000015258789,119.41000366210938,121.4000015258789,11017600.0
2026-01-22,122.12999725341797,123.08000183105469,121.72000122070312,122.62000274658203,6594200.0
2026-01-23,122.4800033569336,123.38999938964844,122.2300033569336,123.12999725341797,6470900.0
2026-01-26,123.05999755859375,123.4000015258789,122.30000305175781,122.31999969482422,4812700.0
2026-01-27,122.73999786376953,122.91999816894531,121.81999969482422,122.69000244140625,4269700.0
2026-01-28,123.08999633789062,123.69000244140625,121.58999633789062,121.7699966430664,8732200.0
2026-01-29,122.47000122070312,122.5999984741211,120.41000366210938,121.19000244140625,12410400.0
2026-01-30,121.26000213623047,122.0,120.54000091552734,121.16999816894531,11706400.0
2026-02-02,120.73999786376953,122.41000366210938,120.12000274658203,121.97000122070312,8483000.0
2026-02-03,122.08000183105469,122.76000213623047,119.81999969482422,120.98999786376953,12467800.0
2026-02-04,121.0999984741211,121.54000091552734,119.3499984741211,120.0999984741211,13915400.0
2026-02-05,118.55000305175781,118.83000183105469,117.06999969482422,117.51000213623047,13290000.0
2026-02-06,115.69000244140625,118.16000366210938,115.4000015258789,117.98999786376953,20971100.0
2026-02-09,117.43000030517578,118.20999908447266,116.4000015258789,117.55000305175781,10975700.0
2026-02-10,117.76000213623047,119.22000122070312,117.69999694824219,118.33000183105469,9920700.0
2026-02-11,118.44999694824219,118.87999725341797,117.29000091552734,117.76000213623047,10214100.0
2026-02-12,118.41000366210938,119.19999694824219,115.83000183105469,116.12999725341797,16374300.0
2026-02-13,116.0,117.1500015258789,115.52999877929688,116.18000030517578,10836200.0
2026-02-17,115.9800033569336,116.31999969482422,114.43000030517578,116.04000091552734,9623000.0
2026-02-18,116.11000061035156,117.76000213623047,115.94000244140625,117.0199966430664,9719500.0
2026-02-19,116.33000183105469,116.55000305175781,115.58000183105469,116.23999786376953,9482400.0
2026-02-20,115.93000030517578,117.6500015258789,115.61000061035156,117.44999694824219,16652900.0
2026-02-23,116.63999938964844,116.7699966430664,113.86000061035156,114.98999786376953,14604800.0
2026-02-24,115.4000015258789,117.05999755859375,115.31999969482422,116.73999786376953,11320500.0
2026-02-25,116.9800033569336,117.58999633789062,116.51000213623047,117.08999633789062,8776100.0
2026-02-26,117.2300033569336,117.66000366210938,116.13999938964844,117.05000305175781,9560900.0
2026-02-27,116.01000213623047,116.94000244140625,115.6500015258789,116.86000061035156,9636200.0
2026-03-02,114.02999877929688,115.7300033569336,113.72000122070312,115.41999816894531,18205600.0
2026-03-03,113.0999984741211,114.7699966430664,111.80999755859375,114.36000061035156,20773100.0
2026-03-04,115.08999633789062,116.62999725341797,114.87999725341797,116.38999938964844,11496700.0
2026-03-05,115.91999816894531,117.08000183105469,115.5199966430664,116.55000305175781,14880400.0
2026-03-06,114.77999877929688,114.98999786376953,113.63999938964844,114.44000244140625,16348500.0
2026-03-09,112.94000244140625,114.93000030517578,110.98999786376953,114.58999633789062,16278500.0
2026-03-10,114.61000061035156,115.7300033569336,113.94999694824219,114.44000244140625,11784400.0
2026-03-11,114.83000183105469,115.69999694824219,113.56999969482422,114.13999938964844,10959300.0
2026-03-12,113.12000274658203,113.43000030517578,111.47000122070312,111.5199966430664,12088200.0
2026-03-13,112.16999816894531,112.48999786376953,110.72000122070312,110.86000061035156,11708600.0
2026-03-16,111.79000091552734,112.87000274658203,111.62000274658203,112.19999694824219,9307600.0
2026-03-17,112.77999877929688,113.6500015258789,112.72000122070312,113.18000030517578,6767000.0
2026-03-18,112.5,112.98999786376953,110.44000244140625,110.56999969482422,10979200.0
2026-03-19,109.62999725341797,110.33999633789062,108.87000274658203,109.69999694824219,12496400.0
2026-03-20,109.43000030517578,109.43000030517578,107.1500015258789,107.73999786376953,12297000.0
2026-03-23,109.77999877929688,111.43000030517578,109.58999633789062,110.12000274658203,14779100.0
2026-03-24,109.04000091552734,110.31999969482422,108.94999694824219,109.68000030517578,9032200.0
2026-03-25,111.16000366210938,111.91000366210938,110.0999984741211,110.7300033569336,9412900.0
2026-03-26,110.05000305175781,110.9000015258789,108.73999786376953,108.83000183105469,7981000.0
2026-03-27,108.30999755859375,108.30999755859375,105.44999694824219,105.68000030517578,10454700.0
2026-03-30,106.61000061035156,107.16999816894531,105.19000244140625,105.66000366210938,10192000.0
2026-03-31,107.2300033569336,109.41000366210938,106.70999908447266,108.9800033569336,19487500.0
2026-04-01,109.69000244140625,110.5,108.73999786376953,109.80000305175781,14467600.0
2026-04-02,107.45999908447266,109.52999877929688,107.0999984741211,108.1500015258789,9684700.0
2026-04-06,107.93000030517578,109.2300033569336,107.93000030517578,109.04000091552734,6908800.0
2026-04-07,108.11000061035156,108.18000030517578,106.44999694824219,107.7699966430664,8956400.0
2026-04-08,112.25,112.61000061035156,110.27999877929688,110.81999969482422,14442400.0
2026-04-09,110.81999969482422,112.88999938964844,110.4000015258789,112.73999786376953,6660500.0
2026-04-10,113.0,113.45999908447266,112.23999786376953,112.88999938964844,5607400.0
2026-04-13,112.33999633789062,113.94999694824219,112.0,113.91999816894531,5992600.0
2026-04-14,114.6500015258789,116.83000183105469,114.58000183105469,116.44000244140625,8128600.0
2026-04-15,116.52999877929688,118.44000244140625,116.1500015258789,118.18000030517578,8034700.0
2026-04-16,118.4000015258789,118.55000305175781,117.0999984741211,117.62999725341797,5671900.0
2026-04-17,119.69000244140625,121.8499984741211,119.45999908447266,120.41000366210938,9839500.0
2026-04-20,120.13999938964844,120.4000015258789,118.8499984741211,119.87000274658203,5450100.0
2026-04-21,120.83999633789062,120.91000366210938,118.68000030517578,118.97000122070312,7208300.0
2026-04-22,119.52999877929688,119.76000213623047,118.66000366210938,118.93000030517578,5289900.0
2026-04-23,118.22000122070312,118.8499984741211,116.66999816894531,117.73999786376953,7530900.0
2026-04-24,118.13999938964844,118.9000015258789,117.66999816894531,118.69000244140625,5546000.0
2026-04-27,118.08999633789062,118.44999694824219,117.27999877929688,117.83999633789062,6915900.0
2026-04-28,117.44999694824219,117.79000091552734,116.87000274658203,117.01000213623047,6740900.0
2026-04-29,116.20999908447266,117.12999725341797,116.12999725341797,116.83999633789062,8155400.0
2026-04-30,118.5,118.66999816894531,116.43000030517578,118.3499984741211,10280700.0
2026-05-01,118.61000061035156,119.7699966430664,117.81999969482422,118.62999725341797,13071300.0
2026-05-04,118.3499984741211,119.30000305175781,117.19000244140625,117.72000122070312,10737700.0
2026-05-05,118.58999633789062,119.29000091552734,118.05000305175781,118.06999969482422,6216900.0
2026-05-06,118.97000122070312,120.54000091552734,118.7699966430664,119.87000274658203,10430700.0
2026-05-07,120.58999633789062,121.0999984741211,119.31999969482422,119.87999725341797,7928000.0
2026-05-08,120.25,121.12999725341797,119.94000244140625,120.19999694824219,6054100.0
2026-05-11,119.37999725341797,119.86000061035156,118.51000213623047,119.37000274658203,5829100.0
2026-05-12,119.02999877929688,119.3499984741211,117.44999694824219,118.29000091552734,6622100.0
2026-05-13,118.05999755859375,119.2300033569336,117.44999694824219,118.72000122070312,4611800.0
2026-05-14,119.01000213623047,119.68000030517578,118.55999755859375,118.66999816894531,5966700.0
2026-05-15,117.30999755859375,117.37000274658203,116.30999755859375,116.52999877929688,10453900.0
2026-05-18,116.5,117.77999877929688,115.54000091552734,116.31999969482422,9985100.0
2026-05-19,115.12999725341797,115.31999969482422,114.19999694824219,115.02999877929688,8578200.0
2026-05-20,115.2699966430664,117.94999694824219,114.77999877929688,117.94000244140625,12155100.0
2026-05-21,117.58999633789062,119.22000122070312,116.80999755859375,118.69999694824219,7082300.0
2026-05-22,119.16000366210938,119.87000274658203,118.9800033569336,119.18000030517578,5289800.0
2026-05-26,119.7300033569336,120.23999786376953,118.69999694824219,119.44999694824219,5007100.0
2026-05-27,120.69000244140625,121.94999694824219,120.55000305175781,121.55000305175781,13116100.0
2026-05-28,121.0999984741211,122.19000244140625,120.56999969482422,122.05999755859375,7591900.0
2026-05-29,121.5999984741211,122.18000030517578,120.83000183105469,120.87000274658203,7258000.0
2026-06-01,119.69000244140625,119.83000183105469,117.97000122070312,118.19000244140625,11012100.0
2026-06-02,117.5199966430664,118.2699966430664,116.55999755859375,117.58999633789062,8219300.0
2026-06-03,116.62999725341797,117.62000274658203,116.12999725341797,116.7300033569336,6086400.0
2026-06-04,117.95999908447266,118.19000244140625,117.04000091552734,117.26000213623047,4969900.0
2026-06-05,117.4000015258789,118.0999984741211,114.56999969482422,114.86000061035156,7699300.0
2026-06-08,114.7699966430664,116.0199966430664,114.7699966430664,115.38999938964844,6307400.0
2026-06-09,116.16000366210938,117.58999633789062,114.25,115.87000274658203,8203500.0
2026-06-10,115.45999908447266,115.68000030517578,113.37999725341797,113.48999786376953,7515100.0
2026-06-11,114.12000274658203,116.45999908447266,113.44000244140625,116.30000305175781,8680300.0
2026-06-12,117.0199966430664,117.0199966430664,114.81999969482422,116.5999984741211,7655200.0
2026-06-15,118.61000061035156,119.51000213623047,118.30999755859375,118.56999969482422,6590300.0
2026-06-16,118.66999816894531,119.45999908447266,118.33999633789062,118.45999908447266,6050500.0
2026-06-17,117.80999755859375,118.16999816894531,115.18000030517578,115.48999786376953,9065700.0
2026-06-18,116.6500015258789,117.66000366210938,115.54000091552734,117.16000366210938,8728500.0
2026-06-22,115.98999786376953,116.91999816894531,114.87000274658203,114.94000244140625,7555600.0
2026-06-23,113.94999694824219,114.66000366210938,113.47000122070312,113.76000213623047,9196000.0
2026-06-24,114.1500015258789,116.95999908447266,113.93000030517578,115.06999969482422,8301400.0
2026-06-25,114.6500015258789,115.05999755859375,113.12999725341797,113.3499984741211,7151300.0
2026-06-26,113.19999694824219,115.45999908447266,113.16000366210938,114.37000274658203,8948900.0
2026-06-29,115.20999908447266,117.54000091552734,115.04000091552734,117.12000274658203,10586700.0
2026-06-30,116.2300033569336,117.56999969482422,116.2300033569336,117.27999877929688,5167900.0
2026-07-01,117.77999877929688,119.16000366210938,116.9000015258789,118.08999633789062,9864300.0
2026-07-02,118.62999725341797,119.20999908447266,116.58000183105469,117.12000274658203,10882400.0
2026-07-06,117.52999877929688,118.19000244140625,116.0999984741211,118.01000213623047,9063600.0
2026-07-07,118.91999816894531,119.12000274658203,117.11000061035156,117.38999938964844,9191400.0
2026-07-08,116.30999755859375,116.31999969482422,114.44000244140625,115.30000305175781,15042700.0
2026-07-09,114.72000122070312,116.87999725341797,114.55000305175781,116.8499984741211,8521800.0
2026-07-10,117.58999633789062,117.88999938964844,116.4800033569336,117.23999786376953,5971500.0
2026-07-13,117.19999694824219,117.5199966430664,115.62000274658203,116.04000091552734,5984800.0
2026-07-14,116.01000213623047,116.4000015258789,115.45999908447266,115.9000015258789,6669300.0
2026-07-15,116.45999908447266,117.80999755859375,116.45999908447266,117.0,9073000.0
2026-07-16,117.12000274658203,118.22000122070312,116.86000061035156,117.33999633789062,6057000.0
2026-07-17,115.91000366210938,116.87000274658203,115.31999969482422,115.44000244140625,10275100.0
2026-07-20,116.22000122070312,116.22000122070312,114.37999725341797,114.61000061035156,7804500.0
2026-07-21,114.63999938964844,115.16999816894531,114.27999877929688,114.87000274658203,6557800.0
2026-07-22,114.9000015258789,115.2300033569336,113.81999969482422,114.0199966430664,7106000.0
