Date,Open,High,Low,Close,Volume
2018-07-23,187.17999267578125,187.80999755859375,184.8000030517578,187.0399932861328,10996200
2018-07-24,190.19000244140625,193.07000732421875,188.35000610351562,189.0,18414800
2018-07-25,190.61000061035156,198.35000610351562,190.13999938964844,197.97999572753906,20735400
2018-07-26,193.2100067138672,196.1199951171875,192.6199951171875,194.17999267578125,13885500
2018-07-27,196.10000610351562,196.27000427246094,186.92999267578125,189.4199981689453,19907100
2018-07-30,190.22000122070312,190.58999633789062,182.05999755859375,184.82000732421875,19906300
2018-07-31,186.39999389648438,188.947998046875,183.99000549316406,187.22999572753906,17016600
2018-08-01,186.0,189.05999755859375,183.9600067138672,185.27000427246094,14370700
2018-08-02,181.5399932861328,182.89999389648438,179.77999877929688,182.60000610351562,20976500
2018-08-03,184.14999389648438,184.5,180.0800018310547,180.83999633789062,18185100
2018-08-06,180.6999969482422,180.86000061035156,177.49000549316406,178.6199951171875,35419000
2018-08-07,180.2899932861328,183.0,179.74000549316406,179.9199981689453,20620300
2018-08-08,180.0,180.17999267578125,176.5500030517578,177.52000427246094,21152400
2018-08-09,179.30999755859375,180.6300048828125,176.75999450683594,177.19000244140625,35220900
2018-08-10,175.57000732421875,180.4499969482422,174.75,180.00999450683594,22049200
2018-08-13,179.64999389648438,180.64999389648438,177.0,177.67999267578125,14674000
2018-08-14,175.13999938964844,176.1999969482422,170.77000427246094,172.52999877929688,38508600
2018-08-15,167.11000061035156,169.85000610351562,165.38999938964844,169.8300018310547,41278600
2018-08-16,172.3300018310547,175.6999969482422,171.57000732421875,171.99000549316406,34263300
2018-08-17,172.52000427246094,174.1999969482422,168.3800048828125,172.77999877929688,24695400
2018-08-20,175.22000122070312,178.86000061035156,174.36000061035156,176.2899932861328,25900700
2018-08-21,177.6300048828125,179.6699981689453,176.97000122070312,177.9199981689453,20337400
2018-08-22,178.14999389648438,179.74000549316406,175.5,177.85000610351562,27138500
2018-08-23,184.97000122070312,186.5,171.91000366210938,172.22999572753906,78843400
2018-08-24,175.0,176.3699951171875,172.4499969482422,174.22999572753906,30442800
2018-08-27,177.10000610351562,180.8800048828125,176.22000122070312,180.64999389648438,23533800
2018-08-28,182.14999389648438,182.3800048828125,177.5,178.19000244140625,15319000
2018-08-29,179.35000610351562,179.66000366210938,176.8300018310547,178.5,11892600
2018-08-30,177.3300018310547,178.10000610351562,174.1219940185547,174.60000610351562,17086200
2018-08-31,173.11000061035156,176.68099975585938,172.75999450683594,175.00999450683594,13730800
2018-09-04,173.5,173.9499969482422,169.0,170.44000244140625,23450500
2018-09-05,167.47999572753906,168.27999877929688,162.02999877929688,164.22999572753906,35694700
2018-09-06,164.16000366210938,166.47999572753906,158.6699981689453,159.8699951171875,33052000
2018-09-07,159.9499969482422,164.61000061035156,159.50999450683594,162.3699951171875,19452400
2018-09-10,158.58999633789062,160.72000122070312,155.0,156.36000061035156,39092700
2018-09-11,153.17999267578125,158.4499969482422,152.85000610351562,157.4600067138672,25884100
2018-09-12,158.1999969482422,162.82000732421875,156.18099975585938,161.4600067138672,32490500
2018-09-13,165.41000366210938,167.22000122070312,164.00999450683594,165.52999877929688,25696500
2018-09-14,167.8800048828125,168.0,163.38099670410156,164.74000549316406,23417700
2018-09-17,161.5,161.64999389648438,158.28900146484375,158.88999938964844,20423200
2018-09-18,156.8800048828125,159.39999389648438,155.52000427246094,156.64999389648438,27240600
2018-09-19,158.82000732421875,163.1300048828125,158.82000732421875,162.6300048828125,23028300
2018-09-20,166.88999938964844,167.6999969482422,164.71600341796875,165.8800048828125,22818100
2018-09-21,169.4600067138672,169.83999633789062,164.5,164.6300048828125,22081900
2018-09-24,162.80999755859375,163.3990020751953,160.10000610351562,163.16000366210938,13123400
2018-09-25,164.0500030517578,165.44000244140625,162.8300018310547,164.25,9588700
2018-09-26,165.52000427246094,167.38999938964844,164.8699951171875,165.39999389648438,13592500
2018-09-27,166.38999938964844,167.0500030517578,164.9199981689453,166.32000732421875,12689200
2018-09-28,164.89999389648438,165.66000366210938,163.3000030517578,164.75999450683594,10486500
2018-10-01,165.9199981689453,165.9499969482422,161.55999755859375,162.0,10615200
2018-10-02,159.7899932861328,161.0279998779297,158.27000427246094,160.22999572753906,14730500
2018-10-03,163.14999389648438,164.5399932861328,161.92999267578125,162.3699951171875,13118800
2018-10-04,160.05999755859375,160.0800018310547,153.8699951171875,156.1300048828125,32176100
2018-10-05,156.13999938964844,157.1199951171875,152.25,154.6300048828125,20271000
2018-10-08,150.1999969482422,152.63600158691406,148.33999633789062,151.13999938964844,25060400
2018-10-09,147.97000122070312,150.58999633789062,146.47000122070312,146.94000244140625,31070200
2018-10-10,142.5,144.0,137.9199981689453,138.2899932861328,55828800
2018-10-11,135.52999877929688,142.91000366210938,135.13999938964844,141.89999389648438,43210300
2018-10-12,148.6199951171875,149.0,144.52000427246094,147.2899932861328,30764400
2018-10-15,144.77000427246094,145.69000244140625,142.3000030517578,144.16000366210938,18567100
2018-10-16,145.7100067138672,149.75999450683594,145.25999450683594,149.60000610351562,18365900
2018-10-17,150.67999267578125,150.67999267578125,146.3699951171875,148.13999938964844,16872400
2018-10-18,145.85000610351562,146.27999877929688,140.8000030517578,142.02000427246094,20618900
2018-10-19,145.33999633789062,146.77000427246094,142.61000061035156,142.92999267578125,14855100
2018-10-22,148.99000549316406,150.1999969482422,146.10000610351562,148.8000030517578,22589300
2018-10-23,143.22000122070312,147.50999450683594,142.6199951171875,146.64999389648438,19950500
2018-10-24,145.17999267578125,146.69000244140625,139.33999633789062,139.61000061035156,18512300
2018-10-25,142.5,144.91000366210938,141.00999450683594,144.60000610351562,13655100
2018-10-26,139.0,145.82899475097656,138.5500030517578,142.8699951171875,19476900
2018-10-29,142.4199981689453,144.0,131.36000061035156,133.3800048828125,35121700
2018-10-30,132.27999877929688,136.39999389648438,130.05999755859375,136.3300018310547,25230000
2018-10-31,141.35000610351562,142.64999389648438,139.13999938964844,142.27999877929688,23654600
2018-11-01,144.97999572753906,152.3179931640625,138.6199951171875,151.25,47039300
2018-11-02,152.55999755859375,154.36000061035156,146.27999877929688,147.58999633789062,45985800
2018-11-05,146.22000122070312,149.3699951171875,144.22999572753906,144.63999938964844,16197300
2018-11-06,145.8699951171875,149.9600067138672,145.3249969482422,147.44000244140625,17849800
2018-11-07,150.77000427246094,152.8000030517578,148.94000244140625,152.5,17884400
2018-11-08,150.99000549316406,151.8800048828125,146.69000244140625,148.99000549316406,17067100
2018-11-09,145.57000732421875,145.72000122070312,142.47999572753906,144.85000610351562,16220000
2018-11-12,145.00999450683594,146.406005859375,139.97000122070312,142.82000732421875,16516500
2018-11-13,144.8300018310547,149.94000244140625,143.91000366210938,146.97999572753906,19575100
2018-11-14,150.2100067138672,152.14999389648438,148.44000244140625,150.44000244140625,21786000
2018-11-15,152.89999389648438,157.39999389648438,150.88999938964844,156.22000122070312,30083500
2018-11-16,155.0399932861328,155.8000030517578,152.14199829101562,154.10000610351562,20039400
2018-11-19,152.02000427246094,153.2100067138672,148.77000427246094,149.52999877929688,18087800
2018-11-20,144.47999572753906,148.07000732421875,142.82000732421875,145.97999572753906,19473200
2018-11-21,149.05999755859375,151.47999572753906,148.64999389648438,149.41000366210938,14718600
2018-11-23,147.3000030517578,151.1699981689453,147.0,150.3300018310547,7437500
2018-11-26,153.2100067138672,156.52999877929688,152.3699951171875,156.00999450683594,16152700
2018-11-27,154.63999938964844,157.94000244140625,153.5800018310547,156.4600067138672,17911800
2018-11-28,159.00999450683594,159.8000030517578,155.25999450683594,159.33999633789062,20767100
2018-11-29,158.0800018310547,159.0,153.5399932861328,156.27999877929688,20532200
2018-11-30,157.89999389648438,160.86000061035156,156.72000122070312,160.86000061035156,35071200
2018-12-03,168.63999938964844,168.8000030517578,163.50999450683594,163.74000549316406,31174000
2018-12-04,164.8800048828125,164.97999572753906,156.4600067138672,158.33999633789062,22198600
2018-12-06,153.0,155.8699951171875,150.50999450683594,155.8300018310547,25335500
2018-12-07,155.39999389648438,158.0500030517578,151.72999572753906,153.05999755859375,17447900
2018-12-10,150.38999938964844,152.80999755859375,147.47999572753906,151.42999267578125,15525500
2018-12-11,155.25999450683594,156.24000549316406,150.89999389648438,151.8300018310547,13651900
2018-12-12,155.24000549316406,156.1699981689453,151.42999267578125,151.5,16619200
2018-12-13,153.0500030517578,153.4600067138672,150.52000427246094,151.47999572753906,12255800
2018-12-14,147.7100067138672,150.6999969482422,145.72000122070312,149.0,15560700
2018-12-17,146.5,147.94000244140625,142.24000549316406,143.97999572753906,15788100
2018-12-18,144.27999877929688,144.75,140.11000061035156,140.82000732421875,17846600
2018-12-19,141.0399932861328,141.3249969482422,135.72999572753906,137.13999938964844,27657800
2018-12-20,135.8300018310547,137.7550048828125,132.91000366210938,135.11000061035156,24103800
2018-12-21,137.0800018310547,137.19000244140625,130.22999572753906,132.0,28790600
2018-12-24,130.0,134.57000732421875,129.77000427246094,131.88999938964844,11240700
2018-12-26,132.8699951171875,138.02000427246094,130.17999267578125,138.0,14862400
2018-12-27,135.0500030517578,138.4499969482422,133.88999938964844,138.4499969482422,11457400
2018-12-28,139.1999969482422,140.97999572753906,136.7899932861328,139.08999633789062,11955300
2018-12-31,141.8300018310547,142.02000427246094,136.0399932861328,137.07000732421875,11186400
2019-01-02,134.1300048828125,137.74899291992188,133.02999877929688,136.6999969482422,16708400
2019-01-03,134.27000427246094,134.8699951171875,129.8300018310547,130.60000610351562,19531300
2019-01-04,134.25999450683594,141.0800018310547,133.66000366210938,139.75,22845400
2019-01-07,140.5500030517578,144.0800018310547,139.00999450683594,143.10000610351562,17239000
2019-01-08,145.0,147.5500030517578,142.05999755859375,146.7899932861328,16487600
2019-01-09,149.88999938964844,153.35000610351562,148.5,151.9199981689453,20214100
2019-01-10,149.80999755859375,152.02999877929688,148.8800048828125,151.69000244140625,14221100
2019-01-11,151.8300018310547,153.3800048828125,150.13999938964844,151.32000732421875,9589400
2019-01-14,148.5,150.57000732421875,146.5399932861328,149.27000427246094,13356700
2019-01-15,150.67999267578125,154.1699981689453,149.96400451660156,150.8800048828125,15003100
2019-01-16,152.80999755859375,155.38999938964844,151.5,154.83999633789062,14810800
2019-01-17,152.11000061035156,158.5500030517578,151.89999389648438,155.97000122070312,16153200
2019-01-18,158.4499969482422,159.49000549316406,154.72999572753906,157.02000427246094,19611400
2019-01-22,154.39999389648438,155.44000244140625,150.20700073242188,152.14999389648438,21295000
2019-01-23,154.64999389648438,155.17999267578125,150.9499969482422,152.02999877929688,10195800
2019-01-24,151.47000122070312,156.0,151.2100067138672,155.86000061035156,10997900
2019-01-25,158.91000366210938,160.5,157.42999267578125,159.2100067138672,16451800
2019-01-28,157.8000030517578,159.69000244140625,155.3000030517578,158.9199981689453,10141100
2019-01-29,159.0399932861328,160.375,155.9199981689453,156.8800048828125,18348200
2019-01-30,161.2899932861328,167.83999633789062,160.5,166.82000732421875,36997700
2019-01-31,167.8000030517578,169.72999572753906,165.6999969482422,168.49000549316406,21219500
2019-02-01,168.0,169.39999389648438,167.6300048828125,167.97000122070312,10771500
2019-02-04,166.32000732421875,167.5500030517578,165.61000061035156,166.6999969482422,7380400
2019-02-05,168.5500030517578,171.9499969482422,168.0,171.8300018310547,12801800
2019-02-06,171.86000061035156,173.08999633789062,169.99000549316406,171.52000427246094,11267800
2019-02-07,169.16000366210938,169.61000061035156,164.33599853515625,166.9600067138672,11911100
2019-02-08,163.8300018310547,167.64999389648438,163.75,167.36000061035156,8331500
2019-02-11,168.85000610351562,170.3300018310547,167.4499969482422,167.4499969482422,7260300
2019-02-12,169.60000610351562,170.49000549316406,168.61000061035156,168.7100067138672,8594400
2019-02-13,169.91000366210938,171.0500030517578,168.99000549316406,169.39999389648438,8661800
2019-02-14,167.63999938964844,168.5,166.61000061035156,168.3800048828125,8722100
2019-02-15,168.61000061035156,168.77000427246094,165.41000366210938,166.14999389648438,12099500
2019-02-19,166.97999572753906,171.14999389648438,166.5,170.17999267578125,12982300
2019-02-20,171.0,172.67999267578125,170.61000061035156,170.7100067138672,12454900
2019-02-21,171.0,171.77999877929688,169.8000030517578,171.66000366210938,8434800
2019-02-22,172.8000030517578,177.02000427246094,172.52000427246094,176.9199981689453,16175600
2019-02-25,181.25999450683594,183.72000122070312,180.72999572753906,183.25,22831800
2019-02-26,179.7899932861328,184.35000610351562,179.3699951171875,183.5399932861328,13871000
2019-02-27,181.72000122070312,184.92999267578125,180.8800048828125,184.5800018310547,16741600
2019-02-28,183.00999450683594,184.3000030517578,181.47000122070312,183.02999877929688,12370400
2019-03-01,185.08999633789062,186.89999389648438,183.3800048828125,183.8800048828125,14348500
2019-03-04,186.0,187.33999633789062,184.4600067138672,187.25,14761700
2019-03-05,186.94000244140625,188.0800018310547,185.0,185.0,11513200
2019-03-06,184.3800048828125,185.58999633789062,183.02000427246094,184.1699981689453,10009100
2019-03-07,180.91000366210938,181.8000030517578,176.72999572753906,177.32000732421875,16488900
2019-03-08,171.56500244140625,175.35000610351562,171.56500244140625,175.02999877929688,14674200
2019-03-11,177.8300018310547,181.72000122070312,177.5800018310547,180.41000366210938,13764000
2019-03-12,182.0399932861328,182.17999267578125,179.50999450683594,180.6300048828125,8660000
2019-03-13,180.72999572753906,182.53500366210938,179.25999450683594,180.6999969482422,8868200
2019-03-14,179.05999755859375,180.82000732421875,178.00999450683594,180.36000061035156,9272000
2019-03-15,180.66000366210938,181.4499969482422,179.66000366210938,180.97000122070312,10844100
2019-03-18,181.92999267578125,182.88999938964844,180.75999450683594,181.8300018310547,7847800
2019-03-19,181.6300048828125,183.36000061035156,180.85000610351562,182.13999938964844,10238600
2019-03-20,180.94000244140625,181.9499969482422,178.42999267578125,181.27999877929688,15901500
2019-03-21,178.9499969482422,181.72999572753906,178.52000427246094,181.5,9754500
2019-03-22,179.77000427246094,180.47999572753906,175.33599853515625,176.25999450683594,11688400
2019-03-25,174.3300018310547,178.89999389648438,174.10000610351562,178.77000427246094,7511400
2019-03-26,179.6999969482422,180.64999389648438,177.09500122070312,178.0800018310547,7897900
2019-03-27,177.6999969482422,179.8300018310547,176.91299438476562,177.02999877929688,8371000
2019-03-28,177.47000122070312,178.52999877929688,175.97000122070312,177.72999572753906,7146800
2019-03-29,180.72999572753906,182.60000610351562,179.0,182.4499969482422,13850900
2019-04-01,185.08999633789062,185.55999755859375,180.88999938964844,180.88999938964844,12714800
2019-04-02,181.4600067138672,183.56300354003906,180.9499969482422,181.74000549316406,8021500
2019-04-03,179.50999450683594,180.6999969482422,176.75999450683594,178.32000732421875,26811600
2019-04-04,177.0399932861328,181.9600067138672,176.88999938964844,181.07000732421875,16993200
2019-04-05,182.50999450683594,185.5,182.0,185.35000610351562,18705000
2019-04-08,184.19000244140625,187.82000732421875,184.00999450683594,186.5,14725600
2019-04-09,186.49000549316406,187.88999938964844,186.16000366210938,187.19000244140625,11578200
2019-04-10,186.69000244140625,187.39999389648438,184.0,186.19000244140625,10655000
2019-04-11,185.14999389648438,186.05999755859375,183.75,184.97999572753906,8900300
2019-04-12,187.7100067138672,189.7899932861328,187.13999938964844,188.91000366210938,12600000
2019-04-15,188.05999755859375,188.1699981689453,182.55999755859375,183.07000732421875,14616600
2019-04-16,185.5500030517578,185.7899932861328,183.39999389648438,185.77999877929688,12195900
2019-04-17,187.33999633789062,188.1999969482422,185.77999877929688,187.5500030517578,11614200
2019-04-18,186.41000366210938,187.27999877929688,185.38999938964844,186.94000244140625,7882500
2019-04-22,184.5,186.47000122070312,183.61000061035156,185.3800048828125,8677800
2019-04-23,186.0,188.14999389648438,185.44000244140625,187.2899932861328,11410600
2019-04-24,186.75999450683594,186.89999389648438,184.5800018310547,185.6699981689453,9085300
2019-04-25,185.24000549316406,188.1300048828125,183.9550018310547,187.8800048828125,10328900
2019-04-26,187.8800048828125,188.74000549316406,185.50999450683594,187.08999633789062,9421100
2019-04-29,187.4199981689453,188.0,185.75999450683594,186.94000244140625,8660600
2019-04-30,186.3000030517578,188.25,183.82000732421875,185.57000732421875,15076500
2019-05-01,186.75,193.19500732421875,185.8800048828125,189.30999755859375,17397500
2019-05-02,189.4199981689453,192.6999969482422,186.64999389648438,190.38999938964844,11468100
2019-05-03,191.8800048828125,195.72000122070312,191.8800048828125,195.2100067138672,14521100
2019-05-06,185.1699981689453,189.0,184.8300018310547,188.24000549316406,23941200
2019-05-07,186.0500030517578,186.4499969482422,179.6300048828125,181.42999267578125,22663200
2019-05-08,180.9499969482422,183.1999969482422,178.5800018310547,179.58999633789062,16611100
2019-05-09,175.42999267578125,180.69500732421875,173.07000732421875,179.0399932861328,22727800
2019-05-10,180.17999267578125,180.7899932861328,174.10000610351562,178.0,18987000
2019-05-13,169.7899932861328,172.47000122070312,168.77999877929688,170.00999450683594,22330700
2019-05-14,172.75,175.14999389648438,171.47999572753906,174.83999633789062,17874100
2019-05-15,177.05999755859375,180.24000549316406,173.3209991455078,177.60000610351562,37610400
2019-05-16,178.17999267578125,178.25,174.75,175.57000732421875,20579200
2019-05-17,171.69000244140625,172.2899932861328,168.49000549316406,169.57000732421875,22539400
2019-05-20,164.44000244140625,164.57000732421875,160.02000427246094,160.64999389648438,33413800
2019-05-21,163.16000366210938,165.58999633789062,162.52000427246094,163.42999267578125,22006100
2019-05-22,162.41000366210938,162.82000732421875,158.07000732421875,158.8300018310547,25831200
2019-05-23,155.4499969482422,158.47999572753906,154.41000366210938,156.0,26891900
2019-05-24,157.61500549316406,158.42999267578125,154.89999389648438,155.0,21489700
2019-05-28,156.39999389648438,157.07000732421875,153.22000122070312,154.80999755859375,38603000
2019-05-29,153.5800018310547,154.38499450683594,150.7100067138672,152.47999572753906,30073100
2019-05-30,152.36000061035156,153.3699951171875,150.25,151.07000732421875,17344700
2019-05-31,149.6300048828125,150.67999267578125,147.9499969482422,149.25999450683594,26881200
2019-06-03,149.60000610351562,151.77000427246094,148.84500122070312,149.91000366210938,25254400
2019-06-04,151.55999755859375,155.1999969482422,150.63999938964844,154.14999389648438,27417200
2019-06-05,155.1699981689453,156.11000061035156,149.30999755859375,151.64999389648438,23208600
2019-06-06,152.0,152.6999969482422,150.57000732421875,151.5,15763000
2019-06-07,152.9499969482422,155.69000244140625,152.21400451660156,154.22999572753906,17817800
2019-06-10,158.77999877929688,161.97999572753906,157.39999389648438,159.85000610351562,36473300
2019-06-11,164.1999969482422,165.67999267578125,161.9250030517578,162.64999389648438,23408400
2019-06-12,160.47000122070312,161.6999969482422,158.80999755859375,160.0399932861328,16329300
2019-06-13,160.5500030517578,161.32000732421875,159.8000030517578,160.3300018310547,17571400
2019-06-14,158.3699951171875,158.7100067138672,157.22999572753906,158.10000610351562,14981600
2019-06-17,157.52999877929688,160.5500030517578,157.4199981689453,159.91000366210938,16079800
2019-06-18,162.88999938964844,169.11000061035156,161.9499969482422,165.50999450683594,35754800
2019-06-19,167.77000427246094,167.89999389648438,163.4199981689453,165.4600067138672,20798100
2019-06-20,170.19000244140625,170.47999572753906,166.27499389648438,168.25,24004700
2019-06-21,167.47999572753906,169.4709930419922,166.77000427246094,167.5500030517578,17415800
2019-06-24,168.39999389648438,168.8800048828125,165.77999877929688,168.10000610351562,18422600
2019-06-25,167.0399932861328,167.33999633789062,164.6199951171875,165.8000030517578,20439200
2019-06-26,168.27999877929688,171.24000549316406,168.14999389648438,168.99000549316406,22416400
2019-06-27,170.6199951171875,171.97999572753906,169.3800048828125,170.89999389648438,18349400
2019-06-28,170.1999969482422,170.88999938964844,167.9600067138672,169.4499969482422,19974300
2019-07-01,175.86500549316406,177.9499969482422,174.36000061035156,175.0500030517578,25846800
2019-07-02,175.1300048828125,175.5500030517578,174.25,175.4499969482422,14155200
2019-07-03,175.69000244140625,175.85000610351562,173.85000610351562,174.6699981689453,8532600
2019-07-05,173.75,173.82000732421875,172.82000732421875,173.3000030517578,12618600
2019-07-08,170.08999633789062,170.27999877929688,168.35000610351562,168.4499969482422,16531000
2019-07-09,167.0850067138672,168.97999572753906,166.5,168.8000030517578,15782800
2019-07-10,171.24000549316406,171.3699951171875,166.86000061035156,166.92999267578125,16675600
2019-07-11,167.55999755859375,168.4239959716797,165.0,166.5500030517578,14796400
2019-07-12,168.0,170.1999969482422,167.64999389648438,169.07000732421875,18103600
2019-07-15,171.5,173.75,170.4199981689453,173.5,22199000
2019-07-16,174.1999969482422,175.52000427246094,173.4600067138672,174.19000244140625,19039700
2019-07-17,172.75,176.22000122070312,172.49000549316406,174.82000732421875,15031600
2019-07-18,173.41000366210938,174.39999389648438,172.05999755859375,172.8000030517578,15603800
2019-07-19,174.8699951171875,175.14999389648438,172.99000549316406,172.99000549316406,13647200
2019-07-22,173.5,174.27999877929688,171.43699645996094,174.0,18490900
2019-07-23,175.38999938964844,178.63999938964844,174.84500122070312,178.08999633789062,20881500
2019-07-24,178.0,178.9600067138672,176.93800354003906,178.6699981689453,14933100
2019-07-25,178.49000549316406,179.14999389648438,175.36900329589844,177.2899932861328,14049000
2019-07-26,178.25,179.39999389648438,176.8800048828125,178.74000549316406,15281000
2019-07-29,178.42999267578125,179.8800048828125,175.35000610351562,177.02000427246094,15130300
2019-07-30,174.25,175.7100067138672,172.88999938964844,174.10000610351562,14300600
2019-07-31,173.7100067138672,174.88999938964844,170.08999633789062,173.11000061035156,14628900
2019-08-01,174.5399932861328,175.71499633789062,162.10000610351562,165.64999389648438,32728200
2019-08-02,162.55999755859375,163.85000610351562,160.35000610351562,161.0,27104700
2019-08-05,155.02999877929688,157.22999572753906,151.85000610351562,153.6699981689453,28912600
2019-08-06,158.47999572753906,158.72999572753906,156.11000061035156,157.42999267578125,24996300
2019-08-07,155.72999572753906,159.47999572753906,155.3000030517578,159.1699981689453,17917400
2019-08-08,161.7100067138672,162.3000030517578,159.1199951171875,162.22000122070312,19267700
2019-08-09,160.97999572753906,161.99000549316406,159.11000061035156,159.1199951171875,11894300
2019-08-12,157.5,159.36000061035156,155.5399932861328,159.30999755859375,13566900
2019-08-13,160.63999938964844,167.36000061035156,159.57000732421875,164.02999877929688,22842900
2019-08-14,161.33999633789062,163.0,159.2100067138672,162.05999755859375,20803700
2019-08-15,170.11000061035156,171.0,164.36000061035156,166.97000122070312,36343500
2019-08-16,170.0,177.5500030517578,168.57000732421875,174.60000610351562,25952500
2019-08-19,177.42999267578125,178.8000030517578,175.58999633789062,178.27999877929688,16012800
2019-08-20,175.91000366210938,177.99000549316406,175.6199951171875,177.2100067138672,10338100
2019-08-21,177.22000122070312,178.5,174.88999938964844,175.24000549316406,10615700
2019-08-22,174.10000610351562,174.97999572753906,170.5,171.91000366210938,11568900
2019-08-23,169.69000244140625,171.49000549316406,163.83099365234375,164.5399932861328,20871500
2019-08-26,166.49000549316406,167.4499969482422,165.52999877929688,165.89999389648438,8640500
2019-08-27,167.1999969482422,168.19000244140625,165.19000244140625,166.1999969482422,12777600
2019-08-28,164.63999938964844,168.0,164.1999969482422,167.47999572753906,9507400
2019-08-29,171.0,173.9600067138672,170.9499969482422,172.80999755859375,11565400
2019-08-30,174.35000610351562,175.25,172.66000366210938,175.02999877929688,10293400
2019-09-03,173.0,174.72000122070312,172.14999389648438,172.41000366210938,8499300
2019-09-04,176.25999450683594,176.5500030517578,173.99000549316406,174.3300018310547,7208900
2019-09-05,176.8800048828125,178.9499969482422,176.52000427246094,178.94000244140625,11154300
2019-09-06,179.00999450683594,179.22000122070312,176.2100067138672,176.69000244140625,8304000
2019-09-09,177.8800048828125,177.99000549316406,175.86000061035156,177.77999877929688,6931700
2019-09-10,176.27999877929688,176.3000030517578,172.22000122070312,174.99000549316406,9835000
2019-09-11,176.0,176.66000366210938,174.14999389648438,176.08999633789062,7039300
2019-09-12,177.88999938964844,180.5,177.0,178.24000549316406,12509400
2019-09-13,179.74000549316406,180.17999267578125,178.61000061035156,179.1699981689453,9479700
2019-09-16,177.75,179.1699981689453,175.3699951171875,177.07000732421875,10725100
2019-09-17,176.85000610351562,179.1199951171875,176.0500030517578,179.0,7481000
2019-09-18,179.14999389648438,180.1699981689453,177.5800018310547,180.0,9233300
2019-09-19,180.89999389648438,184.1300048828125,180.42999267578125,180.4600067138672,15119800
2019-09-20,182.30999755859375,183.82000732421875,178.83999633789062,182.50999450683594,24517800
2019-09-23,181.25,181.3300018310547,176.8000030517578,176.97999572753906,14047400
2019-09-24,179.1699981689453,179.49000549316406,171.3000030517578,171.5500030517578,14324600
2019-09-25,172.3000030517578,176.99000549316406,171.72000122070312,176.66000366210938,11766400
2019-09-26,177.0,178.22999572753906,174.8300018310547,175.0,9982400
2019-09-27,176.0,176.5,163.14999389648438,165.97999572753906,33287500
2019-09-30,169.88699340820312,170.1999969482422,166.4499969482422,167.22999572753906,14866800
2019-10-01,168.00999450683594,168.22999572753906,163.63999938964844,165.14999389648438,14155500
2019-10-02,162.82000732421875,166.8800048828125,161.89999389648438,165.77000427246094,11526500
2019-10-03,166.64999389648438,170.17999267578125,165.0,169.47999572753906,10305000
2019-10-04,169.60000610351562,170.6999969482422,167.55999755859375,170.33999633789062,8715200
2019-10-07,168.8300018310547,172.3000030517578,167.2100067138672,168.32000732421875,11993000
2019-10-08,164.3000030517578,165.22000122070312,161.67999267578125,161.92999267578125,15833100
2019-10-09,165.5,166.5800018310547,163.4199981689453,165.19000244140625,10943100
2019-10-10,165.9600067138672,168.57000732421875,164.08999633789062,166.07000732421875,11462400
2019-10-11,170.77000427246094,174.8800048828125,169.57000732421875,172.94000244140625,19247400
2019-10-14,172.83999633789062,173.33999633789062,170.7899932861328,171.16000366210938,7667600
2019-10-15,172.91000366210938,176.75,172.69000244140625,175.2899932861328,13753000
2019-10-16,175.8000030517578,177.35000610351562,174.1199951171875,177.1199951171875,10858700
2019-10-17,178.0,178.58999633789062,175.22999572753906,176.85000610351562,8020600
2019-10-18,176.0,176.22999572753906,169.0,169.1300048828125,14575700
2019-10-21,172.63999938964844,173.91000366210938,170.8699951171875,173.52000427246094,8970800
2019-10-22,174.52999877929688,175.36000061035156,169.25999450683594,169.88999938964844,10867100
2019-10-23,170.4499969482422,171.0399932861328,168.1199951171875,169.9199981689453,8853700
2019-10-24,171.27999877929688,172.75,170.2100067138672,172.5500030517578,7397700
2019-10-25,171.55999755859375,175.80999755859375,170.8800048828125,174.30999755859375,9891800
2019-10-28,176.5,179.63999938964844,176.41000366210938,178.67999267578125,11739600
2019-10-29,177.05999755859375,177.74000549316406,175.44000244140625,176.88999938964844,8026400
2019-10-30,175.4199981689453,177.8800048828125,173.93600463867188,177.52999877929688,10213200
2019-10-31,179.16000366210938,179.24000549316406,175.5,176.6699981689453,15119000
2019-11-01,179.00999450683594,182.1199951171875,176.05999755859375,176.4600067138672,28924100
2019-11-04,180.66000366210938,182.39999389648438,178.02000427246094,179.69000244140625,44541200
2019-11-05,181.4199981689453,183.1999969482422,180.30999755859375,182.0,23690200
2019-11-06,183.61000061035156,185.0,182.1999969482422,184.16000366210938,14834900
2019-11-07,187.07000732421875,188.07000732421875,184.69000244140625,186.66000366210938,20162600
2019-11-08,187.90199279785156,188.27999877929688,185.14999389648438,187.16000366210938,19718100
2019-11-11,184.82000732421875,187.1999969482422,181.3699951171875,186.7100067138672,20561500
2019-11-12,185.91000366210938,187.64999389648438,185.13999938964844,186.97000122070312,11797600
2019-11-13,185.47000122070312,185.6739959716797,181.0,182.47999572753906,14977700
2019-11-14,182.8699951171875,184.5,181.3209991455078,182.8000030517578,12712800
2019-11-15,184.0,185.60000610351562,183.7100067138672,185.49000549316406,11296400
2019-11-18,186.97999572753906,186.97999572753906,184.16000366210938,184.61000061035156,11822900
2019-11-19,186.30999755859375,186.7100067138672,183.8699951171875,185.25,13407200
2019-11-20,183.6699981689453,183.6999969482422,181.05999755859375,182.35000610351562,16684600
2019-11-21,181.77000427246094,184.88999938964844,181.60000610351562,184.86000061035156,10254700
2019-11-22,185.8000030517578,186.77999877929688,183.93499755859375,186.77999877929688,10541000
2019-11-25,188.32000732421875,190.72000122070312,187.8800048828125,190.4499969482422,19157700
2019-11-26,190.38999938964844,195.0,189.0399932861328,194.6999969482422,51832300
2019-11-27,197.24000549316406,200.97999572753906,197.0,200.82000732421875,33040500
2019-11-29,199.80999755859375,200.42999267578125,198.35000610351562,200.0,18593100
2019-12-02,198.5800018310547,198.6699981689453,193.50999450683594,196.30999755859375,19357700
2019-12-03,190.97000122070312,195.0,189.85000610351562,194.89999389648438,18355300
2019-12-04,195.52999877929688,196.66000366210938,193.22999572753906,193.74000549316406,14849300
2019-12-05,196.92999267578125,200.94000244140625,196.42999267578125,200.0,22290200
2019-12-06,201.11000061035156,202.0,199.50999450683594,201.88999938964844,14087300
2019-12-09,200.32000732421875,203.42999267578125,198.5500030517578,198.74000549316406,14258100
2019-12-10,200.7100067138672,202.47999572753906,199.22999572753906,200.4499969482422,11623900
2019-12-11,201.10000610351562,204.8000030517578,200.72000122070312,204.63999938964844,11760000
2019-12-12,203.7100067138672,206.0,202.0,204.5,22448600
2019-12-13,205.75999450683594,207.10000610351562,203.77000427246094,204.91000366210938,19270400
2019-12-16,206.3300018310547,209.14999389648438,206.19000244140625,206.97000122070312,16734300
2019-12-17,208.69000244140625,208.8699951171875,206.82000732421875,208.17999267578125,11287600
2019-12-18,208.52999877929688,210.0500030517578,208.0399932861328,210.0,13481800
2019-12-19,209.61000061035156,211.3699951171875,209.22999572753906,210.1300048828125,12167300
2019-12-20,211.35000610351562,213.97999572753906,210.4199981689453,212.25,26670000
2019-12-23,213.25,215.0500030517578,212.91000366210938,214.8300018310547,12535000
2019-12-24,215.00999450683594,215.42999267578125,213.35000610351562,214.25999450683594,5523000
2019-12-26,214.64999389648438,216.99000549316406,214.3300018310547,216.3800048828125,6907100
2019-12-27,217.99000549316406,218.11000061035156,215.1699981689453,215.47000122070312,11674200
2019-12-30,215.77999877929688,215.77999877929688,211.75999450683594,212.91000366210938,8732600
2019-12-31,212.0,213.63999938964844,210.72999572753906,212.10000610351562,6773600
2020-01-02,216.60000610351562,219.97999572753906,216.5399932861328,219.77000427246094,15873500
2020-01-03,216.35000610351562,218.2030029296875,216.00999450683594,217.0,8604500
2020-01-06,214.88999938964844,217.16000366210938,214.08999633789062,216.63999938964844,11885500
2020-01-07,217.63999938964844,218.94000244140625,216.69000244140625,217.6300048828125,9388000
2020-01-08,216.60000610351562,220.64999389648438,216.32000732421875,218.0,11959100
2020-01-09,221.5,223.0800018310547,220.82000732421875,221.77999877929688,13122500
2020-01-10,223.89999389648438,225.9600067138672,222.06100463867188,223.8300018310547,12296000
2020-01-13,228.80999755859375,231.13999938964844,227.0399932861328,230.47999572753906,17544800
2020-01-14,230.0500030517578,230.1750030517578,224.8800048828125,226.49000549316406,17266900
2020-01-15,226.64999389648438,227.82000732421875,224.38999938964844,225.05999755859375,10743400
2020-01-16,226.3000030517578,226.3300018310547,222.72999572753906,223.94000244140625,13700500
2020-01-17,225.89999389648438,228.0,225.35000610351562,227.42999267578125,12956200
2020-01-21,222.4499969482422,222.60000610351562,220.72999572753906,222.25999450683594,15831100
2020-01-22,224.69000244140625,225.5800018310547,222.0,222.3699951171875,10059600
2020-01-23,217.92999267578125,220.1300048828125,216.77000427246094,219.1300048828125,18519900
2020-01-24,218.49000549316406,219.8300018310547,211.3249969482422,213.75,18143900
2020-01-27,201.22000122070312,208.02000427246094,199.5,205.47000122070312,24574700
2020-01-28,209.74000549316406,210.91000366210938,207.1699981689453,210.22999572753906,16196700
2020-01-29,212.55999755859375,213.97999572753906,209.52000427246094,212.02000427246094,12871900
2020-01-30,207.8800048828125,209.86000061035156,205.02999877929688,208.5800018310547,14376000
2020-01-31,206.5,207.92999267578125,204.72799682617188,206.58999633789062,18181400
2020-02-03,208.6699981689453,215.02000427246094,208.6699981689453,213.10000610351562,14118800
2020-02-04,221.35000610351562,224.3800048828125,220.49000549316406,222.8800048828125,16695100
2020-02-05,226.52000427246094,226.6999969482422,217.5399932861328,220.22000122070312,15766100
2020-02-06,223.1300048828125,223.64999389648438,219.77999877929688,220.89999389648438,10790800
2020-02-07,217.4600067138672,217.83999633789062,214.8800048828125,216.52999877929688,13790300
2020-02-10,213.5,215.77000427246094,212.1999969482422,215.77000427246094,17420300
2020-02-11,219.91000366210938,220.00999450683594,215.2899932861328,217.2100067138672,16073500
2020-02-12,221.1300048828125,225.52000427246094,220.2100067138672,224.30999755859375,18671900
2020-02-13,220.0,225.0,218.99000549316406,220.36000061035156,28069700
2020-02-14,221.10000610351562,221.63999938964844,218.22999572753906,219.6300048828125,10690000
2020-02-18,218.5500030517578,220.85000610351562,217.50999450683594,220.52000427246094,12987000
2020-02-19,221.52000427246094,223.55999755859375,220.75,222.13999938964844,10798100
2020-02-20,222.5,222.5,214.22000122070312,218.0399932861328,14950100
2020-02-21,217.5399932861328,217.60000610351562,211.55999755859375,212.58999633789062,17681200
2020-02-24,203.5500030517578,207.27999877929688,202.50999450683594,206.16000366210938,19380200
2020-02-25,208.50999450683594,209.9499969482422,204.10000610351562,205.61000061035156,18132400
2020-02-26,206.8000030517578,213.0800018310547,206.7899932861328,208.74000549316406,19482100
2020-02-27,205.00999450683594,209.97000122070312,201.86000061035156,205.02999877929688,22741200
2020-02-28,198.97999572753906,208.9199981689453,198.56100463867188,208.0,31251100
2020-03-02,208.58999633789062,211.11000061035156,203.75599670410156,210.97999572753906,21542200
2020-03-03,211.0800018310547,211.38999938964844,202.24000549316406,207.41000366210938,20813800
2020-03-04,209.49000549316406,212.6999969482422,208.85000610351562,211.9600067138672,12474400
2020-03-05,210.0,215.14999389648438,209.13999938964844,211.4600067138672,13462900
2020-03-06,206.6999969482422,207.0,201.10000610351562,204.63999938964844,21700500
2020-03-09,195.6199951171875,199.88999938964844,193.92999267578125,197.66000366210938,25502600
2020-03-10,205.52999877929688,207.4499969482422,200.8000030517578,206.38999938964844,19022600
2020-03-11,201.64999389648438,203.10000610351562,196.11000061035156,198.91000366210938,18908200
2020-03-12,186.5,190.48699951171875,183.92999267578125,185.10000610351562,30247100
2020-03-13,194.89999389648438,195.99000549316406,187.80999755859375,194.0,23650500
2020-03-16,176.14999389648438,188.0,174.5,178.85000610351562,26628500
2020-03-17,181.25999450683594,189.38999938964844,179.69000244140625,184.80999755859375,19276500
2020-03-18,176.0,182.41000366210938,170.0,180.0,22054200
2020-03-19,179.25999450683594,187.25,177.38999938964844,180.8800048828125,20905700
2020-03-20,187.74000549316406,188.3000030517578,180.0,181.3000030517578,21006100
2020-03-23,175.27000427246094,178.5,169.9499969482422,176.33999633789062,22554700
2020-03-24,183.08999633789062,188.8000030517578,181.17999267578125,185.75,20801500
2020-03-25,185.82000732421875,195.19000244140625,184.51499938964844,188.55999755859375,19605200
2020-03-26,188.63999938964844,196.32000732421875,187.60000610351562,195.32000732421875,15416800
2020-03-27,189.97000122070312,192.74000549316406,188.0,188.58999633789062,13376400
2020-03-30,187.47999572753906,191.47999572753906,187.00999450683594,191.27000427246094,12254400
2020-03-31,192.0,196.7899932861328,190.60000610351562,194.47999572753906,19084800
2020-04-01,189.5,192.8699951171875,185.0399932861328,187.55999755859375,17948600
2020-04-02,186.0800018310547,191.3000030517578,185.69200134277344,188.89999389648438,13412100
2020-04-03,190.1199951171875,190.5500030517578,185.41000366210938,187.11000061035156,9483100
2020-04-06,194.74000549316406,196.8800048828125,192.6999969482422,196.4499969482422,13248700
2020-04-07,200.0500030517578,201.4499969482422,197.0500030517578,198.0,14934500
2020-04-08,198.33999633789062,198.86000061035156,193.88400268554688,195.97999572753906,13608000
2020-04-09,198.64999389648438,200.35000610351562,193.39999389648438,196.3699951171875,17821300
2020-04-13,197.39999389648438,200.3249969482422,195.52999877929688,199.44000244140625,16117900
2020-04-14,204.9499969482422,207.97000122070312,204.25,204.77999877929688,16757100
2020-04-15,204.77000427246094,209.14999389648438,201.30999755859375,208.1699981689453,10768100
2020-04-16,210.52999877929688,213.25,209.1199951171875,212.66000366210938,16353800
2020-04-17,214.97999572753906,214.97999572753906,208.8509979248047,209.5,13558500
2020-04-20,209.8699951171875,216.10000610351562,209.36000061035156,212.1300048828125,19295400
2020-04-21,209.89999389648438,212.1300048828125,205.02999877929688,207.33999633789062,14107600
2020-04-22,212.0,212.0,209.2100067138672,209.9600067138672,13471100
2020-04-23,210.24000549316406,210.55999755859375,203.4600067138672,205.24000549316406,20424000
2020-04-24,205.88999938964844,206.5,202.82000732421875,204.36000061035156,14673900
2020-04-27,207.5500030517578,207.77999877929688,202.02999877929688,203.69000244140625,17286800
2020-04-28,204.80999755859375,205.19000244140625,199.40699768066406,201.14999389648438,17203800
2020-04-29,202.92999267578125,207.0800018310547,202.50999450683594,206.6999969482422,19117800
2020-04-30,206.25,206.6999969482422,199.2899932861328,202.6699981689453,20107400
2020-05-01,195.75,197.3800048828125,192.86000061035156,194.47999572753906,22276200
2020-05-04,194.75999450683594,195.0,189.52999877929688,191.14999389648438,25709400
2020-05-05,196.3800048828125,198.27000427246094,194.1999969482422,195.02000427246094,22957200
2020-05-06,197.6699981689453,198.91000366210938,194.92999267578125,195.1699981689453,18598900
2020-05-07,198.0,198.08999633789062,194.77999877929688,196.49000549316406,16164600
2020-05-08,199.8000030517578,203.02000427246094,198.67999267578125,201.19000244140625,23819700
2020-05-11,202.77999877929688,206.63999938964844,202.3800048828125,205.39999389648438,17920700
2020-05-12,206.9499969482422,208.0500030517578,200.02000427246094,200.30999755859375,17826800
2020-05-13,203.6199951171875,204.67999267578125,197.97999572753906,199.4600067138672,22429700
2020-05-14,195.5,201.77000427246094,194.02999877929688,201.3000030517578,20025900
2020-05-15,200.6999969482422,204.49000549316406,200.10000610351562,203.67999267578125,17209500
2020-05-18,212.5,215.47000122070312,210.3699951171875,215.27999877929688,23556600
2020-05-19,216.72999572753906,220.58999633789062,215.19000244140625,217.1999969482422,21438100
2020-05-20,220.0,221.15699768066406,210.5800018310547,216.7899932861328,38324100
2020-05-21,211.2899932861328,214.5800018310547,209.52999877929688,212.16000366210938,29850700
2020-05-22,203.22999572753906,204.8800048828125,198.99000549316406,199.6999969482422,51979300
2020-05-26,205.94000244140625,206.8000030517578,201.0,201.72000122070312,28683200
2020-05-27,202.99000549316406,202.99000549316406,196.75,201.17999267578125,23605400
2020-05-28,199.0,202.3699951171875,197.6199951171875,199.49000549316406,18763200
2020-05-29,200.0,207.8800048828125,196.6999969482422,207.38999938964844,43179500
2020-06-01,205.89999389648438,207.1999969482422,203.94000244140625,206.57000732421875,16169700
2020-06-02,207.2100067138672,214.57000732421875,207.1699981689453,214.3300018310547,22485800
2020-06-03,215.60000610351562,218.97000122070312,213.75,218.61000061035156,19999500
2020-06-04,217.27999877929688,220.0,216.32000732421875,218.0399932861328,14962400
2020-06-05,220.0,220.58999633789062,218.6999969482422,219.5500030517578,11983200
2020-06-08,219.60000610351562,220.39999389648438,215.3300018310547,219.0,12731200
2020-06-09,216.30999755859375,220.72000122070312,216.1999969482422,220.72000122070312,14140100
2020-06-10,222.0,225.0,220.60000610351562,223.67999267578125,13372400
2020-06-11,218.0,219.9499969482422,213.55999755859375,215.24000549316406,15560300
2020-06-12,218.5,219.5,213.8800048828125,217.63999938964844,12716500
2020-06-15,214.11000061035156,217.72000122070312,212.75,217.02999877929688,17419900
2020-06-16,221.0,224.83999633789062,220.10000610351562,222.6199951171875,17212400
2020-06-17,224.39999389648438,225.0,222.5,224.25,12486700
2020-06-18,223.74000549316406,226.02999877929688,222.9199981689453,223.5399932861328,10358800
2020-06-19,226.3800048828125,226.5,220.08999633789062,220.63999938964844,19545200
2020-06-22,220.9199981689453,222.0800018310547,219.44500732421875,221.41000366210938,13303600
2020-06-23,225.1199951171875,230.22500610351562,224.52999877929688,228.75,18263400
2020-06-24,228.3000030517578,231.02999877929688,224.2519989013672,226.22000122070312,12159500
2020-06-25,224.58999633789062,224.69000244140625,220.8699951171875,222.16000366210938,14953100
2020-06-26,222.2100067138672,222.25999450683594,213.5,215.7100067138672,19340600
2020-06-29,215.02999877929688,216.5,211.82000732421875,215.02000427246094,12333000
2020-06-30,215.74000549316406,216.42999267578125,212.88999938964844,215.6999969482422,12933800
2020-07-01,215.80999755859375,216.5500030517578,214.74000549316406,215.9499969482422,11788100
2020-07-02,221.85000610351562,225.02499389648438,220.05999755859375,223.60000610351562,18128700
2020-07-06,233.30999755859375,240.47999572753906,232.82000732421875,240.0,33702900
2020-07-07,241.00999450683594,241.3000030517578,236.1300048828125,236.50999450683594,16491600
2020-07-08,244.86000061035156,258.489990234375,244.02000427246094,257.67999267578125,39922700
2020-07-09,265.54998779296875,268.0,255.91000366210938,261.5799865722656,36803900
2020-07-10,260.2099914550781,261.8999938964844,255.7100067138672,261.010009765625,20335000
2020-07-13,261.45001220703125,265.6600036621094,250.67999267578125,251.6699981689453,21568700
2020-07-14,246.57000732421875,249.75,241.22999572753906,248.5800018310547,19782600
2020-07-15,251.47999572753906,252.5,246.5399932861328,249.2100067138672,12614700
2020-07-16,241.77000427246094,245.0500030517578,240.74000549316406,242.5,18032100
2020-07-17,246.5500030517578,247.92999267578125,244.47999572753906,247.13999938964844,18742400
2020-07-20,256.45001220703125,257.6700134277344,252.42999267578125,254.80999755859375,19015000
2020-07-21,261.2099914550781,261.9200134277344,256.5199890136719,257.8999938964844,17120700
2020-07-22,255.75999450683594,256.2699890136719,249.60000610351562,251.6999969482422,19682200
2020-07-23,252.10000610351562,257.6600036621094,248.69000244140625,251.8800048828125,25712000
2020-07-24,244.9600067138672,249.47999572753906,241.88999938964844,249.0,17221500
2020-07-27,247.11000061035156,252.8699951171875,245.80999755859375,250.86000061035156,18966900
2020-07-28,251.14999389648438,251.64999389648438,248.52999877929688,249.0500030517578,9878700
2020-07-29,250.33999633789062,254.3000030517578,250.10000610351562,252.4499969482422,11493600
2020-07-30,251.6999969482422,253.86000061035156,249.6199951171875,252.74000549316406,7032900
2020-07-31,254.1999969482422,254.39999389648438,248.10000610351562,251.02000427246094,12304100
2020-08-03,254.02000427246094,260.6499938964844,254.0,257.94000244140625,11530300
2020-08-04,260.0799865722656,262.55999755859375,258.82000732421875,262.20001220703125,10994500
2020-08-05,263.739990234375,265.97601318359375,261.7550048828125,264.9100036621094,10673800
2020-08-06,263.4200134277344,265.70001220703125,259.20001220703125,265.67999267578125,10359500
2020-08-07,257.4100036621094,257.760009765625,247.57000732421875,252.10000610351562,22529600
2020-08-10,249.33999633789062,251.75,246.10000610351562,248.1300048828125,13621700
2020-08-11,251.2899932861328,252.8800048828125,247.8300018310547,248.4199981689453,10681800
2020-08-12,249.25,256.0799865722656,248.67999267578125,255.19000244140625,11112300
2020-08-13,256.3900146484375,256.9700012207031,252.8800048828125,253.72000122070312,8794500
2020-08-14,255.49000549316406,255.77000427246094,251.63999938964844,253.97000122070312,7876400
2020-08-17,253.0,257.375,250.0850067138672,256.9599914550781,9760000
2020-08-18,258.7099914550781,261.4200134277344,256.05999755859375,259.20001220703125,13267800
2020-08-19,260.8900146484375,261.2900085449219,257.3800048828125,260.5899963378906,14096500
2020-08-20,256.8900146484375,258.8800048828125,254.17999267578125,257.9700012207031,21460800
2020-08-21,259.0299987792969,267.42999267578125,258.30999755859375,265.79998779296875,25648200
2020-08-24,273.239990234375,276.9700012207031,271.6199951171875,276.0199890136719,22475800
2020-08-25,278.05999755859375,289.1199951171875,276.0400085449219,286.0,27535500
2020-08-26,289.260009765625,292.4800109863281,284.1000061035156,291.9599914550781,19530300
2020-08-27,290.1700134277344,290.25,282.1000061035156,284.1700134277344,14805800
2020-08-28,285.0899963378906,289.5,283.57000732421875,289.0,9681500
2020-08-31,288.6199951171875,289.19000244140625,283.6099853515625,287.0299987792969,13253800
2020-09-01,289.20001220703125,298.0,288.8699951171875,298.0,13797100
2020-09-02,299.0,299.0,289.7900085449219,296.07000732421875,12638600
2020-09-03,289.0,290.7330017089844,278.1600036621094,282.5,16766200
2020-09-04,279.6000061035156,283.7799987792969,267.3900146484375,281.3900146484375,15885800
2020-09-08,270.2300109863281,273.9700012207031,266.5899963378906,270.0199890136719,12734000
2020-09-09,274.45001220703125,275.6400146484375,270.8800048828125,273.1499938964844,9465700
2020-09-10,274.8999938964844,277.1000061035156,267.3999938964844,267.54998779296875,10676800
2020-09-11,272.6300048828125,274.5299987792969,268.1199951171875,271.6099853515625,9412800
2020-09-14,275.3599853515625,276.2900085449219,271.760009765625,274.1000061035156,7883300
2020-09-15,278.0,279.1000061035156,274.79998779296875,277.9599914550781,8291400
2020-09-16,281.0299987792969,283.6050109863281,278.0,278.1400146484375,9583500
2020-09-17,273.1099853515625,275.8999938964844,272.3210144042969,275.7200012207031,8016900
2020-09-18,275.9800109863281,277.2699890136719,270.54998779296875,272.4100036621094,11753500
2020-09-21,269.1000061035156,274.2200012207031,266.3999938964844,273.82000732421875,9076400
2020-09-22,276.0199890136719,276.32000732421875,270.04998779296875,275.2900085449219,9673300
2020-09-23,275.3999938964844,277.8299865722656,271.5,272.95001220703125,7353200
2020-09-24,267.92999267578125,271.25,267.3340148925781,269.7300109863281,9562100
2020-09-25,267.57000732421875,271.80999755859375,264.55999755859375,271.0899963378906,11466600
2020-09-28,275.5299987792969,278.8399963378906,274.1990051269531,276.010009765625,8761700
2020-09-29,275.42999267578125,279.29998779296875,274.8999938964844,276.92999267578125,7673300
2020-09-30,284.010009765625,295.0,283.7099914550781,293.9800109863281,24777700
2020-10-01,295.260009765625,295.5899963378906,288.25,290.04998779296875,16304000
2020-10-02,286.6199951171875,291.97900390625,286.510009765625,288.1700134277344,11482800
2020-10-05,289.05999755859375,290.0,284.8800048828125,288.2699890136719,17876400
2020-10-06,287.4100036621094,296.8399963378906,286.9100036621094,292.3900146484375,15860400
2020-10-07,297.989990234375,299.510009765625,292.8699951171875,296.5,16669300
2020-10-08,298.1099853515625,302.29998779296875,295.4410095214844,300.5400085449219,15105800
2020-10-09,298.54998779296875,302.6099853515625,297.739990234375,299.739990234375,11442200
2020-10-12,303.95001220703125,309.6400146484375,301.2850036621094,306.3399963378906,14780100
2020-10-13,306.3599853515625,310.010009765625,303.0299987792969,308.7799987792969,10898500
2020-10-14,309.0,309.9599914550781,300.79998779296875,301.0400085449219,15157800
2020-10-15,293.79998779296875,299.8630065917969,292.6099853515625,299.4599914550781,9709900
2020-10-16,303.989990234375,310.0,302.95001220703125,307.30999755859375,12338000
2020-10-19,309.8900146484375,313.80999755859375,303.4100036621094,305.2900085449219,14107300
2020-10-20,307.6000061035156,311.79998779296875,307.05999755859375,309.80999755859375,8806100
2020-10-21,311.75,314.0,307.70001220703125,307.9700012207031,11139700
2020-10-22,311.4599914550781,311.8500061035156,304.2099914550781,306.2799987792969,8008400
2020-10-23,307.2699890136719,310.3299865722656,304.05999755859375,309.9200134277344,6231400
2020-10-26,309.9200134277344,315.4599914550781,303.20001220703125,306.8699951171875,9350100
2020-10-27,307.75,319.32000732421875,305.6099853515625,317.1400146484375,13175900
2020-10-28,313.5,313.5,306.0,307.94000244140625,13644500
2020-10-29,309.44000244140625,315.5799865722656,308.9100036621094,312.55999755859375,11174500
2020-10-30,308.54998779296875,310.8299865722656,300.19000244140625,304.69000244140625,14918500
2020-11-02,310.95001220703125,311.44000244140625,305.3900146484375,310.8399963378906,11857600
2020-11-03,286.20001220703125,294.2799987792969,280.7799987792969,285.57000732421875,58132500
2020-11-04,287.7900085449219,299.1700134277344,285.29998779296875,295.7099914550781,28791200
2020-11-05,289.0899963378906,291.25,279.6000061035156,287.75,50065200
2020-11-06,291.489990234375,300.8900146484375,289.7860107421875,299.95001220703125,25259600
2020-11-09,303.7699890136719,304.0,290.5,290.5299987792969,22559900
2020-11-10,279.9700012207031,280.0,264.3299865722656,266.5400085449219,61064000
2020-11-11,261.9200134277344,271.9200134277344,261.2049865722656,265.6499938964844,41699000
2020-11-12,271.0400085449219,271.20001220703125,263.0400085449219,264.30999755859375,27119100
2020-11-13,264.7200012207031,265.44000244140625,257.1700134277344,260.8399963378906,33942800
2020-11-16,260.4200134277344,262.57000732421875,257.0299987792969,258.30999755859375,20864200
2020-11-17,260.2799987792969,260.2799987792969,256.5400085449219,256.79998779296875,19739500
2020-11-18,257.760009765625,258.30999755859375,252.5500030517578,255.8300018310547,28307100
2020-11-19,255.0,261.3999938964844,253.55999755859375,259.8900146484375,20752800
2020-11-20,263.9700012207031,272.3699951171875,261.8999938964844,270.739990234375,34178400
2020-11-23,274.75,275.7300109863281,266.4110107421875,270.1099853515625,25317100
2020-11-24,276.2349853515625,280.6099853515625,272.79998779296875,279.9599914550781,20660500
2020-11-25,275.70001220703125,279.3299865722656,274.04998779296875,277.7200012207031,15229300
2020-11-27,278.79998779296875,278.9200134277344,275.6659851074219,276.4800109863281,9583200
2020-11-30,268.9700012207031,268.9700012207031,262.5199890136719,263.3599853515625,30476100
2020-12-01,265.4700012207031,265.6700134277344,261.57000732421875,264.010009765625,14573100
2020-12-02,262.0,263.1000061035156,260.1099853515625,261.32000732421875,13919700
2020-12-03,263.7799987792969,268.6000061035156,263.1400146484375,266.9100036621094,15520500
2020-12-04,271.0199890136719,271.29998779296875,266.2699890136719,267.25,15527600
2020-12-07,265.70001220703125,265.9700012207031,262.6000061035156,264.0,11388700
2020-12-08,265.20001220703125,268.3999938964844,263.8699951171875,266.0899963378906,9447700
2020-12-09,267.55999755859375,267.9100036621094,263.1000061035156,263.79998779296875,9060700
2020-12-10,261.989990234375,266.0899963378906,261.20001220703125,264.8699951171875,10290300
2020-12-11,264.2900085449219,265.32000732421875,262.5,264.5400085449219,7771300
2020-12-14,260.32000732421875,260.8550109863281,256.0299987792969,256.0299987792969,18369900
2020-12-15,255.33999633789062,255.67999267578125,252.3000030517578,255.11000061035156,16595600
2020-12-16,257.739990234375,263.17999267578125,257.0400085449219,261.8900146484375,15804800
2020-12-17,264.70001220703125,264.8500061035156,260.20001220703125,264.42999267578125,14306600
2020-12-18,263.8999938964844,264.8999938964844,259.20001220703125,260.0,15981800
2020-12-21,255.1699981689453,260.4599914550781,254.5,260.42999267578125,10901800
2020-12-22,257.8699951171875,258.3399963378906,255.41000366210938,255.8300018310547,11468400
2020-12-23,255.5,257.3500061035156,252.52999877929688,256.17999267578125,10729200
2020-12-24,228.23500061035156,229.89999389648438,211.22999572753906,222.0,141830000
2020-12-28,216.8800048828125,224.99000549316406,215.32000732421875,222.36000061035156,73512100
2020-12-29,231.75999450683594,239.19000244140625,229.60000610351562,236.25999450683594,69715900
2020-12-30,243.34800720214844,243.38999938964844,234.64500427246094,238.38999938964844,44812300
2020-12-31,237.4600067138672,238.9199981689453,231.02699279785156,232.72999572753906,23451800
2021-01-04,226.5,230.3800048828125,225.0399932861328,227.85000610351562,24897900
2021-01-05,229.0500030517578,240.75999450683594,228.1199951171875,240.39999389648438,35823800
2021-01-06,234.9499969482422,238.3000030517578,225.86000061035156,227.61000061035156,37146100
2021-01-07,229.30999755859375,229.9499969482422,220.08999633789062,226.89999389648438,49361800
2021-01-08,227.8800048828125,238.60000610351562,226.68299865722656,236.19000244140625,34884900
2021-01-11,229.89999389648438,230.8249969482422,225.86000061035156,227.3699951171875,23036900
2021-01-12,228.38499450683594,229.75,225.13999938964844,225.60000610351562,18969900
2021-01-13,229.94000244140625,240.49000549316406,226.2899932861328,235.3000030517578,38805100
2021-01-14,245.30999755859375,245.6999969482422,241.47000122070312,242.97999572753906,31381600
2021-01-15,246.25,246.99000549316406,242.14999389648438,243.4600067138672,21561600
2021-01-19,250.0,252.8800048828125,246.99000549316406,251.64999389648438,23681900
2021-01-20,267.5,269.0,262.70001220703125,265.489990234375,44640800
2021-01-21,264.1300048828125,264.6000061035156,257.8999938964844,260.0,20709900
2021-01-22,256.79998779296875,260.3299865722656,255.5,258.6199951171875,13518200
2021-01-25,263.6199951171875,265.20001220703125,257.8500061035156,261.3800048828125,19478600
2021-01-26,263.79998779296875,266.0,261.1199951171875,265.9200134277344,14681200
2021-01-27,265.1300048828125,265.9200134277344,259.95001220703125,260.25,16050400
2021-01-28,259.1700134277344,261.57000732421875,257.3299865722656,260.760009765625,10244900
2021-01-29,256.0299987792969,258.8999938964844,252.3000030517578,253.8300018310547,14693000
2021-02-01,258.79998779296875,265.0,255.19500732421875,264.69000244140625,15289300
2021-02-02,264.57000732421875,265.0,254.0399932861328,254.5,30534300
2021-02-03,264.70001220703125,268.2799987792969,261.25,263.42999267578125,29179700
2021-02-04,269.5799865722656,269.989990234375,265.5580139160156,266.9599914550781,16763000
2021-02-05,264.6099853515625,266.45001220703125,263.2099914550781,265.6700134277344,11018700
2021-02-08,264.9800109863281,265.0,261.82000732421875,262.5899963378906,10721100
2021-02-09,263.0,267.20001220703125,262.5400085449219,266.489990234375,12432800
2021-02-10,268.70001220703125,270.3999938964844,264.6000061035156,267.7900085449219,13090800
2021-02-11,268.75,274.260009765625,267.20001220703125,268.92999267578125,15295800
2021-02-12,269.0899963378906,270.25,265.67999267578125,267.8500061035156,9355100
2021-02-16,271.0,274.2900085449219,270.3999938964844,270.70001220703125,16708700
2021-02-17,270.8900146484375,272.3160095214844,267.80999755859375,270.8299865722656,13262400
2021-02-18,265.2300109863281,266.17999267578125,262.3299865722656,264.510009765625,15382300
2021-02-19,266.04998779296875,269.3900146484375,262.8500061035156,263.5899963378906,14718400
2021-02-22,257.989990234375,259.4599914550781,254.0,254.0,14403500
2021-02-23,247.30999755859375,254.89999389648438,241.6199951171875,252.75,15980300
2021-02-24,252.0,252.0,248.10000610351562,250.33999633789062,12831700
2021-02-25,250.0,250.33999633789062,240.07000732421875,240.17999267578125,17967300
2021-02-26,244.6300048828125,244.89999389648438,237.64999389648438,237.75999450683594,17470700
2021-03-01,241.0500030517578,242.7899932861328,239.25999450683594,241.69000244140625,14043300
2021-03-02,238.7899932861328,241.1999969482422,234.27000427246094,234.4199981689453,14644200
2021-03-03,237.5,239.60899353027344,234.4510040283203,236.27000427246094,13571700
2021-03-04,235.0,236.3699951171875,228.36000061035156,230.5,22964800
2021-03-05,235.4199981689453,236.42999267578125,228.33999633789062,233.88999938964844,15988400
2021-03-08,229.02000427246094,230.80999755859375,226.52999877929688,226.69000244140625,17138400
2021-03-09,233.3800048828125,238.74000549316406,233.0749969482422,238.13999938964844,15291300
2021-03-10,241.0,241.3249969482422,233.63999938964844,234.3000030517578,10491200
2021-03-11,237.1999969482422,241.72000122070312,235.0,240.8000030517578,15162500
2021-03-12,233.69500732421875,235.4499969482422,229.70599365234375,231.8699951171875,17778400
2021-03-15,228.41000366210938,230.4499969482422,226.25999450683594,230.27999877929688,14499700
2021-03-16,228.07000732421875,229.85000610351562,225.52999877929688,226.92999267578125,19336600
2021-03-17,226.5,235.6300048828125,225.80999755859375,233.33999633789062,16949500
2021-03-18,238.55999755859375,239.5,235.55999755859375,236.42999267578125,14822300
2021-03-19,239.66000366210938,241.60000610351562,236.88400268554688,239.7899932861328,15959700
2021-03-22,235.85499572753906,238.52999877929688,235.0,237.1199951171875,12063200
2021-03-23,237.3000030517578,241.1199951171875,235.5,237.6699981689453,12295600
2021-03-24,236.8300018310547,237.3000030517578,229.24000549316406,229.58999633789062,15949900
2021-03-25,225.0,229.24000549316406,222.5,222.72000122070312,24819800
2021-03-26,222.0,229.23899841308594,220.4199981689453,227.25999450683594,22030800
2021-03-29,225.49000549316406,232.3800048828125,225.10000610351562,231.86000061035156,18029100
2021-03-30,229.27000427246094,230.4499969482422,226.63999938964844,229.25,14828700
2021-03-31,229.88999938964844,231.52000427246094,226.47000122070312,226.72999572753906,16825400
2021-04-01,230.67999267578125,231.25,223.5,224.36000061035156,23497500
2021-04-05,226.52999877929688,226.57000732421875,222.52000427246094,225.3000030517578,14962100
2021-04-06,226.02999877929688,232.0,225.74000549316406,230.57000732421875,18100400
2021-04-07,226.11000061035156,228.19000244140625,224.8000030517578,225.4199981689453,18034900
2021-04-08,228.5,229.4199981689453,226.6199951171875,228.24000549316406,12211300
2021-04-09,224.85000610351562,225.07000732421875,221.32000732421875,223.30999755859375,19763000
2021-04-12,237.88999938964844,244.91000366210938,236.64999389648438,244.00999450683594,57500300
2021-04-13,243.66000366210938,245.69000244140625,239.69000244140625,241.88999938964844,20793000
2021-04-14,244.3699951171875,245.08999633789062,238.64999389648438,239.22999572753906,12405200
2021-04-15,240.0,240.9499969482422,238.1269989013672,239.08999633789062,11288900
2021-04-16,241.88999938964844,241.88999938964844,237.82000732421875,238.69000244140625,14418800
2021-04-19,237.44000244140625,238.4199981689453,232.80999755859375,234.77999877929688,11216000
2021-04-20,232.8699951171875,234.6300048828125,228.42999267578125,229.8800048828125,12093900
2021-04-21,229.3300018310547,229.49000549316406,226.07000732421875,229.44000244140625,14315900
2021-04-22,228.76499938964844,234.0,227.82000732421875,229.35000610351562,11986200
2021-04-23,230.64999389648438,233.0,230.50999450683594,232.0800018310547,8967000
2021-04-26,231.5,233.49000549316406,230.82000732421875,232.6999969482422,7792900
2021-04-27,233.44000244140625,236.92999267578125,232.0800018310547,235.9199981689453,11646300
2021-04-28,237.57000732421875,239.22000122070312,236.3300018310547,236.72000122070312,9187700
2021-04-29,237.7899932861328,238.0500030517578,232.60000610351562,234.17999267578125,9552800
2021-04-30,231.77000427246094,233.85000610351562,230.50999450683594,230.9499969482422,9326400
2021-05-03,231.27000427246094,236.1699981689453,230.40499877929688,230.7100067138672,13620900
2021-05-04,230.25,231.47999572753906,225.4499969482422,227.89999389648438,13260500
2021-05-05,228.0,229.3000030517578,226.72999572753906,226.77999877929688,10013800
2021-05-06,227.11000061035156,228.44000244140625,222.8800048828125,226.4199981689453,12247700
2021-05-07,227.89999389648438,228.7899932861328,225.0500030517578,225.30999755859375,10550000
2021-05-10,222.8699951171875,222.8699951171875,218.55999755859375,219.52999877929688,17266700
2021-05-11,213.7100067138672,221.38999938964844,213.0,221.3800048828125,13887700
2021-05-12,224.74000549316406,225.2899932861328,219.0,219.89999389648438,20366900
2021-05-13,213.14999389648438,215.5,204.38999938964844,206.0800018310547,51693900
2021-05-14,209.9239959716797,210.94000244140625,206.02000427246094,209.50999450683594,31626800
2021-05-17,210.61500549316406,213.14999389648438,209.44000244140625,211.0500030517578,20529800
2021-05-18,212.5,215.1699981689453,211.4199981689453,213.72000122070312,19519400
2021-05-19,211.10000610351562,212.91000366210938,210.1199951171875,212.5399932861328,17030400
2021-05-20,212.9949951171875,217.6300048828125,212.6300048828125,216.99000549316406,19123400
2021-05-21,215.22999572753906,215.88999938964844,209.8699951171875,211.05999755859375,22825500
2021-05-24,210.02999877929688,212.00999450683594,208.6999969482422,210.44000244140625,15884200
2021-05-25,212.8300018310547,214.0500030517578,211.00999450683594,211.1300048828125,14116100
2021-05-26,212.3000030517578,213.75,211.5399932861328,211.77999877929688,9405800
2021-05-27,214.1699981689453,215.4600067138672,212.52999877929688,212.74000549316406,18680200
2021-05-28,212.75999450683594,214.52999877929688,212.05999755859375,213.9600067138672,10401500
2021-06-01,223.02000427246094,223.1300048828125,218.24000549316406,219.47999572753906,23052800
2021-06-02,219.42999267578125,219.94000244140625,217.4600067138672,219.58999633789062,13126400
2021-06-03,218.0,218.6999969482422,216.30499267578125,217.0399932861328,12448100
2021-06-04,218.27999877929688,219.0800018310547,217.13999938964844,219.02000427246094,8999100
2021-06-07,218.0,218.39999389648438,215.69000244140625,216.89999389648438,9928600
2021-06-08,217.2899932861328,218.22999572753906,214.74000549316406,215.82000732421875,9443000
2021-06-09,215.2100067138672,216.57000732421875,213.30999755859375,213.32000732421875,10233600
2021-06-10,213.5,214.8000030517578,212.2100067138672,213.07000732421875,10735900
2021-06-11,213.4499969482422,213.4600067138672,211.0,211.63999938964844,12276600
2021-06-14,212.25,215.1649932861328,212.24400329589844,213.94000244140625,10773100
2021-06-15,214.1699981689453,214.49000549316406,209.63999938964844,210.05999755859375,12167000
2021-06-16,209.75,211.6199951171875,208.2259979248047,209.32000732421875,10917800
2021-06-17,209.89999389648438,212.49000549316406,209.77000427246094,211.60000610351562,11233700
2021-06-18,212.00999450683594,213.83999633789062,210.58999633789062,212.3000030517578,13724600
2021-06-21,210.5500030517578,211.77999877929688,208.99000549316406,211.05999755859375,9273800
2021-06-22,210.4199981689453,211.66000366210938,209.86000061035156,211.32000732421875,11092100
2021-06-23,214.19000244140625,216.3300018310547,213.1300048828125,214.86000061035156,13785800
2021-06-24,216.99000549316406,219.5800018310547,215.55999755859375,218.3800048828125,13488200
2021-06-25,221.7100067138672,230.25,221.10000610351562,228.5,27383900
2021-06-28,229.5,230.88999938964844,226.72000122070312,228.58999633789062,13564900
2021-06-29,226.6999969482422,229.63999938964844,225.6020050048828,229.44000244140625,10273800
2021-06-30,226.99000549316406,227.97999572753906,225.67999267578125,226.77999877929688,9348600
2021-07-01,228.07000732421875,228.85000610351562,221.5500030517578,221.8699951171875,13316400
2021-07-02,219.16000366210938,219.5,216.4600067138672,217.75,12989200
2021-07-06,215.32000732421875,215.39999389648438,209.3730010986328,211.60000610351562,23719900
2021-07-07,211.61000061035156,212.0500030517578,207.82000732421875,208.0,18340400
2021-07-08,201.7100067138672,202.27999877929688,198.25999450683594,199.85000610351562,33992500
2021-07-09,202.0500030517578,207.26800537109375,201.5,205.94000244140625,16911300
2021-07-12,203.89999389648438,206.4550018310547,203.02000427246094,205.47999572753906,11259500
2021-07-13,209.22999572753906,212.80999755859375,208.19000244140625,209.50999450683594,17375900
2021-07-14,215.5,216.35000610351562,211.02999877929688,211.5,19484200
2021-07-15,215.11000061035156,216.60000610351562,213.16099548339844,214.75999450683594,14283600
2021-07-16,214.85000610351562,215.1999969482422,211.4600067138672,212.10000610351562,11150200
2021-07-19,206.10000610351562,209.0800018310547,203.24000549316406,208.91000366210938,15865800
2021-07-20,209.0,211.5,207.4669952392578,210.58999633789062,9986800
2021-07-21,209.14999389648438,211.85000610351562,208.4199981689453,211.0800018310547,7650300
2021-07-22,212.63999938964844,216.38999938964844,212.60000610351562,214.0399932861328,10563100
2021-07-23,206.2899932861328,206.88999938964844,203.55999755859375,206.52999877929688,25539900
2021-07-26,198.3699951171875,198.5749969482422,190.8800048828125,191.75999450683594,55736800
2021-07-27,183.58999633789062,186.89999389648438,179.6699981689453,186.07000732421875,59265700
2021-07-28,190.22999572753906,198.0,189.75999450683594,196.00999450683594,34535200
2021-07-29,201.0449981689453,201.13999938964844,194.91000366210938,197.5399932861328,23363200
2021-07-30,190.5800018310547,196.0449981689453,190.49000549316406,195.19000244140625,17250600
2021-08-02,196.27000427246094,202.07000732421875,196.25,200.08999633789062,17889200
2021-08-03,195.00999450683594,197.44000244140625,192.0,197.3800048828125,20115900
2021-08-04,197.49000549316406,203.27499389648438,196.91000366210938,200.7100067138672,22327300
2021-08-05,199.27000427246094,200.2899932861328,197.63999938964844,199.27999877929688,9881400
2021-08-06,199.25,199.32000732421875,195.67999267578125,196.38999938964844,11967700
2021-08-09,194.5800018310547,195.5,192.82000732421875,195.25,14657200
2021-08-10,197.27000427246094,198.4499969482422,195.072998046875,195.72999572753906,9983700
2021-08-11,196.60000610351562,196.9199981689453,194.72999572753906,194.86000061035156,8985100
2021-08-12,191.1699981689453,192.97999572753906,189.68499755859375,191.66000366210938,12873400
2021-08-13,188.61000061035156,189.25999450683594,186.7100067138672,188.6199951171875,15377000
2021-08-16,185.0,186.25999450683594,181.50999450683594,182.7100067138672,21020700
2021-08-17,175.9199981689453,177.88999938964844,173.14999389648438,173.72999572753906,40558000
2021-08-18,174.10000610351562,175.36000061035156,172.11000061035156,172.35000610351562,34339800
2021-08-19,166.6999969482422,167.26400756835938,159.50999450683594,160.5500030517578,66663000
2021-08-20,164.1199951171875,166.92999267578125,155.5,157.9600067138672,75948900
2021-08-23,159.27999877929688,161.47000122070312,152.8000030517578,161.05999755859375,88699200
2021-08-24,169.0399932861328,174.15199279785156,168.1580047607422,171.6999969482422,62786400
2021-08-25,168.6999969482422,169.61000061035156,166.0800018310547,169.10000610351562,26055400
2021-08-26,167.4600067138672,168.4499969482422,164.82000732421875,165.24000549316406,18816500
2021-08-27,159.99000549316406,161.77000427246094,158.5500030517578,159.47000122070312,31718100
2021-08-30,160.1699981689453,163.2899932861328,158.22999572753906,162.2899932861328,23769400
2021-08-31,167.6999969482422,169.0,166.13999938964844,166.99000549316406,24629100
2021-09-01,169.55999755859375,174.7899932861328,169.3300018310547,173.27999877929688,29550200
2021-09-02,178.00999450683594,178.17999267578125,171.6699981689453,172.0,29302400
2021-09-03,169.52499389648438,172.05999755859375,168.8800048828125,170.3000030517578,16423500
2021-09-07,174.14999389648438,176.83999633789062,173.3699951171875,175.16000366210938,24608500
2021-09-08,174.25,174.3699951171875,169.25999450683594,170.7100067138672,18993000
2021-09-09,167.3000030517578,169.0399932861328,165.5800018310547,167.32000732421875,17295800
2021-09-10,171.1999969482422,171.63999938964844,167.61000061035156,168.10000610351562,15064300
2021-09-13,164.49000549316406,166.86199951171875,163.02000427246094,165.41000366210938,15458600
2021-09-14,162.86000061035156,163.06900024414062,159.47999572753906,160.14999389648438,20925900
2021-09-15,157.9499969482422,158.02999877929688,153.9199981689453,157.86000061035156,31796600
2021-09-16,154.9199981689453,157.63900756835938,153.6699981689453,156.25999450683594,24358900
2021-09-17,158.47999572753906,160.3800048828125,158.08999633789062,160.0500030517578,25489000
2021-09-20,154.39999389648438,155.13999938964844,149.08999633789062,151.49000549316406,36177500
2021-09-21,151.5800018310547,152.5800018310547,149.5709991455078,150.17999267578125,19494700
2021-09-22,151.47000122070312,154.0,151.02000427246094,151.88999938964844,19832000
2021-09-23,152.5800018310547,152.67999267578125,149.61000061035156,151.19000244140625,24707500
2021-09-24,147.7100067138672,148.0,144.57000732421875,145.0800018310547,32067400
2021-09-27,144.9199981689453,150.99000549316406,144.44000244140625,150.17999267578125,24287400
2021-09-28,152.16000366210938,153.72999572753906,148.86000061035156,152.38999938964844,26299600
2021-09-29,150.4600067138672,152.10000610351562,147.47999572753906,147.5800018310547,17361300
2021-09-30,147.02999877929688,149.5800018310547,146.86399841308594,148.0500030517578,14291500
2021-10-01,147.08999633789062,148.4499969482422,143.33999633789062,144.1999969482422,20211000
2021-10-04,141.6999969482422,141.89999389648438,138.42999267578125,139.6300048828125,25218500
2021-10-05,139.3800048828125,143.8300018310547,139.19000244140625,143.13999938964844,14032100
2021-10-06,140.55999755859375,144.89199829101562,139.9600067138672,144.10000610351562,14875900
2021-10-07,151.0500030517578,158.2899932861328,150.75,156.0,46035900
2021-10-08,159.86000061035156,162.77999877929688,157.91000366210938,161.52000427246094,33499200
2021-10-11,169.61000061035156,169.8000030517578,163.9499969482422,163.9499969482422,42193600
2021-10-12,163.8249969482422,165.72999572753906,162.24000549316406,163.0,24512700
2021-10-13,164.3800048828125,168.26499938964844,163.60000610351562,167.39999389648438,18595000
2021-10-14,168.25999450683594,168.99000549316406,164.4600067138672,166.77999877929688,17403700
2021-10-15,166.99000549316406,169.8000030517578,165.43499755859375,168.0,20762800
2021-10-18,166.5800018310547,169.25,166.5800018310547,166.82000732421875,18945900
2021-10-19,170.60000610351562,177.44000244140625,170.4499969482422,177.0,33538900
2021-10-20,180.9499969482422,182.08999633789062,176.1300048828125,177.17999267578125,33714400
2021-10-21,177.0,179.77999877929688,176.7100067138672,177.4199981689453,16444000
2021-10-22,179.0800018310547,182.08999633789062,175.80999755859375,177.6999969482422,20807300
2021-10-25,177.86000061035156,178.27999877929688,173.8300018310547,176.1699981689453,13119700
2021-10-26,174.47999572753906,174.89999389648438,167.47999572753906,169.99000549316406,17577000
2021-10-27,167.52999877929688,172.4499969482422,167.33999633789062,169.22999572753906,11801800
2021-10-28,168.49000549316406,170.35000610351562,166.77000427246094,169.7899932861328,12440100
2021-10-29,167.07000732421875,168.55999755859375,162.72000122070312,164.94000244140625,17155400
2021-11-01,165.83999633789062,171.89500427246094,165.8000030517578,170.1699981689453,17609500
2021-11-02,167.10000610351562,167.10000610351562,162.75999450683594,162.89999389648438,19072900
2021-11-03,165.36000061035156,166.64999389648438,163.11000061035156,166.24000549316406,13569700
2021-11-04,169.27999877929688,169.94000244140625,164.5,164.7899932861328,16669200
2021-11-05,164.7949981689453,164.7949981689453,158.3000030517578,158.72999572753906,22098200
2021-11-08,161.76499938964844,162.16000366210938,159.47999572753906,162.16000366210938,16223100
2021-11-09,162.16000366210938,164.47999572753906,159.5399932861328,160.19000244140625,14010100
2021-11-10,163.67999267578125,166.47999572753906,161.82000732421875,163.97000122070312,17216800
2021-11-11,166.55999755859375,169.6300048828125,166.55999755859375,167.85000610351562,16747500
2021-11-12,165.1739959716797,167.8000030517578,163.39999389648438,166.80999755859375,13741800
2021-11-15,167.22000122070312,168.4600067138672,165.6699981689453,166.5399932861328,9655700
2021-11-16,168.60000610351562,169.94000244140625,166.6699981689453,168.42999267578125,11887500
2021-11-17,168.02000427246094,168.3000030517578,161.13499450683594,161.5800018310547,18829500
2021-11-18,146.91000366210938,148.5,141.88999938964844,143.60000610351562,61571500
2021-11-19,143.0399932861328,145.05999755859375,140.0,140.33999633789062,28575700
2021-11-22,139.89999389648438,140.6999969482422,135.2100067138672,136.6199951171875,26390400
2021-11-23,136.03199768066406,136.85000610351562,133.30999755859375,133.66000366210938,24102900
2021-11-24,133.10000610351562,136.75999450683594,131.22000122070312,136.52000427246094,20010400
2021-11-26,132.92999267578125,133.97999572753906,131.22000122070312,133.35000610351562,14814900
2021-11-29,134.25,134.5500030517578,130.5500030517578,131.61000061035156,18648900
2021-11-30,129.9010009765625,131.32000732421875,126.12999725341797,127.52999877929688,32625400
2021-12-01,128.3699951171875,129.15499877929688,121.9000015258789,122.48999786376953,29203800
2021-12-02,123.0199966430664,125.0,119.33999633789062,122.0,34478600
2021-12-03,118.0,118.19000244140625,108.69999694824219,111.95999908447266,70266500
2021-12-06,113.63999938964844,123.81999969482422,113.43000030517578,123.5999984741211,43111400
2021-12-07,129.3000030517578,129.4499969482422,123.45999908447266,125.54000091552734,38542800
2021-12-08,123.20999908447266,126.97000122070312,121.31999969482422,125.08000183105469,22275000
2021-12-09,124.62999725341797,127.76000213623047,123.21199798583984,123.91000366210938,23499300
2021-12-10,123.22000122070312,125.20999908447266,122.77999877929688,125.05999755859375,15008300
2021-12-13,123.0,123.25,119.75,122.23999786376953,15820500
2021-12-14,120.93000030517578,127.6500015258789,120.30000305175781,126.58000183105469,17691500
2021-12-15,122.62999725341797,123.58999633789062,117.7699966430664,122.47000122070312,24893500
2021-12-16,122.31999969482422,125.69000244140625,118.9000015258789,120.25,22533400
2021-12-17,119.48999786376953,122.87000274658203,117.80999755859375,122.0999984741211,19781100
2021-12-20,118.5,118.83000183105469,113.69499969482422,115.0,23970500
2021-12-21,116.8499984741211,122.9800033569336,116.5999984741211,122.9800033569336,18036300
2021-12-22,117.08999633789062,118.66000366210938,115.1500015258789,117.80999755859375,24502000
2021-12-23,116.80000305175781,119.58999633789062,115.38999938964844,118.66000366210938,17563300
2021-12-27,117.80000305175781,121.80000305175781,116.10199737548828,116.58999633789062,17864400
2021-12-28,116.26000213623047,116.41999816894531,114.47000122070312,114.80000305175781,17052100
2021-12-29,113.80000305175781,114.19999694824219,110.37999725341797,112.08999633789062,21100500
2021-12-30,112.62999725341797,124.30000305175781,112.30000305175781,122.98999786376953,45437100
2021-12-31,121.2300033569336,122.91000366210938,118.58999633789062,118.79000091552734,24287000
2022-01-03,119.37999725341797,121.94999694824219,115.81999969482422,120.37999725341797,16775300
2022-01-04,119.52999877929688,120.87000274658203,115.7699966430664,119.55999755859375,20824000
2022-01-05,118.0,126.62000274658203,117.69999694824219,121.16000366210938,36651100
2022-01-06,124.26000213623047,128.39999389648438,123.46499633789062,126.62999725341797,32045800
2022-01-07,130.24000549316406,133.8800048828125,128.17999267578125,129.80999755859375,38113000
2022-01-10,131.99000549316406,132.60000610351562,126.2300033569336,128.3000030517578,23372200
2022-01-11,129.2100067138672,134.22999572753906,127.47000122070312,132.19000244140625,23616400
2022-01-12,136.02000427246094,138.6999969482422,135.5850067138672,137.41000366210938,25961100
2022-01-13,135.1999969482422,135.9199981689453,131.3000030517578,131.3699951171875,19887700
2022-01-14,132.80999755859375,134.36000061035156,129.35000610351562,131.57000732421875,18614900
2022-01-18,126.2699966430664,132.1300048828125,124.81999969482422,128.60000610351562,26122200
2022-01-19,128.10000610351562,130.86000061035156,127.12999725341797,127.73999786376953,14665200
2022-01-20,135.77000427246094,136.75,130.67999267578125,131.02999877929688,28966400
2022-01-21,128.22999572753906,128.9600067138672,122.52100372314453,123.2300033569336,26341400
2022-01-24,119.31999969482422,120.77999877929688,115.31999969482422,120.37000274658203,28509300
2022-01-25,119.91000366210938,122.45999908447266,118.04000091552734,119.13999938964844,22224100
2022-01-26,120.93000030517578,120.93000030517578,112.96199798583984,113.37000274658203,27513200
2022-01-27,113.11000061035156,114.54000091552734,110.2699966430664,111.79000091552734,21472700
2022-01-28,113.25,115.31999969482422,110.05999755859375,115.2300033569336,18892400
2022-01-31,118.16999816894531,125.87000274658203,117.5,125.79000091552734,20346500
2022-02-01,124.80999755859375,128.0,122.97000122070312,127.22000122070312,15036100
2022-02-02,127.62999725341797,127.62999725341797,121.16999816894531,122.87999725341797,14050100
2022-02-03,121.55000305175781,125.2699966430664,120.7300033569336,123.47000122070312,16651500
2022-02-04,121.2699966430664,123.94000244140625,119.66000366210938,122.22000122070312,13538200
2022-02-07,116.0999984741211,116.55000305175781,113.5999984741211,114.81999969482422,28589200
2022-02-08,118.16000366210938,122.23999786376953,116.80000305175781,121.9000015258789,22340500
2022-02-09,123.08999633789062,126.80000305175781,121.94000244140625,126.5,18253600
2022-02-10,124.11000061035156,128.33999633789062,123.4000015258789,123.9800033569336,16116600
2022-02-11,125.33499908447266,126.72000122070312,121.94000244140625,122.25,13889900
2022-02-14,120.55999755859375,122.38400268554688,119.37000274658203,121.91999816894531,13154900
2022-02-15,123.7699966430664,126.80500030517578,123.37799835205078,126.23999786376953,14634700
2022-02-16,125.61000061035156,127.58000183105469,124.51000213623047,125.55999755859375,17993300
2022-02-17,125.0,129.39999389648438,124.05599975585938,124.43000030517578,15906000
2022-02-18,120.87999725341797,120.87999725341797,117.19999694824219,118.98999786376953,21201400
2022-02-22,114.0,114.8499984741211,112.05999755859375,112.93000030517578,21755100
2022-02-23,115.0999984741211,115.4000015258789,109.5999984741211,109.72000122070312,24489200
2022-02-24,100.0739974975586,108.94999694824219,100.0199966430664,108.93000030517578,35294700
2022-02-25,107.88999938964844,108.55000305175781,104.0,107.94000244140625,21428400
2022-02-28,105.97000122070312,107.48999786376953,103.63999938964844,105.19000244140625,23063500
2022-03-01,105.8499984741211,111.25,105.8499984741211,107.08999633789062,21218500
2022-03-02,107.38999938964844,107.38999938964844,103.23999786376953,105.41999816894531,20791800
2022-03-03,106.02999877929688,106.62999725341797,101.06999969482422,102.05000305175781,21725900
2022-03-04,100.29000091552734,104.38999938964844,99.33000183105469,100.5999984741211,24574700
2022-03-07,99.55999755859375,103.36000061035156,98.5999984741211,98.66000366210938,20679400
2022-03-08,99.31999969482422,100.91000366210938,95.56999969482422,97.5,23275500
2022-03-09,100.26000213623047,100.97000122070312,98.31999969482422,100.93000030517578,20853600
2022-03-10,95.19000244140625,95.69999694824219,90.81999969482422,92.91999816894531,37671200
2022-03-11,93.26000213623047,93.94999694824219,86.68000030517578,86.70999908447266,39341800
2022-03-14,80.69999694824219,82.44999694824219,77.08000183105469,77.76000213623047,69992600
2022-03-15,75.0999984741211,80.13999938964844,73.27999877929688,76.76000213623047,86209300
2022-03-16,92.0,105.73999786376953,87.12000274658203,104.9800033569336,159834300
2022-03-17,99.13999938964844,101.88999938964844,95.7699966430664,100.37000274658203,80663200
2022-03-18,100.5,111.73999786376953,99.5999984741211,108.30000305175781,83781800
2022-03-21,102.80999755859375,105.68000030517578,98.69999694824219,103.58999633789062,58882900
2022-03-22,114.01000213623047,118.23999786376953,112.37000274658203,114.98999786376953,88193400
2022-03-23,115.69999694824219,124.11100006103516,112.68000030517578,117.23999786376953,81605700
2022-03-24,112.86000061035156,116.5,110.81999969482422,115.1500015258789,55850200
2022-03-25,110.52999877929688,113.86000061035156,109.4000015258789,112.98999786376953,42396500
2022-03-28,113.86000061035156,116.2300033569336,111.91999816894531,115.08999633789062,30168000
2022-03-29,118.36000061035156,119.5999984741211,115.73999786376953,116.70999908447266,28060900
2022-03-30,115.54000091552734,120.10199737548828,115.54000091552734,116.58000183105469,28381700
2022-03-31,115.02999877929688,115.08999633789062,108.70999908447266,108.80000305175781,31240200
2022-04-01,117.62000274658203,118.94999694824219,109.75,110.19999694824219,55873000
2022-04-04,115.69999694824219,118.22000122070312,113.375,117.5,39088500
2022-04-05,115.0,115.0,110.2300033569336,111.0,35226000
2022-04-06,109.23999786376953,109.47000122070312,106.12000274658203,107.68000030517578,23739800
2022-04-07,106.68000030517578,107.52999877929688,102.61000061035156,104.2699966430664,26814300
2022-04-08,104.4800033569336,106.47000122070312,103.3290023803711,103.52999877929688,20814900
2022-04-11,101.08999633789062,103.91999816894531,99.16000366210938,101.55000305175781,23504100
2022-04-12,101.18000030517578,102.33000183105469,99.38999938964844,99.75,23953600
2022-04-13,99.23999786376953,101.3499984741211,98.20999908447266,100.02999877929688,18330400
2022-04-14,97.29000091552734,99.27100372314453,95.30500030517578,95.48999786376953,20931200
2022-04-18,93.7699966430664,95.27999877929688,91.81999969482422,94.70999908447266,19159200
2022-04-19,92.29000091552734,93.94999694824219,90.94999694824219,93.5,23870000
2022-04-20,93.4800033569336,93.69999694824219,89.2699966430664,89.41000366210938,20949700
2022-04-21,89.55000305175781,90.01000213623047,85.4000015258789,85.98999786376953,25639000
2022-04-22,86.5,90.68000030517578,86.31099700927734,86.48999786376953,25130300
2022-04-25,82.69999694824219,86.16999816894531,81.80000305175781,85.83999633789062,24674000
2022-04-26,85.87000274658203,86.23999786376953,83.27999877929688,83.98999786376953,21194600
2022-04-27,85.31999969482422,89.41000366210938,84.77999877929688,88.31999969482422,29351600
2022-04-28,88.62000274658203,90.9800033569336,86.94000244140625,90.91000366210938,17707500
2022-04-29,101.52999877929688,103.5199966430664,96.66000366210938,97.08999633789062,44933400
2022-05-02,96.41000366210938,101.31999969482422,95.1500015258789,101.20999908447266,25479500
2022-05-03,100.12999725341797,102.69000244140625,99.43000030517578,100.37999725341797,15216100
2022-05-04,97.72000122070312,101.56999969482422,96.61000061035156,101.41000366210938,17740600
2022-05-05,97.94000244140625,98.47000122070312,94.05000305175781,94.63999938964844,18673100
2022-05-06,93.36000061035156,93.86000061035156,88.70999908447266,90.05000305175781,18568600
2022-05-09,86.95500183105469,88.5999984741211,84.43000030517578,84.83999633789062,23338600
2022-05-10,88.63999938964844,88.63999938964844,83.51000213623047,84.56999969482422,23400900
2022-05-11,85.51000213623047,87.5199966430664,81.47000122070312,81.7300033569336,24962400
2022-05-12,80.68000030517578,83.12000274658203,78.01000213623047,81.08999633789062,23833100
2022-05-13,82.12000274658203,88.36000061035156,82.0,87.98999786376953,20078400
2022-05-16,87.69999694824219,89.08000183105469,86.33999633789062,86.4800033569336,19644800
2022-05-17,92.75,94.4800033569336,89.54000091552734,91.98999786376953,27330300
2022-05-18,90.0,91.63999938964844,87.0,87.30999755859375,18991300
2022-05-19,86.18000030517578,90.08999633789062,85.73999786376953,87.69000244140625,20776400
2022-05-20,88.69999694824219,90.16999816894531,84.7300033569336,86.79000091552734,21020800
2022-05-23,87.05999755859375,87.41500091552734,84.76000213623047,87.2300033569336,13998200
2022-05-24,84.98999786376953,85.12000274658203,81.54000091552734,82.47000122070312,15214400
2022-05-25,83.72000122070312,84.06999969482422,81.06999969482422,82.30999755859375,23093700
2022-05-26,87.30000305175781,95.08999633789062,86.7300033569336,94.4800033569336,50825000
2022-05-27,92.20999908447266,94.5,90.37000274658203,93.41000366210938,26716000
2022-05-31,98.33000183105469,99.31999969482422,95.44999694824219,96.05000305175781,33790000
2022-06-01,95.9000015258789,96.93000030517578,91.87999725341797,93.37999725341797,23730900
2022-06-02,93.66999816894531,97.62999725341797,93.4000015258789,97.5,23228100
2022-06-03,95.1500015258789,96.0,93.02300262451172,93.20999908447266,15855900
2022-06-06,99.63999938964844,102.41999816894531,97.91500091552734,99.01000213623047,37287200
2022-06-07,99.98999786376953,104.45999908447266,99.41999816894531,104.31999969482422,35958700
2022-06-08,108.26000213623047,121.05500030517578,107.80999755859375,119.62000274658203,92337000
2022-06-09,115.0,118.22000122070312,109.44000244140625,109.9000015258789,72512300
2022-06-10,113.66000366210938,114.81999969482422,108.23999786376953,109.83999633789062,49859200
2022-06-13,103.61000061035156,104.52999877929688,97.58000183105469,98.5199966430664,36396700
2022-06-14,101.98999786376953,106.07499694824219,100.83000183105469,105.2300033569336,28567500
2022-06-15,106.80999755859375,108.62999725341797,104.38200378417969,108.02999877929688,24026100
2022-06-16,102.79000091552734,104.91000366210938,100.51000213623047,101.44999694824219,22357800
2022-06-17,112.54000091552734,112.75,101.32599639892578,102.23999786376953,73019300
2022-06-21,105.95999908447266,107.06199645996094,103.87000274658203,106.38999938964844,33975000
2022-06-22,104.2300033569336,107.0999984741211,103.08000183105469,105.1500015258789,24233000
2022-06-23,109.95999908447266,113.08999633789062,108.08100128173828,112.11000061035156,33228200
2022-06-24,115.30000305175781,118.08999633789062,114.30000305175781,117.62000274658203,27029900
2022-06-27,119.97000122070312,121.37999725341797,117.87999725341797,118.7300033569336,21724300
2022-06-28,118.9800033569336,120.93000030517578,116.51000213623047,116.76000213623047,18659400
2022-06-29,115.80999755859375,117.08999633789062,113.70999908447266,116.02999877929688,13793900
2022-06-30,113.7699966430664,114.5999984741211,111.37999725341797,113.68000030517578,13836200
2022-07-01,113.62999725341797,116.625,112.91999816894531,116.0,16679400
2022-07-05,114.51000213623047,120.52999877929688,112.13999938964844,120.12999725341797,20989300
2022-07-06,118.93000030517578,120.0,115.51000213623047,119.12000274658203,20222700
2022-07-07,120.62999725341797,125.0,120.62999725341797,122.38999938964844,24202000
2022-07-08,122.26000213623047,125.83999633789062,120.69999694824219,120.9000015258789,27221400
2022-07-11,115.45999908447266,115.58000183105469,109.33000183105469,109.56999969482422,31249900
2022-07-12,110.86000061035156,111.0,107.05999755859375,109.20999908447266,22318500
2022-07-13,106.83999633789062,110.63999938964844,106.75,109.0999984741211,16861400
2022-07-14,107.80000305175781,108.54000091552734,100.70999908447266,103.76000213623047,35314900
2022-07-15,103.48999786376953,103.63999938964844,97.83999633789062,102.44000244140625,33572300
2022-07-18,105.87999725341797,106.95999908447266,102.94999694824219,103.13999938964844,20503400
2022-07-19,103.97000122070312,104.81999969482422,101.52999877929688,104.75,19842500
2022-07-20,106.23999786376953,107.16000366210938,102.8499984741211,103.95999908447266,21897900
2022-07-21,104.05999755859375,106.61000061035156,103.68000030517578,105.12999725341797,17865500
2022-07-22,104.30999755859375,104.69999694824219,99.68000030517578,100.61000061035156,18819800
2022-07-25,100.5,101.2699966430664,98.73999786376953,101.05999755859375,16604300
2022-07-26,104.30999755859375,105.25,100.80999755859375,101.44000244140625,28004300
2022-07-27,102.19999694824219,102.97000122070312,99.80000305175781,102.77999877929688,19366600
2022-07-28,101.91999816894531,102.68000030517578,95.62000274658203,100.55000305175781,33875400
2022-07-29,94.22000122070312,94.22000122070312,89.11000061035156,89.37000274658203,59201800
2022-08-01,89.19000244140625,90.54000091552734,88.0,90.33999633789062,36050900
2022-08-02,88.19999694824219,94.87000274658203,88.19999694824219,92.62000274658203,34430500
2022-08-03,92.0,96.30000305175781,90.91999816894531,95.72000122070312,23921700
2022-08-04,101.06999969482422,103.0,95.05999755859375,97.43000030517578,42517800
2022-08-05,93.06999969482422,94.16999816894531,90.7300033569336,92.55999755859375,27206100
2022-08-08,91.47000122070312,92.75,90.33999633789062,90.83999633789062,16194100
2022-08-09,91.19000244140625,93.12000274658203,90.5999984741211,91.19000244140625,16744900
2022-08-10,91.16999816894531,92.94999694824219,88.55999755859375,92.43000030517578,17855400
2022-08-11,94.48999786376953,97.70999908447266,93.62999725341797,94.87000274658203,17521200
2022-08-12,91.51000213623047,94.80000305175781,91.43000030517578,94.7699966430664,17846400
2022-08-15,93.19999694824219,94.62999725341797,92.37999725341797,94.19999694824219,14425100
2022-08-16,92.69000244140625,93.56999969482422,91.4000015258789,92.6500015258789,12003200
2022-08-17,91.87000274658203,92.38999938964844,89.76000213623047,89.7699966430664,14491500
2022-08-18,90.05000305175781,91.93000030517578,88.5199966430664,90.73999786376953,13418600
2022-08-19,90.41000366210938,91.6500015258789,89.18000030517578,89.62999725341797,12364300
2022-08-22,89.56999969482422,90.87999725341797,89.30000305175781,90.02999877929688,15545000
2022-08-23,89.16999816894531,90.18000030517578,86.70999908447266,89.83000183105469,17345900
2022-08-24,87.9000015258789,94.14800262451172,87.55000305175781,92.5199966430664,22808300
2022-08-25,96.05999755859375,101.02999877929688,94.94999694824219,99.88999938964844,39170600
2022-08-26,104.83999633789062,104.8499984741211,97.61000061035156,98.0,45773400
2022-08-29,98.95999908447266,100.91000366210938,96.4800033569336,96.5999984741211,18323500
2022-08-30,95.86000061035156,96.97000122070312,92.62000274658203,93.83999633789062,17865800
2022-08-31,96.66000366210938,98.62000274658203,94.91999816894531,95.41000366210938,16169000
2022-09-01,92.75,94.5199966430664,91.66999816894531,93.70999908447266,11929100
2022-09-02,91.7699966430664,93.66799926757812,90.7699966430664,91.80000305175781,12378900
2022-09-06,89.31999969482422,89.47000122070312,87.80000305175781,88.44999694824219,15573500
2022-09-07,88.5199966430664,90.86000061035156,87.75599670410156,90.5999984741211,12753300
2022-09-08,88.55999755859375,90.18000030517578,88.27999877929688,89.5199966430664,13291800
2022-09-09,91.05000305175781,92.9000015258789,90.72000122070312,92.13999938964844,10745500
2022-09-12,92.41999816894531,94.83999633789062,91.80999755859375,94.69000244140625,15604000
2022-09-13,90.76000213623047,92.18000030517578,89.2300033569336,89.47000122070312,21149800
2022-09-14,89.45999908447266,89.77999877929688,88.16999816894531,88.91999816894531,10843600
2022-09-15,88.62999725341797,91.09500122070312,88.19999694824219,88.83000183105469,12188800
2022-09-16,87.69999694824219,88.25,85.41999816894531,86.43000030517578,19322000
2022-09-19,85.0999984741211,87.76499938964844,85.0,87.66000366210938,12822100
2022-09-20,87.94999694824219,88.7300033569336,85.01000213623047,85.80000305175781,19129000
2022-09-21,85.12000274658203,85.16000366210938,81.5,81.5999984741211,23847300
2022-09-22,82.62999725341797,83.27999877929688,80.16999816894531,80.70999908447266,19141200
2022-09-23,79.26000213623047,79.7699966430664,77.5999984741211,78.80000305175781,20492100
2022-09-26,79.94000244140625,80.98600006103516,78.77999877929688,78.91000366210938,17880600
2022-09-27,79.43000030517578,80.41000366210938,77.0999984741211,77.87000274658203,16975100
2022-09-28,76.48500061035156,81.4800033569336,76.27999877929688,80.98999786376953,20725400
2022-09-29,78.05000305175781,79.19000244140625,76.73999786376953,79.05999755859375,17913600
2022-09-30,78.73999786376953,81.77999877929688,78.6500015258789,79.98999786376953,17116900
2022-10-03,79.76000213623047,80.92500305175781,78.05000305175781,80.44999694824219,13249600
2022-10-04,83.0,85.03299713134766,82.33999633789062,84.11000061035156,18252000
2022-10-05,84.0999984741211,86.29000091552734,83.25,84.38999938964844,13194000
2022-10-06,84.06999969482422,85.25,83.5199966430664,84.31999969482422,11583600
2022-10-07,82.3499984741211,83.70999908447266,80.75499725341797,81.23999786376953,11632400
2022-10-10,79.7699966430664,79.79000091552734,77.69999694824219,79.23999786376953,14070900
2022-10-11,77.37999725341797,77.83999633789062,74.13999938964844,75.37000274658203,18387900
2022-10-12,74.9000015258789,76.6780014038086,74.02999877929688,75.7300033569336,13247900
2022-10-13,72.23999786376953,75.77999877929688,71.4000015258789,75.01000213623047,17563400
2022-10-14,76.05000305175781,76.13999938964844,72.77999877929688,73.0199966430664,13675300
2022-10-17,75.1500015258789,77.87000274658203,75.11000061035156,76.7699966430664,14487400
2022-10-18,78.01000213623047,78.63999938964844,75.05999755859375,76.33999633789062,14970600
2022-10-19,73.27999877929688,74.33000183105469,70.5199966430664,71.2699966430664,23094500
2022-10-20,71.5999984741211,74.94000244140625,71.55000305175781,72.0199966430664,19173400
2022-10-21,71.19999694824219,72.79000091552734,69.46499633789062,72.18000030517578,19526800
2022-10-24,63.38999938964844,64.0999984741211,58.0099983215332,63.150001525878906,101023200
2022-10-25,65.08000183105469,66.17900085449219,61.2599983215332,63.220001220703125,69302400
2022-10-26,63.36000061035156,69.80000305175781,62.91999816894531,68.51000213623047,52957400
2022-10-27,65.44000244140625,67.87999725341797,65.41999816894531,65.83999633789062,25812600
2022-10-28,63.20000076293945,64.1500015258789,61.81999969482422,63.7400016784668,28638000
2022-10-31,63.4900016784668,64.8499984741211,63.220001220703125,63.58000183105469,20645300
2022-11-01,68.01000213623047,68.45099639892578,65.63999938964844,65.86000061035156,27257000
2022-11-02,66.4800033569336,67.66999816894531,64.33000183105469,64.69999694824219,28298100
2022-11-03,63.41999816894531,66.87999725341797,63.400001525878906,65.20999908447266,23360500
2022-11-04,71.16999816894531,71.63999938964844,67.44999694824219,69.80999755859375,51292200
2022-11-07,71.30000305175781,71.87999725341797,68.6719970703125,69.70999908447266,26087600
2022-11-08,67.62000274658203,68.91999816894531,66.2699966430664,68.12999725341797,23870200
2022-11-09,66.43000030517578,66.77999877929688,64.80000305175781,64.83999633789062,22099300
2022-11-10,68.02999877929688,69.98999786376953,68.0,69.7699966430664,28757200
2022-11-11,72.31999969482422,72.69999694824219,69.30999755859375,70.7699966430664,38723400
2022-11-14,73.16000366210938,74.0,71.31999969482422,71.33000183105469,30310700
2022-11-15,78.93000030517578,80.37000274658203,77.80999755859375,79.30000305175781,53150500
2022-11-16,80.31999969482422,80.44999694824219,77.41000366210938,78.16000366210938,26637300
2022-11-17,76.0,85.68000030517578,75.76000213623047,84.26000213623047,62050600
2022-11-18,82.1500015258789,82.5199966430664,79.86000061035156,80.4800033569336,29528300
2022-11-21,78.69000244140625,79.05999755859375,76.47000122070312,76.93000030517578,19005100
2022-11-22,75.44000244140625,76.80000305175781,74.58000183105469,75.98999786376953,20694100
2022-11-23,78.19000244140625,78.84500122070312,76.8499984741211,78.5,19032700
2022-11-25,75.5,76.05000305175781,74.91999816894531,75.5,13036900
2022-11-28,74.73999786376953,77.41699981689453,74.68000030517578,75.87999725341797,19107400
2022-11-29,80.23999786376953,80.88999938964844,79.44999694824219,79.86000061035156,24178100
2022-11-30,82.73999786376953,89.625,82.25,87.55999755859375,60169600
2022-12-01,84.3499984741211,87.5999984741211,84.26000213623047,85.94000244140625,20243000
2022-12-02,86.05000305175781,91.8499984741211,86.05000305175781,90.05999755859375,35042600
2022-12-05,92.9000015258789,92.9000015258789,89.62999725341797,90.5199966430664,30929800
2022-12-06,91.87999725341797,92.56999969482422,89.19999694824219,91.44999694824219,26675700
2022-12-07,87.05999755859375,89.26000213623047,86.62000274658203,88.33000183105469,19507400
2022-12-08,91.97000122070312,94.33499908447266,91.08000183105469,94.16999816894531,29241500
2022-12-09,93.2699966430664,93.75,91.2249984741211,91.33999633789062,15452100
2022-12-12,90.08999633789062,90.88899993896484,87.75,89.41000366210938,15190200
2022-12-13,93.44999694824219,94.9800033569336,90.30000305175781,91.41000366210938,21150600
2022-12-14,91.05999755859375,91.26499938964844,89.5,90.91000366210938,15575500
2022-12-15,93.08999633789062,94.08000183105469,86.05000305175781,86.20999908447266,30419400
2022-12-16,88.80000305175781,90.56999969482422,86.61000061035156,86.79000091552734,25084600
2022-12-19,89.75,89.77999877929688,86.5009994506836,87.16000366210938,20737000
2022-12-20,85.04000091552734,87.19999694824219,85.04000091552734,85.91999816894531,15315400
2022-12-21,86.01000213623047,88.38700103759766,85.45999908447266,87.80999755859375,18212900
2022-12-22,89.08000183105469,89.69000244140625,86.66999816894531,87.97000122070312,16004800
2022-12-23,87.8499984741211,88.6500015258789,85.5199966430664,85.6500015258789,17949300
2022-12-27,86.55000305175781,90.68900299072266,86.20999908447266,89.86000061035156,22959900
2022-12-28,88.9800033569336,90.1500015258789,86.46499633789062,87.19999694824219,16268800
2022-12-29,87.625,89.5199966430664,87.05999755859375,89.12999725341797,12535400
2022-12-30,87.44999694824219,89.41000366210938,87.41000366210938,88.08999633789062,11926700
2023-01-03,91.11000061035156,94.44999694824219,90.75,91.9800033569336,27891000
2023-01-04,98.8499984741211,104.5199966430664,96.97000122070312,103.91999816894531,53291800
2023-01-05,101.4000015258789,105.69999694824219,100.63999938964844,104.58000183105469,30400400
2023-01-06,104.11000061035156,108.0,102.45999908447266,107.4000015258789,21072400
2023-01-09,111.98999786376953,113.11000061035156,108.12000274658203,110.83000183105469,42085300
2023-01-10,112.97000122070312,115.4800033569336,111.20999908447266,114.87999725341797,33478600
2023-01-11,114.5999984741211,115.20999908447266,112.30999755859375,115.0199966430664,22804400
2023-01-12,113.66000366210938,113.79000091552734,111.44999694824219,113.1500015258789,16590600
2023-01-13,114.5199966430664,117.9800033569336,114.08999633789062,117.01000213623047,25615100
2023-01-17,115.5199966430664,117.01000213623047,114.33999633789062,115.19000244140625,16945600
2023-01-18,116.75,116.75,113.04000091552734,113.22000122070312,15347900
2023-01-19,114.0199966430664,117.0,113.97000122070312,116.58000183105469,18489900
2023-01-20,118.302001953125,120.05999755859375,117.80000305175781,119.86000061035156,18342700
2023-01-23,120.0,120.30000305175781,118.13700103759766,119.52999877929688,13590200
2023-01-24,115.0,120.0,115.0,119.44000244140625,7807100
2023-01-25,118.51000213623047,120.31999969482422,117.5,120.25,9705000
2023-01-26,121.0,121.30000305175781,118.76200103759766,120.56999969482422,11171000
2023-01-27,119.69000244140625,119.70999908447266,116.80999755859375,118.37999725341797,18027400
2023-01-30,111.69000244140625,113.1500015258789,109.77999877929688,111.19999694824219,21918200
2023-01-31,109.41999816894531,112.08000183105469,108.80999755859375,110.19999694824219,15330000
2023-02-01,111.86000061035156,113.94999694824219,110.1500015258789,112.81999969482422,16623000
2023-02-02,112.5,112.5250015258789,107.80999755859375,109.73999786376953,23396900
2023-02-03,108.05000305175781,109.52999877929688,105.80999755859375,106.33000183105469,15982200
2023-02-06,103.81999969482422,106.27999877929688,103.22000122070312,105.44999694824219,15337500
2023-02-07,106.83999633789062,107.3499984741211,103.72000122070312,105.5,16861700
2023-02-08,107.0999984741211,107.13999938964844,103.55000305175781,105.11000061035156,14329500
2023-02-09,108.5,109.80999755859375,107.75,108.45999908447266,16281300
2023-02-10,105.80000305175781,106.63999938964844,102.79000091552734,103.6500015258789,18776000
2023-02-13,105.98999786376953,106.3499984741211,104.1500015258789,104.79000091552734,18538600
2023-02-14,103.55000305175781,104.4800033569336,101.8499984741211,104.22000122070312,12978400
2023-02-15,102.38999938964844,103.44000244140625,102.0,103.08000183105469,18230200
2023-02-16,102.70999908447266,104.5199966430664,102.02999877929688,103.11000061035156,21747100
2023-02-17,101.0,101.08999633789062,99.25,100.01000213623047,18121600
2023-02-21,96.5,97.625,94.69999694824219,95.0999984741211,27172700
2023-02-22,95.57499694824219,95.88999938964844,93.55500030517578,94.77999877929688,24484000
2023-02-23,100.0999984741211,100.47000122070312,92.12999725341797,94.16000366210938,40482900
2023-02-24,90.06999969482422,91.68000030517578,88.02999877929688,89.0,36174500
2023-02-27,90.8499984741211,91.23999786376953,88.8949966430664,89.25,25840000
2023-02-28,88.45999908447266,89.33999633789062,87.2699966430664,87.79000091552734,24597200
2023-03-01,92.91999816894531,92.91999816894531,89.7300033569336,89.94999694824219,35434900
2023-03-02,88.95999908447266,90.91899871826172,87.97000122070312,89.75,24829000
2023-03-03,90.11000061035156,90.45999908447266,88.4000015258789,89.69999694824219,25834300
2023-03-06,89.58499908447266,91.30000305175781,88.02999877929688,89.62000274658203,16983900
2023-03-07,89.5199966430664,90.05000305175781,88.19999694824219,88.7300033569336,14514700
2023-03-08,87.38999938964844,87.7699966430664,86.44999694824219,86.94999694824219,14721500
2023-03-09,85.12000274658203,85.69000244140625,82.875,83.37000274658203,24327700
2023-03-10,82.63999938964844,84.5199966430664,82.33000183105469,82.95999908447266,18123100
2023-03-13,83.01000213623047,83.75499725341797,81.97000122070312,82.9000015258789,17848300
2023-03-14,82.86000061035156,83.91000366210938,82.16000366210938,83.8499984741211,20126100
2023-03-15,81.55000305175781,82.54000091552734,80.1500015258789,81.51000213623047,21025300
2023-03-16,81.45999908447266,82.4800033569336,80.66000366210938,82.22000122070312,22877500
2023-03-17,84.0,84.16000366210938,80.62000274658203,81.66999816894531,23711100
2023-03-20,80.1500015258789,81.9000015258789,79.4800033569336,81.0,19536500
2023-03-21,82.45999908447266,84.08799743652344,82.0,83.69999694824219,16529400
2023-03-22,84.83999633789062,85.38999938964844,83.51000213623047,83.6500015258789,21204700
2023-03-23,87.68000030517578,88.37999725341797,85.26000213623047,86.5199966430664,26861400
2023-03-24,85.87000274658203,88.11000061035156,85.62999725341797,86.9000015258789,20332500
2023-03-27,87.12999725341797,88.22000122070312,85.5,86.12000274658203,18258300
2023-03-28,95.3499984741211,99.51000213623047,92.05999755859375,98.4000015258789,118875200
2023-03-29,97.58999633789062,101.33000183105469,96.27999877929688,99.91999816894531,53695000
2023-03-30,101.33999633789062,105.05000305175781,100.5,103.37999725341797,57780700
2023-03-31,102.86000061035156,103.5999984741211,101.13200378417969,102.18000030517578,28382600
2023-04-03,100.88999938964844,101.75,97.61000061035156,98.38999938964844,26888100
2023-04-04,98.94000244140625,101.47000122070312,97.26000213623047,100.72000122070312,26868400
2023-04-05,99.23999786376953,100.44999694824219,97.66000366210938,98.55000305175781,20117700
2023-04-06,98.52999877929688,103.23999786376953,98.2699966430664,102.73999786376953,26849200
2023-04-10,100.62000274658203,102.83000183105469,100.58999633789062,101.54000091552734,16308300
2023-04-11,102.45999908447266,102.54000091552734,99.19999694824219,99.76000213623047,19017700
2023-04-12,97.81999969482422,98.88999938964844,93.58000183105469,93.83999633789062,35516000
2023-04-13,95.875,97.19000244140625,95.09500122070312,96.16999816894531,24231700
2023-04-14,95.62999725341797,96.12000274658203,93.83999633789062,94.55000305175781,14098700
2023-04-17,96.73999786376953,97.2300033569336,95.48999786376953,96.41999816894531,15714100
2023-04-18,99.0199966430664,99.16999816894531,95.18099975585938,95.48999786376953,20672300
2023-04-19,94.5999984741211,94.81999969482422,92.94999694824219,93.48999786376953,18985200
2023-04-20,93.3499984741211,93.79000091552734,90.05000305175781,90.73999786376953,25533900
2023-04-21,89.95999908447266,90.19000244140625,88.30000305175781,89.12999725341797,23097300
2023-04-24,88.4000015258789,88.4800033569336,86.04000091552734,86.88999938964844,22757100
2023-04-25,85.31999969482422,85.69999694824219,82.21199798583984,82.91999816894531,36441300
2023-04-26,85.04000091552734,85.22000122070312,82.76000213623047,82.81999969482422,24983000
2023-04-27,83.06999969482422,84.63999938964844,82.63999938964844,84.47000122070312,24506800
2023-04-28,84.18000030517578,85.08000183105469,83.87000274658203,84.69000244140625,18109300
2023-05-01,84.1500015258789,85.27999877929688,83.77100372314453,84.16000366210938,12909200
2023-05-02,83.1500015258789,83.27999877929688,80.65399932861328,81.52999877929688,20689500
2023-05-03,81.30500030517578,82.0,80.48999786376953,81.4800033569336,17759400
2023-05-04,82.38999938964844,83.12999725341797,81.80000305175781,82.48999786376953,23773800
2023-05-05,82.75,83.37999725341797,82.02999877929688,83.22000122070312,17527600
2023-05-08,83.62999725341797,83.69999694824219,82.33999633789062,83.30999755859375,17392900
2023-05-09,80.54499816894531,82.66000366210938,80.1500015258789,82.22000122070312,13457400
2023-05-10,82.13999938964844,84.5,81.7699966430664,82.94999694824219,16868100
2023-05-11,85.43000030517578,88.4800033569336,84.81999969482422,87.88999938964844,28104200
2023-05-12,86.70999908447266,86.70999908447266,84.76000213623047,85.33999633789062,19042800
2023-05-15,87.12999725341797,88.4000015258789,85.83300018310547,88.33999633789062,23691200
2023-05-16,87.11000061035156,89.37000274658203,87.05999755859375,88.76000213623047,18177900
2023-05-17,88.45999908447266,91.43000030517578,88.01000213623047,90.68000030517578,27670700
2023-05-18,90.80999755859375,91.0,85.0,85.7699966430664,60258600
2023-05-19,83.8499984741211,85.19999694824219,83.4800033569336,83.9800033569336,21571800
2023-05-22,85.66999816894531,87.4800033569336,85.6500015258789,86.0999984741211,16951300
2023-05-23,84.16000366210938,84.9749984741211,82.69999694824219,82.87999725341797,19917800
2023-05-24,82.16500091552734,82.5999984741211,80.87999725341797,81.20999908447266,17045800
2023-05-25,80.58999633789062,80.70999908447266,78.12000274658203,78.77999877929688,21811600
2023-05-26,79.9000015258789,81.56600189208984,78.4000015258789,80.97000122070312,16399200
2023-05-30,80.12000274658203,80.69999694824219,78.16999816894531,78.66999816894531,21209600
2023-05-31,79.58000183105469,79.66500091552734,77.7699966430664,79.55000305175781,16206300
2023-06-01,79.3499984741211,84.0,79.3499984741211,83.0,23217600
2023-06-02,85.08000183105469,86.02999877929688,84.13999938964844,84.2699966430664,17616100
2023-06-05,83.98999786376953,84.56999969482422,83.23999786376953,84.4000015258789,8204000
2023-06-06,83.5,87.05999755859375,83.37000274658203,86.69999694824219,18452000
2023-06-07,85.72000122070312,86.94999694824219,85.08999633789062,85.27999877929688,12886700
2023-06-08,85.16999816894531,86.94999694824219,85.16999816894531,86.13999938964844,11281000
2023-06-09,86.05999755859375,86.83799743652344,85.06500244140625,85.5,12903400
2023-06-12,86.01000213623047,87.29000091552734,85.62999725341797,85.86000061035156,11559000
2023-06-13,87.95999908447266,89.22000122070312,87.25,87.51000213623047,16814100
2023-06-14,87.97000122070312,90.12000274658203,87.70999908447266,89.36000061035156,21519300
2023-06-15,91.45999908447266,92.7699966430664,90.5999984741211,92.19999694824219,26570500
2023-06-16,94.0,94.29000091552734,91.5199966430664,92.0999984741211,25087700
2023-06-20,89.83000183105469,90.19999694824219,87.31999969482422,87.93000030517578,23382900
2023-06-21,87.37999725341797,89.16000366210938,86.62000274658203,86.7699966430664,15159900
2023-06-22,86.77999877929688,87.31500244140625,85.31999969482422,86.88999938964844,10272700
2023-06-23,85.80999755859375,85.93800354003906,84.37000274658203,84.91999816894531,14907100
2023-06-26,85.31999969482422,86.70999908447266,85.20999908447266,85.47000122070312,10808700
2023-06-27,86.81999969482422,87.61499786376953,86.71499633789062,87.12999725341797,13994500
2023-06-28,85.75,85.75,84.37999725341797,84.58999633789062,14113800
2023-06-29,83.38999938964844,83.98999786376953,83.0,83.55000305175781,13362500
2023-06-30,83.2300033569336,84.2300033569336,83.01000213623047,83.3499984741211,12174300
2023-07-03,84.87000274658203,85.63500213623047,84.0,84.06999969482422,11514400
2023-07-05,83.9800033569336,84.69000244140625,82.81999969482422,84.30000305175781,11203900
2023-07-06,83.12000274658203,83.94999694824219,82.63999938964844,83.83999633789062,12930300
2023-07-07,86.76000213623047,91.56999969482422,86.62999725341797,90.55000305175781,46992100
2023-07-10,90.05000305175781,92.04000091552734,89.5999984741211,90.55999755859375,25401800
2023-07-11,91.0199966430664,92.31999969482422,89.01000213623047,91.79000091552734,20768800
2023-07-12,94.11000061035156,95.02999877929688,92.55000305175781,94.0,24161400
2023-07-13,95.02999877929688,97.00499725341797,94.5999984741211,96.61000061035156,24021400
2023-07-14,95.22000122070312,96.08999633789062,94.23999786376953,94.55999755859375,18897100
2023-07-17,92.25,93.55000305175781,91.04000091552734,93.41000366210938,17317300
2023-07-18,91.54000091552734,92.20999908447266,90.1500015258789,91.19999694824219,20221900
2023-07-19,93.56999969482422,94.70999908447266,92.08999633789062,92.08999633789062,17228100
2023-07-20,91.69000244140625,93.12000274658203,91.3499984741211,91.9000015258789,14753000
2023-07-21,92.88999938964844,93.2300033569336,91.54000091552734,92.16999816894531,13899100
2023-07-24,92.06999969482422,97.46900177001953,91.30000305175781,96.3499984741211,33376100
2023-07-25,98.16999816894531,98.48999786376953,94.61000061035156,94.9800033569336,25827300
2023-07-26,94.94999694824219,97.54499816894531,94.83999633789062,97.13999938964844,15833400
2023-07-27,97.75,97.98999786376953,95.16100311279297,95.44000244140625,18685500
2023-07-28,98.06999969482422,101.22000122070312,97.95999908447266,100.55000305175781,31956500
2023-07-31,99.79000091552734,102.5,99.72000122070312,102.16000366210938,17726500
2023-08-01,99.87000274658203,101.16000366210938,99.30000305175781,100.0999984741211,14333700
2023-08-02,97.72000122070312,97.73999786376953,94.55999755859375,95.06999969482422,19452300
2023-08-03,96.70999908447266,98.48999786376953,96.58000183105469,97.58000183105469,15370900
2023-08-04,97.73500061035156,98.48999786376953,96.69000244140625,96.9000015258789,13477300
2023-08-07,97.77999877929688,97.80000305175781,95.02999877929688,96.55999755859375,13893900
2023-08-08,93.51000213623047,94.4800033569336,92.9219970703125,94.22000122070312,13504700
2023-08-09,96.0250015258789,96.30000305175781,94.08000183105469,94.8499984741211,18640100
2023-08-10,98.30999755859375,101.83999633789062,97.12000274658203,99.20999908447266,53193100
2023-08-11,97.33999633789062,97.6500015258789,94.33999633789062,95.72000122070312,25222800
2023-08-14,94.23999786376953,94.44999694824219,92.52999877929688,93.45999908447266,17581000
2023-08-15,93.0,93.01000213623047,90.74500274658203,91.58999633789062,14756300
2023-08-16,89.62999725341797,90.5,88.29000091552734,89.12000274658203,23292400
2023-08-17,91.94000244140625,91.94999694824219,90.26000213623047,90.6500015258789,15732300
2023-08-18,87.77999877929688,88.36000061035156,86.86000061035156,88.02999877929688,20424800
2023-08-21,87.5999984741211,88.81999969482422,87.22000122070312,88.56999969482422,14167300
2023-08-22,89.27999877929688,89.48999786376953,87.86000061035156,88.08000183105469,11577600
2023-08-23,88.37000274658203,90.58999633789062,88.30999755859375,89.83999633789062,12185700
2023-08-24,90.48999786376953,90.91999816894531,89.04000091552734,89.11000061035156,10684500
2023-08-25,89.25,90.04000091552734,88.2699966430664,89.81999969482422,11382200
2023-08-28,91.5,92.7699966430664,91.29000091552734,92.23999786376953,14613800
2023-08-29,93.44999694824219,94.09500122070312,92.33999633789062,94.02999877929688,16928000
2023-08-30,92.55000305175781,94.25,92.47000122070312,93.6500015258789,13779900
2023-08-31,92.9800033569336,93.36000061035156,92.16000366210938,92.9000015258789,13332400
2023-09-01,94.55000305175781,96.68000030517578,94.5199966430664,95.01000213623047,17470400
2023-09-05,94.52999877929688,95.39199829101562,94.06999969482422,94.6500015258789,10097600
2023-09-06,94.1500015258789,95.80000305175781,94.12999725341797,94.44999694824219,10123600
2023-09-07,91.63999938964844,91.76000213623047,88.95500183105469,89.97000122070312,18667200
2023-09-08,89.5999984741211,90.30000305175781,88.7300033569336,90.05000305175781,10333300
2023-09-11,89.7300033569336,90.3499984741211,87.70999908447266,88.70999908447266,15773500
2023-09-12,88.19000244140625,89.95999908447266,88.18000030517578,88.30000305175781,10262500
2023-09-13,87.94000244140625,88.29000091552734,87.38200378417969,87.63999938964844,10634900
2023-09-14,88.55000305175781,88.5999984741211,87.44000244140625,88.0,8643100
2023-09-15,87.7699966430664,88.22000122070312,86.81999969482422,87.06999969482422,10147700
2023-09-18,86.1500015258789,87.16999816894531,85.3949966430664,87.0199966430664,9291600
2023-09-19,86.12000274658203,87.87999725341797,86.08000183105469,87.11000061035156,9247000
2023-09-20,86.97000122070312,87.5,85.6500015258789,85.73999786376953,9228200
2023-09-21,83.86000061035156,84.7750015258789,83.76000213623047,84.11000061035156,10638900
2023-09-22,87.36499786376953,88.875,87.11000061035156,88.30000305175781,22469600
2023-09-25,85.87999725341797,87.2699966430664,85.7699966430664,87.22000122070312,9897200
2023-09-26,86.45999908447266,87.06999969482422,85.69999694824219,85.91000366210938,9666600
2023-09-27,86.37999725341797,86.55000305175781,85.30000305175781,86.19000244140625,7233900
2023-09-28,84.88999938964844,85.88999938964844,84.30500030517578,85.54000091552734,10093600
2023-09-29,87.29000091552734,87.94999694824219,86.6050033569336,86.73999786376953,9654800
2023-10-02,86.75,87.1050033569336,85.88999938964844,86.52999877929688,8209800
2023-10-03,84.5,85.0,83.94999694824219,84.54000091552734,11448800
2023-10-04,84.2750015258789,84.54000091552734,83.6500015258789,84.08000183105469,8904700
2023-10-05,83.5199966430664,83.70999908447266,82.44999694824219,83.66999816894531,10334500
2023-10-06,84.25,86.51499938964844,84.0,86.05999755859375,13423700
2023-10-09,83.91000366210938,85.20999908447266,83.56999969482422,84.8499984741211,10880000
2023-10-10,85.66999816894531,87.73999786376953,85.56999969482422,87.16999816894531,13557800
2023-10-11,88.01000213623047,88.7959976196289,87.1449966430664,87.77999877929688,11111500
2023-10-12,87.58000183105469,87.66999816894531,84.19999694824219,84.51000213623047,16158100
2023-10-13,84.05999755859375,85.48999786376953,83.75,84.0199966430664,10325500
2023-10-16,83.69999694824219,84.96499633789062,82.62999725341797,84.30999755859375,10075300
2023-10-17,82.75,84.36000061035156,82.55999755859375,83.91000366210938,8270000
2023-10-18,82.95999908447266,83.7300033569336,82.76000213623047,83.01000213623047,9321600
2023-10-19,81.4800033569336,82.3949966430664,81.11499786376953,81.61000061035156,12624100
2023-10-20,80.2300033569336,80.86000061035156,79.78299713134766,79.94000244140625,14636200
2023-10-23,79.41999816894531,80.9260025024414,79.0199966430664,80.51000213623047,12715200
2023-10-24,80.44999694824219,83.31999969482422,80.44000244140625,82.87000274658203,17925800
2023-10-25,81.30000305175781,82.0,80.77999877929688,81.02999877929688,11390200
2023-10-26,81.26499938964844,83.08999633789062,81.19999694824219,82.51000213623047,13010400
2023-10-27,83.87000274658203,84.12000274658203,82.4800033569336,82.81999969482422,10795600
2023-10-30,83.62999725341797,84.23999786376953,83.01100158691406,83.13999938964844,8980500
2023-10-31,81.94000244140625,82.54000091552734,80.87999725341797,82.54000091552734,12094300
2023-11-01,81.70500183105469,82.48999786376953,81.20999908447266,82.4800033569336,9550000
2023-11-02,83.6500015258789,83.9800033569336,83.02999877929688,83.41000366210938,10606300
2023-11-03,84.94000244140625,86.08000183105469,84.5,85.30999755859375,15148300
2023-11-06,86.55000305175781,86.72000122070312,85.2300033569336,85.36000061035156,9786400
2023-11-07,84.86000061035156,85.66000366210938,84.11000061035156,85.41000366210938,8829400
2023-11-08,84.62000274658203,85.7300033569336,84.4800033569336,84.80000305175781,8154600
2023-11-09,84.58000183105469,84.69000244140625,82.4749984741211,82.7300033569336,10885100
2023-11-10,82.41000366210938,82.87000274658203,81.66000366210938,82.75,9779500
2023-11-13,82.75,83.31500244140625,82.08000183105469,82.26000213623047,11236900
2023-11-14,82.76000213623047,84.53500366210938,82.31999969482422,83.87000274658203,20897600
2023-11-15,86.95999908447266,87.83000183105469,85.88999938964844,87.06999969482422,28991000
2023-11-16,79.5199966430664,80.7699966430664,78.23100280761719,79.11000061035156,63008500
2023-11-17,77.0199966430664,78.46600341796875,76.75,77.5999984741211,35497300
2023-11-20,76.91000366210938,78.74500274658203,76.55999755859375,78.45999908447266,31506800
2023-11-21,77.8499984741211,79.2750015258789,77.5999984741211,78.94000244140625,20525500
2023-11-22,79.27999877929688,79.70999908447266,78.12999725341797,78.95999908447266,18958600
2023-11-24,78.2699966430664,79.06999969482422,78.20999908447266,78.48999786376953,12251700
2023-11-27,77.55500030517578,79.25,77.08999633789062,77.52999877929688,18248200
2023-11-28,76.55999755859375,76.83999633789062,75.26000213623047,76.73999786376953,23682200
2023-11-29,75.0,75.45600128173828,74.42500305175781,74.66999816894531,30969100
2023-11-30,74.69999694824219,74.94000244140625,74.01000213623047,74.87999725341797,17884200
2023-12-01,73.12000274658203,74.13999938964844,72.12000274658203,73.98999786376953,27998600
2023-12-04,72.66999816894531,73.58000183105469,72.4800033569336,73.02999877929688,21074900
2023-12-05,72.04000091552734,72.69999694824219,71.91999816894531,72.37999725341797,19129000
2023-12-06,72.36000061035156,72.94999694824219,71.48999786376953,71.48999786376953,30394400
2023-12-07,71.54499816894531,72.37000274658203,71.44000244140625,72.33000183105469,18966700
2023-12-08,72.0199966430664,72.44000244140625,71.83000183105469,72.13999938964844,16914800
2023-12-11,70.48999786376953,71.61000061035156,70.08000183105469,71.37000274658203,19719300
2023-12-12,71.37999725341797,71.95500183105469,70.93000030517578,71.38999938964844,14725900
2023-12-13,70.91000366210938,71.4800033569336,70.12000274658203,71.45999908447266,21721600
2023-12-14,71.47000122070312,73.23999786376953,71.41999816894531,72.51000213623047,25199300
2023-12-15,74.0,75.54499816894531,73.31999969482422,74.51000213623047,31327500
2023-12-18,74.05000305175781,74.2300033569336,73.20999908447266,73.83999633789062,17233500
2023-12-19,74.4000015258789,76.01000213623047,74.22000122070312,75.38999938964844,20939300
2023-12-20,74.58000183105469,75.29499816894531,73.33000183105469,73.3499984741211,27540200
2023-12-21,74.86000061035156,76.29000091552734,74.3499984741211,76.26000213623047,20812100
2023-12-22,74.5,75.68000030517578,74.44000244140625,75.27999877929688,20004300
2023-12-26,76.16000366210938,76.96900177001953,75.7300033569336,75.8499984741211,13121300
2023-12-27,76.27999877929688,76.44999694824219,75.41000366210938,76.11000061035156,14904500
2023-12-28,77.2300033569336,77.79000091552734,76.9800033569336,77.23999786376953,18937900
2023-12-29,77.05999755859375,77.63500213623047,76.81999969482422,77.51000213623047,14094600
2024-01-02,76.05000305175781,76.07499694824219,74.51000213623047,74.76000213623047,21739600
2024-01-03,74.33000183105469,76.69000244140625,74.06999969482422,76.58999633789062,24444600
2024-01-04,75.55999755859375,75.7249984741211,74.44000244140625,74.66000366210938,18454900
2024-01-05,74.0,74.0,72.86000061035156,73.01000213623047,21725200
2024-01-08,71.25,73.05999755859375,70.91999816894531,72.87999725341797,22000000
2024-01-09,71.25,72.12000274658203,70.95999908447266,72.0199966430664,21451800
2024-01-10,71.37999725341797,71.7750015258789,71.04499816894531,71.41000366210938,19540000
2024-01-11,72.54499816894531,73.12999725341797,71.52999877929688,72.37999725341797,18095300
2024-01-12,72.58999633789062,73.43000030517578,71.80999755859375,71.83999633789062,16147300
2024-01-16,70.12999725341797,70.53099822998047,69.30000305175781,69.45999908447266,27606900
2024-01-17,67.72000122070312,69.0,67.26000213623047,68.93000030517578,22684400
2024-01-18,68.5999984741211,69.08000183105469,68.0,68.05000305175781,19307000
2024-01-19,67.19999694824219,69.90499877929688,66.91999816894531,69.41999816894531,34547700
2024-01-22,67.27999877929688,68.73799896240234,66.62999725341797,68.62999725341797,27294200
2024-01-23,72.75499725341797,74.5,72.55000305175781,74.0199966430664,53017700
2024-01-24,75.28500366210938,75.62000274658203,74.22000122070312,75.19999694824219,36503300
2024-01-25,75.19000244140625,75.5,73.55999755859375,73.8499984741211,23268600
2024-01-26,73.0999984741211,74.72000122070312,72.91999816894531,74.01000213623047,19418200
2024-01-29,74.66999816894531,74.80999755859375,72.83000183105469,73.58000183105469,17537400
2024-01-30,72.45999908447266,73.06500244140625,72.08499908447266,72.31999969482422,17089600
2024-01-31,71.49500274658203,72.94000244140625,71.49500274658203,72.16999816894531,15743600
2024-02-01,73.15499877929688,73.47000122070312,72.12000274658203,72.45999908447266,14445800
2024-02-02,72.12999725341797,72.2300033569336,71.05000305175781,71.8499984741211,18824200
2024-02-05,72.16999816894531,75.1500015258789,71.86000061035156,74.62999725341797,27721000
2024-02-06,77.04499816894531,78.33999633789062,75.7300033569336,78.2300033569336,39069100
2024-02-07,74.55500030517578,76.16999816894531,73.1500015258789,73.63999938964844,53766300
2024-02-08,71.88500213623047,73.19999694824219,70.6500015258789,70.77999877929688,33070600
2024-02-09,70.80000305175781,72.08499908447266,70.0,72.0199966430664,18998400
2024-02-12,72.30999755859375,74.12999725341797,72.30999755859375,73.13999938964844,18151100
2024-02-13,71.95999908447266,73.02999877929688,71.41999816894531,71.5999984741211,13560600
2024-02-14,72.30999755859375,73.41000366210938,72.2300033569336,73.38999938964844,12817500
2024-02-15,73.22000122070312,74.13999938964844,73.08499908447266,73.81999969482422,12078100
2024-02-16,74.86000061035156,75.37000274658203,73.9000015258789,73.91000366210938,16393300
2024-02-20,73.45999908447266,73.66999816894531,72.18000030517578,73.13999938964844,14353300
2024-02-21,74.4800033569336,76.38999938964844,74.06999969482422,75.58000183105469,23475500
2024-02-22,75.0999984741211,76.37999725341797,75.0,76.12000274658203,14836600
2024-02-23,76.4800033569336,76.93499755859375,75.1500015258789,75.95999908447266,12301700
2024-02-26,75.62000274658203,76.56999969482422,75.33999633789062,76.51000213623047,13973100
2024-02-27,77.52999877929688,78.05000305175781,77.25,77.68000030517578,14490200
2024-02-28,76.0199966430664,76.18000030517578,74.44999694824219,74.58999633789062,16905300
2024-02-29,74.68000030517578,75.04000091552734,73.80000305175781,74.02999877929688,12549200
2024-03-01,74.4800033569336,75.08999633789062,74.37000274658203,74.62000274658203,11980100
2024-03-04,73.7300033569336,73.7300033569336,71.69999694824219,72.0,19550100
2024-03-05,71.25,72.70999908447266,71.04000091552734,72.06999969482422,15804500
2024-03-06,74.19999694824219,74.72000122070312,73.61000061035156,73.70999908447266,19785300
2024-03-07,72.5999984741211,72.75800323486328,71.76000213623047,72.54000091552734,12374700
2024-03-08,72.80999755859375,73.76000213623047,72.76000213623047,73.55000305175781,16430400
2024-03-11,74.62999725341797,76.05999755859375,74.55000305175781,74.86000061035156,13510400
2024-03-12,75.87000274658203,76.4800033569336,75.21499633789062,76.05999755859375,13314700
2024-03-13,75.94000244140625,77.44999694824219,75.94000244140625,76.38999938964844,15319800
2024-03-14,75.23500061035156,75.38999938964844,73.2300033569336,73.4000015258789,18923500
2024-03-15,73.57499694824219,74.12999725341797,73.38999938964844,73.41999816894531,10233700
2024-03-18,73.41999816894531,74.0199966430664,73.33000183105469,73.5199966430664,8542500
2024-03-19,73.08000183105469,73.73500061035156,72.8499984741211,73.41999816894531,8164200
2024-03-20,73.55000305175781,74.33000183105469,73.30000305175781,74.18000030517578,11123200
2024-03-21,74.30000305175781,74.73999786376953,73.7699966430664,73.83000183105469,11860700
2024-03-22,72.4800033569336,72.62000274658203,72.04000091552734,72.12999725341797,12771500
2024-03-25,71.94000244140625,72.48999786376953,71.36000061035156,71.45999908447266,12422100
2024-03-26,71.83999633789062,71.87000274658203,71.08999633789062,71.4800033569336,10881900
2024-03-27,70.88999938964844,71.69000244140625,70.58300018310547,71.58999633789062,13281300
2024-03-28,72.08000183105469,72.58999633789062,72.05500030517578,72.36000061035156,14073400
2024-04-01,73.23999786376953,73.58200073242188,72.80999755859375,73.37000274658203,14311700
2024-04-02,72.56999969482422,73.13999938964844,72.51000213623047,72.87999725341797,17290400
2024-04-03,72.41999816894531,72.87000274658203,72.11000061035156,72.44000244140625,11777900
2024-04-04,72.9800033569336,73.2300033569336,71.9000015258789,71.94999694824219,11087100
2024-04-05,71.68000030517578,72.0250015258789,71.41000366210938,71.66000366210938,12260300
2024-04-08,71.95999908447266,72.38999938964844,71.55999755859375,71.70999908447266,10560000
2024-04-09,72.37000274658203,73.23999786376953,72.30999755859375,72.98999786376953,14060400
2024-04-10,74.44499969482422,75.16999816894531,73.73999786376953,74.58999633789062,20572200
2024-04-11,75.21499633789062,75.43000030517578,74.37000274658203,74.8499984741211,14986800
2024-04-12,72.94000244140625,72.9800033569336,71.29000091552734,71.29000091552734,18231400
2024-04-15,71.7300033569336,72.05000305175781,70.16999816894531,70.62000274658203,15903900
2024-04-16,70.0199966430664,70.30699920654297,69.29000091552734,69.61000061035156,17478900
2024-04-17,69.70999908447266,70.01000213623047,68.7249984741211,68.81999969482422,12760600
2024-04-18,69.08999633789062,69.625,68.80000305175781,68.87999725341797,9491000
2024-04-19,68.41999816894531,69.1500015258789,68.36000061035156,69.06999969482422,13084100
2024-04-22,69.69499969482422,70.9000015258789,69.12000274658203,70.68000030517578,15015600
2024-04-23,71.08000183105469,72.80000305175781,70.98999786376953,72.51000213623047,15268200
2024-04-24,73.73999786376953,74.69999694824219,73.5,74.62999725341797,16375200
2024-04-25,73.80500030517578,75.19999694824219,73.80500030517578,75.11000061035156,11921900
2024-04-26,76.18499755859375,76.93000030517578,75.05999755859375,75.55000305175781,14216100
2024-04-29,75.6500015258789,76.52999877929688,75.22000122070312,76.41000366210938,13076400
2024-04-30,75.88999938964844,76.29000091552734,74.4800033569336,74.8499984741211,12856000
2024-05-01,74.98999786376953,76.25,74.87000274658203,75.51000213623047,10549100
2024-05-02,77.58999633789062,81.41500091552734,77.16000366210938,80.33000183105469,36663900
2024-05-03,81.2699966430664,81.37000274658203,79.69999694824219,81.33000183105469,19355800
2024-05-06,81.75499725341797,82.22000122070312,80.5,81.55000305175781,11826100
2024-05-07,79.93000030517578,79.93000030517578,78.81500244140625,79.37000274658203,14589100
2024-05-08,77.91999816894531,78.98999786376953,77.80999755859375,78.45999908447266,11327100
2024-05-09,79.5,79.91999816894531,78.70999908447266,79.45999908447266,9627300
2024-05-10,80.08000183105469,80.5199966430664,79.7699966430664,80.04000091552734,10819600
2024-05-13,82.70999908447266,85.0,82.5999984741211,84.5999984741211,32010700
2024-05-14,79.6500015258789,80.51000213623047,77.72000122070312,79.51000213623047,44687700
2024-05-15,80.38999938964844,81.12999725341797,79.77999877929688,80.98999786376953,17803300
2024-05-16,81.95999908447266,87.48999786376953,81.64600372314453,86.69999694824219,47259500
2024-05-17,87.5999984741211,90.45999908447266,86.83000183105469,88.54000091552734,35152900
2024-05-20,87.47000122070312,89.23999786376953,86.94999694824219,88.27999877929688,16737200
2024-05-21,86.5199966430664,87.16999816894531,85.31999969482422,86.12999725341797,16512400
2024-05-22,84.61000061035156,85.12999725341797,82.68000030517578,82.68000030517578,19717800
2024-05-23,81.43000030517578,82.94000244140625,80.05000305175781,80.80000305175781,23930300
2024-05-24,80.5,82.55999755859375,79.7300033569336,81.26000213623047,41456400
2024-05-28,80.80000305175781,81.72000122070312,80.04000091552734,80.58000183105469,15211800
2024-05-29,78.76000213623047,79.36000061035156,78.2300033569336,79.05999755859375,18448500
2024-05-30,78.86499786376953,80.19999694824219,78.69999694824219,79.62999725341797,13875900
2024-05-31,77.95999908447266,78.5,77.16999816894531,78.33999633789062,20023900
2024-06-03,79.0,79.31999969482422,77.22000122070312,77.9000015258789,14244400
2024-06-04,78.18000030517578,78.85700225830078,77.7750015258789,78.44999694824219,10784400
2024-06-05,78.9800033569336,79.93499755859375,78.86000061035156,79.83000183105469,13716200
2024-06-06,79.41999816894531,80.05500030517578,78.76000213623047,80.01000213623047,11205300
2024-06-07,78.94999694824219,79.31999969482422,78.13500213623047,78.41000366210938,12190300
2024-06-10,78.56999969482422,79.73999786376953,78.23999786376953,79.30000305175781,9475200
2024-06-11,79.0,79.08000183105469,77.66999816894531,77.9000015258789,11108400
2024-06-12,78.75,78.79000091552734,77.63999938964844,78.04000091552734,12069600
2024-06-13,76.5,76.98999786376953,75.48999786376953,75.68000030517578,14026700
2024-06-14,74.20999908447266,74.29000091552734,73.26000213623047,73.3499984741211,18282700
2024-06-17,74.0250015258789,75.08000183105469,73.83000183105469,74.55000305175781,13466300
2024-06-18,74.08499908447266,75.0999984741211,73.8499984741211,74.45999908447266,10305300
2024-06-20,74.56999969482422,75.2490005493164,74.02999877929688,74.3499984741211,9709400
2024-06-21,73.79000091552734,74.6500015258789,73.66999816894531,73.66999816894531,10183400
2024-06-24,74.12000274658203,75.93499755859375,74.12000274658203,74.79000091552734,20134400
2024-06-25,74.5,74.76000213623047,73.61000061035156,73.79000091552734,16914100
2024-06-26,73.92500305175781,74.3499984741211,73.66999816894531,74.16999816894531,7010100
2024-06-27,73.45999908447266,73.55000305175781,72.3499984741211,72.37000274658203,11865100
2024-06-28,72.37000274658203,72.55500030517578,71.80000305175781,72.0,10335000
2024-07-01,72.51000213623047,73.0199966430664,72.0199966430664,72.18000030517578,9034200
2024-07-02,72.31999969482422,73.7770004272461,71.97000122070312,73.68000030517578,13419100
2024-07-03,74.18000030517578,75.80500030517578,74.18000030517578,75.56999969482422,11768500
2024-07-05,74.66999816894531,74.71499633789062,73.61000061035156,74.5199966430664,14928700
2024-07-08,73.61000061035156,73.70999908447266,72.94999694824219,73.5,10919400
2024-07-09,74.01000213623047,76.05999755859375,73.97000122070312,75.69999694824219,14458100
2024-07-10,75.27999877929688,76.65499877929688,75.25,76.01000213623047,12235200
2024-07-11,77.66000366210938,78.83000183105469,77.4219970703125,78.5199966430664,18896900
2024-07-12,80.30000305175781,81.01000213623047,79.42500305175781,79.6500015258789,14857200
2024-07-15,78.08999633789062,78.5999984741211,77.44999694824219,78.01000213623047,12614900
2024-07-16,77.29000091552734,78.58000183105469,76.9800033569336,78.37999725341797,12304500
2024-07-17,77.86000061035156,77.94999694824219,76.48999786376953,77.04000091552734,10815500
2024-07-18,77.36000061035156,78.31999969482422,76.36499786376953,76.54000091552734,11108600
2024-07-19,75.66000366210938,76.04499816894531,75.18000030517578,75.2699966430664,7557300
2024-07-22,76.83000183105469,77.19000244140625,76.26000213623047,76.63999938964844,9166800
2024-07-23,75.67500305175781,76.31999969482422,75.44000244140625,76.0999984741211,7997100
2024-07-24,76.1500015258789,77.05999755859375,75.72000122070312,75.80000305175781,7924700
2024-07-25,75.37000274658203,76.21499633789062,75.12999725341797,75.4000015258789,8172600
2024-07-26,75.26000213623047,76.7699966430664,74.55000305175781,76.52999877929688,10884500
2024-07-29,78.45999908447266,79.4000015258789,78.20500183105469,78.62000274658203,17364100
2024-07-30,78.22000122070312,78.79000091552734,77.69999694824219,78.0,8431900
2024-07-31,79.33000183105469,80.01499938964844,78.33999633789062,78.8499984741211,12178600
2024-08-01,78.7699966430664,79.36000061035156,77.83999633789062,77.9800033569336,8559600
2024-08-02,76.79000091552734,77.47000122070312,75.76499938964844,77.44999694824219,10808700
2024-08-05,74.02999877929688,77.25499725341797,73.87000274658203,76.9800033569336,16143300
2024-08-06,76.51000213623047,78.8499984741211,76.51000213623047,77.9000015258789,12128900
2024-08-07,78.91999816894531,78.94000244140625,77.45999908447266,77.83000183105469,9693900
2024-08-08,78.8499984741211,80.30999755859375,78.75,80.30999755859375,14004300
2024-08-09,79.97000122070312,80.22000122070312,79.19499969482422,79.98999786376953,7755900
2024-08-12,80.58999633789062,81.5,80.2300033569336,80.91000366210938,12127700
2024-08-13,80.96499633789062,81.4000015258789,80.68000030517578,81.0999984741211,9365700
2024-08-14,80.55000305175781,80.9800033569336,78.06999969482422,79.47000122070312,18058100
2024-08-15,77.9000015258789,81.87999725341797,77.73999786376953,79.54000091552734,31619400
2024-08-16,82.05000305175781,84.16000366210938,81.9800033569336,83.18000030517578,25249200
2024-08-19,83.9800033569336,84.9000015258789,83.48999786376953,83.91000366210938,14751000
2024-08-20,82.45999908447266,82.5999984741211,80.7750015258789,81.04000091552734,17880100
2024-08-21,81.8499984741211,83.80000305175781,81.70999908447266,83.52999877929688,14690000
2024-08-22,83.5,83.79000091552734,81.83000183105469,82.95999908447266,9729000
2024-08-23,84.9000015258789,85.79000091552734,84.36000061035156,85.41000366210938,17318000
2024-08-26,81.88999938964844,82.30500030517578,80.37000274658203,81.76000213623047,29321700
2024-08-27,82.2699966430664,82.6500015258789,81.2699966430664,81.44999694824219,9026100
2024-08-28,81.125,81.27999877929688,79.20500183105469,79.62000274658203,14024400
2024-08-29,81.23999786376953,81.46499633789062,80.45999908447266,81.0199966430664,14154200
2024-08-30,84.72000122070312,84.75,82.58000183105469,83.33999633789062,20027300
2024-09-03,81.77999877929688,83.0199966430664,81.69999694824219,82.2699966430664,11638200
2024-09-04,82.87000274658203,83.4000015258789,82.30000305175781,82.47000122070312,11114100
2024-09-05,82.1050033569336,83.01000213623047,82.0,82.43000030517578,8461000
2024-09-06,82.12000274658203,82.62000274658203,81.16999816894531,81.18000030517578,11712700
2024-09-09,80.93000030517578,81.625,80.31999969482422,81.44000244140625,10434400
2024-09-10,83.80000305175781,84.30000305175781,82.71499633789062,83.80000305175781,15327800
2024-09-11,83.57499694824219,84.83999633789062,83.5,84.80999755859375,11551700
2024-09-12,85.02999877929688,85.68000030517578,84.86000061035156,85.48999786376953,10775000
2024-09-13,84.38999938964844,84.88999938964844,83.81999969482422,84.69000244140625,8985500
2024-09-16,84.03500366210938,84.37999725341797,83.26000213623047,83.5999984741211,11298200
2024-09-17,84.81999969482422,85.7699966430664,84.62999725341797,84.69999694824219,10113900
2024-09-18,84.8499984741211,85.0,84.04000091552734,84.41999816894531,7858800
2024-09-19,87.625,88.56500244140625,86.94999694824219,88.48999786376953,18618400
2024-09-20,89.22000122070312,89.5199966430664,88.05000305175781,88.29000091552734,12277000
2024-09-23,89.47000122070312,91.1500015258789,89.31999969482422,90.08999633789062,19744100
2024-09-24,96.06999969482422,97.5,94.4000015258789,97.19000244140625,47423200
2024-09-25,94.37999725341797,96.18000030517578,94.05999755859375,95.45999908447266,18816600
2024-09-26,102.69000244140625,105.97000122070312,101.76000213623047,105.06999969482422,67261600
2024-09-27,105.97000122070312,109.43000030517578,105.7300033569336,107.33000183105469,50075200
2024-09-30,111.72000122070312,112.22000122070312,106.1050033569336,106.12000274658203,58561500
2024-10-01,106.41999816894531,112.79000091552734,106.1500015258789,112.73999786376953,44505000
2024-10-02,115.30999755859375,116.56999969482422,112.22000122070312,115.25,53732800
2024-10-03,110.9000015258789,114.08999633789062,110.62999725341797,112.83999633789062,29267000
2024-10-04,115.66500091552734,115.7300033569336,113.75,114.52999877929688,25644200
2024-10-07,117.44999694824219,117.81999969482422,113.37000274658203,117.5199966430664,38404000
2024-10-08,110.0999984741211,110.76000213623047,108.04000091552734,109.68000030517578,37414400
2024-10-09,105.80000305175781,109.37999725341797,105.62000274658203,107.88999938964844,28793000
2024-10-10,108.9800033569336,110.83999633789062,107.4800033569336,109.27999877929688,19736600
2024-10-11,108.05000305175781,111.05000305175781,107.22000122070312,110.13999938964844,18042600
2024-10-14,108.30999755859375,110.08000183105469,106.91999816894531,107.80999755859375,21351600
2024-10-15,103.98999786376953,104.41000366210938,101.63999938964844,101.83999633789062,28942600
2024-10-16,102.50499725341797,103.8499984741211,101.77999877929688,102.16999816894531,16432600
2024-10-17,101.25,101.44999694824219,99.55000305175781,100.06999969482422,15808200
2024-10-18,103.36499786376953,103.36499786376953,101.66000366210938,102.43000030517578,20824600
2024-10-21,100.4749984741211,101.6500015258789,100.11499786376953,100.91000366210938,10328600
2024-10-22,100.01000213623047,101.88999938964844,99.80000305175781,100.45999908447266,20650100
2024-10-23,100.16500091552734,100.22000122070312,97.73500061035156,98.0,13638200
2024-10-24,96.79000091552734,97.41000366210938,95.5199966430664,96.36000061035156,13602900
2024-10-25,98.30000305175781,98.9000015258789,97.05000305175781,97.41999816894531,16977100
2024-10-28,99.02999877929688,101.05000305175781,98.77999877929688,99.93000030517578,16044400
2024-10-29,101.44999694824219,101.44999694824219,99.52999877929688,99.83000183105469,13685400
2024-10-30,98.21499633789062,99.80000305175781,97.58000183105469,98.69999694824219,10179900
2024-10-31,97.80000305175781,98.0999984741211,96.75499725341797,97.9800033569336,8379300
2024-11-01,98.22000122070312,98.30000305175781,97.41999816894531,97.58000183105469,8501000
2024-11-04,98.81999969482422,99.87999725341797,98.36000061035156,98.4000015258789,8681900
2024-11-05,99.97000122070312,101.08999633789062,98.95500183105469,99.20999908447266,10804200
2024-11-06,95.80000305175781,97.31999969482422,94.76000213623047,96.7300033569336,18162900
2024-11-07,99.26000213623047,101.0999984741211,99.18000030517578,100.13999938964844,16340400
2024-11-08,96.11000061035156,96.37999725341797,93.69000244140625,94.19000244140625,24879800
2024-11-11,96.16000366210938,96.80000305175781,95.04499816894531,95.41999816894531,12556700
2024-11-12,92.68000030517578,93.33000183105469,91.02999877929688,91.77999877929688,21641900
2024-11-13,92.55000305175781,92.87000274658203,91.27999877929688,92.0,12874500
2024-11-14,90.88999938964844,91.55500030517578,90.01000213623047,90.58000183105469,16946800
2024-11-15,90.19999694824219,90.69999694824219,87.2300033569336,88.58999633789062,31018300
2024-11-18,88.9000015258789,89.5,87.8499984741211,89.3499984741211,13482000
2024-11-19,87.16000366210938,87.94000244140625,86.81800079345703,87.11000061035156,19289000
2024-11-20,87.04000091552734,87.54000091552734,86.5,86.7699966430664,15174500
2024-11-21,86.9800033569336,87.04000091552734,85.44499969482422,85.58000183105469,15869200
2024-11-22,83.5999984741211,83.68000030517578,82.63500213623047,83.12999725341797,24999200
2024-11-25,84.25,85.875,83.75,85.58000183105469,15120100
2024-11-26,85.81500244140625,86.08000183105469,84.86000061035156,85.18000030517578,10241500
2024-11-27,86.97000122070312,87.54000091552734,86.47000122070312,86.58999633789062,13607600
2024-11-29,86.41999816894531,87.48999786376953,85.97000122070312,87.37000274658203,7553500
2024-12-02,86.94000244140625,87.0,85.2699966430664,85.94999694824219,16537200
2024-12-03,86.00499725341797,86.63999938964844,85.37999725341797,85.68000030517578,13660700
2024-12-04,85.94999694824219,85.98999786376953,84.2699966430664,84.93000030517578,13613700
2024-12-05,84.79499816894531,85.0999984741211,83.92500305175781,84.1500015258789,12979600
2024-12-06,86.01000213623047,86.69000244140625,85.9000015258789,85.93000030517578,11751500
2024-12-09,92.01000213623047,94.12000274658203,91.83000183105469,92.31999969482422,32767300
2024-12-10,89.78500366210938,90.55999755859375,89.49500274658203,89.83000183105469,13859200
2024-12-11,88.8949966430664,89.16500091552734,88.0,88.9800033569336,9866000
2024-12-12,89.03500366210938,90.0,88.48999786376953,89.2300033569336,9951200
2024-12-13,88.19000244140625,88.38999938964844,87.23999786376953,87.81999969482422,11608600
2024-12-16,85.95999908447266,86.91899871826172,85.87000274658203,86.05999755859375,13216600
2024-12-17,85.5,87.5999984741211,85.4000015258789,87.1500015258789,13288700
2024-12-18,86.39099884033203,87.22000122070312,84.8280029296875,85.0,11319500
2024-12-19,85.0,85.38999938964844,84.23999786376953,84.30999755859375,13795100
2024-12-20,82.20999908447266,83.0,81.69999694824219,82.27999877929688,21270500
2024-12-23,82.8499984741211,85.30999755859375,82.7699966430664,85.13999938964844,20055100
2024-12-24,85.69999694824219,85.88999938964844,85.0,85.5199966430664,5235400
2024-12-26,85.72000122070312,87.2699966430664,85.55999755859375,86.08000183105469,12008600
2024-12-27,84.88999938964844,85.2699966430664,84.29000091552734,85.05999755859375,8629400
2024-12-30,84.16999816894531,84.94999694824219,83.52999877929688,84.12999725341797,10731000
2024-12-31,84.41999816894531,85.3499984741211,84.41999816894531,84.79000091552734,7415000
2025-01-02,84.38999938964844,85.43000030517578,84.19999694824219,84.94999694824219,10635700
2025-01-03,85.0999984741211,85.55000305175781,84.76000213623047,85.54000091552734,7689500
2025-01-06,86.55000305175781,87.36000061035156,85.08000183105469,85.5199966430664,18077100
2025-01-07,84.30500030517578,85.11000061035156,83.77999877929688,84.4800033569336,11144100
2025-01-08,83.08999633789062,83.79000091552734,82.72000122070312,83.69000244140625,9661800
2025-01-10,82.25,82.25,80.4000015258789,80.52999877929688,15393900
2025-01-13,80.1500015258789,81.08000183105469,80.05999755859375,80.54000091552734,10726600
2025-01-14,82.38999938964844,82.6500015258789,81.48999786376953,81.68000030517578,8773700
2025-01-15,82.62999725341797,82.79000091552734,82.1500015258789,82.44000244140625,11655700
2025-01-16,82.0199966430664,82.58999633789062,81.81999969482422,82.43000030517578,7566500
2025-01-17,83.19999694824219,85.58999633789062,83.02999877929688,85.12000274658203,21132400
2025-01-21,86.87000274658203,86.9000015258789,84.91999816894531,85.37999725341797,17099500
2025-01-22,85.0,86.54000091552734,84.41999816894531,86.4000015258789,10354800
2025-01-23,85.80000305175781,86.19999694824219,84.95999908447266,86.0999984741211,9225600
2025-01-24,86.70999908447266,89.19000244140625,86.4800033569336,89.13999938964844,18791000
2025-01-27,90.58999633789062,91.43000030517578,89.22000122070312,89.98999786376953,25999800
2025-01-28,90.94000244140625,96.43000030517578,89.9000015258789,96.02999877929688,31296300
2025-01-29,99.38999938964844,101.27999877929688,96.44999694824219,96.72000122070312,75053000
2025-01-30,97.30000305175781,103.66500091552734,97.13999938964844,102.73999786376953,45929000
2025-01-31,102.0,102.5,98.0,98.83999633789062,36416400
2025-02-03,96.50499725341797,101.87000274658203,96.06999969482422,98.61000061035156,29282900
2025-02-04,100.58999633789062,103.61000061035156,99.68000030517578,102.3499984741211,29877500
2025-02-05,100.16500091552734,101.81999969482422,99.02999877929688,99.27999877929688,17017900
2025-02-06,101.25,101.73999786376953,99.86499786376953,100.37999725341797,12774600
2025-02-07,104.45999908447266,107.51000213623047,103.0,103.51000213623047,39538200
2025-02-10,107.31999969482422,111.6500015258789,106.69999694824219,111.31999969482422,42429400
2025-02-11,113.95999908447266,115.54000091552734,111.0,112.77999877929688,55001300
2025-02-12,115.81999969482422,119.80999755859375,114.96499633789062,118.33000183105469,44024700
2025-02-13,115.33000183105469,119.56999969482422,114.76000213623047,119.54000091552734,34429300
2025-02-14,126.58999633789062,126.80000305175781,120.49500274658203,124.7300033569336,52729800
2025-02-18,127.73999786376953,129.02000427246094,125.61000061035156,126.9000015258789,42152800
2025-02-19,126.0,127.69999694824219,124.94999694824219,125.79000091552734,35155200
2025-02-20,137.80999755859375,144.50999450683594,131.41000366210938,135.97000122070312,118849000
2025-02-21,141.60000610351562,145.3000030517578,141.10000610351562,143.75,73892100
2025-02-24,135.8000030517578,135.8000030517578,128.44000244140625,129.0399932861328,74118300
2025-02-25,132.7899932861328,134.47000122070312,130.75,134.00999450683594,38881100
2025-02-26,140.0,141.9499969482422,138.2899932861328,139.0800018310547,40543000
2025-02-27,138.6750030517578,140.10499572753906,135.8699951171875,136.5500030517578,23859400
2025-02-28,130.9499969482422,133.9499969482422,130.13999938964844,132.50999450683594,24862600
2025-03-03,134.00999450683594,134.71499633789062,129.55999755859375,130.80999755859375,22528000
2025-03-04,129.60000610351562,132.10000610351562,126.0999984741211,129.85000610351562,25366500
2025-03-05,134.3699951171875,141.8300018310547,133.33999633789062,141.02999877929688,37284600
2025-03-06,142.1999969482422,144.75999450683594,138.08999633789062,139.9499969482422,35482100
2025-03-07,142.9199981689453,145.36000061035156,139.3800048828125,140.6199951171875,31904400
2025-03-10,135.9949951171875,137.9499969482422,131.0,132.5399932861328,33484200
2025-03-11,138.16000366210938,141.33299255371094,136.0399932861328,139.02000427246094,29094800
2025-03-12,138.40499877929688,138.9499969482422,135.27999877929688,137.13999938964844,23880900
2025-03-13,134.77000427246094,140.27999877929688,134.33999633789062,138.35000610351562,20516300
2025-03-14,141.35000610351562,141.82000732421875,139.4499969482422,141.10000610351562,17381900
2025-03-17,140.16000366210938,148.42999267578125,140.02999877929688,147.57000732421875,33897000
2025-03-18,146.3800048828125,146.8699951171875,142.5,142.74000549316406,20950100
2025-03-19,145.07000732421875,145.1999969482422,141.8699951171875,143.1999969482422,16333800
2025-03-20,137.1750030517578,138.99000549316406,136.3699951171875,136.91000366210938,23646800
2025-03-21,133.99000549316406,136.47000122070312,133.3000030517578,135.13999938964844,13970300
2025-03-24,136.3300018310547,136.42999267578125,133.6300048828125,134.47999572753906,14019000
2025-03-25,132.94000244140625,136.2449951171875,132.35000610351562,132.75,17943400
2025-03-26,133.52999877929688,134.66000366210938,131.1300048828125,132.24000549316406,15933500
2025-03-27,133.4499969482422,137.78500366210938,132.8800048828125,135.6300048828125,16688300
2025-03-28,133.5,134.2100067138672,131.39999389648438,132.42999267578125,13271500
2025-03-31,130.02999877929688,132.8699951171875,128.0,132.22999572753906,12183800
2025-04-01,132.75,134.10000610351562,131.52999877929688,132.6999969482422,11627500
2025-04-02,131.9600067138672,132.8300018310547,129.14999389648438,129.7899932861328,21240900
2025-04-03,125.6449966430664,130.6699981689453,125.5,129.3300018310547,30607600
2025-04-04,117.56999969482422,118.87000274658203,111.30000305175781,116.54000091552734,57154500
2025-04-07,106.62000274658203,114.12000274658203,102.63999938964844,105.9800033569336,61386600
2025-04-08,108.26000213623047,109.0,97.75,99.37000274658203,52100200
2025-04-09,100.5999984741211,107.04000091552734,95.7300033569336,104.77999877929688,74981900
2025-04-10,106.86000061035156,108.44999694824219,101.37000274658203,104.18000030517578,53133400
2025-04-11,104.77999877929688,108.04399871826172,102.19000244140625,107.7300033569336,40522800
2025-04-14,111.87000274658203,116.0,111.69999694824219,113.97000122070312,32926100
2025-04-15,113.77999877929688,114.0,111.47000122070312,112.27999877929688,16172300
2025-04-16,108.17500305175781,108.97000122070312,105.94999694824219,106.75,18031600
2025-04-17,110.83499908447266,111.51499938964844,108.41999816894531,108.87000274658203,17885000
2025-04-21,108.7300033569336,110.2300033569336,107.2699966430664,110.1500015258789,12145700
2025-04-22,114.36000061035156,117.43000030517578,113.01000213623047,115.87999725341797,27662400
2025-04-23,119.58999633789062,123.80999755859375,118.75,118.97000122070312,25762800
2025-04-24,117.93499755859375,119.33999633789062,117.58000183105469,119.29000091552734,13696000
2025-04-25,118.58000183105469,120.48999786376953,118.2699966430664,120.27999877929688,9306400
2025-04-28,119.5,120.66999816894531,117.29000091552734,118.37000274658203,10748000
2025-04-29,117.7300033569336,119.87999725341797,117.69000244140625,118.87999725341797,8295500
2025-04-30,119.08999633789062,119.94000244140625,118.19000244140625,119.43000030517578,10144800
2025-05-01,120.19000244140625,121.44999694824219,119.36000061035156,120.52999877929688,8690200
2025-05-02,126.00499725341797,126.62000274658203,124.25,125.76000213623047,18092500
2025-05-05,125.0,127.12999725341797,124.70999908447266,126.56999969482422,9868800
2025-05-06,128.4550018310547,129.72999572753906,127.48500061035156,127.66000366210938,17919700
2025-05-07,124.91000366210938,124.96499633789062,122.91000366210938,123.2300033569336,15979200
2025-05-08,125.3499984741211,126.81500244140625,124.16999816894531,125.79000091552734,10846800
2025-05-09,126.98999786376953,127.7699966430664,125.19000244140625,125.33000183105469,11172200
2025-05-12,133.8699951171875,134.07000732421875,132.3000030517578,132.5500030517578,22631700
2025-05-13,131.0,133.031005859375,130.1999969482422,131.64999389648438,16123600
2025-05-14,134.0749969482422,134.50999450683594,132.64999389648438,134.0500030517578,18278300
2025-05-15,126.23999786376953,126.31999969482422,122.6500015258789,123.9000015258789,35442800
2025-05-16,125.77999877929688,126.0999984741211,123.30999755859375,123.45999908447266,20090000
2025-05-19,120.18000030517578,123.05999755859375,120.0,122.95999908447266,11197000
2025-05-20,124.29000091552734,125.22000122070312,124.1500015258789,125.16000366210938,11790000
2025-05-21,125.44999694824219,126.05999755859375,122.7699966430664,123.58999633789062,8521400
2025-05-22,121.48999786376953,122.16999816894531,120.91999816894531,121.4800033569336,7820900
2025-05-23,119.58000183105469,121.04199981689453,119.28399658203125,120.7300033569336,7163400
2025-05-27,119.875,120.00499725341797,118.88999938964844,119.5199966430664,8544500
2025-05-28,117.44999694824219,117.91999816894531,116.51000213623047,116.73999786376953,11707700
2025-05-29,119.03500366210938,119.33999633789062,116.69999694824219,117.18000030517578,12356300
2025-05-30,115.01000213623047,115.06999969482422,111.5999984741211,113.83999633789062,17213200
2025-06-02,114.9000015258789,115.4000015258789,113.65899658203125,114.75,13147200
2025-06-03,115.37999725341797,115.80999755859375,114.41500091552734,114.97000122070312,14008900
2025-06-04,116.81500244140625,120.0,116.66000366210938,119.44999694824219,18115500
2025-06-05,120.94999694824219,121.55000305175781,119.13999938964844,119.95999908447266,15332200
2025-06-06,119.0,119.7699966430664,118.22000122070312,119.37999725341797,9753200
2025-06-09,121.08999633789062,122.15499877929688,120.12000274658203,121.4800033569336,10410600
2025-06-10,120.61499786376953,122.16000366210938,119.87999725341797,121.87999725341797,8892800
2025-06-11,122.62999725341797,123.45999908447266,120.05000305175781,120.33000183105469,10443100
2025-06-12,117.5199966430664,117.55000305175781,115.94999694824219,116.62000274658203,10204500
2025-06-13,113.66999816894531,114.77999877929688,112.26899719238281,112.87000274658203,13355100
2025-06-16,114.9800033569336,116.9000015258789,114.87000274658203,115.95999908447266,10242900
2025-06-17,115.94000244140625,116.61000061035156,115.02999877929688,115.02999877929688,10205700
2025-06-18,113.63999938964844,114.30000305175781,113.0199966430664,113.48999786376953,14002300
2025-06-20,114.11000061035156,114.427001953125,112.62200164794922,113.01000213623047,12737300
2025-06-23,112.11499786376953,113.08999633789062,111.26000213623047,113.08999633789062,12536500
2025-06-24,114.61499786376953,117.31999969482422,113.62000274658203,117.01000213623047,17125100
2025-06-25,117.19999694824219,117.44999694824219,114.16999816894531,114.55000305175781,12835500
2025-06-26,114.0999984741211,114.19999694824219,113.37999725341797,113.93000030517578,8388000
2025-06-27,114.37000274658203,115.5,113.31999969482422,114.08000183105469,12355500
2025-06-30,112.45999908447266,113.48999786376953,111.4000015258789,113.41000366210938,10457300
2025-07-01,112.94999694824219,114.79000091552734,112.73999786376953,113.97000122070312,9243200
2025-07-02,111.56999969482422,111.81999969482422,110.37000274658203,110.70999908447266,13843800
2025-07-03,108.33499908447266,109.08000183105469,107.94999694824219,108.69999694824219,11847200
2025-07-07,107.43000030517578,108.19999694824219,105.94000244140625,106.2699966430664,17446200
2025-07-08,108.76499938964844,109.12999725341797,107.91000366210938,107.98999786376953,11319900
2025-07-09,105.4800033569336,105.5250015258789,103.70999908447266,103.83000183105469,24609300
2025-07-10,105.13999938964844,106.76000213623047,104.41400146484375,106.63999938964844,13554500
2025-07-11,106.91000366210938,107.41999816894531,106.30000305175781,106.72000122070312,10774600
2025-07-14,107.6449966430664,108.80000305175781,107.19000244140625,108.22000122070312,13231300
2025-07-15,114.65499877929688,117.21499633789062,113.2040023803711,116.97000122070312,34785400
2025-07-16,115.5,116.02999877929688,114.04000091552734,115.7300033569336,14439000
2025-07-17,115.04000091552734,118.19999694824219,114.86000061035156,117.30000305175781,14573600
2025-07-18,121.37999725341797,122.16000366210938,119.7699966430664,120.2300033569336,26787700
2025-07-21,119.51000213623047,122.30999755859375,118.25,120.2699966430664,17937600
2025-07-22,120.44000244140625,121.83999633789062,119.0,120.70999908447266,11551500
2025-07-23,122.79499816894531,123.86499786376953,121.4000015258789,122.58000183105469,12874200
2025-07-24,121.8499984741211,123.98999786376953,120.44999694824219,121.1500015258789,11378400
2025-07-25,120.19000244140625,120.4800033569336,119.33999633789062,120.02999877929688,7060600
2025-07-28,122.02999877929688,123.44999694824219,121.52999877929688,122.1500015258789,11207400
2025-07-29,122.48999786376953,122.87000274658203,119.05000305175781,119.36000061035156,13599700
2025-07-30,119.04499816894531,119.58999633789062,116.83999633789062,117.37999725341797,12794100
2025-07-31,117.81999969482422,121.33999633789062,117.5199966430664,120.62999725341797,13650400
2025-08-01,118.05999755859375,118.37000274658203,116.11000061035156,117.06999969482422,12424300
2025-08-04,118.3499984741211,119.48999786376953,116.86000061035156,117.5,7272100
2025-08-05,118.0999984741211,118.6500015258789,116.87000274658203,117.04000091552734,5885600
2025-08-06,118.87999725341797,121.29000091552734,117.7699966430664,120.86000061035156,12079600
2025-08-07,121.33999633789062,122.27999877929688,119.5999984741211,120.95999908447266,9480600
2025-08-08,119.31999969482422,120.69999694824219,118.65499877929688,120.36000061035156,9763600
2025-08-11,120.43000030517578,121.30000305175781,118.12000274658203,118.63999938964844,12072000
2025-08-12,118.80999755859375,122.79000091552734,118.0999984741211,122.41999816894531,11939800
2025-08-13,126.69000244140625,127.93000030517578,125.08000183105469,126.86000061035156,19362500
2025-08-14,123.7300033569336,123.93000030517578,121.33999633789062,122.27999877929688,15045600
2025-08-15,120.9800033569336,122.18900299072266,120.68000030517578,121.26000213623047,11141800
2025-08-18,121.91999816894531,123.1500015258789,120.9000015258789,121.4000015258789,8550400
2025-08-19,121.58000183105469,122.58000183105469,119.98999786376953,119.98999786376953,8106100
2025-08-20,119.91999816894531,120.80999755859375,118.66999816894531,119.48999786376953,7095800
2025-08-21,117.87999725341797,119.2699966430664,117.51000213623047,118.08999633789062,8231200
2025-08-22,120.4749984741211,123.4000015258789,120.27999877929688,122.94000244140625,13855300
2025-08-25,125.18000030517578,126.7300033569336,123.5,124.3499984741211,12888400
2025-08-26,125.29499816894531,126.0,123.72000122070312,124.19000244140625,8706100
2025-08-27,121.19999694824219,122.51499938964844,120.79000091552734,122.2300033569336,13833100
2025-08-28,119.52999877929688,121.25,117.5999984741211,119.56999969482422,14501100
2025-08-29,128.8800048828125,136.64999389648438,128.50999450683594,135.0,82165100
2025-09-02,134.47000122070312,138.8300018310547,133.05999755859375,138.5500030517578,41625400
2025-09-03,136.6999969482422,137.77000427246094,135.5800018310547,136.4499969482422,16470500
2025-09-04,133.16000366210938,134.25,130.05999755859375,130.9199981689453,24730900
2025-09-05,135.02999877929688,135.61000061035156,132.6999969482422,135.5800018310547,19202500
2025-09-08,139.8800048828125,141.22000122070312,138.7689971923828,141.1999969482422,20095300
2025-09-09,145.39999389648438,148.0,144.64999389648438,147.10000610351562,32792300
2025-09-10,145.4199981689453,145.9199981689453,143.22999572753906,143.92999267578125,21079900
2025-09-11,148.1199951171875,156.8489990234375,147.86000061035156,155.44000244140625,50089200
2025-09-12,154.07000732421875,155.4600067138672,152.05999755859375,155.05999755859375,20903300
2025-09-15,159.08999633789062,159.6999969482422,156.72999572753906,158.0399932861328,23567200
2025-09-16,158.36000061035156,163.0,157.58999633789062,162.2100067138672,26017700
2025-09-17,166.0,167.32000732421875,163.25999450683594,166.1699981689453,29344300
2025-09-18,162.5,164.7899932861328,161.3000030517578,162.47999572753906,19529600
2025-09-19,164.69000244140625,166.25,162.61000061035156,162.80999755859375,18183200
2025-09-22,163.75999450683594,167.43499755859375,163.02999877929688,164.25,18667700
2025-09-23,165.00999450683594,167.8300018310547,162.8000030517578,163.0800018310547,18278600
2025-09-24,175.97999572753906,180.16000366210938,175.0,176.44000244140625,52642300
2025-09-25,173.39999389648438,175.77000427246094,170.43499755859375,175.47000122070312,20712200
2025-09-26,172.1699981689453,172.75999450683594,169.6999969482422,171.91000366210938,15971100
2025-09-29,178.0800018310547,181.343994140625,177.58999633789062,179.89999389648438,21576300
2025-09-30,181.66000366210938,182.14999389648438,177.10000610351562,178.72999572753906,18681500
2025-10-01,179.97999572753906,183.0800018310547,178.8699951171875,182.77999877929688,14966900
2025-10-02,188.5800018310547,192.6699981689453,188.3000030517578,189.33999633789062,23687800
2025-10-03,190.72000122070312,191.07000732421875,187.13499450683594,188.02999877929688,13990900
2025-10-06,186.5,189.61000061035156,186.30999755859375,187.22000122070312,10973500
2025-10-07,187.40499877929688,188.66000366210938,180.44000244140625,181.3300018310547,16942200
2025-10-08,180.7899932861328,182.08999633789062,177.3000030517578,181.1199951171875,15883700
2025-10-09,178.52000427246094,178.77999877929688,172.3000030517578,173.67999267578125,21211600
2025-10-10,170.02999877929688,172.92999267578125,157.25,159.00999450683594,50296800
2025-10-13,167.77999877929688,168.7899932861328,165.02999877929688,166.80999755859375,25703100
2025-10-14,160.0500030517578,166.5,160.0,162.86000061035156,18583200
2025-10-15,168.07000732421875,168.10000610351562,164.60000610351562,165.91000366210938,15337400
2025-10-16,166.52000427246094,168.3000030517578,164.4600067138672,165.08999633789062,10979700
2025-10-17,161.75999450683594,169.10000610351562,161.14999389648438,167.0500030517578,17765700
2025-10-20,167.2899932861328,174.97000122070312,165.7899932861328,173.47000122070312,20120500
2025-10-21,170.52000427246094,170.94000244140625,166.4199981689453,166.6699981689453,15662500
2025-10-22,167.0,169.6699981689453,163.5800018310547,165.86000061035156,15016500
2025-10-23,168.97000122070312,173.24000549316406,168.31700134277344,171.89999389648438,12792100
2025-10-24,174.39999389648438,176.44000244140625,173.36199951171875,174.6999969482422,11841000
2025-10-27,179.74000549316406,180.0,177.6199951171875,179.4499969482422,12580800
2025-10-28,177.47999572753906,179.3800048828125,175.24000549316406,176.72000122070312,11906900
2025-10-29,180.2949981689453,182.5,178.08999633789062,179.97000122070312,12068900
2025-10-30,174.32000732421875,176.3800048828125,173.77999877929688,173.92999267578125,10756300
2025-10-31,170.52999877929688,171.4499969482422,168.1199951171875,170.42999267578125,13181400
2025-11-03,168.30999755859375,168.94000244140625,165.5800018310547,167.69000244140625,9702300
2025-11-04,162.60000610351562,166.5,162.1999969482422,164.3000030517578,9693100
2025-11-05,164.39999389648438,166.8800048828125,163.60000610351562,164.82000732421875,8631400
2025-11-06,169.0,170.5500030517578,165.52000427246094,167.61000061035156,12438900
2025-11-07,162.9600067138672,166.3800048828125,161.21600341796875,166.33999633789062,11581200
2025-11-10,167.6199951171875,168.0,163.63999938964844,165.88999938964844,9348700
2025-11-11,164.58999633789062,165.5800018310547,160.16000366210938,160.8000030517578,11354400
2025-11-12,160.97999572753906,161.19000244140625,156.1999969482422,157.91000366210938,13920800
2025-11-13,164.0,164.0,158.5,159.83999633789062,17213000
2025-11-14,156.94000244140625,162.6199951171875,151.77999877929688,153.8000030517578,33991000
2025-11-17,157.97999572753906,161.02499389648438,156.89999389648438,157.7100067138672,16911400
2025-11-18,157.30999755859375,161.27999877929688,156.6999969482422,159.72000122070312,12438900
2025-11-19,159.3249969482422,160.97000122070312,158.04100036621094,158.88999938964844,7949900
2025-11-20,159.0,161.38999938964844,153.0,153.27999877929688,13466900
2025-11-21,151.97999572753906,155.8800048828125,148.63999938964844,152.92999267578125,16240800
2025-11-24,160.0,161.5,158.6999969482422,160.72999572753906,21796600
2025-11-25,165.1999969482422,166.3699951171875,156.14999389648438,157.00999450683594,27097500
2025-11-26,159.09500122070312,161.4600067138672,150.0,157.60000610351562,21453100
2025-11-28,156.16000366210938,158.69000244140625,155.67999267578125,157.3000030517578,7185500
2025-12-01,160.5,164.85000610351562,159.41000366210938,164.25999450683594,15321200
2025-12-02,161.1999969482422,161.72999572753906,159.1199951171875,161.1300048828125,9878500
2025-12-03,157.39999389648438,158.4550018310547,156.52999877929688,158.0800018310547,6968000
2025-12-04,158.27000427246094,158.8000030517578,156.41000366210938,157.44000244140625,6666300
2025-12-05,159.14999389648438,159.49000549316406,157.67999267578125,158.32000732421875,6277100
2025-12-08,157.57000732421875,158.74000549316406,156.41299438476562,158.1300048828125,7342000
2025-12-09,154.44000244140625,156.60000610351562,154.3000030517578,155.9600067138672,6458100
2025-12-10,159.63999938964844,160.74000549316406,157.5,158.82000732421875,10928600
2025-12-11,155.14999389648438,157.0500030517578,153.36000061035156,156.89999389648438,8171200
2025-12-12,157.76499938964844,158.9499969482422,153.8000030517578,155.67999267578125,6708400
2025-12-15,153.17999267578125,153.2050018310547,149.5800018310547,150.08999633789062,11233100
2025-12-16,148.9499969482422,149.97000122070312,147.50999450683594,149.2899932861328,9051900
2025-12-17,150.60000610351562,151.38999938964844,146.75,147.08999633789062,8271000
2025-12-18,148.64999389648438,149.1999969482422,147.11599731445312,147.32000732421875,6597400
2025-12-19,149.00999450683594,151.47000122070312,148.8800048828125,149.7899932861328,9004200
2025-12-22,150.40499877929688,151.82000732421875,149.1199951171875,150.9600067138672,6779100
2025-12-23,150.5749969482422,151.3000030517578,149.27000427246094,151.22999572753906,5373300
2025-12-24,150.5,150.7899932861328,149.91799926757812,150.05999755859375,3274200
2025-12-26,150.2899932861328,152.97999572753906,150.05999755859375,152.24000549316406,6037200
2025-12-29,147.72000122070312,148.75,147.2100067138672,148.49000549316406,8900000
2025-12-30,148.83999633789062,149.10000610351562,147.35000610351562,147.36000061035156,6832300
2025-12-31,146.69000244140625,147.3699951171875,145.63999938964844,146.5800018310547,6116000
2026-01-02,152.6199951171875,156.64999389648438,151.80099487304688,155.74000549316406,15778300
2026-01-05,155.77499389648438,156.5500030517578,152.1699981689453,156.25999450683594,14744000
2026-01-06,155.22000122070312,155.83999633789062,150.86000061035156,150.89999389648438,12998100
2026-01-07,148.3800048828125,148.3800048828125,146.61000061035156,146.75,12613200
2026-01-08,146.09500122070312,155.2899932861328,145.27000427246094,154.47000122070312,20981700
2026-01-09,151.3300018310547,151.57000732421875,148.52000427246094,150.9600067138672,11437900
2026-01-12,157.47000122070312,167.69000244140625,157.47000122070312,166.30999755859375,35379000
2026-01-13,165.5,170.67999267578125,164.91000366210938,167.00999450683594,18850400
2026-01-14,171.57000732421875,172.8000030517578,169.84500122070312,169.89999389648438,17475100
2026-01-15,169.64500427246094,173.3000030517578,167.33999633789062,170.92999267578125,12607000
2026-01-16,169.77999877929688,169.85000610351562,163.4949951171875,165.39999389648438,18598300
2026-01-20,161.8300018310547,166.1750030517578,161.67999267578125,162.38999938964844,9885000
2026-01-21,167.5749969482422,169.86500549316406,165.66000366210938,168.6699981689453,11713700
2026-01-22,176.42999267578125,181.10000610351562,174.77000427246094,177.17999267578125,32031100
2026-01-23,175.43499755859375,175.61000061035156,171.94000244140625,173.22999572753906,13064100
2026-01-26,169.7899932861328,172.99000549316406,168.67999267578125,171.3699951171875,10166100
2026-01-27,174.0500030517578,176.4600067138672,172.2209930419922,172.72000122070312,8931300
2026-01-28,176.25,177.8699951171875,174.56300354003906,175.66000366210938,9001500
2026-01-29,178.33999633789062,180.75,171.60000610351562,174.25,12062500
2026-01-30,172.6999969482422,174.0,169.47000122070312,169.55999755859375,10846100
2026-02-02,167.97999572753906,169.55999755859375,167.33999633789062,168.38999938964844,6551800
2026-02-03,163.8800048828125,165.35000610351562,160.61000061035156,163.64999389648438,10066600
2026-02-04,162.3300018310547,162.85000610351562,156.77999877929688,159.13999938964844,11851400
2026-02-05,161.13999938964844,161.47000122070312,156.7100067138672,157.75999450683594,10936700
2026-02-06,160.4600067138672,162.86000061035156,159.5,162.50999450683594,10972100
2026-02-09,161.88999938964844,165.02999877929688,160.88999938964844,163.0,7260500
2026-02-10,163.74000549316406,168.2550048828125,162.3000030517578,166.50999450683594,10990000
2026-02-11,164.08999633789062,165.1999969482422,161.3800048828125,164.32000732421875,8756900
2026-02-12,163.1199951171875,163.3699951171875,156.9600067138672,158.72999572753906,11457800
2026-02-13,152.85499572753906,158.11000061035156,152.85499572753906,155.72999572753906,16045600
2026-02-17,156.375,158.1300048828125,153.4600067138672,155.42999267578125,6803600
2026-02-18,156.8800048828125,157.5,155.57000732421875,155.77000427246094,4506600
2026-02-19,155.22500610351562,155.5,153.14999389648438,154.27000427246094,6582500
2026-02-20,150.85000610351562,155.49000549316406,150.42999267578125,154.4499969482422,8758700
2026-02-23,155.5,156.3300018310547,152.57000732421875,152.77999877929688,6751000
2026-02-24,152.10000610351562,153.72999572753906,150.89999389648438,153.11000061035156,6655200
2026-02-25,152.8000030517578,153.5500030517578,150.96099853515625,152.27999877929688,5813400
2026-02-26,148.35499572753906,149.05999755859375,145.60000610351562,148.0500030517578,10256400
2026-02-27,145.4600067138672,146.39999389648438,143.3300018310547,144.11000061035156,9780300
2026-03-02,139.19000244140625,143.0,139.05499267578125,142.55999755859375,9428300
2026-03-03,136.3800048828125,137.0800018310547,133.39999389648438,135.58999633789062,18476800
2026-03-04,134.98500061035156,135.11700439453125,132.72000122070312,133.27000427246094,14293900
2026-03-05,129.6999969482422,131.63499450683594,128.60000610351562,130.35000610351562,18612900
2026-03-06,129.3000030517578,132.42999267578125,128.8000030517578,130.7899932861328,10957000
2026-03-09,130.24000549316406,132.91000366210938,128.5500030517578,132.63999938964844,10072400
2026-03-10,135.7100067138672,139.22000122070312,134.55999755859375,136.85000610351562,15264300
2026-03-11,135.57000732421875,136.74000549316406,134.82000732421875,136.2899932861328,6685100
2026-03-12,135.3800048828125,136.0,133.4499969482422,134.1999969482422,7591800
2026-03-13,136.07000732421875,137.1999969482422,134.6999969482422,135.2100067138672,6438400
2026-03-16,138.8000030517578,138.8000030517578,136.5,136.7100067138672,9972300
2026-03-17,137.875,138.22000122070312,135.97000122070312,136.57000732421875,10005700
2026-03-18,138.44500732421875,139.16000366210938,134.3699951171875,134.42999267578125,17158600
2026-03-19,123.0199966430664,126.91999816894531,121.16000366210938,124.9000015258789,33440500
2026-03-20,125.71499633789062,126.4800033569336,122.08999633789062,122.41000366210938,15479300
2026-03-23,123.23999786376953,127.2699966430664,123.0999984741211,126.05999755859375,15583900
2026-03-24,124.36000061035156,125.75,123.91999816894531,125.4800033569336,8516200
2026-03-25,129.47999572753906,130.64999389648438,128.33999633789062,129.8699951171875,12843000
2026-03-26,126.72000122070312,127.05000305175781,124.58999633789062,125.41000366210938,9240000
2026-03-27,123.97000122070312,124.44000244140625,122.2300033569336,122.69000244140625,8105000
2026-03-30,123.27999877929688,123.77999877929688,121.55000305175781,121.9800033569336,7226700
2026-03-31,121.98999786376953,125.77999877929688,121.37999725341797,125.45999908447266,9486100
2026-04-01,125.4800033569336,126.38999938964844,123.12000274658203,123.7300033569336,10297400
2026-04-02,120.2699966430664,122.8479995727539,120.13999938964844,122.05000305175781,8830200
2026-04-06,122.05000305175781,123.6500015258789,121.69999694824219,122.30999755859375,3987600
2026-04-07,121.1500015258789,121.9800033569336,117.93000030517578,119.72000122070312,10879200
2026-04-08,128.11000061035156,129.33999633789062,124.86000061035156,125.31999969482422,17638100
2026-04-09,124.5199966430664,127.77999877929688,123.95999908447266,127.68000030517578,10014600
2026-04-10,129.13499450683594,129.75999450683594,127.05000305175781,127.33000183105469,9356300
2026-04-13,125.98999786376953,128.08999633789062,125.55000305175781,128.00999450683594,5550200
2026-04-14,128.47000122070312,132.8800048828125,128.47000122070312,131.35000610351562,11718500
2026-04-15,132.6999969482422,133.60000610351562,131.3699951171875,133.27999877929688,8749500
2026-04-16,137.8000030517578,140.89999389648438,135.73500061035156,138.58999633789062,17122200
2026-04-17,141.14999389648438,143.77999877929688,139.8800048828125,141.00999450683594,12886500
2026-04-20,140.46499633789062,140.92999267578125,138.8730010986328,140.1699981689453,7823300
2026-04-21,139.25,139.25,134.4600067138672,135.3800048828125,11388200
2026-04-22,136.91000366210938,137.3300018310547,135.3800048828125,136.4199981689453,9258300
2026-04-23,133.77999877929688,133.89999389648438,129.61500549316406,131.6999969482422,10749900
2026-04-24,133.67999267578125,136.1999969482422,133.0,135.82000732421875,9046800
2026-04-27,133.0,133.40499877929688,132.08999633789062,132.52000427246094,6462100
2026-04-28,129.5,130.9199981689453,128.9499969482422,130.85000610351562,6088100
2026-04-29,131.9499969482422,132.02999877929688,129.9600067138672,130.42999267578125,6386000
2026-04-30,130.14999389648438,132.63999938964844,129.35000610351562,131.8800048828125,7416600
2026-05-01,131.7550048828125,133.14999389648438,131.36000061035156,131.5,6199300
2026-05-04,133.97999572753906,136.11500549316406,133.25999450683594,133.27000427246094,8317200
2026-05-05,134.625,134.72000122070312,132.1699981689453,132.25999450683594,6919300
2026-05-06,137.30499267578125,142.1999969482422,136.74000549316406,141.44000244140625,16958900
2026-05-07,143.76499938964844,143.9499969482422,140.44000244140625,141.0,10698800
2026-05-08,142.0500030517578,143.8000030517578,139.3699951171875,140.05999755859375,10062000
2026-05-11,137.66000366210938,138.85000610351562,136.22000122070312,137.3000030517578,9859200
2026-05-12,136.49000549316406,136.97000122070312,133.82000732421875,134.77999877929688,16129000
2026-05-13,132.05999755859375,146.8699951171875,130.3300018310547,145.80999755859375,40214600
2026-05-14,140.97999572753906,143.97999572753906,138.61000061035156,141.1199951171875,19422000
2026-05-15,135.8800048828125,135.8800048828125,131.9499969482422,132.58999633789062,17985100
2026-05-18,133.94500732421875,134.8800048828125,132.57000732421875,133.25999450683594,10379400
2026-05-19,135.34500122070312,136.77999877929688,134.7899932861328,135.63999938964844,11084200
2026-05-20,135.86000061035156,135.88999938964844,132.72999572753906,134.47000122070312,7035400
2026-05-21,129.5500030517578,131.7550048828125,128.08999633789062,131.47000122070312,12621500
2026-05-22,126.92500305175781,130.75,126.92500305175781,130.0,11868400
2026-05-26,130.10000610351562,130.24000549316406,129.0749969482422,129.47000122070312,5599000
2026-05-27,126.31999969482422,129.0,126.25,127.76000213623047,8272800
2026-05-28,124.72000122070312,126.56999969482422,123.54000091552734,126.16000366210938,11541300
2026-05-29,124.38999938964844,125.04000091552734,123.43000030517578,124.22000122070312,12504300
2026-06-01,124.19999694824219,126.3499984741211,123.98999786376953,125.4000015258789,9297800
2026-06-02,132.25,134.08999633789062,130.52000427246094,130.82000732421875,15355100
2026-06-03,128.75999450683594,128.88999938964844,126.83000183105469,127.20999908447266,8646200
2026-06-04,126.62000274658203,128.1699981689453,125.94000244140625,125.94999694824219,6928100
2026-06-05,125.01000213623047,125.2300033569336,120.45999908447266,121.05999755859375,12891400
2026-06-08,121.76000213623047,122.36000061035156,119.61000061035156,120.06999969482422,9493300
2026-06-09,121.30000305175781,122.41999816894531,118.37000274658203,119.69999694824219,11871000
2026-06-10,116.0,118.18000030517578,115.37000274658203,115.37999725341797,10880900
2026-06-11,110.875,112.81999969482422,109.66000366210938,112.69000244140625,16403600
2026-06-12,112.56999969482422,112.81999969482422,110.97000122070312,112.81999969482422,8157900
2026-06-15,112.66000366210938,113.81999969482422,112.11000061035156,112.55000305175781,10426100
2026-06-16,109.33000183105469,111.25,109.05000305175781,110.97000122070312,14128100
2026-06-17,109.51000213623047,110.58000183105469,107.37999725341797,107.44000244140625,13280700
2026-06-18,106.48500061035156,107.37000274658203,105.51000213623047,107.0999984741211,14603000
2026-06-22,105.09200286865234,106.52999877929688,103.91000366210938,104.97000122070312,13220800
2026-06-23,102.37999725341797,103.54000091552734,101.83000183105469,102.5999984741211,11335700
2026-06-24,101.25,101.66999816894531,99.0999984741211,99.80000305175781,15334300
2026-06-25,97.67500305175781,98.0999984741211,94.70999908447266,95.06999969482422,20248200
2026-06-26,92.0,95.72000122070312,91.98999786376953,94.80999755859375,18307600
2026-06-29,96.13999938964844,97.47000122070312,94.4000015258789,95.51000213623047,21078900
2026-06-30,94.98999786376953,96.95999908447266,94.36000061035156,95.9800033569336,11816100
2026-07-01,95.5999984741211,99.45999908447266,95.52999877929688,97.98999786376953,11888600
2026-07-02,96.88999938964844,97.94999694824219,95.19000244140625,96.13999938964844,11744600
2026-07-06,97.41000366210938,98.02999877929688,96.37000274658203,97.91000366210938,8948100
2026-07-07,97.80000305175781,99.73999786376953,97.38999938964844,98.13999938964844,10204200
2026-07-08,107.5999984741211,109.81999969482422,105.6500015258789,108.9800033569336,38869300
2026-07-09,109.12000274658203,112.16999816894531,108.8499984741211,111.13999938964844,14110600
2026-07-10,113.23999786376953,115.58000183105469,112.01000213623047,112.33000183105469,16162200
2026-07-13,112.8550033569336,114.19999694824219,111.81999969482422,112.3499984741211,9559900
2026-07-14,112.94999694824219,113.3499984741211,111.2300033569336,112.31999969482422,8272300
2026-07-15,117.4000015258789,121.22000122070312,117.1500015258789,117.69000244140625,20233300
2026-07-16,118.4749984741211,119.93499755859375,117.41500091552734,117.48999786376953,9653500
2026-07-17,114.6500015258789,115.93000030517578,113.94000244140625,114.97000122070312,11282100
2026-07-20,118.91000366210938,121.8550033569336,117.86499786376953,120.33999633789062,14750900
2026-07-21,118.66000366210938,119.44999694824219,117.6500015258789,117.97000122070312,9338200
2026-07-22,116.2249984741211,116.83000183105469,115.13999938964844,116.55999755859375,7085800
