Date,Open,High,Low,Close,Volume
2018-07-23,30.139999389648438,30.850000381469727,30.1299991607666,30.75,74080200
2018-07-24,30.850000381469727,31.110000610351562,30.649999618530273,30.829999923706055,64761500
2018-07-25,30.700000762939453,31.110000610351562,30.670000076293945,31.06999969482422,57644100
2018-07-26,31.190000534057617,31.209999084472656,30.889999389648438,30.940000534057617,46215000
2018-07-27,30.989999771118164,31.139999389648438,30.799999237060547,31.059999465942383,57198900
2018-07-30,31.139999389648438,31.450000762939453,31.1299991607666,31.309999465942383,58721000
2018-07-31,31.360000610351562,31.420000076293945,30.81999969482422,30.8799991607666,64066000
2018-08-01,31.219999313354492,31.549999237060547,31.170000076293945,31.25,69070700
2018-08-02,30.979999542236328,31.309999465942383,30.8700008392334,31.280000686645508,46427200
2018-08-03,31.18000030517578,31.510000228881836,31.15999984741211,31.510000228881836,50153800
2018-08-06,31.450000762939453,31.59000015258789,31.31999969482422,31.520000457763672,41261500
2018-08-07,31.549999237060547,31.799999237060547,31.489999771118164,31.510000228881836,43946200
2018-08-08,31.510000228881836,31.90999984741211,31.479999542236328,31.799999237060547,43689600
2018-08-09,31.729999542236328,31.790000915527344,31.549999237060547,31.600000381469727,38219100
2018-08-10,31.229999542236328,31.329999923706055,30.899999618530273,31.190000534057617,55679800
2018-08-13,31.079999923706055,31.1200008392334,30.450000762939453,30.479999542236328,63960600
2018-08-14,30.610000610351562,30.899999618530273,30.420000076293945,30.790000915527344,42521200
2018-08-15,30.479999542236328,30.6200008392334,30.15999984741211,30.360000610351562,59747900
2018-08-16,30.559999465942383,30.84000015258789,30.520000457763672,30.719999313354492,44015400
2018-08-17,30.65999984741211,30.860000610351562,30.549999237060547,30.739999771118164,39843500
2018-08-20,30.690000534057617,30.93000030517578,30.649999618530273,30.8700008392334,40011000
2018-08-21,30.90999984741211,31.25,30.829999923706055,31.020000457763672,53510600
2018-08-22,30.920000076293945,31.09000015258789,30.8799991607666,30.979999542236328,33062900
2018-08-23,30.940000534057617,30.979999542236328,30.739999771118164,30.84000015258789,38259100
2018-08-24,30.940000534057617,31.079999923706055,30.850000381469727,30.889999389648438,43585000
2018-08-27,31.030000686645508,31.489999771118164,30.989999771118164,31.309999465942383,47729300
2018-08-28,31.360000610351562,31.40999984741211,31.190000534057617,31.270000457763672,38539000
2018-08-29,31.239999771118164,31.309999465942383,31.06999969482422,31.139999389648438,46401800
2018-08-30,31.020000457763672,31.149999618530273,30.950000762939453,31.010000228881836,47358900
2018-08-31,30.8799991607666,30.950000762939453,30.6200008392334,30.93000030517578,49266000
2018-09-04,30.90999984741211,31.15999984741211,30.81999969482422,31.139999389648438,44745600
2018-09-05,31.06999969482422,31.239999771118164,30.969999313354492,31.18000030517578,48516700
2018-09-06,31.049999237060547,31.110000610351562,30.729999542236328,30.850000381469727,42666000
2018-09-07,31.0,31.1200008392334,30.6299991607666,30.860000610351562,49103800
2018-09-10,30.8799991607666,31.0,30.75,30.81999969482422,34156200
2018-09-11,30.719999313354492,30.899999618530273,30.700000762939453,30.850000381469727,53071000
2018-09-12,30.8799991607666,30.959999084472656,30.3799991607666,30.43000030517578,59482300
2018-09-13,30.530000686645508,30.670000076293945,30.079999923706055,30.139999389648438,59219500
2018-09-14,30.1299991607666,30.389999389648438,30.110000610351562,30.3700008392334,33743900
2018-09-17,30.34000015258789,30.489999771118164,30.149999618530273,30.280000686645508,35026600
2018-09-18,30.329999923706055,30.399999618530273,30.1299991607666,30.209999084472656,49921700
2018-09-19,30.1299991607666,31.200000762939453,30.1299991607666,31.0,92666300
2018-09-20,31.299999237060547,31.3700008392334,31.139999389648438,31.190000534057617,83357400
2018-09-21,31.34000015258789,31.3700008392334,30.969999313354492,31.030000686645508,85992100
2018-09-24,30.979999542236328,31.200000762939453,30.65999984741211,30.739999771118164,45587700
2018-09-25,30.850000381469727,31.040000915527344,30.600000381469727,30.670000076293945,40949900
2018-09-26,30.709999084472656,30.739999771118164,30.059999465942383,30.1299991607666,57882400
2018-09-27,30.239999771118164,30.309999465942383,29.93000030517578,29.940000534057617,45879700
2018-09-28,29.649999618530273,29.850000381469727,29.420000076293945,29.459999084472656,74707600
2018-10-01,29.68000030517578,29.940000534057617,29.540000915527344,29.649999618530273,53900900
2018-10-02,29.579999923706055,29.719999313354492,29.270000457763672,29.579999923706055,42940300
2018-10-03,29.809999465942383,30.18000030517578,29.719999313354492,30.0,61080300
2018-10-04,30.170000076293945,30.790000915527344,30.139999389648438,30.43000030517578,72325700
2018-10-05,30.600000381469727,30.649999618530273,30.049999237060547,30.229999542236328,51931000
2018-10-08,30.049999237060547,30.420000076293945,29.90999984741211,30.270000457763672,47471600
2018-10-09,30.030000686645508,30.190000534057617,29.8700008392334,29.979999542236328,58868600
2018-10-10,29.979999542236328,30.1299991607666,29.209999084472656,29.239999771118164,88454400
2018-10-11,28.889999389648438,29.25,28.260000228881836,28.360000610351562,111417300
2018-10-12,28.989999771118164,29.040000915527344,27.729999542236328,28.459999084472656,102279200
2018-10-15,28.489999771118164,28.6200008392334,27.639999389648438,27.920000076293945,114636100
2018-10-16,28.239999771118164,28.579999923706055,27.899999618530273,28.530000686645508,87887800
2018-10-17,28.3700008392334,29.190000534057617,28.15999984741211,28.899999618530273,79068700
2018-10-18,28.670000076293945,28.899999618530273,28.139999389648438,28.25,77369200
2018-10-19,28.139999389648438,28.520000457763672,27.969999313354492,28.31999969482422,64305400
2018-10-22,28.31999969482422,28.350000381469727,27.309999465942383,27.3799991607666,89942900
2018-10-23,26.389999389648438,27.200000762939453,26.110000610351562,27.020000457763672,102392500
2018-10-24,26.860000610351562,26.899999618530273,26.079999923706055,26.190000534057617,86386600
2018-10-25,26.3799991607666,26.93000030517578,26.18000030517578,26.59000015258789,73780400
2018-10-26,26.329999923706055,26.579999923706055,25.8799991607666,26.389999389648438,91103500
2018-10-29,26.690000534057617,27.18000030517578,26.290000915527344,26.610000610351562,89367000
2018-10-30,26.760000228881836,26.860000610351562,26.31999969482422,26.780000686645508,79004800
2018-10-31,27.100000381469727,27.8799991607666,27.059999465942383,27.5,92296300
2018-11-01,27.770000457763672,28.0,27.610000610351562,27.809999465942383,49827300
2018-11-02,28.010000228881836,28.3799991607666,27.520000457763672,27.889999389648438,69010200
2018-11-05,27.950000762939453,28.239999771118164,27.889999389648438,28.059999465942383,41103100
2018-11-06,28.020000457763672,28.25,27.739999771118164,28.209999084472656,43514400
2018-11-07,28.420000076293945,28.670000076293945,28.139999389648438,28.540000915527344,56679200
2018-11-08,28.5,29.1200008392334,28.43000030517578,28.8700008392334,49421200
2018-11-09,28.75,28.889999389648438,28.3799991607666,28.520000457763672,43270600
2018-11-12,28.3799991607666,28.520000457763672,27.639999389648438,27.75,50307500
2018-11-13,27.75,28.139999389648438,27.690000534057617,27.760000228881836,57423400
2018-11-14,27.950000762939453,28.100000381469727,26.780000686645508,27.209999084472656,69213300
2018-11-15,27.139999389648438,27.969999313354492,26.8799991607666,27.899999618530273,66174800
2018-11-16,27.690000534057617,27.889999389648438,27.420000076293945,27.75,52456100
2018-11-19,27.780000686645508,28.020000457763672,27.540000915527344,27.75,46000000
2018-11-20,27.420000076293945,27.56999969482422,26.969999313354492,27.3799991607666,92330600
2018-11-21,27.59000015258789,27.760000228881836,27.25,27.270000457763672,40364400
2018-11-23,27.079999923706055,27.170000076293945,26.8799991607666,26.969999313354492,22974100
2018-11-26,27.18000030517578,27.729999542236328,27.100000381469727,27.559999465942383,53210700
2018-11-27,27.43000030517578,27.899999618530273,27.389999389648438,27.739999771118164,43617100
2018-11-28,27.8799991607666,28.469999313354492,27.559999465942383,28.43000030517578,61388100
2018-11-29,28.18000030517578,28.350000381469727,27.969999313354492,28.040000915527344,46824600
2018-11-30,27.940000534057617,28.6299991607666,27.8700008392334,28.399999618530273,64284600
2018-12-03,28.989999771118164,29.040000915527344,28.360000610351562,28.540000915527344,59908700
2018-12-04,28.31999969482422,28.31999969482422,26.729999542236328,26.989999771118164,103565700
2018-12-06,26.229999542236328,26.31999969482422,25.530000686645508,26.280000686645508,133294200
2018-12-07,26.149999618530273,26.540000915527344,25.299999237060547,25.43000030517578,107477600
2018-12-10,25.18000030517578,25.229999542236328,24.290000915527344,24.760000228881836,110166900
2018-12-11,25.209999084472656,25.399999618530273,24.530000686645508,24.579999923706055,78545000
2018-12-12,24.8700008392334,24.989999771118164,24.3700008392334,24.520000457763672,87191800
2018-12-13,24.65999984741211,24.81999969482422,24.280000686645508,24.399999618530273,64860100
2018-12-14,24.18000030517578,24.8700008392334,24.1200008392334,24.479999542236328,92762600
2018-12-17,24.260000228881836,24.93000030517578,24.15999984741211,24.469999313354492,98602800
2018-12-18,24.670000076293945,25.09000015258789,24.309999465942383,24.469999313354492,89046300
2018-12-19,24.450000762939453,25.239999771118164,24.06999969482422,24.18000030517578,121887600
2018-12-20,23.850000381469727,24.43000030517578,23.760000228881836,24.110000610351562,112594000
2018-12-21,23.90999984741211,24.510000228881836,23.260000228881836,23.3700008392334,160800400
2018-12-24,22.760000228881836,23.209999084472656,22.65999984741211,22.729999542236328,64859100
2018-12-26,22.90999984741211,24.18000030517578,22.690000534057617,24.110000610351562,100877800
2018-12-27,23.780000686645508,24.3700008392334,23.389999389648438,24.3700008392334,91575400
2018-12-28,24.59000015258789,24.75,24.260000228881836,24.389999389648438,78693800
2018-12-31,24.56999969482422,24.969999313354492,24.3700008392334,24.639999389648438,56257300
2019-01-02,24.079999923706055,25.139999389648438,24.010000228881836,24.959999084472656,71836300
2019-01-03,24.940000534057617,25.040000915527344,24.450000762939453,24.559999465942383,66599600
2019-01-04,25.100000381469727,25.649999618530273,25.030000686645508,25.579999923706055,83829100
2019-01-07,25.559999465942383,25.780000686645508,25.290000915527344,25.559999465942383,57016300
2019-01-08,25.719999313354492,25.790000915527344,25.09000015258789,25.510000228881836,67339400
2019-01-09,25.670000076293945,25.850000381469727,25.389999389648438,25.760000228881836,69707200
2019-01-10,25.559999465942383,25.780000686645508,25.420000076293945,25.729999542236328,65235800
2019-01-11,25.530000686645508,26.040000915527344,25.459999084472656,26.030000686645508,63476000
2019-01-14,25.770000457763672,26.479999542236328,25.610000610351562,26.3700008392334,76715400
2019-01-15,26.209999084472656,26.809999465942383,26.049999237060547,26.549999237060547,80625500
2019-01-16,28.1299991607666,28.719999313354492,27.860000610351562,28.450000762939453,163131700
2019-01-17,28.34000015258789,29.0,28.09000015258789,28.989999771118164,107428800
2019-01-18,29.020000457763672,29.459999084472656,28.709999084472656,29.299999237060547,97928200
2019-01-22,28.979999542236328,29.299999237060547,28.889999389648438,29.09000015258789,84861400
2019-01-23,29.219999313354492,29.280000686645508,28.6200008392334,28.920000076293945,79425900
2019-01-24,28.75,29.200000762939453,28.739999771118164,29.079999923706055,59492300
2019-01-25,29.280000686645508,29.719999313354492,29.139999389648438,29.579999923706055,72182100
2019-01-28,29.31999969482422,29.670000076293945,29.290000915527344,29.6299991607666,59963800
2019-01-29,29.540000915527344,29.700000762939453,29.34000015258789,29.389999389648438,51451900
2019-01-30,29.420000076293945,29.469999313354492,28.950000762939453,29.06999969482422,66475800
2019-01-31,28.75,28.84000015258789,27.979999542236328,28.469999313354492,100201200
2019-02-01,28.600000381469727,28.84000015258789,28.309999465942383,28.3799991607666,64244100
2019-02-04,28.469999313354492,28.969999313354492,28.420000076293945,28.8799991607666,55195900
2019-02-05,28.850000381469727,28.8799991607666,28.56999969482422,28.780000686645508,46622600
2019-02-06,28.670000076293945,28.899999618530273,28.540000915527344,28.729999542236328,35606900
2019-02-07,28.540000915527344,28.639999389648438,27.899999618530273,28.239999771118164,62289200
2019-02-08,28.149999618530273,28.31999969482422,27.860000610351562,28.290000915527344,50031300
2019-02-11,28.34000015258789,28.459999084472656,28.209999084472656,28.40999984741211,47724400
2019-02-12,28.6200008392334,28.860000610351562,28.579999923706055,28.690000534057617,49178100
2019-02-13,28.8700008392334,28.989999771118164,28.65999984741211,28.700000762939453,48951200
2019-02-14,28.360000610351562,28.6200008392334,28.110000610351562,28.389999389648438,47756600
2019-02-15,28.760000228881836,29.309999465942383,28.670000076293945,29.110000610351562,65867000
2019-02-19,28.93000030517578,29.260000228881836,28.75,29.1299991607666,40841300
2019-02-20,29.100000381469727,29.450000762939453,29.010000228881836,29.40999984741211,42806300
2019-02-21,29.329999923706055,29.450000762939453,29.110000610351562,29.290000915527344,42754100
2019-02-22,29.049999237060547,29.270000457763672,28.959999084472656,29.079999923706055,47887800
2019-02-25,29.1200008392334,29.59000015258789,29.1200008392334,29.270000457763672,61227400
2019-02-26,29.020000457763672,29.6299991607666,28.959999084472656,29.290000915527344,53153200
2019-02-27,29.299999237060547,29.670000076293945,29.209999084472656,29.530000686645508,48128600
2019-02-28,29.5,29.549999237060547,29.010000228881836,29.079999923706055,62358100
2019-03-01,29.329999923706055,29.649999618530273,29.209999084472656,29.309999465942383,45771500
2019-03-04,29.329999923706055,29.540000915527344,28.770000457763672,29.030000686645508,56893200
2019-03-05,29.020000457763672,29.190000534057617,28.700000762939453,29.079999923706055,39932500
2019-03-06,29.010000228881836,29.15999984741211,28.799999237060547,28.84000015258789,41672000
2019-03-07,28.670000076293945,28.719999313354492,28.260000228881836,28.549999237060547,53908600
2019-03-08,28.059999465942383,28.670000076293945,28.010000228881836,28.649999618530273,40860700
2019-03-11,28.700000762939453,29.059999465942383,28.700000762939453,28.940000534057617,40709300
2019-03-12,29.0,29.1200008392334,28.889999389648438,28.940000534057617,34450000
2019-03-13,29.049999237060547,29.510000228881836,28.979999542236328,29.290000915527344,54683300
2019-03-14,29.309999465942383,29.639999389648438,29.239999771118164,29.459999084472656,45219100
2019-03-15,29.440000534057617,29.610000610351562,29.260000228881836,29.299999237060547,82346200
2019-03-18,29.3799991607666,29.959999084472656,29.329999923706055,29.81999969482422,58568600
2019-03-19,30.010000228881836,30.139999389648438,29.540000915527344,29.649999618530273,55455100
2019-03-20,29.6200008392334,29.65999984741211,28.600000381469727,28.639999389648438,81689900
2019-03-21,28.450000762939453,28.600000381469727,28.040000915527344,28.18000030517578,77444400
2019-03-22,27.90999984741211,28.06999969482422,26.709999084472656,27.010000228881836,118851600
2019-03-25,26.90999984741211,27.3799991607666,26.610000610351562,26.84000015258789,65568000
2019-03-26,27.149999618530273,27.350000381469727,26.8799991607666,27.209999084472656,59878500
2019-03-27,27.09000015258789,27.3700008392334,26.950000762939453,27.030000686645508,57621700
2019-03-28,27.200000762939453,27.40999984741211,27.020000457763672,27.329999923706055,45872300
2019-03-29,27.549999237060547,27.68000030517578,27.299999237060547,27.59000015258789,83446300
2019-04-01,27.899999618530273,28.739999771118164,27.850000381469727,28.540000915527344,91751100
2019-04-02,28.469999313354492,28.8700008392334,28.350000381469727,28.8700008392334,66694000
2019-04-03,29.06999969482422,29.239999771118164,28.700000762939453,28.84000015258789,63110600
2019-04-04,28.850000381469727,29.309999465942383,28.84000015258789,29.149999618530273,53712100
2019-04-05,29.31999969482422,29.5,28.979999542236328,29.079999923706055,46383400
2019-04-08,28.889999389648438,29.200000762939453,28.8700008392334,29.170000076293945,35272800
2019-04-09,29.0,29.06999969482422,28.739999771118164,28.889999389648438,40535300
2019-04-10,28.899999618530273,29.149999618530273,28.75,29.06999969482422,42669700
2019-04-11,29.25,29.489999771118164,28.989999771118164,29.06999969482422,50440100
2019-04-12,29.559999465942383,30.219999313354492,29.559999465942383,30.170000076293945,100192000
2019-04-15,30.100000381469727,30.139999389648438,29.65999984741211,29.84000015258789,57438800
2019-04-16,29.299999237060547,30.049999237060547,29.0,29.8799991607666,105168400
2019-04-17,29.829999923706055,30.1200008392334,29.459999084472656,30.030000686645508,94831600
2019-04-18,29.950000762939453,30.15999984741211,29.81999969482422,30.030000686645508,61796600
2019-04-22,29.93000030517578,30.100000381469727,29.780000686645508,30.049999237060547,34763400
2019-04-23,29.989999771118164,30.209999084472656,29.920000076293945,30.06999969482422,41889700
2019-04-24,29.950000762939453,30.170000076293945,29.850000381469727,30.020000457763672,40078100
2019-04-25,29.90999984741211,30.31999969482422,29.899999618530273,30.079999923706055,43243800
2019-04-26,30.170000076293945,30.389999389648438,30.049999237060547,30.350000381469727,40627500
2019-04-29,30.43000030517578,31.170000076293945,30.40999984741211,30.770000457763672,68408600
2019-04-30,30.799999237060547,30.8799991607666,30.40999984741211,30.579999923706055,47764200
2019-05-01,30.559999465942383,30.889999389648438,30.18000030517578,30.260000228881836,56161000
2019-05-02,30.260000228881836,30.559999465942383,30.149999618530273,30.5,40634100
2019-05-03,30.65999984741211,30.799999237060547,30.5,30.709999084472656,35256100
2019-05-06,30.110000610351562,30.610000610351562,30.06999969482422,30.469999313354492,39882000
2019-05-07,30.15999984741211,30.170000076293945,29.6299991607666,29.920000076293945,58528400
2019-05-08,29.729999542236328,30.110000610351562,29.670000076293945,29.799999237060547,39903400
2019-05-09,29.420000076293945,29.780000686645508,29.280000686645508,29.709999084472656,44173500
2019-05-10,29.459999084472656,29.709999084472656,29.190000534057617,29.579999923706055,59649900
2019-05-13,28.959999084472656,29.0,28.049999237060547,28.25,72547000
2019-05-14,28.360000610351562,28.989999771118164,28.209999084472656,28.6200008392334,52216100
2019-05-15,28.100000381469727,28.489999771118164,28.010000228881836,28.290000915527344,51973200
2019-05-16,28.459999084472656,28.829999923706055,28.43000030517578,28.59000015258789,42791500
2019-05-17,28.25,28.639999389648438,28.219999313354492,28.399999618530273,43772500
2019-05-20,28.399999618530273,28.520000457763672,28.239999771118164,28.399999618530273,41717600
2019-05-21,28.56999969482422,28.75,28.450000762939453,28.690000534057617,39258700
2019-05-22,28.510000228881836,28.6299991607666,28.350000381469727,28.489999771118164,29177600
2019-05-23,28.1299991607666,28.200000762939453,27.5,27.760000228881836,59772900
2019-05-24,27.93000030517578,28.260000228881836,27.860000610351562,28.18000030517578,35524400
2019-05-28,28.049999237060547,28.25,27.8799991607666,27.899999618530273,44273400
2019-05-29,27.530000686645508,27.850000381469727,27.3799991607666,27.75,49818900
2019-05-30,27.770000457763672,27.93000030517578,26.979999542236328,27.15999984741211,58649300
2019-05-31,26.5,26.8700008392334,26.479999542236328,26.600000381469727,68304200
2019-06-03,26.59000015258789,26.989999771118164,26.399999618530273,26.68000030517578,50109900
2019-06-04,27.18000030517578,27.950000762939453,27.139999389648438,27.920000076293945,58426400
2019-06-05,27.84000015258789,28.010000228881836,27.459999084472656,27.90999984741211,44874400
2019-06-06,27.760000228881836,28.040000915527344,27.540000915527344,27.8799991607666,38633600
2019-06-07,27.75,27.790000915527344,27.420000076293945,27.530000686645508,51317200
2019-06-10,27.860000610351562,28.469999313354492,27.84000015258789,28.06999969482422,48305800
2019-06-11,28.3799991607666,28.700000762939453,28.139999389648438,28.239999771118164,38691800
2019-06-12,28.200000762939453,28.270000457763672,27.860000610351562,27.950000762939453,33528900
2019-06-13,27.969999313354492,28.15999984741211,27.809999465942383,27.940000534057617,33404200
2019-06-14,27.90999984741211,28.170000076293945,27.780000686645508,28.040000915527344,37322100
2019-06-17,28.010000228881836,28.219999313354492,27.790000915527344,27.93000030517578,33410100
2019-06-18,28.020000457763672,28.799999237060547,27.829999923706055,28.6200008392334,60170700
2019-06-19,28.700000762939453,28.969999313354492,28.299999237060547,28.31999969482422,61953500
2019-06-20,28.59000015258789,28.610000610351562,27.850000381469727,28.270000457763672,60887200
2019-06-21,28.190000534057617,28.549999237060547,28.079999923706055,28.1200008392334,69444000
2019-06-24,28.079999923706055,28.3799991607666,27.889999389648438,27.979999542236328,40046400
2019-06-25,28.020000457763672,28.020000457763672,27.3799991607666,27.760000228881836,46901300
2019-06-26,27.940000534057617,28.18000030517578,27.850000381469727,27.90999984741211,42312300
2019-06-27,28.079999923706055,28.31999969482422,28.059999465942383,28.209999084472656,35575600
2019-06-28,29.010000228881836,29.270000457763672,28.729999542236328,29.0,101856900
2019-07-01,29.479999542236328,29.850000381469727,29.25,29.420000076293945,48029900
2019-07-02,29.34000015258789,29.43000030517578,28.93000030517578,29.149999618530273,32263500
2019-07-03,29.190000534057617,29.239999771118164,28.93000030517578,29.049999237060547,26642300
2019-07-05,29.360000610351562,29.56999969482422,29.149999618530273,29.260000228881836,33092000
2019-07-08,29.010000228881836,29.299999237060547,28.940000534057617,29.200000762939453,30924400
2019-07-09,28.969999313354492,29.420000076293945,28.940000534057617,29.350000381469727,28750100
2019-07-10,29.170000076293945,29.399999618530273,28.959999084472656,29.020000457763672,40574800
2019-07-11,29.100000381469727,29.5,29.030000686645508,29.360000610351562,37376800
2019-07-12,29.440000534057617,29.530000686645508,29.360000610351562,29.450000762939453,29632900
2019-07-15,29.5,29.530000686645508,29.079999923706055,29.219999313354492,46462100
2019-07-16,29.170000076293945,29.200000762939453,28.860000610351562,28.989999771118164,54920400
2019-07-17,29.100000381469727,29.6200008392334,29.0,29.190000534057617,84958300
2019-07-18,29.280000686645508,29.579999923706055,29.18000030517578,29.479999542236328,49468800
2019-07-19,29.540000915527344,29.610000610351562,29.3799991607666,29.399999618530273,44863200
2019-07-22,29.290000915527344,29.610000610351562,29.280000686645508,29.56999969482422,31224300
2019-07-23,29.75,30.280000686645508,29.700000762939453,30.25,64030300
2019-07-24,30.06999969482422,30.75,30.040000915527344,30.670000076293945,53171900
2019-07-25,30.739999771118164,30.889999389648438,30.209999084472656,30.34000015258789,43251900
2019-07-26,30.56999969482422,30.989999771118164,30.420000076293945,30.770000457763672,46978800
2019-07-29,30.719999313354492,30.850000381469727,30.489999771118164,30.520000457763672,39176700
2019-07-30,30.209999084472656,30.899999618530273,30.149999618530273,30.889999389648438,37598300
2019-07-31,30.829999923706055,31.059999465942383,30.59000015258789,30.68000030517578,60607600
2019-08-01,30.549999237060547,31.06999969482422,29.360000610351562,29.489999771118164,76913400
2019-08-02,29.360000610351562,29.5,28.90999984741211,29.3799991607666,57492300
2019-08-05,28.530000686645508,28.639999389648438,27.709999084472656,28.079999923706055,96207700
2019-08-06,28.40999984741211,28.489999771118164,27.690000534057617,28.420000076293945,65115800
2019-08-07,27.610000610351562,27.93000030517578,27.1200008392334,27.889999389648438,75388500
2019-08-08,28.110000610351562,28.489999771118164,28.06999969482422,28.3799991607666,53141900
2019-08-09,28.270000457763672,28.520000457763672,27.969999313354492,28.329999923706055,53499600
2019-08-12,27.829999923706055,27.850000381469727,27.459999084472656,27.639999389648438,55674700
2019-08-13,27.56999969482422,28.25,27.3799991607666,27.719999313354492,69919200
2019-08-14,26.940000534057617,27.079999923706055,26.280000686645508,26.420000076293945,106591700
2019-08-15,26.579999923706055,26.829999923706055,26.209999084472656,26.25,70192000
2019-08-16,26.530000686645508,27.1200008392334,26.440000534057617,27.030000686645508,70841700
2019-08-19,27.639999389648438,27.700000762939453,27.139999389648438,27.270000457763672,44964800
2019-08-20,27.020000457763672,27.059999465942383,26.700000762939453,26.719999313354492,47665000
2019-08-21,26.93000030517578,27.079999923706055,26.790000915527344,26.93000030517578,47785400
2019-08-22,27.09000015258789,27.299999237060547,26.959999084472656,27.190000534057617,49353700
2019-08-23,26.950000762939453,27.219999313354492,26.260000228881836,26.469999313354492,81880700
2019-08-26,26.700000762939453,26.799999237060547,26.489999771118164,26.780000686645508,41499100
2019-08-27,26.860000610351562,26.899999618530273,26.280000686645508,26.469999313354492,52517000
2019-08-28,26.219999313354492,27.079999923706055,26.209999084472656,26.850000381469727,45897900
2019-08-29,27.0,27.450000762939453,26.920000076293945,27.329999923706055,55432900
2019-08-30,27.5,27.690000534057617,27.350000381469727,27.510000228881836,41326200
2019-09-03,27.209999084472656,27.229999542236328,26.610000610351562,27.049999237060547,50743100
2019-09-04,27.31999969482422,27.579999923706055,27.15999984741211,27.489999771118164,40862500
2019-09-05,27.850000381469727,28.43000030517578,27.799999237060547,28.1200008392334,63413700
2019-09-06,28.020000457763672,28.09000015258789,27.56999969482422,27.729999542236328,56054100
2019-09-09,28.0,28.850000381469727,27.969999313354492,28.6299991607666,68629300
2019-09-10,28.889999389648438,29.350000381469727,28.809999465942383,29.350000381469727,71066200
2019-09-11,29.3700008392334,29.469999313354492,28.899999618530273,29.459999084472656,53982200
2019-09-12,29.219999313354492,29.799999237060547,28.90999984741211,29.670000076293945,72943900
2019-09-13,30.0,30.31999969482422,29.8700008392334,30.170000076293945,79657000
2019-09-16,29.68000030517578,30.170000076293945,29.639999389648438,30.1299991607666,43391300
2019-09-17,29.850000381469727,30.020000457763672,29.59000015258789,29.940000534057617,48284900
2019-09-18,29.770000457763672,30.149999618530273,29.549999237060547,30.0,66640400
2019-09-19,30.0,30.100000381469727,29.75,29.81999969482422,43035700
2019-09-20,29.969999313354492,30.1299991607666,29.56999969482422,29.59000015258789,167269000
2019-09-23,29.309999465942383,29.6200008392334,29.170000076293945,29.520000457763672,52048300
2019-09-24,29.600000381469727,29.639999389648438,28.739999771118164,28.940000534057617,64806900
2019-09-25,28.780000686645508,29.40999984741211,28.780000686645508,29.25,45807700
2019-09-26,29.209999084472656,29.329999923706055,29.049999237060547,29.1299991607666,33198100
2019-09-27,29.40999984741211,29.709999084472656,29.209999084472656,29.350000381469727,41336600
2019-09-30,29.489999771118164,29.520000457763672,29.079999923706055,29.170000076293945,39191000
2019-10-01,29.440000534057617,29.510000228881836,28.40999984741211,28.440000534057617,49434400
2019-10-02,28.200000762939453,28.299999237060547,27.809999465942383,27.84000015258789,52293100
2019-10-03,27.760000228881836,27.8799991607666,27.15999984741211,27.809999465942383,53015800
2019-10-04,27.850000381469727,28.399999618530273,27.84000015258789,28.3700008392334,42641800
2019-10-07,28.329999923706055,28.6200008392334,28.18000030517578,28.309999465942383,36742400
2019-10-08,27.8700008392334,27.920000076293945,27.459999084472656,27.6299991607666,58201100
2019-10-09,27.829999923706055,28.06999969482422,27.75,27.889999389648438,37511400
2019-10-10,28.040000915527344,28.75,28.040000915527344,28.450000762939453,48239300
2019-10-11,28.989999771118164,29.34000015258789,28.860000610351562,28.90999984741211,70008600
2019-10-14,28.739999771118164,29.15999984741211,28.729999542236328,29.139999389648438,36040100
2019-10-15,29.34000015258789,30.239999771118164,29.110000610351562,29.729999542236328,78656000
2019-10-16,30.3700008392334,30.719999313354492,30.149999618530273,30.170000076293945,87131700
2019-10-17,30.299999237060547,30.540000915527344,30.0,30.260000228881836,55575900
2019-10-18,30.1299991607666,30.489999771118164,30.100000381469727,30.350000381469727,48872900
2019-10-21,30.670000076293945,31.149999618530273,30.6299991607666,31.020000457763672,61087400
2019-10-22,30.969999313354492,31.3700008392334,30.75,31.200000762939453,58662100
2019-10-23,31.1299991607666,31.440000534057617,31.09000015258789,31.420000076293945,47771200
2019-10-24,31.450000762939453,31.520000457763672,31.200000762939453,31.360000610351562,39491000
2019-10-25,31.360000610351562,31.850000381469727,31.34000015258789,31.719999313354492,43702000
2019-10-28,31.969999313354492,32.22999954223633,31.739999771118164,31.84000015258789,58790300
2019-10-29,31.940000534057617,32.13999938964844,31.809999465942383,32.06999969482422,48266600
2019-10-30,32.0099983215332,32.0099983215332,31.530000686645508,31.6200008392334,45262400
2019-10-31,31.40999984741211,31.6200008392334,30.81999969482422,31.270000457763672,49430900
2019-11-01,31.700000762939453,31.84000015258789,31.3700008392334,31.799999237060547,41985300
2019-11-04,32.2400016784668,32.5,32.099998474121094,32.400001525878906,54228600
2019-11-05,32.5099983215332,33.09000015258789,32.5,32.81999969482422,68785600
2019-11-06,32.7599983215332,33.060001373291016,32.66999816894531,32.790000915527344,47524500
2019-11-07,33.11000061035156,33.599998474121094,33.0099983215332,33.22999954223633,68310700
2019-11-08,33.06999969482422,33.27000045776367,32.93000030517578,33.2599983215332,38724000
2019-11-11,33.029998779296875,33.25,32.970001220703125,33.18000030517578,27784000
2019-11-12,33.130001068115234,33.31999969482422,32.9900016784668,33.09000015258789,37282200
2019-11-13,32.720001220703125,32.88999938964844,32.47999954223633,32.790000915527344,48887800
2019-11-14,32.689998626708984,32.86000061035156,32.4900016784668,32.70000076293945,35554600
2019-11-15,32.91999816894531,32.959999084472656,32.70000076293945,32.93000030517578,36398300
2019-11-18,32.86000061035156,33.029998779296875,32.75,32.959999084472656,31133700
2019-11-19,33.119998931884766,33.150001525878906,32.81999969482422,32.939998626708984,33183700
2019-11-20,32.790000915527344,32.83000183105469,32.41999816894531,32.689998626708984,43612200
2019-11-21,32.779998779296875,33.040000915527344,32.630001068115234,32.84000015258789,42787600
2019-11-22,32.959999084472656,33.31999969482422,32.939998626708984,33.18000030517578,38783900
2019-11-25,33.33000183105469,33.5099983215332,33.2599983215332,33.470001220703125,50238800
2019-11-26,33.380001068115234,33.400001525878906,33.119998931884766,33.349998474121094,50626600
2019-11-27,33.4900016784668,33.599998474121094,33.310001373291016,33.41999816894531,32097700
2019-11-29,33.369998931884766,33.52000045776367,33.2400016784668,33.31999969482422,19503400
2019-12-02,33.45000076293945,33.75,33.34000015258789,33.43000030517578,47158800
2019-12-03,32.869998931884766,32.900001525878906,32.54999923706055,32.84000015258789,58745100
2019-12-04,33.08000183105469,33.29999923706055,32.849998474121094,33.150001525878906,46637900
2019-12-05,33.15999984741211,33.220001220703125,33.0,33.09000015258789,38304500
2019-12-06,33.68000030517578,33.79999923706055,33.56999969482422,33.66999816894531,50908500
2019-12-09,33.5,33.70000076293945,33.439998626708984,33.5099983215332,32974500
2019-12-10,33.400001525878906,33.630001068115234,33.29999923706055,33.529998779296875,41960100
2019-12-11,33.47999954223633,33.7599983215332,33.47999954223633,33.63999938964844,43107800
2019-12-12,33.779998779296875,34.810001373291016,33.68000030517578,34.68000030517578,64942500
2019-12-13,34.689998626708984,34.959999084472656,34.349998474121094,34.439998626708984,48539600
2019-12-16,34.95000076293945,35.09000015258789,34.70000076293945,34.70000076293945,50777100
2019-12-17,34.849998474121094,35.27000045776367,34.7400016784668,35.040000915527344,50840500
2019-12-18,35.11000061035156,35.27000045776367,35.04999923706055,35.11000061035156,48757900
2019-12-19,35.150001525878906,35.22999954223633,34.88999938964844,34.95000076293945,45409500
2019-12-20,35.2400016784668,35.2400016784668,34.90999984741211,34.959999084472656,109395500
2019-12-23,35.040000915527344,35.189998626708984,34.95000076293945,35.16999816894531,33995400
2019-12-24,35.189998626708984,35.279998779296875,35.119998931884766,35.220001220703125,13805400
2019-12-26,35.31999969482422,35.560001373291016,35.290000915527344,35.52000045776367,26992100
2019-12-27,35.70000076293945,35.720001220703125,35.2599983215332,35.349998474121094,28111300
2019-12-30,35.56999969482422,35.650001525878906,35.09000015258789,35.150001525878906,30705100
2019-12-31,35.029998779296875,35.2599983215332,34.970001220703125,35.220001220703125,29630100
2020-01-02,35.349998474121094,35.65999984741211,35.290000915527344,35.63999938964844,37614200
2020-01-03,34.97999954223633,35.150001525878906,34.7599983215332,34.900001525878906,50357900
2020-01-06,34.40999984741211,34.900001525878906,34.369998931884766,34.849998474121094,42185000
2020-01-07,34.70000076293945,34.91999816894531,34.529998779296875,34.619998931884766,34149000
2020-01-08,34.56999969482422,35.189998626708984,34.54999923706055,34.970001220703125,45311600
2020-01-09,35.29999923706055,35.33000183105469,34.939998626708984,35.029998779296875,39861600
2020-01-10,35.0,35.06999969482422,34.65999984741211,34.7400016784668,39730400
2020-01-13,34.84000015258789,35.06999969482422,34.65999984741211,35.060001373291016,37956100
2020-01-14,35.29999923706055,35.66999816894531,35.11000061035156,35.31999969482422,66719300
2020-01-15,34.77000045776367,34.790000915527344,34.34000015258789,34.66999816894531,74745500
2020-01-16,34.900001525878906,34.9900016784668,34.599998474121094,34.720001220703125,50368500
2020-01-17,34.91999816894531,34.95000076293945,34.599998474121094,34.709999084472656,54156100
2020-01-21,34.41999816894531,34.52000045776367,34.220001220703125,34.2599983215332,50811000
2020-01-22,34.369998931884766,34.45000076293945,34.22999954223633,34.36000061035156,38879700
2020-01-23,34.09000015258789,34.2599983215332,33.72999954223633,34.119998931884766,45717100
2020-01-24,34.119998931884766,34.13999938964844,33.27000045776367,33.540000915527344,47797200
2020-01-27,32.56999969482422,33.130001068115234,32.470001220703125,32.849998474121094,57096200
2020-01-28,33.02000045776367,33.4900016784668,32.95000076293945,33.2400016784668,38834600
2020-01-29,33.33000183105469,33.439998626708984,32.97999954223633,33.0099983215332,37414700
2020-01-30,32.70000076293945,33.52000045776367,32.66999816894531,33.47999954223633,50542800
2020-01-31,33.06999969482422,33.16999816894531,32.650001525878906,32.83000183105469,54845300
2020-02-03,33.0,33.400001525878906,32.91999816894531,32.970001220703125,48485500
2020-02-04,33.560001373291016,33.900001525878906,33.529998779296875,33.619998931884766,45061600
2020-02-05,34.099998474121094,34.810001373291016,34.06999969482422,34.709999084472656,54604800
2020-02-06,34.939998626708984,35.0099983215332,34.599998474121094,34.66999816894531,39511500
2020-02-07,34.31999969482422,34.65999984741211,34.2400016784668,34.61000061035156,31263000
2020-02-10,34.439998626708984,34.689998626708984,34.380001068115234,34.689998626708984,24373800
2020-02-11,34.849998474121094,35.040000915527344,34.7599983215332,34.77000045776367,32476300
2020-02-12,35.08000183105469,35.45000076293945,34.779998779296875,34.91999816894531,36656700
2020-02-13,34.7599983215332,35.029998779296875,34.54999923706055,34.90999984741211,31775100
2020-02-14,34.880001068115234,34.959999084472656,34.70000076293945,34.849998474121094,26447700
2020-02-18,34.77000045776367,34.83000183105469,34.0099983215332,34.27000045776367,40318000
2020-02-19,34.45000076293945,34.849998474121094,34.40999984741211,34.720001220703125,29632100
2020-02-20,34.459999084472656,35.08000183105469,34.459999084472656,34.849998474121094,42604100
2020-02-21,34.529998779296875,34.63999938964844,34.13999938964844,34.36000061035156,46675500
2020-02-24,33.18000030517578,33.209999084472656,32.52000045776367,32.72999954223633,79159600
2020-02-25,32.689998626708984,32.7599983215332,30.84000015258789,31.079999923706055,91586800
2020-02-26,31.389999389648438,31.600000381469727,30.559999465942383,30.6299991607666,80012800
2020-02-27,29.549999237060547,30.299999237060547,28.90999984741211,29.1299991607666,121148300
2020-02-28,28.0,28.75,27.700000762939453,28.5,171198800
2020-03-02,28.350000381469727,29.3799991607666,27.440000534057617,29.3700008392334,147776300
2020-03-03,29.3700008392334,29.75,27.6200008392334,27.75,138698500
2020-03-04,28.25,28.420000076293945,27.399999618530273,28.389999389648438,111239800
2020-03-05,27.239999771118164,27.350000381469727,26.399999618530273,26.780000686645508,110878700
2020-03-06,25.469999313354492,26.209999084472656,25.100000381469727,25.709999084472656,119121200
2020-03-09,22.229999542236328,23.489999771118164,21.510000228881836,21.93000030517578,145196000
2020-03-10,23.25,23.68000030517578,21.59000015258789,23.610000610351562,134863600
2020-03-11,22.84000015258789,23.959999084472656,22.260000228881836,22.670000076293945,127347000
2020-03-12,20.59000015258789,22.8700008392334,20.149999618530273,20.510000228881836,139552600
2020-03-13,22.190000534057617,24.25,21.479999542236328,24.15999984741211,128357400
2020-03-16,19.850000381469727,21.729999542236328,19.579999923706055,20.440000534057617,121688800
2020-03-17,21.059999465942383,22.690000534057617,20.030000686645508,21.979999542236328,120065700
2020-03-18,20.270000457763672,20.969999313354492,19.700000762939453,20.790000915527344,148272500
2020-03-19,20.260000228881836,21.75,19.0,21.200000762939453,122461300
2020-03-20,21.760000228881836,21.84000015258789,19.559999465942383,19.670000076293945,150910400
2020-03-23,19.260000228881836,19.670000076293945,17.950000762939453,18.079999923706055,181898500
2020-03-24,19.420000076293945,21.149999618530273,19.010000228881836,21.030000686645508,147882400
2020-03-25,21.709999084472656,22.100000381469727,20.40999984741211,21.100000381469727,146991300
2020-03-26,21.309999465942383,22.950000762939453,21.170000076293945,22.719999313354492,116111400
2020-03-27,21.68000030517578,22.200000762939453,21.100000381469727,21.600000381469727,91522800
2020-03-30,21.649999618530273,22.350000381469727,21.270000457763672,22.040000915527344,80449100
2020-03-31,21.81999969482422,22.489999771118164,20.959999084472656,21.229999542236328,95213700
2020-04-01,19.93000030517578,20.350000381469727,19.510000228881836,19.770000457763672,83961300
2020-04-02,19.649999618530273,20.790000915527344,19.59000015258789,20.56999969482422,70007400
2020-04-03,20.399999618530273,20.739999771118164,19.68000030517578,20.030000686645508,68293500
2020-04-06,21.030000686645508,21.600000381469727,20.809999465942383,21.389999389648438,97766200
2020-04-07,22.799999237060547,22.8799991607666,21.850000381469727,22.139999389648438,94560300
2020-04-08,22.40999984741211,23.600000381469727,22.40999984741211,23.450000762939453,81212300
2020-04-09,24.06999969482422,25.31999969482422,24.049999237060547,24.860000610351562,125275700
2020-04-13,24.780000686645508,24.850000381469727,23.780000686645508,23.920000076293945,83164700
2020-04-14,24.5,24.649999618530273,23.100000381469727,23.729999542236328,88991100
2020-04-15,22.15999984741211,22.649999618530273,21.90999984741211,22.190000534057617,99082200
2020-04-16,22.149999618530273,22.209999084472656,21.09000015258789,21.420000076293945,89213300
2020-04-17,22.34000015258789,23.399999618530273,22.309999465942383,23.280000686645508,92800300
2020-04-20,22.56999969482422,23.1299991607666,22.18000030517578,22.5,74446300
2020-04-21,21.899999618530273,22.3700008392334,21.5,21.639999389648438,78871300
2020-04-22,22.15999984741211,22.229999542236328,21.75,21.799999237060547,49669500
2020-04-23,21.959999084472656,22.389999389648438,21.850000381469727,21.8700008392334,50614800
2020-04-24,22.110000610351562,22.299999237060547,21.670000076293945,22.18000030517578,47633500
2020-04-27,22.520000457763672,23.649999618530273,22.450000762939453,23.469999313354492,66916700
2020-04-28,24.450000762939453,24.809999465942383,23.850000381469727,23.889999389648438,65504900
2020-04-29,24.90999984741211,25.110000610351562,24.510000228881836,24.780000686645508,73493900
2020-04-30,24.209999084472656,24.3799991607666,23.850000381469727,24.049999237060547,55244100
2020-05-01,23.3799991607666,23.459999084472656,22.809999465942383,23.079999923706055,51772600
2020-05-04,22.700000762939453,22.989999771118164,22.43000030517578,22.93000030517578,45886100
2020-05-05,23.479999542236328,23.520000457763672,22.6200008392334,22.65999984741211,45691900
2020-05-06,23.0,23.079999923706055,22.229999542236328,22.350000381469727,53874600
2020-05-07,22.65999984741211,23.3700008392334,22.610000610351562,22.84000015258789,51884300
2020-05-08,23.469999313354492,23.6200008392334,23.25,23.56999969482422,45181000
2020-05-11,23.110000610351562,23.1200008392334,22.559999465942383,22.579999923706055,68951800
2020-05-12,22.709999084472656,22.81999969482422,21.850000381469727,21.8700008392334,69588700
2020-05-13,21.65999984741211,21.75,20.719999313354492,20.8700008392334,112113400
2020-05-14,20.290000915527344,21.790000915527344,20.100000381469727,21.709999084472656,88359100
2020-05-15,21.399999618530273,21.700000762939453,21.229999542236328,21.440000534057617,64484000
2020-05-18,22.420000076293945,23.059999465942383,22.06999969482422,22.93000030517578,86589400
2020-05-19,22.65999984741211,23.0,22.190000534057617,22.209999084472656,62179000
2020-05-20,22.68000030517578,23.0,22.639999389648438,22.90999984741211,59789500
2020-05-21,22.809999465942383,23.270000457763672,22.780000686645508,22.899999618530273,57726000
2020-05-22,22.93000030517578,22.950000762939453,22.459999084472656,22.65999984741211,48107000
2020-05-26,23.75,24.600000381469727,23.700000762939453,24.280000686645508,119485500
2020-05-27,26.06999969482422,26.170000076293945,24.969999313354492,25.979999542236328,117672700
2020-05-28,26.079999923706055,26.139999389648438,24.790000915527344,24.860000610351562,84340800
2020-05-29,24.420000076293945,24.90999984741211,24.059999465942383,24.1200008392334,113811100
2020-06-01,24.280000686645508,24.8700008392334,24.049999237060547,24.610000610351562,58375500
2020-06-02,24.959999084472656,25.389999389648438,24.559999465942383,24.84000015258789,71118100
2020-06-03,25.5,26.139999389648438,25.389999389648438,25.989999771118164,86744600
2020-06-04,25.709999084472656,26.829999923706055,25.56999969482422,26.780000686645508,94545300
2020-06-05,28.950000762939453,29.010000228881836,27.8799991607666,28.110000610351562,118767900
2020-06-08,28.59000015258789,28.899999618530273,28.139999389648438,28.540000915527344,79598500
2020-06-09,27.719999313354492,28.540000915527344,27.549999237060547,28.219999313354492,77773400
2020-06-10,27.969999313354492,28.100000381469727,26.510000228881836,26.600000381469727,90415300
2020-06-11,24.979999542236328,25.690000534057617,23.68000030517578,23.93000030517578,149875500
2020-06-12,25.030000686645508,25.049999237060547,24.040000915527344,24.780000686645508,73729700
2020-06-15,23.760000228881836,25.170000076293945,23.690000534057617,25.149999618530273,76538900
2020-06-16,26.18000030517578,26.239999771118164,24.860000610351562,25.799999237060547,96796500
2020-06-17,25.899999618530273,25.899999618530273,24.920000076293945,25.0,58349500
2020-06-18,24.700000762939453,25.489999771118164,24.579999923706055,25.040000915527344,53419000
2020-06-19,25.440000534057617,25.489999771118164,24.489999771118164,25.25,127563600
2020-06-22,24.889999389648438,25.030000686645508,24.610000610351562,24.6200008392334,55484300
2020-06-23,25.010000228881836,25.40999984741211,24.760000228881836,24.790000915527344,46108300
2020-06-24,24.540000915527344,24.540000915527344,23.68000030517578,23.809999465942383,75437100
2020-06-25,23.700000762939453,24.770000457763672,23.549999237060547,24.719999313354492,65031900
2020-06-26,24.09000015258789,24.110000610351562,23.020000457763672,23.149999618530273,118139200
2020-06-29,23.40999984741211,23.84000015258789,23.100000381469727,23.389999389648438,66269200
2020-06-30,23.200000762939453,23.90999984741211,23.100000381469727,23.75,61716200
2020-07-01,24.030000686645508,24.06999969482422,23.229999542236328,23.260000228881836,57379900
2020-07-02,23.84000015258789,23.989999771118164,23.219999313354492,23.290000915527344,56000200
2020-07-06,23.81999969482422,24.079999923706055,23.459999084472656,23.65999984741211,59589000
2020-07-07,23.3799991607666,23.389999389648438,22.899999618530273,23.010000228881836,60645800
2020-07-08,23.030000686645508,23.190000534057617,22.700000762939453,23.100000381469727,52922600
2020-07-09,22.940000534057617,23.15999984741211,22.389999389648438,22.770000457763672,79385900
2020-07-10,22.709999084472656,24.049999237060547,22.68000030517578,24.020000457763672,81142900
2020-07-13,24.3700008392334,24.510000228881836,23.860000610351562,24.190000534057617,73598100
2020-07-14,23.889999389648438,24.149999618530273,23.450000762939453,24.139999389648438,67423100
2020-07-15,24.760000228881836,24.8700008392334,24.280000686645508,24.600000381469727,57384400
2020-07-16,23.75,24.219999313354492,23.540000915527344,23.93000030517578,78067100
2020-07-17,23.8799991607666,23.979999542236328,23.200000762939453,23.219999313354492,66659100
2020-07-20,23.190000534057617,23.700000762939453,23.110000610351562,23.579999923706055,61114000
2020-07-21,23.709999084472656,24.479999542236328,23.690000534057617,24.420000076293945,75499300
2020-07-22,24.239999771118164,24.329999923706055,23.969999313354492,24.309999465942383,52193700
2020-07-23,24.520000457763672,24.639999389648438,24.110000610351562,24.540000915527344,61047600
2020-07-24,24.559999465942383,24.829999923706055,24.270000457763672,24.350000381469727,50217600
2020-07-27,24.219999313354492,24.270000457763672,23.8799991607666,24.139999389648438,54721300
2020-07-28,24.1299991607666,24.559999465942383,24.079999923706055,24.360000610351562,48406500
2020-07-29,24.360000610351562,25.290000915527344,24.190000534057617,25.270000457763672,71393500
2020-07-30,24.719999313354492,24.950000762939453,24.350000381469727,24.84000015258789,61755900
2020-07-31,24.93000030517578,24.950000762939453,24.459999084472656,24.8799991607666,61955800
2020-08-03,25.030000686645508,25.309999465942383,24.690000534057617,24.989999771118164,58284000
2020-08-04,24.959999084472656,25.059999465942383,24.860000610351562,25.010000228881836,37985300
2020-08-05,25.31999969482422,25.59000015258789,25.25,25.389999389648438,51322600
2020-08-06,25.450000762939453,25.670000076293945,25.280000686645508,25.469999313354492,51999700
2020-08-07,25.34000015258789,26.190000534057617,25.260000228881836,26.110000610351562,63354500
2020-08-10,26.309999465942383,26.809999465942383,26.209999084472656,26.559999465942383,64051100
2020-08-11,27.280000686645508,27.75,26.780000686645508,26.920000076293945,81441000
2020-08-12,27.479999542236328,27.56999969482422,26.40999984741211,26.729999542236328,61971300
2020-08-13,26.489999771118164,26.670000076293945,26.139999389648438,26.350000381469727,55955500
2020-08-14,26.059999465942383,26.65999984741211,25.920000076293945,26.469999313354492,50931900
2020-08-17,26.309999465942383,26.40999984741211,25.84000015258789,25.899999618530273,57518700
2020-08-18,25.8700008392334,25.989999771118164,25.459999084472656,25.530000686645508,45850100
2020-08-19,25.65999984741211,26.079999923706055,25.389999389648438,25.5,59856000
2020-08-20,25.15999984741211,25.329999923706055,25.020000457763672,25.100000381469727,49403700
2020-08-21,24.979999542236328,25.43000030517578,24.899999618530273,24.979999542236328,55010700
2020-08-24,25.219999313354492,25.700000762939453,25.040000915527344,25.690000534057617,54579500
2020-08-25,26.040000915527344,26.190000534057617,25.729999542236328,26.0,57304700
2020-08-26,25.940000534057617,25.940000534057617,25.540000915527344,25.559999465942383,39478000
2020-08-27,25.489999771118164,26.219999313354492,25.440000534057617,26.049999237060547,52934800
2020-08-28,26.399999618530273,26.469999313354492,25.989999771118164,26.299999237060547,46466400
2020-08-31,26.09000015258789,26.139999389648438,25.690000534057617,25.739999771118164,49416200
2020-09-01,25.579999923706055,25.899999618530273,25.399999618530273,25.709999084472656,46109200
2020-09-02,25.530000686645508,26.15999984741211,25.489999771118164,26.020000457763672,57300900
2020-09-03,26.200000762939453,26.6200008392334,25.459999084472656,25.65999984741211,86192500
2020-09-04,26.260000228881836,26.760000228881836,25.799999237060547,26.540000915527344,99621400
2020-09-08,26.139999389648438,26.31999969482422,25.389999389648438,25.479999542236328,74978600
2020-09-09,25.639999389648438,25.719999313354492,25.229999542236328,25.510000228881836,53822700
2020-09-10,25.700000762939453,25.889999389648438,25.079999923706055,25.139999389648438,56609600
2020-09-11,25.219999313354492,25.579999923706055,25.09000015258789,25.5,47708300
2020-09-14,25.670000076293945,25.989999771118164,25.540000915527344,25.75,47802400
2020-09-15,25.770000457763672,25.829999923706055,25.190000534057617,25.280000686645508,63820200
2020-09-16,25.280000686645508,25.90999984741211,25.049999237060547,25.600000381469727,64598600
2020-09-17,25.1299991607666,25.479999542236328,25.100000381469727,25.350000381469727,48862000
2020-09-18,25.149999618530273,25.579999923706055,25.100000381469727,25.209999084472656,94055800
2020-09-21,24.56999969482422,24.780000686645508,24.030000686645508,24.469999313354492,75218600
2020-09-22,24.270000457763672,24.600000381469727,23.809999465942383,23.940000534057617,68665300
2020-09-23,24.100000381469727,24.260000228881836,23.260000228881836,23.260000228881836,59950300
2020-09-24,23.3799991607666,23.81999969482422,22.950000762939453,23.34000015258789,53570700
2020-09-25,23.280000686645508,23.549999237060547,23.1299991607666,23.489999771118164,42111300
2020-09-28,23.8799991607666,24.309999465942383,23.790000915527344,24.09000015258789,47996900
2020-09-29,23.979999542236328,23.989999771118164,23.530000686645508,23.770000457763672,45695200
2020-09-30,23.780000686645508,24.31999969482422,23.770000457763672,24.09000015258789,56226100
2020-10-01,24.270000457763672,24.40999984741211,23.860000610351562,24.100000381469727,44782200
2020-10-02,23.639999389648438,24.43000030517578,23.56999969482422,24.209999084472656,51682100
2020-10-05,24.520000457763672,24.709999084472656,24.3799991607666,24.6200008392334,44396800
2020-10-06,24.920000076293945,25.190000534057617,24.280000686645508,24.3700008392334,67541100
2020-10-07,24.6299991607666,25.110000610351562,24.600000381469727,24.8799991607666,47648000
2020-10-08,24.950000762939453,25.299999237060547,24.809999465942383,25.239999771118164,52080600
2020-10-09,25.34000015258789,25.489999771118164,25.040000915527344,25.360000610351562,44511500
2020-10-12,25.299999237060547,25.829999923706055,25.239999771118164,25.68000030517578,48362900
2020-10-13,25.639999389648438,25.68000030517578,24.84000015258789,24.950000762939453,61186900
2020-10-14,24.350000381469727,24.59000015258789,23.59000015258789,23.6200008392334,127409500
2020-10-15,23.59000015258789,24.200000762939453,23.479999542236328,24.149999618530273,66832400
2020-10-16,24.200000762939453,24.350000381469727,23.940000534057617,24.239999771118164,58357700
2020-10-19,24.299999237060547,24.31999969482422,23.690000534057617,23.719999313354492,51377900
2020-10-20,23.889999389648438,24.479999542236328,23.8799991607666,24.139999389648438,62476400
2020-10-21,24.219999313354492,24.34000015258789,24.010000228881836,24.049999237060547,41564900
2020-10-22,24.049999237060547,24.90999984741211,24.0,24.8700008392334,55402000
2020-10-23,25.239999771118164,25.260000228881836,24.709999084472656,24.899999618530273,51007400
2020-10-26,24.469999313354492,24.579999923706055,24.149999618530273,24.540000915527344,59450200
2020-10-27,24.290000915527344,24.389999389648438,23.809999465942383,23.850000381469727,55009300
2020-10-28,23.40999984741211,23.65999984741211,23.1200008392334,23.469999313354492,81942500
2020-10-29,23.360000610351562,23.75,23.1200008392334,23.540000915527344,57490400
2020-10-30,23.489999771118164,23.84000015258789,23.239999771118164,23.700000762939453,66453400
2020-11-02,23.889999389648438,24.260000228881836,23.469999313354492,24.079999923706055,59756400
2020-11-03,24.579999923706055,24.940000534057617,24.510000228881836,24.690000534057617,65106200
2020-11-04,23.889999389648438,24.139999389648438,23.270000457763672,23.68000030517578,88845500
2020-11-05,23.899999618530273,24.790000915527344,23.860000610351562,24.610000610351562,74722600
2020-11-06,24.93000030517578,24.959999084472656,24.229999542236328,24.309999465942383,55454500
2020-11-09,26.600000381469727,28.270000457763672,26.299999237060547,27.760000228881836,178378800
2020-11-10,27.489999771118164,27.760000228881836,27.18000030517578,27.65999984741211,77694600
2020-11-11,27.75,27.770000457763672,27.1200008392334,27.34000015258789,48360900
2020-11-12,26.84000015258789,26.899999618530273,26.309999465942383,26.690000534057617,67912600
2020-11-13,26.8799991607666,27.209999084472656,26.760000228881836,27.0,52421000
2020-11-16,27.860000610351562,28.0,27.18000030517578,27.579999923706055,57396700
2020-11-17,27.25,27.600000381469727,27.010000228881836,27.549999237060547,46402300
2020-11-18,27.6299991607666,27.93000030517578,26.959999084472656,26.979999542236328,54416700
2020-11-19,26.93000030517578,27.010000228881836,26.649999618530273,26.979999542236328,46423000
2020-11-20,26.739999771118164,26.950000762939453,26.6299991607666,26.809999465942383,40538000
2020-11-23,27.110000610351562,27.520000457763672,27.059999465942383,27.389999389648438,45421200
2020-11-24,27.93000030517578,28.989999771118164,27.920000076293945,28.979999542236328,80387800
2020-11-25,28.709999084472656,29.040000915527344,28.479999542236328,29.030000686645508,57249900
2020-11-27,28.969999313354492,29.100000381469727,28.809999465942383,28.989999771118164,25971600
2020-11-30,28.719999313354492,28.860000610351562,28.100000381469727,28.15999984741211,63567900
2020-12-01,28.739999771118164,29.040000915527344,28.670000076293945,28.690000534057617,50255100
2020-12-02,28.690000534057617,29.18000030517578,28.530000686645508,29.059999465942383,45257500
2020-12-03,28.940000534057617,29.100000381469727,28.6299991607666,28.90999984741211,54013700
2020-12-04,29.200000762939453,29.43000030517578,29.0,29.290000915527344,66188200
2020-12-07,28.899999618530273,29.149999618530273,28.690000534057617,29.09000015258789,42197800
2020-12-08,28.860000610351562,29.149999618530273,28.770000457763672,28.93000030517578,33869100
2020-12-09,29.25,29.25,28.75,28.799999237060547,54886300
2020-12-10,28.6299991607666,29.1299991607666,28.469999313354492,29.110000610351562,58859600
2020-12-11,28.68000030517578,28.75,28.299999237060547,28.56999969482422,40538400
2020-12-14,28.920000076293945,28.959999084472656,28.139999389648438,28.219999313354492,40267100
2020-12-15,28.350000381469727,28.81999969482422,28.25,28.639999389648438,43672700
2020-12-16,28.799999237060547,28.81999969482422,28.440000534057617,28.719999313354492,42463200
2020-12-17,28.709999084472656,28.920000076293945,28.530000686645508,28.829999923706055,43182700
2020-12-18,28.889999389648438,29.100000381469727,28.56999969482422,28.670000076293945,82817200
2020-12-21,29.100000381469727,29.989999771118164,28.729999542236328,29.739999771118164,93397400
2020-12-22,29.780000686645508,29.780000686645508,29.170000076293945,29.209999084472656,39054300
2020-12-23,29.389999389648438,30.350000381469727,29.329999923706055,30.049999237060547,52537200
2020-12-24,30.270000457763672,30.270000457763672,29.739999771118164,29.959999084472656,22632300
2020-12-28,30.229999542236328,30.549999237060547,29.989999771118164,30.1299991607666,32861200
2020-12-29,30.170000076293945,30.25,29.93000030517578,30.010000228881836,33291900
2020-12-30,30.0,30.219999313354492,29.940000534057617,29.979999542236328,26370100
2020-12-31,30.010000228881836,30.389999389648438,29.899999618530273,30.309999465942383,28716000
2021-01-04,30.459999084472656,30.56999969482422,29.75,30.030000686645508,51483900
2021-01-05,30.170000076293945,30.540000915527344,29.90999984741211,30.260000228881836,48507000
2021-01-06,31.899999618530273,32.619998931884766,31.360000610351562,32.150001525878906,107002800
2021-01-07,33.310001373291016,33.619998931884766,32.84000015258789,32.86000061035156,74358500
2021-01-08,32.91999816894531,33.0,32.11000061035156,32.529998779296875,44641400
2021-01-11,32.09000015258789,33.130001068115234,31.899999618530273,33.06999969482422,51868200
2021-01-12,33.41999816894531,33.970001220703125,33.20000076293945,33.65999984741211,68166200
2021-01-13,33.43000030517578,33.68000030517578,33.09000015258789,33.459999084472656,43172800
2021-01-14,33.47999954223633,34.369998931884766,33.41999816894531,33.9900016784668,48483500
2021-01-15,33.290000915527344,33.630001068115234,32.70000076293945,33.0099983215332,57684300
2021-01-19,32.5,33.599998474121094,32.20000076293945,32.77000045776367,78130200
2021-01-20,32.7599983215332,32.790000915527344,32.15999984741211,32.34000015258789,53920000
2021-01-21,32.34000015258789,32.47999954223633,31.729999542236328,31.770000457763672,49626600
2021-01-22,31.360000610351562,31.75,31.25,31.549999237060547,45314500
2021-01-25,31.270000457763672,31.299999237060547,30.56999969482422,31.15999984741211,48078400
2021-01-26,31.399999618530273,31.43000030517578,30.90999984741211,30.940000534057617,36373000
2021-01-27,30.309999465942383,30.43000030517578,29.670000076293945,29.829999923706055,63809200
2021-01-28,30.420000076293945,30.75,29.920000076293945,30.31999969482422,51223300
2021-01-29,30.399999618530273,30.5,29.59000015258789,29.649999618530273,64019100
2021-02-01,29.8700008392334,30.040000915527344,29.56999969482422,29.959999084472656,40985300
2021-02-02,30.579999923706055,31.200000762939453,30.540000915527344,31.030000686645508,53527000
2021-02-03,30.90999984741211,31.729999542236328,30.8799991607666,31.579999923706055,49404900
2021-02-04,31.799999237060547,32.529998779296875,31.780000686645508,32.5,51751900
2021-02-05,32.88999938964844,32.90999984741211,32.31999969482422,32.369998931884766,42008800
2021-02-08,32.43000030517578,33.279998779296875,32.400001525878906,33.09000015258789,46014100
2021-02-09,32.970001220703125,33.02000045776367,32.59000015258789,32.95000076293945,35868600
2021-02-10,33.119998931884766,33.41999816894531,32.86000061035156,32.97999954223633,45031900
2021-02-11,32.970001220703125,33.310001373291016,32.54999923706055,32.880001068115234,29479900
2021-02-12,33.0,33.45000076293945,32.90999984741211,33.369998931884766,37468300
2021-02-16,33.97999954223633,34.560001373291016,33.70000076293945,34.27000045776367,52802600
2021-02-17,34.040000915527344,34.560001373291016,33.790000915527344,34.40999984741211,45455300
2021-02-18,34.060001373291016,34.650001525878906,34.02000045776367,34.189998626708984,37541700
2021-02-19,34.20000076293945,34.72999954223633,34.18000030517578,34.540000915527344,54514100
2021-02-22,34.45000076293945,35.25,34.40999984741211,35.150001525878906,56783400
2021-02-23,35.41999816894531,35.88999938964844,35.13999938964844,35.52000045776367,67440700
2021-02-24,35.7400016784668,36.52000045776367,35.599998474121094,36.380001068115234,58139500
2021-02-25,36.959999084472656,37.029998779296875,35.7599983215332,35.93000030517578,74762000
2021-02-26,35.72999954223633,36.029998779296875,34.68000030517578,34.709999084472656,70933300
2021-03-01,35.52000045776367,36.04999923706055,35.2400016784668,35.790000915527344,45901700
2021-03-02,35.650001525878906,35.939998626708984,35.5,35.529998779296875,41167400
2021-03-03,35.970001220703125,36.970001220703125,35.84000015258789,36.41999816894531,66047000
2021-03-04,36.13999938964844,36.869998931884766,35.91999816894531,36.5,96512800
2021-03-05,37.029998779296875,37.599998474121094,36.16999816894531,36.93000030517578,74292300
2021-03-08,37.380001068115234,37.72999954223633,36.81999969482422,37.130001068115234,65335500
2021-03-09,36.54999923706055,37.15999984741211,35.810001373291016,36.31999969482422,63946000
2021-03-10,36.540000915527344,37.529998779296875,36.369998931884766,37.369998931884766,53365600
2021-03-11,37.27000045776367,37.790000915527344,36.849998474121094,37.2400016784668,45834000
2021-03-12,37.91999816894531,38.18000030517578,37.58000183105469,37.939998626708984,46069600
2021-03-15,38.029998779296875,38.06999969482422,37.220001220703125,37.75,50131600
2021-03-16,37.41999816894531,37.720001220703125,36.970001220703125,37.63999938964844,50300400
2021-03-17,38.0,38.36000061035156,37.33000183105469,37.95000076293945,63796000
2021-03-18,38.5099983215332,39.970001220703125,38.41999816894531,38.939998626708984,95439700
2021-03-19,38.290000915527344,38.91999816894531,37.529998779296875,38.529998779296875,106252700
2021-03-22,38.08000183105469,38.380001068115234,37.400001525878906,37.65999984741211,54701300
2021-03-23,37.36000061035156,37.81999969482422,36.779998779296875,36.900001525878906,49838000
2021-03-24,37.209999084472656,37.790000915527344,36.88999938964844,36.900001525878906,43896800
2021-03-25,36.869998931884766,37.75,36.630001068115234,37.65999984741211,47517900
2021-03-26,38.349998474121094,38.7599983215332,38.08000183105469,38.68000030517578,66846000
2021-03-29,38.04999923706055,38.630001068115234,37.86000061035156,38.310001373291016,45680000
2021-03-30,38.630001068115234,39.459999084472656,38.630001068115234,38.9900016784668,56705900
2021-03-31,38.619998931884766,38.9900016784668,38.459999084472656,38.689998626708984,49270000
2021-04-01,38.83000183105469,39.52000045776367,38.720001220703125,39.4900016784668,65587000
2021-04-05,40.0,40.279998779296875,39.599998474121094,39.79999923706055,50328500
2021-04-06,39.529998779296875,40.150001525878906,39.459999084472656,39.689998626708984,42590100
2021-04-07,39.77000045776367,40.150001525878906,39.59000015258789,40.04999923706055,43136400
2021-04-08,39.79999923706055,39.849998474121094,39.220001220703125,39.70000076293945,45285900
2021-04-09,39.90999984741211,40.18000030517578,39.5099983215332,39.9900016784668,45872900
2021-04-12,39.9900016784668,40.380001068115234,39.849998474121094,40.060001373291016,45544600
2021-04-13,39.810001373291016,39.81999969482422,39.20000076293945,39.31999969482422,46770400
2021-04-14,38.97999954223633,40.33000183105469,38.91999816894531,39.880001068115234,52023800
2021-04-15,39.72999954223633,39.84000015258789,38.04999923706055,38.7400016784668,118128900
2021-04-16,39.310001373291016,39.41999816894531,38.90999984741211,39.150001525878906,60633400
2021-04-19,39.38999938964844,39.43000030517578,39.029998779296875,39.16999816894531,42321100
2021-04-20,39.0,39.0,37.88999938964844,38.08000183105469,50834100
2021-04-21,37.75,38.779998779296875,37.40999984741211,38.720001220703125,37851800
2021-04-22,38.75,38.77000045776367,38.16999816894531,38.36000061035156,48093400
2021-04-23,38.31999969482422,39.34000015258789,38.220001220703125,39.18000030517578,48674100
2021-04-26,39.349998474121094,39.849998474121094,39.279998779296875,39.40999984741211,34699800
2021-04-27,39.66999816894531,39.91999816894531,39.5099983215332,39.880001068115234,34304800
2021-04-28,39.93000030517578,40.220001220703125,39.880001068115234,40.029998779296875,34084400
2021-04-29,40.54999923706055,41.130001068115234,40.459999084472656,41.11000061035156,44008700
2021-04-30,40.84000015258789,40.900001525878906,40.470001220703125,40.529998779296875,39203400
2021-05-03,40.869998931884766,41.04999923706055,40.41999816894531,40.560001373291016,41940500
2021-05-04,40.2400016784668,41.08000183105469,39.779998779296875,41.0,53880000
2021-05-05,41.20000076293945,41.560001373291016,40.7599983215332,41.38999938964844,37471100
2021-05-06,41.47999954223633,42.060001373291016,41.2400016784668,42.0099983215332,39044400
2021-05-07,41.130001068115234,42.25,41.11000061035156,42.18000030517578,39249200
2021-05-10,42.5,42.939998626708984,42.029998779296875,42.04999923706055,41271500
2021-05-11,41.54999923706055,42.34000015258789,41.34000015258789,41.56999969482422,42964700
2021-05-12,42.380001068115234,42.560001373291016,41.040000915527344,41.18000030517578,47533000
2021-05-13,40.86000061035156,42.09000015258789,40.779998779296875,41.84000015258789,42026100
2021-05-14,42.060001373291016,42.47999954223633,41.91999816894531,42.36000061035156,30932600
2021-05-17,42.2400016784668,42.849998474121094,42.15999984741211,42.7400016784668,32656400
2021-05-18,42.70000076293945,42.95000076293945,42.13999938964844,42.15999984741211,37880300
2021-05-19,41.650001525878906,42.0,41.310001373291016,41.970001220703125,42672800
2021-05-20,41.900001525878906,42.130001068115234,41.459999084472656,41.869998931884766,36871100
2021-05-21,42.02000045776367,42.599998474121094,41.88999938964844,42.400001525878906,40243800
2021-05-24,42.58000183105469,42.779998779296875,42.25,42.630001068115234,31390800
2021-05-25,42.689998626708984,43.2599983215332,41.93000030517578,42.0099983215332,52657700
2021-05-26,42.02000045776367,42.25,41.65999984741211,42.040000915527344,41332800
2021-05-27,42.47999954223633,42.849998474121094,42.119998931884766,42.54999923706055,52981100
2021-05-28,42.65999984741211,42.709999084472656,42.04999923706055,42.38999938964844,38509700
2021-06-01,42.95000076293945,43.279998779296875,42.77000045776367,42.91999816894531,42890700
2021-06-02,43.099998474121094,43.16999816894531,42.599998474121094,42.939998626708984,34180500
2021-06-03,42.77000045776367,43.4900016784668,42.68000030517578,43.25,46981200
2021-06-04,43.2400016784668,43.38999938964844,42.83000183105469,43.27000045776367,37192600
2021-06-07,43.27000045776367,43.38999938964844,43.060001373291016,43.119998931884766,28401900
2021-06-08,42.86000061035156,43.2400016784668,42.43000030517578,42.880001068115234,41871400
2021-06-09,42.470001220703125,42.72999954223633,42.11000061035156,42.31999969482422,42366300
2021-06-10,42.7599983215332,42.959999084472656,41.619998931884766,41.689998626708984,40123600
2021-06-11,41.810001373291016,41.88999938964844,41.5099983215332,41.86000061035156,31203600
2021-06-14,41.849998474121094,41.90999984741211,41.060001373291016,41.36000061035156,36050700
2021-06-15,41.279998779296875,41.560001373291016,40.900001525878906,41.38999938964844,39247900
2021-06-16,41.279998779296875,41.9900016784668,40.66999816894531,41.619998931884766,63859100
2021-06-17,42.02000045776367,42.099998474121094,39.720001220703125,39.79999923706055,80728200
2021-06-18,39.0099983215332,39.29999923706055,38.4900016784668,38.779998779296875,102774200
2021-06-21,39.119998931884766,39.779998779296875,39.029998779296875,39.75,48119400
2021-06-22,39.880001068115234,40.2599983215332,39.279998779296875,39.970001220703125,44113200
2021-06-23,40.15999984741211,40.41999816894531,40.06999969482422,40.20000076293945,32039900
2021-06-24,40.439998626708984,41.0099983215332,40.18000030517578,40.83000183105469,37161800
2021-06-25,41.27000045776367,41.83000183105469,40.84000015258789,41.619998931884766,53178800
2021-06-28,41.459999084472656,41.58000183105469,41.099998474121094,41.560001373291016,34416500
2021-06-29,41.630001068115234,41.95000076293945,40.75,40.88999938964844,38519600
2021-06-30,40.7599983215332,41.36000061035156,40.720001220703125,41.22999954223633,29159800
2021-07-01,41.560001373291016,41.70000076293945,41.209999084472656,41.540000915527344,28045100
2021-07-02,41.369998931884766,41.470001220703125,41.099998474121094,41.150001525878906,28980800
2021-07-06,40.810001373291016,40.880001068115234,39.869998931884766,40.06999969482422,47578700
2021-07-07,39.56999969482422,40.0,39.36000061035156,39.75,43499900
2021-07-08,38.619998931884766,39.2400016784668,38.47999954223633,38.779998779296875,52793100
2021-07-09,39.650001525878906,40.2400016784668,39.400001525878906,40.040000915527344,43887200
2021-07-12,39.790000915527344,40.810001373291016,39.63999938964844,40.630001068115234,42624500
2021-07-13,40.47999954223633,40.47999954223633,39.58000183105469,39.86000061035156,54338100
2021-07-14,39.11000061035156,39.54999923706055,37.790000915527344,38.86000061035156,105651700
2021-07-15,38.38999938964844,39.33000183105469,38.31999969482422,38.83000183105469,54697300
2021-07-16,39.220001220703125,39.290000915527344,37.59000015258789,37.91999816894531,60469700
2021-07-19,36.75,37.25,36.5099983215332,36.93000030517578,83251500
2021-07-20,36.86000061035156,38.119998931884766,36.61000061035156,37.689998626708984,59462900
2021-07-21,38.04999923706055,38.77000045776367,37.97999954223633,38.459999084472656,49907400
2021-07-22,38.36000061035156,38.400001525878906,37.68000030517578,37.959999084472656,52715600
2021-07-23,38.20000076293945,38.27000045776367,37.560001373291016,37.70000076293945,48659400
2021-07-26,37.65999984741211,38.2400016784668,37.65999984741211,38.130001068115234,32258000
2021-07-27,37.720001220703125,38.2400016784668,37.459999084472656,37.97999954223633,39121400
2021-07-28,38.189998626708984,38.5,37.75,38.130001068115234,43331100
2021-07-29,38.54999923706055,38.97999954223633,38.369998931884766,38.68000030517578,43039100
2021-07-30,38.5099983215332,38.83000183105469,38.04999923706055,38.36000061035156,46210100
2021-08-02,38.400001525878906,38.95000076293945,37.90999984741211,37.959999084472656,49894000
2021-08-03,38.060001373291016,38.630001068115234,37.54999923706055,38.54999923706055,39680600
2021-08-04,38.029998779296875,38.77000045776367,37.86000061035156,38.27000045776367,42289800
2021-08-05,38.56999969482422,39.060001373291016,38.54999923706055,39.02000045776367,34754500
2021-08-06,39.470001220703125,40.40999984741211,39.470001220703125,40.150001525878906,58022300
2021-08-09,40.04999923706055,40.959999084472656,39.79999923706055,40.66999816894531,56340100
2021-08-10,40.709999084472656,41.619998931884766,40.58000183105469,41.43000030517578,44987300
2021-08-11,41.599998474121094,42.189998626708984,41.47999954223633,41.95000076293945,58458200
2021-08-12,42.22999954223633,42.290000915527344,41.77000045776367,42.150001525878906,37400100
2021-08-13,42.09000015258789,42.22999954223633,41.43000030517578,41.630001068115234,41344900
2021-08-16,41.15999984741211,41.29999923706055,40.61000061035156,41.290000915527344,38599100
2021-08-17,41.04999923706055,41.56999969482422,40.619998931884766,41.09000015258789,43526900
2021-08-18,40.77000045776367,41.529998779296875,40.65999984741211,40.790000915527344,50342500
2021-08-19,40.119998931884766,40.66999816894531,40.0099983215332,40.189998626708984,51883900
2021-08-20,40.09000015258789,40.470001220703125,39.90999984741211,40.369998931884766,40415000
2021-08-23,40.630001068115234,41.099998474121094,40.599998474121094,40.90999984741211,35364500
2021-08-24,41.099998474121094,41.68000030517578,41.040000915527344,41.47999954223633,35579300
2021-08-25,41.65999984741211,42.45000076293945,41.540000915527344,42.150001525878906,51219900
2021-08-26,42.5,42.84000015258789,42.02000045776367,42.040000915527344,41184500
2021-08-27,42.119998931884766,42.650001525878906,41.939998626708984,42.4900016784668,46468600
2021-08-30,42.630001068115234,42.630001068115234,41.630001068115234,41.65999984741211,44855600
2021-08-31,41.66999816894531,42.06999969482422,41.36000061035156,41.75,54654600
2021-09-01,41.75,41.779998779296875,41.029998779296875,41.189998626708984,52361900
2021-09-02,41.11000061035156,41.4900016784668,40.63999938964844,41.02000045776367,44538900
2021-09-03,41.02000045776367,41.189998626708984,40.68000030517578,41.04999923706055,41812400
2021-09-07,41.25,41.849998474121094,41.18000030517578,41.31999969482422,43748600
2021-09-08,41.08000183105469,41.4900016784668,40.68000030517578,40.779998779296875,36064400
2021-09-09,40.65999984741211,41.349998474121094,40.560001373291016,40.93000030517578,36266400
2021-09-10,41.220001220703125,41.349998474121094,40.2400016784668,40.27000045776367,40514700
2021-09-13,40.599998474121094,40.959999084472656,40.349998474121094,40.939998626708984,42036300
2021-09-14,41.130001068115234,41.310001373291016,39.65999984741211,39.84000015258789,53820400
2021-09-15,39.72999954223633,40.34000015258789,39.66999816894531,40.13999938964844,52358200
2021-09-16,40.47999954223633,40.810001373291016,40.20000076293945,40.45000076293945,42922000
2021-09-17,40.34000015258789,40.66999816894531,40.08000183105469,40.5,92746000
2021-09-20,39.380001068115234,39.459999084472656,38.36000061035156,39.11000061035156,67566200
2021-09-21,39.27000045776367,39.599998474121094,38.939998626708984,39.130001068115234,38271100
2021-09-22,39.75,40.52000045776367,39.75,40.13999938964844,46261400
2021-09-23,40.7599983215332,41.880001068115234,40.650001525878906,41.689998626708984,49779800
2021-09-24,41.720001220703125,42.34000015258789,41.650001525878906,42.13999938964844,39042300
2021-09-27,42.68000030517578,43.43000030517578,42.63999938964844,43.2599983215332,49755400
2021-09-28,43.43000030517578,44.040000915527344,43.060001373291016,43.15999984741211,60781200
2021-09-29,43.18000030517578,43.31999969482422,42.7400016784668,43.06999969482422,44260200
2021-09-30,43.349998474121094,43.349998474121094,42.22999954223633,42.45000076293945,47410800
2021-10-01,42.47999954223633,43.43000030517578,42.38999938964844,43.08000183105469,40987100
2021-10-04,43.11000061035156,44.06999969482422,43.06999969482422,43.34000015258789,48273400
2021-10-05,43.77000045776367,44.75,43.66999816894531,44.220001220703125,54070700
2021-10-06,43.849998474121094,44.290000915527344,43.54999923706055,44.2400016784668,47031700
2021-10-07,44.790000915527344,44.869998931884766,44.029998779296875,44.119998931884766,46258800
2021-10-08,44.06999969482422,44.810001373291016,43.91999816894531,44.34000015258789,39389400
2021-10-11,44.599998474121094,44.810001373291016,43.75,43.779998779296875,36283500
2021-10-12,43.66999816894531,44.0,43.27000045776367,43.540000915527344,36898300
2021-10-13,43.54999923706055,43.63999938964844,42.33000183105469,43.13999938964844,43908000
2021-10-14,44.369998931884766,45.099998474121094,43.47999954223633,45.06999969482422,82201000
2021-10-15,45.77000045776367,46.66999816894531,45.36000061035156,46.369998931884766,64264900
2021-10-18,46.290000915527344,46.88999938964844,46.029998779296875,46.279998779296875,49542500
2021-10-19,46.5,46.630001068115234,46.20000076293945,46.47999954223633,32515500
2021-10-20,46.4900016784668,47.2400016784668,46.04999923706055,47.09000015258789,40411000
2021-10-21,47.099998474121094,47.47999954223633,46.61000061035156,46.83000183105469,36848600
2021-10-22,46.9900016784668,47.619998931884766,46.9900016784668,47.56999969482422,36225600
2021-10-25,47.79999923706055,47.97999954223633,47.20000076293945,47.5099983215332,31679500
2021-10-26,47.65999984741211,48.43000030517578,47.439998626708984,47.959999084472656,35674800
2021-10-27,47.47999954223633,48.16999816894531,47.029998779296875,47.040000915527344,45790800
2021-10-28,47.59000015258789,48.0,47.29999923706055,47.779998779296875,37209600
2021-10-29,47.75,48.130001068115234,47.52000045776367,47.779998779296875,31756200
2021-11-01,48.099998474121094,48.16999816894531,47.279998779296875,47.849998474121094,36937200
2021-11-02,47.56999969482422,48.41999816894531,47.349998474121094,47.880001068115234,36283400
2021-11-03,47.79999923706055,48.689998626708984,47.61000061035156,48.369998931884766,42553000
2021-11-04,48.150001525878906,48.150001525878906,46.880001068115234,47.33000183105469,47646300
2021-11-05,47.599998474121094,47.81999969482422,46.81999969482422,46.970001220703125,38271200
2021-11-08,47.349998474121094,47.79999923706055,47.25,47.34000015258789,33815500
2021-11-09,46.650001525878906,47.36000061035156,46.40999984741211,46.880001068115234,36900300
2021-11-10,46.75,47.52000045776367,46.650001525878906,47.22999954223633,39385600
2021-11-11,47.310001373291016,47.88999938964844,47.0099983215332,47.4900016784668,31194800
2021-11-12,47.5099983215332,47.529998779296875,46.7599983215332,46.90999984741211,44268500
2021-11-15,47.2599983215332,47.38999938964844,46.900001525878906,47.04999923706055,35335500
2021-11-16,47.18000030517578,47.279998779296875,46.689998626708984,47.08000183105469,35120800
2021-11-17,47.08000183105469,47.20000076293945,46.45000076293945,46.5099983215332,32963700
2021-11-18,46.709999084472656,46.810001373291016,46.209999084472656,46.31999969482422,30639000
2021-11-19,45.70000076293945,45.77000045776367,44.83000183105469,45.400001525878906,48429500
2021-11-22,46.720001220703125,46.869998931884766,45.90999984741211,46.279998779296875,53697100
2021-11-23,46.869998931884766,47.650001525878906,46.66999816894531,47.5,49362900
2021-11-24,47.41999816894531,47.97999954223633,47.209999084472656,47.630001068115234,40060000
2021-11-26,45.52000045776367,46.040000915527344,44.75,45.7599983215332,55110100
2021-11-29,46.41999816894531,46.70000076293945,45.16999816894531,45.59000015258789,50231100
2021-11-30,44.7599983215332,45.220001220703125,44.36000061035156,44.470001220703125,77193600
2021-12-01,45.220001220703125,45.70000076293945,43.810001373291016,43.84000015258789,60601600
2021-12-02,44.33000183105469,45.5,44.0,44.88999938964844,57821400
2021-12-03,45.0,45.06999969482422,43.599998474121094,43.869998931884766,74605300
2021-12-06,44.560001373291016,44.880001068115234,43.959999084472656,44.150001525878906,48193100
2021-12-07,44.560001373291016,44.90999984741211,44.43000030517578,44.709999084472656,40740800
2021-12-08,44.68000030517578,44.79999923706055,44.09000015258789,44.15999984741211,50560300
2021-12-09,43.90999984741211,44.72999954223633,43.650001525878906,44.4900016784668,37316700
2021-12-10,44.709999084472656,44.83000183105469,44.06999969482422,44.52000045776367,37700200
2021-12-13,44.27000045776367,44.400001525878906,43.38999938964844,43.58000183105469,38653900
2021-12-14,43.59000015258789,44.81999969482422,43.529998779296875,44.130001068115234,47099400
2021-12-15,44.369998931884766,44.45000076293945,43.619998931884766,43.939998626708984,60057100
2021-12-16,44.70000076293945,45.36000061035156,44.09000015258789,45.0,69487200
2021-12-17,44.5,44.70000076293945,43.619998931884766,43.880001068115234,124242400
2021-12-20,43.27000045776367,43.36000061035156,42.70000076293945,43.15999984741211,56455200
2021-12-21,43.540000915527344,44.47999954223633,43.540000915527344,44.189998626708984,47845600
2021-12-22,44.08000183105469,44.58000183105469,43.880001068115234,44.279998779296875,35715700
2021-12-23,44.68000030517578,45.06999969482422,44.400001525878906,44.41999816894531,34053500
2021-12-27,44.54999923706055,44.81999969482422,44.310001373291016,44.63999938964844,33879200
2021-12-28,44.470001220703125,45.08000183105469,44.41999816894531,44.70000076293945,32492400
2021-12-29,44.849998474121094,45.119998931884766,44.599998474121094,44.630001068115234,25294900
2021-12-30,44.75,45.099998474121094,44.47999954223633,44.529998779296875,23852200
2021-12-31,44.52000045776367,44.720001220703125,44.279998779296875,44.4900016784668,24253900
2022-01-03,45.09000015258789,46.4900016784668,44.97999954223633,46.18000030517578,58587900
2022-01-04,47.060001373291016,48.43000030517578,47.040000915527344,47.9900016784668,74606700
2022-01-05,48.13999938964844,48.369998931884766,47.15999984741211,47.18000030517578,57791600
2022-01-06,47.97999954223633,48.15999984741211,47.189998626708984,48.130001068115234,52040900
2022-01-07,48.150001525878906,49.310001373291016,48.060001373291016,49.18000030517578,59082600
2022-01-10,49.90999984741211,50.08000183105469,48.34000015258789,48.93000030517578,66839500
2022-01-11,48.9900016784668,49.25,48.63999938964844,49.209999084472656,40454400
2022-01-12,49.16999816894531,49.380001068115234,48.68000030517578,48.86000061035156,41378000
2022-01-13,48.91999816894531,49.4900016784668,48.630001068115234,48.7599983215332,46337500
2022-01-14,47.52000045776367,48.22999954223633,47.189998626708984,47.90999984741211,72953300
2022-01-18,47.849998474121094,47.91999816894531,46.04999923706055,46.2599983215332,65877400
2022-01-19,48.38999938964844,48.58000183105469,46.349998474121094,46.439998626708984,84451800
2022-01-20,46.689998626708984,47.04999923706055,45.65999984741211,45.75,46265300
2022-01-21,45.56999969482422,46.02000045776367,44.65999984741211,44.91999816894531,71303600
2022-01-24,43.900001525878906,44.689998626708984,42.59000015258789,44.54999923706055,90672700
2022-01-25,44.290000915527344,45.56999969482422,43.83000183105469,45.43000030517578,73555300
2022-01-26,45.779998779296875,46.459999084472656,45.2599983215332,45.900001525878906,63735800
2022-01-27,46.369998931884766,46.75,45.09000015258789,45.470001220703125,63402400
2022-01-28,45.33000183105469,45.88999938964844,44.45000076293945,45.869998931884766,51048300
2022-01-31,45.52000045776367,46.27000045776367,45.220001220703125,46.13999938964844,44793700
2022-02-01,46.209999084472656,47.099998474121094,45.900001525878906,46.939998626708984,40326600
2022-02-02,46.720001220703125,46.959999084472656,46.29999923706055,46.88999938964844,41125600
2022-02-03,47.220001220703125,47.290000915527344,46.349998474121094,46.43000030517578,35879900
2022-02-04,47.08000183105469,48.689998626708984,46.68000030517578,48.279998779296875,60297100
2022-02-07,48.560001373291016,48.7599983215332,47.9900016784668,48.5099983215332,44824800
2022-02-08,49.150001525878906,50.02000045776367,48.939998626708984,49.380001068115234,49560500
2022-02-09,49.220001220703125,49.790000915527344,49.029998779296875,49.279998779296875,33861100
2022-02-10,49.68000030517578,50.11000061035156,48.7599983215332,49.04999923706055,47082800
2022-02-11,48.630001068115234,49.439998626708984,47.5,47.91999816894531,61056000
2022-02-14,48.02000045776367,48.189998626708984,46.939998626708984,47.41999816894531,44791900
2022-02-15,48.0,48.369998931884766,47.56999969482422,47.790000915527344,42397600
2022-02-16,47.439998626708984,48.2400016784668,47.310001373291016,47.68000030517578,36664600
2022-02-17,47.0,47.290000915527344,45.95000076293945,46.06999969482422,49442400
2022-02-18,46.06999969482422,46.540000915527344,45.720001220703125,45.959999084472656,37856500
2022-02-22,45.16999816894531,45.97999954223633,45.040000915527344,45.560001373291016,51905600
2022-02-23,45.95000076293945,46.11000061035156,44.56999969482422,44.779998779296875,45704900
2022-02-24,43.0,43.68000030517578,42.04999923706055,43.599998474121094,80484800
2022-02-25,43.810001373291016,45.349998474121094,43.630001068115234,45.02000045776367,68530700
2022-02-28,43.720001220703125,44.2599983215332,43.439998626708984,44.20000076293945,69955300
2022-03-01,43.709999084472656,43.7400016784668,41.93000030517578,42.470001220703125,74895600
2022-03-02,42.7400016784668,43.540000915527344,42.619998931884766,43.15999984741211,70834600
2022-03-03,43.09000015258789,43.5,42.209999084472656,42.4900016784668,48733800
2022-03-04,41.43000030517578,41.439998626708984,40.31999969482422,40.95000076293945,75572800
2022-03-07,39.93000030517578,40.11000061035156,38.209999084472656,38.34000015258789,109779000
2022-03-08,39.06999969482422,39.65999984741211,38.16999816894531,38.59000015258789,76553800
2022-03-09,40.310001373291016,41.61000061035156,40.15999984741211,41.040000915527344,78207900
2022-03-10,40.290000915527344,41.47999954223633,40.11000061035156,40.66999816894531,48804400
2022-03-11,41.040000915527344,41.380001068115234,40.290000915527344,40.33000183105469,43946600
2022-03-14,40.900001525878906,42.18000030517578,40.900001525878906,41.20000076293945,54262400
2022-03-15,41.2599983215332,41.779998779296875,40.869998931884766,41.5,41395300
2022-03-16,42.2400016784668,43.04999923706055,41.91999816894531,42.79999923706055,59477600
2022-03-17,42.40999984741211,43.040000915527344,41.83000183105469,43.029998779296875,50260200
2022-03-18,42.7599983215332,42.93000030517578,42.2599983215332,42.900001525878906,74470600
2022-03-21,43.349998474121094,43.43000030517578,42.5099983215332,42.84000015258789,47106400
2022-03-22,43.81999969482422,44.630001068115234,43.70000076293945,44.18000030517578,52360600
2022-03-23,43.720001220703125,44.0099983215332,43.029998779296875,43.09000015258789,48539300
2022-03-24,43.380001068115234,43.43000030517578,42.88999938964844,43.06999969482422,30360800
2022-03-25,43.47999954223633,44.2599983215332,43.33000183105469,43.72999954223633,38968100
2022-03-28,43.709999084472656,43.75,42.83000183105469,43.54999923706055,37428600
2022-03-29,44.25,44.38999938964844,43.11000061035156,43.439998626708984,46355800
2022-03-30,43.439998626708984,43.650001525878906,42.75,43.0,36601800
2022-03-31,42.84000015258789,42.88999938964844,41.20000076293945,41.220001220703125,67902500
2022-04-01,41.689998626708984,41.7400016784668,40.349998474121094,40.900001525878906,61929200
2022-04-04,40.47999954223633,41.13999938964844,40.15999984741211,40.83000183105469,53761700
2022-04-05,40.439998626708984,40.7599983215332,40.040000915527344,40.13999938964844,51781700
2022-04-06,39.7400016784668,40.0099983215332,39.349998474121094,39.70000076293945,54159800
2022-04-07,39.88999938964844,39.97999954223633,38.849998474121094,39.38999938964844,54585000
2022-04-08,39.4900016784668,40.099998474121094,39.31999969482422,39.66999816894531,41018900
2022-04-11,39.47999954223633,40.400001525878906,39.38999938964844,39.59000015258789,34198700
2022-04-12,39.56999969482422,40.08000183105469,38.849998474121094,39.16999816894531,42855300
2022-04-13,38.5,39.0099983215332,38.36000061035156,38.81999969482422,45484200
2022-04-14,38.4900016784668,38.970001220703125,37.41999816894531,37.56999969482422,79032000
2022-04-18,37.41999816894531,39.310001373291016,37.220001220703125,38.849998474121094,80080300
2022-04-19,39.209999084472656,39.880001068115234,39.11000061035156,39.56999969482422,53714200
2022-04-20,40.150001525878906,40.369998931884766,39.61000061035156,39.65999984741211,47064300
2022-04-21,40.0,40.209999084472656,38.619998931884766,38.90999984741211,46245900
2022-04-22,38.810001373291016,38.849998474121094,37.5,37.560001373291016,50409800
2022-04-25,36.88999938964844,37.400001525878906,35.93000030517578,37.290000915527344,64301100
2022-04-26,36.880001068115234,37.540000915527344,36.41999816894531,36.45000076293945,44809900
2022-04-27,36.27000045776367,36.90999984741211,36.16999816894531,36.25,39824900
2022-04-28,36.72999954223633,36.95000076293945,36.15999984741211,36.810001373291016,39567800
2022-04-29,36.75,37.130001068115234,35.540000915527344,35.68000030517578,47385200
2022-05-02,36.029998779296875,36.279998779296875,35.400001525878906,36.13999938964844,46652200
2022-05-03,36.34000015258789,37.630001068115234,36.33000183105469,37.130001068115234,48926000
2022-05-04,37.369998931884766,38.75,37.279998779296875,38.619998931884766,57860300
2022-05-05,38.04999923706055,38.209999084472656,36.869998931884766,37.540000915527344,48860600
2022-05-06,37.369998931884766,37.619998931884766,36.61000061035156,37.45000076293945,50440100
2022-05-09,36.869998931884766,37.060001373291016,36.060001373291016,36.369998931884766,51242000
2022-05-10,36.75,37.130001068115234,35.18000030517578,35.7599983215332,60235300
2022-05-11,35.900001525878906,36.91999816894531,35.5099983215332,35.56999969482422,54969300
2022-05-12,35.0099983215332,35.43000030517578,34.2599983215332,35.06999969482422,61231500
2022-05-13,35.529998779296875,35.72999954223633,34.7599983215332,35.16999816894531,49117900
2022-05-16,35.0,35.16999816894531,34.40999984741211,34.810001373291016,39076500
2022-05-17,35.619998931884766,36.220001220703125,35.43000030517578,35.9900016784668,42635600
2022-05-18,35.619998931884766,35.689998626708984,34.599998474121094,34.880001068115234,47396900
2022-05-19,34.290000915527344,34.84000015258789,34.25,34.45000076293945,47002700
2022-05-20,34.79999923706055,34.97999954223633,32.959999084472656,33.86000061035156,62406500
2022-05-23,34.7599983215332,36.2599983215332,34.65999984741211,35.869998931884766,69081900
2022-05-24,35.470001220703125,35.959999084472656,34.959999084472656,35.650001525878906,46146700
2022-05-25,35.5,36.27000045776367,35.290000915527344,35.84000015258789,49343400
2022-05-26,36.5,36.84000015258789,36.34000015258789,36.66999816894531,60201200
2022-05-27,36.88999938964844,37.04999923706055,36.58000183105469,37.02000045776367,43365600
2022-05-31,36.81999969482422,37.529998779296875,36.61000061035156,37.20000076293945,71609200
2022-06-01,37.459999084472656,37.470001220703125,36.16999816894531,36.66999816894531,35237900
2022-06-02,36.40999984741211,36.709999084472656,36.06999969482422,36.70000076293945,35341900
2022-06-03,36.47999954223633,36.68000030517578,36.130001068115234,36.189998626708984,25235200
2022-06-06,36.70000076293945,37.209999084472656,36.099998474121094,36.150001525878906,40394000
2022-06-07,35.900001525878906,36.40999984741211,35.7400016784668,36.349998474121094,29152200
2022-06-08,35.91999816894531,36.11000061035156,35.52000045776367,35.88999938964844,33590600
2022-06-09,35.7400016784668,35.84000015258789,34.5,34.5099983215332,49419000
2022-06-10,33.68000030517578,34.040000915527344,33.02000045776367,33.16999816894531,49318200
2022-06-13,32.38999938964844,32.77000045776367,31.739999771118164,32.02000045776367,61216600
2022-06-14,31.920000076293945,32.599998474121094,31.229999542236328,31.459999084472656,49349800
2022-06-15,31.979999542236328,32.4900016784668,31.420000076293945,32.04999923706055,51540100
2022-06-16,31.5,32.0,30.860000610351562,31.850000381469727,61363400
2022-06-17,32.029998779296875,32.58000183105469,31.639999389648438,31.920000076293945,80470300
2022-06-21,32.88999938964844,33.290000915527344,32.619998931884766,32.849998474121094,53537200
2022-06-22,32.38999938964844,32.939998626708984,32.31999969482422,32.599998474121094,38305600
2022-06-23,32.380001068115234,32.40999984741211,31.260000228881836,32.08000183105469,44091500
2022-06-24,31.25,32.77000045776367,31.229999542236328,32.310001373291016,79504700
2022-06-27,32.41999816894531,32.599998474121094,31.90999984741211,32.349998474121094,47900300
2022-06-28,32.83000183105469,33.5,32.189998626708984,32.2599983215332,49863800
2022-06-29,32.22999954223633,32.439998626708984,31.65999984741211,31.860000610351562,35149700
2022-06-30,31.170000076293945,31.549999237060547,30.639999389648438,31.1299991607666,46312300
2022-07-01,30.979999542236328,31.670000076293945,30.6299991607666,31.559999465942383,40236100
2022-07-05,30.799999237060547,31.239999771118164,30.450000762939453,31.239999771118164,47411800
2022-07-06,31.010000228881836,31.25,30.639999389648438,30.979999542236328,35933700
2022-07-07,31.5,32.0099983215332,31.469999313354492,31.860000610351562,40137900
2022-07-08,32.0099983215332,32.25,31.559999465942383,31.790000915527344,31153800
2022-07-11,31.549999237060547,31.790000915527344,31.290000915527344,31.459999084472656,29311900
2022-07-12,31.020000457763672,32.029998779296875,30.979999542236328,31.360000610351562,39527000
2022-07-13,31.06999969482422,31.149999618530273,30.399999618530273,30.84000015258789,44153700
2022-07-14,30.09000015258789,30.219999313354492,29.670000076293945,30.1299991607666,51707800
2022-07-15,30.649999618530273,32.630001068115234,30.610000610351562,32.25,77801700
2022-07-18,33.08000183105469,33.380001068115234,32.099998474121094,32.2599983215332,56382900
2022-07-19,32.900001525878906,33.619998931884766,32.68000030517578,33.349998474121094,46874900
2022-07-20,33.18000030517578,33.45000076293945,32.95000076293945,33.36000061035156,35514900
2022-07-21,33.09000015258789,33.66999816894531,32.95000076293945,33.650001525878906,31244000
2022-07-22,33.599998474121094,33.939998626708984,33.09000015258789,33.43000030517578,27115400
2022-07-25,33.779998779296875,33.97999954223633,33.439998626708984,33.72999954223633,30381000
2022-07-26,33.40999984741211,33.779998779296875,32.959999084472656,33.04999923706055,30645700
2022-07-27,33.2400016784668,33.77000045776367,32.95000076293945,33.59000015258789,30344800
2022-07-28,33.5,33.75,32.900001525878906,33.31999969482422,40176500
2022-07-29,33.470001220703125,33.939998626708984,33.349998474121094,33.810001373291016,48152500
2022-08-01,33.619998931884766,33.88999938964844,33.220001220703125,33.709999084472656,32336700
2022-08-02,33.599998474121094,33.720001220703125,33.0,33.040000915527344,37884100
2022-08-03,33.41999816894531,33.75,33.16999816894531,33.63999938964844,30065800
2022-08-04,33.52000045776367,33.66999816894531,33.16999816894531,33.400001525878906,28404500
2022-08-05,33.279998779296875,34.33000183105469,33.2400016784668,33.959999084472656,35874500
2022-08-08,34.16999816894531,34.290000915527344,33.45000076293945,33.4900016784668,33454300
2022-08-09,33.650001525878906,33.959999084472656,33.40999984741211,33.91999816894531,40196900
2022-08-10,34.5,35.43000030517578,34.45000076293945,35.06999969482422,61415800
2022-08-11,35.77000045776367,36.060001373291016,35.650001525878906,35.90999984741211,50420800
2022-08-12,36.15999984741211,36.310001373291016,35.689998626708984,36.29999923706055,31821700
2022-08-15,35.84000015258789,36.29999923706055,35.66999816894531,36.25,24908000
2022-08-16,36.189998626708984,36.939998626708984,36.099998474121094,36.63999938964844,31870200
2022-08-17,36.20000076293945,36.59000015258789,36.08000183105469,36.40999984741211,27125600
2022-08-18,36.25,36.400001525878906,36.0,36.279998779296875,23138300
2022-08-19,35.959999084472656,36.029998779296875,35.310001373291016,35.47999954223633,36485400
2022-08-22,34.75,34.81999969482422,34.45000076293945,34.720001220703125,31210300
2022-08-23,34.66999816894531,34.970001220703125,34.36000061035156,34.40999984741211,26588000
2022-08-24,34.25,34.79999923706055,34.04999923706055,34.52000045776367,31389400
2022-08-25,34.599998474121094,35.279998779296875,34.45000076293945,35.13999938964844,40576700
2022-08-26,35.439998626708984,35.47999954223633,34.02000045776367,34.029998779296875,36152600
2022-08-29,33.86000061035156,34.150001525878906,33.61000061035156,33.900001525878906,34931000
2022-08-30,34.18000030517578,34.279998779296875,33.540000915527344,34.09000015258789,48194900
2022-08-31,34.13999938964844,34.369998931884766,33.599998474121094,33.61000061035156,44917600
2022-09-01,33.34000015258789,33.4900016784668,32.65999984741211,33.470001220703125,32848900
2022-09-02,33.93000030517578,34.47999954223633,33.27000045776367,33.43000030517578,44000800
2022-09-06,33.63999938964844,33.72999954223633,32.61000061035156,33.060001373291016,40762400
2022-09-07,32.810001373291016,33.66999816894531,32.630001068115234,33.56999969482422,40742600
2022-09-08,33.459999084472656,34.72999954223633,33.27000045776367,34.650001525878906,44361800
2022-09-09,34.97999954223633,35.25,34.84000015258789,34.939998626708984,37295100
2022-09-12,35.20000076293945,35.630001068115234,35.029998779296875,35.27000045776367,30534000
2022-09-13,34.58000183105469,34.720001220703125,33.810001373291016,34.0,40959600
2022-09-14,34.20000076293945,34.41999816894531,33.540000915527344,33.869998931884766,32004400
2022-09-15,33.790000915527344,34.900001525878906,33.70000076293945,34.5099983215332,44863300
2022-09-16,34.189998626708984,34.22999954223633,33.65999984741211,34.119998931884766,54281800
2022-09-19,33.720001220703125,34.869998931884766,33.630001068115234,34.689998626708984,29782000
2022-09-20,34.5,34.779998779296875,33.880001068115234,34.16999816894531,33591100
2022-09-21,34.310001373291016,34.400001525878906,33.119998931884766,33.150001525878906,51667800
2022-09-22,33.310001373291016,33.41999816894531,32.38999938964844,32.5,47527500
2022-09-23,31.93000030517578,32.09000015258789,31.209999084472656,31.729999542236328,55316100
2022-09-26,31.31999969482422,31.81999969482422,30.68000030517578,31.030000686645508,40360200
2022-09-27,31.270000457763672,31.3700008392334,30.299999237060547,30.56999969482422,43396600
2022-09-28,30.530000686645508,31.309999465942383,30.389999389648438,31.06999969482422,38372900
2022-09-29,30.690000534057617,30.899999618530273,30.209999084472656,30.65999984741211,35220900
2022-09-30,30.760000228881836,31.190000534057617,30.170000076293945,30.200000762939453,42294100
2022-10-03,30.59000015258789,31.280000686645508,30.200000762939453,31.09000015258789,34591700
2022-10-04,31.719999313354492,32.52000045776367,31.65999984741211,32.380001068115234,39758700
2022-10-05,31.540000915527344,32.029998779296875,31.450000762939453,31.920000076293945,35791100
2022-10-06,31.600000381469727,31.8799991607666,31.360000610351562,31.459999084472656,40891900
2022-10-07,31.170000076293945,31.239999771118164,30.530000686645508,30.75,52304600
2022-10-10,30.899999618530273,31.049999237060547,30.350000381469727,30.65999984741211,37669100
2022-10-11,30.3700008392334,30.469999313354492,29.56999969482422,29.770000457763672,58124000
2022-10-12,29.639999389648438,30.309999465942383,29.479999542236328,29.860000610351562,36137900
2022-10-13,29.40999984741211,31.770000457763672,29.309999465942383,31.690000534057617,67671000
2022-10-14,31.809999465942383,32.630001068115234,31.56999969482422,31.700000762939453,58108500
2022-10-17,33.36000061035156,33.869998931884766,32.869998931884766,33.619998931884766,88896800
2022-10-18,34.97999954223633,35.36000061035156,34.279998779296875,34.880001068115234,81937900
2022-10-19,34.58000183105469,34.83000183105469,33.77000045776367,33.91999816894531,43139900
2022-10-20,33.97999954223633,34.630001068115234,33.59000015258789,33.70000076293945,39549100
2022-10-21,33.560001373291016,35.040000915527344,33.560001373291016,34.95000076293945,54870300
2022-10-24,35.11000061035156,35.2599983215332,34.709999084472656,35.06999969482422,33765600
2022-10-25,34.7400016784668,35.58000183105469,34.529998779296875,35.38999938964844,37132300
2022-10-26,35.41999816894531,36.09000015258789,35.349998474121094,35.70000076293945,41104600
2022-10-27,36.150001525878906,36.369998931884766,35.77000045776367,35.869998931884766,35261900
2022-10-28,36.040000915527344,36.29999923706055,35.63999938964844,36.18000030517578,31659100
2022-10-31,36.0,36.33000183105469,35.810001373291016,36.040000915527344,32565500
2022-11-01,36.439998626708984,36.7599983215332,36.11000061035156,36.20000076293945,29913200
2022-11-02,36.06999969482422,37.279998779296875,35.95000076293945,36.09000015258789,57380600
2022-11-03,35.70000076293945,36.13999938964844,35.40999984741211,35.88999938964844,30046500
2022-11-04,36.5,37.0,36.220001220703125,36.790000915527344,39369400
2022-11-07,37.0099983215332,37.34000015258789,36.72999954223633,37.0099983215332,37533700
2022-11-08,37.09000015258789,37.41999816894531,36.75,37.11000061035156,32664300
2022-11-09,36.880001068115234,36.959999084472656,36.38999938964844,36.52000045776367,30164400
2022-11-10,37.29999923706055,38.220001220703125,37.13999938964844,38.130001068115234,45702800
2022-11-11,38.189998626708984,38.599998474121094,37.970001220703125,38.40999984741211,35688700
2022-11-14,38.09000015258789,38.2599983215332,37.75,37.7599983215332,35541400
2022-11-15,38.189998626708984,38.29999923706055,37.29999923706055,37.70000076293945,46082800
2022-11-16,37.61000061035156,37.7400016784668,37.20000076293945,37.36000061035156,23813000
2022-11-17,36.880001068115234,37.20000076293945,36.560001373291016,37.16999816894531,23689700
2022-11-18,37.790000915527344,37.849998474121094,36.91999816894531,37.189998626708984,32041800
2022-11-21,37.09000015258789,37.52000045776367,37.060001373291016,37.310001373291016,27935700
2022-11-22,37.59000015258789,37.79999923706055,37.43000030517578,37.4900016784668,23499300
2022-11-23,37.4900016784668,37.65999984741211,37.369998931884766,37.61000061035156,18934700
2022-11-25,37.720001220703125,37.869998931884766,37.560001373291016,37.70000076293945,16118500
2022-11-28,37.400001525878906,37.65999984741211,36.83000183105469,36.86000061035156,35428300
2022-11-29,36.97999954223633,37.150001525878906,36.720001220703125,37.0,27048800
2022-11-30,36.900001525878906,37.849998474121094,36.20000076293945,37.849998474121094,51747900
2022-12-01,37.5,37.689998626708984,36.400001525878906,36.54999923706055,46213200
2022-12-02,36.060001373291016,36.290000915527344,35.810001373291016,36.08000183105469,42295300
2022-12-05,35.810001373291016,35.88999938964844,34.13999938964844,34.470001220703125,71386600
2022-12-06,34.56999969482422,34.68000030517578,32.40999984741211,33.0,84085700
2022-12-07,32.59000015258789,32.91999816894531,32.349998474121094,32.7400016784668,49234100
2022-12-08,32.970001220703125,32.9900016784668,32.18000030517578,32.439998626708984,45491100
2022-12-09,32.11000061035156,32.599998474121094,32.08000183105469,32.380001068115234,36985500
2022-12-12,32.310001373291016,32.779998779296875,32.060001373291016,32.72999954223633,41060500
2022-12-13,33.54999923706055,33.66999816894531,32.56999969482422,32.75,54804800
2022-12-14,32.79999923706055,33.0,32.15999984741211,32.279998779296875,48819500
2022-12-15,31.75,31.989999771118164,31.489999771118164,31.770000457763672,49027600
2022-12-16,31.6200008392334,31.93000030517578,31.350000381469727,31.700000762939453,61795200
2022-12-19,31.760000228881836,32.22999954223633,31.729999542236328,32.060001373291016,38374100
2022-12-20,32.400001525878906,32.58000183105469,32.13999938964844,32.189998626708984,35561100
2022-12-21,32.52000045776367,32.869998931884766,32.40999984741211,32.68000030517578,32544000
2022-12-22,32.52000045776367,32.58000183105469,31.8700008392334,32.38999938964844,30234400
2022-12-23,32.400001525878906,32.58000183105469,32.189998626708984,32.470001220703125,21378600
2022-12-27,32.5,32.66999816894531,32.279998779296875,32.529998779296875,22776100
2022-12-28,32.56999969482422,32.970001220703125,32.529998779296875,32.77000045776367,30541000
2022-12-29,32.88999938964844,33.15999984741211,32.75,33.13999938964844,22252900
2022-12-30,33.099998474121094,33.29999923706055,32.86000061035156,33.119998931884766,28198900
2023-01-03,33.22999954223633,34.09000015258789,33.209999084472656,33.5099983215332,35221500
2023-01-04,33.900001525878906,34.81999969482422,33.83000183105469,34.13999938964844,41998500
2023-01-05,33.91999816894531,34.13999938964844,33.58000183105469,34.06999969482422,34177000
2023-01-06,34.09000015258789,34.58000183105469,33.540000915527344,34.40999984741211,34068700
2023-01-09,34.75,34.7599983215332,33.709999084472656,33.88999938964844,43818800
2023-01-10,33.7400016784668,34.27000045776367,33.63999938964844,34.119998931884766,35096000
2023-01-11,34.119998931884766,34.439998626708984,34.0,34.380001068115234,36783700
2023-01-12,34.599998474121094,34.869998931884766,34.36000061035156,34.470001220703125,44230400
2023-01-13,34.20000076293945,35.38999938964844,33.09000015258789,35.22999954223633,89667800
2023-01-17,34.689998626708984,34.83000183105469,34.150001525878906,34.52000045776367,56458400
2023-01-18,34.33000183105469,34.34000015258789,33.5099983215332,33.720001220703125,54517800
2023-01-19,33.279998779296875,33.54999923706055,32.88999938964844,33.22999954223633,42707100
2023-01-20,33.29999923706055,33.88999938964844,33.09000015258789,33.849998474121094,45004400
2023-01-23,33.810001373291016,34.5099983215332,33.75,34.31999969482422,33683300
2023-01-24,34.220001220703125,34.790000915527344,33.95000076293945,34.56999969482422,26716700
2023-01-25,34.29999923706055,34.959999084472656,34.25,34.869998931884766,28859700
2023-01-26,35.04999923706055,35.349998474121094,34.790000915527344,35.34000015258789,30035500
2023-01-27,35.439998626708984,35.779998779296875,35.27000045776367,35.45000076293945,29964900
2023-01-30,35.209999084472656,35.560001373291016,35.18000030517578,35.29999923706055,27353500
2023-01-31,35.16999816894531,35.47999954223633,35.0,35.47999954223633,38917400
2023-02-01,35.20000076293945,36.2599983215332,35.11000061035156,35.91999816894531,44438700
2023-02-02,36.099998474121094,36.380001068115234,35.439998626708984,36.130001068115234,33729100
2023-02-03,36.02000045776367,36.7599983215332,35.900001525878906,36.43000030517578,37411700
2023-02-06,36.25,36.439998626708984,35.97999954223633,36.369998931884766,29463200
2023-02-07,36.16999816894531,37.0,36.130001068115234,36.77000045776367,44100200
2023-02-08,36.40999984741211,36.84000015258789,36.34000015258789,36.5,28032800
2023-02-09,36.27000045776367,36.349998474121094,35.560001373291016,35.720001220703125,35257100
2023-02-10,35.54999923706055,35.59000015258789,35.029998779296875,35.58000183105469,32898900
2023-02-13,35.47999954223633,35.779998779296875,35.38999938964844,35.650001525878906,29163900
2023-02-14,35.630001068115234,35.9900016784668,35.459999084472656,35.619998931884766,33625200
2023-02-15,35.31999969482422,35.61000061035156,35.15999984741211,35.560001373291016,23500100
2023-02-16,35.41999816894531,35.65999984741211,35.220001220703125,35.279998779296875,22681100
2023-02-17,35.08000183105469,35.38999938964844,34.7400016784668,35.349998474121094,28562700
2023-02-21,34.90999984741211,35.04999923706055,34.27000045776367,34.52000045776367,37068900
2023-02-22,34.36000061035156,34.54999923706055,34.06999969482422,34.290000915527344,38550400
2023-02-23,34.400001525878906,34.599998474121094,33.86000061035156,34.2599983215332,28488000
2023-02-24,33.86000061035156,34.290000915527344,33.84000015258789,34.209999084472656,27046600
2023-02-27,34.45000076293945,34.689998626708984,34.16999816894531,34.209999084472656,30137500
2023-02-28,34.349998474121094,34.4900016784668,34.18000030517578,34.29999923706055,32620600
2023-03-01,34.150001525878906,34.4900016784668,33.97999954223633,34.13999938964844,29281600
2023-03-02,33.65999984741211,33.70000076293945,33.0,33.4900016784668,44607200
2023-03-03,33.650001525878906,34.290000915527344,33.650001525878906,34.15999984741211,39109100
2023-03-06,34.2400016784668,34.560001373291016,33.9900016784668,34.09000015258789,36646700
2023-03-07,33.849998474121094,33.900001525878906,32.79999923706055,33.0,52855300
2023-03-08,32.65999984741211,32.970001220703125,32.439998626708984,32.560001373291016,40045600
2023-03-09,32.279998779296875,32.38999938964844,30.309999465942383,30.540000915527344,112457900
2023-03-10,30.31999969482422,31.040000915527344,28.920000076293945,30.270000457763672,165330900
2023-03-13,28.920000076293945,29.719999313354492,27.8700008392334,28.510000228881836,218403300
2023-03-14,29.989999771118164,30.09000015258789,28.469999313354492,28.760000228881836,154255800
2023-03-15,27.8799991607666,28.559999465942383,27.68000030517578,28.489999771118164,131104400
2023-03-16,28.3799991607666,29.469999313354492,28.110000610351562,28.969999313354492,108348800
2023-03-17,28.65999984741211,28.65999984741211,27.6200008392334,27.81999969482422,130665500
2023-03-20,28.239999771118164,28.43000030517578,27.649999618530273,27.75,81441200
2023-03-21,28.6299991607666,28.979999542236328,28.510000228881836,28.59000015258789,84854800
2023-03-22,28.709999084472656,28.739999771118164,27.639999389648438,27.639999389648438,76925900
2023-03-23,28.0,28.09000015258789,26.790000915527344,26.969999313354492,105335900
2023-03-24,26.600000381469727,27.290000915527344,26.31999969482422,27.139999389648438,96872700
2023-03-27,27.93000030517578,28.649999618530273,27.90999984741211,28.489999771118164,102469800
2023-03-28,28.3799991607666,28.649999618530273,27.979999542236328,28.1200008392334,63416500
2023-03-29,28.489999771118164,28.770000457763672,28.239999771118164,28.670000076293945,62666400
2023-03-30,28.920000076293945,29.059999465942383,28.110000610351562,28.299999237060547,67427100
2023-03-31,28.6200008392334,28.68000030517578,28.260000228881836,28.600000381469727,56482100
2023-04-03,28.639999389648438,28.979999542236328,28.329999923706055,28.59000015258789,51996800
2023-04-04,28.549999237060547,28.649999618530273,27.65999984741211,27.979999542236328,56233300
2023-04-05,27.65999984741211,27.90999984741211,27.459999084472656,27.639999389648438,47799400
2023-04-06,27.719999313354492,28.010000228881836,27.6200008392334,27.84000015258789,41216600
2023-04-10,27.670000076293945,28.100000381469727,27.649999618530273,27.940000534057617,40572700
2023-04-11,28.020000457763672,28.75,27.959999084472656,28.709999084472656,58761200
2023-04-12,28.68000030517578,29.010000228881836,28.3700008392334,28.479999542236328,44313300
2023-04-13,28.559999465942383,28.639999389648438,28.239999771118164,28.559999465942383,52261400
2023-04-14,29.299999237060547,29.8700008392334,29.25,29.520000457763672,81110800
2023-04-17,29.770000457763672,30.40999984741211,29.399999618530273,30.3700008392334,83704400
2023-04-18,30.799999237060547,30.93000030517578,29.799999237060547,30.559999465942383,114498800
2023-04-19,30.1299991607666,30.200000762939453,29.790000915527344,30.059999465942383,65594200
2023-04-20,29.84000015258789,30.229999542236328,29.770000457763672,29.899999618530273,43193800
2023-04-21,29.75,29.979999542236328,29.40999984741211,29.8700008392334,44759000
2023-04-24,29.790000915527344,29.899999618530273,29.59000015258789,29.760000228881836,28020300
2023-04-25,29.450000762939453,29.530000686645508,28.81999969482422,28.84000015258789,49718800
2023-04-26,28.760000228881836,28.940000534057617,28.299999237060547,28.440000534057617,45848400
2023-04-27,28.520000457763672,29.079999923706055,28.520000457763672,28.889999389648438,33060100
2023-04-28,28.530000686645508,29.43000030517578,28.510000228881836,29.280000686645508,45592500
2023-05-01,29.5,29.540000915527344,29.0,29.040000915527344,34076800
2023-05-02,28.850000381469727,28.860000610351562,27.709999084472656,28.15999984741211,70797700
2023-05-03,28.15999984741211,28.5,27.809999465942383,27.860000610351562,51139500
2023-05-04,27.579999923706055,27.809999465942383,26.829999923706055,26.989999771118164,82173800
2023-05-05,27.6200008392334,27.889999389648438,27.469999313354492,27.709999084472656,50087100
2023-05-08,28.079999923706055,28.149999618530273,27.65999984741211,27.690000534057617,34245500
2023-05-09,27.420000076293945,27.829999923706055,27.239999771118164,27.65999984741211,32188800
2023-05-10,27.959999084472656,28.0,27.020000457763672,27.31999969482422,44446400
2023-05-11,27.010000228881836,27.489999771118164,26.8799991607666,27.389999389648438,34897300
2023-05-12,27.520000457763672,27.549999237060547,26.8799991607666,27.09000015258789,38142000
2023-05-15,27.100000381469727,27.81999969482422,27.030000686645508,27.649999618530273,38722800
2023-05-16,27.780000686645508,27.899999618530273,27.329999923706055,27.360000610351562,33347500
2023-05-17,27.739999771118164,28.670000076293945,27.729999542236328,28.56999969482422,61750400
2023-05-18,28.440000534057617,28.5,28.0,28.469999313354492,51146100
2023-05-19,28.459999084472656,28.670000076293945,28.030000686645508,28.110000610351562,50062500
2023-05-22,28.299999237060547,28.450000762939453,28.010000228881836,28.34000015258789,36473700
2023-05-23,28.31999969482422,29.079999923706055,28.299999237060547,28.579999923706055,51400400
2023-05-24,28.329999923706055,28.510000228881836,28.0,28.100000381469727,50606900
2023-05-25,27.989999771118164,28.239999771118164,27.8799991607666,28.170000076293945,40517800
2023-05-26,28.200000762939453,28.399999618530273,27.790000915527344,28.309999465942383,57879100
2023-05-30,28.31999969482422,28.489999771118164,27.950000762939453,28.260000228881836,41819600
2023-05-31,28.100000381469727,28.15999984741211,27.479999542236328,27.790000915527344,61905200
2023-06-01,27.760000228881836,27.979999542236328,27.34000015258789,27.780000686645508,57426100
2023-06-02,28.15999984741211,28.950000762939453,28.1200008392334,28.709999084472656,66578100
2023-06-05,28.81999969482422,28.81999969482422,28.299999237060547,28.540000915527344,34757800
2023-06-06,28.459999084472656,29.43000030517578,28.450000762939453,29.229999542236328,46297900
2023-06-07,29.299999237060547,29.649999618530273,29.010000228881836,29.479999542236328,44502600
2023-06-08,29.280000686645508,29.3799991607666,28.989999771118164,29.229999542236328,41483100
2023-06-09,29.200000762939453,29.399999618530273,29.079999923706055,29.270000457763672,32692000
2023-06-12,29.299999237060547,29.559999465942383,28.90999984741211,29.1299991607666,41011300
2023-06-13,29.1299991607666,29.799999237060547,29.030000686645508,29.399999618530273,42718800
2023-06-14,29.56999969482422,29.729999542236328,28.989999771118164,29.1200008392334,38322800
2023-06-15,28.899999618530273,29.469999313354492,28.690000534057617,29.3700008392334,42044900
2023-06-16,29.530000686645508,29.68000030517578,29.15999984741211,29.190000534057617,53050200
2023-06-20,29.010000228881836,29.040000915527344,28.579999923706055,28.8700008392334,39040900
2023-06-21,28.780000686645508,29.0,28.540000915527344,28.56999969482422,39553400
2023-06-22,28.5,28.530000686645508,27.899999618530273,27.959999084472656,50742900
2023-06-23,27.739999771118164,27.889999389648438,27.59000015258789,27.75,55181100
2023-06-26,27.799999237060547,28.280000686645508,27.790000915527344,28.09000015258789,47519300
2023-06-27,28.100000381469727,28.399999618530273,27.950000762939453,28.239999771118164,39081800
2023-06-28,28.25,28.270000457763672,27.899999618530273,28.06999969482422,37803800
2023-06-29,28.5,29.0,28.399999618530273,28.65999984741211,68376400
2023-06-30,28.940000534057617,29.110000610351562,28.670000076293945,28.690000534057617,50479000
2023-07-03,28.700000762939453,29.350000381469727,28.649999618530273,29.200000762939453,30995800
2023-07-05,29.139999389648438,29.420000076293945,28.950000762939453,29.079999923706055,37492000
2023-07-06,28.799999237060547,28.81999969482422,28.100000381469727,28.280000686645508,52098000
2023-07-07,28.299999237060547,28.81999969482422,28.290000915527344,28.530000686645508,34288000
2023-07-10,28.59000015258789,28.850000381469727,28.469999313354492,28.65999984741211,36086000
2023-07-11,28.65999984741211,29.079999923706055,28.420000076293945,29.020000457763672,40978700
2023-07-12,29.510000228881836,29.889999389648438,29.270000457763672,29.360000610351562,41855500
2023-07-13,29.520000457763672,29.8700008392334,29.40999984741211,29.670000076293945,39589000
2023-07-14,30.0,30.100000381469727,29.049999237060547,29.110000610351562,58720300
2023-07-17,29.149999618530273,29.559999465942383,29.1200008392334,29.399999618530273,49477200
2023-07-18,30.0,30.860000610351562,29.920000076293945,30.700000762939453,98253800
2023-07-19,30.889999389648438,31.700000762939453,30.690000534057617,31.530000686645508,70619800
2023-07-20,31.329999923706055,31.799999237060547,31.260000228881836,31.690000534057617,42128800
2023-07-21,31.8700008392334,32.11000061035156,31.420000076293945,31.979999542236328,70872400
2023-07-24,32.0,32.849998474121094,31.979999542236328,32.650001525878906,64548600
2023-07-25,32.7599983215332,32.790000915527344,32.06999969482422,32.150001525878906,51208800
2023-07-26,32.2400016784668,32.540000915527344,32.150001525878906,32.40999984741211,41814600
2023-07-27,32.43000030517578,32.7400016784668,31.81999969482422,31.950000762939453,45529500
2023-07-28,32.150001525878906,32.15999984741211,31.709999084472656,31.899999618530273,33296500
2023-07-31,31.899999618530273,32.25,31.780000686645508,32.0,29093400
2023-08-01,31.84000015258789,31.940000534057617,31.420000076293945,31.6200008392334,32712000
2023-08-02,31.15999984741211,31.280000686645508,30.780000686645508,31.190000534057617,38855100
2023-08-03,30.940000534057617,31.549999237060547,30.8799991607666,31.40999984741211,27933400
2023-08-04,31.360000610351562,31.670000076293945,31.170000076293945,31.299999237060547,30768100
2023-08-07,31.40999984741211,31.899999618530273,31.40999984741211,31.8799991607666,31745200
2023-08-08,31.299999237060547,31.309999465942383,30.479999542236328,31.270000457763672,45951800
2023-08-09,31.219999313354492,31.280000686645508,30.829999923706055,30.860000610351562,30732100
2023-08-10,31.010000228881836,31.31999969482422,30.799999237060547,30.940000534057617,26062600
2023-08-11,30.799999237060547,31.399999618530273,30.75,31.290000915527344,35720700
2023-08-14,31.049999237060547,31.110000610351562,30.75,30.93000030517578,32563700
2023-08-15,30.5,30.549999237060547,29.84000015258789,29.940000534057617,43406100
2023-08-16,29.75,29.84000015258789,29.209999084472656,29.290000915527344,47220400
2023-08-17,29.440000534057617,29.540000915527344,29.110000610351562,29.280000686645508,37202200
2023-08-18,29.040000915527344,29.350000381469727,28.979999542236328,29.110000610351562,31430400
2023-08-21,29.219999313354492,29.299999237060547,28.799999237060547,29.149999618530273,34959000
2023-08-22,29.1299991607666,29.239999771118164,28.420000076293945,28.440000534057617,37564200
2023-08-23,28.450000762939453,28.510000228881836,28.18000030517578,28.450000762939453,44686600
2023-08-24,28.399999618530273,28.790000915527344,28.3700008392334,28.6200008392334,31934800
2023-08-25,28.639999389648438,28.790000915527344,28.299999237060547,28.5,34253200
2023-08-28,28.690000534057617,29.0,28.56999969482422,28.760000228881836,33075200
2023-08-29,28.889999389648438,29.260000228881836,28.719999313354492,29.170000076293945,30428200
2023-08-30,29.219999313354492,29.270000457763672,28.93000030517578,29.040000915527344,33366400
2023-08-31,28.93000030517578,28.969999313354492,28.530000686645508,28.670000076293945,37243000
2023-09-01,28.760000228881836,29.1299991607666,28.760000228881836,28.979999542236328,35228600
2023-09-05,28.940000534057617,29.1200008392334,28.5,28.649999618530273,46543600
2023-09-06,28.399999618530273,28.559999465942383,28.1200008392334,28.389999389648438,45022600
2023-09-07,28.40999984741211,28.549999237060547,28.059999465942383,28.1299991607666,35023600
2023-09-08,28.1200008392334,28.3799991607666,27.959999084472656,28.360000610351562,36513900
2023-09-11,28.510000228881836,28.760000228881836,28.399999618530273,28.479999542236328,34168300
2023-09-12,28.459999084472656,29.139999389648438,28.399999618530273,28.969999313354492,42284000
2023-09-13,29.1200008392334,29.190000534057617,28.700000762939453,28.8799991607666,37215700
2023-09-14,29.170000076293945,29.440000534057617,29.100000381469727,29.200000762939453,44634800
2023-09-15,28.950000762939453,29.09000015258789,28.75,28.84000015258789,61661100
2023-09-18,28.799999237060547,28.799999237060547,28.489999771118164,28.760000228881836,25752300
2023-09-19,28.760000228881836,28.940000534057617,28.510000228881836,28.649999618530273,34888100
2023-09-20,28.809999465942383,28.969999313354492,28.530000686645508,28.549999237060547,26641100
2023-09-21,28.360000610351562,28.59000015258789,28.020000457763672,28.049999237060547,39906000
2023-09-22,28.06999969482422,28.190000534057617,27.600000381469727,27.639999389648438,41284400
2023-09-25,27.5,27.6200008392334,27.350000381469727,27.600000381469727,32749200
2023-09-26,27.34000015258789,27.5,27.010000228881836,27.170000076293945,42237400
2023-09-27,27.229999542236328,27.610000610351562,27.06999969482422,27.270000457763672,38296300
2023-09-28,27.170000076293945,27.639999389648438,27.170000076293945,27.559999465942383,36734300
2023-09-29,27.889999389648438,27.989999771118164,27.270000457763672,27.3799991607666,40645900
2023-10-02,27.270000457763672,27.360000610351562,26.579999923706055,26.700000762939453,50388600
2023-10-03,26.489999771118164,26.520000457763672,25.81999969482422,25.90999984741211,62144500
2023-10-04,25.8799991607666,26.010000228881836,25.579999923706055,25.940000534057617,55696400
2023-10-05,25.780000686645508,26.09000015258789,25.559999465942383,26.059999465942383,49044100
2023-10-06,25.770000457763672,26.229999542236328,25.469999313354492,26.06999969482422,58177300
2023-10-09,25.760000228881836,26.360000610351562,25.719999313354492,26.309999465942383,39953700
2023-10-10,26.610000610351562,27.299999237060547,26.56999969482422,27.010000228881836,51960100
2023-10-11,27.170000076293945,27.440000534057617,26.899999618530273,27.020000457763672,38508200
2023-10-12,26.969999313354492,27.079999923706055,26.610000610351562,26.899999618530273,44249800
2023-10-13,27.43000030517578,27.719999313354492,26.520000457763672,26.760000228881836,55089700
2023-10-16,27.15999984741211,27.18000030517578,26.770000457763672,26.989999771118164,56817500
2023-10-17,27.049999237060547,27.8700008392334,26.719999313354492,27.6200008392334,95344200
2023-10-18,27.540000915527344,28.040000915527344,27.209999084472656,27.309999465942383,68371100
2023-10-19,27.25,27.780000686645508,26.8799991607666,26.959999084472656,58611000
2023-10-20,26.799999237060547,26.940000534057617,26.239999771118164,26.309999465942383,62058400
2023-10-23,26.1299991607666,26.209999084472656,25.520000457763672,25.56999969482422,59857200
2023-10-24,25.739999771118164,25.8700008392334,25.399999618530273,25.469999313354492,55975700
2023-10-25,25.3799991607666,25.649999618530273,25.18000030517578,25.549999237060547,45522400
2023-10-26,25.489999771118164,26.360000610351562,25.440000534057617,26.1200008392334,60921000
2023-10-27,26.06999969482422,26.06999969482422,24.959999084472656,25.170000076293945,64709300
2023-10-30,25.31999969482422,25.780000686645508,25.280000686645508,25.690000534057617,41891900
2023-10-31,25.739999771118164,26.3799991607666,25.719999313354492,26.34000015258789,50106700
2023-11-01,26.440000534057617,26.6200008392334,26.149999618530273,26.399999618530273,44046300
2023-11-02,26.709999084472656,27.65999984741211,26.59000015258789,27.6200008392334,63278300
2023-11-03,28.15999984741211,28.93000030517578,28.1299991607666,28.420000076293945,62613600
2023-11-06,28.559999465942383,28.770000457763672,28.020000457763672,28.329999923706055,45548000
2023-11-07,28.049999237060547,28.260000228881836,27.950000762939453,28.15999984741211,33081900
2023-11-08,28.15999984741211,28.200000762939453,27.670000076293945,27.889999389648438,31896000
2023-11-09,28.06999969482422,28.079999923706055,27.399999618530273,27.530000686645508,32267900
2023-11-10,27.760000228881836,27.770000457763672,27.34000015258789,27.68000030517578,32858500
2023-11-13,27.540000915527344,27.850000381469727,27.420000076293945,27.700000762939453,28521800
2023-11-14,28.5,29.40999984741211,28.469999313354492,29.219999313354492,66676300
2023-11-15,29.200000762939453,29.729999542236328,29.200000762939453,29.6200008392334,46968900
2023-11-16,29.43000030517578,29.700000762939453,29.219999313354492,29.540000915527344,36952800
2023-11-17,29.709999084472656,30.0,29.549999237060547,29.979999542236328,38493300
2023-11-20,29.979999542236328,30.25,29.75,30.010000228881836,46783400
2023-11-21,29.989999771118164,29.989999771118164,29.549999237060547,29.65999984741211,41611900
2023-11-22,29.739999771118164,29.790000915527344,29.520000457763672,29.6299991607666,41422700
2023-11-24,29.479999542236328,29.889999389648438,29.479999542236328,29.729999542236328,15815600
2023-11-27,29.600000381469727,29.690000534057617,29.510000228881836,29.559999465942383,42039500
2023-11-28,29.530000686645508,29.649999618530273,29.31999969482422,29.530000686645508,29705800
2023-11-29,29.8799991607666,30.610000610351562,29.809999465942383,30.309999465942383,57954900
2023-11-30,30.209999084472656,30.549999237060547,30.040000915527344,30.489999771118164,52547700
2023-12-01,30.399999618530273,31.049999237060547,30.350000381469727,30.959999084472656,46133300
2023-12-04,30.530000686645508,31.0,30.520000457763672,30.81999969482422,37811300
2023-12-05,30.68000030517578,30.790000915527344,30.329999923706055,30.579999923706055,45723100
2023-12-06,30.780000686645508,31.520000457763672,30.440000534057617,30.530000686645508,49803100
2023-12-07,30.59000015258789,30.93000030517578,30.540000915527344,30.65999984741211,32699600
2023-12-08,30.670000076293945,31.139999389648438,30.610000610351562,30.959999084472656,34794300
2023-12-11,30.920000076293945,31.079999923706055,30.709999084472656,30.850000381469727,32254000
2023-12-12,30.770000457763672,30.860000610351562,30.450000762939453,30.739999771118164,34566700
2023-12-13,30.75,32.130001068115234,30.6299991607666,32.040000915527344,60311100
2023-12-14,32.619998931884766,34.06999969482422,32.56999969482422,33.939998626708984,107190000
2023-12-15,33.81999969482422,34.02000045776367,33.290000915527344,33.599998474121094,83771800
2023-12-18,33.709999084472656,33.790000915527344,33.40999984741211,33.43000030517578,40694700
2023-12-19,33.029998779296875,33.66999816894531,32.79999923706055,33.5099983215332,44534800
2023-12-20,33.380001068115234,33.709999084472656,32.95000076293945,32.97999954223633,44711400
2023-12-21,33.2400016784668,33.45000076293945,32.88999938964844,33.20000076293945,32325700
2023-12-22,33.209999084472656,33.66999816894531,33.20000076293945,33.43000030517578,37265900
2023-12-26,33.45000076293945,33.959999084472656,33.369998931884766,33.86000061035156,24845400
2023-12-27,33.79999923706055,33.95000076293945,33.65999984741211,33.84000015258789,24498600
2023-12-28,33.81999969482422,33.970001220703125,33.77000045776367,33.880001068115234,21799600
2023-12-29,33.939998626708984,33.9900016784668,33.54999923706055,33.66999816894531,28060700
2024-01-02,33.38999938964844,34.06999969482422,33.27000045776367,33.900001525878906,36668600
2024-01-03,33.650001525878906,33.77000045776367,33.2400016784668,33.529998779296875,45988700
2024-01-04,33.56999969482422,34.310001373291016,33.540000915527344,33.79999923706055,39834600
2024-01-05,33.79999923706055,34.689998626708984,33.709999084472656,34.43000030517578,49242400
2024-01-08,34.29999923706055,34.29999923706055,33.63999938964844,34.15999984741211,40253900
2024-01-09,33.81999969482422,33.84000015258789,33.5099983215332,33.630001068115234,39268800
2024-01-10,33.5,33.630001068115234,33.2400016784668,33.599998474121094,34904000
2024-01-11,33.36000061035156,33.5,32.779998779296875,33.150001525878906,48790600
2024-01-12,32.25,33.189998626708984,31.959999084472656,32.79999923706055,74344300
2024-01-16,32.40999984741211,32.5099983215332,31.81999969482422,32.119998931884766,58420800
2024-01-17,31.719999313354492,31.989999771118164,31.270000457763672,31.799999237060547,48811300
2024-01-18,31.75,31.770000457763672,31.399999618530273,31.729999542236328,35484400
2024-01-19,31.799999237060547,32.22999954223633,31.56999969482422,32.220001220703125,49493600
2024-01-22,32.36000061035156,32.9900016784668,32.31999969482422,32.54999923706055,43903400
2024-01-23,32.540000915527344,32.81999969482422,32.38999938964844,32.77000045776367,30003400
2024-01-24,33.029998779296875,33.34000015258789,32.90999984741211,32.97999954223633,36403900
2024-01-25,33.209999084472656,33.45000076293945,32.83000183105469,33.38999938964844,46204000
2024-01-26,33.400001525878906,33.66999816894531,33.31999969482422,33.43000030517578,30839800
2024-01-29,33.400001525878906,33.650001525878906,33.2400016784668,33.61000061035156,30269300
2024-01-30,33.900001525878906,34.88999938964844,33.84000015258789,34.790000915527344,60315700
2024-01-31,34.56999969482422,35.099998474121094,34.0,34.0099983215332,54716000
2024-02-01,33.93000030517578,34.25,32.93000030517578,33.54999923706055,57084800
2024-02-02,33.369998931884766,33.709999084472656,33.16999816894531,33.470001220703125,40416000
2024-02-05,33.11000061035156,33.290000915527344,32.86000061035156,32.9900016784668,43573000
2024-02-06,32.91999816894531,33.36000061035156,32.880001068115234,33.040000915527344,27188000
2024-02-07,33.060001373291016,33.2599983215332,32.630001068115234,33.18000030517578,29660100
2024-02-08,33.04999923706055,33.279998779296875,32.79999923706055,33.119998931884766,36852200
2024-02-09,33.099998474121094,33.25,32.84000015258789,33.06999969482422,36176000
2024-02-12,33.0,33.970001220703125,32.97999954223633,33.619998931884766,34160400
2024-02-13,33.119998931884766,33.310001373291016,32.349998474121094,32.75,43801500
2024-02-14,32.97999954223633,33.18000030517578,32.869998931884766,33.130001068115234,27833900
2024-02-15,33.31999969482422,34.2400016784668,33.31999969482422,34.06999969482422,41683100
2024-02-16,33.91999816894531,34.150001525878906,32.4900016784668,34.09000015258789,33290700
2024-02-20,33.779998779296875,34.09000015258789,33.77000045776367,33.959999084472656,30372900
2024-02-21,33.36000061035156,33.7400016784668,33.16999816894531,33.70000076293945,37847100
2024-02-22,33.369998931884766,34.06999969482422,33.369998931884766,33.61000061035156,42756900
2024-02-23,33.72999954223633,34.04999923706055,33.4900016784668,33.91999816894531,30586000
2024-02-26,33.790000915527344,34.220001220703125,33.529998779296875,33.61000061035156,31129200
2024-02-27,33.72999954223633,34.43000030517578,33.709999084472656,34.279998779296875,40536300
2024-02-28,34.220001220703125,34.599998474121094,34.11000061035156,34.310001373291016,39548600
2024-02-29,34.33000183105469,34.650001525878906,34.150001525878906,34.52000045776367,43863400
2024-03-01,34.529998779296875,34.650001525878906,34.029998779296875,34.349998474121094,38432300
2024-03-04,34.290000915527344,35.41999816894531,34.25,35.150001525878906,49136400
2024-03-05,34.93000030517578,35.720001220703125,34.869998931884766,35.38999938964844,47591600
2024-03-06,35.650001525878906,35.790000915527344,35.06999969482422,35.41999816894531,49149700
2024-03-07,35.599998474121094,35.900001525878906,35.25,35.630001068115234,35900700
2024-03-08,35.869998931884766,36.130001068115234,35.5,35.599998474121094,42769900
2024-03-11,35.38999938964844,35.93000030517578,35.27000045776367,35.88999938964844,34131500
2024-03-12,35.900001525878906,36.150001525878906,35.779998779296875,35.959999084472656,29260400
2024-03-13,35.959999084472656,36.45000076293945,35.959999084472656,36.08000183105469,38289600
2024-03-14,35.91999816894531,36.220001220703125,35.47999954223633,35.689998626708984,40178100
2024-03-15,35.279998779296875,36.0099983215332,35.2400016784668,35.40999984741211,69646400
2024-03-18,35.65999984741211,36.09000015258789,35.38999938964844,36.0099983215332,50617900
2024-03-19,35.88999938964844,36.38999938964844,35.849998474121094,36.029998779296875,46113800
2024-03-20,35.84000015258789,36.880001068115234,35.72999954223633,36.75,40519000
2024-03-21,36.93000030517578,37.599998474121094,36.880001068115234,37.5099983215332,43219500
2024-03-22,37.40999984741211,37.61000061035156,37.0,37.04999923706055,29001100
2024-03-25,37.099998474121094,37.279998779296875,36.84000015258789,36.86000061035156,30480200
2024-03-26,37.0,37.2400016784668,36.79999923706055,37.09000015258789,33673400
2024-03-27,37.25,37.849998474121094,37.2400016784668,37.810001373291016,36350200
2024-03-28,37.720001220703125,38.0,37.41999816894531,37.91999816894531,42262500
2024-04-01,37.939998626708984,38.349998474121094,37.439998626708984,37.52000045776367,33908000
2024-04-02,37.189998626708984,37.58000183105469,37.15999984741211,37.29999923706055,34806800
2024-04-03,37.400001525878906,38.02000045776367,37.27000045776367,37.439998626708984,33338500
2024-04-04,37.70000076293945,37.959999084472656,36.869998931884766,36.91999816894531,42888200
2024-04-05,36.810001373291016,37.34000015258789,36.72999954223633,37.11000061035156,30823500
2024-04-08,37.20000076293945,37.58000183105469,37.130001068115234,37.5,29470300
2024-04-09,37.5099983215332,37.77000045776367,37.20000076293945,37.72999954223633,30967300
2024-04-10,37.18000030517578,37.22999954223633,36.54999923706055,36.650001525878906,37610700
2024-04-11,36.75,36.75,36.04999923706055,36.349998474121094,38604000
2024-04-12,35.810001373291016,36.09000015258789,35.529998779296875,35.790000915527344,47126100
2024-04-15,36.33000183105469,36.7599983215332,35.7599983215332,35.95000076293945,44392000
2024-04-16,36.099998474121094,36.16999816894531,34.150001525878906,34.68000030517578,95566100
2024-04-17,34.88999938964844,35.75,34.75,35.22999954223633,65951400
2024-04-18,35.540000915527344,35.9900016784668,35.18000030517578,35.77000045776367,44506200
2024-04-19,36.099998474121094,37.119998931884766,36.060001373291016,36.970001220703125,56273700
2024-04-22,37.0,37.90999984741211,36.869998931884766,37.72999954223633,43867100
2024-04-23,37.939998626708984,38.41999816894531,37.83000183105469,38.369998931884766,39180300
2024-04-24,38.02000045776367,38.4900016784668,38.0,38.31999969482422,28670600
2024-04-25,37.93000030517578,38.27000045776367,37.380001068115234,37.90999984741211,41116000
2024-04-26,37.93000030517578,38.310001373291016,37.779998779296875,37.83000183105469,28668700
2024-04-29,37.84000015258789,38.060001373291016,37.45000076293945,37.54999923706055,26438800
2024-04-30,37.349998474121094,37.66999816894531,36.97999954223633,37.0099983215332,30283800
2024-05-01,37.209999084472656,37.5099983215332,36.77000045776367,36.95000076293945,32272000
2024-05-02,37.369998931884766,37.4900016784668,36.650001525878906,36.880001068115234,34860300
2024-05-03,37.25,37.529998779296875,37.08000183105469,37.25,34082700
2024-05-06,37.65999984741211,37.790000915527344,37.36000061035156,37.689998626708984,28422300
2024-05-07,37.70000076293945,38.150001525878906,37.70000076293945,37.84000015258789,29119500
2024-05-08,37.70000076293945,37.81999969482422,37.52000045776367,37.709999084472656,32803300
2024-05-09,37.529998779296875,38.41999816894531,37.459999084472656,38.279998779296875,26855400
2024-05-10,38.47999954223633,38.779998779296875,38.33000183105469,38.45000076293945,27359100
2024-05-13,38.619998931884766,38.779998779296875,38.18000030517578,38.209999084472656,24060600
2024-05-14,38.400001525878906,38.790000915527344,38.369998931884766,38.4900016784668,27594800
2024-05-15,38.79999923706055,39.2400016784668,38.779998779296875,38.90999984741211,34084400
2024-05-16,38.91999816894531,39.36000061035156,38.709999084472656,39.220001220703125,32554200
2024-05-17,39.45000076293945,39.4900016784668,39.15999984741211,39.290000915527344,25537300
2024-05-20,39.2599983215332,39.470001220703125,38.790000915527344,38.81999969482422,28369800
2024-05-21,38.77000045776367,39.75,38.77000045776367,39.650001525878906,31799200
2024-05-22,39.40999984741211,39.810001373291016,39.34000015258789,39.7599983215332,42837600
2024-05-23,39.77000045776367,39.84000015258789,38.939998626708984,39.16999816894531,39033900
2024-05-24,39.15999984741211,39.779998779296875,39.06999969482422,39.70000076293945,22166300
2024-05-28,39.650001525878906,39.7400016784668,39.11000061035156,39.31999969482422,31217900
2024-05-29,38.84000015258789,38.900001525878906,38.560001373291016,38.720001220703125,26677500
2024-05-30,38.72999954223633,39.119998931884766,37.59000015258789,38.630001068115234,50989100
2024-05-31,38.70000076293945,40.08000183105469,38.65999984741211,39.9900016784668,58188400
2024-06-03,40.040000915527344,40.189998626708984,39.36000061035156,39.880001068115234,31898600
2024-06-04,39.619998931884766,40.13999938964844,39.41999816894531,39.68000030517578,26974200
2024-06-05,39.81999969482422,39.9900016784668,39.52000045776367,39.959999084472656,34140300
2024-06-06,39.90999984741211,40.0,39.41999816894531,39.70000076293945,38676400
2024-06-07,39.279998779296875,39.959999084472656,39.279998779296875,39.779998779296875,25928700
2024-06-10,39.58000183105469,39.84000015258789,39.209999084472656,39.66999816894531,37176200
2024-06-11,39.33000183105469,39.349998474121094,38.459999084472656,38.86000061035156,44629000
2024-06-12,39.79999923706055,39.880001068115234,39.099998474121094,39.40999984741211,38964700
2024-06-13,39.290000915527344,39.349998474121094,38.93000030517578,39.2599983215332,40018700
2024-06-14,39.099998474121094,39.47999954223633,38.90999984741211,39.2400016784668,32347900
2024-06-17,39.09000015258789,39.529998779296875,38.97999954223633,39.5099983215332,26135400
2024-06-18,39.560001373291016,40.02000045776367,39.459999084472656,39.9900016784668,30804500
2024-06-20,39.779998779296875,40.310001373291016,39.75,39.9900016784668,29383300
2024-06-21,39.849998474121094,39.90999984741211,39.369998931884766,39.4900016784668,72244900
2024-06-24,39.77000045776367,40.34000015258789,39.650001525878906,40.02000045776367,31064900
2024-06-25,39.779998779296875,40.06999969482422,39.349998474121094,39.380001068115234,30596000
2024-06-26,39.16999816894531,39.349998474121094,38.470001220703125,39.0,44310200
2024-06-27,38.70000076293945,39.349998474121094,38.34000015258789,39.25,29464200
2024-06-28,39.7400016784668,40.060001373291016,39.31999969482422,39.77000045776367,52028200
2024-07-01,39.90999984741211,40.34000015258789,39.66999816894531,40.0099983215332,26770500
2024-07-02,40.0,40.959999084472656,39.959999084472656,40.93000030517578,35626100
2024-07-03,41.02000045776367,41.20000076293945,40.75,40.900001525878906,17100700
2024-07-05,40.93000030517578,40.959999084472656,40.290000915527344,40.40999984741211,23489000
2024-07-08,40.599998474121094,41.040000915527344,40.43000030517578,40.619998931884766,26728500
2024-07-09,40.7599983215332,41.83000183105469,40.599998474121094,41.41999816894531,34697200
2024-07-10,41.279998779296875,41.7599983215332,41.06999969482422,41.7400016784668,25333400
2024-07-11,41.77000045776367,41.900001525878906,41.38999938964844,41.810001373291016,33824600
2024-07-12,41.4900016784668,41.91999816894531,41.09000015258789,41.59000015258789,31856600
2024-07-15,41.849998474121094,42.22999954223633,41.70000076293945,41.88999938964844,36648100
2024-07-16,42.52000045776367,44.400001525878906,42.220001220703125,44.130001068115234,75953300
2024-07-17,43.650001525878906,44.439998626708984,43.650001525878906,43.97999954223633,65713600
2024-07-18,43.619998931884766,44.2400016784668,42.93000030517578,43.0099983215332,48549200
2024-07-19,42.86000061035156,43.560001373291016,42.689998626708984,42.900001525878906,43903000
2024-07-22,42.63999938964844,42.869998931884766,41.959999084472656,42.29999923706055,42838300
2024-07-23,42.220001220703125,42.779998779296875,42.150001525878906,42.40999984741211,36705100
2024-07-24,42.279998779296875,42.75,42.06999969482422,42.189998626708984,36567200
2024-07-25,42.02000045776367,42.29999923706055,41.65999984741211,41.68000030517578,41593900
2024-07-26,41.58000183105469,41.959999084472656,41.40999984741211,41.66999816894531,52049300
2024-07-29,41.779998779296875,41.880001068115234,40.97999954223633,41.09000015258789,37133100
2024-07-30,41.04999923706055,41.88999938964844,40.810001373291016,41.279998779296875,44163200
2024-07-31,41.22999954223633,41.380001068115234,40.220001220703125,40.310001373291016,50851600
2024-08-01,40.439998626708984,40.45000076293945,38.97999954223633,39.5,60107800
2024-08-02,38.0,38.529998779296875,37.18000030517578,37.58000183105469,76728000
2024-08-05,35.650001525878906,36.959999084472656,35.13999938964844,36.650001525878906,76075200
2024-08-06,36.650001525878906,37.310001373291016,36.540000915527344,36.91999816894531,40614100
2024-08-07,38.099998474121094,38.59000015258789,37.27000045776367,37.29999923706055,44952400
2024-08-08,37.81999969482422,38.41999816894531,37.65999984741211,38.209999084472656,36557800
2024-08-09,38.15999984741211,38.45000076293945,37.90999984741211,38.279998779296875,26411200
2024-08-12,38.5,38.72999954223633,38.0099983215332,38.16999816894531,33040600
2024-08-13,38.369998931884766,38.47999954223633,38.119998931884766,38.459999084472656,21553500
2024-08-14,38.52000045776367,38.91999816894531,38.43000030517578,38.810001373291016,25658900
2024-08-15,39.43000030517578,39.68000030517578,38.970001220703125,39.029998779296875,37379800
2024-08-16,39.0,39.41999816894531,38.9900016784668,39.34000015258789,26886600
2024-08-19,39.47999954223633,39.7400016784668,39.45000076293945,39.66999816894531,27268900
2024-08-20,39.119998931884766,39.2400016784668,38.34000015258789,38.689998626708984,44440800
2024-08-21,38.869998931884766,38.9900016784668,38.38999938964844,38.75,33751100
2024-08-22,38.779998779296875,39.290000915527344,38.56999969482422,39.2400016784668,35421600
2024-08-23,39.27000045776367,40.16999816894531,39.27000045776367,39.77000045776367,45616600
2024-08-26,40.0,40.20000076293945,39.65999984741211,39.91999816894531,44659500
2024-08-27,40.0,40.130001068115234,39.61000061035156,39.66999816894531,32323900
2024-08-28,39.34000015258789,40.27000045776367,39.33000183105469,39.95000076293945,40700500
2024-08-29,40.04999923706055,40.34000015258789,39.529998779296875,40.16999816894531,34810800
2024-08-30,40.16999816894531,40.86000061035156,40.130001068115234,40.75,49098200
2024-09-03,40.58000183105469,40.900001525878906,40.22999954223633,40.70000076293945,48489300
2024-09-04,40.65999984741211,40.95000076293945,40.279998779296875,40.5,39629600
2024-09-05,40.79999923706055,40.939998626708984,40.0099983215332,40.13999938964844,34214500
2024-09-06,39.77000045776367,39.880001068115234,38.560001373291016,38.7599983215332,47007600
2024-09-09,39.25,39.709999084472656,39.099998474121094,39.470001220703125,37610200
2024-09-10,39.84000015258789,39.84000015258789,38.33000183105469,39.279998779296875,53983900
2024-09-11,38.9900016784668,39.029998779296875,38.0099983215332,39.0,41190000
2024-09-12,39.04999923706055,39.33000183105469,38.529998779296875,38.779998779296875,39921600
2024-09-13,38.880001068115234,39.09000015258789,38.439998626708984,38.650001525878906,31887300
2024-09-16,38.810001373291016,39.209999084472656,38.790000915527344,39.099998474121094,26336400
2024-09-17,39.279998779296875,39.79999923706055,39.209999084472656,39.54999923706055,27769400
2024-09-18,39.619998931884766,40.119998931884766,39.41999816894531,39.619998931884766,42527800
2024-09-19,40.040000915527344,41.04999923706055,40.0099983215332,40.869998931884766,57977800
2024-09-20,40.619998931884766,40.72999954223633,40.2400016784668,40.27000045776367,70725000
2024-09-23,40.209999084472656,40.439998626708984,39.75,39.869998931884766,31714800
2024-09-24,39.849998474121094,39.97999954223633,39.25,39.45000076293945,32534900
2024-09-25,39.25,39.40999984741211,38.939998626708984,39.25,28866000
2024-09-26,39.38999938964844,39.720001220703125,39.11000061035156,39.52000045776367,39601400
2024-09-27,39.650001525878906,39.900001525878906,39.349998474121094,39.400001525878906,27861100
2024-09-30,39.22999954223633,39.790000915527344,39.02000045776367,39.68000030517578,35055200
2024-10-01,39.5099983215332,39.560001373291016,38.939998626708984,39.220001220703125,26291200
2024-10-02,39.25,39.540000915527344,39.04999923706055,39.22999954223633,23302700
2024-10-03,38.97999954223633,39.27000045776367,38.72999954223633,39.25,26030200
2024-10-04,39.93000030517578,40.25,39.619998931884766,40.11000061035156,34209900
2024-10-07,40.209999084472656,40.439998626708984,39.709999084472656,39.959999084472656,27177500
2024-10-08,40.04999923706055,40.150001525878906,39.810001373291016,39.93000030517578,26023600
2024-10-09,39.869998931884766,40.38999938964844,39.720001220703125,40.189998626708984,27421000
2024-10-10,40.0099983215332,40.130001068115234,39.77000045776367,39.970001220703125,26182300
2024-10-11,40.5,42.16999816894531,40.400001525878906,41.95000076293945,50660700
2024-10-14,41.959999084472656,42.18000030517578,41.720001220703125,41.90999984741211,28098900
2024-10-15,43.22999954223633,43.36000061035156,42.04999923706055,42.13999938964844,61490000
2024-10-16,42.209999084472656,43.099998474121094,42.150001525878906,42.79999923706055,42437800
2024-10-17,42.83000183105469,43.0,42.470001220703125,42.599998474121094,31708600
2024-10-18,42.43000030517578,42.650001525878906,42.11000061035156,42.31999969482422,30593500
2024-10-21,42.25,42.40999984741211,41.7400016784668,41.7599983215332,26589500
2024-10-22,41.650001525878906,42.40999984741211,41.56999969482422,42.29999923706055,37104400
2024-10-23,42.20000076293945,42.470001220703125,42.02000045776367,42.34000015258789,28569400
2024-10-24,42.31999969482422,42.65999984741211,41.970001220703125,42.650001525878906,28392000
2024-10-25,42.91999816894531,42.97999954223633,41.790000915527344,41.88999938964844,27466900
2024-10-28,42.06999969482422,42.75,42.0099983215332,42.619998931884766,24527600
2024-10-29,42.59000015258789,42.810001373291016,42.470001220703125,42.529998779296875,22313500
2024-10-30,41.709999084472656,42.900001525878906,41.63999938964844,42.310001373291016,38100500
2024-10-31,42.290000915527344,42.54999923706055,41.79999923706055,41.81999969482422,28138200
2024-11-01,42.150001525878906,42.43000030517578,41.75,41.7599983215332,31220000
2024-11-04,41.61000061035156,42.02000045776367,41.11000061035156,41.33000183105469,31110100
2024-11-05,41.5099983215332,42.0099983215332,41.380001068115234,41.880001068115234,30851400
2024-11-06,44.79999923706055,45.54999923706055,44.0,45.40999984741211,110086700
2024-11-07,45.040000915527344,45.22999954223633,44.5099983215332,44.77000045776367,48339700
2024-11-08,45.13999938964844,45.5,44.95000076293945,45.130001068115234,38331800
2024-11-11,45.599998474121094,46.52000045776367,45.58000183105469,46.08000183105469,43293500
2024-11-12,46.13999938964844,46.45000076293945,45.84000015258789,45.86000061035156,38155900
2024-11-13,46.20000076293945,46.47999954223633,45.83000183105469,45.869998931884766,36903900
2024-11-14,45.95000076293945,46.15999984741211,45.72999954223633,45.900001525878906,35733100
2024-11-15,45.619998931884766,46.84000015258789,45.619998931884766,46.75,40488900
2024-11-18,46.75,47.02000045776367,46.4900016784668,46.720001220703125,32360300
2024-11-19,45.9900016784668,46.619998931884766,45.95000076293945,46.40999984741211,28534100
2024-11-20,46.56999969482422,46.63999938964844,45.91999816894531,46.060001373291016,28021000
2024-11-21,46.38999938964844,47.04999923706055,46.29999923706055,46.459999084472656,45336500
2024-11-22,46.369998931884766,47.220001220703125,46.279998779296875,47.0,37996200
2024-11-25,47.2599983215332,47.7400016784668,47.15999984741211,47.5,42718600
2024-11-26,47.5099983215332,47.84000015258789,47.209999084472656,47.75,30301500
2024-11-27,47.81999969482422,47.97999954223633,47.650001525878906,47.77000045776367,23278400
2024-11-29,47.79999923706055,48.08000183105469,47.5,47.5099983215332,23262000
2024-12-02,47.7400016784668,47.81999969482422,46.849998474121094,47.040000915527344,35891500
2024-12-03,47.369998931884766,47.47999954223633,46.650001525878906,46.81999969482422,38123800
2024-12-04,46.689998626708984,46.779998779296875,46.130001068115234,46.369998931884766,24941300
2024-12-05,46.560001373291016,47.2400016784668,46.5,47.0,31572100
2024-12-06,47.060001373291016,47.060001373291016,46.400001525878906,46.75,28931700
2024-12-09,46.560001373291016,46.75,45.900001525878906,45.90999984741211,34660900
2024-12-10,45.90999984741211,46.290000915527344,45.59000015258789,45.75,35665800
2024-12-11,46.0,46.15999984741211,45.470001220703125,46.08000183105469,36790500
2024-12-12,46.13999938964844,46.470001220703125,45.91999816894531,46.08000183105469,24017300
2024-12-13,46.09000015258789,46.099998474121094,45.380001068115234,45.66999816894531,32902300
2024-12-16,45.59000015258789,45.68000030517578,45.15999984741211,45.470001220703125,27330400
2024-12-17,45.189998626708984,45.189998626708984,44.619998931884766,45.04999923706055,33054600
2024-12-18,45.13999938964844,45.43000030517578,43.349998474121094,43.5,41771900
2024-12-19,43.970001220703125,44.47999954223633,43.310001373291016,43.380001068115234,38583600
2024-12-20,43.20000076293945,44.400001525878906,43.099998474121094,44.16999816894531,74222200
2024-12-23,43.900001525878906,44.11000061035156,42.779998779296875,43.88999938964844,35374800
2024-12-24,43.93000030517578,44.41999816894531,43.93000030517578,44.380001068115234,12054400
2024-12-26,44.209999084472656,44.58000183105469,44.11000061035156,44.54999923706055,16077400
2024-12-27,44.2400016784668,44.779998779296875,44.060001373291016,44.34000015258789,17972500
2024-12-30,43.88999938964844,44.13999938964844,43.54999923706055,43.90999984741211,16109800
2024-12-31,44.040000915527344,44.22999954223633,43.709999084472656,43.95000076293945,16110400
2025-01-02,44.13999938964844,44.59000015258789,43.79999923706055,44.290000915527344,25610600
2025-01-03,44.75,44.849998474121094,44.150001525878906,44.810001373291016,23455700
2025-01-06,45.15999984741211,46.150001525878906,45.099998474121094,45.400001525878906,30518500
2025-01-07,46.279998779296875,46.650001525878906,45.650001525878906,46.08000183105469,41111200
2025-01-08,45.900001525878906,46.2599983215332,45.689998626708984,46.209999084472656,40246000
2025-01-10,46.0,46.04999923706055,44.7400016784668,45.11000061035156,40741300
2025-01-13,45.099998474121094,45.34000015258789,44.689998626708984,45.060001373291016,34353600
2025-01-14,45.599998474121094,45.91999816894531,45.22999954223633,45.779998779296875,36379000
2025-01-15,47.119998931884766,47.459999084472656,46.84000015258789,47.099998474121094,57154800
2025-01-16,47.0,47.5099983215332,45.81999969482422,46.63999938964844,56339300
2025-01-17,46.61000061035156,46.880001068115234,46.08000183105469,46.529998779296875,44486100
2025-01-21,46.619998931884766,47.150001525878906,46.540000915527344,46.65999984741211,52089100
2025-01-22,46.599998474121094,46.72999954223633,45.7599983215332,45.790000915527344,40296200
2025-01-23,46.04999923706055,46.88999938964844,46.04999923706055,46.38999938964844,35324100
2025-01-24,46.22999954223633,46.86000061035156,46.150001525878906,46.52000045776367,24655100
2025-01-27,46.54999923706055,47.13999938964844,46.380001068115234,47.09000015258789,44260000
2025-01-28,47.08000183105469,47.439998626708984,46.709999084472656,46.84000015258789,27156600
2025-01-29,46.75,47.38999938964844,46.63999938964844,46.75,23681500
2025-01-30,47.11000061035156,47.16999816894531,46.400001525878906,46.720001220703125,31199900
2025-01-31,46.70000076293945,46.83000183105469,46.15999984741211,46.29999923706055,30388900
2025-02-03,45.41999816894531,46.47999954223633,45.11000061035156,46.209999084472656,36497700
2025-02-04,46.349998474121094,47.130001068115234,46.27000045776367,46.709999084472656,32894000
2025-02-05,46.97999954223633,47.130001068115234,46.63999938964844,47.11000061035156,27696600
2025-02-06,47.439998626708984,47.97999954223633,47.16999816894531,47.7400016784668,39793400
2025-02-07,47.84000015258789,47.970001220703125,47.380001068115234,47.400001525878906,26504700
2025-02-10,47.47999954223633,47.560001373291016,46.400001525878906,46.66999816894531,26725200
2025-02-11,46.54999923706055,46.93000030517578,46.279998779296875,46.790000915527344,20314900
2025-02-12,46.56999969482422,46.58000183105469,45.939998626708984,46.209999084472656,29777100
2025-02-13,46.52000045776367,46.56999969482422,45.970001220703125,46.33000183105469,26815400
2025-02-14,46.47999954223633,47.09000015258789,46.47999954223633,46.959999084472656,25960500
2025-02-18,46.560001373291016,46.650001525878906,46.15999984741211,46.529998779296875,37824100
2025-02-19,45.880001068115234,46.060001373291016,45.41999816894531,46.0099983215332,38967800
2025-02-20,45.900001525878906,46.189998626708984,45.040000915527344,45.29999923706055,40001100
2025-02-21,45.25,45.5099983215332,44.540000915527344,44.810001373291016,43485900
2025-02-24,45.029998779296875,45.38999938964844,44.439998626708984,44.459999084472656,35512200
2025-02-25,44.529998779296875,44.84000015258789,43.349998474121094,43.939998626708984,38119000
2025-02-26,44.040000915527344,44.54999923706055,43.86000061035156,43.939998626708984,32251700
2025-02-27,44.09000015258789,44.779998779296875,43.939998626708984,44.119998931884766,28477700
2025-02-28,44.31999969482422,46.20000076293945,44.20000076293945,46.099998474121094,62621100
2025-03-03,46.209999084472656,46.959999084472656,45.220001220703125,45.560001373291016,46946000
2025-03-04,44.72999954223633,44.84000015258789,42.029998779296875,42.66999816894531,78278100
2025-03-05,42.650001525878906,42.72999954223633,41.709999084472656,42.290000915527344,52588900
2025-03-06,41.59000015258789,41.88999938964844,40.959999084472656,41.459999084472656,58103500
2025-03-07,41.310001373291016,41.72999954223633,40.61000061035156,41.400001525878906,50651400
2025-03-10,40.400001525878906,40.619998931884766,39.18000030517578,39.83000183105469,77498400
2025-03-11,39.70000076293945,40.65999984741211,39.27000045776367,39.61000061035156,50608400
2025-03-12,40.310001373291016,40.5,39.20000076293945,39.90999984741211,42290700
2025-03-13,39.970001220703125,40.189998626708984,39.33000183105469,39.66999816894531,37766100
2025-03-14,40.2599983215332,41.02000045776367,40.16999816894531,40.88999938964844,35979900
2025-03-17,40.91999816894531,41.77000045776367,40.59000015258789,41.439998626708984,37242800
2025-03-18,41.720001220703125,41.83000183105469,41.290000915527344,41.650001525878906,37644500
2025-03-19,41.720001220703125,42.70000076293945,41.29999923706055,42.209999084472656,42471100
2025-03-20,41.7599983215332,42.720001220703125,41.650001525878906,42.47999954223633,41018100
2025-03-21,42.15999984741211,42.65999984741211,41.88999938964844,42.470001220703125,65011000
2025-03-24,42.93000030517578,43.150001525878906,42.75,43.06999969482422,30646100
2025-03-25,43.349998474121094,43.529998779296875,43.040000915527344,43.279998779296875,25445300
2025-03-26,43.459999084472656,43.720001220703125,42.72999954223633,42.81999969482422,30012100
2025-03-27,42.81999969482422,43.09000015258789,42.52000045776367,42.560001373291016,25619200
2025-03-28,42.439998626708984,42.619998931884766,40.9900016784668,41.25,34253000
2025-03-31,40.779998779296875,41.900001525878906,40.599998474121094,41.72999954223633,36390000
2025-04-01,41.31999969482422,41.70000076293945,40.970001220703125,41.4900016784668,25578500
2025-04-02,40.880001068115234,41.970001220703125,40.81999969482422,41.849998474121094,28216100
2025-04-03,38.630001068115234,38.84000015258789,37.02000045776367,37.220001220703125,115497900
2025-04-04,35.290000915527344,35.790000915527344,33.66999816894531,34.38999938964844,107761200
2025-04-07,34.970001220703125,36.630001068115234,33.540000915527344,35.58000183105469,137329100
2025-04-08,36.86000061035156,37.33000183105469,34.33000183105469,35.029998779296875,79116300
2025-04-09,34.04999923706055,37.849998474121094,33.06999969482422,37.150001525878906,161173500
2025-04-10,36.31999969482422,36.400001525878906,34.630001068115234,35.849998474121094,90451800
2025-04-11,35.20000076293945,36.22999954223633,34.810001373291016,35.95000076293945,63671900
2025-04-14,36.4900016784668,36.9900016784668,36.27000045776367,36.66999816894531,46830600
2025-04-15,37.79999923706055,38.75,37.79999923706055,37.9900016784668,84677800
2025-04-16,37.86000061035156,38.15999984741211,36.970001220703125,37.33000183105469,52872700
2025-04-17,37.5099983215332,37.869998931884766,37.2400016784668,37.40999984741211,47144400
2025-04-21,37.06999969482422,37.279998779296875,36.4900016784668,36.91999816894531,34928300
2025-04-22,37.56999969482422,38.4900016784668,37.400001525878906,38.31999969482422,42288900
2025-04-23,39.40999984741211,40.130001068115234,38.66999816894531,38.75,54428400
2025-04-24,38.65999984741211,39.70000076293945,38.599998474121094,39.58000183105469,42457100
2025-04-25,39.540000915527344,39.790000915527344,39.31999969482422,39.689998626708984,32694200
2025-04-28,39.79999923706055,40.08000183105469,39.459999084472656,39.779998779296875,37428000
2025-04-29,39.630001068115234,40.13999938964844,39.47999954223633,39.9900016784668,33792500
2025-04-30,39.36000061035156,40.0,38.81999969482422,39.880001068115234,40994600
2025-05-01,39.81999969482422,40.439998626708984,39.58000183105469,40.16999816894531,33569100
2025-05-02,40.90999984741211,41.22999954223633,40.70000076293945,41.06999969482422,41613000
2025-05-05,40.849998474121094,41.4900016784668,40.619998931884766,41.119998931884766,32829200
2025-05-06,40.650001525878906,41.27000045776367,40.560001373291016,40.84000015258789,29541800
2025-05-07,41.040000915527344,41.34000015258789,40.86000061035156,40.93000030517578,30925900
2025-05-08,41.290000915527344,42.150001525878906,41.25,41.599998474121094,41861700
2025-05-09,41.72999954223633,41.97999954223633,41.689998626708984,41.790000915527344,27222800
2025-05-12,43.31999969482422,43.959999084472656,42.939998626708984,43.36000061035156,44875100
2025-05-13,43.41999816894531,44.4900016784668,43.41999816894531,44.279998779296875,43232500
2025-05-14,44.189998626708984,44.91999816894531,44.130001068115234,44.7400016784668,42419500
2025-05-15,44.599998474121094,44.97999954223633,44.0099983215332,44.380001068115234,47379400
2025-05-16,44.34000015258789,44.790000915527344,43.65999984741211,44.689998626708984,49488100
2025-05-19,44.11000061035156,45.13999938964844,44.11000061035156,44.77000045776367,37915700
2025-05-20,44.59000015258789,44.90999984741211,44.40999984741211,44.689998626708984,33424300
2025-05-21,44.369998931884766,44.4900016784668,43.150001525878906,43.25,55594100
2025-05-22,43.18000030517578,43.56999969482422,42.959999084472656,43.310001373291016,29026200
2025-05-23,42.47999954223633,43.43000030517578,42.349998474121094,43.20000076293945,34875100
2025-05-27,43.790000915527344,44.220001220703125,43.29999923706055,44.220001220703125,36322000
2025-05-28,44.209999084472656,44.439998626708984,43.959999084472656,44.060001373291016,35673800
2025-05-29,44.369998931884766,44.459999084472656,43.900001525878906,44.2400016784668,28545100
2025-05-30,44.189998626708984,44.29999923706055,43.720001220703125,44.130001068115234,66537500
2025-06-02,43.880001068115234,44.150001525878906,43.36000061035156,44.08000183105469,28582600
2025-06-03,44.0099983215332,44.72999954223633,43.939998626708984,44.650001525878906,31320200
2025-06-04,44.599998474121094,45.09000015258789,44.34000015258789,44.36000061035156,30591700
2025-06-05,44.45000076293945,44.58000183105469,44.0099983215332,44.380001068115234,32020900
2025-06-06,44.689998626708984,45.16999816894531,44.63999938964844,44.970001220703125,37013000
2025-06-09,45.11000061035156,45.400001525878906,44.779998779296875,44.869998931884766,32414000
2025-06-10,44.79999923706055,45.20000076293945,44.75,45.09000015258789,32229100
2025-06-11,45.20000076293945,45.40999984741211,44.54999923706055,44.72999954223633,47873500
2025-06-12,44.400001525878906,44.650001525878906,44.02000045776367,44.619998931884766,30165400
2025-06-13,44.0,44.459999084472656,43.65999984741211,44.09000015258789,43281700
2025-06-16,44.63999938964844,44.88999938964844,44.349998474121094,44.40999984741211,34103600
2025-06-17,44.27000045776367,44.66999816894531,44.060001373291016,44.22999954223633,27489600
2025-06-18,44.2599983215332,45.20000076293945,44.209999084472656,45.060001373291016,37684700
2025-06-20,45.310001373291016,45.650001525878906,45.27000045776367,45.5,64591600
2025-06-23,45.400001525878906,46.369998931884766,45.11000061035156,46.29999923706055,42683600
2025-06-24,46.75,47.189998626708984,46.56999969482422,46.65999984741211,45437600
2025-06-25,46.58000183105469,46.97999954223633,46.459999084472656,46.849998474121094,33532400
2025-06-26,46.95000076293945,47.58000183105469,46.900001525878906,47.459999084472656,40127000
2025-06-27,47.45000076293945,47.66999816894531,46.90999984741211,47.119998931884766,56705000
2025-06-30,47.619998931884766,47.619998931884766,47.029998779296875,47.31999969482422,47921200
2025-07-01,47.02000045776367,48.41999816894531,46.939998626708984,48.150001525878906,48540900
2025-07-02,48.36000061035156,48.72999954223633,48.060001373291016,48.709999084472656,48003600
2025-07-03,48.95000076293945,49.310001373291016,48.810001373291016,48.93000030517578,21620300
2025-07-07,48.7400016784668,49.209999084472656,48.369998931884766,48.65999984741211,35567900
2025-07-08,47.5,47.790000915527344,46.7599983215332,47.150001525878906,88086500
2025-07-09,47.15999984741211,47.45000076293945,46.709999084472656,46.84000015258789,46227900
2025-07-10,46.900001525878906,47.220001220703125,46.779998779296875,46.970001220703125,44225000
2025-07-11,46.63999938964844,46.810001373291016,46.25,46.72999954223633,31653000
2025-07-14,46.810001373291016,47.06999969482422,46.54999923706055,47.06999969482422,36381200
2025-07-15,46.880001068115234,47.0099983215332,45.95000076293945,46.150001525878906,55145000
2025-07-16,46.25,46.560001373291016,45.0099983215332,46.029998779296875,61296600
2025-07-17,45.63999938964844,47.220001220703125,45.439998626708984,47.02000045776367,56480700
2025-07-18,47.0099983215332,47.380001068115234,46.900001525878906,47.31999969482422,48314200
2025-07-21,47.540000915527344,48.040000915527344,47.20000076293945,47.47999954223633,32199700
2025-07-22,47.599998474121094,48.16999816894531,47.459999084472656,47.77000045776367,34749400
2025-07-23,48.0099983215332,48.310001373291016,47.810001373291016,48.13999938964844,31380100
2025-07-24,48.4900016784668,49.0,48.209999084472656,48.38999938964844,42967600
2025-07-25,48.38999938964844,48.54999923706055,47.939998626708984,48.45000076293945,24461200
2025-07-28,48.45000076293945,48.540000915527344,48.08000183105469,48.22999954223633,20590400
2025-07-29,48.38999938964844,48.5099983215332,47.88999938964844,47.95000076293945,26216500
2025-07-30,48.2599983215332,48.5,47.7400016784668,47.959999084472656,32265900
2025-07-31,47.7599983215332,48.029998779296875,47.189998626708984,47.27000045776367,40016300
2025-08-01,46.36000061035156,46.40999984741211,45.31999969482422,45.65999984741211,52310400
2025-08-04,45.959999084472656,46.11000061035156,45.63999938964844,45.849998474121094,31038900
2025-08-05,45.95000076293945,46.0,44.75,45.560001373291016,36798300
2025-08-06,45.709999084472656,45.939998626708984,45.38999938964844,45.41999816894531,27916800
2025-08-07,45.709999084472656,45.7599983215332,44.779998779296875,44.91999816894531,30609900
2025-08-08,45.150001525878906,46.29999923706055,44.97999954223633,46.0099983215332,37131600
2025-08-11,46.060001373291016,46.52000045776367,45.810001373291016,46.15999984741211,35559400
2025-08-12,46.47999954223633,47.65999984741211,46.36000061035156,47.5,35481200
2025-08-13,47.68000030517578,47.7599983215332,46.9900016784668,47.2400016784668,29465100
2025-08-14,47.09000015258789,47.72999954223633,46.88999938964844,47.709999084472656,21073800
2025-08-15,47.75,47.81999969482422,46.900001525878906,46.939998626708984,26276900
2025-08-18,46.91999816894531,48.040000915527344,46.790000915527344,47.91999816894531,43125100
2025-08-19,47.81999969482422,48.119998931884766,47.630001068115234,48.08000183105469,33783400
2025-08-20,48.16999816894531,48.5,47.869998931884766,48.349998474121094,30822200
2025-08-21,48.27000045776367,48.4900016784668,47.810001373291016,48.2599983215332,28713200
2025-08-22,48.52000045776367,49.65999984741211,48.459999084472656,49.47999954223633,45078900
2025-08-25,49.38999938964844,49.65999984741211,49.209999084472656,49.47999954223633,34715700
2025-08-26,49.25,50.2599983215332,49.25,50.25,40609300
2025-08-27,50.029998779296875,50.630001068115234,49.9900016784668,50.380001068115234,42428200
2025-08-28,50.54999923706055,50.63999938964844,50.279998779296875,50.4900016784668,32949400
2025-08-29,50.5099983215332,50.91999816894531,50.5099983215332,50.7400016784668,32496500
2025-09-02,50.220001220703125,50.470001220703125,49.66999816894531,50.41999816894531,52719800
2025-09-03,50.400001525878906,50.56999969482422,49.70000076293945,50.060001373291016,38344200
2025-09-04,50.2400016784668,50.83000183105469,50.119998931884766,50.619998931884766,34796900
2025-09-05,50.439998626708984,50.790000915527344,49.22999954223633,49.77000045776367,40063300
2025-09-08,49.79999923706055,49.90999984741211,48.880001068115234,49.459999084472656,48033100
2025-09-09,49.5,50.560001373291016,49.459999084472656,50.290000915527344,40060100
2025-09-10,50.369998931884766,50.630001068115234,49.970001220703125,50.130001068115234,31706300
2025-09-11,50.13999938964844,50.959999084472656,49.9900016784668,50.75,28055200
2025-09-12,50.70000076293945,50.93000030517578,50.459999084472656,50.58000183105469,27851100
2025-09-15,50.849998474121094,51.09000015258789,50.459999084472656,50.59000015258789,29043600
2025-09-16,50.63999938964844,50.880001068115234,50.209999084472656,50.65999984741211,31624400
2025-09-17,50.86000061035156,51.630001068115234,50.790000915527344,51.400001525878906,38337900
2025-09-18,51.4900016784668,52.189998626708984,51.29999923706055,52.130001068115234,35246900
2025-09-19,52.150001525878906,52.65999984741211,51.7599983215332,52.25,98970700
2025-09-22,51.7599983215332,52.349998474121094,51.7599983215332,51.91999816894531,27468000
2025-09-23,52.0,52.880001068115234,51.52000045776367,51.70000076293945,28278200
2025-09-24,51.849998474121094,52.25,51.459999084472656,51.70000076293945,27010400
2025-09-25,51.47999954223633,52.33000183105469,51.439998626708984,51.849998474121094,22957900
2025-09-26,52.11000061035156,52.619998931884766,51.97999954223633,52.209999084472656,20025800
2025-09-29,52.36000061035156,52.54999923706055,52.11000061035156,52.41999816894531,23701000
2025-09-30,52.47999954223633,52.56999969482422,51.02000045776367,51.59000015258789,29945000
2025-10-01,51.29999923706055,51.68000030517578,50.560001373291016,50.68000030517578,27709100
2025-10-02,50.650001525878906,50.849998474121094,50.06999969482422,50.47999954223633,22757200
2025-10-03,50.619998931884766,51.130001068115234,50.54999923706055,50.63999938964844,24565700
2025-10-06,50.93000030517578,51.31999969482422,49.88999938964844,50.38999938964844,25386300
2025-10-07,50.54999923706055,50.90999984741211,50.130001068115234,50.290000915527344,24107300
2025-10-08,50.400001525878906,50.5099983215332,49.779998779296875,49.84000015258789,24014200
2025-10-09,50.0,50.279998779296875,49.66999816894531,49.790000915527344,21816900
2025-10-10,49.93000030517578,50.13999938964844,48.54999923706055,48.650001525878906,31831900
2025-10-13,49.20000076293945,49.400001525878906,48.810001373291016,48.86000061035156,34462800
2025-10-14,48.849998474121094,50.5,48.529998779296875,50.09000015258789,42462600
2025-10-15,51.56999969482422,52.849998474121094,51.22999954223633,52.279998779296875,69992200
2025-10-16,52.599998474121094,52.7599983215332,50.0,50.439998626708984,49027700
2025-10-17,50.95000076293945,51.77000045776367,50.33000183105469,51.279998779296875,48915400
2025-10-20,51.439998626708984,52.279998779296875,51.369998931884766,52.040000915527344,25786000
2025-10-21,52.09000015258789,52.369998931884766,51.439998626708984,51.52000045776367,27303400
2025-10-22,51.5,51.58000183105469,50.439998626708984,51.099998474121094,34955000
2025-10-23,51.47999954223633,51.79999923706055,51.11000061035156,51.7599983215332,26028800
2025-10-24,51.849998474121094,52.81999969482422,51.849998474121094,52.56999969482422,38923900
2025-10-27,52.79999923706055,53.06999969482422,52.529998779296875,53.02000045776367,27345800
2025-10-28,53.0,53.279998779296875,52.34000015258789,52.869998931884766,29575200
2025-10-29,52.65999984741211,53.0099983215332,52.31999969482422,52.58000183105469,29158800
2025-10-30,52.66999816894531,53.439998626708984,52.560001373291016,53.029998779296875,37548600
2025-10-31,52.790000915527344,53.63999938964844,52.77000045776367,53.45000076293945,39295700
2025-11-03,53.2599983215332,53.63999938964844,52.709999084472656,53.560001373291016,31252300
2025-11-04,53.02000045776367,54.0,52.720001220703125,53.540000915527344,47226600
2025-11-05,52.959999084472656,53.06999969482422,51.7400016784668,52.45000076293945,54353600
2025-11-06,53.41999816894531,53.75,52.77000045776367,53.290000915527344,55296000
2025-11-07,53.150001525878906,53.58000183105469,52.709999084472656,53.20000076293945,40537700
2025-11-10,53.40999984741211,53.9900016784668,53.34000015258789,53.41999816894531,26094600
2025-11-11,53.75,53.97999954223633,53.279998779296875,53.630001068115234,22244300
2025-11-12,53.88999938964844,54.689998626708984,53.77000045776367,54.11000061035156,40536700
2025-11-13,53.790000915527344,54.209999084472656,52.77000045776367,52.869998931884766,37716100
2025-11-14,52.86000061035156,52.900001525878906,52.029998779296875,52.61000061035156,32363100
2025-11-17,52.58000183105469,52.58000183105469,51.38999938964844,51.47999954223633,35546800
2025-11-18,51.279998779296875,52.18000030517578,51.150001525878906,51.63999938964844,35189500
2025-11-19,51.66999816894531,52.4900016784668,51.66999816894531,52.02000045776367,28112300
2025-11-20,52.5,52.95000076293945,50.970001220703125,51.0,36661600
2025-11-21,51.290000915527344,51.779998779296875,50.70000076293945,51.560001373291016,43867200
2025-11-24,51.650001525878906,52.2400016784668,51.400001525878906,51.93000030517578,52852100
2025-11-25,52.25,52.880001068115234,51.86000061035156,52.47999954223633,41310100
2025-11-26,52.70000076293945,53.25,52.54999923706055,52.9900016784668,32045600
2025-11-28,53.11000061035156,53.939998626708984,53.04999923706055,53.650001525878906,18920800
2025-12-01,53.5,53.900001525878906,53.209999084472656,53.2400016784668,30536500
2025-12-02,53.529998779296875,53.63999938964844,52.970001220703125,53.189998626708984,46073500
2025-12-03,53.25,54.2400016784668,53.18000030517578,54.09000015258789,37134400
2025-12-04,54.209999084472656,54.689998626708984,54.0,54.15999984741211,38529600
2025-12-05,53.93000030517578,54.83000183105469,53.7400016784668,53.95000076293945,33986500
2025-12-08,53.900001525878906,54.209999084472656,53.4900016784668,53.900001525878906,34386600
2025-12-09,53.970001220703125,54.279998779296875,53.27000045776367,53.540000915527344,47189300
2025-12-10,53.59000015258789,54.54999923706055,53.34000015258789,54.08000183105469,54424400
2025-12-11,53.95000076293945,54.650001525878906,53.75,54.560001373291016,35686900
2025-12-12,54.779998779296875,55.29999923706055,54.349998474121094,55.13999938964844,40539400
2025-12-15,55.40999984741211,56.06999969482422,55.06999969482422,55.33000183105469,32881300
2025-12-16,55.13999938964844,55.349998474121094,54.689998626708984,54.810001373291016,32931900
2025-12-17,55.119998931884766,55.56999969482422,54.459999084472656,54.54999923706055,35304100
2025-12-18,54.79999923706055,55.150001525878906,53.77000045776367,54.2599983215332,87452700
2025-12-19,54.52000045776367,55.310001373291016,54.380001068115234,55.27000045776367,73001900
2025-12-22,55.369998931884766,56.11000061035156,55.34000015258789,55.880001068115234,33408800
2025-12-23,55.810001373291016,56.220001220703125,55.810001373291016,55.970001220703125,22274600
2025-12-24,56.130001068115234,56.5,55.88999938964844,56.25,13634400
2025-12-26,56.279998779296875,56.54999923706055,56.029998779296875,56.16999816894531,15259400
2025-12-29,56.11000061035156,56.25,55.27000045776367,55.349998474121094,21040100
2025-12-30,55.4900016784668,55.63999938964844,55.16999816894531,55.279998779296875,17427600
2025-12-31,55.31999969482422,55.41999816894531,54.93000030517578,55.0,16293000
2026-01-02,55.029998779296875,55.9900016784668,54.880001068115234,55.95000076293945,25503600
2026-01-05,56.16999816894531,57.54999923706055,56.13999938964844,56.88999938964844,36096600
2026-01-06,57.0099983215332,57.40999984741211,56.75,57.25,31791900
2026-01-07,56.689998626708984,56.810001373291016,55.439998626708984,55.63999938964844,49695500
2026-01-08,55.47999954223633,56.58000183105469,55.470001220703125,56.18000030517578,30933700
2026-01-09,56.16999816894531,56.61000061035156,55.790000915527344,55.849998474121094,30768800
2026-01-12,55.290000915527344,55.45000076293945,54.72999954223633,55.189998626708984,45860600
2026-01-13,55.27000045776367,55.52000045776367,54.29999923706055,54.540000915527344,43542200
2026-01-14,52.880001068115234,53.47999954223633,51.65999984741211,52.47999954223633,84750000
2026-01-15,52.720001220703125,53.040000915527344,52.22999954223633,52.59000015258789,51018300
2026-01-16,52.689998626708984,53.380001068115234,52.25,52.970001220703125,52178400
2026-01-20,52.31999969482422,53.47999954223633,51.959999084472656,52.099998474121094,49172700
2026-01-21,52.22999954223633,52.86000061035156,52.04999923706055,52.06999969482422,36340000
2026-01-22,52.470001220703125,53.130001068115234,52.33000183105469,52.45000076293945,31229200
2026-01-23,52.11000061035156,52.20000076293945,51.380001068115234,51.720001220703125,34553500
2026-01-26,51.79999923706055,52.279998779296875,51.66999816894531,52.02000045776367,27728400
2026-01-27,52.209999084472656,52.25,51.810001373291016,52.16999816894531,26494300
2026-01-28,51.95000076293945,52.13999938964844,51.310001373291016,51.810001373291016,35030200
2026-01-29,51.97999954223633,53.09000015258789,51.95000076293945,53.08000183105469,35200500
2026-01-30,52.869998931884766,53.40999984741211,52.77000045776367,53.20000076293945,34549100
2026-02-02,53.20000076293945,54.09000015258789,52.95000076293945,54.029998779296875,34624500
2026-02-03,54.20000076293945,55.119998931884766,53.68000030517578,54.45000076293945,41208400
2026-02-04,54.779998779296875,56.040000915527344,54.709999084472656,55.380001068115234,54522500
2026-02-05,55.02000045776367,55.290000915527344,54.25,54.939998626708984,32959700
2026-02-06,55.54999923706055,56.869998931884766,55.290000915527344,56.529998779296875,42468000
2026-02-09,56.38999938964844,56.720001220703125,56.18000030517578,56.40999984741211,31968400
2026-02-10,56.439998626708984,56.83000183105469,54.27000045776367,55.38999938964844,48304700
2026-02-11,55.970001220703125,56.11000061035156,53.2400016784668,53.849998474121094,48973500
2026-02-12,53.90999984741211,53.939998626708984,51.790000915527344,52.52000045776367,55481600
2026-02-13,51.90999984741211,52.81999969482422,51.439998626708984,52.54999923706055,31772100
2026-02-17,53.040000915527344,53.54999923706055,52.619998931884766,52.7400016784668,35542400
2026-02-18,52.9900016784668,53.61000061035156,52.790000915527344,53.36000061035156,30698900
2026-02-19,51.90999984741211,52.810001373291016,51.83000183105469,52.77000045776367,47148600
2026-02-20,52.529998779296875,53.09000015258789,51.83000183105469,53.060001373291016,33552000
2026-02-23,52.84000015258789,53.2599983215332,50.88999938964844,51.06999969482422,50602500
2026-02-24,50.7400016784668,50.880001068115234,49.470001220703125,50.40999984741211,53062700
2026-02-25,50.33000183105469,51.77000045776367,50.310001373291016,51.689998626708984,41375000
2026-02-26,51.880001068115234,52.66999816894531,51.7400016784668,52.29999923706055,52418500
2026-02-27,51.08000183105469,51.40999984741211,49.31999969482422,49.83000183105469,77728700
2026-03-02,48.779998779296875,50.41999816894531,48.58000183105469,49.810001373291016,40595200
2026-03-03,48.7599983215332,50.5099983215332,48.5,49.970001220703125,51242900
2026-03-04,49.88999938964844,50.40999984741211,49.209999084472656,50.29999923706055,34208500
2026-03-05,49.81999969482422,50.43000030517578,49.33000183105469,49.810001373291016,39073900
2026-03-06,48.54999923706055,48.70000076293945,47.619998931884766,48.63999938964844,47016000
2026-03-09,47.939998626708984,48.150001525878906,46.77000045776367,47.900001525878906,62752800
2026-03-10,48.279998779296875,49.150001525878906,47.599998474121094,48.560001373291016,50271100
2026-03-11,48.36000061035156,48.650001525878906,47.779998779296875,48.52000045776367,42185800
2026-03-12,47.70000076293945,47.779998779296875,46.790000915527344,47.130001068115234,58354500
2026-03-13,47.52000045776367,47.81999969482422,46.65999984741211,46.720001220703125,45473100
2026-03-16,47.119998931884766,47.68000030517578,46.900001525878906,47.060001373291016,38055600
2026-03-17,47.65999984741211,48.08000183105469,47.20000076293945,47.279998779296875,33427800
2026-03-18,47.220001220703125,47.880001068115234,46.689998626708984,46.83000183105469,40251800
2026-03-19,46.41999816894531,47.189998626708984,46.119998931884766,47.0099983215332,38601400
2026-03-20,47.130001068115234,47.459999084472656,46.689998626708984,47.15999984741211,78060900
2026-03-23,48.34000015258789,48.38999938964844,47.47999954223633,47.52000045776367,42333200
2026-03-24,47.04999923706055,48.459999084472656,47.02000045776367,48.13999938964844,39804100
2026-03-25,48.52000045776367,49.11000061035156,48.18000030517578,48.75,29988300
2026-03-26,48.709999084472656,48.869998931884766,48.029998779296875,48.2400016784668,32502600
2026-03-27,48.06999969482422,48.25,46.84000015258789,46.970001220703125,36781900
2026-03-30,47.54999923706055,47.86000061035156,46.93000030517578,47.22999954223633,43375900
2026-03-31,47.68000030517578,48.77000045776367,47.369998931884766,48.75,49060600
2026-04-01,49.70000076293945,50.04999923706055,48.779998779296875,49.27000045776367,32947000
2026-04-02,48.75,49.56999969482422,48.15999984741211,49.380001068115234,27548200
2026-04-06,49.43000030517578,50.119998931884766,49.25,50.060001373291016,28507200
2026-04-07,49.79999923706055,50.47999954223633,49.619998931884766,50.279998779296875,28473200
2026-04-08,51.939998626708984,52.2599983215332,51.369998931884766,51.880001068115234,36473500
2026-04-09,51.630001068115234,52.84000015258789,51.630001068115234,52.709999084472656,32008000
2026-04-10,52.79999923706055,52.83000183105469,52.20000076293945,52.540000915527344,25225300
2026-04-13,52.18000030517578,53.439998626708984,51.849998474121094,53.349998474121094,27835300
2026-04-14,53.099998474121094,53.56999969482422,52.79999923706055,53.349998474121094,40178500
2026-04-15,54.25,55.400001525878906,53.709999084472656,54.31999969482422,63838200
2026-04-16,54.040000915527344,54.5099983215332,53.470001220703125,53.5099983215332,35206700
2026-04-17,54.15999984741211,54.599998474121094,53.75,53.90999984741211,43484700
2026-04-20,53.5,53.95000076293945,53.18000030517578,53.95000076293945,43999200
2026-04-21,54.0,54.650001525878906,53.209999084472656,53.47999954223633,34266300
2026-04-22,53.66999816894531,53.79999923706055,53.0,53.119998931884766,24097600
2026-04-23,53.060001373291016,53.52000045776367,52.25,52.470001220703125,31956300
2026-04-24,52.31999969482422,52.5099983215332,51.93000030517578,52.04999923706055,30265400
2026-04-27,51.9900016784668,52.93000030517578,51.83000183105469,52.630001068115234,28043700
2026-04-28,53.02000045776367,53.43000030517578,52.630001068115234,52.65999984741211,21164100
2026-04-29,52.43000030517578,53.02000045776367,51.83000183105469,52.880001068115234,26250700
2026-04-30,52.61000061035156,53.65999984741211,52.150001525878906,53.459999084472656,27089200
2026-05-01,53.689998626708984,54.060001373291016,53.09000015258789,53.2400016784668,24825000
2026-05-04,53.06999969482422,53.06999969482422,52.0,52.189998626708984,42929000
2026-05-05,52.56999969482422,53.36000061035156,52.279998779296875,53.119998931884766,28458600
2026-05-06,53.81999969482422,54.20000076293945,53.470001220703125,53.599998474121094,27541200
2026-05-07,53.54999923706055,54.0,52.5,52.75,28682100
2026-05-08,52.97999954223633,53.0099983215332,51.099998474121094,51.310001373291016,36111200
2026-05-11,51.209999084472656,51.38999938964844,50.27000045776367,50.54999923706055,33132200
2026-05-12,50.86000061035156,51.08000183105469,49.84000015258789,50.779998779296875,33518800
2026-05-13,50.36000061035156,50.779998779296875,49.79999923706055,49.84000015258789,29838000
2026-05-14,50.060001373291016,50.470001220703125,49.4900016784668,49.849998474121094,37671800
2026-05-15,49.619998931884766,49.9900016784668,49.29999923706055,49.77000045776367,46282300
2026-05-18,49.720001220703125,50.91999816894531,49.720001220703125,50.689998626708984,33404100
2026-05-19,50.72999954223633,51.279998779296875,50.380001068115234,50.70000076293945,44154600
2026-05-20,50.9900016784668,51.58000183105469,50.4900016784668,51.22999954223633,47739400
2026-05-21,51.0,51.5,50.7599983215332,51.4900016784668,27461900
2026-05-22,51.689998626708984,52.150001525878906,51.650001525878906,51.79999923706055,26683700
2026-05-26,52.220001220703125,52.5,51.880001068115234,52.20000076293945,27397600
2026-05-27,52.38999938964844,52.4900016784668,50.7599983215332,51.099998474121094,48581500
2026-05-28,50.91999816894531,51.5,50.63999938964844,50.77000045776367,48550100
2026-05-29,50.970001220703125,51.79999923706055,50.61000061035156,51.599998474121094,57930600
2026-06-01,51.310001373291016,51.83000183105469,50.849998474121094,51.5099983215332,34303700
2026-06-02,51.2599983215332,52.709999084472656,51.2599983215332,52.47999954223633,42126500
2026-06-03,52.2599983215332,52.54999923706055,51.220001220703125,52.400001525878906,48065400
2026-06-04,53.130001068115234,54.33000183105469,52.79999923706055,54.16999816894531,51883600
2026-06-05,54.16999816894531,54.279998779296875,53.31999969482422,53.83000183105469,38829400
2026-06-08,53.720001220703125,54.349998474121094,53.56999969482422,53.630001068115234,30332100
2026-06-09,54.0,54.619998931884766,53.650001525878906,54.41999816894531,32329000
2026-06-10,54.540000915527344,55.29999923706055,54.220001220703125,54.540000915527344,37025500
2026-06-11,54.720001220703125,55.310001373291016,54.06999969482422,55.15999984741211,31746300
2026-06-12,55.36000061035156,56.189998626708984,55.2599983215332,56.02000045776367,32989000
2026-06-15,56.619998931884766,57.0,55.7400016784668,55.869998931884766,31666500
2026-06-16,56.5,57.06999969482422,56.22999954223633,56.84000015258789,33409800
2026-06-17,57.13999938964844,57.97999954223633,56.29999923706055,56.529998779296875,40439300
2026-06-18,57.22999954223633,57.33000183105469,56.029998779296875,56.20000076293945,70438800
2026-06-22,56.849998474121094,57.72999954223633,56.810001373291016,57.369998931884766,38653800
2026-06-23,57.52000045776367,58.0099983215332,57.20000076293945,57.90999984741211,30045700
2026-06-24,58.209999084472656,58.33000183105469,57.38999938964844,57.72999954223633,30324900
2026-06-25,57.849998474121094,59.20000076293945,57.849998474121094,58.189998626708984,33747400
2026-06-26,58.540000915527344,58.630001068115234,57.439998626708984,57.880001068115234,48757600
2026-06-29,57.7599983215332,58.34000015258789,57.61000061035156,57.880001068115234,28920800
2026-06-30,57.470001220703125,57.75,56.84000015258789,56.97999954223633,41324600
2026-07-01,57.130001068115234,58.47999954223633,56.849998474121094,58.36000061035156,35288400
2026-07-02,58.939998626708984,59.0,57.939998626708984,58.72999954223633,29329700
2026-07-06,59.13999938964844,59.939998626708984,58.91999816894531,59.900001525878906,34645400
2026-07-07,60.290000915527344,60.83000183105469,59.790000915527344,59.86000061035156,29306100
2026-07-08,59.369998931884766,59.56999969482422,58.29999923706055,58.29999923706055,29802400
2026-07-09,58.45000076293945,59.43000030517578,58.40999984741211,59.25,29203400
2026-07-10,59.63999938964844,59.869998931884766,59.38999938964844,59.66999816894531,21916600
2026-07-13,59.70000076293945,60.04999923706055,58.849998474121094,59.5,27837800
2026-07-14,59.0,61.209999084472656,58.66999816894531,60.619998931884766,49432700
2026-07-15,61.31999969482422,62.029998779296875,61.11000061035156,61.59000015258789,43361000
2026-07-16,61.97999954223633,62.0,60.9900016784668,61.4900016784668,37351900
2026-07-17,61.25,62.119998931884766,60.65999984741211,61.27000045776367,45045200
2026-07-20,61.349998474121094,61.4900016784668,60.369998931884766,60.41999816894531,30741100
2026-07-21,60.900001525878906,61.529998779296875,60.06999969482422,61.220001220703125,31631600
2026-07-22,61.400001525878906,61.900001525878906,61.150001525878906,61.619998931884766,51484900
