Date,Open,High,Low,Close,Volume
2018-07-23,189.2506103515625,190.87026977539062,188.75100708007812,190.4915313720703,1498011
2018-07-24,191.53102111816406,193.65028381347656,190.4109649658203,190.83802795410156,2392896
2018-07-25,191.1200714111328,193.8356170654297,190.52377319335938,193.5858154296875,2339657
2018-07-26,194.35939025878906,195.82594299316406,193.1345672607422,194.39161682128906,1868822
2018-07-27,194.9879150390625,196.7203826904297,193.44883728027344,194.06930541992188,1508187
2018-07-30,194.0128936767578,196.8976593017578,193.40853881835938,193.74697875976562,1505085
2018-07-31,195.4230499267578,200.33843994140625,195.35858154296875,198.1224822998047,2340774
2018-08-01,197.98548889160156,197.98548889160156,193.94036865234375,194.27880859375,1361005
2018-08-02,193.39242553710938,194.93955993652344,192.4093475341797,194.294921875,1278230
2018-08-03,193.90008544921875,196.6720428466797,193.5455322265625,196.06768798828125,1194214
2018-08-06,195.2941131591797,197.8485107421875,195.2941131591797,197.52618408203125,1501238
2018-08-07,198.1063690185547,201.2006378173828,197.171630859375,199.7179718017578,1420573
2018-08-08,199.67767333984375,200.06446838378906,197.73570251464844,197.8162841796875,1102753
2018-08-09,198.22723388671875,199.08944702148438,197.25221252441406,197.26026916503906,1384460
2018-08-10,196.76873779296875,196.76873779296875,193.66639709472656,194.81063842773438,1840527
2018-08-13,195.0040283203125,195.54391479492188,193.52134704589844,194.19017028808594,1117024
2018-08-14,194.64141845703125,198.2675323486328,194.64141845703125,196.37388610839844,1289151
2018-08-15,195.86624145507812,196.63980102539062,193.3118438720703,196.1966094970703,1135887
2018-08-16,197.4375457763672,200.37066650390625,197.01853942871094,198.42868041992188,1279719
2018-08-17,198.25946044921875,199.39564514160156,197.80821228027344,198.9846954345703,997516
2018-08-20,199.3070068359375,201.385986328125,199.3070068359375,200.4754180908203,1279967
2018-08-21,200.4754180908203,203.2957305908203,200.4754180908203,202.34487915039062,1568376
2018-08-22,201.56324768066406,202.07090759277344,198.71072387695312,198.9846954345703,1449736
2018-08-23,198.92022705078125,199.5648651123047,196.4625244140625,196.99435424804688,1495901
2018-08-24,197.95326232910156,198.2836456298828,197.00241088867188,197.4375457763672,1323030
2018-08-27,198.50120544433594,201.32151794433594,198.50120544433594,200.56405639648438,2048767
2018-08-28,201.0153045654297,201.1845245361328,199.24253845214844,199.5406951904297,1064654
2018-08-29,199.93553161621094,200.14505004882812,198.8718719482422,199.5165252685547,1218290
2018-08-30,199.40370178222656,199.78244018554688,198.1063690185547,198.8235321044922,1453707
2018-08-31,198.565673828125,198.75100708007812,196.1643829345703,196.57534790039062,1831716
2018-09-04,196.53504943847656,196.55921936035156,194.0612335205078,194.43191528320312,2347227
2018-09-05,194.24658203125,197.5745391845703,193.69862365722656,197.22804260253906,2344497
2018-09-06,196.7284393310547,199.13778686523438,195.85012817382812,198.38034057617188,1327125
2018-09-07,197.4214324951172,200.10475158691406,196.6559295654297,198.20306396484375,1510669
2018-09-10,198.2917022705078,202.24012756347656,197.8485107421875,201.0072479248047,1526306
2018-09-11,200.55599975585938,201.56324768066406,199.2747802734375,200.93472290039062,1429012
2018-09-12,200.93472290039062,204.89122009277344,200.31427001953125,203.8517303466797,1933726
2018-09-13,205.06044006347656,207.35696411132812,203.69056701660156,204.0048370361328,2131542
2018-09-14,204.19017028808594,207.01853942871094,204.11764526367188,205.83399963378906,1555345
2018-09-17,207.30862426757812,208.90411376953125,204.40773010253906,206.06768798828125,2763087
2018-09-18,201.24093627929688,201.450439453125,194.37550354003906,194.66558837890625,8614029
2018-09-19,194.43997192382812,196.22079467773438,192.29653930664062,195.713134765625,4081277
2018-09-20,197.139404296875,199.49234008789062,196.7364959716797,198.8799285888672,2953456
2018-09-21,200.82997131347656,202.21595764160156,198.89605712890625,199.2908935546875,2965742
2018-09-24,198.66236877441406,199.12973022460938,195.51168823242188,196.48670959472656,2130301
2018-09-25,196.8734893798828,197.03465270996094,192.4254608154297,192.74778747558594,3625085
2018-09-26,193.04592895507812,195.9629364013672,192.50604248046875,194.286865234375,2818187
2018-09-27,194.5527801513672,195.14907836914062,192.78807067871094,193.95648193359375,1765074
2018-09-28,193.3279571533203,194.34327697753906,191.385986328125,194.0290069580078,2280586
2018-10-01,195.39080810546875,196.25302124023438,192.884765625,193.3360137939453,1771031
2018-10-02,192.97340393066406,194.14987182617188,192.4335174560547,192.5866241455078,1518612
2018-10-03,192.860595703125,196.09991455078125,192.8525390625,194.14987182617188,1574829
2018-10-04,194.0451202392578,195.31829833984375,191.51490783691406,192.64303588867188,1366713
2018-10-05,192.5946807861328,193.07009887695312,187.69540405273438,190.21755981445312,1886941
2018-10-08,189.2989501953125,192.26429748535156,187.5745391845703,189.35536193847656,1896000
2018-10-09,188.8799285888672,189.16197204589844,184.64947509765625,185.13294982910156,2070857
2018-10-10,184.64947509765625,184.9718017578125,178.36422729492188,178.45286560058594,3195947
2018-10-11,177.68734741210938,181.06365966796875,174.7058868408203,175.19741821289062,3399968
2018-10-12,180.61241149902344,181.11199951171875,175.38275146484375,178.0821990966797,3560677
2018-10-15,178.02578735351562,178.614013671875,176.55116271972656,178.0983123779297,2824888
2018-10-16,179.62933349609375,182.3932342529297,178.63819885253906,182.25624084472656,2137126
2018-10-17,182.1112060546875,182.1112060546875,179.24253845214844,180.06446838378906,1709850
2018-10-18,179.2908935546875,180.040283203125,174.12570190429688,175.09266662597656,2366339
2018-10-19,175.38275146484375,177.8726806640625,174.83480834960938,177.115234375,2098531
2018-10-22,177.07493591308594,177.8162841796875,174.89122009277344,175.9871063232422,1695578
2018-10-23,173.2876739501953,176.8332061767578,170.9750213623047,175.9709930419922,2424666
2018-10-24,174.5527801513672,176.80902099609375,168.2917022705078,168.57373046875,2691109
2018-10-25,170.2900848388672,173.65834045410156,169.66961669921875,172.26429748535156,2026181
2018-10-26,169.92747497558594,172.64303588867188,167.68734741210938,169.64544677734375,2082522
2018-10-29,172.08702087402344,173.95648193359375,167.52618408203125,170.05641174316406,1683292
2018-10-30,170.08863830566406,174.9718017578125,169.94358825683594,174.48025512695312,1616278
2018-10-31,176.53504943847656,179.5809783935547,176.53504943847656,177.5503692626953,2136754
2018-11-01,178.0821990966797,181.41015625,175.9468231201172,180.53182983398438,1908286
2018-11-02,182.65109252929688,183.44078063964844,177.63900756835938,178.614013671875,2244224
2018-11-05,178.96856689453125,180.58016967773438,178.549560546875,179.37953186035156,1560185
2018-11-06,179.3231201171875,183.05398559570312,178.8235321044922,182.73167419433594,1554601
2018-11-07,184.0209503173828,186.59146118164062,181.4423828125,186.36582946777344,1599897
2018-11-08,185.61643981933594,186.79290771484375,183.6019287109375,184.85092163085938,1290268
2018-11-09,184.5286102294922,185.0120849609375,179.41983032226562,180.82191467285156,2103495
2018-11-12,180.9750213623047,181.45849609375,176.28524780273438,176.97824096679688,1958050
2018-11-13,177.91297912597656,181.50685119628906,177.30862426757812,179.2989501953125,1348347
2018-11-14,180.93472290039062,183.1587371826172,179.68572998046875,181.434326171875,1712952
2018-11-15,179.87913513183594,184.89927673339844,178.8718719482422,183.5697021484375,1595802
2018-11-16,182.8203125,183.8597869873047,180.9750213623047,182.66720581054688,1539957
2018-11-19,182.48187255859375,184.5205535888672,181.05560302734375,182.35293579101562,1372794
2018-11-20,179.46817016601562,180.63658142089844,177.29251098632812,178.35617065429688,2010792
2018-11-21,179.17002868652344,182.35293579101562,179.17002868652344,179.33119201660156,1265696
2018-11-23,178.42062377929688,182.1112060546875,177.72764587402344,180.01611328125,618266
2018-11-26,182.01451110839844,182.20790100097656,179.77438354492188,181.33763122558594,1446634
2018-11-27,180.32232666015625,181.99032592773438,179.22642517089844,181.49073791503906,1392402
2018-11-28,182.5624542236328,186.82513427734375,181.41015625,186.82513427734375,1627572
2018-11-29,186.07574462890625,186.54310607910156,183.18292236328125,183.3199005126953,1443159
2018-11-30,183.07815551757812,184.9879150390625,182.31265258789062,184.5286102294922,1971825
2018-12-03,187.47784423828125,188.95245361328125,183.94036865234375,185.36663818359375,1819182
2018-12-04,182.91700744628906,183.36019897460938,171.474609375,173.66639709472656,4740124
2018-12-06,170.82997131347656,173.49717712402344,168.8154754638672,173.2957305908203,2789892
2018-12-07,173.00564575195312,175.22158813476562,161.25704956054688,162.28042602539062,3848465
2018-12-10,160.12086486816406,160.13699340820312,151.9016876220703,155.4633331298828,7306139
2018-12-11,157.4294891357422,158.3400421142578,150.7091064453125,152.8203125,5689489
2018-12-12,155.0281982421875,155.61643981933594,151.1522979736328,151.7082977294922,4572713
2018-12-13,152.32070922851562,152.65914916992188,147.90492248535156,150.82997131347656,5205747
2018-12-14,149.19419860839844,152.09507751464844,147.5423126220703,148.35617065429688,3174726
2018-12-17,147.5503692626953,150.01611328125,146.07574462890625,146.80902099609375,4221882
2018-12-18,147.8887939453125,149.991943359375,147.4214324951172,149.08139038085938,5337293
2018-12-19,136.35777282714844,138.2997589111328,130.9427947998047,130.9508514404297,18973029
2018-12-20,130.53182983398438,132.94923400878906,127.59065246582031,128.70265197753906,8131901
2018-12-21,127.32473754882812,128.75906372070312,124.62530517578125,127.31668090820312,8649025
2018-12-24,126.47058868408203,127.09911346435547,122.9734115600586,123.04592895507812,3642583
2018-12-26,124.09347534179688,129.0491485595703,121.62772369384766,129.0491485595703,4347347
2018-12-27,127.7195816040039,129.7501983642578,125.1249008178711,129.7501983642578,3574328
2018-12-28,130.7493896484375,131.98226928710938,127.56648254394531,128.1063690185547,3569985
2018-12-31,128.57373046875,130.2578582763672,128.04190063476562,130.0,2699547
2019-01-02,127.7356948852539,131.6519012451172,126.97018432617188,131.49879455566406,2637994
2019-01-03,130.37066650390625,131.402099609375,126.47864532470703,126.66397857666016,3764325
2019-01-04,129.08944702148438,132.94117736816406,128.525390625,132.49798583984375,3646803
2019-01-07,132.86865234375,134.44802856445312,130.66075134277344,134.35133361816406,3709845
2019-01-08,135.9387664794922,136.51893615722656,133.20709228515625,134.5850067138672,3239879
2019-01-09,135.09266662597656,137.96937561035156,134.64947509765625,137.46173095703125,3413867
2019-01-10,136.23690795898438,137.48590087890625,135.31829833984375,137.08299255371094,2430499
2019-01-11,136.57534790039062,137.90492248535156,134.7300567626953,137.78404235839844,3519972
2019-01-14,136.8815460205078,139.48428344726562,136.27719116210938,138.23529052734375,2761225
2019-01-15,138.17083740234375,139.12167358398438,136.1966094970703,137.49395751953125,2687261
2019-01-16,137.94520568847656,140.39483642578125,137.74375915527344,138.0821990966797,2907415
2019-01-17,137.75987243652344,141.0153045654297,137.5745391845703,139.62127685546875,2221018
2019-01-18,141.1603546142578,144.39161682128906,140.65269470214844,142.5543975830078,3812476
2019-01-22,142.07090759277344,142.4012908935547,140.22561645507812,141.74053955078125,2613422
2019-01-23,142.49798583984375,142.69137573242188,138.01773071289062,139.95164489746094,2299697
2019-01-24,139.7018585205078,140.4351348876953,138.42868041992188,140.2900848388672,2022954
2019-01-25,141.7324676513672,143.07815551757812,140.2900848388672,141.30540466308594,2443033
2019-01-28,139.80661010742188,140.4754180908203,138.36422729492188,140.17727661132812,1682176
2019-01-29,140.20950317382812,140.4512481689453,139.0169219970703,139.87107849121094,1352938
2019-01-30,141.11199951171875,143.61805725097656,139.5326385498047,143.00564575195312,1939311
2019-01-31,144.0048370361328,144.0048370361328,142.28848266601562,143.0862274169922,2314589
2019-02-01,143.67445373535156,145.14102172851562,143.48106384277344,144.48831176757812,2249313
2019-02-04,144.39161682128906,147.25221252441406,143.67445373535156,147.24415588378906,2103123
2019-02-05,147.46173095703125,148.525390625,146.7203826904297,148.04995727539062,2073463
2019-02-06,147.77598571777344,149.09750366210938,147.34890747070312,148.1144256591797,1843257
2019-02-07,147.27638244628906,147.8162841796875,145.0040283203125,146.1482696533203,2300442
2019-02-08,145.07655334472656,145.18936157226562,140.024169921875,142.8203125,3054597
2019-02-11,143.2715606689453,146.04351806640625,143.1506805419922,145.92263793945312,2041073
2019-02-12,147.16357421875,150.06446838378906,146.61563110351562,149.43594360351562,2258000
2019-02-13,149.959716796875,150.7171630859375,149.17002868652344,149.5729217529297,1693220
2019-02-14,148.70265197753906,149.2506103515625,147.4375457763672,148.20306396484375,1932113
2019-02-15,144.23851013183594,144.64141845703125,142.5946807861328,144.48025512695312,5870799
2019-02-19,144.36744689941406,146.49476623535156,144.18211364746094,145.2457733154297,2278972
2019-02-20,145.83399963378906,147.47784423828125,145.2538299560547,146.58340454101562,1755643
2019-02-21,146.47865295410156,147.8323974609375,146.1885528564453,146.8815460205078,1282946
2019-02-22,146.7123260498047,146.8815460205078,141.9016876220703,145.4391632080078,2510915
2019-02-25,146.60757446289062,147.98548889160156,145.59226989746094,145.90652465820312,2051249
2019-02-26,145.713134765625,148.23529052734375,145.4552764892578,146.4222412109375,2001237
2019-02-27,145.90652465820312,146.8493194580078,144.9637451171875,146.50282287597656,1199054
2019-02-28,146.22079467773438,146.36582946777344,145.21353149414062,145.85012817382812,1564405
2019-03-01,146.6720428466797,148.62208557128906,146.6559295654297,147.30056762695312,1828365
2019-03-04,148.3239288330078,149.3231201171875,144.9637451171875,145.9629364013672,2103247
2019-03-05,145.39886474609375,145.9709930419922,143.8759002685547,145.05238342285156,1829855
2019-03-06,145.51974487304688,145.65672302246094,142.90895080566406,143.5777587890625,1789398
2019-03-07,141.98226928710938,142.32070922851562,138.66236877441406,139.2908935546875,4646180
2019-03-08,136.8654327392578,139.09750366210938,135.06044006347656,138.42062377929688,2555343
2019-03-11,138.67042541503906,142.32070922851562,138.48509216308594,142.1837158203125,2088851
2019-03-12,142.6269073486328,143.5938720703125,141.474609375,142.76390075683594,1869070
2019-03-13,143.65834045410156,145.12489318847656,142.98953247070312,144.66558837890625,1517619
2019-03-14,144.43191528320312,144.66558837890625,143.02981567382812,144.302978515625,1510297
2019-03-15,144.62530517578125,146.52699279785156,143.1023406982422,143.41659545898438,3079542
2019-03-18,143.5374755859375,146.99435424804688,143.5374755859375,146.97824096679688,2767802
2019-03-19,148.1224822998047,149.07333374023438,145.59226989746094,146.1804962158203,5307757
2019-03-20,139.20225524902344,141.63577270507812,136.7123260498047,141.07171630859375,11526160
2019-03-21,140.57211303710938,144.5124969482422,138.9927520751953,144.23045349121094,3916720
2019-03-22,143.07009887695312,143.5374755859375,140.08058166503906,140.20144653320312,3027420
2019-03-25,140.14505004882812,140.91055297851562,138.0902557373047,138.65431213378906,2297091
2019-03-26,139.60516357421875,141.20870971679688,138.9766387939453,141.1361846923828,1775251
2019-03-27,141.11199951171875,142.21595764160156,140.6849365234375,141.8936309814453,1950728
2019-03-28,140.89443969726562,143.64222717285156,140.89443969726562,143.35214233398438,2521092
2019-03-29,144.254638671875,146.7284393310547,144.16600036621094,146.1804962158203,2694832
2019-04-01,146.8734893798828,150.6849365234375,146.8332061767578,150.2417449951172,2905057
2019-04-02,150.2900848388672,150.4109649658203,148.00967407226562,148.2917022705078,1927273
2019-04-03,149.5487518310547,151.49073791503906,148.49314880371094,149.22642517089844,1568500
2019-04-04,148.91217041015625,151.28927612304688,148.91217041015625,151.22482299804688,1617147
2019-04-05,151.434326171875,153.40048217773438,150.89443969726562,153.02175903320312,2856037
2019-04-08,152.4093475341797,154.35939025878906,151.81304931640625,154.21434020996094,1979395
2019-04-09,153.02175903320312,153.44883728027344,152.1756591796875,153.06204223632812,1781456
2019-04-10,153.1023406982422,154.5124969482422,152.69943237304688,153.90814208984375,1327125
2019-04-11,154.19017028808594,155.51974487304688,153.8759002685547,154.60919189453125,1912505
2019-04-12,156.32554626464844,158.72683715820312,155.66477966308594,158.70265197753906,2049139
2019-04-15,158.74295043945312,159.5165252685547,157.5745391845703,158.0821990966797,2270410
2019-04-16,158.1385955810547,160.008056640625,157.8323974609375,158.92828369140625,1809254
2019-04-17,159.93553161621094,160.61241149902344,158.67848205566406,159.5970916748047,1385825
2019-04-18,159.92747497558594,160.61241149902344,159.40370178222656,159.66961669921875,1727100
2019-04-22,158.8074188232422,159.15391540527344,157.29251098632812,157.92103576660156,1898234
2019-04-23,157.5503692626953,158.00161743164062,156.8412628173828,157.23609924316406,2143703
2019-04-24,157.21192932128906,159.79855346679688,156.76873779296875,159.43594360351562,1876020
2019-04-25,157.74375915527344,157.8646240234375,151.99838256835938,152.19178771972656,3830471
2019-04-26,149.2667236328125,150.31427001953125,147.3730926513672,148.2997589111328,4514882
2019-04-29,148.67848205566406,150.9427947998047,147.5906524658203,150.38677978515625,1826007
2019-04-30,150.63658142089844,153.62611389160156,149.5245819091797,152.66720581054688,1939435
2019-05-01,152.884765625,152.97340393066406,149.5729217529297,149.5729217529297,1778229
2019-05-02,149.36341857910156,151.55519104003906,147.30862426757812,150.7171630859375,1833329
2019-05-03,152.07090759277344,153.5697021484375,151.28927612304688,151.53907775878906,1525437
2019-05-06,147.6309356689453,150.06446838378906,146.34165954589844,149.5568084716797,1601262
2019-05-07,147.67123413085938,147.8404541015625,143.52134704589844,145.57614135742188,2671004
2019-05-08,145.09266662597656,145.92263793945312,143.67445373535156,144.5850067138672,2517989
2019-05-09,142.93312072753906,144.77841186523438,141.77276611328125,144.6897735595703,1987337
2019-05-10,144.0451202392578,144.67364501953125,140.86221313476562,143.43270874023438,1831344
2019-05-13,139.2506103515625,140.01611328125,137.6228790283203,138.8396453857422,2210717
2019-05-14,139.08139038085938,140.4915313720703,137.5825958251953,138.48509216308594,2790637
2019-05-15,137.09104919433594,139.62933349609375,134.93955993652344,139.0330352783203,2872791
2019-05-16,139.43594360351562,144.5850067138672,139.2989501953125,141.63577270507812,3322033
2019-05-17,138.565673828125,140.38677978515625,136.7042694091797,136.92184448242188,2773759
2019-05-20,135.56002807617188,136.8654327392578,134.82675170898438,135.54391479492188,2075945
2019-05-21,136.58340454101562,136.9057159423828,134.93955993652344,135.36663818359375,2344870
2019-05-22,134.37550354003906,134.48831176757812,130.4834747314453,130.53988647460938,3750054
2019-05-23,129.0088653564453,129.77438354492188,127.45366668701172,129.40370178222656,3100266
2019-05-24,130.33843994140625,130.54794311523438,127.8646240234375,128.8718719482422,1673613
2019-05-28,128.1063690185547,129.08944702148438,126.35777282714844,127.67929077148438,3137744
2019-05-29,127.06687927246094,129.5165252685547,125.88235473632812,128.581787109375,2538962
2019-05-30,128.75100708007812,130.3061981201172,126.51087951660156,127.32473754882812,2072966
2019-05-31,124.81869506835938,126.3094253540039,123.92425537109375,124.31909942626953,2373288
2019-06-03,121.80499267578125,125.22965240478516,121.418212890625,122.75584411621094,4862983
2019-06-04,124.10958862304688,128.8396453857422,123.85978698730469,128.597900390625,3542435
2019-06-05,129.7340850830078,130.13699340820312,127.13134765625,127.79210662841797,2781081
2019-06-06,127.55841827392578,127.80016326904297,125.38275909423828,126.39000701904297,1967357
2019-06-07,126.69621276855469,128.47703552246094,125.90652465820312,127.33279418945312,2642710
2019-06-10,128.75100708007812,132.1514892578125,128.68653869628906,130.4109649658203,2549635
2019-06-11,131.7163543701172,132.07090759277344,128.00161743164062,128.47703552246094,2304661
2019-06-12,127.90491485595703,130.54794311523438,127.38114166259766,130.0322265625,1753037
2019-06-13,131.34568786621094,133.66639709472656,131.24093627929688,133.49717712402344,2779344
2019-06-14,133.1184539794922,133.3440704345703,130.7493896484375,132.5946807861328,1973438
2019-06-17,132.53021240234375,132.95729064941406,131.39404296875,131.92587280273438,1629929
2019-06-18,132.96534729003906,136.27719116210938,132.72361755371094,134.0370635986328,2710716
2019-06-19,134.31103515625,134.93150329589844,133.49717712402344,134.21434020996094,1996149
2019-06-20,135.68896484375,136.61563110351562,134.39967346191406,135.77760314941406,2590463
2019-06-21,135.15713500976562,135.4230499267578,133.06204223632812,133.23931884765625,3136628
2019-06-24,132.1514892578125,132.94117736816406,129.39564514160156,129.65350341796875,4422552
2019-06-25,128.90411376953125,128.92828369140625,125.68895721435547,125.68895721435547,5948237
2019-06-26,126.06768798828125,129.94358825683594,123.6986312866211,128.8638153076172,7753272
2019-06-27,129.2506103515625,132.4335174560547,128.96051025390625,131.59548950195312,4294977
2019-06-28,132.33682250976562,134.07736206054688,132.1514892578125,132.30459594726562,6591820
2019-07-01,135.39080810546875,135.39080810546875,130.18533325195312,131.32151794433594,2912379
2019-07-02,131.402099609375,131.53102111816406,128.533447265625,128.75906372070312,2308508
2019-07-03,129.24253845214844,130.16116333007812,128.39645385742188,130.07252502441406,1465125
2019-07-05,129.79855346679688,130.87832641601562,128.54150390625,130.51571655273438,1396497
2019-07-08,129.13778686523438,130.31427001953125,128.1547088623047,129.5890350341797,1968598
2019-07-09,128.45286560058594,128.8799285888672,127.8726806640625,128.2755889892578,1511538
2019-07-10,130.6768798828125,131.2006378173828,128.73489379882812,128.92022705078125,2578302
2019-07-11,129.0169219970703,131.63577270507812,128.73489379882812,131.0233612060547,3101259
2019-07-12,132.65914916992188,135.729248046875,132.4012908935547,134.94761657714844,4108703
2019-07-15,134.9798583984375,136.05963134765625,133.9806671142578,135.2941131591797,2509054
2019-07-16,136.03546142578125,139.37147521972656,136.03546142578125,136.81707763671875,3405428
2019-07-17,136.63980102539062,136.80902099609375,132.74778747558594,132.99758911132812,3815951
2019-07-18,132.66720581054688,134.16600036621094,131.95809936523438,133.2635040283203,2086866
2019-07-19,133.90008544921875,136.07574462890625,133.88397216796875,134.67364501953125,2565395
2019-07-22,135.80982971191406,137.8968505859375,135.56808471679688,136.62368774414062,2644199
2019-07-23,137.79209899902344,140.16921997070312,137.79209899902344,140.024169921875,3557202
2019-07-24,140.84608459472656,143.8356170654297,140.54794311523438,141.82916259765625,3324763
2019-07-25,141.49879455566406,142.4335174560547,140.7171630859375,141.7163543701172,2464254
2019-07-26,141.6599578857422,141.75665283203125,140.04835510253906,140.9669647216797,2485971
2019-07-29,140.63658142089844,141.04754638671875,138.35617065429688,139.08139038085938,1723873
2019-07-30,138.22723388671875,139.35536193847656,136.6559295654297,138.91217041015625,1521838
2019-07-31,138.95245361328125,140.20144653320312,135.84205627441406,137.4133758544922,1843381
2019-08-01,137.115234375,138.17083740234375,131.09588623046875,131.59548950195312,3771647
2019-08-02,131.1684112548828,132.79612731933594,130.0,131.93392944335938,2431243
2019-08-05,129.0008087158203,129.0572052001953,124.91539001464844,126.72039031982422,3972069
2019-08-06,128.25140380859375,131.33763122558594,127.76792907714844,129.88719177246094,3477406
2019-08-07,127.17163848876953,129.62933349609375,125.08460998535156,129.46011352539062,2976787
2019-08-08,130.61241149902344,133.1184539794922,130.14505004882812,132.33682250976562,2225485
2019-08-09,131.92587280273438,132.1031494140625,129.2667236328125,130.64463806152344,1576318
2019-08-12,129.7582550048828,129.91941833496094,127.64705657958984,127.9693832397461,1132040
2019-08-13,128.63819885253906,131.82916259765625,126.76873779296875,129.34730529785156,2277235
2019-08-14,127.139404296875,127.34891510009766,124.35133361816406,124.94762420654297,2095304
2019-08-15,125.22965240478516,125.29412078857422,122.05479431152344,123.14262390136719,2325634
2019-08-16,124.23851776123047,126.4383544921875,124.08541870117188,125.705078125,1936456
2019-08-19,127.69540405273438,128.3158721923828,126.91378021240234,127.56648254394531,1809750
2019-08-20,126.96212768554688,127.2925033569336,125.1490707397461,125.5761489868164,1351573
2019-08-21,127.13134765625,127.96131896972656,126.52699279785156,127.46172332763672,1296100
2019-08-22,127.52619171142578,128.1144256591797,125.51168060302734,127.39726257324219,1434968
2019-08-23,126.11603546142578,126.66397857666016,121.77276611328125,122.45769500732422,3482867
2019-08-26,123.46495056152344,124.68170928955078,122.20789337158203,122.876708984375,1577063
2019-08-27,123.31184387207031,124.18211364746094,119.90330505371094,120.49153900146484,2245714
2019-08-28,120.17727661132812,124.45608520507812,119.11361694335938,123.4327163696289,2562541
2019-08-29,124.89927673339844,127.7115249633789,124.80258178710938,126.87348937988281,2090589
2019-08-30,127.7115249633789,129.17808532714844,127.44561004638672,127.80821990966797,1429012
2019-09-03,125.53585815429688,126.71232604980469,124.02095031738281,125.19741821289062,1576815
2019-09-04,126.94601440429688,128.58984375,126.68815612792969,128.17083740234375,1564156
2019-09-05,129.78244018554688,133.24737548828125,129.50039672851562,132.4576873779297,2629927
2019-09-06,132.1514892578125,132.81224060058594,130.2336883544922,130.4351348876953,1754029
2019-09-09,131.42626953125,135.07655334472656,131.30540466308594,134.90733337402344,2819056
2019-09-10,134.83480834960938,139.0008087158203,134.48025512695312,138.8074188232422,2987459
2019-09-11,139.24253845214844,140.17727661132812,136.7364959716797,140.17727661132812,2038591
2019-09-12,140.2820281982422,140.75746154785156,138.1224822998047,139.81466674804688,1886941
2019-09-13,140.93472290039062,142.02256774902344,139.41175842285156,140.2900848388672,1807392
2019-09-16,138.90411376953125,140.9750213623047,137.80015563964844,139.86300659179688,1919082
2019-09-17,138.89605712890625,140.56405639648438,137.90492248535156,139.64544677734375,5030269
2019-09-18,123.52941131591797,124.55278015136719,119.66156005859375,121.60354614257812,28310188
2019-09-19,121.04753875732422,122.96534729003906,120.46736145019531,122.844482421875,6897230
2019-09-20,123.5777587890625,123.5777587890625,119.62126922607422,119.88719177246094,6957667
2019-09-23,118.88799285888672,120.1450424194336,117.21192932128906,117.38114166259766,5068865
2019-09-24,117.59065246582031,118.95246124267578,114.81869506835938,115.43110656738281,6828727
2019-09-25,115.35052490234375,119.11361694335938,115.35052490234375,118.48509216308594,4407039
2019-09-26,118.67042541503906,118.83964538574219,116.4141845703125,116.97018432617188,2523201
2019-09-27,117.38114166259766,118.30781555175781,115.96293640136719,116.80902862548828,2441916
2019-09-30,117.09105682373047,118.04995727539062,116.80902862548828,117.30056762695312,2101509
2019-10-01,117.31668090820312,118.32392883300781,113.31184387207031,114.1337661743164,4262587
2019-10-02,112.94117736816406,114.34326934814453,112.08702850341797,113.4407730102539,3401333
2019-10-03,113.21514892578125,114.34326934814453,111.67607116699219,114.19017028808594,2855417
2019-10-04,114.25463104248047,115.27799987792969,113.36824798583984,115.22965240478516,2688130
2019-10-07,114.294921875,116.22078704833984,113.7228012084961,114.49637603759766,2207491
2019-10-08,113.4568862915039,113.5697021484375,111.50685119628906,111.51490783691406,2956807
2019-10-09,111.86946105957031,112.62691497802734,111.02336883544922,112.20789337158203,2746085
2019-10-10,112.44158172607422,114.11764526367188,112.1273193359375,113.90814208984375,2173612
2019-10-11,115.36663818359375,118.49314880371094,115.36663818359375,117.2763900756836,4899344
2019-10-14,116.92989349365234,119.01692199707031,116.34971618652344,118.27558135986328,2963756
2019-10-15,118.93634033203125,120.97502136230469,118.59790802001953,120.8380355834961,3955439
2019-10-16,120.89443969726562,122.77195739746094,120.66881561279297,121.49073028564453,4250549
2019-10-17,121.98226928710938,122.82030487060547,121.25704956054688,121.434326171875,3208481
2019-10-18,121.25704956054688,121.77276611328125,120.21756744384766,120.79774475097656,3461894
2019-10-21,121.418212890625,124.19822692871094,120.94278717041016,122.51409912109375,4293488
2019-10-22,121.93392181396484,124.64947509765625,120.74939727783203,124.60112762451172,3691975
2019-10-23,124.4077377319336,126.2933120727539,123.84367370605469,125.68895721435547,2698927
2019-10-24,125.94681549072266,126.49475860595703,123.31990051269531,124.1337661743164,2125337
2019-10-25,123.93231201171875,127.51007080078125,123.6986312866211,127.38919830322266,2582025
2019-10-28,128.04190063476562,129.24253845214844,126.64786529541016,127.63899993896484,3223001
2019-10-29,128.06607055664062,128.06607055664062,126.34971618652344,127.32473754882812,1816948
2019-10-30,127.11522674560547,127.123291015625,124.10958862304688,125.5761489868164,1956064
2019-10-31,124.89927673339844,125.5761489868164,122.17566680908203,123.01370239257812,2619131
2019-11-01,124.22240447998047,126.59146118164062,124.06124114990234,126.12409210205078,2642585
2019-11-04,128.8074188232422,132.98146057128906,128.525390625,132.828369140625,5340768
2019-11-05,132.63497924804688,135.0443115234375,131.35374450683594,132.83642578125,3115158
2019-11-06,132.6027374267578,132.65109252929688,130.4673614501953,131.48268127441406,2193343
2019-11-07,133.3279571533203,134.43191528320312,131.7244110107422,132.08702087402344,2454946
2019-11-08,131.99032592773438,132.1514892578125,130.21755981445312,131.52296447753906,1430253
2019-11-11,130.50765991210938,131.36180114746094,130.0,130.6849365234375,1319679
2019-11-12,130.82191467285156,132.02256774902344,129.5406951904297,129.91136169433594,1588356
2019-11-13,128.92828369140625,128.93634033203125,125.8259506225586,125.89041137695312,2744968
2019-11-14,125.5600357055664,127.31668090820312,125.28605651855469,126.25302124023438,2266314
2019-11-15,126.72844696044922,127.7276382446289,125.98710632324219,127.58259582519531,1981629
2019-11-18,126.61563110351562,127.09105682373047,124.49637603759766,126.95407104492188,2226602
2019-11-19,127.48590087890625,127.50201416015625,125.03626251220703,125.31829071044922,1891656
2019-11-20,124.89927673339844,124.97179412841797,122.1192626953125,122.69943237304688,3072964
2019-11-21,122.88477325439453,123.90814208984375,122.2804183959961,122.54633331298828,1979891
2019-11-22,122.7316665649414,126.34165954589844,122.69137573242188,126.14826965332031,2763459
2019-11-25,126.84125518798828,129.20225524902344,126.01934051513672,128.5576171875,3109698
2019-11-26,128.69459533691406,131.1522979736328,127.82433319091797,130.13699340820312,3436577
2019-11-27,130.33843994140625,130.59629821777344,129.09750366210938,130.14505004882812,2042562
2019-11-29,129.82272338867188,130.10475158691406,128.79129028320312,128.96856689453125,979645
2019-12-02,129.2989501953125,131.9097442626953,127.34085083007812,127.34085083007812,3356285
2019-12-03,124.270751953125,124.47219848632812,121.69218444824219,121.78887939453125,4673730
2019-12-04,122.9975814819336,125.45527648925781,122.78001403808594,123.98871612548828,2855293
2019-12-05,124.77034759521484,124.81063842773438,122.75584411621094,124.04512786865234,2020596
2019-12-06,124.89927673339844,126.74456024169922,124.81869506835938,126.19661712646484,3023324
2019-12-09,125.8662338256836,126.89765930175781,125.72119140625,126.11603546142578,2144696
2019-12-10,126.10797882080078,127.42948913574219,125.31829071044922,126.51087951660156,2027298
2019-12-11,126.71232604980469,128.54150390625,126.01934051513672,128.18695068359375,2079916
2019-12-12,128.37228393554688,133.61805725097656,127.92102813720703,132.86865234375,3707239
2019-12-13,133.47300720214844,135.2699432373047,132.07896423339844,133.49717712402344,3595425
2019-12-16,134.5124969482422,135.6728515625,130.13699340820312,132.23207092285156,6269656
2019-12-17,130.13699340820312,132.78001403808594,129.7501983642578,131.53102111816406,7355283
2019-12-18,122.0145034790039,123.10234069824219,117.8807373046875,118.34004974365234,26732257
2019-12-19,118.50926971435547,119.91941833496094,117.8404541015625,118.46897888183594,7230438
2019-12-20,119.54875183105469,119.70185089111328,118.18694305419922,119.35536193847656,6528032
2019-12-23,120.51571655273438,123.09427642822266,119.66156005859375,122.23207092285156,5420316
2019-12-24,121.73247528076172,122.78807067871094,121.20870208740234,121.49879455566406,2230325
2019-12-26,121.59548950195312,123.11039733886719,121.2812271118164,122.876708984375,3290263
2019-12-27,123.34407806396484,124.18211364746094,122.57051086425781,122.90894317626953,3342013
2019-12-30,123.36824798583984,123.52941131591797,120.82191467285156,120.98307800292969,3242237
2019-12-31,120.24173736572266,122.1353759765625,119.8630142211914,121.84528350830078,2672369
2020-01-02,122.82030487060547,124.9798583984375,122.1595458984375,124.9798583984375,3757252
2020-01-03,122.88477325439453,123.5616455078125,122.35294342041016,123.4327163696289,2750677
2020-01-06,121.87751770019531,123.73086547851562,121.00725555419922,123.52941131591797,2965618
2020-01-07,123.5777587890625,125.07655334472656,122.75584411621094,124.73811340332031,2655864
2020-01-08,124.55278015136719,127.11522674560547,124.03706359863281,126.61563110351562,3789021
2020-01-09,127.2763900756836,127.56648254394531,126.18049621582031,127.35697174072266,2780088
2020-01-10,127.37308502197266,127.66317749023438,125.81788635253906,126.21273040771484,3039954
2020-01-13,126.2852554321289,128.549560546875,126.2771987915039,128.3480987548828,2463757
2020-01-14,128.24334716796875,132.5543975830078,127.81627655029297,130.64463806152344,6300061
2020-01-15,131.36180114746094,131.36180114746094,127.8565673828125,128.24334716796875,3688004
2020-01-16,129.40370178222656,130.11280822753906,127.9935531616211,128.5576171875,2908532
2020-01-17,128.43675231933594,129.87913513183594,127.76792907714844,128.91217041015625,2291010
2020-01-21,128.20306396484375,128.25140380859375,126.35777282714844,126.93795013427734,3053356
2020-01-22,126.90572357177734,128.00161743164062,125.27799987792969,125.33441162109375,2371675
2020-01-23,124.89927673339844,125.17324829101562,123.07010650634766,124.80258178710938,2555343
2020-01-24,125.41498565673828,125.41498565673828,122.7316665649414,124.1498794555664,2449238
2020-01-27,120.95890045166016,121.01531219482422,118.86382293701172,119.65350341796875,4180184
2020-01-28,120.66881561279297,120.8299789428711,118.54149627685547,119.58098602294922,2717790
2020-01-29,120.19338989257812,120.92667388916016,119.18614196777344,119.3070068359375,3129306
2020-01-30,117.64705657958984,119.58098602294922,115.51974487304688,119.46817016601562,4194828
2020-01-31,118.53343963623047,118.6865463256836,115.705078125,116.5511703491211,4078174
2020-02-03,117.24415588378906,118.77518463134766,115.713134765625,115.90652465820312,2467604
2020-02-04,117.94520568847656,119.45205688476562,117.64705657958984,118.86382293701172,3193962
2020-02-05,120.46736145019531,121.5551986694336,119.91941833496094,120.8299789428711,2499002
2020-02-06,121.98226928710938,121.98226928710938,119.65350341796875,119.76631927490234,2118139
2020-02-07,118.6946029663086,126.86543273925781,117.9854965209961,125.43110656738281,8106957
2020-02-10,127.96131896972656,129.16197204589844,125.8662338256836,126.33360290527344,4900213
2020-02-11,127.53424835205078,128.57373046875,126.40612030029297,127.31668090820312,2502849
2020-02-12,128.2836456298828,128.77517700195312,126.69621276855469,127.7276382446289,1994908
2020-02-13,127.1474609375,130.4029083251953,126.09185791015625,130.11280822753906,3256880
2020-02-14,129.2989501953125,129.9677734375,127.31668090820312,127.81627655029297,2083639
2020-02-18,128.37228393554688,129.66156005859375,126.01934051513672,127.77598571777344,2387684
2020-02-19,128.1224822998047,130.2900848388672,127.9854965209961,129.84689331054688,2108831
2020-02-20,129.79049682617188,133.1587371826172,128.525390625,132.884765625,3229703
2020-02-21,131.55519104003906,132.26429748535156,130.2900848388672,131.54713439941406,2041817
2020-02-24,125.91458129882812,127.09105682373047,122.9814682006836,124.77840423583984,3867328
2020-02-25,125.43110656738281,125.54391479492188,116.68815612792969,117.32473754882812,5241736
2020-02-26,118.79129791259766,120.37873077392578,115.68090057373047,116.46253204345703,3432978
2020-02-27,113.4246597290039,117.23609924316406,109.97582244873047,111.81305694580078,4386935
2020-02-28,108.78324127197266,113.77921295166016,108.02578735351562,113.75503540039062,5449479
2020-03-02,114.56889343261719,114.8428726196289,109.00886535644531,112.61080169677734,5483483
2020-03-03,112.81224822998047,114.56083679199219,106.81708526611328,107.24415588378906,5427265
2020-03-04,108.83158874511719,109.95970916748047,106.51087951660156,109.91941833496094,3542683
2020-03-05,106.37389373779297,107.2844467163086,103.74697875976562,104.69782257080078,3909150
2020-03-06,101.32957458496094,105.27799987792969,99.75019836425781,102.88477325439453,4822898
2020-03-09,97.0185317993164,97.9693832397461,91.74053192138672,93.23126220703125,5023692
2020-03-10,96.80902862548828,98.10636901855469,91.75664520263672,97.23609924316406,4424041
2020-03-11,94.59307098388672,95.32634735107422,87.45366668701172,89.45205688476562,5890282
2020-03-12,83.15874481201172,84.75422668457031,77.51812744140625,78.16277313232422,6399217
2020-03-13,82.56244659423828,85.96293640136719,77.35697174072266,85.92264556884766,5305275
2020-03-16,74.1337661743164,80.47542572021484,72.91699981689453,72.91699981689453,5481993
2020-03-17,74.8589859008789,80.7010498046875,71.46656036376953,76.51893615722656,6885937
2020-03-18,72.83642578125,81.14424133300781,72.36100006103516,80.32231903076172,8684146
2020-03-19,79.65350341796875,93.60193634033203,78.46092224121094,89.991943359375,5766803
2020-03-20,91.76470947265625,95.64866638183594,85.89041137695312,89.49234771728516,5558687
2020-03-23,89.3956527709961,92.7074966430664,86.4222412109375,90.05640411376953,4881970
2020-03-24,95.08460998535156,98.14665222167969,93.01370239257812,96.72844696044922,3740870
2020-03-25,97.79210662841797,102.2884750366211,92.61080169677734,95.33441162109375,5129301
2020-03-26,96.18049621582031,102.33682250976562,95.89846801757812,101.20870208740234,3367950
2020-03-27,96.73650360107422,100.20144653320312,93.47300720214844,97.16357421875,3250675
2020-03-30,98.61402130126953,101.21675872802734,96.09185791015625,100.16921997070312,2830721
2020-03-31,98.7107162475586,100.6043472290039,96.09992218017578,97.7115249633789,3280956
2020-04-01,93.48106384277344,95.68895721435547,90.49153900146484,91.4423828125,3188874
2020-04-02,90.67687225341797,94.52054595947266,89.91941833496094,93.98871612548828,2899100
2020-04-03,92.860595703125,93.47300720214844,86.77679443359375,88.0096664428711,3977653
2020-04-06,91.08782958984375,96.5431137084961,91.06365966796875,95.90652465820312,4359137
2020-04-07,100.65270233154297,101.11200714111328,93.27155303955078,93.4327163696289,3957921
2020-04-08,99.11361694335938,102.52216339111328,96.63175201416016,101.16035461425781,6920437
2020-04-09,104.4399642944336,104.75422668457031,96.82514190673828,98.54149627685547,5889290
2020-04-13,100.87832641601562,100.87832641601562,98.09830474853516,99.54069519042969,3501854
2020-04-14,101.32151794433594,102.32070922851562,98.34810638427734,100.78968811035156,3827492
2020-04-15,98.05802154541016,98.05802154541016,95.20548248291016,96.61563110351562,3654745
2020-04-16,96.47864532470703,97.50201416015625,94.37550354003906,95.95487213134766,2778227
2020-04-17,97.50201416015625,100.6929931640625,97.2844467163086,100.6043472290039,3057824
2020-04-20,98.73489379882812,101.26510620117188,98.17082977294922,98.82353210449219,2782322
2020-04-21,97.20386505126953,98.4528579711914,96.39000701904297,97.08300018310547,1992550
2020-04-22,98.7268295288086,99.08944702148438,95.44721984863281,95.51974487304688,2584383
2020-04-23,95.6003189086914,98.64625549316406,95.48751068115234,97.40531921386719,2508185
2020-04-24,97.83238983154297,99.2667236328125,96.2771987915039,99.1619644165039,2619751
2020-04-27,100.04834747314453,103.54552459716797,98.565673828125,102.57051086425781,2973312
2020-04-28,104.60112762451172,104.66558837890625,100.8541488647461,102.93312072753906,3398727
2020-04-29,104.75422668457031,106.20467376708984,103.51329803466797,104.33521270751953,2696073
2020-04-30,103.08621978759766,103.08621978759766,101.32957458496094,102.1514892578125,2445266
2020-05-01,100.33843994140625,100.37066650390625,94.68170928955078,95.24577331542969,3898974
2020-05-04,94.37550354003906,94.73005676269531,92.35294342041016,93.35213470458984,2991306
2020-05-05,94.94762420654297,96.79290771484375,94.38356018066406,94.81869506835938,2113547
2020-05-06,95.80177307128906,96.22885131835938,92.7316665649414,92.76390075683594,2379121
2020-05-07,94.23046112060547,95.78565979003906,93.59387969970703,94.06929779052734,2286046
2020-05-08,95.28605651855469,97.41337585449219,95.22965240478516,97.05076599121094,2197687
2020-05-11,95.39887237548828,96.18856048583984,93.6986312866211,94.73005676269531,2312604
2020-05-12,95.08460998535156,95.17324829101562,91.12006378173828,91.16841125488281,2456435
2020-05-13,91.12006378173828,91.17646789550781,87.22804260253906,88.10636901855469,3606222
2020-05-14,86.51087951660156,87.9774398803711,83.31990051269531,87.92102813720703,4039083
2020-05-15,86.65592193603516,87.80016326904297,85.61643981933594,86.63980865478516,3648540
2020-05-18,91.450439453125,96.69621276855469,90.88638305664062,96.04351043701172,4470454
2020-05-19,95.89041137695312,96.21273040771484,92.38516998291016,92.49798583984375,3083389
2020-05-20,94.11764526367188,96.2771987915039,93.33602142333984,94.286865234375,3231688
2020-05-21,93.94036865234375,95.43110656738281,93.09427642822266,93.28767395019531,2159712
2020-05-22,93.27155303955078,94.73005676269531,92.60273742675781,94.27880859375,2787162
2020-05-26,99.10556030273438,102.1273193359375,98.31587219238281,100.5721206665039,4744343
2020-05-27,103.14262390136719,105.38275909423828,101.12812042236328,105.10072326660156,3974923
2020-05-28,105.5600357055664,107.90491485595703,104.19017028808594,105.68090057373047,4018358
2020-05-29,104.90733337402344,105.47139739990234,101.88557434082031,105.20548248291016,4231065
2020-06-01,103.98871612548828,105.1249008178711,102.7074966430664,104.52054595947266,2469962
2020-06-02,105.42304229736328,108.4528579711914,105.32634735107422,108.13859558105469,3129802
2020-06-03,110.39484405517578,112.7155532836914,110.01611328125,111.26510620117188,3386441
2020-06-04,110.63658142089844,112.20789337158203,109.3070068359375,112.17566680908203,2483613
2020-06-05,115.22965240478516,117.46172332763672,114.4238510131836,114.59307098388672,4447620
2020-06-08,116.79290771484375,120.8622055053711,116.14826965332031,120.37066650390625,3362986
2020-06-09,117.55036163330078,117.59065246582031,114.50443267822266,116.59146118164062,2796097
2020-06-10,116.03545379638672,116.36583709716797,113.07010650634766,113.13456726074219,2580784
2020-06-11,107.93714904785156,108.35616302490234,102.9895248413086,103.79532623291016,5447121
2020-06-12,108.4528579711914,108.78324127197266,104.06124114990234,106.94601440429688,2820669
2020-06-15,103.48106384277344,108.48509216308594,102.57051086425781,107.7195816040039,2277607
2020-06-16,111.32151794433594,112.30459594726562,107.17163848876953,109.21836853027344,2049884
2020-06-17,110.16116333007812,110.7171630859375,108.67848205566406,109.31507110595703,1507070
2020-06-18,108.7187728881836,112.2804183959961,108.38034057617188,111.51490783691406,2998504
2020-06-19,113.4246597290039,113.52135467529297,109.2828369140625,110.90249633789062,3510169
2020-06-22,110.03223419189453,110.99919128417969,108.94439697265625,110.7010498046875,1797092
2020-06-23,111.64383697509766,112.68331909179688,110.7010498046875,112.06285095214844,1719033
2020-06-24,110.91861724853516,111.20064544677734,108.08219146728516,108.85575866699219,2925409
2020-06-25,107.75181579589844,109.81466674804688,106.5511703491211,109.67768096923828,2867827
2020-06-26,108.94439697265625,109.08944702148438,104.1740493774414,104.81869506835938,4072962
2020-06-29,105.80177307128906,108.565673828125,104.8509292602539,108.4206314086914,2899224
2020-06-30,109.76631927490234,113.4166030883789,108.7187728881836,112.9895248413086,8033365
2020-07-01,128.00161743164062,131.8694610595703,125.51168060302734,126.23690795898438,22297668
2020-07-02,127.80016326904297,128.70265197753906,125.1249008178711,125.28605651855469,5022203
2020-07-06,127.23609924316406,127.63899993896484,123.81950378417969,125.92264556884766,3742608
2020-07-07,124.31104278564453,128.88800048828125,124.19822692871094,127.75181579589844,3205255
2020-07-08,127.41337585449219,128.42868041992188,125.92264556884766,127.76792907714844,2619379
2020-07-09,127.31668090820312,127.92102813720703,125.1571273803711,125.49556732177734,2777730
2020-07-10,125.8662338256836,128.1305389404297,125.68090057373047,127.79210662841797,2167034
2020-07-13,128.92828369140625,129.10556030273438,125.43110656738281,125.89041137695312,2154252
2020-07-14,125.89041137695312,128.05801391601562,125.32634735107422,127.7195816040039,2036605
2020-07-15,129.2667236328125,130.9669647216797,128.1547088623047,129.93553161621094,4136005
2020-07-16,130.35455322265625,134.64947509765625,129.3070068359375,133.8436737060547,5088100
2020-07-17,134.79452514648438,135.4713897705078,132.884765625,133.74697875976562,2541444
2020-07-20,132.86865234375,133.40048217773438,131.1925811767578,132.25624084472656,1977285
2020-07-21,133.03787231445312,135.0201416015625,132.48187255859375,133.36019897460938,2149040
2020-07-22,132.66720581054688,133.71475219726562,131.7002410888672,133.07009887695312,1528664
2020-07-23,133.2876739501953,134.88316345214844,132.67526245117188,133.75503540039062,1721515
2020-07-24,132.70748901367188,134.47219848632812,132.30459594726562,132.98953247070312,1918462
2020-07-27,132.95729064941406,137.5664825439453,132.03868103027344,137.50201416015625,3631662
2020-07-28,136.51893615722656,137.25221252441406,134.33522033691406,134.5124969482422,2946755
2020-07-29,134.64947509765625,138.0902557373047,134.5769500732422,136.62368774414062,5738136
2020-07-30,140.33038330078125,140.61241149902344,136.8734893798828,139.17002868652344,6710459
2020-07-31,138.597900390625,139.17002868652344,135.36663818359375,135.697021484375,3087608
2020-08-03,136.62368774414062,137.46173095703125,135.80177307128906,136.35777282714844,1865719
2020-08-04,136.35777282714844,138.17889404296875,136.34165954589844,137.51812744140625,1568624
2020-08-05,138.47703552246094,138.93634033203125,137.1796875,138.35617065429688,1624469
2020-08-06,138.597900390625,139.79049682617188,138.04995727539062,138.79129028320312,1693841
2020-08-07,138.9766387939453,148.17083740234375,138.9766387939453,147.8887939453125,7832075
2020-08-10,151.61965942382812,161.53102111816406,150.9589080810547,161.1442413330078,13421539
2020-08-11,161.1522979736328,164.0531768798828,157.24415588378906,158.2997589111328,7443766
2020-08-12,161.1603546142578,166.1885528564453,160.37066650390625,162.73973083496094,7741854
2020-08-13,161.7082977294922,165.0201416015625,160.84608459472656,164.270751953125,4546776
2020-08-14,162.828369140625,168.92828369140625,162.65914916992188,168.0902557373047,5749553
2020-08-17,169.21836853027344,170.4754180908203,166.0273895263672,166.51087951660156,3303542
2020-08-18,166.29330444335938,167.95326232910156,164.5286102294922,166.77679443359375,3773136
2020-08-19,166.6720428466797,169.975830078125,166.6720428466797,167.51007080078125,2752538
2020-08-20,166.1804962158203,168.57373046875,165.2377166748047,168.2675323486328,1902205
2020-08-21,168.54150390625,171.58743286132812,168.00967407226562,169.61322021484375,2524318
2020-08-24,171.60354614257812,175.62449645996094,170.82191467285156,175.18130493164062,4211582
2020-08-25,176.60757446289062,176.93795776367188,171.81304931640625,172.69137573242188,2680808
2020-08-26,173.8356170654297,174.9556884765625,172.50604248046875,173.8678436279297,1884086
2020-08-27,174.13375854492188,176.37388610839844,173.3118438720703,175.83399963378906,2500491
2020-08-28,175.85012817382812,180.22561645507812,175.6728515625,178.8074188232422,3718160
2020-08-31,178.72683715820312,180.66075134277344,177.115234375,177.1474609375,2282571
2020-09-01,177.26832580566406,182.5543975830078,176.58340454101562,181.6760711669922,2360134
2020-09-02,183.01370239257812,184.5286102294922,179.7501983642578,183.65028381347656,2085749
2020-09-03,183.8275604248047,186.60757446289062,176.1402130126953,178.05801391601562,4968716
2020-09-04,179.2586669921875,183.91619873046875,175.18130493164062,182.20790100097656,3573832
2020-09-08,180.33038330078125,181.9097442626953,177.05076599121094,178.1224822998047,2632285
2020-09-09,182.1112060546875,184.40773010253906,180.59629821777344,181.9097442626953,3999371
2020-09-10,184.92344665527344,184.92344665527344,179.60516357421875,180.85415649414062,3032135
2020-09-11,182.46575927734375,188.2917022705078,181.6841278076172,187.5825958251953,6037713
2020-09-14,194.19017028808594,194.19822692871094,187.4053192138672,190.4431915283203,8170372
2020-09-15,189.35536193847656,193.2715606689453,185.745361328125,190.7091064453125,12220499
2020-09-16,203.89202880859375,206.4302978515625,198.46897888183594,201.6921844482422,21187965
2020-09-17,195.51168823242188,201.28927612304688,195.09266662597656,196.6800994873047,5279586
2020-09-18,195.78565979003906,200.0,194.9637451171875,195.63255310058594,5396737
2020-09-21,191.74053955078125,192.73973083496094,185.55197143554688,192.3771209716797,5099890
2020-09-22,192.99758911132812,196.4383544921875,189.87107849121094,196.1482696533203,3290760
2020-09-23,197.4133758544922,201.8614044189453,194.23045349121094,194.5366668701172,3826003
2020-09-24,196.62368774414062,199.19419860839844,192.98953247070312,196.79290771484375,3782940
2020-09-25,194.7461700439453,202.98146057128906,194.5769500732422,201.58743286132812,3986588
2020-09-28,205.697021484375,209.46817016601562,204.7381134033203,205.0281982421875,4107462
2020-09-29,205.4713897705078,208.05801391601562,200.7413330078125,204.270751953125,2724491
2020-09-30,204.24658203125,207.50201416015625,201.04754638671875,202.67526245117188,3109946
2020-10-01,205.68896484375,207.72764587402344,203.77114868164062,204.7381134033203,3552114
2020-10-02,201.8936309814453,208.3400421142578,201.450439453125,205.64060974121094,3741987
2020-10-05,208.54150390625,210.2820281982422,207.67929077148438,208.8718719482422,3012900
2020-10-06,209.60516357421875,213.52134704589844,208.04190063476562,208.92022705078125,3911880
2020-10-07,212.6107940673828,218.0983123779297,212.32876586914062,216.1643829345703,3706247
2020-10-08,217.34890747070312,219.5970916748047,214.62530517578125,218.42062377929688,2473313
2020-10-09,221.11199951171875,221.59548950195312,217.19581604003906,218.8154754638672,2695452
2020-10-12,219.38758850097656,220.9589080810547,218.63014221191406,220.38677978515625,2560928
2020-10-13,219.43594360351562,221.78887939453125,219.0572052001953,219.77438354492188,2056461
2020-10-14,221.39404296875,224.78646850585938,220.60435485839844,222.5946807861328,2580535
2020-10-15,220.05641174316406,227.34890747070312,218.9766387939453,227.32473754882812,2798083
2020-10-16,228.8477020263672,231.39404296875,227.23609924316406,228.74295043945312,3710962
2020-10-19,229.50039672851562,234.66558837890625,225.2699432373047,227.21192932128906,4285297
2020-10-20,228.8477020263672,235.85012817382812,228.1305389404297,231.58743286132812,4870801
2020-10-21,233.00564575195312,236.34165954589844,227.4456024169922,227.46173095703125,3995027
2020-10-22,228.50926208496094,230.16921997070312,220.80580139160156,222.36099243164062,3676959
2020-10-23,224.24658203125,228.74295043945312,223.0942840576172,228.49314880371094,3100390
2020-10-26,225.61643981933594,226.0273895263672,220.3061981201172,223.70669555664062,2880857
2020-10-27,225.57614135742188,225.90652465820312,221.10394287109375,221.1200714111328,2373164
2020-10-28,211.7082977294922,215.08460998535156,207.8968505859375,209.50039672851562,5012647
2020-10-29,209.67767333984375,217.35696411132812,209.5568084716797,215.16519165039062,3326749
2020-10-30,213.21514892578125,214.33522033691406,205.93069458007812,209.08139038085938,3359263
2020-11-02,211.6841278076172,215.54391479492188,208.71072387695312,215.13294982910156,2535239
2020-11-03,219.13778686523438,223.1426239013672,216.05157470703125,221.1764678955078,3264823
2020-11-04,222.97340393066406,224.65753173828125,216.38194274902344,216.8412628173828,3487955
2020-11-05,219.98388671875,227.4536590576172,219.98388671875,224.87510681152344,2773139
2020-11-06,224.43191528320312,229.08944702148438,223.3037872314453,225.4391632080078,2351447
2020-11-09,220.9830780029297,221.1925811767578,206.56729125976562,212.63497924804688,7330835
2020-11-10,213.03787231445312,216.57534790039062,207.8968505859375,215.36663818359375,3566634
2020-11-11,218.50926208496094,218.62208557128906,214.34327697753906,215.80177307128906,2404686
2020-11-12,216.94601440429688,218.2836456298828,212.72361755371094,215.2779998779297,2387684
2020-11-13,215.9468231201172,220.56405639648438,215.9468231201172,219.10556030273438,1977782
2020-11-16,220.4029083251953,226.33360290527344,217.90492248535156,225.4875030517578,3071227
2020-11-17,227.13134765625,230.62046813964844,223.1265106201172,229.6938018798828,3495525
2020-11-18,230.21755981445312,233.48912048339844,227.6309356689453,227.63900756835938,3567627
2020-11-19,228.66236877441406,229.65350341796875,223.1103973388672,225.50363159179688,2947375
2020-11-20,226.4061279296875,226.96212768554688,222.95729064941406,222.95729064941406,2339906
2020-11-23,225.79371643066406,230.78163146972656,225.78565979003906,230.7413330078125,3017616
2020-11-24,233.35214233398438,238.581787109375,229.89524841308594,235.0362548828125,4605847
2020-11-25,235.14102172851562,235.92263793945312,230.91055297851562,232.31265258789062,2853804
2020-11-27,234.3271484375,234.64947509765625,229.93553161621094,231.59548950195312,1548768
2020-11-30,232.06285095214844,234.40773010253906,226.05963134765625,230.92666625976562,3957549
2020-12-01,236.55116271972656,239.85494995117188,231.74859619140625,231.8775177001953,3786415
2020-12-02,231.4423828125,236.77679443359375,229.67767333984375,235.06849670410156,3124838
2020-12-03,235.06849670410156,238.79129028320312,233.50523376464844,235.85818481445312,2427148
2020-12-04,237.19581604003906,240.91860961914062,236.1966094970703,237.6148223876953,2292996
2020-12-07,239.24253845214844,239.35536193847656,236.26107788085938,239.35536193847656,1840899
2020-12-08,240.12892150878906,244.68170166015625,239.90330505371094,242.90895080566406,3585373
2020-12-09,244.5608367919922,246.30137634277344,236.4705810546875,237.96937561035156,3282321
2020-12-10,234.6978302001953,237.21192932128906,232.5624542236328,234.40773010253906,3674601
2020-12-11,233.50523376464844,235.19741821289062,230.61241149902344,233.25543212890625,2921935
2020-12-14,238.51731872558594,238.7993621826172,229.98388671875,230.08863830566406,3640970
2020-12-15,230.4673614501953,233.24737548828125,228.1305389404297,230.2498016357422,3745462
2020-12-16,231.57131958007812,234.36744689941406,230.9508514404297,232.72361755371094,3241244
2020-12-17,233.20709228515625,236.82513427734375,230.63658142089844,235.50363159179688,7454563
2020-12-18,228.44480895996094,229.2667236328125,221.56324768066406,222.05479431152344,19182261
2020-12-21,218.90411376953125,220.38677978515625,216.36582946777344,219.12973022460938,6191970
2020-12-22,219.5809783935547,220.2578582763672,216.1804962158203,220.20950317382812,4410018
2020-12-23,220.49960327148438,222.91700744628906,218.06607055664062,218.1385955810547,2917343
2020-12-24,218.66236877441406,219.20225524902344,215.3021697998047,216.61563110351562,2046905
2020-12-28,217.4375457763672,217.64706420898438,210.9669647216797,211.8775177001953,4508677
2020-12-29,212.69137573242188,213.90008544921875,209.24253845214844,210.76551818847656,3321661
2020-12-30,211.28121948242188,211.6680145263672,208.18695068359375,209.49234008789062,3343378
2020-12-31,209.18614196777344,209.87913513183594,207.50201416015625,209.20225524902344,3236280
2021-01-04,209.83078002929688,209.91136169433594,202.1756591796875,204.0209503173828,4712201
2021-01-05,202.65914916992188,205.2941131591797,201.49073791503906,204.0128936767578,4059435
2021-01-06,201.82110595703125,208.68653869628906,201.75665283203125,204.319091796875,4474177
2021-01-07,204.7461700439453,206.4544677734375,197.78404235839844,198.25140380859375,7020709
2021-01-08,198.64625549316406,199.3231201171875,195.34246826171875,197.3892059326172,5688620
2021-01-11,195.80982971191406,198.597900390625,195.58421325683594,197.67123413085938,4235781
2021-01-12,198.2917022705078,201.1442413330078,195.80982971191406,200.6768798828125,5431112
2021-01-13,201.8533477783203,204.5688934326172,200.0,203.23931884765625,3738885
2021-01-14,204.88316345214844,208.17083740234375,204.19017028808594,206.50282287597656,3558071
2021-01-15,206.09185791015625,206.09185791015625,202.24012756347656,203.51329040527344,3481129
2021-01-19,204.61724853515625,206.60757446289062,200.56405639648438,201.06365966796875,2925782
2021-01-20,202.4093475341797,203.3440704345703,199.5326385498047,203.02981567382812,2677209
2021-01-21,204.48831176757812,207.31668090820312,203.36019897460938,204.62530517578125,2418461
2021-01-22,203.06204223632812,205.83399963378906,201.45849609375,204.7381134033203,2098159
2021-01-25,203.42465209960938,205.3021697998047,200.07252502441406,204.254638671875,2494038
2021-01-26,204.83480834960938,205.35052490234375,200.91860961914062,201.1845245361328,2278600
2021-01-27,197.91297912597656,198.549560546875,193.88397216796875,195.6728515625,3348839
2021-01-28,198.23529052734375,198.46092224121094,195.50363159179688,195.64060974121094,2704139
2021-01-29,195.77760314941406,196.11602783203125,189.19419860839844,189.63739013671875,4022453
2021-02-01,191.28121948242188,193.19097900390625,189.62127685546875,192.78001403808594,3389419
2021-02-02,198.54150390625,198.70265197753906,194.0612335205078,195.4069366455078,3548764
2021-02-03,195.4875030517578,196.29330444335938,192.86865234375,194.43191528320312,2681181
2021-02-04,194.50442504882812,199.98388671875,194.09347534179688,199.93553161621094,3597535
2021-02-05,202.25624084472656,205.80177307128906,200.64463806152344,205.4875030517578,3495401
2021-02-08,206.8976593017578,209.0088653564453,205.9387664794922,207.4536590576172,2650031
2021-02-09,207.30862426757812,209.91136169433594,204.67364501953125,208.8074188232422,2181802
2021-02-10,210.89443969726562,210.9911346435547,206.48670959472656,207.46173095703125,2444274
2021-02-11,207.8968505859375,207.96131896972656,202.70748901367188,204.9637451171875,2161450
2021-02-12,205.55197143554688,212.03062438964844,204.68170166015625,211.92587280273438,3318434
2021-02-16,212.73167419433594,213.90814208984375,210.4029083251953,210.9830780029297,2168772
2021-02-17,209.40370178222656,209.89524841308594,205.80982971191406,208.77517700195312,1779098
2021-02-18,205.89041137695312,208.2917022705078,203.8678436279297,205.9871063232422,2086369
2021-02-19,207.92103576660156,209.0088653564453,204.49636840820312,205.18936157226562,1979147
2021-02-22,204.0612335205078,207.4133758544922,203.94842529296875,205.21353149414062,2261102
2021-02-23,204.270751953125,205.66477966308594,197.72764587402344,205.18130493164062,2176218
2021-02-24,204.9637451171875,210.54794311523438,204.68170166015625,209.5568084716797,2097538
2021-02-25,209.5648651123047,211.9016876220703,204.09347534179688,204.85092163085938,2022085
2021-02-26,205.4230499267578,207.46173095703125,201.8533477783203,205.07655334472656,2157975
2021-03-01,208.46897888183594,213.77920532226562,208.1385955810547,211.1925811767578,2498754
2021-03-02,211.7082977294922,212.4496307373047,209.08944702148438,209.18614196777344,1738021
2021-03-03,208.68653869628906,211.6841278076172,205.85012817382812,208.51731872558594,1942165
2021-03-04,206.7364959716797,208.24334716796875,199.10556030273438,201.6921844482422,2943156
2021-03-05,203.21514892578125,208.06607055664062,197.8646240234375,207.32473754882812,2398729
2021-03-08,209.5084686279297,210.58824157714844,202.26429748535156,202.53021240234375,2782818
2021-03-09,204.0209503173828,211.20870971679688,203.2635040283203,207.8323974609375,2918832
2021-03-10,208.8074188232422,210.9669647216797,207.94520568847656,209.84689331054688,1986345
2021-03-11,212.36099243164062,217.69540405273438,211.36985778808594,216.34971618652344,4708850
2021-03-12,215.35858154296875,218.525390625,213.74697875976562,217.72764587402344,2652389
2021-03-15,218.37228393554688,219.86300659179688,212.5624542236328,215.05238342285156,3985472
2021-03-16,215.14907836914062,215.17324829101562,209.7501983642578,210.15310668945312,2644695
2021-03-17,208.70265197753906,214.48831176757812,207.16357421875,214.21434020996094,2309997
2021-03-18,215.80982971191406,216.97824096679688,211.8452911376953,212.33682250976562,5629300
2021-03-19,224.85897827148438,227.98548889160156,221.82916259765625,225.2860565185547,16057051
2021-03-22,225.2860565185547,225.4633331298828,218.92022705078125,220.80580139160156,4066012
2021-03-23,218.70265197753906,223.1667938232422,213.9806671142578,214.9959716796875,2825881
2021-03-24,216.76068115234375,221.0072479248047,215.4713897705078,216.1885528564453,2634271
2021-03-25,214.50442504882812,221.61160278320312,212.68331909179688,220.93472290039062,2836181
2021-03-26,223.77114868164062,226.82513427734375,221.27316284179688,226.7042694091797,2564651
2021-03-29,224.0128936767578,227.19581604003906,222.91700744628906,224.9959716796875,1882845
2021-03-30,225.11683654785156,232.19178771972656,224.2626953125,230.39483642578125,3381353
2021-03-31,230.4593048095703,231.97421264648438,227.90492248535156,228.8799285888672,2514266
2021-04-01,228.47703552246094,229.65350341796875,227.06687927246094,228.47703552246094,1791384
2021-04-05,230.4593048095703,230.9508514404297,226.08380126953125,226.8896026611328,2143455
2021-04-06,226.96212768554688,229.20225524902344,226.1885528564453,227.3730926513672,1746335
2021-04-07,226.82513427734375,227.5906524658203,222.95729064941406,224.90733337402344,1823277
2021-04-08,227.96131896972656,229.20225524902344,225.4230499267578,229.20225524902344,2824516
2021-04-09,227.96131896972656,231.26510620117188,227.05882263183594,230.92666625976562,2530895
2021-04-12,230.16116333007812,236.1724395751953,229.7663116455078,234.319091796875,2200665
2021-04-13,237.49395751953125,237.51812744140625,232.96534729003906,234.39967346191406,2126702
2021-04-14,233.2876739501953,234.60919189453125,231.7244110107422,231.9178009033203,1364976
2021-04-15,232.73973083496094,235.61643981933594,230.9991912841797,234.64947509765625,1724742
2021-04-16,236.0193328857422,236.09991455078125,231.36985778808594,231.74053955078125,1753533
2021-04-19,230.50765991210938,230.9991912841797,227.30862426757812,228.24334716796875,2081157
2021-04-20,227.5745391845703,228.68653869628906,223.48106384277344,225.89846801757812,1768797
2021-04-21,224.85897827148438,226.48670959472656,223.2796173095703,224.22239685058594,2309997
2021-04-22,223.47300720214844,226.48670959472656,222.70748901367188,222.83642578125,1792997
2021-04-23,224.43191528320312,224.9718017578125,223.18292236328125,223.8033905029297,1629185
2021-04-26,225.06849670410156,225.51974487304688,220.9508514404297,222.20790100097656,2168027
2021-04-27,230.91055297851562,235.4552764892578,229.11361694335938,231.6760711669922,6157718
2021-04-28,230.9830780029297,232.99758911132812,229.991943359375,231.57937622070312,2213820
2021-04-29,233.68251037597656,238.75906372070312,233.06204223632812,238.565673828125,3068000
2021-04-30,236.51893615722656,238.19500732421875,232.876708984375,233.93231201171875,2260978
2021-05-03,237.6228790283203,246.09185791015625,237.06687927246094,245.4069366455078,5684152
2021-05-04,243.91619873046875,245.93069458007812,241.1925811767578,245.18936157226562,3065891
2021-05-05,246.48670959472656,249.79049682617188,243.5535888671875,247.00241088867188,3139854
2021-05-06,246.0032196044922,251.37791442871094,244.5447235107422,250.57211303710938,3178697
2021-05-07,248.18695068359375,253.90814208984375,248.18695068359375,253.5777587890625,2266190
2021-05-10,253.5697021484375,255.4391632080078,249.21031188964844,249.21031188964844,2151398
2021-05-11,245.4472198486328,248.0902557373047,242.19984436035156,246.28524780273438,2693591
2021-05-12,243.49717712402344,245.57614135742188,237.5423126220703,238.525390625,2418957
2021-05-13,239.37147521972656,246.0273895263672,238.91217041015625,244.48025512695312,1792376
2021-05-14,245.9548797607422,250.20144653320312,245.9548797607422,249.33924865722656,1805903
2021-05-17,249.79855346679688,251.05560302734375,247.123291015625,249.20225524902344,1167409
2021-05-18,249.5487518310547,250.024169921875,246.61563110351562,246.61563110351562,1298210
2021-05-19,244.9637451171875,248.533447265625,241.6680145263672,248.1305389404297,2152763
2021-05-20,249.10556030273438,251.36985778808594,247.18775939941406,249.0330352783203,1586122
2021-05-21,250.14505004882812,254.0612335205078,249.3070068359375,249.47622680664062,2176218
2021-05-24,252.63497924804688,252.63497924804688,249.19419860839844,251.28121948242188,2243604
2021-05-25,252.21595764160156,252.52215576171875,247.95326232910156,248.66236877441406,2025064
2021-05-26,250.37872314453125,252.07896423339844,248.20306396484375,250.4029083251953,2103619
2021-05-27,251.82110595703125,257.7760009765625,251.29734802246094,254.302978515625,3297709
2021-05-28,254.63336181640625,255.2377166748047,252.22401428222656,253.67445373535156,1269171
2021-06-01,256.4625244140625,256.6800842285156,249.86300659179688,250.4834747314453,1591458
2021-06-02,252.21595764160156,252.21595764160156,244.82675170898438,247.03465270996094,2591704
2021-06-03,246.08380126953125,248.00967407226562,243.49717712402344,246.82513427734375,1633528
2021-06-04,247.20387268066406,248.18695068359375,241.466552734375,243.44883728027344,2619999
2021-06-07,244.15794372558594,245.13294982910156,241.10394287109375,244.43191528320312,2432856
2021-06-08,243.9967803955078,244.5447235107422,240.62852478027344,243.8195037841797,1860259
2021-06-09,243.8195037841797,243.8517303466797,234.0531768798828,236.1885528564453,5409023
2021-06-10,236.57534790039062,238.18695068359375,234.65753173828125,235.9709930419922,2248444
2021-06-11,236.30943298339844,238.65431213378906,236.30943298339844,238.58984375,2021465
2021-06-14,239.09750366210938,239.46011352539062,235.32635498046875,236.09185791015625,1583020
2021-06-15,237.70346069335938,241.64382934570312,236.82513427734375,241.1764678955078,2275994
2021-06-16,240.50765991210938,241.24899291992188,235.6728515625,237.4536590576172,2092450
2021-06-17,237.30056762695312,237.50201416015625,230.12892150878906,231.7244110107422,2940425
2021-06-18,228.96856689453125,233.3037872314453,227.24415588378906,229.91136169433594,3169266
2021-06-21,232.03868103027344,237.73570251464844,231.9097442626953,236.22885131835938,2385202
2021-06-22,237.64706420898438,241.03143310546875,236.78485107421875,239.87913513183594,2792374
2021-06-23,241.74053955078125,242.26429748535156,238.64625549316406,239.62127685546875,2677333
2021-06-24,243.1103973388672,245.4391632080078,240.91860961914062,244.7139434814453,6225352
2021-06-25,235.89041137695312,237.51007080078125,230.87832641601562,235.2538299560547,14422902
2021-06-28,236.09991455078125,237.4294891357422,233.23126220703125,236.8976593017578,4389541
2021-06-29,238.51731872558594,241.33763122558594,237.5906524658203,240.040283203125,4460775
2021-06-30,238.54150390625,240.62852478027344,237.71151733398438,240.39483642578125,2247327
2021-07-01,241.7002410888672,241.82110595703125,239.17808532714844,241.03143310546875,2171130
2021-07-02,241.6599578857422,241.6599578857422,239.62127685546875,241.24093627929688,1657728
2021-07-06,241.24093627929688,241.4423828125,235.77760314941406,237.3972625732422,2832583
2021-07-07,236.9057159423828,237.8323974609375,234.68170166015625,236.54310607910156,2845861
2021-07-08,231.39404296875,237.4053192138672,230.33843994140625,236.29330444335938,2446507
2021-07-09,238.36422729492188,240.2900848388672,236.24496459960938,238.8396453857422,2876018
2021-07-12,239.5487518310547,243.5455322265625,237.3892059326172,241.474609375,2364601
2021-07-13,240.92666625976562,243.8759002685547,240.6849365234375,240.9991912841797,2168896
2021-07-14,240.65269470214844,242.4335174560547,237.3892059326172,238.40451049804688,1776864
2021-07-15,236.9057159423828,240.7252197265625,236.63980102539062,238.581787109375,1447006
2021-07-16,239.08139038085938,239.3231201171875,235.36663818359375,235.68896484375,2451968
2021-07-19,231.6921844482422,237.98548889160156,230.7171630859375,237.5664825439453,3540945
2021-07-20,238.04190063476562,240.9669647216797,237.26832580566406,240.14505004882812,2055592
2021-07-21,239.7340850830078,243.3118438720703,239.5890350341797,240.4109649658203,1661699
2021-07-22,239.7663116455078,240.81385803222656,238.565673828125,239.0169219970703,1218414
2021-07-23,239.9677734375,240.66075134277344,238.58984375,239.37953186035156,1241745
2021-07-26,238.58984375,240.53182983398438,238.23529052734375,239.7260284423828,1496026
2021-07-27,231.6680145263672,232.3771209716797,224.91539001464844,227.74375915527344,6002965
2021-07-28,229.0169219970703,229.08944702148438,225.85012817382812,227.09912109375,3390536
2021-07-29,227.09912109375,229.37147521972656,226.58340454101562,227.171630859375,2259613
2021-07-30,225.62449645996094,227.23609924316406,223.8436737060547,225.58421325683594,2900465
2021-08-02,226.26107788085938,227.72764587402344,221.9097442626953,222.53021240234375,3090586
2021-08-03,222.6269073486328,227.00241088867188,220.9911346435547,226.27719116210938,2669515
2021-08-04,225.08460998535156,225.85818481445312,221.6599578857422,221.6921844482422,2455691
2021-08-05,222.32070922851562,223.8356170654297,221.32957458496094,222.24012756347656,2593318
2021-08-06,222.94117736816406,224.37550354003906,221.61965942382812,222.6188507080078,2111934
2021-08-09,221.63577270507812,222.3851776123047,219.62933349609375,219.7179718017578,2292872
2021-08-10,219.5809783935547,221.08782958984375,218.3400421142578,218.581787109375,2661573
2021-08-11,219.5165252685547,223.3360137939453,218.581787109375,222.6188507080078,2504090
2021-08-12,222.80418395996094,224.50442504882812,220.53988647460938,222.48187255859375,1503099
2021-08-13,221.78082275390625,224.61724853515625,221.402099609375,223.35214233398438,2415234
2021-08-16,223.04592895507812,227.94520568847656,221.7244110107422,226.96212768554688,3422554
2021-08-17,224.9879150390625,226.0273895263672,221.42626953125,223.90008544921875,3648416
2021-08-18,222.4496307373047,223.71475219726562,219.5165252685547,219.79049682617188,2651521
2021-08-19,217.5664825439453,218.1547088623047,213.5697021484375,215.60032653808594,3848465
2021-08-20,214.66558837890625,216.35777282714844,212.78807067871094,214.78646850585938,2984109
2021-08-23,215.9548797607422,216.8734893798828,214.88316345214844,215.06849670410156,2533377
2021-08-24,214.9718017578125,216.82513427734375,214.5850067138672,215.80177307128906,2620620
2021-08-25,215.9548797607422,219.0572052001953,215.39886474609375,217.8646240234375,2626204
2021-08-26,217.51812744140625,217.51812744140625,214.9798583984375,215.51974487304688,1628316
2021-08-27,215.51168823242188,216.96212768554688,215.07655334472656,215.87429809570312,1925660
2021-08-30,216.55921936035156,216.63980102539062,213.89202880859375,213.9726104736328,2186146
2021-08-31,214.39161682128906,215.09266662597656,213.2796173095703,214.09347534179688,2032262
2021-09-01,214.41578674316406,215.50363159179688,212.36099243164062,214.286865234375,2184905
2021-09-02,214.5930633544922,216.74456787109375,214.5447235107422,215.22158813476562,1627323
2021-09-03,214.78646850585938,216.4222412109375,213.44883728027344,214.37550354003906,1892277
2021-09-07,214.5930633544922,215.4472198486328,211.8936309814453,212.4415740966797,2028415
2021-09-08,212.1273193359375,212.1595458984375,208.57373046875,210.33038330078125,2436331
2021-09-09,208.8074188232422,211.7082977294922,207.32473754882812,208.8799285888672,2646805
2021-09-10,210.7493896484375,211.29734802246094,207.28445434570312,207.53424072265625,2131418
2021-09-13,209.07333374023438,211.03948974609375,207.69540405273438,211.0072479248047,2293368
2021-09-14,211.28927612304688,211.8936309814453,205.2457733154297,205.64060974121094,3206124
2021-09-15,206.53504943847656,209.22642517089844,205.38275146484375,206.76068115234375,2836802
2021-09-16,207.8726806640625,209.0330352783203,206.31748962402344,208.20306396484375,2124468
2021-09-17,205.80177307128906,207.66317749023438,204.7461700439453,205.65672302246094,3825258
2021-09-20,203.1506805419922,204.65753173828125,199.9677734375,202.09507751464844,4311855
2021-09-21,203.8678436279297,204.5769500732422,200.4673614501953,203.1184539794922,5561045
2021-09-22,188.70265197753906,189.34730529785156,184.5124969482422,184.5930633544922,22080368
2021-09-23,184.5850067138672,186.37388610839844,183.78726196289062,184.46414184570312,8802041
2021-09-24,183.72280883789062,184.5286102294922,182.5946807861328,182.6269073486328,6171989
2021-09-27,182.1112060546875,184.7300567626953,181.8533477783203,182.52215576171875,5380356
2021-09-28,181.96615600585938,183.76309204101562,178.69459533691406,179.21031188964844,5854666
2021-09-29,179.6938018798828,180.6929931640625,177.92103576660156,178.1547088623047,4637865
2021-09-30,178.5576171875,179.83078002929688,176.49476623535156,176.7042694091797,4788523
2021-10-01,177.28445434570312,180.58016967773438,175.80982971191406,179.3150634765625,5005077
2021-10-04,178.2755889892578,180.49960327148438,175.06849670410156,175.56002807617188,4869808
2021-10-05,175.2618865966797,182.48187255859375,174.3271484375,180.7171630859375,6610683
2021-10-06,178.95245361328125,181.25704956054688,177.139404296875,180.66075134277344,4533249
2021-10-07,182.91700744628906,183.44883728027344,179.2747802734375,179.65350341796875,4907038
2021-10-08,179.21031188964844,180.4512481689453,178.42062377929688,180.04835510253906,2934965
2021-10-11,180.52377319335938,180.9669647216797,176.76068115234375,177.13134765625,3579913
2021-10-12,177.13134765625,178.95245361328125,177.01853942871094,178.3400421142578,3154002
2021-10-13,178.90411376953125,181.6519012451172,176.8815460205078,180.2820281982422,5702767
2021-10-14,182.4335174560547,184.18211364746094,181.92587280273438,183.2796173095703,3526177
2021-10-15,184.0048370361328,184.93150329589844,183.18292236328125,184.62530517578125,5184774
2021-10-18,183.73892211914062,185.13294982910156,182.65914916992188,183.70669555664062,3321909
2021-10-19,184.64947509765625,185.64866638183594,183.46495056152344,184.78646850585938,2591332
2021-10-20,185.60032653808594,186.9137725830078,184.65753173828125,186.38194274902344,3123473
2021-10-21,186.38194274902344,188.04190063476562,185.84205627441406,187.6228790283203,4757249
2021-10-22,187.64706420898438,189.12167358398438,187.23609924316406,187.73570251464844,3198553
2021-10-25,188.02578735351562,190.39483642578125,187.34890747070312,189.68572998046875,3159338
2021-10-26,192.5785675048828,194.43191528320312,190.89443969726562,191.64382934570312,3804161
2021-10-27,192.1837158203125,193.39242553710938,189.42788696289062,189.5970916748047,3322157
2021-10-28,189.81466674804688,190.2820281982422,187.8726806640625,190.13699340820312,2132907
2021-10-29,188.49314880371094,192.07896423339844,188.19500732421875,189.79049682617188,2481876
2021-11-01,191.2006378173828,191.30540466308594,189.11361694335938,189.87913513183594,1776740
2021-11-02,190.54794311523438,191.28121948242188,189.36341857910156,189.98388671875,1848345
2021-11-03,189.7018585205078,193.77920532226562,189.0572052001953,193.40853881835938,2518734
2021-11-04,194.79452514648438,197.8646240234375,193.93231201171875,197.4294891357422,3585994
2021-11-05,198.67848205566406,198.8557586669922,194.5527801513672,195.62449645996094,2462889
2021-11-08,197.27638244628906,201.1603546142578,197.115234375,200.2659149169922,3241740
2021-11-09,201.450439453125,201.8452911376953,198.3078155517578,201.03143310546875,2273636
2021-11-10,199.60516357421875,202.01451110839844,198.70265197753906,200.2578582763672,2308136
2021-11-11,200.9830780029297,204.0290069580078,200.4270782470703,202.24818420410156,2544546
2021-11-12,203.01370239257812,205.38275146484375,202.22401428222656,204.5769500732422,2625336
2021-11-15,205.07655334472656,205.680908203125,201.6519012451172,203.3037872314453,2473561
2021-11-16,203.06204223632812,205.72119140625,202.80418395996094,204.0128936767578,1996645
2021-11-17,203.5535888671875,204.12570190429688,199.17002868652344,199.3150634765625,2612181
2021-11-18,199.79049682617188,200.62852478027344,194.39161682128906,197.19581604003906,2898604
2021-11-19,197.4053192138672,198.38839721679688,195.4391632080078,195.56002807617188,2519106
2021-11-22,195.56002807617188,202.33682250976562,195.0362548828125,199.83078002929688,2712454
2021-11-23,199.0330352783203,199.5970916748047,196.92184448242188,198.57373046875,1765447
2021-11-24,197.4214324951172,198.94439697265625,196.26107788085938,196.26913452148438,2042686
2021-11-26,191.22482299804688,192.91700744628906,189.77438354492188,191.9016876220703,2203768
2021-11-29,193.39242553710938,194.67364501953125,191.03948974609375,193.8517303466797,2103867
2021-11-30,191.94198608398438,192.5946807861328,185.2618865966797,185.63255310058594,4177206
2021-12-01,189.36341857910156,191.93392944335938,183.40853881835938,183.5455322265625,2900589
2021-12-02,183.5535888671875,191.1603546142578,183.23931884765625,189.60516357421875,2659587
2021-12-03,190.6768798828125,194.48831176757812,190.4754180908203,194.06930541992188,3025930
2021-12-06,195.80982971191406,199.0169219970703,195.18130493164062,197.46173095703125,2270410
2021-12-07,199.13778686523438,200.63658142089844,198.38839721679688,199.08139038085938,2103247
2021-12-08,199.47622680664062,199.47622680664062,196.4383544921875,197.21998596191406,1607716
2021-12-09,196.21273803710938,199.33119201660156,195.89041137695312,197.6228790283203,1587239
2021-12-10,198.05801391601562,200.08058166503906,197.01853942871094,198.45286560058594,1582647
2021-12-13,197.19581604003906,197.80821228027344,193.79531860351562,194.11764526367188,2098283
2021-12-14,193.39242553710938,197.32473754882812,192.876708984375,193.42465209960938,2094560
2021-12-15,193.42465209960938,195.19741821289062,192.5946807861328,194.0209503173828,2109452
2021-12-16,195.4633331298828,197.21998596191406,192.1192626953125,192.19984436035156,5542182
2021-12-17,204.46414184570312,209.91136169433594,199.88719177246094,201.7082977294922,12555569
2021-12-20,201.6921844482422,203.77114868164062,197.78404235839844,197.8646240234375,3424043
2021-12-21,200.06446838378906,203.67445373535156,199.6938018798828,203.02175903320312,3137372
2021-12-22,203.3440704345703,203.65834045410156,200.88638305664062,201.418212890625,2884456
2021-12-23,202.1514892578125,206.4705810546875,201.97421264648438,204.5286102294922,2605231
2021-12-27,205.4713897705078,207.25221252441406,204.9556884765625,206.48670959472656,1834943
2021-12-28,206.30137634277344,208.18695068359375,205.86624145507812,206.63980102539062,1665918
2021-12-29,206.6720428466797,208.3078155517578,206.47865295410156,207.48590087890625,1821043
2021-12-30,207.80821228027344,209.67767333984375,207.49395751953125,208.3480987548828,2215557
2021-12-31,207.5503692626953,209.7018585205078,207.03465270996094,208.41256713867188,1578924
2022-01-03,209.34730529785156,210.87026977539062,207.05882263183594,208.3400421142578,2174728
2022-01-04,209.22642517089844,214.294921875,208.95245361328125,213.46495056152344,3209971
2022-01-05,213.5374755859375,214.9798583984375,211.0072479248047,211.22482299804688,3025062
2022-01-06,211.11199951171875,213.5455322265625,209.61322021484375,212.07896423339844,2305530
2022-01-07,211.6760711669922,214.83480834960938,211.1522979736328,212.72361755371094,2042686
2022-01-10,211.61965942382812,211.61965942382812,203.47300720214844,206.7284393310547,5651266
2022-01-11,206.7284393310547,207.4053192138672,203.17486572265625,205.91458129882812,2504710
2022-01-12,206.34971618652344,208.71072387695312,205.3021697998047,206.4544677734375,1754154
2022-01-13,207.26026916503906,209.5970916748047,206.52699279785156,207.6309356689453,2058199
2022-01-14,205.14907836914062,206.81707763671875,204.07736206054688,206.4625244140625,1729458
2022-01-18,203.5938720703125,204.86705017089844,201.6519012451172,204.13375854492188,2381107
2022-01-19,204.13375854492188,206.1321563720703,203.20709228515625,203.21514892578125,1616775
2022-01-20,204.44802856445312,206.28524780273438,201.96615600585938,202.04673767089844,2074456
2022-01-21,201.1522979736328,201.4423828125,196.56729125976562,197.34890747070312,3801928
2022-01-24,193.03787231445312,198.18695068359375,190.85415649414062,198.00161743164062,3786912
2022-01-25,194.79452514648438,198.8235321044922,192.5946807861328,196.64785766601562,2521960
2022-01-26,198.07412719726562,200.040283203125,194.37550354003906,195.9387664794922,2495403
2022-01-27,197.6228790283203,199.5487518310547,193.1345672607422,194.94761657714844,2315334
2022-01-28,194.31103515625,197.34890747070312,192.69137573242188,197.24415588378906,2838912
2022-01-31,196.63980102539062,198.35617065429688,194.19822692871094,198.1144256591797,4214312
2022-02-01,205.3021697998047,206.6800994873047,202.49798583984375,203.06204223632812,5707111
2022-02-02,204.22239685058594,204.270751953125,200.52377319335938,202.91700744628906,2167903
2022-02-03,201.35374450683594,202.5624542236328,199.08139038085938,199.2908935546875,2237895
2022-02-04,198.42062377929688,199.08944702148438,195.0362548828125,196.7042694091797,2658222
2022-02-07,197.34085083007812,197.8565673828125,195.50363159179688,196.3980712890625,2013647
2022-02-08,197.21192932128906,198.48509216308594,195.80982971191406,196.50282287597656,2461027
2022-02-09,198.05801391601562,200.32232666015625,196.30137634277344,196.80902099609375,2145937
2022-02-10,195.3102264404297,196.4705810546875,193.02175903320312,193.72280883789062,3243974
2022-02-11,193.43270874023438,193.79531860351562,186.32554626464844,187.115234375,5809121
2022-02-14,186.4061279296875,187.123291015625,182.892822265625,184.09347534179688,3115282
2022-02-15,186.7203826904297,188.69459533691406,185.34246826171875,185.65672302246094,3247697
2022-02-16,184.5286102294922,185.64866638183594,180.83802795410156,184.5366668701172,3032508
2022-02-17,183.2635040283203,183.6099853515625,180.58016967773438,180.79774475097656,1757132
2022-02-18,180.20144653320312,181.36180114746094,177.92909240722656,179.07333374023438,2058199
2022-02-22,177.3972625732422,178.60595703125,174.319091796875,175.49557495117188,3129057
2022-02-23,176.21273803710938,177.30862426757812,173.04592895507812,173.1184539794922,2796345
2022-02-24,167.6067657470703,174.5124969482422,166.24496459960938,173.9887237548828,3725978
2022-02-25,174.48831176757812,179.40370178222656,174.18211364746094,177.8565673828125,2437200
2022-02-28,175.0040283203125,179.40370178222656,173.8195037841797,179.10556030273438,3074826
2022-03-01,178.1144256591797,178.8477020263672,171.34568786621094,173.17486572265625,2583514
2022-03-02,174.40773010253906,179.35536193847656,172.68331909179688,176.6720428466797,2817815
2022-03-03,179.39564514160156,181.26510620117188,177.4375457763672,178.3319854736328,3062416
2022-03-04,175.66477966308594,176.4705810546875,171.07171630859375,172.876708984375,3049509
2022-03-07,170.82997131347656,171.93392944335938,161.6760711669922,162.03868103027344,4307635
2022-03-08,163.23931884765625,168.71072387695312,160.37872314453125,164.37550354003906,3633896
2022-03-09,168.41256713867188,175.9951629638672,168.41256713867188,174.63336181640625,3961768
2022-03-10,171.474609375,177.05076599121094,171.11199951171875,176.6962127685547,3146307
2022-03-11,177.27638244628906,177.6067657470703,171.418212890625,171.78082275390625,2911758
2022-03-14,171.24093627929688,173.18292236328125,168.25946044921875,170.12892150878906,2706249
2022-03-15,173.07815551757812,175.32635498046875,170.77357482910156,174.23851013183594,2306274
2022-03-16,176.4061279296875,182.1273193359375,176.26913452148438,182.05479431152344,3832208
2022-03-17,178.67042541503906,184.86705017089844,177.5906524658203,183.70669555664062,7075437
2022-03-18,177.27638244628906,177.4294891357422,171.57937622070312,176.3980712890625,11502084
2022-03-21,175.4391632080078,179.85494995117188,175.2377166748047,179.0169219970703,4262090
2022-03-22,179.7663116455078,184.286865234375,179.2828369140625,182.5705108642578,3260976
2022-03-23,181.09588623046875,182.1676025390625,178.1305389404297,178.46092224121094,2151398
2022-03-24,179.43594360351562,181.6680145263672,177.76792907714844,181.402099609375,2490191
2022-03-25,182.1031494140625,182.95729064941406,180.4673614501953,182.5624542236328,1803049
2022-03-28,182.78807067871094,185.4633331298828,181.80499267578125,185.37469482421875,2144572
2022-03-29,190.77357482910156,194.65753173828125,190.20950317382812,192.24012756347656,5033248
2022-03-30,191.1764678955078,191.93392944335938,188.67848205566406,189.5648651123047,2620123
2022-03-31,188.00967407226562,190.0322265625,186.36582946777344,186.4544677734375,2207243
2022-04-01,186.4544677734375,186.6881561279297,178.0821990966797,178.2836456298828,4263704
2022-04-04,175.9790496826172,177.96937561035156,174.64947509765625,175.65672302246094,4318432
2022-04-05,173.51329040527344,176.34165954589844,169.7582550048828,170.04835510253906,3877008
2022-04-06,168.8154754638672,168.8154754638672,164.0209503173828,164.38356018066406,4334565
2022-04-07,164.15794372558594,165.22158813476562,160.52377319335938,164.19822692871094,4000115
2022-04-08,162.844482421875,164.12570190429688,160.82997131347656,162.3851776123047,2880609
2022-04-11,160.84608459472656,167.32473754882812,160.84608459472656,164.48025512695312,2582521
2022-04-12,164.48831176757812,166.93795776367188,163.03787231445312,164.6897735595703,2521464
2022-04-13,164.7058868408203,167.24415588378906,163.65028381347656,166.24496459960938,1694586
2022-04-14,166.8412628173828,168.00967407226562,165.14907836914062,165.78565979003906,2385574
2022-04-18,165.60838317871094,166.78485107421875,162.74778747558594,163.78726196289062,1874034
2022-04-19,164.82675170898438,169.2908935546875,164.60113525390625,168.25946044921875,2185897
2022-04-20,169.65350341796875,172.49798583984375,168.47703552246094,168.565673828125,2264701
2022-04-21,169.20225524902344,169.82272338867188,165.59226989746094,166.6881561279297,2605480
2022-04-22,165.68896484375,167.53424072265625,164.5930633544922,165.35858154296875,2624467
2022-04-25,164.42385864257812,165.83399963378906,159.3070068359375,165.51168823242188,2683787
2022-04-26,164.7622833251953,165.4230499267578,159.7340850830078,161.1603546142578,2392028
2022-04-27,159.7260284423828,162.4174041748047,158.05801391601562,160.56405639648438,2002602
2022-04-28,162.6269073486328,166.8573760986328,161.63577270507812,166.6800994873047,2806397
2022-04-29,165.4633331298828,168.3078155517578,159.5487518310547,160.14505004882812,2902203
2022-05-02,160.3061981201172,161.54713439941406,155.37469482421875,158.75100708007812,2761970
2022-05-03,158.95245361328125,161.64382934570312,157.6148223876953,160.7091064453125,2429630
2022-05-04,161.64382934570312,169.24253845214844,160.4593048095703,168.8074188232422,3045910
2022-05-05,166.80096435546875,169.66156005859375,165.13294982910156,166.99435424804688,3284307
2022-05-06,166.33360290527344,171.1845245361328,163.77920532226562,169.38758850097656,2925782
2022-05-09,167.05882263183594,171.29734802246094,165.7373046875,167.8243408203125,2879865
2022-05-10,169.44400024414062,170.4673614501953,163.49717712402344,167.65512084960938,2827743
2022-05-11,167.3730926513672,170.9669647216797,166.34165954589844,166.96212768554688,3484604
2022-05-12,165.4472198486328,167.8807373046875,163.02175903320312,167.76792907714844,2910766
2022-05-13,168.1627655029297,173.2957305908203,168.1063690185547,170.2578582763672,2577681
2022-05-16,169.5970916748047,170.78163146972656,167.8887939453125,168.9927520751953,1615286
2022-05-17,172.8203125,179.3070068359375,172.3851776123047,178.48509216308594,3633028
2022-05-18,175.0362548828125,176.10797119140625,163.2635040283203,164.0370635986328,4617885
2022-05-19,162.03868103027344,163.71475219726562,157.5664825439453,160.39483642578125,3224987
2022-05-20,162.73973083496094,162.73973083496094,157.47784423828125,161.8855743408203,2797090
2022-05-23,162.92506408691406,166.77679443359375,161.6760711669922,164.93955993652344,2104984
2022-05-24,163.2957305908203,165.9951629638672,158.96856689453125,165.39080810546875,2394758
2022-05-25,163.36019897460938,165.55197143554688,160.20950317382812,164.63336181640625,2726849
2022-05-26,167.01046752929688,172.1192626953125,166.64785766601562,171.06365966796875,2189372
2022-05-27,171.54713439941406,177.35696411132812,171.54713439941406,177.01046752929688,2663931
2022-05-31,175.4875030517578,182.03868103027344,173.38436889648438,180.9669647216797,3802176
2022-06-01,181.30540466308594,182.3771209716797,174.2626953125,176.20468139648438,2466239
2022-06-02,176.1402130126953,180.82997131347656,175.86624145507812,178.50120544433594,2037846
2022-06-03,177.18775939941406,178.2997589111328,175.4552764892578,176.22885131835938,1712084
2022-06-06,178.0821990966797,181.42626953125,177.23609924316406,179.5729217529297,1939559
2022-06-07,176.4141845703125,178.8638153076172,174.5286102294922,178.38034057617188,1383839
2022-06-08,175.56808471679688,177.70346069335938,173.8356170654297,174.9959716796875,1931368
2022-06-09,175.0201416015625,178.37228393554688,173.5697021484375,174.85897827148438,2291507
2022-06-10,172.5543975830078,173.3440704345703,166.50282287597656,166.61563110351562,2808755
2022-06-13,162.3690643310547,165.2296600341797,159.88719177246094,161.95004272460938,2460903
2022-06-14,177.5987091064453,187.1796875,176.93795776367188,185.2941131591797,16143797
2022-06-15,185.9387664794922,192.75584411621094,184.81063842773438,187.5745391845703,6249428
2022-06-16,182.4012908935547,183.25543212890625,180.024169921875,181.55519104003906,3802052
2022-06-17,180.58016967773438,186.48670959472656,179.5809783935547,185.2538299560547,6561912
2022-06-21,188.67848205566406,190.57211303710938,184.41578674316406,185.75341796875,2906670
2022-06-22,183.03787231445312,186.74456787109375,183.02981567382812,184.5447235107422,2523698
2022-06-23,184.93150329589844,185.53585815429688,180.78968811035156,183.8275604248047,5342629
2022-06-24,190.9911346435547,200.4512481689453,190.4431915283203,196.0032196044922,10418443
2022-06-27,198.9846954345703,199.78244018554688,193.5535888671875,193.77114868164062,3148169
2022-06-28,196.61563110351562,199.959716796875,193.0862274169922,193.46495056152344,3211460
2022-06-29,194.19822692871094,195.0040283203125,182.67526245117188,188.40451049804688,4637369
2022-06-30,185.0443115234375,186.06768798828125,179.67767333984375,182.68331909179688,4562909
2022-07-01,179.36341857910156,180.9750213623047,175.4311065673828,180.18533325195312,3216300
2022-07-05,177.75987243652344,186.11602783203125,176.24496459960938,185.0201416015625,3552611
2022-07-06,183.67445373535156,185.4713897705078,181.31346130371094,183.49717712402344,2077682
2022-07-07,185.4875030517578,186.8332061767578,181.9016876220703,186.4222412109375,2017866
2022-07-08,187.115234375,187.69540405273438,183.72280883789062,185.729248046875,1355917
2022-07-11,184.24658203125,186.34165954589844,180.37066650390625,180.65269470214844,2131666
2022-07-12,179.959716796875,183.3360137939453,178.72683715820312,179.67767333984375,2554847
2022-07-13,177.80821228027344,178.01773071289062,173.1506805419922,174.15794372558594,2472693
2022-07-14,170.6768798828125,172.81224060058594,169.5487518310547,172.67526245117188,1903198
2022-07-15,175.07655334472656,176.24496459960938,173.25543212890625,175.52780151367188,1564405
2022-07-18,176.55921936035156,178.68653869628906,174.93955993652344,175.64866638183594,1878502
2022-07-19,176.93795776367188,182.21595764160156,176.33360290527344,181.6519012451172,1710843
2022-07-20,182.04673767089844,184.16600036621094,180.6929931640625,183.44883728027344,1677212
2022-07-21,182.47381591796875,184.0370635986328,181.8775177001953,183.44883728027344,1249067
2022-07-22,184.36744689941406,185.58421325683594,181.61965942382812,183.1587371826172,1794238
2022-07-25,184.91539001464844,185.80177307128906,182.77195739746094,183.8597869873047,1209727
2022-07-26,179.6938018798828,182.63497924804688,178.17083740234375,181.2006378173828,1935836
2022-07-27,181.79693603515625,184.39967346191406,178.62208557128906,183.42465209960938,1516254
2022-07-28,183.73086547851562,185.59226989746094,183.1587371826172,185.18130493164062,1732684
2022-07-29,184.62530517578125,188.54150390625,182.00643920898438,187.8243408203125,2499002
2022-08-01,186.99435424804688,193.18292236328125,186.94601440429688,191.53907775878906,2365222
2022-08-02,190.07252502441406,190.6849365234375,186.56729125976562,187.96937561035156,1772769
2022-08-03,189.24253845214844,190.2417449951172,186.7284393310547,187.90492248535156,1290268
2022-08-04,188.38839721679688,190.4190216064453,188.03384399414062,190.2498016357422,1343879
2022-08-05,189.08944702148438,192.48187255859375,188.1547088623047,189.2747802734375,1870559
2022-08-08,190.16921997070312,190.2981414794922,184.15794372558594,184.5447235107422,2308508
2022-08-09,183.65834045410156,183.65834045410156,179.5809783935547,181.28121948242188,2400342
2022-08-10,185.18936157226562,189.0008087158203,184.5366668701172,187.30862426757812,2712702
2022-08-11,188.1466522216797,188.5576171875,184.12570190429688,184.7220001220703,2533626
2022-08-12,185.39080810546875,185.93069458007812,183.6099853515625,185.88235473632812,2085749
2022-08-15,184.5608367919922,188.70265197753906,184.48831176757812,187.92103576660156,1955692
2022-08-16,187.8646240234375,194.11764526367188,187.47784423828125,191.95809936523438,2717045
2022-08-17,189.7018585205078,190.82191467285156,187.6228790283203,188.0902557373047,1477535
2022-08-18,187.94520568847656,189.68572998046875,186.94601440429688,189.2586669921875,1233430
2022-08-19,188.69459533691406,188.9927520751953,185.52780151367188,186.7284393310547,1562667
2022-08-22,183.22320556640625,183.64222717285156,179.61322021484375,180.15310668945312,2317319
2022-08-23,179.9677734375,182.3851776123047,179.65350341796875,181.51490783691406,1267309
2022-08-24,181.20870971679688,183.24737548828125,179.61322021484375,182.1595458984375,1370312
2022-08-25,182.77195739746094,184.50442504882812,181.31346130371094,183.74697875976562,1444400
2022-08-26,184.0290069580078,184.85092163085938,175.680908203125,175.79371643066406,1920944
2022-08-29,174.21434020996094,176.0193328857422,173.03787231445312,174.64141845703125,1505333
2022-08-30,175.9387664794922,176.4625244140625,171.32151794433594,172.02256774902344,1762716
2022-08-31,172.78807067871094,173.23931884765625,169.5568084716797,169.87107849121094,2132286
2022-09-01,168.77517700195312,170.91055297851562,166.77679443359375,170.7171630859375,1963758
2022-09-02,172.6027374267578,172.77195739746094,166.98629760742188,168.18695068359375,1765571
2022-09-06,165.18130493164062,166.7203826904297,163.03787231445312,164.5205535888672,2927767
2022-09-07,162.28848266601562,163.07009887695312,158.65431213378906,162.46575927734375,3845611
2022-09-08,161.7082977294922,163.5858154296875,159.19419860839844,163.47300720214844,3071103
2022-09-09,165.0281982421875,168.8718719482422,164.81869506835938,168.46897888183594,2158595
2022-09-12,169.42788696289062,173.91619873046875,169.42788696289062,172.31265258789062,2828115
2022-09-13,168.3239288330078,169.43594360351562,164.46414184570312,165.4633331298828,1972942
2022-09-14,164.9556884765625,165.56002807617188,161.8936309814453,165.19741821289062,1874779
2022-09-15,164.86705017089844,166.1240997314453,163.75503540039062,165.08460998535156,3822528
2022-09-16,128.37228393554688,130.4109649658203,124.89927673339844,129.7501983642578,42444558
2022-09-19,128.92828369140625,133.23931884765625,128.525390625,131.26510620117188,11696425
2022-09-20,129.87107849121094,129.88719177246094,126.5511703491211,126.83319854736328,6666776
2022-09-21,126.64786529541016,128.23529052734375,123.48912048339844,123.48912048339844,6815076
2022-09-22,122.9814682006836,129.46011352539062,121.14424133300781,124.52860260009766,12739486
2022-09-23,120.68492889404297,123.23932647705078,118.17082977294922,120.33037567138672,8929616
2022-09-26,119.63739013671875,121.5471420288086,114.74617004394531,115.1490707397461,7071466
2022-09-27,115.63255310058594,117.31668090820312,114.35939025878906,116.80096435546875,5542802
2022-09-28,117.42143249511719,121.76470947265625,116.63175201416016,120.8622055053711,6154367
2022-09-29,119.17808532714844,122.9734115600586,118.59790802001953,122.7316665649414,6452207
2022-09-30,121.63578033447266,123.5858154296875,119.53263854980469,119.63739013671875,4520467
2022-10-03,120.96696472167969,123.01370239257812,119.24254608154297,122.04673767089844,3352189
2022-10-04,125.05237579345703,128.614013671875,124.45608520507812,128.21917724609375,12520945
2022-10-05,125.09266662597656,128.07412719726562,124.52860260009766,126.40612030029297,8897101
2022-10-06,126.02739715576172,127.31668090820312,124.75422668457031,125.05237579345703,5279959
2022-10-07,122.89282989501953,124.57695770263672,120.03223419189453,124.4238510131836,9659324
2022-10-10,125.61643981933594,126.06768798828125,122.60273742675781,123.4568862915039,6590331
2022-10-11,122.10314178466797,124.56889343261719,121.74053192138672,122.54633331298828,7502590
2022-10-12,122.53827667236328,124.93150329589844,122.19983673095703,123.19903564453125,3062912
2022-10-13,121.22481536865234,127.34891510009766,120.008056640625,125.90652465820312,3714809
2022-10-14,126.4141845703125,127.64705657958984,124.82675170898438,126.47864532470703,2816822
2022-10-17,127.54230499267578,128.8235321044922,125.22159576416016,126.49475860595703,3955067
2022-10-18,129.48428344726562,130.07252502441406,124.94762420654297,125.94681549072266,3892024
2022-10-19,125.47945404052734,126.26913452148438,122.1273193359375,123.25543975830078,4261222
2022-10-20,123.24738311767578,125.22159576416016,120.76551055908203,120.98307800292969,4532256
2022-10-21,121.02336883544922,123.98065948486328,120.5801773071289,123.47300720214844,7538951
2022-10-24,122.63497161865234,126.09992218017578,122.0225601196289,124.70587921142578,3546282
2022-10-25,125.61643981933594,126.77679443359375,124.77840423583984,125.54391479492188,3819426
2022-10-26,126.01128387451172,128.25946044921875,125.36663818359375,127.2844467163086,4633646
2022-10-27,128.07412719726562,129.17002868652344,126.21273040771484,126.4383544921875,2043555
2022-10-28,126.94601440429688,129.35536193847656,125.51974487304688,129.22642517089844,3187633
2022-10-31,128.1385955810547,130.7252197265625,127.81627655029297,129.15391540527344,2371551
2022-11-01,130.49960327148438,130.9830780029297,126.2771987915039,127.46977996826172,2729580
2022-11-02,126.33360290527344,129.08944702148438,124.35133361816406,124.54472351074219,2831838
2022-11-03,123.28767395019531,125.8662338256836,121.95004272460938,124.83480834960938,7512021
2022-11-04,126.68815612792969,128.04190063476562,124.1740493774414,126.23690795898438,1828986
2022-11-07,127.23609924316406,128.67042541503906,126.5431137084961,128.3158721923828,2124468
2022-11-08,128.92828369140625,131.57937622070312,126.77679443359375,128.5576171875,4470951
2022-11-09,127.31668090820312,129.83883666992188,127.0104751586914,127.34891510009766,2801185
2022-11-10,131.10394287109375,135.0040283203125,131.10394287109375,133.76309204101562,4694827
2022-11-11,134.48025512695312,142.5463409423828,133.95648193359375,141.50685119628906,5505697
2022-11-14,140.62852478027344,144.14987182617188,140.62852478027344,140.82191467285156,3721883
2022-11-15,142.31265258789062,144.64947509765625,139.92747497558594,142.03062438964844,6474173
2022-11-16,140.20950317382812,141.51490783691406,136.63174438476562,137.6067657470703,2964004
2022-11-17,136.1804962158203,138.3078155517578,134.7300567626953,138.22723388671875,2036605
2022-11-18,140.20950317382812,141.1281280517578,138.68653869628906,140.78968811035156,2290762
2022-11-21,140.15310668945312,141.1442413330078,139.2989501953125,139.91941833496094,1719033
2022-11-22,140.9427947998047,142.51409912109375,140.65269470214844,141.55519104003906,1808509
2022-11-23,141.6680145263672,142.53826904296875,141.23287963867188,142.1112060546875,2181678
2022-11-25,142.828369140625,143.24737548828125,141.82916259765625,142.3851776123047,552617
2022-11-28,141.61965942382812,142.01451110839844,138.50926208496094,139.5729217529297,3297213
2022-11-29,140.80580139160156,143.79531860351562,140.4673614501953,143.2876739501953,2063659
2022-11-30,142.64303588867188,147.51007080078125,142.4254608154297,146.8332061767578,6222995
2022-12-01,146.6559295654297,147.90492248535156,144.93955993652344,145.4069366455078,1939063
2022-12-02,143.5616455078125,147.02659606933594,142.69137573242188,146.1804962158203,2556832
2022-12-05,144.68170166015625,144.9798583984375,142.07090759277344,142.30459594726562,1936829
2022-12-06,142.1756591796875,142.28042602539062,137.8646240234375,139.44400024414062,2561548
2022-12-07,138.8154754638672,140.4431915283203,138.3480987548828,138.8235321044922,1861748
2022-12-08,138.02578735351562,140.7413330078125,137.3972625732422,138.525390625,2766810
2022-12-09,137.107177734375,140.87832641601562,137.107177734375,138.8638153076172,1830475
2022-12-12,138.66236877441406,143.61805725097656,138.66236877441406,142.92506408691406,3054846
2022-12-13,148.01773071289062,148.581787109375,141.49073791503906,142.53021240234375,3418086
2022-12-14,142.1192626953125,145.79371643066406,141.6680145263672,143.48912048339844,2000120
2022-12-15,141.11199951171875,142.06285095214844,138.41256713867188,139.5406951904297,2237027
2022-12-16,138.92828369140625,139.959716796875,136.6559295654297,138.37228393554688,4199172
2022-12-19,137.21998596191406,138.36422729492188,134.5930633544922,136.0032196044922,3454696
2022-12-20,135.3102264404297,135.78565979003906,131.03143310546875,132.4335174560547,6765187
2022-12-21,140.64463806152344,140.83802795410156,135.50363159179688,136.97824096679688,9809857
2022-12-22,135.4149932861328,141.63577270507812,135.07655334472656,141.57131958007812,6356526
2022-12-23,141.58743286132812,144.286865234375,141.42626953125,141.76470947265625,3767552
2022-12-27,141.59548950195312,143.42465209960938,141.09588623046875,142.66720581054688,2403321
2022-12-28,142.73973083496094,143.1184539794922,139.41983032226562,139.44400024414062,2116153
2022-12-29,140.08058166503906,142.52215576171875,139.89524841308594,141.45849609375,1691359
2022-12-30,140.15310668945312,141.1442413330078,138.23529052734375,139.5648651123047,1933850
2023-01-03,140.9911346435547,143.1023406982422,140.63658142089844,142.844482421875,2722630
2023-01-04,144.23851013183594,147.50201416015625,144.21434020996094,146.21273803710938,2836926
2023-01-05,144.7622833251953,146.55921936035156,143.70669555664062,146.07574462890625,3030026
2023-01-06,146.95407104492188,150.2498016357422,145.75341796875,149.6938018798828,2530895
2023-01-09,149.7018585205078,154.82675170898438,149.62933349609375,152.892822265625,3591826
2023-01-10,152.00643920898438,153.03787231445312,150.2820281982422,152.08702087402344,2102750
2023-01-11,153.0942840576172,156.25302124023438,153.0942840576172,154.87510681152344,2374033
2023-01-12,154.81869506835938,155.63255310058594,153.46495056152344,154.62530517578125,1936705
2023-01-13,153.46495056152344,153.90814208984375,151.6599578857422,151.99838256835938,1667656
2023-01-17,151.45849609375,151.8936309814453,149.91941833496094,151.59548950195312,2300194
2023-01-18,151.6680145263672,154.48025512695312,151.10394287109375,151.22482299804688,1660210
2023-01-19,149.83078002929688,150.57211303710938,147.97743225097656,148.45286560058594,1639609
2023-01-20,149.21836853027344,150.66880798339844,148.44480895996094,150.58824157714844,1980512
2023-01-23,150.84608459472656,154.94761657714844,150.12892150878906,154.0290069580078,2037970
2023-01-24,152.28042602539062,154.83480834960938,152.1192626953125,152.49798583984375,1537475
2023-01-25,150.4512481689453,151.74859619140625,149.7582550048828,151.33763122558594,1266316
2023-01-26,152.21595764160156,153.35214233398438,150.52377319335938,153.21514892578125,1297838
2023-01-27,152.93312072753906,155.65672302246094,152.78807067871094,153.5535888671875,1781952
2023-01-30,151.53102111816406,151.93392944335938,147.93714904785156,148.3319854736328,2595676
2023-01-31,148.67042541503906,156.28524780273438,148.581787109375,156.21273803710938,3007191
2023-02-01,155.60032653808594,164.43191528320312,155.16519165039062,162.860595703125,6530266
2023-02-02,168.63819885253906,175.17324829101562,168.63819885253906,172.844482421875,4761097
2023-02-03,171.0233612060547,174.0048370361328,170.36260986328125,172.98146057128906,2798579
2023-02-06,171.63577270507812,172.8203125,168.565673828125,169.6938018798828,2345490
2023-02-07,168.9846954345703,169.7340850830078,165.9468231201172,169.14584350585938,2261474
2023-02-08,168.60595703125,169.991943359375,167.80821228027344,168.7993621826172,1769542
2023-02-09,169.2989501953125,170.024169921875,167.50201416015625,168.1063690185547,1545541
2023-02-10,166.30943298339844,169.48428344726562,166.08380126953125,168.71072387695312,1596795
2023-02-13,167.29251098632812,170.75746154785156,167.00241088867188,170.55599975585938,1438940
2023-02-14,169.49234008789062,171.6519012451172,168.0902557373047,171.36985778808594,1367458
2023-02-15,170.33843994140625,171.74053955078125,169.21836853027344,171.6680145263672,1182797
2023-02-16,168.8315887451172,171.4423828125,168.41256713867188,170.56405639648438,1586619
2023-02-17,169.5245819091797,170.7091064453125,168.60595703125,169.46011352539062,1232685
2023-02-21,166.54310607910156,167.5987091064453,163.65834045410156,165.713134765625,2129432
2023-02-22,165.713134765625,166.94601440429688,160.82997131347656,163.44078063964844,2964625
2023-02-23,165.0443115234375,165.64866638183594,163.22320556640625,165.33441162109375,1669145
2023-02-24,163.77114868164062,164.49636840820312,161.6760711669922,163.8033905029297,1722012
2023-02-27,166.0273895263672,167.68734741210938,164.18211364746094,164.43191528320312,1643332
2023-02-28,164.41578674316406,166.59146118164062,163.64222717285156,163.75503540039062,1816948
2023-03-01,163.77920532226562,166.4544677734375,163.23931884765625,164.64947509765625,1464132
2023-03-02,163.8356170654297,167.30056762695312,163.23931884765625,166.74456787109375,1355793
2023-03-03,167.97743225097656,169.2989501953125,166.9057159423828,168.47703552246094,2000864
2023-03-06,168.89605712890625,170.7413330078125,168.69459533691406,169.3231201171875,2665668
2023-03-07,168.9927520751953,168.9927520751953,166.1240997314453,166.25302124023438,1894883
2023-03-08,165.91458129882812,169.19419860839844,165.50363159179688,168.8477020263672,1332710
2023-03-09,170.08863830566406,171.8855743408203,167.04270935058594,167.46978759765625,2425659
2023-03-10,166.95407104492188,166.95407104492188,159.95164489746094,162.1192626953125,3149534
2023-03-13,158.71878051757812,160.65269470214844,156.36582946777344,159.0572052001953,2814464
2023-03-14,161.1603546142578,162.72361755371094,157.5664825439453,159.46011352539062,3205131
2023-03-15,156.32554626464844,157.3892059326172,153.77114868164062,157.3730926513672,3318806
2023-03-16,158.17083740234375,165.2699432373047,157.4053192138672,164.42385864257812,6290009
2023-03-17,182.1514892578125,182.1514892578125,176.08380126953125,177.52618408203125,15711681
2023-03-20,177.26832580566406,178.3078155517578,173.63417053222656,174.24658203125,4140472
2023-03-21,175.84205627441406,178.95245361328125,175.72119140625,177.139404296875,2490439
2023-03-22,177.6148223876953,180.17727661132812,174.89927673339844,174.90733337402344,2719031
2023-03-23,175.57614135742188,179.40370178222656,174.09347534179688,174.79452514648438,3206372
2023-03-24,174.7622833251953,175.83399963378906,172.98146057128906,175.34246826171875,2199797
2023-03-27,175.11683654785156,178.37228393554688,174.9798583984375,177.13134765625,2320546
2023-03-28,177.1796875,179.61322021484375,176.95407104492188,177.6309356689453,1685154
2023-03-29,178.70265197753906,180.37066650390625,178.70265197753906,180.21755981445312,2078551
2023-03-30,181.09588623046875,181.82916259765625,179.62127685546875,180.82191467285156,2044051
2023-03-31,181.29734802246094,184.41578674316406,181.1603546142578,184.11764526367188,2053235
2023-04-03,183.17486572265625,184.42385864257812,182.48992919921875,184.39967346191406,2458297
2023-04-04,184.16600036621094,184.88316345214844,180.040283203125,182.50604248046875,2176094
2023-04-05,187.02659606933594,189.90330505371094,183.5616455078125,185.2779998779297,8192213
2023-04-06,186.1482696533203,190.01611328125,186.11602783203125,187.02659606933594,4561544
2023-04-10,184.81869506835938,188.05801391601562,184.21434020996094,186.62368774414062,2334197
2023-04-11,186.6720428466797,187.8323974609375,186.1724395751953,186.56729125976562,2446756
2023-04-12,186.75262451171875,187.21192932128906,184.7703399658203,184.90733337402344,3111808
2023-04-13,185.33441162109375,186.6881561279297,183.50523376464844,186.1966094970703,2231194
2023-04-14,186.22885131835938,187.4375457763672,184.84286499023438,185.89041137695312,1893394
2023-04-17,185.9387664794922,186.59146118164062,184.3271484375,184.77841186523438,1905431
2023-04-18,185.55197143554688,186.76873779296875,184.0048370361328,184.6978302001953,1591831
2023-04-19,183.22320556640625,184.9798583984375,183.06204223632812,184.92344665527344,1664057
2023-04-20,184.3271484375,186.50282287597656,183.8275604248047,184.83480834960938,1631791
2023-04-21,185.15713500976562,187.34890747070312,184.31103515625,185.68896484375,2705504
2023-04-24,186.1402130126953,187.46173095703125,185.2699432373047,187.07493591308594,1705506
2023-04-25,183.8033905029297,185.2941131591797,180.78163146972656,181.6841278076172,2731937
2023-04-26,180.85415649414062,182.4254608154297,178.64625549316406,179.5084686279297,2250554
2023-04-27,180.61241149902344,182.3851776123047,179.7018585205078,182.06285095214844,1905183
2023-04-28,180.19338989257812,184.21434020996094,180.19338989257812,183.5455322265625,1995900
2023-05-01,184.08541870117188,186.29330444335938,183.9806671142578,185.80177307128906,1392526
2023-05-02,184.66558837890625,185.31829833984375,182.53826904296875,184.0451202392578,1367706
2023-05-03,183.77114868164062,186.6962127685547,182.92506408691406,184.14181518554688,1683417
2023-05-04,183.8195037841797,184.39161682128906,181.31346130371094,182.4093475341797,1185279
2023-05-05,183.02981567382812,186.11602783203125,182.5705108642578,184.7703399658203,1436954
2023-05-08,184.5688934326172,186.6639862060547,184.5688934326172,185.92263793945312,1313102
2023-05-09,185.16519165039062,186.20468139648438,184.0128936767578,184.23045349121094,1203150
2023-05-10,185.06849670410156,185.49557495117188,180.4351348876953,182.3771209716797,1837673
2023-05-11,182.52215576171875,182.52215576171875,180.0,181.1764678955078,1596050
2023-05-12,181.49879455566406,182.09507751464844,177.48590087890625,179.63739013671875,2037474
2023-05-15,178.71072387695312,180.06446838378906,178.23529052734375,179.22642517089844,2313100
2023-05-16,178.37228393554688,179.98388671875,176.7364959716797,178.2997589111328,1898358
2023-05-17,178.46897888183594,182.1353759765625,178.18695068359375,182.02256774902344,3353678
2023-05-18,184.60919189453125,188.67848205566406,184.0370635986328,185.680908203125,3177705
2023-05-19,186.34971618652344,186.55116271972656,183.65028381347656,184.5930633544922,1965868
2023-05-22,184.5447235107422,185.68896484375,183.24737548828125,184.270751953125,1271280
2023-05-23,183.1265106201172,184.9556884765625,181.95004272460938,182.6269073486328,1114418
2023-05-24,181.30540466308594,182.04673767089844,179.3150634765625,180.13699340820312,1280588
2023-05-25,180.9830780029297,182.3932342529297,180.39483642578125,181.36985778808594,1260111
2023-05-26,181.93392944335938,182.79612731933594,180.4190216064453,180.62046813964844,1511414
2023-05-30,181.76470947265625,183.22320556640625,180.17727661132812,182.22401428222656,2573462
2023-05-31,180.2659149169922,180.4270782470703,175.51974487304688,175.64866638183594,3724986
2023-06-01,175.2699432373047,175.63255310058594,172.28848266601562,175.09266662597656,2693715
2023-06-02,176.09185791015625,179.41983032226562,175.92263793945312,178.67848205566406,1913126
2023-06-05,178.8557586669922,179.86300659179688,177.5584259033203,178.1466522216797,1474184
2023-06-06,177.27638244628906,177.8323974609375,176.10797119140625,176.8734893798828,1830103
2023-06-07,177.63900756835938,181.1603546142578,177.29251098632812,180.9830780029297,2657602
2023-06-08,181.36180114746094,182.4335174560547,178.9766387939453,181.31346130371094,2024692
2023-06-09,180.85415649414062,180.87832641601562,178.24334716796875,180.3061981201172,2052862
2023-06-12,180.84608459472656,181.37791442871094,179.46011352539062,180.9427947998047,1783317
2023-06-13,180.66075134277344,184.5205535888672,178.89605712890625,184.42385864257812,2906174
2023-06-14,185.14102172851562,187.31668090820312,183.77920532226562,185.06849670410156,2595179
2023-06-15,185.14907836914062,190.87832641601562,185.14907836914062,190.52377319335938,2881106
2023-06-16,191.25704956054688,191.78082275390625,188.04190063476562,188.1224822998047,4087358
2023-06-20,189.0330352783203,189.15391540527344,185.3021697998047,186.6639862060547,6472808
2023-06-21,180.33843994140625,187.23609924316406,179.88719177246094,181.98226928710938,8843366
2023-06-22,181.31346130371094,189.19419860839844,180.82191467285156,187.69540405273438,4457796
2023-06-23,185.85818481445312,188.38839721679688,185.4552764892578,187.21998596191406,3757748
2023-06-26,187.64706420898438,191.0153045654297,187.4214324951172,189.3070068359375,2737398
2023-06-27,190.2417449951172,198.94439697265625,190.17727661132812,198.8396453857422,5165042
2023-06-28,198.22723388671875,201.28927612304688,197.49395751953125,200.19338989257812,3699173
2023-06-29,200.4029083251953,201.4423828125,199.959716796875,201.434326171875,2872170
2023-06-30,201.450439453125,201.51490783691406,197.94520568847656,199.7582550048828,3231812
2023-07-03,199.12167358398438,200.13699340820312,198.37228393554688,199.47622680664062,1590466
2023-07-05,198.39645385742188,201.74859619140625,198.38034057617188,200.09669494628906,2002105
2023-07-06,198.75100708007812,200.91055297851562,198.75100708007812,199.5729217529297,2125709
2023-07-07,198.8396453857422,203.9726104736328,198.8396453857422,202.4576873779297,3007564
2023-07-10,201.82110595703125,203.48912048339844,200.90249633789062,202.81224060058594,1952093
2023-07-11,203.06204223632812,208.60595703125,203.04592895507812,208.21917724609375,3771895
2023-07-12,209.45205688476562,211.62771606445312,209.0330352783203,210.80580139160156,2566760
2023-07-13,211.1925811767578,211.82110595703125,207.09912109375,208.2675323486328,2168772
2023-07-14,208.04995727539062,209.2908935546875,206.4141845703125,207.4536590576172,1296100
2023-07-17,206.59951782226562,207.01046752929688,204.5850067138672,205.2618865966797,1854550
2023-07-18,211.1200714111328,214.0209503173828,209.50039672851562,211.09588623046875,3433475
2023-07-19,210.7171630859375,210.9508514404297,207.8243408203125,209.7179718017578,3295476
2023-07-20,208.90411376953125,213.1506805419922,208.70265197753906,212.36099243164062,2654003
2023-07-21,209.86300659179688,211.49879455566406,208.91217041015625,209.24253845214844,2217419
2023-07-24,205.4794464111328,210.16921997070312,205.0281982421875,208.51731872558594,2494906
2023-07-25,208.0983123779297,210.91860961914062,205.18936157226562,209.23448181152344,2933352
2023-07-26,210.2900848388672,217.01853942871094,210.2498016357422,216.05963134765625,3414363
2023-07-27,216.55921936035156,217.78404235839844,213.51329040527344,213.8356170654297,2413869
2023-07-28,215.35052490234375,217.46978759765625,214.49636840820312,216.63980102539062,1313599
2023-07-31,216.63980102539062,218.3319854736328,216.05963134765625,217.52618408203125,1310000
2023-08-01,216.98629760742188,218.03384399414062,214.0531768798828,216.08380126953125,1553608
2023-08-02,215.14907836914062,216.22079467773438,213.6019287109375,213.90008544921875,1523203
2023-08-03,213.22320556640625,214.49636840820312,211.418212890625,212.34487915039062,2247203
2023-08-04,213.5374755859375,215.36663818359375,211.57937622070312,211.92587280273438,1977409
2023-08-07,212.53021240234375,214.9556884765625,211.31346130371094,213.02175903320312,1855171
2023-08-08,212.32876586914062,217.49395751953125,212.1595458984375,216.1643829345703,2545043
2023-08-09,215.56808471679688,216.1966094970703,213.51329040527344,213.92425537109375,1571478
2023-08-10,214.85897827148438,216.04351806640625,213.5294189453125,214.7703399658203,1289399
2023-08-11,213.88397216796875,214.7703399658203,212.73167419433594,214.15794372558594,1494785
2023-08-14,214.37550354003906,215.4794464111328,213.42465209960938,215.10072326660156,2739880
2023-08-15,214.93150329589844,215.2779998779297,213.47300720214844,213.9806671142578,1726355
2023-08-16,212.96534729003906,216.29330444335938,212.96534729003906,213.5938720703125,1830599
2023-08-17,213.65834045410156,215.05238342285156,212.32876586914062,213.46495056152344,2723623
2023-08-18,211.7163543701172,213.36019897460938,210.61241149902344,211.64382934570312,2448245
2023-08-21,210.9750213623047,212.24012756347656,208.62208557128906,209.46011352539062,2021093
2023-08-22,209.46011352539062,210.58824157714844,207.123291015625,208.68653869628906,1828241
2023-08-23,208.50926208496094,210.7332763671875,207.30862426757812,209.87107849121094,2052242
2023-08-24,208.43675231933594,210.7091064453125,207.70346069335938,208.525390625,2228464
2023-08-25,209.0008087158203,209.5406951904297,205.07655334472656,208.48509216308594,1756015
2023-08-28,209.33119201660156,211.8936309814453,207.29251098632812,208.17889404296875,1315212
2023-08-29,207.3892059326172,210.01611328125,207.22804260253906,209.975830078125,2225982
2023-08-30,210.85415649414062,213.39242553710938,209.41175842285156,212.64303588867188,1891780
2023-08-31,212.46575927734375,213.23931884765625,209.991943359375,210.33038330078125,1891656
2023-09-01,211.7244110107422,212.4174041748047,209.12973022460938,210.2900848388672,1782697
2023-09-05,209.65350341796875,209.77438354492188,206.60757446289062,206.78485107421875,1520101
2023-09-06,207.4536590576172,208.51731872558594,205.86624145507812,207.46978759765625,1364976
2023-09-07,207.4053192138672,207.4456024169922,205.10072326660156,206.4141845703125,1500493
2023-09-08,205.06849670410156,205.64866638183594,202.892822265625,204.11764526367188,1464008
2023-09-11,205.56808471679688,206.1402130126953,204.11764526367188,205.2377166748047,1568252
2023-09-12,204.41578674316406,205.18936157226562,202.02256774902344,202.63497924804688,1407046
2023-09-13,202.19178771972656,205.2377166748047,201.37791442871094,203.19097900390625,1892029
2023-09-14,204.67364501953125,208.04190063476562,204.45608520507812,207.115234375,1946012
2023-09-15,208.38839721679688,208.39645385742188,203.5616455078125,204.7381134033203,2575447
2023-09-18,204.50442504882812,205.2296600341797,200.6929931640625,200.88638305664062,2209601
2023-09-19,200.64463806152344,202.4093475341797,198.2675323486328,201.4423828125,2752042
2023-09-20,202.78001403808594,204.81869506835938,201.58743286132812,201.8694610595703,4982119
2023-09-21,211.1200714111328,216.26107788085938,208.88800048828125,210.9991912841797,8785660
2023-09-22,211.1442413330078,213.3360137939453,208.75906372070312,210.38677978515625,3507935
2023-09-25,209.7421417236328,216.30137634277344,209.68572998046875,214.6897735595703,2923672
2023-09-26,213.65028381347656,214.62530517578125,209.5326385498047,210.62852478027344,2939060
2023-09-27,211.03948974609375,211.99032592773438,209.5487518310547,211.6921844482422,2340278
2023-09-28,211.1684112548828,216.09185791015625,210.31427001953125,214.6978302001953,2529779
2023-09-29,217.07493591308594,217.93714904785156,212.4496307373047,213.47300720214844,2946382
2023-10-02,214.34327697753906,214.92344665527344,212.3771209716797,213.62611389160156,2374033
2023-10-03,212.99758911132812,213.94036865234375,208.94439697265625,209.66156005859375,2594062
2023-10-04,209.63739013671875,210.7171630859375,206.0193328857422,209.5487518310547,2671377
2023-10-05,208.46092224121094,209.5729217529297,207.48590087890625,208.8315887451172,1811984
2023-10-06,208.8557586669922,209.85494995117188,207.35696411132812,207.8162841796875,1961525
2023-10-09,205.4794464111328,206.98629760742188,203.77114868164062,206.05963134765625,2141842
2023-10-10,205.9709930419922,208.8718719482422,205.76954650878906,206.92184448242188,1862741
2023-10-11,206.6881561279297,207.02659606933594,203.5294189453125,205.85012817382812,2667157
2023-10-12,205.60838317871094,206.28524780273438,201.51490783691406,203.0942840576172,3120867
2023-10-13,202.80418395996094,204.5124969482422,194.23045349121094,195.680908203125,3622727
2023-10-16,196.82513427734375,202.30459594726562,195.93069458007812,199.48428344726562,2514018
2023-10-17,197.71151733398438,201.0072479248047,197.24415588378906,199.86300659179688,1814963
2023-10-18,197.50201416015625,198.2836456298828,194.93955993652344,196.30137634277344,2286418
2023-10-19,196.7364959716797,199.2506103515625,195.2779998779297,196.04351806640625,1723004
2023-10-20,196.92184448242188,198.07412719726562,192.28042602539062,193.89202880859375,2085128
2023-10-23,193.1506805419922,194.89122009277344,190.93472290039062,191.75665283203125,1666539
2023-10-24,192.83642578125,195.86624145507812,192.65109252929688,194.7461700439453,1823650
2023-10-25,193.96453857421875,194.50442504882812,188.8235321044922,189.5326385498047,2000988
2023-10-26,188.89605712890625,189.94358825683594,181.05560302734375,183.66639709472656,3707860
2023-10-27,184.09347534179688,187.90492248535156,182.98953247070312,184.39967346191406,2487585
2023-10-30,184.9556884765625,191.48268127441406,184.5850067138672,190.82997131347656,2583390
2023-10-31,191.92587280273438,193.94036865234375,190.7332763671875,193.47300720214844,1924046
2023-11-01,193.8436737060547,197.67929077148438,193.1426239013672,195.9951629638672,2580411
2023-11-02,197.5987091064453,200.82997131347656,197.5987091064453,199.23448181152344,1849338
2023-11-03,200.81385803222656,201.450439453125,198.95245361328125,199.14584350585938,1749190
2023-11-06,199.3231201171875,199.5970916748047,194.93150329589844,197.68734741210938,1263338
2023-11-07,195.78565979003906,197.93714904785156,195.2618865966797,196.77679443359375,1177213
2023-11-08,197.4133758544922,197.8726806640625,195.705078125,197.71957397460938,1371057
2023-11-09,198.67042541503906,199.0330352783203,193.9967803955078,194.35133361816406,1171628
2023-11-10,195.14102172851562,198.8638153076172,193.9967803955078,198.25140380859375,1538220
2023-11-13,197.33279418945312,198.25946044921875,195.2457733154297,197.73570251464844,1174234
2023-11-14,200.60435485839844,206.20468139648438,200.04835510253906,204.81869506835938,2356783
2023-11-15,204.61724853515625,211.05560302734375,204.61724853515625,207.4294891357422,2633278
2023-11-16,206.99435424804688,207.68734741210938,202.68331909179688,205.4311065673828,1856660
2023-11-17,206.97018432617188,207.5584259033203,204.37550354003906,206.24496459960938,1528167
2023-11-20,205.76954650878906,206.76873779296875,203.36825561523438,205.91458129882812,1491186
2023-11-21,205.52780151367188,206.75262451171875,204.08541870117188,206.1724395751953,1056960
2023-11-22,207.5423126220703,207.5423126220703,205.57614135742188,206.6559295654297,1184783
2023-11-24,207.27638244628906,208.8718719482422,206.6559295654297,207.5825958251953,561180
2023-11-27,206.1482696533203,206.96212768554688,202.78807067871094,204.35133361816406,2218163
2023-11-28,204.7220001220703,206.52699279785156,203.19097900390625,204.19822692871094,1417098
2023-11-29,205.9548797607422,207.30056762695312,204.21434020996094,204.61724853515625,1256016
2023-11-30,204.5366668701172,208.8557586669922,203.19903564453125,208.565673828125,2241991
2023-12-01,208.8235321044922,213.77920532226562,208.3239288330078,213.07009887695312,2475671
2023-12-04,211.62771606445312,215.79371643066406,211.03143310546875,214.0209503173828,1762592
2023-12-05,212.90895080566406,215.37469482421875,211.53102111816406,214.40773010253906,1459664
2023-12-06,215.49557495117188,216.79290771484375,214.65753173828125,215.31829833984375,2046781
2023-12-07,215.9548797607422,216.74456787109375,213.95648193359375,215.65672302246094,1739137
2023-12-08,215.4875030517578,220.59629821777344,215.4552764892578,219.34730529785156,2539582
2023-12-11,219.14584350585938,220.7091064453125,218.44480895996094,218.67848205566406,1607716
2023-12-12,220.37066650390625,222.6027374267578,219.2908935546875,219.991943359375,1911016
2023-12-13,219.21031188964844,221.49073791503906,216.4061279296875,220.65269470214844,1861500
2023-12-14,223.6099853515625,227.4294891357422,222.3771209716797,225.18936157226562,3586118
2023-12-15,223.89202880859375,229.2667236328125,223.1184539794922,226.6639862060547,3434840
2023-12-18,228.24334716796875,230.08058166503906,226.1402130126953,227.171630859375,3064153
2023-12-19,226.48670959472656,228.50926208496094,224.41578674316406,225.62449645996094,8538452
2023-12-20,198.63014221191406,203.6099853515625,198.17083740234375,198.42868041992188,23351277
2023-12-21,199.92747497558594,200.4431915283203,197.123291015625,199.3231201171875,7261960
2023-12-22,199.21031188964844,200.9830780029297,198.1063690185547,199.86300659179688,4154123
2023-12-26,201.450439453125,204.10153198242188,200.80580139160156,203.05398559570312,4460775
2023-12-27,203.67445373535156,205.19741821289062,202.03062438964844,202.20790100097656,3889790
2023-12-28,202.07896423339844,204.65753173828125,201.93392944335938,204.33522033691406,2788403
2023-12-29,204.7300567626953,205.9871063232422,202.95729064941406,203.8436737060547,2418709
2024-01-02,202.66720581054688,203.8195037841797,201.63577270507812,203.25543212890625,3087608
2024-01-03,201.6680145263672,201.6680145263672,198.06607055664062,199.5487518310547,3660826
2024-01-04,199.23448181152344,199.62933349609375,197.48590087890625,197.65512084960938,3613544
2024-01-05,197.4536590576172,200.50765991210938,197.02659606933594,198.8799285888672,2814836
2024-01-08,200.05641174316406,201.32151794433594,198.3158721923828,200.31427001953125,2763335
2024-01-09,199.11361694335938,200.4109649658203,198.74295043945312,199.23448181152344,1878998
2024-01-10,198.8638153076172,202.32876586914062,198.25140380859375,202.1031494140625,2443157
2024-01-11,201.56324768066406,202.844482421875,200.15310668945312,202.1353759765625,2507316
2024-01-12,201.6680145263672,202.68331909179688,199.5165252685547,200.2981414794922,1990564
2024-01-16,199.23448181152344,199.23448181152344,196.34165954589844,197.4536590576172,3481005
2024-01-17,195.0040283203125,197.25221252441406,194.60113525390625,196.04351806640625,2363112
2024-01-18,197.35696411132812,197.35696411132812,195.0040283203125,196.6720428466797,2476167
2024-01-19,197.25221252441406,198.75100708007812,195.0201416015625,198.65431213378906,3016251
2024-01-22,199.35536193847656,202.844482421875,199.35536193847656,202.00643920898438,2854300
2024-01-23,202.4012908935547,202.93312072753906,200.88638305664062,202.1353759765625,2027422
2024-01-24,203.19903564453125,204.286865234375,200.4754180908203,201.23287963867188,3060927
2024-01-25,202.94117736816406,205.35858154296875,202.6269073486328,203.9726104736328,2127695
2024-01-26,204.20628356933594,205.0281982421875,202.07896423339844,202.69943237304688,2178948
2024-01-29,202.1434326171875,202.26429748535156,198.23529052734375,199.86300659179688,3241740
2024-01-30,196.06768798828125,199.07333374023438,194.48025512695312,196.4302978515625,4916222
2024-01-31,196.1402130126953,196.97824096679688,193.8275604248047,194.43191528320312,3711335
2024-02-01,194.5124969482422,195.4794464111328,192.73167419433594,194.9637451171875,2999621
2024-02-02,194.60113525390625,196.4705810546875,192.860595703125,195.2941131591797,2481007
2024-02-05,194.0290069580078,194.68170166015625,191.74053955078125,192.03062438964844,3257501
2024-02-06,192.50604248046875,196.4383544921875,192.35293579101562,194.45608520507812,3257625
2024-02-07,195.0201416015625,196.03546142578125,193.65834045410156,195.10877990722656,2674976
2024-02-08,194.92344665527344,196.08380126953125,193.72280883789062,194.80258178710938,2292499
2024-02-09,195.05238342285156,195.66477966308594,193.49717712402344,195.50363159179688,2216798
2024-02-12,195.57614135742188,197.09912109375,194.89122009277344,196.97018432617188,2200541
2024-02-13,193.9967803955078,194.06930541992188,189.40370178222656,190.4834747314453,3119378
2024-02-14,191.31346130371094,191.53907775878906,189.61322021484375,190.83802795410156,1804414
2024-02-15,190.38677978515625,192.03868103027344,189.959716796875,190.58824157714844,1886816
2024-02-16,190.01611328125,191.93392944335938,188.92022705078125,191.450439453125,2621985
2024-02-20,190.58824157714844,193.1184539794922,189.62127685546875,193.02175903320312,2074456
2024-02-21,193.1667938232422,194.63336181640625,191.95004272460938,194.5286102294922,1856536
2024-02-22,195.11683654785156,196.8573760986328,194.66558837890625,196.74456787109375,1669021
2024-02-23,196.80096435546875,197.3811492919922,195.4230499267578,196.1804962158203,1400841
2024-02-26,194.6978302001953,196.52699279785156,193.8114471435547,194.294921875,1606723
2024-02-27,194.45608520507812,195.4875030517578,194.11764526367188,194.5205535888672,1278106
2024-02-28,192.8525390625,197.03465270996094,192.64303588867188,196.9137725830078,1790267
2024-02-29,198.04995727539062,201.0153045654297,197.5906524658203,200.62046813964844,3461397
2024-03-01,199.87107849121094,200.78968811035156,197.8807373046875,198.71072387695312,2088107
2024-03-04,197.4536590576172,199.91941833496094,197.04270935058594,198.8477020263672,1978899
2024-03-05,197.8887939453125,200.4754180908203,197.5503692626953,200.4190216064453,1713821
2024-03-06,201.29734802246094,202.78001403808594,199.37953186035156,200.16116333007812,2047526
2024-03-07,201.21676635742188,202.3932342529297,200.63658142089844,201.64382934570312,1906921
2024-03-08,201.50685119628906,201.6841278076172,199.42788696289062,199.5809783935547,1386197
2024-03-11,199.7099151611328,204.19017028808594,199.7099151611328,203.62611389160156,1830475
2024-03-12,204.06930541992188,208.06607055664062,204.0209503173828,204.85092163085938,2373164
2024-03-13,205.92263793945312,208.04190063476562,205.60838317871094,205.65672302246094,1851944
2024-03-14,205.21353149414062,206.57534790039062,204.31103515625,205.90652465820312,1655370
2024-03-15,203.76309204101562,206.1321563720703,203.3279571533203,204.10153198242188,4091205
2024-03-18,204.12570190429688,205.4311065673828,202.80418395996094,204.0128936767578,1934223
2024-03-19,203.8114471435547,207.30862426757812,203.47300720214844,206.78485107421875,1792376
2024-03-20,206.78485107421875,209.65350341796875,205.4875030517578,209.50039672851562,2345738
2024-03-21,209.14584350585938,213.96453857421875,209.13778686523438,213.41659545898438,6055335
2024-03-22,230.4593048095703,234.7058868408203,226.75262451171875,229.10556030273438,10159571
2024-03-25,226.25302124023438,228.05801391601562,223.65028381347656,227.69540405273438,3758244
2024-03-26,228.1466522216797,234.38356018066406,227.92909240722656,232.86865234375,5618752
2024-03-27,233.5294189453125,233.5294189453125,229.08944702148438,231.97421264648438,2217047
2024-03-28,231.49073791503906,234.0370635986328,230.82997131347656,233.47300720214844,2048519
2024-04-01,229.0410919189453,231.33763122558594,225.11683654785156,225.729248046875,3454944
2024-04-02,222.81224060058594,223.95648193359375,220.66075134277344,221.82916259765625,3122852
2024-04-03,222.94923400878906,225.33441162109375,221.59548950195312,224.40773010253906,2240998
2024-04-04,225.9709930419922,226.58340454101562,221.11199951171875,222.00643920898438,2279097
2024-04-05,221.59548950195312,222.36099243164062,219.3070068359375,220.4029083251953,1947005
2024-04-08,221.57937622070312,222.8203125,220.9991912841797,222.05479431152344,2542437
2024-04-09,221.61965942382812,222.844482421875,220.4673614501953,222.69943237304688,1518736
2024-04-10,219.36341857910156,220.6849365234375,215.76148986816406,217.80821228027344,3230447
2024-04-11,217.8807373046875,220.0322265625,217.32473754882812,219.3231201171875,1280588
2024-04-12,218.46092224121094,218.95245361328125,214.2626953125,215.79371643066406,1460037
2024-04-15,218.22723388671875,218.8638153076172,214.46414184570312,214.93955993652344,1239635
2024-04-16,214.81063842773438,215.0281982421875,212.05479431152344,213.48912048339844,1763585
2024-04-17,213.05398559570312,214.286865234375,211.29734802246094,211.98226928710938,1702404
2024-04-18,212.8203125,213.69862365722656,211.1845245361328,212.22401428222656,1319928
2024-04-19,212.92506408691406,216.8412628173828,212.29653930664062,215.14102172851562,2350826
2024-04-22,216.49476623535156,219.12973022460938,215.16519165039062,217.68734741210938,1547031
2024-04-23,217.90492248535156,220.7171630859375,217.5664825439453,218.9766387939453,1473067
2024-04-24,217.97743225097656,218.63819885253906,212.3932342529297,214.39967346191406,2105481
2024-04-25,212.68331909179688,214.18211364746094,211.6841278076172,213.95648193359375,1087240
2024-04-26,212.83642578125,215.51168823242188,212.1756591796875,214.21434020996094,1189995
2024-04-29,214.7703399658203,216.1482696533203,212.69943237304688,214.23045349121094,976419
2024-04-30,213.40853881835938,213.51329040527344,210.84608459472656,210.9427947998047,1059690
2024-05-01,210.83802795410156,211.95004272460938,209.33119201660156,210.09669494628906,1118141
2024-05-02,212.1595458984375,212.63497924804688,209.5165252685547,211.1442413330078,1627696
2024-05-03,212.32876586914062,213.9967803955078,209.38758850097656,210.0322265625,1346609
2024-05-06,211.79693603515625,211.92587280273438,209.64544677734375,209.7421417236328,1153634
2024-05-07,210.49960327148438,211.1522979736328,208.2917022705078,209.08139038085938,1682920
2024-05-08,207.71957397460938,208.70265197753906,206.1321563720703,207.90492248535156,1804290
2024-05-09,208.04190063476562,211.53102111816406,208.04190063476562,211.1684112548828,1146312
2024-05-10,211.1684112548828,214.302978515625,211.1684112548828,214.12570190429688,1355668
2024-05-13,214.36744689941406,216.22079467773438,213.5616455078125,215.06044006347656,2526924
2024-05-14,215.32635498046875,215.65672302246094,208.17889404296875,208.73489379882812,3144694
2024-05-15,209.5084686279297,210.09669494628906,208.04995727539062,208.96051025390625,1421690
2024-05-16,208.3480987548828,210.3061981201172,207.4214324951172,208.525390625,1410148
2024-05-17,209.5729217529297,209.5729217529297,206.51087951660156,207.29251098632812,1761848
2024-05-20,207.08299255371094,207.4214324951172,204.7300567626953,205.2457733154297,1116155
2024-05-21,204.67364501953125,205.31829833984375,202.19984436035156,203.3279571533203,1274755
2024-05-22,203.06204223632812,203.5938720703125,201.28121948242188,203.1184539794922,2191606
2024-05-23,202.69943237304688,203.18292236328125,198.95245361328125,200.87832641601562,1795107
2024-05-24,201.450439453125,202.1676025390625,198.47703552246094,199.5084686279297,1360881
2024-05-28,199.19419860839844,200.9911346435547,198.7993621826172,199.87107849121094,1526182
2024-05-29,198.0983123779297,199.0572052001953,196.8654327392578,197.51007080078125,1375028
2024-05-30,198.3480987548828,201.20870971679688,197.8323974609375,201.11199951171875,1345616
2024-05-31,201.450439453125,204.93955993652344,199.93553161621094,204.64141845703125,2167903
2024-06-03,204.17405700683594,204.66558837890625,198.7993621826172,200.33843994140625,1749562
2024-06-04,199.83883666992188,200.10475158691406,196.82513427734375,198.18695068359375,1555718
2024-06-05,199.7582550048828,200.11280822753906,196.99435424804688,199.87913513183594,1154378
2024-06-06,199.87913513183594,202.48992919921875,199.2828369140625,201.6680145263672,1453459
2024-06-07,199.80661010742188,202.5543975830078,199.15391540527344,199.62127685546875,1590838
2024-06-10,199.0330352783203,204.84286499023438,198.1627655029297,204.44802856445312,1830847
2024-06-11,203.19097900390625,203.5374755859375,201.36985778808594,203.40853881835938,1460533
2024-06-12,204.17405700683594,204.91539001464844,199.94358825683594,200.32232666015625,1930872
2024-06-13,200.75746154785156,201.04754638671875,196.82513427734375,200.32232666015625,1260360
2024-06-14,198.67042541503906,199.7663116455078,195.745361328125,198.57373046875,1546038
2024-06-17,197.8565673828125,201.82916259765625,197.30056762695312,201.49879455566406,1553980
2024-06-18,201.61160278320312,203.39242553710938,199.5165252685547,199.91136169433594,1869070
2024-06-20,200.4512481689453,204.14987182617188,200.21755981445312,203.48106384277344,1847353
2024-06-21,203.8517303466797,206.1966094970703,202.74778747558594,204.39967346191406,3899843
2024-06-24,204.65753173828125,207.34085083007812,203.9806671142578,206.6962127685547,2354425
2024-06-25,206.4061279296875,206.92990112304688,203.5455322265625,206.59146118164062,6933095
2024-06-26,232.4174041748047,239.21031188964844,228.8477020263672,238.67042541503906,13807490
2024-06-27,236.1966094970703,238.39645385742188,232.4012908935547,238.0902557373047,4950597
2024-06-28,236.82513427734375,243.68251037597656,236.4544677734375,241.61160278320312,5310115
2024-07-01,240.22561645507812,242.77195739746094,239.49234008789062,240.6768798828125,3064153
2024-07-02,238.91217041015625,242.71554565429688,238.91217041015625,240.3061981201172,2276490
2024-07-03,241.1281280517578,241.33763122558594,235.81788635253906,236.6720428466797,1581406
2024-07-05,236.6720428466797,237.68734741210938,235.35052490234375,236.9057159423828,1836928
2024-07-08,237.31668090820312,240.040283203125,236.59951782226562,238.1385955810547,1902453
2024-07-09,238.51731872558594,239.19419860839844,235.713134765625,235.88235473632812,1553856
2024-07-10,235.88235473632812,236.63174438476562,233.24737548828125,236.31748962402344,1820051
2024-07-11,237.70346069335938,242.49798583984375,237.4536590576172,241.36985778808594,2308260
2024-07-12,240.58016967773438,242.5543975830078,239.87107849121094,240.9508514404297,1794114
2024-07-15,242.1112060546875,246.24496459960938,240.9830780029297,245.78565979003906,2567257
2024-07-16,246.4464111328125,252.892822265625,246.3900146484375,252.63497924804688,3490437
2024-07-17,250.14505004882812,252.75584411621094,248.2675323486328,250.14505004882812,1970832
2024-07-18,248.9766387939453,252.34487915039062,246.28524780273438,247.07493591308594,1989323
2024-07-19,247.07493591308594,248.77517700195312,244.9798583984375,246.82513427734375,1606599
2024-07-22,247.3811492919922,247.97743225097656,242.86865234375,247.72764587402344,1755022
2024-07-23,240.93472290039062,245.0362548828125,239.92747497558594,242.3851776123047,2815084
2024-07-24,242.3932342529297,242.3932342529297,238.9846954345703,240.35455322265625,1912505
2024-07-25,240.36260986328125,244.39161682128906,240.13699340820312,240.60435485839844,1566887
2024-07-26,241.61965942382812,243.49717712402344,239.7018585205078,241.8533477783203,1490193
2024-07-29,241.99838256835938,243.3279571533203,240.17727661132812,241.1200714111328,1073341
2024-07-30,241.7082977294922,244.15794372558594,241.1845245361328,242.4496307373047,1288779
2024-07-31,242.5866241455078,246.26107788085938,242.4496307373047,243.5535888671875,1175723
2024-08-01,244.33522033691406,246.4705810546875,238.75100708007812,239.991943359375,1901957
2024-08-02,236.08380126953125,237.34085083007812,231.8533477783203,235.53585815429688,2795601
2024-08-05,229.33924865722656,233.02175903320312,225.3021697998047,228.1144256591797,3330844
2024-08-06,229.49234008789062,233.44078063964844,227.69540405273438,230.2417449951172,1767805
2024-08-07,232.876708984375,232.876708984375,223.25543212890625,224.11764526367188,2222631
2024-08-08,224.91539001464844,227.07493591308594,222.77195739746094,224.5124969482422,1952589
2024-08-09,223.5616455078125,223.9887237548828,220.91055297851562,223.5374755859375,1558820
2024-08-12,224.9879150390625,226.76068115234375,223.6019287109375,224.93955993652344,1547775
2024-08-13,225.80982971191406,228.35617065429688,224.9798583984375,228.1224822998047,1528912
2024-08-14,228.2917022705078,229.67767333984375,227.8968505859375,228.3078155517578,953336
2024-08-15,231.50685119628906,235.05238342285156,227.75181579589844,228.9927520751953,1604489
2024-08-16,228.8477020263672,230.09669494628906,224.93955993652344,229.975830078125,1636010
2024-08-19,230.36260986328125,232.77195739746094,230.07252502441406,232.4093475341797,997888
2024-08-20,232.06285095214844,232.876708984375,230.82997131347656,232.4254608154297,734300
2024-08-21,234.294921875,235.80177307128906,233.1103973388672,234.90733337402344,976915
2024-08-22,235.77760314941406,237.4133758544922,234.22239685058594,237.13134765625,1216180
2024-08-23,238.44480895996094,240.58824157714844,237.5825958251953,239.46817016601562,1074210
2024-08-26,240.58824157714844,241.1845245361328,238.3158721923828,239.5165252685547,957556
2024-08-27,239.5084686279297,239.83883666992188,235.88235473632812,237.6309356689453,1028293
2024-08-28,237.63900756835938,239.79049682617188,237.06687927246094,238.62208557128906,883840
2024-08-29,239.92747497558594,241.08782958984375,238.0821990966797,238.71878051757812,905930
2024-08-30,239.39564514160156,241.0153045654297,237.47784423828125,240.7493896484375,1361253
2024-09-03,238.565673828125,239.45205688476562,234.93955993652344,236.48670959472656,1413251
2024-09-04,236.8332061767578,238.00161743164062,235.2941131591797,235.9709930419922,892279
2024-09-05,236.4705810546875,236.8654327392578,228.64625549316406,229.90330505371094,1635638
2024-09-06,229.959716796875,232.07896423339844,227.75987243652344,228.07412719726562,1386693
2024-09-09,228.44480895996094,230.60435485839844,227.98548889160156,228.2836456298828,1092080
2024-09-10,228.78323364257812,229.5084686279297,225.68896484375,228.72683715820312,1166664
2024-09-11,227.76792907714844,229.95164489746094,223.92425537109375,229.5406951904297,1163686
2024-09-12,230.19338989257812,232.32070922851562,229.11361694335938,230.4593048095703,1064778
2024-09-13,231.7244110107422,231.7244110107422,226.32554626464844,230.76551818847656,1417967
2024-09-16,233.47300720214844,236.75262451171875,232.35293579101562,235.80177307128906,1416602
2024-09-17,238.51731872558594,242.1031494140625,237.46978759765625,239.5970916748047,1652143
2024-09-18,238.1305389404297,242.5543975830078,238.1305389404297,240.2659149169922,1704514
2024-09-19,245.06849670410156,248.18695068359375,240.024169921875,242.05479431152344,5237641
2024-09-20,210.12892150878906,211.57131958007812,204.270751953125,205.18936157226562,21662276
2024-09-23,205.89041137695312,210.09669494628906,205.88235473632812,208.533447265625,4629675
2024-09-24,208.7993621826172,216.22079467773438,208.7993621826172,215.2538299560547,5099269
2024-09-25,214.35133361816406,215.76954650878906,211.80499267578125,212.5463409423828,3218782
2024-09-26,215.22158813476562,218.36422729492188,213.70669555664062,214.60919189453125,2311238
2024-09-27,215.2296600341797,217.95326232910156,214.7461700439453,215.59226989746094,2257627
2024-09-30,217.26026916503906,223.00564575195312,216.80902099609375,220.53182983398438,3606470
2024-10-01,220.6768798828125,221.8533477783203,215.9548797607422,217.21192932128906,2114416
2024-10-02,216.7042694091797,217.1796875,214.63336181640625,215.09266662597656,1745342
2024-10-03,214.34327697753906,214.5366668701172,210.61241149902344,211.1845245361328,2150777
2024-10-04,213.37631225585938,213.5616455078125,208.92022705078125,210.18533325195312,2031889
2024-10-07,209.0088653564453,210.4834747314453,207.97743225097656,209.91136169433594,1665794
2024-10-08,210.2659149169922,211.36180114746094,208.9927520751953,210.63658142089844,1331717
2024-10-09,212.35293579101562,215.22158813476562,211.7163543701172,213.24737548828125,1623600
2024-10-10,212.20790100097656,214.3271484375,212.08702087402344,212.94923400878906,1083145
2024-10-11,213.8195037841797,215.2941131591797,212.86865234375,213.02175903320312,1198434
2024-10-14,213.00564575195312,215.87429809570312,212.69137573242188,215.51168823242188,1144574
2024-10-15,215.76954650878906,216.81707763671875,214.0531768798828,214.27880859375,1691731
2024-10-16,216.76068115234375,219.90330505371094,216.28524780273438,219.0169219970703,2126702
2024-10-17,218.95245361328125,222.03868103027344,217.69540405273438,220.9991912841797,1989323
2024-10-18,222.49798583984375,222.49798583984375,219.5890350341797,221.11199951171875,1510173
2024-10-21,219.77438354492188,220.2417449951172,215.76148986816406,216.60757446289062,1790763
2024-10-22,215.9468231201172,218.45286560058594,215.729248046875,217.3972625732422,1206252
2024-10-23,216.92184448242188,217.92103576660156,215.0120849609375,215.9951629638672,1430749
2024-10-24,223.94842529296875,224.5688934326172,218.21112060546875,219.87913513183594,2030028
2024-10-25,221.0072479248047,222.1434326171875,219.08139038085938,219.2747802734375,1036483
2024-10-28,219.67767333984375,222.28042602539062,219.2747802734375,221.95809936523438,1464132
2024-10-29,220.49960327148438,223.3037872314453,219.98388671875,221.62771606445312,1476914
2024-10-30,220.85415649414062,224.44802856445312,220.7171630859375,220.85415649414062,1485229
2024-10-31,220.2900848388672,222.98146057128906,219.991943359375,220.66880798339844,1364480
2024-11-01,220.61241149902344,223.5938720703125,220.12086486816406,221.07171630859375,1700666
2024-11-04,220.78968811035156,221.57937622070312,218.1224822998047,218.51731872558594,1265820
2024-11-05,218.48509216308594,221.95809936523438,217.1796875,221.93392944335938,1177213
2024-11-06,222.4012908935547,226.59146118164062,218.8718719482422,225.6728515625,3275992
2024-11-07,227.18775939941406,230.05641174316406,225.62449645996094,228.21112060546875,1634645
2024-11-08,228.67042541503906,232.95729064941406,227.92909240722656,230.6849365234375,2152266
2024-11-11,232.63497924804688,236.4625244140625,232.63497924804688,233.51329040527344,1978030
2024-11-12,233.44883728027344,234.7058868408203,229.991943359375,231.48268127441406,1533256
2024-11-13,231.57131958007812,236.9057159423828,231.57131958007812,235.20547485351562,2354053
2024-11-14,236.1563262939453,237.90492248535156,235.06849670410156,235.52780151367188,1549140
2024-11-15,234.44802856445312,238.41256713867188,234.44802856445312,237.27638244628906,1868698
2024-11-18,236.59146118164062,239.79049682617188,236.4302978515625,237.8807373046875,1811860
2024-11-19,234.9637451171875,237.90492248535156,234.48025512695312,236.1482696533203,1829979
2024-11-20,236.8332061767578,237.25221252441406,229.85494995117188,232.09507751464844,1728465
2024-11-21,232.1112060546875,238.1466522216797,232.1112060546875,237.8404541015625,1981753
2024-11-22,238.67042541503906,243.65834045410156,237.8485107421875,241.7163543701172,2290638
2024-11-25,243.06204223632812,248.614013671875,242.21595764160156,245.89041137695312,2997760
2024-11-26,244.20628356933594,244.9637451171875,241.42626953125,244.14181518554688,2071601
2024-11-27,244.7542266845703,245.59226989746094,243.00564575195312,244.47219848632812,1140975
2024-11-29,244.19017028808594,245.57614135742188,243.24737548828125,243.89202880859375,825886
2024-12-02,243.02175903320312,243.36825561523438,236.76068115234375,239.07333374023438,1959167
2024-12-03,237.30862426757812,237.30862426757812,227.80015563964844,227.92103576660156,3262589
2024-12-04,227.00241088867188,230.37872314453125,225.64060974121094,228.38839721679688,2283564
2024-12-05,229.0008087158203,230.2820281982422,224.9959716796875,225.15713500976562,1876888
2024-12-06,226.74456787109375,227.5987091064453,223.8114471435547,226.1724395751953,2580039
2024-12-09,226.34165954589844,227.8968505859375,224.81869506835938,225.2457733154297,1694958
2024-12-10,225.4713897705078,226.3980712890625,223.62611389160156,225.07655334472656,1120375
2024-12-11,225.38275146484375,227.3972625732422,224.62530517578125,226.55921936035156,1497887
2024-12-12,226.8412628173828,229.2506103515625,225.11683654785156,228.597900390625,1346361
2024-12-13,228.3078155517578,228.93634033203125,227.115234375,228.38034057617188,1197193
2024-12-16,228.3480987548828,230.6849365234375,227.8485107421875,228.39645385742188,1969591
2024-12-17,226.4302978515625,227.5906524658203,221.39404296875,223.5535888671875,3011038
2024-12-18,223.78726196289062,226.6800994873047,219.86300659179688,220.11280822753906,2367208
2024-12-19,221.20870971679688,224.39967346191406,220.13699340820312,222.30459594726562,5216544
2024-12-20,236.9057159423828,237.90492248535156,218.2917022705078,222.1837158203125,10085359
2024-12-23,221.59548950195312,221.6841278076172,213.6099853515625,216.76873779296875,4344369
2024-12-24,216.76068115234375,219.60516357421875,215.63255310058594,219.0491485595703,1257257
2024-12-26,217.8485107421875,225.86624145507812,217.80821228027344,224.5447235107422,2205629
2024-12-27,223.47300720214844,226.9137725830078,222.83642578125,225.91458129882812,1927521
2024-12-30,223.05398559570312,227.5664825439453,221.99838256835938,226.06768798828125,1969963
2024-12-31,226.8493194580078,228.95245361328125,226.09185791015625,226.6962127685547,1609329
2025-01-02,226.8654327392578,227.21998596191406,220.0322265625,221.0153045654297,1586246
2025-01-03,221.27316284179688,222.32070922851562,219.0169219970703,221.1200714111328,1465745
2025-01-06,222.30459594726562,224.5769500732422,219.47622680664062,220.76551818847656,2048891
2025-01-07,220.82997131347656,224.0128936767578,220.33038330078125,221.59548950195312,1883714
2025-01-08,221.61160278320312,223.1426239013672,220.85415649414062,221.51490783691406,2439310
2025-01-10,221.2006378173828,221.2006378173828,217.92909240722656,218.1547088623047,1831220
2025-01-13,216.35777282714844,221.76470947265625,216.1321563720703,221.26510620117188,1697316
2025-01-14,221.59548950195312,223.9806671142578,221.0072479248047,223.70669555664062,1688877
2025-01-15,226.0273895263672,226.49476623535156,222.6269073486328,222.876708984375,2293368
2025-01-16,222.884765625,223.9806671142578,220.56405639648438,223.50523376464844,1759242
2025-01-17,223.0862274169922,223.5777587890625,221.35374450683594,221.6760711669922,1963014
2025-01-21,221.99032592773438,224.254638671875,219.87107849121094,222.05479431152344,1818313
2025-01-22,221.0072479248047,221.450439453125,217.09104919433594,217.91297912597656,2430250
2025-01-23,218.04995727539062,218.63819885253906,216.0193328857422,217.5906524658203,2182547
2025-01-24,217.5664825439453,220.38677978515625,217.18775939941406,220.21755981445312,1916725
2025-01-27,220.66075134277344,227.155517578125,220.66075134277344,226.8573760986328,1927149
2025-01-28,226.4141845703125,226.48670959472656,224.06930541992188,224.5366668701172,1294611
2025-01-29,224.5366668701172,225.12489318847656,221.60354614257812,221.64382934570312,1338294
2025-01-30,213.5374755859375,218.46092224121094,212.1676025390625,216.95407104492188,3508803
2025-01-31,217.64706420898438,218.36422729492188,212.5624542236328,213.43270874023438,2905429
2025-02-03,207.52618408203125,208.533447265625,198.8074188232422,199.3070068359375,4684403
2025-02-04,200.66075134277344,202.47381591796875,199.0169219970703,202.21595764160156,2712454
2025-02-05,201.8452911376953,203.69862365722656,200.2417449951172,203.39242553710938,1904935
2025-02-06,204.254638671875,209.2667236328125,203.8597869873047,208.51731872558594,3151768
2025-02-07,208.65431213378906,208.90411376953125,205.37469482421875,206.34971618652344,1728589
2025-02-10,207.18775939941406,208.50120544433594,204.7381134033203,208.0821990966797,1509428
2025-02-11,208.38034057617188,211.20870971679688,207.107177734375,210.52377319335938,1755767
2025-02-12,207.94520568847656,212.30459594726562,207.80821228027344,211.64382934570312,2423301
2025-02-13,211.32957458496094,213.6019287109375,211.1522979736328,212.02256774902344,1617644
2025-02-14,213.04592895507812,216.34165954589844,213.04592895507812,215.76954650878906,1569865
2025-02-18,216.7203826904297,217.115234375,213.90814208984375,215.51168823242188,1151152
2025-02-19,214.60919189453125,216.3900146484375,213.01370239257812,215.0443115234375,1187885
2025-02-20,214.7381134033203,216.63980102539062,213.6099853515625,216.32554626464844,877511
2025-02-21,216.0112762451172,216.0112762451172,196.97824096679688,204.82675170898438,5375143
2025-02-24,205.07655334472656,206.22079467773438,202.75584411621094,204.302978515625,1801436
2025-02-25,205.21353149414062,206.8412628173828,204.319091796875,206.6720428466797,1650902
2025-02-26,206.97824096679688,208.60595703125,204.07736206054688,206.38194274902344,1360384
2025-02-27,207.23609924316406,210.76551818847656,205.90652465820312,208.3319854736328,1457430
2025-02-28,209.2989501953125,213.1023406982422,208.04190063476562,211.8452911376953,2436455
2025-03-03,212.4254608154297,213.5374755859375,207.21192932128906,208.51731872558594,1520721
2025-03-04,205.80177307128906,206.08380126953125,198.89605712890625,199.62933349609375,2897115
2025-03-05,199.91136169433594,203.2715606689453,199.44400024414062,201.78082275390625,1700915
2025-03-06,200.2498016357422,201.35374450683594,197.4214324951172,201.28121948242188,2361251
2025-03-07,201.1684112548828,204.62530517578125,199.7179718017578,204.60919189453125,1947501
2025-03-10,202.19178771972656,203.24737548828125,195.91458129882812,198.63819885253906,2057454
2025-03-11,198.1063690185547,199.12167358398438,194.82675170898438,195.77760314941406,2439806
2025-03-12,196.22885131835938,196.8493194580078,192.98953247070312,196.22079467773438,2113547
2025-03-13,196.4141845703125,198.39645385742188,193.1506805419922,194.18211364746094,1942661
2025-03-14,195.0040283203125,195.745361328125,193.1426239013672,195.16519165039062,1776864
2025-03-17,196.0273895263672,198.8638153076172,194.7461700439453,197.66317749023438,1575698
2025-03-18,197.64706420898438,199.17808532714844,196.28524780273438,198.06607055664062,1970212
2025-03-19,198.0821990966797,200.82191467285156,197.4214324951172,199.12973022460938,1850827
2025-03-20,197.33279418945312,201.61160278320312,195.81788635253906,198.39645385742188,3946504
2025-03-21,177.123291015625,186.8412628173828,175.0362548828125,185.60032653808594,11687986
2025-03-24,189.36341857910156,196.93795776367188,189.15391540527344,195.2618865966797,4962759
2025-03-25,195.19741821289062,197.53424072265625,192.99758911132812,194.254638671875,3312105
2025-03-26,195.0040283203125,197.52618408203125,193.39242553710938,196.34971618652344,2718907
2025-03-27,196.35777282714844,197.35696411132812,195.2296600341797,196.55116271972656,2077682
2025-03-28,195.89041137695312,197.23609924316406,193.90814208984375,194.7703399658203,2084632
2025-03-31,193.23931884765625,197.77598571777344,192.78807067871094,196.4383544921875,2582149
2025-04-01,196.61563110351562,196.97018432617188,192.77195739746094,194.9879150390625,1699674
2025-04-02,193.8356170654297,198.00161743164062,193.65834045410156,197.5584259033203,1229707
2025-04-03,185.4794464111328,187.66317749023438,172.1756591796875,173.94036865234375,6287527
2025-04-04,170.82997131347656,172.4415740966797,164.302978515625,169.3150634765625,4490559
2025-04-07,164.14987182617188,173.8436737060547,160.83802795410156,165.37469482421875,3752536
2025-04-08,168.25140380859375,170.3061981201172,157.5584259033203,159.60516357421875,2987832
2025-04-09,156.59951782226562,178.24334716796875,156.56729125976562,175.61643981933594,4379613
2025-04-10,171.1925811767578,172.03062438964844,162.28042602539062,166.31748962402344,3484108
2025-04-11,165.0201416015625,168.41256713867188,161.03948974609375,167.4214324951172,2727718
2025-04-14,170.63658142089844,172.5866241455078,168.65431213378906,169.5809783935547,1870435
2025-04-15,169.17002868652344,169.82272338867188,166.26107788085938,167.08299255371094,1341893
2025-04-16,165.59226989746094,166.80096435546875,161.99032592773438,164.0290069580078,1579048
2025-04-17,165.2457733154297,169.09750366210938,164.9879150390625,167.24415588378906,1373787
2025-04-21,166.23690795898438,166.23690795898438,162.04673767089844,165.2860565185547,1466986
2025-04-22,166.63980102539062,168.50120544433594,164.47219848632812,166.4544677734375,1699550
2025-04-23,170.9911346435547,176.05963134765625,169.3231201171875,170.05641174316406,1694958
2025-04-24,169.21836853027344,174.0612335205078,168.3239288330078,173.8033905029297,1405805
2025-04-25,171.78082275390625,172.1353759765625,167.6309356689453,170.4754180908203,1649165
2025-04-28,171.61965942382812,172.48187255859375,168.8557586669922,170.4270782470703,1688753
2025-04-29,167.78404235839844,170.07252502441406,167.4536590576172,169.09750366210938,2044299
2025-04-30,167.20387268066406,169.7099151611328,164.64947509765625,169.48428344726562,1587115
2025-05-01,169.47622680664062,170.7413330078125,167.47784423828125,169.2667236328125,1698184
2025-05-02,172.8525390625,178.565673828125,170.7413330078125,177.05076599121094,2706001
2025-05-05,175.06849670410156,177.09104919433594,174.39967346191406,174.85092163085938,1565770
2025-05-06,172.34487915039062,173.8356170654297,171.34568786621094,171.96615600585938,1370188
2025-05-07,172.5624542236328,174.7622833251953,172.08702087402344,173.69862365722656,1523576
2025-05-08,176.08380126953125,179.13778686523438,174.47219848632812,176.63980102539062,1655990
2025-05-09,176.1321563720703,177.5987091064453,174.93150329589844,175.52780151367188,1449364
2025-05-12,185.10072326660156,192.1112060546875,185.10072326660156,187.71151733398438,4208107
2025-05-13,189.36341857910156,189.40370178222656,185.6728515625,186.26107788085938,2793243
2025-05-14,186.37388610839844,187.1474609375,184.64141845703125,186.78485107421875,2778227
2025-05-15,187.06687927246094,188.5576171875,185.9548797607422,186.22885131835938,3257005
2025-05-16,186.55116271972656,187.34085083007812,182.63497924804688,184.93955993652344,2819552
2025-05-19,181.95004272460938,182.99758911132812,181.1522979736328,182.20790100097656,2298953
2025-05-20,179.77438354492188,181.03948974609375,177.28445434570312,178.19500732421875,3025062
2025-05-21,177.05076599121094,177.5825958251953,174.286865234375,174.7058868408203,2090340
2025-05-22,174.7381134033203,177.4375457763672,173.8195037841797,176.31748962402344,1877261
2025-05-23,172.78001403808594,175.68896484375,172.72361755371094,174.5447235107422,1856908
2025-05-27,175.697021484375,178.42062377929688,175.4633331298828,177.08299255371094,2378997
2025-05-28,177.09104919433594,177.09104919433594,174.45608520507812,174.9798583984375,1548023
2025-05-29,175.56002807617188,178.0821990966797,175.18130493164062,177.48590087890625,1813970
2025-05-30,176.8493194580078,176.8493194580078,173.9967803955078,175.745361328125,2902823
2025-06-02,175.32635498046875,176.0032196044922,173.1023406982422,175.57614135742188,1705630
2025-06-03,174.5608367919922,177.64706420898438,173.41659545898438,177.09912109375,2918708
2025-06-04,178.1385955810547,178.40451049804688,176.28524780273438,176.38194274902344,1783317
2025-06-05,176.1966094970703,176.34971618652344,174.14181518554688,174.64141845703125,2433973
2025-06-06,176.8332061767578,178.0821990966797,176.56729125976562,176.96212768554688,2090092
2025-06-09,178.66236877441406,180.32232666015625,177.71957397460938,179.0330352783203,2663310
2025-06-10,180.2578582763672,183.90814208984375,180.0,183.69056701660156,2524194
2025-06-11,184.43191528320312,185.22158813476562,179.87913513183594,180.49960327148438,2391531
2025-06-12,180.4834747314453,181.96615600585938,179.12167358398438,181.30540466308594,2308881
2025-06-13,178.96856689453125,181.24899291992188,178.96856689453125,180.80580139160156,2343504
2025-06-16,182.05479431152344,184.302978515625,181.54713439941406,182.73167419433594,2360878
2025-06-17,181.402099609375,182.5463409423828,178.63014221191406,179.3150634765625,2207615
2025-06-18,179.2828369140625,182.1112060546875,179.12167358398438,179.93553161621094,1884086
2025-06-20,181.6599578857422,182.91700744628906,180.65269470214844,182.1434326171875,2790016
2025-06-23,180.33843994140625,184.7622833251953,180.2900848388672,184.7139434814453,2537845
2025-06-24,187.26832580566406,187.50201416015625,184.14987182617188,184.93955993652344,5796215
2025-06-25,176.1321563720703,182.08702087402344,174.18211364746094,178.88800048828125,10056692
2025-06-26,180.4351348876953,182.3690643310547,177.115234375,178.1385955810547,5940791
2025-06-27,179.42788696289062,184.87510681152344,179.0410919189453,184.45608520507812,5029649
2025-06-30,184.3271484375,185.86624145507812,182.97340393066406,183.1667938232422,3226352
2025-07-01,182.4335174560547,191.21676635742188,182.27235412597656,188.8235321044922,3376265
2025-07-02,189.83883666992188,192.97340393066406,188.96051025390625,192.69943237304688,3097288
2025-07-03,196.4141845703125,198.03384399414062,193.48912048339844,194.38356018066406,2991306
2025-07-07,193.79531860351562,195.2457733154297,188.96051025390625,189.43594360351562,3238638
2025-07-08,190.0322265625,193.3118438720703,189.36341857910156,192.35293579101562,2432732
2025-07-09,192.48992919921875,192.75584411621094,190.2981414794922,190.58016967773438,2405554
2025-07-10,190.87832641601562,193.68251037597656,190.66880798339844,192.3690643310547,2408036
2025-07-11,191.07977294921875,191.39404296875,189.0169219970703,190.21755981445312,2069243
2025-07-14,189.5406951904297,189.84689331054688,186.6559295654297,188.54150390625,1778353
2025-07-15,188.549560546875,189.17808532714844,185.86624145507812,185.86624145507812,2134396
2025-07-16,186.62368774414062,187.51812744140625,182.69137573242188,184.3271484375,2365967
2025-07-17,184.5286102294922,185.49557495117188,182.4335174560547,184.0209503173828,1649165
2025-07-18,184.85092163085938,185.11683654785156,181.08782958984375,182.6107940673828,2205009
2025-07-21,183.22320556640625,184.270751953125,181.8452911376953,181.8936309814453,1426405
2025-07-22,182.53826904296875,187.06687927246094,182.29653930664062,186.7042694091797,2275498
2025-07-23,187.91297912597656,193.1667938232422,186.52699279785156,191.7002410888672,2798579
2025-07-24,191.37791442871094,192.90087890625,190.4270782470703,190.58016967773438,2581032
2025-07-25,191.94198608398438,196.32554626464844,191.41015625,195.9709930419922,2249685
2025-07-28,193.69056701660156,196.93795776367188,192.94923400878906,195.33441162109375,2016005
2025-07-29,193.61805725097656,194.7220001220703,188.75906372070312,188.9927520751953,2567505
2025-07-30,188.1063690185547,188.5576171875,179.11361694335938,180.38677978515625,4489069
2025-07-31,179.41983032226562,181.36180114746094,178.06607055664062,180.08863830566406,2849584
2025-08-01,178.75100708007812,178.75906372070312,174.16600036621094,174.93955993652344,2747450
2025-08-04,175.66477966308594,176.06768798828125,174.13375854492188,175.2538299560547,2258496
2025-08-05,175.35858154296875,179.81466674804688,174.61724853515625,179.21836853027344,2448245
2025-08-06,180.0322265625,183.6019287109375,178.60595703125,182.47381591796875,2644199
2025-08-07,184.3271484375,185.33441162109375,180.58824157714844,181.03143310546875,1805159
2025-08-08,182.1273193359375,184.2626953125,179.22642517089844,183.76309204101562,1644077
2025-08-11,184.15794372558594,186.4625244140625,179.0572052001953,180.9911346435547,1889298
2025-08-12,182.92506408691406,188.21112060546875,182.1514892578125,185.6728515625,2383961
2025-08-13,185.33441162109375,185.92263793945312,177.27638244628906,185.7373046875,4202771
2025-08-14,184.0612335205078,188.03384399414062,182.95729064941406,186.1966094970703,2006449
2025-08-15,186.49476623535156,187.03465270996094,182.99758911132812,183.1265106201172,2232187
2025-08-18,181.53102111816406,184.09347534179688,180.2981414794922,183.49717712402344,1635638
2025-08-19,184.81869506835938,189.0410919189453,184.294921875,187.8565673828125,1749562
2025-08-20,187.04270935058594,188.0983123779297,183.02175903320312,183.0862274169922,1594809
2025-08-21,182.36099243164062,183.1587371826172,181.05560302734375,181.53102111816406,1776864
2025-08-22,182.73973083496094,191.8533477783203,182.73973083496094,190.81385803222656,2172246
2025-08-25,190.10475158691406,190.9750213623047,186.61563110351562,187.75181579589844,1824642
2025-08-26,187.34890747070312,187.6148223876953,185.3021697998047,186.22079467773438,2164056
2025-08-27,186.0032196044922,187.63900756835938,185.50363159179688,187.115234375,1345120
2025-08-28,187.74375915527344,187.74375915527344,183.74697875976562,186.35777282714844,1738021
2025-08-29,186.57534790039062,187.8807373046875,185.3102264404297,186.1966094970703,1843506
2025-09-02,182.1031494140625,183.07815551757812,179.5648651123047,180.64463806152344,2577929
2025-09-03,181.30540466308594,182.19178771972656,180.10475158691406,181.57937622070312,2139360
2025-09-04,181.8614044189453,181.8614044189453,178.3319854736328,181.53102111816406,2201286
2025-09-05,180.87026977539062,185.06044006347656,180.78968811035156,183.49717712402344,2066761
2025-09-08,182.90895080566406,182.90895080566406,178.93634033203125,181.30540466308594,2597041
2025-09-09,180.87026977539062,182.6027374267578,180.49960327148438,181.9097442626953,1480389
2025-09-10,181.82916259765625,183.72280883789062,180.92666625976562,181.8614044189453,1794734
2025-09-11,179.14584350585938,185.58421325683594,179.14584350585938,184.37550354003906,2396867
2025-09-12,183.1265106201172,186.09991455078125,182.90895080566406,184.9718017578125,2095801
2025-09-15,186.7203826904297,187.4214324951172,181.8372344970703,181.8614044189453,2670012
2025-09-16,184.35939025878906,185.33441162109375,181.98226928710938,183.48106384277344,2275622
2025-09-17,181.7244110107422,187.64706420898438,180.79774475097656,181.93392944335938,3876015
2025-09-18,183.62611389160156,184.60919189453125,181.1281280517578,182.51409912109375,7910258
2025-09-19,183.96453857421875,189.62127685546875,181.49879455566406,186.74456787109375,10410004
2025-09-22,185.34246826171875,186.1402130126953,181.6680145263672,185.4311065673828,4778595
2025-09-23,185.86624145507812,190.0322265625,185.65672302246094,188.3158721923828,3573708
2025-09-24,187.95326232910156,190.07252502441406,187.93714904785156,188.35617065429688,2093567
2025-09-25,188.03384399414062,190.7493896484375,187.34890747070312,190.50765991210938,2195081
2025-09-26,190.9750213623047,195.0040283203125,189.06527709960938,191.63577270507812,2852066
2025-09-29,192.6188507080078,192.92506408691406,188.8396453857422,190.63658142089844,1618885
2025-09-30,189.38758850097656,190.10475158691406,186.8654327392578,190.01611328125,1792128
2025-10-01,189.37147521972656,193.5938720703125,188.7993621826172,193.02981567382812,1777608
2025-10-02,193.25543212890625,197.72764587402344,192.5866241455078,195.2618865966797,2185773
2025-10-03,195.87429809570312,197.95326232910156,195.61643981933594,197.107177734375,2158595
2025-10-06,197.21998596191406,201.52296447753906,196.30137634277344,199.0572052001953,2524690
2025-10-07,199.5809783935547,200.53988647460938,195.18130493164062,195.2699432373047,1709229
2025-10-08,191.93392944335938,195.2941131591797,190.9750213623047,193.3360137939453,2031145
2025-10-09,194.60919189453125,195.4875030517578,189.94358825683594,190.9750213623047,1557083
2025-10-10,192.19178771972656,192.30459594726562,180.9911346435547,181.0072479248047,3023324
2025-10-13,183.04592895507812,185.93069458007812,182.21595764160156,185.05238342285156,1676839
2025-10-14,183.72280883789062,189.44400024414062,182.92506408691406,189.09750366210938,1523576
2025-10-15,189.7582550048828,191.35374450683594,186.3980712890625,190.008056640625,1803794
2025-10-16,190.9750213623047,192.5866241455078,187.75181579589844,190.90249633789062,1754898
2025-10-17,190.90249633789062,193.3118438720703,190.21755981445312,191.61965942382812,1975672
2025-10-20,191.92587280273438,194.68170166015625,191.59548950195312,193.23931884765625,1108585
2025-10-21,192.50604248046875,198.41256713867188,192.07896423339844,195.680908203125,1417470
2025-10-22,196.34971618652344,197.5825958251953,192.74778747558594,192.91700744628906,1355668
2025-10-23,193.5294189453125,194.5286102294922,188.9846954345703,191.9178009033203,1627572
2025-10-24,193.1426239013672,195.18936157226562,192.1353759765625,194.319091796875,1371677
2025-10-27,197.23609924316406,200.21755981445312,196.8573760986328,199.3070068359375,1968474
2025-10-28,202.25624084472656,204.67364501953125,200.9669647216797,201.08782958984375,2223996
2025-10-29,200.6849365234375,203.5616455078125,199.83883666992188,201.1603546142578,1847229
2025-10-30,200.6929931640625,203.61805725097656,199.92747497558594,200.58824157714844,2193592
2025-10-31,199.79855346679688,205.90652465820312,199.44400024414062,204.5286102294922,2038467
2025-11-03,203.70669555664062,205.19741821289062,201.31346130371094,203.8597869873047,1975548
2025-11-04,202.25624084472656,205.713134765625,202.25624084472656,202.96534729003906,1988827
2025-11-05,202.78001403808594,208.8557586669922,201.6519012451172,206.36582946777344,2087610
2025-11-06,206.34971618652344,210.56405639648438,206.24496459960938,208.58984375,2760480
2025-11-07,208.57373046875,212.33682250976562,208.1144256591797,211.1925811767578,2046161
2025-11-10,211.1200714111328,211.49073791503906,204.42385864257812,204.5850067138672,2507813
2025-11-11,205.14102172851562,217.8243408203125,204.67364501953125,215.729248046875,4368444
2025-11-12,216.06768798828125,219.15391540527344,215.4713897705078,216.49476623535156,2173115
2025-11-13,217.4536590576172,218.533447265625,214.80258178710938,215.4230499267578,1623352
2025-11-14,213.94036865234375,217.31668090820312,213.04592895507812,215.60032653808594,1956809
2025-11-17,214.35133361816406,216.51893615722656,211.92587280273438,213.3199005126953,2196570
2025-11-18,211.466552734375,213.49717712402344,209.33924865722656,211.99032592773438,1923550
2025-11-19,211.99032592773438,214.0128936767578,210.19338989257812,211.57937622070312,1284807
2025-11-20,213.94036865234375,218.18695068359375,211.9178009033203,212.00643920898438,1951473
2025-11-21,212.27235412597656,218.8557586669922,212.02256774902344,217.107177734375,2138739
2025-11-24,216.60757446289062,217.91297912597656,214.24658203125,215.13294982910156,2383216
2025-11-25,216.7203826904297,221.59548950195312,215.9790496826172,220.6849365234375,1576566
2025-11-26,221.03143310546875,222.884765625,219.66156005859375,222.26429748535156,1271280
2025-11-28,221.78887939453125,223.1023406982422,221.11199951171875,222.1434326171875,628815
2025-12-01,221.6519012451172,222.32070922851562,219.7582550048828,220.2578582763672,1522831
2025-12-02,219.98388671875,220.33843994140625,215.36663818359375,217.8646240234375,2004587
2025-12-03,218.2836456298828,220.9589080810547,216.52699279785156,217.92909240722656,2119380
2025-12-04,218.9766387939453,222.26429748535156,214.34327697753906,220.82997131347656,2539831
2025-12-05,220.78163146972656,222.884765625,219.98388671875,221.0233612060547,1283194
2025-12-08,223.6019287109375,225.2457733154297,222.4415740966797,222.91700744628906,1626331
2025-12-09,222.80418395996094,224.18211364746094,221.57937622070312,221.7002410888672,1074954
2025-12-10,222.01451110839844,230.04835510253906,221.8372344970703,229.09750366210938,1625710
2025-12-11,229.37953186035156,232.4254608154297,229.12973022460938,229.47622680664062,1684782
2025-12-12,230.4593048095703,231.7002410888672,228.20306396484375,229.12167358398438,1519356
2025-12-15,227.47784423828125,228.04190063476562,224.5769500732422,226.61563110351562,2483241
2025-12-16,227.24415588378906,228.92022705078125,226.30943298339844,227.6067657470703,2023699
2025-12-17,227.5987091064453,229.65350341796875,226.7284393310547,227.4053192138672,1935588
2025-12-18,228.1547088623047,232.1112060546875,226.9137725830078,231.36180114746094,5041563
2025-12-19,219.22642517089844,234.13375854492188,218.21112060546875,232.69943237304688,7079657
2025-12-22,231.6599578857422,236.0032196044922,230.83802795410156,235.92263793945312,2980510
2025-12-23,236.09991455078125,238.06607055664062,234.35133361816406,237.8807373046875,2140973
2025-12-24,237.20387268066406,238.597900390625,235.87429809570312,238.43675231933594,799204
2025-12-26,237.97743225097656,239.0330352783203,237.07493591308594,238.78323364257812,869196
2025-12-29,238.51731872558594,239.3231201171875,234.5769500732422,236.0112762451172,1683789
2025-12-30,235.76148986816406,237.4294891357422,234.302978515625,234.5366668701172,1151152
2025-12-31,234.5850067138672,234.87510681152344,232.71554565429688,232.76390075683594,995530
2026-01-02,232.8203125,236.4222412109375,231.8694610595703,236.20468139648438,1613052
2026-01-05,235.32635498046875,240.12892150878906,234.79452514648438,239.6938018798828,2087362
2026-01-06,239.42788696289062,248.2675323486328,239.42788696289062,248.1305389404297,3756507
2026-01-07,246.49476623535156,250.31427001953125,245.2941131591797,247.64706420898438,2444894
2026-01-08,246.80096435546875,254.14987182617188,245.4069366455078,249.0008087158203,3096543
2026-01-09,253.03787231445312,256.9137878417969,249.0008087158203,251.7002410888672,2782198
2026-01-12,250.17727661132812,252.5785675048828,248.597900390625,251.34568786621094,1680935
2026-01-13,250.2820281982422,251.50685119628906,248.21112060546875,249.5245819091797,1769418
2026-01-14,249.08944702148438,252.76390075683594,248.581787109375,252.65914916992188,2077682
2026-01-15,254.63336181640625,256.2449645996094,251.82916259765625,252.34487915039062,2350206
2026-01-16,252.21595764160156,253.75503540039062,247.76792907714844,248.3319854736328,2504834
2026-01-20,245.90652465820312,249.79049682617188,241.82916259765625,242.5705108642578,3527046
2026-01-21,243.23126220703125,249.5729217529297,241.1361846923828,247.34085083007812,2387932
2026-01-22,248.38034057617188,250.9830780029297,247.53424072265625,249.64544677734375,1755395
2026-01-23,248.79129028320312,249.64544677734375,243.69056701660156,245.13294982910156,2161326
2026-01-26,245.9468231201172,246.63980102539062,242.49798583984375,245.34246826171875,1877757
2026-01-27,245.76954650878906,253.1265106201172,244.84286499023438,251.74859619140625,2632533
2026-01-28,251.1925811767578,255.83399963378906,251.1684112548828,253.5455322265625,1729334
2026-01-29,255.63255310058594,257.8001708984375,253.38436889648438,257.8001708984375,2036977
2026-01-30,254.270751953125,260.072509765625,254.270751953125,259.66961669921875,3212453
2026-02-02,259.3472900390625,270.43511962890625,259.0652770996094,270.1853332519531,3231936
2026-02-03,276.6639709472656,286.1805114746094,275.8259582519531,284.7945251464844,4958416
2026-02-04,286.9621276855469,294.3996887207031,286.5108642578125,292.1353759765625,3141592
2026-02-05,291.70025634765625,295.29412841796875,287.8726806640625,293.27960205078125,2903320
2026-02-06,293.3763122558594,298.8396301269531,291.9580993652344,297.52618408203125,2725732
2026-02-09,296.4947509765625,297.8887939453125,292.6188659667969,293.7953186035156,1842265
2026-02-10,293.4729919433594,297.3327941894531,291.8936462402344,296.4947509765625,1834819
2026-02-11,298.14666748046875,302.0144958496094,295.6728515625,295.8581848144531,2294609
2026-02-12,295.0201416015625,306.8976745605469,292.0306091308594,297.7115173339844,4569362
2026-02-13,298.14666748046875,305.0120849609375,293.8194885253906,301.9500427246094,2291879
2026-02-17,304.56085205078125,307.8082275390625,301.36181640625,302.41741943359375,1446137
2026-02-18,302.1917724609375,309.0975036621094,302.1917724609375,308.6865539550781,1874282
2026-02-19,307.0104675292969,309.7502136230469,305.9468078613281,308.7348937988281,1487587
2026-02-20,307.6228942871094,315.28607177734375,307.0024108886719,313.0378723144531,1877385
2026-02-23,312.44964599609375,315.5922546386719,306.4383544921875,309.1941833496094,2010296
2026-02-24,309.1941833496094,313.92425537109375,308.3239440917969,311.49072265625,1115039
2026-02-25,312.780029296875,314.2626953125,307.6390075683594,308.29168701171875,1702776
2026-02-26,310.2336730957031,315.8662414550781,310.2256164550781,312.3932189941406,2217667
2026-02-27,311.369873046875,316.5672912597656,310.6607666015625,311.84527587890625,3411757
2026-03-02,309.71795654296875,312.2320861816406,307.46173095703125,312.0467224121094,1796720
2026-03-03,302.7558288574219,310.1853332519531,301.2167663574219,308.24334716796875,2065893
2026-03-04,309.2747802734375,311.84527587890625,305.6083679199219,309.5003967285156,2374902
2026-03-05,308.3481140136719,309.65350341796875,299.2022705078125,300.8460998535156,2340030
2026-03-06,294.0934753417969,294.0934753417969,285.1490783691406,289.3634033203125,3517118
2026-03-09,283.3279724121094,291.6921691894531,278.8154602050781,290.9750061035156,2373785
2026-03-10,292.7477722167969,296.8976745605469,288.8074035644531,289.66156005859375,1890415
2026-03-11,289.911376953125,291.74859619140625,286.78485107421875,291.2087097167969,1271901
2026-03-12,286.6156311035156,289.7824401855469,283.86785888671875,284.5527648925781,1952217
2026-03-13,285.8179016113281,287.3489074707031,281.04754638671875,283.3843688964844,2116401
2026-03-16,286.3013610839844,288.0902404785156,283.89202880859375,283.92425537109375,1527919
2026-03-17,288.18695068359375,288.18695068359375,282.44158935546875,285.78564453125,1847725
2026-03-18,285.777587890625,286.85736083984375,281.07171630859375,281.82110595703125,1518860
2026-03-19,278.4528503417969,287.4053039550781,277.3166809082031,286.9540710449219,6018726
2026-03-20,306.86541748046875,308.7671203613281,287.3005676269531,289.1619567871094,8647164
2026-03-23,294.1176452636719,298.0419006347656,286.5028076171875,286.6881408691406,3128189
2026-03-24,284.4963684082031,290.33038330078125,282.796142578125,290.056396484375,2609203
2026-03-25,291.01531982421875,291.70025634765625,284.254638671875,288.0902404785156,2761970
2026-03-26,286.2771911621094,286.3335876464844,281.514892578125,281.6679992675781,1972570
2026-03-27,280.9186096191406,281.2328796386719,275.72119140625,277.171630859375,1980884
2026-03-30,280.31427001953125,280.33843994140625,274.9798583984375,275.39080810546875,1600021
2026-03-31,278.92022705078125,287.55841064453125,277.50201416015625,287.0104675292969,2498133
2026-04-01,289.1941833496094,294.8670349121094,288.3158874511719,289.5326232910156,2365718
2026-04-02,285.2538146972656,293.7630920410156,284.8509216308594,291.402099609375,1759986
2026-04-06,289.4520568847656,290.8058166503906,287.44561767578125,289.1539001464844,1583392
2026-04-07,288.4125671386719,290.2175598144531,285.9468078613281,287.6712341308594,1296845
2026-04-08,293.3118591308594,300.9347229003906,293.3118591308594,300.9105529785156,2327620
2026-04-09,300.4593200683594,306.3174743652344,299.5326232910156,303.7872619628906,2003346
2026-04-10,304.238525390625,305.2215881347656,300.5962829589844,301.434326171875,1413995
2026-04-13,298.3642272949219,301.3295593261719,296.84124755859375,299.66961669921875,1521838
2026-04-14,292.46575927734375,299.4923400878906,291.81304931640625,298.25946044921875,2707117
2026-04-15,296.4464111328125,298.14666748046875,290.5882263183594,294.0531921386719,2050753
2026-04-16,293.6986389160156,306.9218444824219,292.7558288574219,306.9137878417969,2042562
2026-04-17,308.92022705078125,316.5672912597656,308.0580139160156,316.1805114746094,2887187
2026-04-20,314.3835754394531,319.0169372558594,313.4488220214844,317.2925109863281,1440801
2026-04-21,318.6784973144531,322.0548095703125,315.6728515625,317.9613342285156,1842637
2026-04-22,319.0572204589844,319.2989501953125,310.5157165527344,310.99920654296875,1663685
2026-04-23,315.75341796875,319.0975036621094,313.0137023925781,316.4302978515625,1816079
2026-04-24,316.1885681152344,316.2771911621094,311.2087097167969,312.6349792480469,1065771
2026-04-27,312.53826904296875,316.15631103515625,309.8952331542969,312.56243896484375,1317446
2026-04-28,313.0217590332031,315.99517822265625,308.0338439941406,314.4319152832031,1501734
2026-04-29,314.8912048339844,318.6704406738281,308.63818359375,313.12652587890625,1633777
2026-04-30,314.8106384277344,325.5680847167969,312.2401428222656,324.9879150390625,2408781
2026-05-01,324.7381286621094,325.42303466796875,316.8976745605469,317.219970703125,1329111
2026-05-04,305.8017578125,305.8662414550781,285.36663818359375,288.3158874511719,6236273
2026-05-05,287.6712341308594,294.56085205078125,287.6712341308594,292.3045959472656,2284433
2026-05-06,293.7147521972656,304.7945251464844,293.7147521972656,303.94036865234375,2822158
2026-05-07,306.1966247558594,307.0104675292969,300.9347229003906,302.925048828125,1961276
2026-05-08,304.7622985839844,308.87188720703125,302.57855224609375,305.0604248046875,1699798
2026-05-11,306.82513427734375,309.57293701171875,303.3199157714844,305.31829833984375,1155495
2026-05-12,306.01129150390625,306.01129150390625,299.959716796875,303.3199157714844,1236408
2026-05-13,304.8428649902344,306.12408447265625,295.8098449707031,297.9049072265625,1958050
2026-05-14,298.95245361328125,306.2691345214844,296.9701843261719,306.1885681152344,1797961
2026-05-15,303.5858154296875,304.1498718261719,300.1611633300781,302.80419921875,1443035
2026-05-18,301.78082275390625,302.57855224609375,295.8179016113281,297.9210205078125,1759614
2026-05-19,297.171630859375,303.21514892578125,290.9830627441406,302.1514892578125,1951100
2026-05-20,303.6664123535156,313.4085388183594,302.58660888671875,311.71636962890625,1761475
2026-05-21,312.0386657714844,316.09991455078125,306.6156311035156,313.3843688964844,1165299
2026-05-22,317.42144775390625,321.353759765625,315.8742980957031,317.6470642089844,1871552
2026-05-26,320.088623046875,324.7622985839844,320.072509765625,322.3207092285156,1543184
2026-05-27,329.58905029296875,333.3601989746094,328.24334716796875,331.81304931640625,2300318
2026-05-28,330.37872314453125,332.49798583984375,325.1571350097656,331.5068359375,2408036
2026-05-29,331.5310363769531,333.4971923828125,329.66961669921875,331.78887939453125,2728711
2026-06-01,325.010009765625,341.1400146484375,321.80999755859375,338.489990234375,2399300
2026-06-02,337.3399963378906,337.3399963378906,327.0,329.0,3307800
2026-06-03,327.5199890136719,329.9700012207031,324.1700134277344,324.4599914550781,2005300
2026-06-04,328.1600036621094,334.42999267578125,327.760009765625,328.0,1894900
2026-06-05,327.7300109863281,333.3999938964844,326.1099853515625,331.0,2584700
2026-06-08,331.20001220703125,332.9700012207031,328.2200012207031,330.2200012207031,1761000
2026-06-09,333.739990234375,337.489990234375,325.54998779296875,331.760009765625,1656900
2026-06-10,326.5799865722656,331.4800109863281,318.9599914550781,319.25,1700400
2026-06-11,324.8800048828125,338.94000244140625,322.8399963378906,338.0,2521600
2026-06-12,342.0,342.80999755859375,335.0,338.30999755859375,1176600
2026-06-15,340.8599853515625,345.3699951171875,337.82000732421875,338.75,1956300
2026-06-16,339.0899963378906,342.1400146484375,334.8599853515625,335.739990234375,1367100
2026-06-17,335.75,338.17999267578125,325.0400085449219,325.92999267578125,1266200
2026-06-18,329.95001220703125,331.1000061035156,324.4700012207031,326.20001220703125,2531800
2026-06-22,326.30999755859375,332.3999938964844,325.6600036621094,328.7799987792969,2347400
2026-06-23,326.010009765625,327.3999938964844,316.3599853515625,317.239990234375,3551000
2026-06-24,314.7699890136719,323.67999267578125,306.04998779296875,316.8299865722656,5960700
2026-06-25,319.0400085449219,329.489990234375,317.75,329.44000244140625,2707900
2026-06-26,327.5799865722656,327.6199951171875,316.1199951171875,318.5299987792969,3422600
2026-06-29,317.9100036621094,325.7300109863281,317.9100036621094,325.3999938964844,3053400
2026-06-30,324.55999755859375,325.7300109863281,309.0199890136719,313.1300048828125,3182400
2026-07-01,313.0,317.0799865722656,310.6099853515625,313.8900146484375,2115100
2026-07-02,317.82000732421875,317.989990234375,310.29998779296875,313.0,1249200
2026-07-06,313.04998779296875,317.0400085449219,307.6600036621094,309.92999267578125,1422100
2026-07-07,311.7900085449219,313.94000244140625,309.5,312.8800048828125,1381200
2026-07-08,312.760009765625,314.1600036621094,306.3599853515625,309.760009765625,1749800
2026-07-09,313.25,320.57000732421875,304.05999755859375,310.8399963378906,2425600
2026-07-10,313.8500061035156,317.6400146484375,311.30999755859375,314.69000244140625,1640200
2026-07-13,315.7799987792969,317.25,311.5400085449219,313.739990234375,1573900
2026-07-14,315.1400146484375,316.45001220703125,311.010009765625,313.6600036621094,1440100
2026-07-15,316.0,320.1600036621094,311.739990234375,313.4200134277344,1468200
2026-07-16,313.32000732421875,319.0400085449219,312.6000061035156,318.20001220703125,1435000
2026-07-17,316.1499938964844,318.6600036621094,312.1300048828125,312.9800109863281,1465300
2026-07-20,314.0,314.0,305.70001220703125,306.2200012207031,1832800
2026-07-21,312.0,317.0,309.0,315.19000244140625,1619000
2026-07-22,313.5799865722656,322.1300048828125,313.5,321.0199890136719,1607800
