Date,Open,High,Low,Close,Volume
2018-07-23,168.3000030517578,169.14999389648438,167.80999755859375,168.69000244140625,12335000
2018-07-24,169.4499969482422,169.75999450683594,166.22000122070312,166.88999938964844,25831300
2018-07-25,166.94000244140625,167.5,166.13999938964844,167.5,18401200
2018-07-26,167.66000366210938,169.3699951171875,167.50999450683594,168.39999389648438,20944200
2018-07-27,168.5,168.72000122070312,164.7899932861328,165.25999450683594,28777100
2018-07-30,165.25,166.02000427246094,164.07000732421875,164.1999969482422,20093700
2018-07-31,164.52999877929688,166.6199951171875,164.38999938964844,165.8699951171875,23567300
2018-08-01,165.6999969482422,166.24000549316406,164.5,165.75999450683594,17942600
2018-08-02,164.9600067138672,167.2100067138672,164.94000244140625,166.97000122070312,18292200
2018-08-03,167.14999389648438,167.67999267578125,165.61000061035156,166.38999938964844,21734900
2018-08-06,166.27000427246094,167.50999450683594,165.89999389648438,167.32000732421875,16288800
2018-08-07,167.88999938964844,168.49000549316406,167.60000610351562,167.72000122070312,15045700
2018-08-08,167.72000122070312,167.99000549316406,166.49000549316406,167.57000732421875,14789500
2018-08-09,167.64999389648438,168.7100067138672,167.5500030517578,168.0,10437800
2018-08-10,167.0500030517578,168.6699981689453,166.9600067138672,167.52999877929688,20521900
2018-08-13,167.74000549316406,168.0500030517578,165.8800048828125,166.5500030517578,20517200
2018-08-14,166.91000366210938,168.60000610351562,166.88999938964844,168.1999969482422,17683100
2018-08-15,167.6999969482422,167.82000732421875,165.14999389648438,166.08999633789062,27479900
2018-08-16,166.86000061035156,168.1699981689453,166.69000244140625,167.6300048828125,15484700
2018-08-17,167.47000122070312,168.47000122070312,166.92999267578125,168.35000610351562,15106700
2018-08-20,168.80999755859375,169.17999267578125,167.8300018310547,168.82000732421875,12547300
2018-08-21,169.13999938964844,171.36000061035156,169.1199951171875,170.75999450683594,20661200
2018-08-22,170.58999633789062,171.49000549316406,170.4199981689453,171.17999267578125,14329200
2018-08-23,171.08999633789062,171.52000427246094,170.17999267578125,170.66000366210938,12945800
2018-08-24,171.14999389648438,171.77999877929688,171.02000427246094,171.58999633789062,11894300
2018-08-27,172.11000061035156,172.94000244140625,171.6199951171875,171.83999633789062,15880400
2018-08-28,172.16000366210938,172.47999572753906,171.10000610351562,172.0,13170300
2018-08-29,172.02000427246094,172.77000427246094,171.4600067138672,172.5,13157900
2018-08-30,172.1699981689453,173.22999572753906,171.82000732421875,172.36000061035156,14199600
2018-08-31,171.9600067138672,173.38999938964844,171.9499969482422,173.02000427246094,12240500
2018-09-04,172.7899932861328,173.1199951171875,171.1199951171875,172.25,17923500
2018-09-05,172.17999267578125,172.22999572753906,170.36000061035156,171.7899932861328,15166100
2018-09-06,172.1699981689453,172.47999572753906,170.4199981689453,170.6300048828125,16647700
2018-09-07,170.2100067138672,171.4499969482422,169.66000366210938,170.5399932861328,17248000
2018-09-10,171.25,171.67999267578125,170.38999938964844,170.75,11067100
2018-09-11,170.60000610351562,171.60000610351562,170.0,171.02999877929688,14078400
2018-09-12,170.7899932861328,171.08999633789062,169.3300018310547,170.6199951171875,21572300
2018-09-13,171.27999877929688,171.5399932861328,170.25999450683594,170.66000366210938,14570500
2018-09-14,170.77000427246094,171.92999267578125,170.39999389648438,171.3800048828125,15734900
2018-09-17,171.4199981689453,171.5399932861328,169.35000610351562,169.55999755859375,20023200
2018-09-18,169.8000030517578,170.7100067138672,169.6300048828125,170.27000427246094,13018000
2018-09-19,170.27999877929688,171.07000732421875,169.07000732421875,169.64999389648438,17593500
2018-09-20,170.3699951171875,171.3000030517578,169.80999755859375,171.22000122070312,16918700
2018-09-21,171.75,171.82000732421875,170.22000122070312,170.39999389648438,32539000
2018-09-24,170.25999450683594,170.5,168.75999450683594,169.77000427246094,15786700
2018-09-25,170.0500030517578,170.52000427246094,169.85000610351562,170.02999877929688,13758500
2018-09-26,169.92999267578125,170.02999877929688,167.77999877929688,168.02999877929688,17787200
2018-09-27,168.3699951171875,168.6999969482422,167.75999450683594,168.0399932861328,14471900
2018-09-28,167.4499969482422,169.0,167.4499969482422,168.5500030517578,22740300
2018-10-01,169.2899932861328,169.32000732421875,165.77000427246094,166.3300018310547,27893100
2018-10-02,166.17999267578125,166.52999877929688,164.17999267578125,164.52999877929688,28440300
2018-10-03,165.17999267578125,166.72999572753906,164.50999450683594,165.97000122070312,26027200
2018-10-04,165.44000244140625,165.64999389648438,163.1300048828125,163.63999938964844,29463000
2018-10-05,163.75,164.16000366210938,160.66000366210938,162.16000366210938,31240100
2018-10-08,161.77000427246094,162.39999389648438,160.5500030517578,161.82000732421875,21330700
2018-10-09,161.6199951171875,162.74000549316406,160.97999572753906,161.19000244140625,20620400
2018-10-10,160.82000732421875,160.99000549316406,156.36000061035156,156.55999755859375,46921800
2018-10-11,155.80999755859375,157.32000732421875,153.50999450683594,153.57000732421875,68877400
2018-10-12,155.55999755859375,155.75999450683594,151.88999938964844,153.60000610351562,53492600
2018-10-15,153.36000061035156,155.2899932861328,152.5399932861328,154.1699981689453,32747600
2018-10-16,155.27999877929688,158.86000061035156,154.0399932861328,158.63999938964844,35569100
2018-10-17,158.17999267578125,158.22000122070312,155.88999938964844,157.9600067138672,24140100
2018-10-18,157.41000366210938,157.6300048828125,154.3699951171875,155.0,31042700
2018-10-19,155.47000122070312,156.36000061035156,152.74000549316406,153.36000061035156,34214200
2018-10-22,153.9199981689453,154.4499969482422,152.52000427246094,153.02999877929688,28218300
2018-10-23,150.92999267578125,152.88999938964844,148.9199981689453,151.66000366210938,37228100
2018-10-24,151.42999267578125,151.97999572753906,145.82000732421875,145.9499969482422,40412400
2018-10-25,146.72999572753906,149.82000732421875,146.41000366210938,149.11000061035156,32311300
2018-10-26,147.5399932861328,149.4199981689453,144.6999969482422,147.47999572753906,36986100
2018-10-29,149.1300048828125,150.6300048828125,145.07000732421875,146.6699981689453,33031300
2018-10-30,146.85000610351562,149.88999938964844,146.55999755859375,149.72999572753906,29017200
2018-10-31,151.25999450683594,151.86000061035156,150.02999877929688,150.02999877929688,36785400
2018-11-01,150.88999938964844,153.77000427246094,150.80999755859375,153.49000549316406,28496400
2018-11-02,154.05999755859375,154.88999938964844,152.44000244140625,154.0,26671600
2018-11-05,154.0399932861328,154.66000366210938,152.35000610351562,153.8800048828125,16940900
2018-11-06,153.64999389648438,155.11000061035156,153.52000427246094,154.63999938964844,15572900
2018-11-07,155.36000061035156,157.41000366210938,154.8000030517578,157.41000366210938,22127800
2018-11-08,156.61000061035156,157.89999389648438,156.33999633789062,156.99000549316406,14987700
2018-11-09,156.0,156.02999877929688,152.9499969482422,154.0800018310547,20654400
2018-11-12,154.02000427246094,154.1699981689453,150.83999633789062,151.02999877929688,21886800
2018-11-13,151.60000610351562,153.08999633789062,150.2899932861328,150.5500030517578,18468500
2018-11-14,151.82000732421875,152.4600067138672,148.47999572753906,149.4499969482422,24549100
2018-11-15,148.49000549316406,151.8000030517578,148.1300048828125,151.5800018310547,24482000
2018-11-16,150.61000061035156,152.2899932861328,150.05999755859375,151.94000244140625,29323500
2018-11-19,151.67999267578125,152.02999877929688,148.3699951171875,148.86000061035156,21540900
2018-11-20,147.25,148.42999267578125,145.58999633789062,145.99000549316406,25907000
2018-11-21,146.77999877929688,149.3699951171875,146.52999877929688,148.02999877929688,17902300
2018-11-23,146.82000732421875,149.3000030517578,146.80999755859375,147.88999938964844,11134800
2018-11-26,149.32000732421875,150.39999389648438,148.74000549316406,149.80999755859375,15346400
2018-11-27,149.17999267578125,149.72999572753906,148.2899932861328,148.57000732421875,14461800
2018-11-28,149.1999969482422,152.3699951171875,147.6999969482422,152.24000549316406,26125900
2018-11-29,151.61000061035156,152.74000549316406,150.44000244140625,151.8300018310547,15134500
2018-11-30,151.4600067138672,152.86000061035156,151.0800018310547,152.6199951171875,20304700
2018-12-03,154.38999938964844,154.47999572753906,152.02000427246094,154.0800018310547,23379800
2018-12-04,153.75,154.1300048828125,147.13999938964844,147.52000427246094,41077900
2018-12-06,145.4499969482422,147.1999969482422,143.42999267578125,147.1999969482422,37581200
2018-12-07,147.13999938964844,148.25999450683594,143.27000427246094,144.02000427246094,28525100
2018-12-10,144.27000427246094,144.72000122070312,141.4499969482422,143.60000610351562,30776600
2018-12-11,145.67999267578125,146.19000244140625,142.38999938964844,143.4499969482422,29229300
2018-12-12,144.8800048828125,146.75999450683594,144.75999450683594,144.82000732421875,27894800
2018-12-13,145.24000549316406,145.69000244140625,142.5399932861328,142.77000427246094,23205400
2018-12-14,141.72999572753906,143.22999572753906,140.10000610351562,140.61000061035156,24037200
2018-12-17,139.6699981689453,140.8800048828125,136.16000366210938,137.02000427246094,36468500
2018-12-18,138.25999450683594,139.17999267578125,136.2899932861328,136.85000610351562,42277200
2018-12-19,136.8000030517578,138.67999267578125,133.25,134.0,47676600
2018-12-20,133.6300048828125,134.41000366210938,130.22999572753906,131.7899932861328,57908100
2018-12-21,132.3800048828125,132.9499969482422,127.9800033569336,128.3699951171875,59404800
2018-12-24,127.7300033569336,128.47000122070312,125.83999633789062,125.87999725341797,28575700
2018-12-26,126.27999877929688,132.10000610351562,125.80999755859375,131.92999267578125,40182700
2018-12-27,130.27000427246094,132.47999572753906,127.87000274658203,132.47999572753906,39527900
2018-12-28,132.47999572753906,135.00999450683594,131.5399932861328,132.86000061035156,35994400
2018-12-31,133.72000122070312,134.0500030517578,131.8000030517578,133.89999389648438,29173400
2019-01-02,132.1699981689453,135.1699981689453,131.5399932861328,134.66000366210938,27295100
2019-01-03,133.91000366210938,134.63999938964844,131.64999389648438,132.25,29294600
2019-01-04,133.9199981689453,137.60000610351562,133.7100067138672,137.19000244140625,35355300
2019-01-07,137.25999450683594,140.3699951171875,136.74000549316406,139.58999633789062,30477900
2019-01-08,140.8000030517578,141.7899932861328,139.38999938964844,141.72999572753906,27320900
2019-01-09,142.22000122070312,143.38999938964844,141.6199951171875,142.89999389648438,25764600
2019-01-10,142.05999755859375,143.72000122070312,141.35000610351562,143.63999938964844,22896800
2019-01-11,143.00999450683594,143.99000549316406,142.67999267578125,143.67999267578125,22428400
2019-01-14,142.82000732421875,143.44000244140625,142.08999633789062,142.25,29185000
2019-01-15,142.64999389648438,143.64999389648438,142.08999633789062,143.4499969482422,25678900
2019-01-16,143.67999267578125,145.25,143.6699981689453,144.52000427246094,20827300
2019-01-17,143.99000549316406,146.3300018310547,143.97000122070312,145.8300018310547,19273400
2019-01-18,146.60000610351562,147.9199981689453,146.0,147.3300018310547,28306700
2019-01-22,146.4600067138672,146.75999450683594,144.0500030517578,145.0,27741100
2019-01-23,145.32000732421875,146.17999267578125,143.4600067138672,144.60000610351562,20621300
2019-01-24,144.42999267578125,145.75999450683594,144.3300018310547,145.47000122070312,16976300
2019-01-25,146.6199951171875,147.63999938964844,146.42999267578125,147.33999633789062,22266900
2019-01-28,145.9600067138672,146.91000366210938,145.3699951171875,146.5500030517578,22784700
2019-01-29,146.7100067138672,146.82000732421875,145.8800048828125,146.1999969482422,12084800
2019-01-30,146.97999572753906,148.33999633789062,145.67999267578125,147.8000030517578,25516900
2019-01-31,147.61000061035156,149.3000030517578,147.52999877929688,149.05999755859375,27252900
2019-02-01,149.35000610351562,149.67999267578125,148.5800018310547,149.17999267578125,17057900
2019-02-04,149.41000366210938,150.97000122070312,148.8800048828125,150.9600067138672,21301700
2019-02-05,151.00999450683594,151.60000610351562,150.24000549316406,151.1199951171875,18295900
2019-02-06,151.0399932861328,151.3699951171875,150.10000610351562,150.92999267578125,13720600
2019-02-07,149.9199981689453,150.6999969482422,148.38999938964844,149.69000244140625,22850800
2019-02-08,149.05999755859375,149.89999389648438,148.5,149.85000610351562,13463000
2019-02-11,150.2899932861328,151.14999389648438,149.6300048828125,151.10000610351562,16374800
2019-02-12,151.9199981689453,153.19000244140625,151.8800048828125,152.99000549316406,20779900
2019-02-13,153.4199981689453,153.75999450683594,152.6999969482422,153.4199981689453,15534500
2019-02-14,152.5800018310547,154.3699951171875,152.39999389648438,153.77000427246094,18251000
2019-02-15,154.77999877929688,156.24000549316406,154.27000427246094,156.22000122070312,27240200
2019-02-19,155.5500030517578,157.10000610351562,155.5500030517578,156.64999389648438,15856900
2019-02-20,156.66000366210938,157.5800018310547,156.52999877929688,157.38999938964844,18317400
2019-02-21,157.1300048828125,157.3699951171875,156.05999755859375,156.7899932861328,17497000
2019-02-22,157.27000427246094,158.27000427246094,157.10000610351562,158.14999389648438,20411800
2019-02-25,159.0800018310547,159.5,158.08999633789062,158.19000244140625,17957100
2019-02-26,158.00999450683594,158.19000244140625,156.88999938964844,157.10000610351562,21497300
2019-02-27,156.49000549316406,157.44000244140625,156.1199951171875,157.32000732421875,18194900
2019-02-28,157.08999633789062,157.47999572753906,156.3699951171875,156.77999877929688,18155300
2019-03-01,157.9499969482422,158.33999633789062,156.75,158.24000549316406,19247100
2019-03-04,158.5399932861328,158.77999877929688,155.58999633789062,156.80999755859375,23301800
2019-03-05,156.94000244140625,156.9499969482422,155.9600067138672,156.0800018310547,16798200
2019-03-06,156.02000427246094,156.0800018310547,152.8800048828125,153.02000427246094,29604600
2019-03-07,153.02000427246094,153.13999938964844,151.3699951171875,151.67999267578125,26822500
2019-03-08,150.83999633789062,151.75999450683594,150.61000061035156,151.63999938964844,20466800
2019-03-11,152.11000061035156,154.30999755859375,151.89999389648438,154.2899932861328,20854500
2019-03-12,154.39999389648438,154.97999572753906,153.8000030517578,154.3699951171875,18966800
2019-03-13,154.9199981689453,155.72999572753906,154.75,154.97999572753906,24109100
2019-03-14,154.89999389648438,155.02000427246094,154.1999969482422,154.35000610351562,14217500
2019-03-15,154.52999877929688,155.8699951171875,154.3300018310547,154.75999450683594,22025900
2019-03-18,155.05999755859375,156.4499969482422,154.47999572753906,155.75,24510200
2019-03-19,156.47999572753906,156.52999877929688,154.57000732421875,154.9600067138672,18633100
2019-03-20,154.5399932861328,155.4199981689453,152.41000366210938,153.25999450683594,29463200
2019-03-21,152.72999572753906,156.05999755859375,152.72999572753906,155.27000427246094,31845000
2019-03-22,154.1999969482422,154.5399932861328,149.57000732421875,149.6199951171875,40663000
2019-03-25,149.47999572753906,151.32000732421875,148.41000366210938,150.27999877929688,26454700
2019-03-26,151.47000122070312,152.82000732421875,150.7899932861328,151.86000061035156,21308600
2019-03-27,151.7100067138672,152.2100067138672,149.47999572753906,151.27000427246094,23477100
2019-03-28,151.7899932861328,152.92999267578125,150.92999267578125,152.6199951171875,19473300
2019-03-29,153.67999267578125,153.97000122070312,152.10000610351562,153.08999633789062,28298900
2019-04-01,154.2899932861328,154.9199981689453,153.72000122070312,154.75999450683594,20075200
2019-04-02,154.8699951171875,154.8800048828125,153.50999450683594,154.36000061035156,18253500
2019-04-03,155.74000549316406,156.14999389648438,154.72999572753906,155.16000366210938,19554700
2019-04-04,155.27999877929688,156.00999450683594,154.83999633789062,155.9199981689453,15909500
2019-04-05,156.3000030517578,157.47000122070312,156.19000244140625,157.3800048828125,21379000
2019-04-08,156.85000610351562,157.5,156.07000732421875,157.1199951171875,14202400
2019-04-09,156.4600067138672,156.6999969482422,154.91000366210938,155.1999969482422,18534200
2019-04-10,155.47999572753906,157.36000061035156,155.3300018310547,157.30999755859375,18938800
2019-04-11,157.52000427246094,157.67999267578125,156.80999755859375,157.11000061035156,12218700
2019-04-12,158.1300048828125,158.16000366210938,157.11000061035156,157.67999267578125,14120300
2019-04-15,157.9499969482422,158.10000610351562,156.5,157.1699981689453,10964000
2019-04-16,157.7100067138672,157.89999389648438,156.97999572753906,157.5399932861328,16782900
2019-04-17,158.08999633789062,158.11000061035156,155.1999969482422,156.10000610351562,17108500
2019-04-18,156.11000061035156,156.27999877929688,154.66000366210938,155.63999938964844,23276300
2019-04-22,155.30999755859375,155.80999755859375,154.52000427246094,155.22999572753906,15596800
2019-04-23,155.3699951171875,158.0500030517578,155.36000061035156,157.57000732421875,23396100
2019-04-24,157.6199951171875,158.69000244140625,157.3699951171875,158.05999755859375,18053100
2019-04-25,157.3300018310547,157.47000122070312,155.47000122070312,156.75,19365100
2019-04-26,156.9600067138672,158.49000549316406,156.39999389648438,158.27000427246094,16999100
2019-04-29,158.6199951171875,159.61000061035156,158.49000549316406,159.02999877929688,13698900
2019-04-30,159.14999389648438,159.19000244140625,156.9600067138672,158.2899932861328,24127500
2019-05-01,158.6699981689453,158.72999572753906,156.7100067138672,156.7899932861328,17734300
2019-05-02,156.63999938964844,158.14999389648438,155.67999267578125,157.52000427246094,22715700
2019-05-03,158.30999755859375,160.63999938964844,158.19000244140625,160.52999877929688,20178800
2019-05-06,158.17999267578125,161.11000061035156,158.00999450683594,160.7100067138672,21262100
2019-05-07,159.30999755859375,159.8699951171875,156.25,157.52999877929688,25434500
2019-05-08,157.25999450683594,158.08999633789062,156.64999389648438,156.75999450683594,16113700
2019-05-09,155.52000427246094,156.64999389648438,153.74000549316406,156.19000244140625,25259900
2019-05-10,155.58999633789062,156.8300018310547,153.6699981689453,156.6199951171875,26544700
2019-05-13,153.69000244140625,154.02000427246094,151.16000366210938,151.6300048828125,26936500
2019-05-14,151.9600067138672,154.1699981689453,151.6999969482422,153.5399932861328,15519200
2019-05-15,152.39999389648438,154.41000366210938,152.07000732421875,154.0399932861328,18410600
2019-05-16,154.50999450683594,156.17999267578125,154.44000244140625,155.0,13772100
2019-05-17,153.82000732421875,155.27000427246094,152.66000366210938,152.83999633789062,21534000
2019-05-20,151.92999267578125,152.82000732421875,151.41000366210938,151.77999877929688,18689800
2019-05-21,152.6300048828125,154.0399932861328,152.5800018310547,153.82000732421875,11659100
2019-05-22,153.22000122070312,153.58999633789062,152.0,152.52999877929688,13922600
2019-05-23,151.05999755859375,151.05999755859375,148.5800018310547,149.38999938964844,26379400
2019-05-24,150.3800048828125,151.08999633789062,149.7899932861328,150.7899932861328,16093100
2019-05-28,151.00999450683594,151.64999389648438,149.5800018310547,149.58999633789062,14042200
2019-05-29,148.83999633789062,148.92999267578125,147.36000061035156,148.33999633789062,22622300
2019-05-30,148.75,149.5800018310547,147.0399932861328,147.92999267578125,17739100
2019-05-31,146.19000244140625,146.83999633789062,145.32000732421875,145.86000061035156,25411300
2019-06-03,146.1300048828125,147.2100067138672,145.3300018310547,146.3699951171875,26554500
2019-06-04,147.9199981689453,150.2899932861328,146.4199981689453,150.16000366210938,21217600
2019-06-05,150.75999450683594,150.88999938964844,148.61000061035156,150.19000244140625,18184100
2019-06-06,150.1199951171875,150.52000427246094,148.30999755859375,149.8000030517578,20772500
2019-06-07,150.35000610351562,151.50999450683594,150.02000427246094,150.86000061035156,17107500
2019-06-10,151.4499969482422,153.13999938964844,151.4499969482422,151.75,18912300
2019-06-11,152.8699951171875,153.22999572753906,150.5800018310547,151.3000030517578,15373000
2019-06-12,151.17999267578125,151.77999877929688,150.6199951171875,151.47000122070312,11957600
2019-06-13,152.30999755859375,153.17999267578125,151.8699951171875,153.07000732421875,14839400
2019-06-14,152.8800048828125,152.94000244140625,151.72000122070312,151.72999572753906,16154800
2019-06-17,151.8699951171875,152.89999389648438,151.6699981689453,152.24000549316406,12509300
2019-06-18,153.27000427246094,155.14999389648438,152.25999450683594,154.00999450683594,22100800
2019-06-19,154.19000244140625,154.6999969482422,153.39999389648438,154.55999755859375,15625000
2019-06-20,156.0500030517578,156.22000122070312,154.44000244140625,155.2899932861328,17595700
2019-06-21,155.1300048828125,155.1699981689453,153.61000061035156,153.9499969482422,19854400
2019-06-24,154.36000061035156,154.41000366210938,152.0,152.0800018310547,24002600
2019-06-25,152.30999755859375,152.5,151.0,151.14999389648438,17462200
2019-06-26,151.6999969482422,152.22000122070312,150.75999450683594,150.8000030517578,15726900
2019-06-27,151.24000549316406,153.77000427246094,151.24000549316406,153.6300048828125,22278400
2019-06-28,153.9499969482422,156.02000427246094,153.94000244140625,155.5,35089900
2019-07-01,157.5399932861328,158.02999877929688,155.22000122070312,156.10000610351562,22850500
2019-07-02,156.02000427246094,156.1199951171875,154.25999450683594,155.14999389648438,19024600
2019-07-03,155.60000610351562,156.33999633789062,155.1699981689453,156.25999450683594,9115100
2019-07-05,155.49000549316406,156.74000549316406,154.86000061035156,156.67999267578125,14156700
2019-07-08,156.2100067138672,156.47999572753906,154.88999938964844,155.19000244140625,9735700
2019-07-09,154.5399932861328,155.42999267578125,154.47999572753906,155.39999389648438,12381600
2019-07-10,156.1999969482422,156.55999755859375,154.85000610351562,155.6699981689453,17325400
2019-07-11,155.88999938964844,155.94000244140625,154.22000122070312,154.91000366210938,14260800
2019-07-12,155.13999938964844,156.6699981689453,154.8800048828125,156.11000061035156,16678000
2019-07-15,156.55999755859375,156.58999633789062,154.85000610351562,155.2899932861328,12194300
2019-07-16,155.1300048828125,156.1999969482422,154.6699981689453,155.24000549316406,15152700
2019-07-17,155.24000549316406,155.33999633789062,153.72999572753906,154.1300048828125,14155100
2019-07-18,154.0800018310547,155.00999450683594,153.72999572753906,154.7100067138672,15705500
2019-07-19,154.94000244140625,155.42999267578125,153.82000732421875,153.82000732421875,17182600
2019-07-22,154.24000549316406,154.6999969482422,153.39999389648438,153.67999267578125,14474600
2019-07-23,154.27999877929688,154.72000122070312,153.5399932861328,154.6999969482422,15493200
2019-07-24,154.2899932861328,157.4499969482422,154.1199951171875,157.25999450683594,23823100
2019-07-25,157.17999267578125,157.24000549316406,155.08999633789062,155.36000061035156,17902500
2019-07-26,155.5800018310547,157.4199981689453,155.5,157.1999969482422,14260300
2019-07-29,157.19000244140625,157.36000061035156,155.60000610351562,156.14999389648438,13192200
2019-07-30,155.05999755859375,157.83999633789062,154.7100067138672,157.83999633789062,1200
2019-07-31,157.77999877929688,159.22999572753906,155.5500030517578,156.55999755859375,40445900
2019-08-01,156.8800048828125,158.1699981689453,153.58999633789062,154.2899932861328,38070200
2019-08-02,153.35000610351562,153.75,151.27999877929688,152.5800018310547,30148300
2019-08-05,149.77999877929688,149.9199981689453,146.2100067138672,148.0,39221500
2019-08-06,148.89999389648438,149.6999969482422,147.3800048828125,149.36000061035156,24283300
2019-08-07,147.9199981689453,149.7100067138672,146.69000244140625,149.32000732421875,23952100
2019-08-08,150.14999389648438,152.6300048828125,149.99000549316406,152.5399932861328,19415600
2019-08-09,152.08999633789062,152.14999389648438,150.02999877929688,150.6199951171875,19313200
2019-08-12,149.80999755859375,150.1199951171875,148.3300018310547,148.6699981689453,15963000
2019-08-13,148.33999633789062,151.7899932861328,147.6699981689453,150.27000427246094,21912600
2019-08-14,147.9499969482422,147.97999572753906,145.72000122070312,146.07000732421875,28235800
2019-08-15,146.6199951171875,146.6699981689453,144.7899932861328,145.49000549316406,24202400
2019-08-16,146.13999938964844,148.91000366210938,146.11000061035156,148.6300048828125,22783400
2019-08-19,150.32000732421875,150.88999938964844,149.9499969482422,150.1300048828125,17023400
2019-08-20,149.9199981689453,150.00999450683594,148.99000549316406,149.14999389648438,13324100
2019-08-21,150.6199951171875,150.64999389648438,149.7899932861328,150.3800048828125,13446100
2019-08-22,150.6699981689453,151.0800018310547,149.13999938964844,150.02999877929688,12979100
2019-08-23,149.22000122070312,150.11000061035156,144.92999267578125,145.42999267578125,36974600
2019-08-26,146.8000030517578,147.0500030517578,145.7100067138672,147.02999877929688,19167100
2019-08-27,147.9600067138672,148.02000427246094,144.67999267578125,144.85000610351562,24546200
2019-08-28,144.55999755859375,147.38999938964844,144.25,146.5399932861328,20115500
2019-08-29,148.14999389648438,149.2899932861328,147.9600067138672,149.11000061035156,18786300
2019-08-30,149.88999938964844,149.97000122070312,148.0399932861328,148.83999633789062,18727100
2019-09-03,147.4499969482422,148.32000732421875,146.0,146.66000366210938,20688000
2019-09-04,148.00999450683594,148.36000061035156,147.17999267578125,147.83999633789062,13107500
2019-09-05,149.85000610351562,151.91000366210938,149.3699951171875,150.58999633789062,25666700
2019-09-06,150.6999969482422,151.22999572753906,149.8300018310547,149.89999389648438,14645900
2019-09-09,150.57000732421875,152.24000549316406,150.05999755859375,151.91000366210938,25780100
2019-09-10,151.67999267578125,153.9499969482422,150.88999938964844,153.85000610351562,29576200
2019-09-11,154.52000427246094,157.16000366210938,153.55999755859375,157.0,42970500
2019-09-12,157.17999267578125,157.89999389648438,155.57000732421875,157.0399932861328,38648300
2019-09-13,157.85000610351562,158.9199981689453,157.1300048828125,157.30999755859375,31042800
2019-09-16,156.97000122070312,158.75,156.6999969482422,157.89999389648438,23242600
2019-09-17,157.36000061035156,157.57000732421875,156.4499969482422,157.49000549316406,22986700
2019-09-18,157.47999572753906,157.5,155.07000732421875,156.52000427246094,19735700
2019-09-19,156.8000030517578,157.82000732421875,155.52999877929688,155.75999450683594,21531600
2019-09-20,155.63999938964844,156.64999389648438,154.4499969482422,155.42999267578125,22707200
2019-09-23,154.86000061035156,155.9499969482422,154.55999755859375,155.30999755859375,14944600
2019-09-24,155.14999389648438,155.2899932861328,151.83999633789062,152.42999267578125,27576700
2019-09-25,152.27999877929688,154.36000061035156,151.8000030517578,154.10000610351562,21917500
2019-09-26,153.9199981689453,153.9199981689453,151.9499969482422,152.3800048828125,20641600
2019-09-27,152.82000732421875,153.22000122070312,150.5,151.16000366210938,20181900
2019-09-30,151.3699951171875,152.25999450683594,150.7899932861328,151.33999633789062,16905400
2019-10-01,152.11000061035156,153.35000610351562,148.0500030517578,148.3699951171875,34093500
2019-10-02,147.6300048828125,147.6300048828125,145.86000061035156,147.25,24894600
2019-10-03,146.69000244140625,147.94000244140625,144.92999267578125,147.74000549316406,25362800
2019-10-04,147.99000549316406,149.25,147.1199951171875,149.13999938964844,18640400
2019-10-07,148.77999877929688,150.07000732421875,148.1199951171875,148.8800048828125,15762800
2019-10-08,147.4199981689453,147.92999267578125,146.11000061035156,146.4600067138672,18110600
2019-10-09,147.5399932861328,147.69000244140625,146.63999938964844,147.1300048828125,10929500
2019-10-10,147.33999633789062,148.5,147.10000610351562,147.72000122070312,16349000
2019-10-11,149.7899932861328,151.9600067138672,147.69000244140625,150.22000122070312,29236300
2019-10-14,149.91000366210938,150.14999389648438,149.10000610351562,149.6699981689453,10692600
2019-10-15,150.1699981689453,152.1300048828125,149.7899932861328,151.38999938964844,16801200
2019-10-16,151.2100067138672,152.27000427246094,151.13999938964844,151.5500030517578,13119100
2019-10-17,152.2899932861328,153.50999450683594,152.0500030517578,153.33999633789062,13175800
2019-10-18,152.92999267578125,153.5,151.4499969482422,152.61000061035156,14490200
2019-10-21,154.1699981689453,154.97999572753906,153.91000366210938,154.0399932861328,17450300
2019-10-22,154.1999969482422,155.0500030517578,153.74000549316406,154.2100067138672,12471800
2019-10-23,154.33999633789062,154.75,153.5500030517578,154.39999389648438,8728000
2019-10-24,154.9499969482422,155.05999755859375,153.47000122070312,154.17999267578125,9091400
2019-10-25,153.91000366210938,155.52999877929688,153.89999389648438,155.0,10531500
2019-10-28,155.66000366210938,156.97999572753906,155.00999450683594,156.33999633789062,15392400
2019-10-29,156.00999450683594,157.33999633789062,155.86000061035156,156.85000610351562,11978300
2019-10-30,156.7899932861328,156.80999755859375,155.27999877929688,156.3300018310547,14451500
2019-10-31,156.10000610351562,156.10000610351562,154.24000549316406,155.4499969482422,17344200
2019-11-01,156.39999389648438,158.19000244140625,156.0500030517578,158.10000610351562,18421600
2019-11-04,159.39999389648438,159.6999969482422,158.47000122070312,158.9499969482422,16182000
2019-11-05,159.39999389648438,160.4600067138672,158.97000122070312,159.14999389648438,13760200
2019-11-06,158.99000549316406,158.99000549316406,157.80999755859375,158.22999572753906,16025500
2019-11-07,159.74000549316406,160.1699981689453,158.1699981689453,158.64999389648438,13448900
2019-11-08,158.27999877929688,159.27000427246094,157.9499969482422,159.0800018310547,11967400
2019-11-11,158.02999877929688,158.89999389648438,157.8800048828125,158.77999877929688,10508700
2019-11-12,158.92999267578125,159.8800048828125,158.49000549316406,158.8300018310547,14316900
2019-11-13,157.74000549316406,158.5,157.19000244140625,158.14999389648438,14514400
2019-11-14,157.92999267578125,158.91000366210938,157.7899932861328,158.10000610351562,13054000
2019-11-15,159.22999572753906,159.2899932861328,158.35000610351562,158.9199981689453,13119200
2019-11-18,158.72000122070312,158.74000549316406,157.94000244140625,158.52000427246094,10759500
2019-11-19,159.11000061035156,159.6999969482422,158.30999755859375,159.11000061035156,15203700
2019-11-20,158.5500030517578,159.60000610351562,157.25999450683594,158.50999450683594,21314300
2019-11-21,158.82000732421875,158.88999938964844,157.22999572753906,157.72999572753906,15388300
2019-11-22,158.30999755859375,158.5399932861328,157.35000610351562,158.22000122070312,13482400
2019-11-25,159.02999877929688,161.8300018310547,158.88999938964844,161.5800018310547,24753000
2019-11-26,161.75,162.5399932861328,161.2899932861328,161.69000244140625,15496700
2019-11-27,162.3800048828125,162.92999267578125,162.0800018310547,162.8300018310547,13202500
2019-11-29,162.41000366210938,162.7899932861328,161.6699981689453,161.77000427246094,9988200
2019-12-02,162.14999389648438,162.2100067138672,159.91000366210938,160.19000244140625,17190900
2019-12-03,158.82000732421875,159.75999450683594,158.10000610351562,159.67999267578125,14884400
2019-12-04,160.5,161.22000122070312,160.3000030517578,160.77999877929688,10833200
2019-12-05,161.47000122070312,161.64999389648438,160.4499969482422,160.94000244140625,11470700
2019-12-06,162.58999633789062,163.41000366210938,162.5,162.82000732421875,16486200
2019-12-09,162.75,163.16000366210938,162.38999938964844,162.50999450683594,13476700
2019-12-10,162.41000366210938,162.9600067138672,161.94000244140625,162.61000061035156,13704400
2019-12-11,162.8800048828125,163.0800018310547,161.9499969482422,162.55999755859375,19612200
2019-12-12,162.75,165.10000610351562,162.25,163.9600067138672,24857000
2019-12-13,163.72999572753906,164.80999755859375,162.5500030517578,163.3300018310547,23279600
2019-12-16,164.05999755859375,164.85000610351562,163.74000549316406,163.8800048828125,20115300
2019-12-17,164.13999938964844,164.6999969482422,163.6999969482422,164.6999969482422,12980000
2019-12-18,165.05999755859375,165.27999877929688,164.32000732421875,165.02000427246094,15379300
2019-12-19,165.27999877929688,165.72999572753906,164.8800048828125,165.72999572753906,11919800
2019-12-20,166.14999389648438,166.41000366210938,165.72000122070312,165.97000122070312,25449500
2019-12-23,166.24000549316406,166.36000061035156,165.36000061035156,166.3000030517578,13372100
2019-12-24,166.4499969482422,166.6999969482422,166.0399932861328,166.67999267578125,4334500
2019-12-26,166.8300018310547,166.97999572753906,166.36000061035156,166.67999267578125,9371200
2019-12-27,167.1199951171875,167.1199951171875,165.42999267578125,165.86000061035156,12261800
2019-12-30,165.97999572753906,166.2100067138672,164.57000732421875,165.44000244140625,14912700
2019-12-31,165.0800018310547,166.35000610351562,164.7100067138672,165.6699981689453,17362400
2020-01-02,166.74000549316406,166.75,164.22999572753906,165.77999877929688,18297500
2020-01-03,163.74000549316406,165.41000366210938,163.6999969482422,165.1300048828125,19295600
2020-01-06,163.85000610351562,165.5399932861328,163.5399932861328,165.35000610351562,17150900
2020-01-07,164.85000610351562,165.33999633789062,164.2100067138672,164.8000030517578,11817900
2020-01-08,164.82000732421875,166.02999877929688,164.72000122070312,165.30999755859375,13832400
2020-01-09,166.1199951171875,166.4499969482422,165.25999450683594,165.50999450683594,11895400
2020-01-10,165.5500030517578,165.69000244140625,164.1999969482422,164.88999938964844,15353000
2020-01-13,164.94000244140625,166.0399932861328,164.07000732421875,165.9600067138672,17271100
2020-01-14,165.13999938964844,167.58999633789062,164.97999572753906,166.57000732421875,18323000
2020-01-15,166.14999389648438,167.9499969482422,166.13999938964844,167.3699951171875,15437200
2020-01-16,168.58999633789062,169.8699951171875,168.42999267578125,169.52999877929688,19976200
2020-01-17,170.27999877929688,170.55999755859375,168.6699981689453,169.07000732421875,18306400
2020-01-21,168.36000061035156,168.99000549316406,167.27000427246094,167.6699981689453,17935100
2020-01-22,168.19000244140625,168.6199951171875,167.17999267578125,167.55999755859375,14916300
2020-01-23,167.10000610351562,167.97000122070312,165.4499969482422,167.4499969482422,15954300
2020-01-24,168.00999450683594,168.00999450683594,164.22999572753906,165.38999938964844,20491400
2020-01-27,162.85000610351562,164.49000549316406,162.4199981689453,163.50999450683594,18539000
2020-01-28,164.5,165.39999389648438,163.49000549316406,164.8699951171875,16690400
2020-01-29,165.10000610351562,165.55999755859375,163.89999389648438,163.92999267578125,14944400
2020-01-30,162.83999633789062,164.13999938964844,161.92999267578125,163.92999267578125,21889700
2020-01-31,163.32000732421875,163.9199981689453,160.02999877929688,160.52999877929688,30439000
2020-02-03,161.60000610351562,162.92999267578125,161.49000549316406,162.32000732421875,17373200
2020-02-04,164.30999755859375,165.30999755859375,164.16000366210938,164.77000427246094,15994200
2020-02-05,166.47999572753906,167.52999877929688,165.69000244140625,167.30999755859375,17807000
2020-02-06,167.88999938964844,168.14999389648438,166.75999450683594,166.92999267578125,14768900
2020-02-07,166.2899932861328,166.36000061035156,164.39999389648438,164.8800048828125,18029600
2020-02-10,164.55999755859375,165.88999938964844,164.4600067138672,165.80999755859375,11428800
2020-02-11,166.7899932861328,167.9600067138672,166.27000427246094,166.9600067138672,15005600
2020-02-12,168.02000427246094,168.2899932861328,167.27999877929688,168.11000061035156,12123000
2020-02-13,167.22000122070312,168.9499969482422,167.11000061035156,168.5500030517578,12649300
2020-02-14,168.6999969482422,168.77999877929688,167.33999633789062,167.89999389648438,16006200
2020-02-18,167.5,168.05999755859375,166.42999267578125,167.5399932861328,13412100
2020-02-19,168.1699981689453,169.13999938964844,167.52999877929688,168.39999389648438,11084600
2020-02-20,167.89999389648438,169.11000061035156,166.58999633789062,168.80999755859375,20383800
2020-02-21,168.14999389648438,168.6300048828125,166.3300018310547,167.10000610351562,18729900
2020-02-24,161.86000061035156,167.05999755859375,161.10000610351562,162.07000732421875,28239500
2020-02-25,162.52000427246094,162.75999450683594,155.9600067138672,156.30999755859375,45047000
2020-02-26,157.0500030517578,158.49000549316406,154.22000122070312,154.5,39465000
2020-02-27,151.35000610351562,155.00999450683594,148.82000732421875,149.05999755859375,50530300
2020-02-28,144.85000610351562,149.1300048828125,143.91000366210938,146.3300018310547,72036400
2020-03-02,147.97000122070312,151.22999572753906,145.38999938964844,151.02999877929688,33569300
2020-03-03,151.08999633789062,154.1999969482422,146.30999755859375,147.9499969482422,42941300
2020-03-04,150.27999877929688,152.4499969482422,148.52000427246094,152.16000366210938,36195800
2020-03-05,148.83999633789062,152.47999572753906,145.49000549316406,147.32000732421875,32729400
2020-03-06,142.7100067138672,145.97999572753906,140.99000549316406,144.39999389648438,39688300
2020-03-09,134.1300048828125,136.1699981689453,130.25999450683594,130.36000061035156,56320000
2020-03-10,134.7100067138672,134.8000030517578,128.02000427246094,134.42999267578125,54432700
2020-03-11,130.9199981689453,132.27000427246094,124.16999816894531,125.87999725341797,51354800
2020-03-12,116.7699966430664,119.9000015258789,111.5999984741211,111.97000122070312,70114300
2020-03-13,118.30999755859375,119.95999908447266,109.55000305175781,119.47000122070312,57915100
2020-03-16,108.62000274658203,111.30000305175781,101.43000030517578,103.62000274658203,59095700
2020-03-17,104.95999908447266,110.5,100.61000061035156,108.37000274658203,59344800
2020-03-18,103.05000305175781,106.77999877929688,96.25,99.97000122070312,62296700
2020-03-19,99.66000366210938,106.80000305175781,95.69000244140625,103.87000274658203,62654700
2020-03-20,106.12000274658203,108.76000213623047,100.44999694824219,101.4000015258789,76203700
2020-03-23,101.9000015258789,102.18000030517578,95.91000366210938,99.9000015258789,63534700
2020-03-24,105.37000274658203,109.33000183105469,99.93000030517578,109.04000091552734,73386700
2020-03-25,109.4800033569336,114.0,106.0199966430664,109.97000122070312,56043700
2020-03-26,111.54000091552734,117.5999984741211,111.19999694824219,116.80999755859375,51657600
2020-03-27,112.25,116.0199966430664,110.87000274658203,112.55999755859375,39931500
2020-03-30,113.23999786376953,115.26000213623047,110.80000305175781,115.04000091552734,41552100
2020-03-31,114.5999984741211,116.16999816894531,111.95999908447266,114.45999908447266,52948000
2020-04-01,108.69999694824219,110.37999725341797,105.52999877929688,106.66000366210938,54224200
2020-04-02,105.72000122070312,110.38999938964844,104.56999969482422,107.66999816894531,43774200
2020-04-03,106.58999633789062,108.0,102.5999984741211,104.62000274658203,42189200
2020-04-06,109.08999633789062,113.33999633789062,109.0199966430664,112.62999725341797,48708100
2020-04-07,116.87999725341797,118.63999938964844,112.38999938964844,112.91999816894531,57546100
2020-04-08,114.87999725341797,119.23999786376953,113.29000091552734,118.06999969482422,52822300
2020-04-09,121.91999816894531,124.61000061035156,121.33000183105469,123.72000122070312,69528600
2020-04-13,122.8499984741211,123.51000213623047,119.12000274658203,120.37000274658203,40198200
2020-04-14,123.9000015258789,124.87999725341797,121.30000305175781,122.80999755859375,35089700
2020-04-15,117.86000061035156,119.11000061035156,116.66000366210938,117.80000305175781,34809900
2020-04-16,118.08999633789062,118.41999816894531,114.55999755859375,116.91000366210938,49501300
2020-04-17,121.9000015258789,122.72000122070312,120.05999755859375,122.05999755859375,46250200
2020-04-20,119.58999633789062,122.9000015258789,119.04000091552734,120.62000274658203,36700500
2020-04-21,117.41999816894531,119.23999786376953,116.4800033569336,117.73999786376953,31608900
2020-04-22,120.31999969482422,120.98999786376953,118.7699966430664,119.16999816894531,24333800
2020-04-23,120.11000061035156,122.9000015258789,119.68000030517578,120.33999633789062,38571200
2020-04-24,121.52999877929688,123.31999969482422,120.08999633789062,122.41000366210938,27147500
2020-04-27,123.94999694824219,128.44000244140625,123.86000061035156,127.26000213623047,39021300
2020-04-28,131.1199951171875,131.4600067138672,127.27999877929688,129.11000061035156,47292700
2020-04-29,133.49000549316406,136.85000610351562,131.8800048828125,135.4600067138672,50390500
2020-04-30,131.89999389648438,132.94000244140625,130.13999938964844,130.30999755859375,43727500
2020-05-01,127.1500015258789,127.45999908447266,123.29000091552734,125.13999938964844,43352000
2020-05-04,123.5999984741211,125.9000015258789,122.25,125.68000030517578,28498200
2020-05-05,128.07000732421875,129.9199981689453,126.0999984741211,126.6500015258789,31209400
2020-05-06,127.48999786376953,128.1999969482422,125.0,125.72000122070312,29836800
2020-05-07,127.38999938964844,128.5,126.55000305175781,127.44000244140625,27493000
2020-05-08,130.16000366210938,132.75,129.19000244140625,132.36000061035156,32122900
2020-05-11,130.41000366210938,132.9499969482422,129.3300018310547,131.6999969482422,33983200
2020-05-12,132.25999450683594,132.2899932861328,126.83999633789062,126.97000122070312,44275300
2020-05-13,125.6500015258789,126.08000183105469,120.41000366210938,122.72000122070312,58719300
2020-05-14,119.97000122070312,123.2699966430664,117.18000030517578,123.12000274658203,55904300
2020-05-15,122.01000213623047,125.52999877929688,121.45999908447266,125.08000183105469,40236600
2020-05-18,131.4499969482422,133.38999938964844,130.8300018310547,132.67999267578125,46981100
2020-05-19,132.22000122070312,133.4499969482422,130.05999755859375,130.05999755859375,30270000
2020-05-20,132.72999572753906,134.97999572753906,132.3800048828125,134.0,35901300
2020-05-21,134.0500030517578,135.05999755859375,132.5800018310547,134.24000549316406,32716500
2020-05-22,134.6699981689453,135.0500030517578,133.02000427246094,134.88999938964844,24035200
2020-05-26,140.08999633789062,140.3800048828125,134.99000549316406,138.77999877929688,36971000
2020-05-27,141.57000732421875,143.5,137.3300018310547,143.08999633789062,42682000
2020-05-28,144.74000549316406,144.74000549316406,137.5800018310547,139.6999969482422,42105000
2020-05-29,138.3000030517578,139.27999877929688,136.41000366210938,138.89999389648438,41536400
2020-06-01,139.25999450683594,141.6699981689453,138.61000061035156,140.22999572753906,25567500
2020-06-02,141.07000732421875,141.85000610351562,139.55999755859375,141.38999938964844,24666200
2020-06-03,143.6699981689453,146.07000732421875,143.11000061035156,144.8000030517578,36111700
2020-06-04,143.83999633789062,145.60000610351562,143.17999267578125,144.58999633789062,28904700
2020-06-05,150.86000061035156,152.32000732421875,149.5500030517578,150.17999267578125,53513400
2020-06-08,152.35000610351562,153.38999938964844,151.6300048828125,153.08999633789062,33834300
2020-06-09,150.86000061035156,151.77000427246094,149.05999755859375,150.25999450683594,39646000
2020-06-10,150.08999633789062,150.25999450683594,145.89999389648438,146.17999267578125,51774500
2020-06-11,140.14999389648438,141.02999877929688,134.77000427246094,135.02999877929688,72041500
2020-06-12,140.3300018310547,141.02000427246094,134.14999389648438,138.27000427246094,63864900
2020-06-15,133.27999877929688,142.05999755859375,133.27999877929688,140.99000549316406,57354800
2020-06-16,146.69000244140625,146.69000244140625,141.02999877929688,144.3800048828125,48957000
2020-06-17,144.58999633789062,144.99000549316406,141.32000732421875,141.77000427246094,34811400
2020-06-18,140.3699951171875,143.30999755859375,139.80999755859375,141.72000122070312,26974100
2020-06-19,144.4199981689453,144.50999450683594,139.83999633789062,140.99000549316406,50293800
2020-06-22,140.24000549316406,142.55999755859375,138.8300018310547,142.39999389648438,28983200
2020-06-23,144.32000732421875,144.66000366210938,142.64999389648438,143.0,20344200
2020-06-24,141.10000610351562,141.60000610351562,136.30999755859375,138.36000061035156,42998700
2020-06-25,137.7100067138672,140.5800018310547,136.2899932861328,140.4499969482422,37191200
2020-06-26,139.47999572753906,139.8300018310547,136.49000549316406,136.6699981689453,39100100
2020-06-29,138.7100067138672,141.99000549316406,137.10000610351562,141.13999938964844,33935200
2020-06-30,140.6699981689453,143.6199951171875,140.58999633789062,143.17999267578125,32865900
2020-07-01,143.64999389648438,144.50999450683594,141.24000549316406,141.82000732421875,26457500
2020-07-02,144.55999755859375,145.27999877929688,141.88999938964844,142.39999389648438,24022400
2020-07-06,145.32000732421875,145.6999969482422,142.92999267578125,143.42999267578125,19858200
2020-07-07,142.17999267578125,143.44000244140625,140.47999572753906,140.88999938964844,22661000
2020-07-08,140.75999450683594,142.5,139.10000610351562,141.94000244140625,27358900
2020-07-09,142.02000427246094,142.35000610351562,137.24000549316406,139.07000732421875,34647800
2020-07-10,139.13999938964844,141.5,138.4600067138672,141.30999755859375,24008200
2020-07-13,142.8000030517578,144.63999938964844,139.38999938964844,139.52000427246094,34235500
2020-07-14,139.42999267578125,141.97999572753906,138.63999938964844,141.8300018310547,28114000
2020-07-15,145.4199981689453,147.77999877929688,144.7899932861328,147.02999877929688,40770100
2020-07-16,146.11000061035156,146.6699981689453,144.8800048828125,146.16000366210938,30530800
2020-07-17,146.67999267578125,147.58999633789062,145.50999450683594,146.58999633789062,20644100
2020-07-20,146.1199951171875,146.85000610351562,145.14999389648438,145.9600067138672,19663300
2020-07-21,147.47000122070312,149.16000366210938,147.1999969482422,148.02999877929688,24503800
2020-07-22,147.08999633789062,148.6699981689453,147.02999877929688,148.11000061035156,24424800
2020-07-23,147.97999572753906,150.1999969482422,146.6999969482422,148.25999450683594,21704900
2020-07-24,147.2899932861328,147.6699981689453,145.55999755859375,146.0800018310547,20015500
2020-07-27,146.19000244140625,147.69000244140625,145.38999938964844,147.60000610351562,13370700
2020-07-28,147.07000732421875,148.0399932861328,146.05999755859375,146.1300048828125,13268000
2020-07-29,147.0,149.4499969482422,146.97999572753906,149.35000610351562,19864400
2020-07-30,147.13999938964844,149.1199951171875,146.3300018310547,148.75999450683594,23618900
2020-07-31,148.13999938964844,148.4199981689453,144.6699981689453,147.36000061035156,29881500
2020-08-03,148.2899932861328,149.97000122070312,147.22000122070312,149.75999450683594,20777100
2020-08-04,149.38999938964844,150.92999267578125,149.0399932861328,150.7899932861328,20285000
2020-08-05,152.2899932861328,153.88999938964844,151.77999877929688,153.7899932861328,18190200
2020-08-06,153.8000030517578,154.44000244140625,152.91000366210938,153.72999572753906,18237700
2020-08-07,153.4499969482422,156.25,153.14999389648438,156.1699981689453,20475200
2020-08-10,156.64999389648438,158.8300018310547,156.64999389648438,157.7899932861328,24000500
2020-08-11,159.27000427246094,159.82000732421875,156.16000366210938,156.8800048828125,30359400
2020-08-12,158.6699981689453,158.88999938964844,156.49000549316406,157.52000427246094,23378300
2020-08-13,156.99000549316406,158.52999877929688,156.64999389648438,157.19000244140625,15799900
2020-08-14,156.27999877929688,157.75999450683594,155.8699951171875,157.08999633789062,13360900
2020-08-17,157.5,158.02999877929688,156.74000549316406,157.89999389648438,9744200
2020-08-18,157.85000610351562,157.85000610351562,155.7100067138672,156.38999938964844,14670400
2020-08-19,156.92999267578125,158.0399932861328,156.19000244140625,156.39999389648438,14337300
2020-08-20,154.8000030517578,156.49000549316406,154.5399932861328,155.75999450683594,15413000
2020-08-21,155.14999389648438,155.72000122070312,153.60000610351562,154.61000061035156,20685100
2020-08-24,155.86000061035156,156.27000427246094,154.3300018310547,156.22999572753906,13707100
2020-08-25,156.80999755859375,156.82000732421875,154.7899932861328,156.39999389648438,16269700
2020-08-26,156.5,156.77000427246094,155.17999267578125,155.4199981689453,13772700
2020-08-27,156.1199951171875,157.0,154.6300048828125,155.8000030517578,17508400
2020-08-28,156.60000610351562,157.1999969482422,155.72999572753906,157.1199951171875,12371400
2020-08-31,157.19000244140625,157.3699951171875,155.3000030517578,155.42999267578125,17051500
2020-09-01,155.22000122070312,157.30999755859375,154.4499969482422,157.2100067138672,15638800
2020-09-02,157.9600067138672,158.97999572753906,156.17999267578125,158.4600067138672,16763400
2020-09-03,158.1199951171875,158.2899932861328,152.9600067138672,153.77999877929688,32117600
2020-09-04,155.7100067138672,155.88999938964844,149.2899932861328,152.8000030517578,30618800
2020-09-08,151.17999267578125,152.47999572753906,149.0,149.86000061035156,26447800
2020-09-09,151.42999267578125,152.77999877929688,150.57000732421875,152.1300048828125,20160800
2020-09-10,152.8300018310547,153.8800048828125,150.05999755859375,150.14999389648438,23005500
2020-09-11,150.9199981689453,151.0500030517578,147.67999267578125,149.14999389648438,20851000
2020-09-14,150.58999633789062,153.42999267578125,150.3699951171875,153.0800018310547,21991300
2020-09-15,154.3800048828125,154.6999969482422,152.86000061035156,153.3699951171875,16175500
2020-09-16,154.11000061035156,156.85000610351562,153.83999633789062,154.82000732421875,22178400
2020-09-17,152.6199951171875,154.39999389648438,151.75,153.69000244140625,20002900
2020-09-18,153.97999572753906,155.2899932861328,151.13999938964844,153.2899932861328,38352800
2020-09-21,149.82000732421875,150.25999450683594,146.3300018310547,147.9199981689453,40652500
2020-09-22,148.64999389648438,149.3000030517578,146.55999755859375,149.05999755859375,19385800
2020-09-23,148.41000366210938,149.42999267578125,143.97999572753906,144.07000732421875,33403400
2020-09-24,144.0399932861328,146.52999877929688,142.08999633789062,144.07000732421875,31723700
2020-09-25,143.44000244140625,146.85000610351562,143.35000610351562,146.41000366210938,20689300
2020-09-28,148.3699951171875,150.44000244140625,146.39999389648438,150.02000427246094,17600900
2020-09-29,149.85000610351562,150.27999877929688,148.0,149.33999633789062,18683800
2020-09-30,149.89999389648438,151.97000122070312,148.49000549316406,149.7899932861328,29073700
2020-10-01,150.80999755859375,152.1999969482422,149.49000549316406,152.17999267578125,25872000
2020-10-02,149.41000366210938,153.5800018310547,148.99000549316406,152.85000610351562,29452000
2020-10-05,154.49000549316406,157.30999755859375,154.47999572753906,157.07000732421875,18553600
2020-10-06,158.5,161.00999450683594,156.33999633789062,156.6199951171875,36348000
2020-10-07,158.58999633789062,160.55999755859375,158.4600067138672,160.0399932861328,27049700
2020-10-08,161.72000122070312,162.27999877929688,160.5800018310547,161.86000061035156,37278600
2020-10-09,163.35000610351562,163.7100067138672,161.80999755859375,162.6999969482422,25038100
2020-10-12,163.39999389648438,164.24000549316406,162.60000610351562,163.7899932861328,20336200
2020-10-13,162.52000427246094,163.22000122070312,161.47999572753906,162.6999969482422,20106500
2020-10-14,163.00999450683594,163.91000366210938,160.94000244140625,161.08999633789062,19024900
2020-10-15,159.2899932861328,163.17999267578125,158.80999755859375,162.75,22865100
2020-10-16,163.2100067138672,163.6999969482422,162.30999755859375,162.35000610351562,17637900
2020-10-19,162.8800048828125,164.02999877929688,160.02999877929688,160.41000366210938,18360600
2020-10-20,161.55999755859375,162.4499969482422,160.33999633789062,160.75999450683594,18927700
2020-10-21,160.8699951171875,161.3699951171875,159.2899932861328,159.3800048828125,17504100
2020-10-22,160.13999938964844,162.19000244140625,159.17999267578125,162.1300048828125,20673900
2020-10-23,163.07000732421875,163.3300018310547,161.25,163.07000732421875,20889800
2020-10-26,160.9199981689453,161.3699951171875,157.3800048828125,159.5500030517578,26509900
2020-10-27,159.4499969482422,160.05999755859375,157.94000244140625,158.17999267578125,20523000
2020-10-28,154.66000366210938,155.44000244140625,153.0399932861328,153.30999755859375,32338700
2020-10-29,152.77000427246094,155.7899932861328,151.6699981689453,155.13999938964844,27203200
2020-10-30,154.32000732421875,155.27999877929688,151.38999938964844,153.08999633789062,31764500
2020-11-02,154.77000427246094,155.88999938964844,153.6699981689453,155.82000732421875,25252100
2020-11-03,158.42999267578125,161.22999572753906,158.05999755859375,160.24000549316406,30257400
2020-11-04,157.75,162.35000610351562,157.7100067138672,160.4199981689453,45226300
2020-11-05,162.00999450683594,165.5800018310547,161.91000366210938,164.91000366210938,31911000
2020-11-06,165.6199951171875,165.7100067138672,163.3000030517578,163.6199951171875,24930400
2020-11-09,176.9499969482422,178.10000610351562,169.3300018310547,169.5500030517578,55052700
2020-11-10,171.1999969482422,173.3300018310547,169.75,172.6999969482422,35492200
2020-11-11,173.33999633789062,173.47999572753906,170.86000061035156,172.6300048828125,23972600
2020-11-12,171.39999389648438,172.63999938964844,168.33999633789062,169.97999572753906,33986800
2020-11-13,171.35000610351562,174.1300048828125,171.30999755859375,173.5,25440400
2020-11-16,176.49000549316406,177.77999877929688,175.39999389648438,177.6300048828125,31812300
2020-11-17,176.0399932861328,178.8000030517578,174.27999877929688,178.4600067138672,26154500
2020-11-18,178.94000244140625,179.72000122070312,175.86000061035156,175.9600067138672,24377800
2020-11-19,175.64999389648438,177.58999633789062,175.07000732421875,177.30999755859375,20187600
2020-11-20,176.6699981689453,177.94000244140625,175.8300018310547,177.5,24898800
2020-11-23,179.25,181.99000549316406,178.72999572753906,180.82000732421875,24816000
2020-11-24,183.38999938964844,185.44000244140625,182.36000061035156,184.22000122070312,34945400
2020-11-25,183.5,184.30999755859375,181.88999938964844,183.58999633789062,21082700
2020-11-27,183.72000122070312,184.49000549316406,183.22000122070312,184.3699951171875,10384400
2020-11-30,183.82000732421875,184.32000732421875,180.32000732421875,181.02000427246094,25481600
2020-12-01,183.60000610351562,184.22000122070312,181.02000427246094,182.6999969482422,30265000
2020-12-02,181.9499969482422,183.47999572753906,180.75999450683594,182.88999938964844,20142800
2020-12-03,183.33999633789062,185.17999267578125,182.94000244140625,183.9199981689453,19603600
2020-12-04,185.02000427246094,188.4499969482422,183.9199981689453,188.1999969482422,24415700
2020-12-07,188.22999572753906,188.9499969482422,187.44000244140625,188.3800048828125,14671500
2020-12-08,187.1199951171875,190.97999572753906,187.0800018310547,190.8000030517578,20165600
2020-12-09,192.02000427246094,192.80999755859375,187.89999389648438,189.41000366210938,29507600
2020-12-10,187.75999450683594,191.64999389648438,187.30999755859375,191.24000549316406,21245300
2020-12-11,189.99000549316406,191.72000122070312,188.3000030517578,190.3000030517578,30865000
2020-12-14,191.9600067138672,193.1199951171875,189.8800048828125,189.92999267578125,32237700
2020-12-15,191.75999450683594,194.89999389648438,190.72999572753906,194.67999267578125,26807000
2020-12-16,195.1300048828125,195.2100067138672,192.9600067138672,193.97999572753906,25494600
2020-12-17,194.72999572753906,196.3800048828125,194.05999755859375,196.2899932861328,23834200
2020-12-18,196.61000061035156,197.8300018310547,194.8000030517578,195.33999633789062,37033400
2020-12-21,191.89999389648438,195.77999877929688,191.47999572753906,195.24000549316406,30873000
2020-12-22,195.99000549316406,197.72000122070312,195.38999938964844,197.4600067138672,21919700
2020-12-23,198.57000732421875,199.64999389648438,197.89999389648438,199.13999938964844,18392000
2020-12-24,199.92999267578125,199.94000244140625,198.05999755859375,199.00999450683594,8904900
2020-12-28,201.16000366210938,201.17999267578125,198.1300048828125,198.27000427246094,27168400
2020-12-29,198.63999938964844,199.0,193.44000244140625,194.42999267578125,33901300
2020-12-30,195.0500030517578,197.47999572753906,195.02999877929688,196.41000366210938,20595700
2020-12-31,196.6199951171875,196.83999633789062,194.6199951171875,196.05999755859375,24747700
2021-01-04,197.5399932861328,197.88999938964844,190.94000244140625,193.5,33664200
2021-01-05,193.08999633789062,197.6199951171875,193.07000732421875,196.49000549316406,27442900
2021-01-06,199.47999572753906,206.77999877929688,199.16000366210938,204.52999877929688,52952200
2021-01-07,205.7100067138672,208.52000427246094,205.6999969482422,208.1699981689453,24031400
2021-01-08,209.32000732421875,209.77000427246094,204.66000366210938,207.72000122070312,29017000
2021-01-11,205.08999633789062,208.1199951171875,204.8300018310547,207.5399932861328,20945100
2021-01-12,208.52000427246094,211.38999938964844,208.49000549316406,211.25999450683594,24892200
2021-01-13,211.42999267578125,211.72999572753906,209.19000244140625,209.75,22782200
2021-01-14,211.24000549316406,215.0,211.1300048828125,213.94000244140625,33913700
2021-01-15,210.80999755859375,213.9600067138672,208.25999450683594,210.75,41043500
2021-01-19,213.33999633789062,213.61000061035156,211.72000122070312,213.4499969482422,19744300
2021-01-20,214.36000061035156,215.97999572753906,213.07000732421875,214.38999938964844,25474200
2021-01-21,214.97000122070312,215.16000366210938,211.9499969482422,212.52999877929688,21180500
2021-01-22,210.49000549316406,215.3300018310547,209.5500030517578,215.0,24800200
2021-01-25,214.92999267578125,217.91000366210938,211.60000610351562,214.7899932861328,33985000
2021-01-26,216.3000030517578,216.69000244140625,212.77000427246094,213.3000030517578,23969800
2021-01-27,209.5,212.99000549316406,207.2899932861328,209.38999938964844,45830300
2021-01-28,210.83999633789062,212.3699951171875,207.6300048828125,208.72000122070312,32202500
2021-01-29,209.72999572753906,210.99000549316406,204.83999633789062,205.55999755859375,40591900
2021-02-01,208.1699981689453,211.57000732421875,205.75999450683594,210.61000061035156,26375100
2021-02-02,213.14999389648438,214.0500030517578,210.88999938964844,213.61000061035156,22773100
2021-02-03,213.6999969482422,214.74000549316406,211.58999633789062,214.25,23923200
2021-02-04,215.08999633789062,218.8300018310547,215.0800018310547,218.6199951171875,25400800
2021-02-05,220.94000244140625,221.83999633789062,218.77000427246094,221.64999389648438,23338800
2021-02-08,223.7899932861328,227.3300018310547,223.39999389648438,227.30999755859375,20831500
2021-02-09,227.1300048828125,229.6199951171875,226.30999755859375,228.3800048828125,19510900
2021-02-10,229.9199981689453,230.32000732421875,224.9499969482422,226.8800048828125,27955400
2021-02-11,228.13999938964844,229.0,223.4199981689453,226.6199951171875,25847600
2021-02-12,225.92999267578125,227.74000549316406,224.63999938964844,227.25999450683594,17440200
2021-02-16,229.47000122070312,229.6300048828125,224.7899932861328,225.8300018310547,22999500
2021-02-17,223.61000061035156,224.74000549316406,220.9600067138672,224.05999755859375,25042300
2021-02-18,222.33999633789062,222.89999389648438,219.38999938964844,220.58999633789062,24501500
2021-02-19,222.4600067138672,226.3000030517578,222.1699981689453,225.19000244140625,31238200
2021-02-22,223.50999450683594,226.38999938964844,222.97999572753906,223.72999572753906,23272100
2021-02-23,220.9600067138672,222.97999572753906,215.55999755859375,221.75999450683594,38646800
2021-02-24,222.6199951171875,227.4499969482422,221.7100067138672,227.0,27584900
2021-02-25,226.7899932861328,227.58999633789062,218.00999450683594,218.61000061035156,49961400
2021-02-26,219.52000427246094,222.22999572753906,214.80999755859375,218.30999755859375,47734200
2021-03-01,223.47999572753906,226.7100067138672,222.94000244140625,226.07000732421875,26161000
2021-03-02,225.7899932861328,225.9600067138672,221.5500030517578,221.72000122070312,26895400
2021-03-03,222.4199981689453,224.25999450683594,219.2100067138672,219.32000732421875,33407600
2021-03-04,218.50999450683594,220.69000244140625,209.42999267578125,213.19000244140625,59126500
2021-03-05,216.88999938964844,218.14999389648438,207.2100067138672,217.7100067138672,53204300
2021-03-08,219.36000061035156,222.27000427246094,217.6699981689453,218.74000549316406,40619700
2021-03-09,222.41000366210938,224.99000549316406,220.9199981689453,223.33999633789062,32247300
2021-03-10,225.60000610351562,228.97000122070312,225.1999969482422,227.22000122070312,36812000
2021-03-11,229.5500030517578,232.27999877929688,228.7899932861328,232.22000122070312,25256700
2021-03-12,231.99000549316406,234.14999389648438,231.3699951171875,233.58999633789062,23732200
2021-03-15,233.33999633789062,234.52999877929688,231.91000366210938,234.4199981689453,21497400
2021-03-16,234.02000427246094,234.08999633789062,229.1199951171875,230.5,24675000
2021-03-17,228.97000122070312,232.82000732421875,227.36000061035156,232.30999755859375,29422600
2021-03-18,230.8000030517578,232.92999267578125,224.61000061035156,225.24000549316406,35637200
2021-03-19,224.57000732421875,228.60000610351562,222.9499969482422,226.94000244140625,40855600
2021-03-22,227.67999267578125,228.10000610351562,224.10000610351562,225.22999572753906,26128400
2021-03-23,223.16000366210938,223.86000061035156,216.02999877929688,217.05999755859375,43660700
2021-03-24,219.86000061035156,221.3300018310547,212.0399932861328,212.0399932861328,47270200
2021-03-25,209.33999633789062,217.52000427246094,208.02999877929688,216.66000366210938,59244600
2021-03-26,218.9600067138672,220.67999267578125,215.9600067138672,220.61000061035156,34452600
2021-03-29,219.00999450683594,220.92999267578125,214.0800018310547,214.39999389648438,38078800
2021-03-30,214.38999938964844,218.67999267578125,213.13999938964844,218.00999450683594,36205400
2021-03-31,219.1699981689453,222.39999389648438,219.1199951171875,220.94000244140625,34800100
2021-04-01,222.39999389648438,223.89999389648438,222.02000427246094,223.74000549316406,29799200
2021-04-05,226.39999389648438,226.5399932861328,223.57000732421875,224.97000122070312,27826600
2021-04-06,225.0,226.69000244140625,223.83999633789062,224.30999755859375,24907800
2021-04-07,224.22999572753906,224.3699951171875,219.94000244140625,220.69000244140625,26233700
2021-04-08,221.83999633789062,222.82000732421875,219.38999938964844,222.55999755859375,23989400
2021-04-09,222.49000549316406,223.08999633789062,221.24000549316406,222.58999633789062,23267400
2021-04-12,222.72000122070312,222.92999267578125,220.39999389648438,221.72000122070312,20533900
2021-04-13,221.47999572753906,222.57000732421875,218.8300018310547,221.13999938964844,24608400
2021-04-14,221.8699951171875,226.0,221.8000030517578,223.32000732421875,27362000
2021-04-15,225.08999633789062,225.1199951171875,222.25999450683594,224.2899932861328,20587300
2021-04-16,225.39999389648438,225.67999267578125,223.00999450683594,224.64999389648438,23943000
2021-04-19,223.7100067138672,224.66000366210938,219.94000244140625,221.72999572753906,25285900
2021-04-20,220.77000427246094,221.6199951171875,215.24000549316406,217.19000244140625,35570800
2021-04-21,217.02000427246094,222.6199951171875,215.5,222.5,31147800
2021-04-22,223.25999450683594,225.3300018310547,220.77999877929688,221.5800018310547,31943700
2021-04-23,222.82000732421875,226.64999389648438,222.02000427246094,225.75999450683594,27999500
2021-04-26,227.0,228.69000244140625,226.75,228.11000061035156,19069200
2021-04-27,228.7100067138672,229.38999938964844,227.50999450683594,228.4499969482422,19648100
2021-04-28,228.0800018310547,229.49000549316406,227.10000610351562,228.83999633789062,16222700
2021-04-29,230.85000610351562,230.9499969482422,225.7899932861328,227.99000549316406,25500300
2021-04-30,225.72000122070312,227.8000030517578,224.13999938964844,224.88999938964844,27006000
2021-05-03,227.2100067138672,227.41000366210938,224.9199981689453,225.99000549316406,18693400
2021-05-04,224.60000610351562,226.13999938964844,220.9600067138672,223.2899932861328,26892700
2021-05-05,224.27999877929688,224.5399932861328,221.36000061035156,222.39999389648438,25139500
2021-05-06,222.64999389648438,222.80999755859375,218.63999938964844,222.58999633789062,27647300
2021-05-07,222.66000366210938,225.92999267578125,222.16000366210938,225.38999938964844,26172700
2021-05-10,225.22999572753906,225.6699981689453,219.58999633789062,219.66000366210938,28109100
2021-05-11,214.9199981689453,220.38999938964844,214.4199981689453,218.9600067138672,39519500
2021-05-12,217.10000610351562,218.77000427246094,211.5399932861328,211.85000610351562,42113400
2021-05-13,213.30999755859375,217.44000244140625,211.8000030517578,215.75,37739900
2021-05-14,217.94000244140625,221.41000366210938,215.67999267578125,221.02000427246094,25070400
2021-05-17,219.77999877929688,221.38999938964844,217.89999389648438,221.32000732421875,20048500
2021-05-18,221.38999938964844,223.24000549316406,219.47000122070312,219.63999938964844,24564500
2021-05-19,216.02999877929688,218.16000366210938,214.0500030517578,217.9499969482422,31202800
2021-05-20,218.27000427246094,219.8699951171875,216.3300018310547,219.39999389648438,24932800
2021-05-21,221.3300018310547,222.3699951171875,219.35000610351562,219.97000122070312,24213700
2021-05-24,221.17999267578125,222.4499969482422,220.0,221.39999389648438,18324200
2021-05-25,222.22999572753906,223.7100067138672,219.19000244140625,219.25999450683594,20514900
2021-05-26,220.1300048828125,223.69000244140625,220.1199951171875,223.35000610351562,20388200
2021-05-27,225.0399932861328,226.36000061035156,224.17999267578125,225.64999389648438,21225700
2021-05-28,227.0800018310547,227.17999267578125,225.0500030517578,225.5,20668400
2021-06-01,227.4600067138672,228.55999755859375,225.9600067138672,228.05999755859375,23081500
2021-06-02,228.91000366210938,228.9199981689453,226.8300018310547,228.3300018310547,18927500
2021-06-03,226.82000732421875,227.6199951171875,224.0399932861328,226.4199981689453,24811500
2021-06-04,227.55999755859375,228.05999755859375,226.2100067138672,227.39999389648438,19395800
2021-06-07,227.88999938964844,230.77999877929688,227.25,230.4499969482422,24049900
2021-06-08,231.2100067138672,233.47999572753906,229.97999572753906,232.88999938964844,27770300
2021-06-09,233.5399932861328,233.63999938964844,230.97999572753906,231.33999633789062,18700600
2021-06-10,231.67999267578125,232.17999267578125,228.7100067138672,229.27999877929688,29069000
2021-06-11,230.3000030517578,231.8000030517578,230.07000732421875,231.6999969482422,16707200
2021-06-14,232.30999755859375,233.35000610351562,230.13999938964844,231.02000427246094,19182800
2021-06-15,231.1199951171875,231.47000122070312,228.47999572753906,230.36000061035156,17039900
2021-06-16,229.6999969482422,230.67999267578125,227.63999938964844,229.8699951171875,24527000
2021-06-17,229.24000549316406,230.1999969482422,224.52000427246094,227.2899932861328,48292500
2021-06-18,223.6999969482422,225.74000549316406,221.1300048828125,222.1300048828125,54023700
2021-06-21,224.0500030517578,227.5,223.27999877929688,226.8800048828125,26736400
2021-06-22,226.27000427246094,228.41000366210938,224.72000122070312,227.91000366210938,21188500
2021-06-23,227.99000549316406,229.9600067138672,227.99000549316406,228.66000366210938,22387500
2021-06-24,230.1199951171875,231.91000366210938,228.72000122070312,231.88999938964844,21732500
2021-06-25,232.2899932861328,233.41000366210938,231.75,232.27999877929688,27619000
2021-06-28,232.24000549316406,232.58999633789062,228.77000427246094,230.44000244140625,25006000
2021-06-29,231.22999572753906,231.72999572753906,228.77000427246094,229.33999633789062,18844300
2021-06-30,228.64999389648438,230.32000732421875,227.75999450683594,229.3699951171875,26039000
2021-07-01,230.80999755859375,231.85000610351562,229.7100067138672,231.38999938964844,18089100
2021-07-02,232.0,232.0800018310547,228.55999755859375,229.19000244140625,21029700
2021-07-06,229.36000061035156,229.4600067138672,223.8699951171875,225.86000061035156,27771300
2021-07-07,225.5399932861328,226.6699981689453,221.8000030517578,223.75999450683594,28521500
2021-07-08,219.30999755859375,224.0800018310547,217.85000610351562,221.6999969482422,42297900
2021-07-09,224.16000366210938,226.4499969482422,223.33999633789062,226.3800048828125,23976400
2021-07-12,225.55999755859375,226.88999938964844,224.5500030517578,226.57000732421875,16831000
2021-07-13,225.22999572753906,225.74000549316406,222.22000122070312,222.3000030517578,25357500
2021-07-14,223.7100067138672,224.36000061035156,218.5500030517578,218.8699951171875,30594100
2021-07-15,217.8300018310547,219.05999755859375,214.94000244140625,217.6300048828125,45477000
2021-07-16,219.8300018310547,219.8800048828125,214.47000122070312,214.9499969482422,36620200
2021-07-19,210.6300048828125,214.4499969482422,209.0500030517578,211.72999572753906,58571000
2021-07-20,212.1999969482422,219.27000427246094,211.25999450683594,218.3000030517578,40794600
2021-07-21,219.4499969482422,222.22000122070312,219.36000061035156,222.05999755859375,28278700
2021-07-22,221.47000122070312,221.92999267578125,217.5800018310547,218.52999877929688,32879000
2021-07-23,219.8699951171875,219.9499969482422,216.91000366210938,219.5500030517578,23660300
2021-07-26,220.38999938964844,222.0500030517578,219.14999389648438,220.19000244140625,22194200
2021-07-27,219.00999450683594,219.0800018310547,215.3800048828125,217.6199951171875,35063600
2021-07-28,219.0,222.58999633789062,217.39999389648438,220.82000732421875,33043700
2021-07-29,222.7899932861328,224.44000244140625,222.13999938964844,222.52000427246094,22634800
2021-07-30,221.64999389648438,224.0500030517578,220.27999877929688,221.0500030517578,28473000
2021-08-02,222.47000122070312,224.5500030517578,219.63999938964844,219.9499969482422,24192600
2021-08-03,220.6199951171875,221.1199951171875,217.10000610351562,220.86000061035156,27798600
2021-08-04,219.10000610351562,221.1999969482422,217.88999938964844,218.11000061035156,25588500
2021-08-05,219.08999633789062,222.44000244140625,218.67999267578125,222.02999877929688,23915200
2021-08-06,223.75,225.2100067138672,222.13999938964844,223.38999938964844,24429200
2021-08-09,222.9199981689453,223.19000244140625,221.2100067138672,222.16000366210938,17225600
2021-08-10,222.63999938964844,223.22000122070312,221.19000244140625,222.60000610351562,22681600
2021-08-11,223.02000427246094,223.72999572753906,220.47000122070312,223.69000244140625,25691300
2021-08-12,223.75999450683594,223.83999633789062,221.7100067138672,223.16000366210938,23269500
2021-08-13,222.97999572753906,223.3000030517578,220.6999969482422,221.1300048828125,20813700
2021-08-16,219.77000427246094,220.25999450683594,217.64999389648438,219.07000732421875,24074400
2021-08-17,216.66000366210938,217.44000244140625,213.75,216.39999389648438,35161500
2021-08-18,216.10000610351562,218.0399932861328,214.3699951171875,214.50999450683594,29102300
2021-08-19,212.42999267578125,214.07000732421875,210.67999267578125,211.94000244140625,38119900
2021-08-20,212.10000610351562,216.02000427246094,211.4199981689453,215.52000427246094,31759500
2021-08-23,217.47999572753906,219.94000244140625,217.44000244140625,219.6199951171875,25778800
2021-08-24,220.32000732421875,221.9199981689453,219.69000244140625,221.77999877929688,18677900
2021-08-25,221.77000427246094,223.97000122070312,220.85000610351562,222.55999755859375,21548000
2021-08-26,222.13999938964844,223.16000366210938,219.74000549316406,220.1999969482422,22380300
2021-08-27,220.64999389648438,227.02999877929688,220.57000732421875,226.41000366210938,33998500
2021-08-30,227.25,227.35000610351562,224.97999572753906,225.47999572753906,20733300
2021-08-31,225.24000549316406,226.61000061035156,224.3300018310547,225.9199981689453,20839800
2021-09-01,226.8300018310547,228.24000549316406,224.8699951171875,227.44000244140625,20451500
2021-09-02,228.3300018310547,229.83999633789062,227.60000610351562,229.02000427246094,22810100
2021-09-03,228.25,228.97000122070312,227.19000244140625,227.9600067138672,18213100
2021-09-07,227.72000122070312,229.0,226.25,226.38999938964844,19153400
2021-09-08,225.61000061035156,225.97000122070312,222.6300048828125,223.9199981689453,25241500
2021-09-09,223.5399932861328,226.2899932861328,222.9600067138672,223.80999755859375,27180500
2021-09-10,225.16000366210938,225.2899932861328,221.52000427246094,221.6199951171875,24366100
2021-09-13,223.2100067138672,223.3800048828125,220.25,222.8800048828125,34693100
2021-09-14,223.75,223.77000427246094,219.07000732421875,220.0399932861328,30312600
2021-09-15,220.02000427246094,222.74000549316406,219.4600067138672,222.02999877929688,27572000
2021-09-16,222.25999450683594,223.33999633789062,220.25999450683594,222.19000244140625,22369000
2021-09-17,221.6199951171875,223.02999877929688,220.63999938964844,222.47999572753906,39957600
2021-09-20,217.4499969482422,218.99000549316406,214.22000122070312,217.19000244140625,44958500
2021-09-21,218.77000427246094,219.2899932861328,215.82000732421875,217.52000427246094,26711200
2021-09-22,218.8800048828125,222.5500030517578,218.8699951171875,220.89999389648438,32100300
2021-09-23,222.17999267578125,225.64999389648438,221.55999755859375,224.80999755859375,31057800
2021-09-24,223.02000427246094,224.36000061035156,221.83999633789062,223.0500030517578,28866000
2021-09-27,223.6199951171875,227.67999267578125,223.52999877929688,226.44000244140625,29743200
2021-09-28,225.41000366210938,225.60000610351562,220.85000610351562,221.2899932861328,39938200
2021-09-29,222.27000427246094,222.66000366210938,220.1699981689453,220.82000732421875,23628900
2021-09-30,222.1199951171875,222.61000061035156,218.60000610351562,218.75,33153600
2021-10-01,219.9499969482422,223.5,217.74000549316406,222.27999877929688,32647000
2021-10-04,222.13999938964844,222.32000732421875,218.92999267578125,220.25999450683594,32580200
2021-10-05,220.9600067138672,223.05999755859375,219.8800048828125,221.02000427246094,20407600
2021-10-06,218.75999450683594,220.1999969482422,216.75999450683594,219.8699951171875,32893300
2021-10-07,221.52999877929688,224.9499969482422,221.3699951171875,223.25999450683594,24289300
2021-10-08,223.38999938964844,224.11000061035156,221.5,221.5800018310547,17989600
2021-10-11,221.8300018310547,223.5500030517578,220.25,220.30999755859375,15929800
2021-10-12,220.85000610351562,222.47000122070312,220.36000061035156,221.52000427246094,18800600
2021-10-13,221.88999938964844,222.6999969482422,219.8300018310547,222.57000732421875,19676200
2021-10-14,224.75,226.0,224.32000732421875,225.8699951171875,18160000
2021-10-15,227.97999572753906,228.41000366210938,225.05999755859375,225.16000366210938,27555300
2021-10-18,223.8800048828125,225.67999267578125,223.72999572753906,225.02999877929688,19082600
2021-10-19,225.97999572753906,226.8800048828125,224.61000061035156,225.8699951171875,15498400
2021-10-20,225.97000122070312,227.97999572753906,225.1199951171875,227.3699951171875,18130500
2021-10-21,227.19000244140625,229.00999450683594,226.6199951171875,227.9499969482422,17851600
2021-10-22,227.8000030517578,228.38999938964844,225.69000244140625,227.41000366210938,16887000
2021-10-25,227.7899932861328,229.97999572753906,227.27999877929688,229.57000732421875,16387100
2021-10-26,230.02999877929688,230.72000122070312,227.8000030517578,227.83999633789062,25290200
2021-10-27,227.17999267578125,227.4600067138672,223.5,223.64999389648438,27088500
2021-10-28,224.8000030517578,228.25999450683594,224.77000427246094,228.11000061035156,22890600
2021-10-29,227.8000030517578,228.8300018310547,226.9600067138672,228.0500030517578,20777700
2021-11-01,229.25,234.17999267578125,228.88999938964844,233.9600067138672,35500800
2021-11-02,234.3800048828125,234.85000610351562,232.64999389648438,234.4499969482422,24949700
2021-11-03,234.14999389648438,239.80999755859375,233.9199981689453,238.63999938964844,47648500
2021-11-04,239.47999572753906,240.94000244140625,237.55999755859375,238.5500030517578,26514000
2021-11-05,241.1699981689453,243.39999389648438,240.1999969482422,241.80999755859375,42041700
2021-11-08,243.74000549316406,244.4600067138672,241.92999267578125,242.55999755859375,31324500
2021-11-09,242.0,242.52999877929688,239.5399932861328,241.14999389648438,29895900
2021-11-10,240.0800018310547,241.55999755859375,236.30999755859375,237.35000610351562,32471600
2021-11-11,238.30999755859375,240.3800048828125,237.66000366210938,239.25999450683594,17987500
2021-11-12,239.9199981689453,240.2100067138672,238.74000549316406,239.5,20526700
2021-11-15,240.57000732421875,240.75999450683594,237.5500030517578,238.5500030517578,27390000
2021-11-16,237.75999450683594,239.3699951171875,236.9499969482422,238.99000549316406,21925200
2021-11-17,238.05999755859375,238.1300048828125,235.1300048828125,235.86000061035156,26527800
2021-11-18,236.9199981689453,237.07000732421875,233.0500030517578,234.86000061035156,30637300
2021-11-19,233.27000427246094,234.4199981689453,232.38999938964844,232.72000122070312,33994000
2021-11-22,234.22000122070312,235.74000549316406,231.6199951171875,231.72999572753906,31042100
2021-11-23,231.38999938964844,233.0,228.6199951171875,231.3300018310547,33843800
2021-11-24,229.38999938964844,231.99000549316406,228.5399932861328,231.5800018310547,24099300
2021-11-26,224.9600067138672,226.1699981689453,219.63999938964844,222.85000610351562,62595400
2021-11-29,226.22000122070312,226.75,221.24000549316406,222.7100067138672,45982400
2021-11-30,220.66000366210938,221.86000061035156,215.8800048828125,218.1699981689453,64908400
2021-12-01,223.1699981689453,224.2100067138672,213.14999389648438,213.25999450683594,69120100
2021-12-02,214.3699951171875,219.94000244140625,213.82000732421875,219.2100067138672,64315700
2021-12-03,220.2899932861328,220.3800048828125,212.7100067138672,214.7100067138672,64425200
2021-12-06,216.5399932861328,220.69000244140625,213.7100067138672,219.02000427246094,43878300
2021-12-07,222.13999938964844,226.0399932861328,221.97999572753906,224.10000610351562,44679200
2021-12-08,224.60000610351562,226.5399932861328,223.05999755859375,225.6300048828125,36546400
2021-12-09,223.9499969482422,225.80999755859375,220.47999572753906,220.52000427246094,34830300
2021-12-10,222.1999969482422,222.85000610351562,218.32000732421875,219.91000366210938,32924600
2021-12-13,218.38999938964844,219.0500030517578,214.75,216.0399932861328,33478400
2021-12-14,214.5800018310547,217.52000427246094,213.30999755859375,214.17999267578125,36543500
2021-12-15,214.2100067138672,218.16000366210938,211.0800018310547,217.5800018310547,51261000
2021-12-16,219.4499969482422,219.89999389648438,212.25,213.17999267578125,52743800
2021-12-17,212.1999969482422,217.35000610351562,210.3000030517578,215.13999938964844,62620900
2021-12-20,212.08999633789062,212.94000244140625,208.75999450683594,212.1199951171875,49993000
2021-12-21,214.1999969482422,218.38999938964844,212.05999755859375,218.17999267578125,38545300
2021-12-22,217.8699951171875,220.35000610351562,217.1300048828125,220.27999877929688,32442000
2021-12-23,221.0500030517578,222.8000030517578,220.33999633789062,222.0399932861328,22125400
2021-12-27,222.33999633789062,224.24000549316406,220.60000610351562,224.1199951171875,24196700
2021-12-28,223.7899932861328,225.72999572753906,222.35000610351562,222.75,23120300
2021-12-29,222.72000122070312,223.49000549316406,221.25999450683594,222.99000549316406,19444400
2021-12-30,222.94000244140625,225.42999267578125,222.6999969482422,222.92999267578125,23607700
2021-12-31,222.49000549316406,224.1199951171875,222.38999938964844,222.4499969482422,23997400
2022-01-03,223.7100067138672,226.69000244140625,222.72999572753906,225.32000732421875,30618800
2022-01-04,226.0,227.1300048828125,223.3800048828125,224.97999572753906,22013100
2022-01-05,224.8699951171875,225.91000366210938,217.32000732421875,217.36000061035156,40582100
2022-01-06,217.82000732421875,220.4199981689453,215.82000732421875,218.60000610351562,39105900
2022-01-07,218.60000610351562,220.3800048828125,215.92999267578125,216.07000732421875,31583900
2022-01-10,214.77000427246094,215.38999938964844,211.11000061035156,215.32000732421875,45778100
2022-01-11,215.47999572753906,217.8300018310547,212.9600067138672,217.61000061035156,35209900
2022-01-12,218.52000427246094,219.3800048828125,214.63999938964844,215.99000549316406,35284500
2022-01-13,216.80999755859375,218.19000244140625,213.3800048828125,214.00999450683594,34489600
2022-01-14,211.99000549316406,214.39999389648438,210.5800018310547,214.30999755859375,42020900
2022-01-18,212.1999969482422,212.44000244140625,207.52999877929688,207.8300018310547,49434400
2022-01-19,208.80999755859375,209.4600067138672,204.3800048828125,204.4499969482422,46209100
2022-01-20,205.3800048828125,208.99000549316406,200.3300018310547,200.75,50466000
2022-01-21,199.75999450683594,203.02000427246094,196.99000549316406,196.99000549316406,85821000
2022-01-24,194.07000732421875,202.38999938964844,191.22999572753906,201.52999877929688,85782000
2022-01-25,198.47999572753906,201.6999969482422,194.55999755859375,198.83999633789062,61088500
2022-01-26,201.77999877929688,203.5500030517578,193.72000122070312,195.97000122070312,71471700
2022-01-27,197.6300048828125,199.61000061035156,190.60000610351562,191.52000427246094,59829000
2022-01-28,191.6999969482422,195.30999755859375,188.08999633789062,195.25,65870000
2022-01-31,194.38999938964844,201.24000549316406,193.85000610351562,201.24000549316406,53393800
2022-02-01,201.66000366210938,203.57000732421875,197.97000122070312,203.36000061035156,43429400
2022-02-02,203.6199951171875,203.89999389648438,199.2899932861328,201.33999633789062,42777800
2022-02-03,198.83999633789062,201.24000549316406,197.0500030517578,197.52999877929688,39629400
2022-02-04,197.0399932861328,200.10000610351562,194.9199981689453,198.3800048828125,34291100
2022-02-07,198.42999267578125,201.16000366210938,197.99000549316406,199.36000061035156,33242600
2022-02-08,199.47000122070312,203.1199951171875,199.36000061035156,202.75999450683594,28341900
2022-02-09,204.57000732421875,206.64999389648438,204.3000030517578,206.61000061035156,27329300
2022-02-10,202.89999389648438,209.0500030517578,202.1199951171875,203.44000244140625,44788100
2022-02-11,203.64999389648438,206.05999755859375,199.69000244140625,201.3800048828125,41516600
2022-02-14,201.6300048828125,203.52999877929688,199.24000549316406,200.67999267578125,32262700
2022-02-15,202.77999877929688,206.30999755859375,202.6300048828125,206.05999755859375,25847500
2022-02-16,205.3000030517578,207.27000427246094,204.0800018310547,206.49000549316406,30104800
2022-02-17,204.5500030517578,205.02999877929688,200.77999877929688,201.1999969482422,27140200
2022-02-18,201.02999877929688,202.72000122070312,198.75999450683594,199.47000122070312,36255400
2022-02-22,198.47999572753906,200.4499969482422,195.35000610351562,196.66000366210938,31847100
2022-02-23,198.24000549316406,198.89999389648438,192.5500030517578,192.97999572753906,31491500
2022-02-24,188.32000732421875,198.47999572753906,187.9199981689453,198.0399932861328,52221100
2022-02-25,198.69000244140625,202.6199951171875,197.0,202.5,33656200
2022-02-28,200.47000122070312,204.60000610351562,200.4600067138672,203.32000732421875,34975900
2022-03-01,202.66000366210938,203.7899932861328,197.8000030517578,199.49000549316406,40638900
2022-03-02,200.83999633789062,205.3000030517578,200.69000244140625,204.24000549316406,29978600
2022-03-03,205.08999633789062,205.11000061035156,200.2899932861328,201.82000732421875,30142700
2022-03-04,199.6999969482422,200.86000061035156,196.97999572753906,198.66000366210938,31610400
2022-03-07,199.22000122070312,199.58999633789062,193.67999267578125,193.72000122070312,39279800
2022-03-08,194.33999633789062,199.57000732421875,193.4600067138672,194.7899932861328,45715800
2022-03-09,198.22000122070312,201.0,197.6199951171875,200.27999877929688,29048000
2022-03-10,197.41000366210938,200.0399932861328,196.55999755859375,199.9199981689453,25661000
2022-03-11,200.77999877929688,201.75999450683594,196.44000244140625,196.72999572753906,24990000
2022-03-14,197.24000549316406,197.44000244140625,191.8800048828125,192.7100067138672,34969500
2022-03-15,193.4600067138672,195.7899932861328,192.8800048828125,195.77999877929688,25464300
2022-03-16,197.5399932861328,201.94000244140625,196.14999389648438,201.94000244140625,31869700
2022-03-17,200.77000427246094,205.2100067138672,200.3000030517578,205.11000061035156,25783100
2022-03-18,204.2100067138672,207.4499969482422,204.0,207.27000427246094,37092200
2022-03-21,207.1999969482422,208.17999267578125,203.94000244140625,205.44000244140625,26747500
2022-03-22,206.30999755859375,208.7899932861328,205.8000030517578,207.5,24699900
2022-03-23,206.14999389648438,207.1999969482422,203.75,203.89999389648438,19775000
2022-03-24,204.3800048828125,205.89999389648438,202.72999572753906,205.83999633789062,19781200
2022-03-25,206.08999633789062,206.6199951171875,204.44000244140625,206.1199951171875,19430400
2022-03-28,205.60000610351562,206.2100067138672,203.02999877929688,206.19000244140625,18999100
2022-03-29,208.0,212.25,207.8800048828125,211.7100067138672,29550600
2022-03-30,211.3699951171875,211.74000549316406,206.61000061035156,207.4600067138672,26251500
2022-03-31,207.1300048828125,208.91000366210938,205.14999389648438,205.27000427246094,26771600
2022-04-01,206.17999267578125,207.72000122070312,205.00999450683594,207.57000732421875,25948500
2022-04-04,207.8699951171875,208.42999267578125,205.8800048828125,207.91000366210938,20333900
2022-04-05,207.9600067138672,209.44000244140625,202.50999450683594,202.99000549316406,26509800
2022-04-06,201.27000427246094,201.8000030517578,198.67999267578125,200.11000061035156,34903900
2022-04-07,200.11000061035156,201.22999572753906,196.67999267578125,199.4600067138672,29291200
2022-04-08,199.22000122070312,200.30999755859375,197.5,197.8699951171875,25249600
2022-04-11,197.1199951171875,199.25,195.8800048828125,196.5399932861328,33702300
2022-04-12,198.6999969482422,201.67999267578125,196.4199981689453,197.16000366210938,33699800
2022-04-13,197.67999267578125,201.4499969482422,197.61000061035156,200.91000366210938,22303600
2022-04-14,201.11000061035156,202.3699951171875,198.8699951171875,198.9600067138672,27107000
2022-04-18,198.4600067138672,199.17999267578125,196.52999877929688,197.6199951171875,22246400
2022-04-19,197.86000061035156,202.24000549316406,197.69000244140625,201.55999755859375,22786700
2022-04-20,203.0500030517578,203.8699951171875,201.86000061035156,202.3300018310547,20516200
2022-04-21,204.22999572753906,204.8000030517578,197.02000427246094,197.8000030517578,31547700
2022-04-22,196.8699951171875,197.3699951171875,192.2899932861328,192.67999267578125,35686900
2022-04-25,190.99000549316406,194.11000061035156,189.2100067138672,193.85000610351562,35556500
2022-04-26,192.32000732421875,192.7100067138672,187.47999572753906,187.74000549316406,40513600
2022-04-27,187.6699981689453,189.77999877929688,186.25999450683594,186.9600067138672,37808000
2022-04-28,189.1699981689453,191.39999389648438,184.7100067138672,190.4499969482422,37405200
2022-04-29,189.58999633789062,191.72999572753906,184.50999450683594,184.9499969482422,41193400
2022-05-02,184.89999389648438,187.82000732421875,182.3800048828125,186.88999938964844,38002100
2022-05-03,186.9199981689453,189.50999450683594,185.67999267578125,188.49000549316406,30246300
2022-05-04,189.0500030517578,193.92999267578125,185.69000244140625,193.52000427246094,38834700
2022-05-05,191.52999877929688,191.55999755859375,183.3800048828125,185.6699981689453,41468700
2022-05-06,184.9600067138672,185.4199981689453,180.5500030517578,182.5800018310547,45457900
2022-05-09,179.86000061035156,182.64999389648438,174.10000610351562,174.89999389648438,53682200
2022-05-10,177.57000732421875,178.91000366210938,171.1999969482422,174.9499969482422,53650800
2022-05-11,175.1300048828125,178.19000244140625,170.3000030517578,170.60000610351562,64377800
2022-05-12,169.8300018310547,174.33999633789062,168.89999389648438,172.60000610351562,52967400
2022-05-13,175.0399932861328,179.41000366210938,175.00999450683594,178.07000732421875,36517000
2022-05-16,177.5,179.44000244140625,176.13999938964844,177.22000122070312,28225500
2022-05-17,180.41000366210938,182.83999633789062,178.99000549316406,182.63999938964844,31833700
2022-05-18,180.47000122070312,181.41000366210938,175.10000610351562,176.24000549316406,36093800
2022-05-19,174.88999938964844,178.80999755859375,174.88999938964844,176.52999877929688,33627700
2022-05-20,178.5,178.97000122070312,171.7899932861328,176.0800018310547,42243700
2022-05-23,177.8800048828125,178.9600067138672,175.5,178.2100067138672,24644100
2022-05-24,176.57000732421875,176.92999267578125,172.3300018310547,175.57000732421875,26861800
2022-05-25,174.8800048828125,179.77999877929688,174.80999755859375,178.72999572753906,27950100
2022-05-26,179.85000610351562,183.8000030517578,179.6999969482422,182.72000122070312,25702700
2022-05-27,183.75999450683594,187.64999389648438,183.39999389648438,187.63999938964844,24952100
2022-05-31,186.91000366210938,187.67999267578125,184.08999633789062,185.30999755859375,29794500
2022-06-01,186.27000427246094,186.94000244140625,181.77000427246094,184.25999450683594,28352100
2022-06-02,184.58999633789062,188.75999450683594,184.1699981689453,188.75999450683594,24876000
2022-06-03,187.2899932861328,187.9600067138672,185.7899932861328,187.05999755859375,18972100
2022-06-06,189.2899932861328,189.30999755859375,186.8300018310547,187.8699951171875,24678700
2022-06-07,186.41000366210938,190.94000244140625,185.89999389648438,190.89999389648438,21661600
2022-06-08,189.9600067138672,190.6999969482422,187.05999755859375,187.9499969482422,21521700
2022-06-09,186.5500030517578,187.07000732421875,183.52999877929688,183.57000732421875,21697200
2022-06-10,180.50999450683594,181.5500030517578,177.64999389648438,178.58999633789062,37153600
2022-06-13,173.6300048828125,174.9600067138672,169.2899932861328,170.1999969482422,39712700
2022-06-14,170.6699981689453,171.24000549316406,167.74000549316406,169.3800048828125,30282400
2022-06-15,171.2100067138672,174.05999755859375,168.66000366210938,171.86000061035156,32150500
2022-06-16,167.83999633789062,168.4199981689453,162.77999877929688,163.89999389648438,43810600
2022-06-17,164.47999572753906,167.52000427246094,163.6999969482422,165.17999267578125,40327300
2022-06-21,167.97999572753906,170.0800018310547,166.80999755859375,168.13999938964844,34665400
2022-06-22,165.9600067138672,169.25999450683594,165.3699951171875,167.82000732421875,29303500
2022-06-23,168.19000244140625,170.22999572753906,166.5500030517578,169.8300018310547,27089800
2022-06-24,171.22000122070312,175.10000610351562,170.89999389648438,175.08999633789062,37138500
2022-06-27,175.6699981689453,176.99000549316406,174.17999267578125,175.74000549316406,24745400
2022-06-28,176.92999267578125,178.14999389648438,172.35000610351562,172.44000244140625,25909200
2022-06-29,172.5500030517578,172.6999969482422,168.97000122070312,170.69000244140625,21292500
2022-06-30,168.1999969482422,171.30999755859375,166.75999450683594,169.36000061035156,31466300
2022-07-01,169.0500030517578,171.83999633789062,167.66000366210938,171.41000366210938,24598600
2022-07-05,168.67999267578125,172.89999389648438,166.72999572753906,172.8300018310547,25151100
2022-07-06,172.4499969482422,173.7100067138672,169.75,171.5500030517578,25697600
2022-07-07,172.86000061035156,175.97999572753906,172.85000610351562,175.61000061035156,24822500
2022-07-08,175.07000732421875,176.99000549316406,173.64999389648438,175.58999633789062,20547000
2022-07-11,174.25999450683594,174.97000122070312,171.60000610351562,172.05999755859375,22031500
2022-07-12,171.5399932861328,173.36000061035156,170.55999755859375,171.47000122070312,23864200
2022-07-13,169.14999389648438,172.27999877929688,168.7899932861328,171.32000732421875,25535600
2022-07-14,168.67999267578125,170.0,167.02000427246094,169.55999755859375,25102200
2022-07-15,171.5399932861328,173.35000610351562,169.30999755859375,173.08999633789062,34935900
2022-07-18,175.1300048828125,176.2899932861328,172.05999755859375,172.60000610351562,23031500
2022-07-19,174.75,178.88999938964844,174.66000366210938,178.69000244140625,24234600
2022-07-20,178.64999389648438,181.80999755859375,178.39999389648438,181.49000549316406,26049300
2022-07-21,180.4499969482422,182.5,178.85000610351562,182.4199981689453,21709900
2022-07-22,182.8800048828125,183.25,178.0500030517578,179.50999450683594,25116100
2022-07-25,180.0500030517578,180.9199981689453,178.42999267578125,180.44000244140625,19267200
2022-07-26,179.77999877929688,180.2100067138672,178.5399932861328,179.3300018310547,19391200
2022-07-27,180.47999572753906,184.25,180.0,183.41000366210938,21670700
2022-07-28,184.32000732421875,186.13999938964844,181.75999450683594,185.92999267578125,22838500
2022-07-29,186.0399932861328,187.72999572753906,185.0399932861328,187.25,21760600
2022-08-01,185.7899932861328,188.32000732421875,184.22000122070312,187.17999267578125,23905600
2022-08-02,186.47000122070312,189.02000427246094,185.47999572753906,187.0,17492600
2022-08-03,188.3000030517578,190.14999389648438,187.63999938964844,189.75,19157700
2022-08-04,189.83999633789062,190.0399932861328,188.44000244140625,189.35000610351562,14838900
2022-08-05,187.47000122070312,191.02000427246094,187.1699981689453,190.8000030517578,18540300
2022-08-08,192.14999389648438,194.6300048828125,191.88999938964844,192.82000732421875,22188700
2022-08-09,192.0399932861328,192.1699981689453,189.16000366210938,190.19000244140625,18247300
2022-08-10,193.6300048828125,195.9499969482422,193.11000061035156,195.6199951171875,20796400
2022-08-11,197.4199981689453,199.52999877929688,196.0399932861328,196.35000610351562,23727600
2022-08-12,197.35000610351562,200.42999267578125,196.5800018310547,200.36000061035156,21726600
2022-08-15,198.8000030517578,201.16000366210938,198.22000122070312,201.07000732421875,17414800
2022-08-16,200.5,201.99000549316406,199.02999877929688,200.99000549316406,18833100
2022-08-17,198.72000122070312,199.3300018310547,196.3800048828125,197.61000061035156,22428000
2022-08-18,197.8800048828125,199.25,196.89999389648438,198.9199981689453,18368100
2022-08-19,196.8300018310547,197.11000061035156,194.07000732421875,194.64999389648438,27416400
2022-08-22,191.99000549316406,192.35000610351562,190.00999450683594,190.63999938964844,22937000
2022-08-23,190.94000244140625,192.92999267578125,190.38999938964844,190.9499969482422,20069800
2022-08-24,190.7899932861328,193.3000030517578,190.16000366210938,192.41000366210938,16038300
2022-08-25,193.3800048828125,195.4499969482422,192.97999572753906,195.39999389648438,14795000
2022-08-26,195.33999633789062,195.44000244140625,188.66000366210938,188.97999572753906,24177200
2022-08-29,186.9499969482422,188.99000549316406,186.52000427246094,187.24000549316406,19753300
2022-08-30,187.82000732421875,188.00999450683594,183.5399932861328,184.6199951171875,22548900
2022-08-31,184.94000244140625,185.74000549316406,183.19000244140625,183.5,22412500
2022-09-01,181.77999877929688,181.88999938964844,178.89999389648438,181.5,30706600
2022-09-02,183.60000610351562,183.9499969482422,179.13999938964844,180.08999633789062,27468200
2022-09-06,180.7100067138672,181.0800018310547,177.5,178.30999755859375,23837100
2022-09-07,177.97000122070312,182.47000122070312,177.92999267578125,182.19000244140625,24781200
2022-09-08,180.69000244140625,183.7899932861328,179.6199951171875,183.7100067138672,25273200
2022-09-09,185.33999633789062,187.6300048828125,185.10000610351562,187.39999389648438,23208800
2022-09-12,188.60000610351562,189.86000061035156,187.97000122070312,189.6699981689453,23134600
2022-09-13,184.86000061035156,185.91000366210938,181.5399932861328,182.25,34144700
2022-09-14,182.57000732421875,183.32000732421875,180.57000732421875,182.9600067138672,25278300
2022-09-15,181.9199981689453,184.69000244140625,180.86000061035156,181.6300048828125,25378700
2022-09-16,179.08999633789062,179.67999267578125,176.91000366210938,178.99000549316406,41155900
2022-09-19,177.00999450683594,180.75,176.9600067138672,180.52000427246094,25412200
2022-09-20,178.77000427246094,178.94000244140625,176.7100067138672,178.05999755859375,22247500
2022-09-21,179.3699951171875,181.10000610351562,175.3300018310547,175.33999633789062,29357100
2022-09-22,175.0,175.5800018310547,170.74000549316406,171.38999938964844,33468600
2022-09-23,169.0,169.19000244140625,165.0,167.30999755859375,40336900
2022-09-26,165.47000122070312,168.97000122070312,163.5800018310547,164.1699981689453,30597800
2022-09-27,166.30999755859375,167.6300048828125,163.27999877929688,164.72999572753906,42406600
2022-09-28,165.75999450683594,170.99000549316406,165.07000732421875,169.94000244140625,35186500
2022-09-29,167.77999877929688,167.92999267578125,163.8000030517578,166.1300048828125,31464000
2022-09-30,165.77999877929688,169.52000427246094,164.8699951171875,164.9199981689453,40643800
2022-10-03,167.33999633789062,170.3000030517578,165.25,169.2899932861328,33611600
2022-10-04,172.61000061035156,176.0800018310547,172.52999877929688,176.0,37537300
2022-10-05,173.41000366210938,175.3300018310547,171.4199981689453,174.6999969482422,25281400
2022-10-06,173.85000610351562,176.1699981689453,172.91000366210938,173.72000122070312,22635900
2022-10-07,171.92999267578125,172.47000122070312,167.9199981689453,168.61000061035156,26536100
2022-10-10,169.2899932861328,169.57000732421875,166.58999633789062,167.6699981689453,23386400
2022-10-11,166.9600067138672,170.11000061035156,164.8000030517578,167.72000122070312,28009100
2022-10-12,167.89999389648438,168.4600067138672,165.47999572753906,167.25999450683594,26796700
2022-10-13,164.0,172.1999969482422,162.5,171.39999389648438,45376500
2022-10-14,172.74000549316406,173.9199981689453,166.7100067138672,166.80999755859375,29608600
2022-10-17,170.22000122070312,172.6199951171875,170.11000061035156,172.1300048828125,28199200
2022-10-18,175.86000061035156,177.2899932861328,172.69000244140625,174.1699981689453,34523100
2022-10-19,172.49000549316406,173.39999389648438,169.3300018310547,171.2100067138672,27146900
2022-10-20,171.4199981689453,173.5500030517578,168.47000122070312,169.02999877929688,26710700
2022-10-21,169.39999389648438,173.1999969482422,168.19000244140625,172.6999969482422,45402700
2022-10-24,173.32000732421875,174.0,171.0500030517578,173.44000244140625,27284500
2022-10-25,173.57000732421875,178.89999389648438,173.55999755859375,178.1699981689453,33105700
2022-10-26,179.14999389648438,182.3699951171875,178.3300018310547,179.0500030517578,37084700
2022-10-27,180.58999633789062,182.0,178.8699951171875,179.08999633789062,28651800
2022-10-28,179.8300018310547,183.41000366210938,178.74000549316406,183.16000366210938,33221600
2022-10-31,182.27000427246094,184.24000549316406,181.5500030517578,183.3300018310547,25699400
2022-11-01,185.24000549316406,185.60000610351562,182.8800048828125,183.5800018310547,27446700
2022-11-02,182.83999633789062,185.0,177.42999267578125,177.49000549316406,38139600
2022-11-03,175.2899932861328,177.94000244140625,174.11000061035156,176.3000030517578,29093200
2022-11-04,178.9199981689453,179.94000244140625,175.47000122070312,178.67999267578125,25842400
2022-11-07,179.74000549316406,180.58999633789062,177.67999267578125,179.49000549316406,20689900
2022-11-08,180.22999572753906,181.9499969482422,177.36000061035156,179.55999755859375,20265200
2022-11-09,178.0,178.6699981689453,174.27999877929688,174.6300048828125,27277000
2022-11-10,181.85000610351562,185.4499969482422,181.14999389648438,185.3800048828125,38572800
2022-11-11,185.75999450683594,188.83999633789062,185.69000244140625,186.89999389648438,28765400
2022-11-14,185.7899932861328,187.7899932861328,184.6300048828125,184.80999755859375,26499600
2022-11-15,187.83999633789062,189.55999755859375,186.11000061035156,187.5500030517578,26128800
2022-11-16,186.60000610351562,186.63999938964844,183.7100067138672,184.25,24802000
2022-11-17,181.6199951171875,182.9499969482422,180.50999450683594,182.5399932861328,20835700
2022-11-18,184.58999633789062,185.30999755859375,182.57000732421875,183.72000122070312,27269100
2022-11-21,182.77999877929688,183.19000244140625,181.42999267578125,182.75999450683594,19038900
2022-11-22,183.74000549316406,184.94000244140625,182.3300018310547,184.7100067138672,16869700
2022-11-23,184.2899932861328,185.77999877929688,183.5500030517578,185.19000244140625,19758800
2022-11-25,185.08999633789062,186.3699951171875,184.66000366210938,185.5800018310547,13393400
2022-11-28,184.1300048828125,184.9199981689453,181.2899932861328,181.83999633789062,17465600
2022-11-29,181.9600067138672,183.61000061035156,181.9600067138672,182.3699951171875,14020600
2022-11-30,182.6699981689453,187.42999267578125,180.8000030517578,187.3699951171875,28030100
2022-12-01,188.14999389648438,189.24000549316406,186.1300048828125,186.9600067138672,21996400
2022-12-02,184.3699951171875,188.86000061035156,184.3300018310547,188.0500030517578,22574800
2022-12-05,186.86000061035156,187.05999755859375,182.17999267578125,182.8699951171875,25449300
2022-12-06,182.8800048828125,182.97999572753906,179.0800018310547,180.07000732421875,18502100
2022-12-07,179.75,181.5,179.11000061035156,179.5399932861328,17177800
2022-12-08,180.77000427246094,182.6300048828125,179.50999450683594,180.83999633789062,20971400
2022-12-09,179.77000427246094,180.80999755859375,178.55999755859375,178.6199951171875,22046500
2022-12-12,178.85000610351562,181.08999633789062,178.0,180.72000122070312,22765400
2022-12-13,185.72999572753906,186.63999938964844,180.13999938964844,181.3800048828125,38445300
2022-12-14,181.30999755859375,182.91000366210938,178.8300018310547,180.19000244140625,32406900
2022-12-15,178.02999877929688,178.60000610351562,175.0399932861328,175.67999267578125,33546700
2022-12-16,173.8000030517578,175.11000061035156,172.6699981689453,174.3699951171875,38502400
2022-12-19,174.61000061035156,175.0500030517578,171.47000122070312,172.00999450683594,25614000
2022-12-20,171.6699981689453,174.02000427246094,171.17999267578125,172.9199981689453,18050800
2022-12-21,174.4499969482422,176.8000030517578,174.1999969482422,175.89999389648438,22997200
2022-12-22,174.3300018310547,174.49000549316406,170.6699981689453,173.60000610351562,21297600
2022-12-23,173.47999572753906,174.4499969482422,172.33999633789062,174.38999938964844,11647700
2022-12-27,174.36000061035156,174.57000732421875,172.5800018310547,173.22000122070312,13553800
2022-12-28,173.17999267578125,174.10000610351562,170.33999633789062,170.52999877929688,19648000
2022-12-29,171.72000122070312,175.25,171.39999389648438,174.85000610351562,22311300
2022-12-30,173.33999633789062,174.72000122070312,172.61000061035156,174.36000061035156,21275600
2023-01-03,175.92999267578125,177.32000732421875,171.89999389648438,173.39999389648438,22503800
2023-01-04,174.6199951171875,176.6699981689453,174.27999877929688,175.55999755859375,22973500
2023-01-05,174.58999633789062,174.75999450683594,172.38999938964844,173.67999267578125,17032600
2023-01-06,175.3000030517578,178.0399932861328,173.8699951171875,177.5800018310547,21986900
2023-01-09,179.00999450683594,180.1199951171875,177.64999389648438,177.8800048828125,18366500
2023-01-10,177.66000366210938,180.6199951171875,177.3000030517578,180.50999450683594,18751100
2023-01-11,181.25999450683594,182.7899932861328,180.67999267578125,182.75999450683594,18222700
2023-01-12,183.57000732421875,185.9499969482422,181.9199981689453,185.8300018310547,29650800
2023-01-13,184.5,187.33999633789062,184.3300018310547,187.0500030517578,22120000
2023-01-17,187.0,187.83999633789062,186.24000549316406,186.82000732421875,22422600
2023-01-18,187.4499969482422,188.9600067138672,183.6999969482422,183.8000030517578,23507800
2023-01-19,182.72999572753906,183.10000610351562,180.77999877929688,182.0399932861328,24624500
2023-01-20,182.7100067138672,185.14999389648438,181.27000427246094,185.0399932861328,36070300
2023-01-23,185.42999267578125,188.1199951171875,184.5800018310547,187.3300018310547,20329900
2023-01-24,186.58999633789062,187.8300018310547,185.8800048828125,186.92999267578125,19263500
2023-01-25,185.41000366210938,187.50999450683594,183.8699951171875,187.4499969482422,18174600
2023-01-26,188.97999572753906,189.85000610351562,186.2899932861328,188.55999755859375,18369100
2023-01-27,187.97999572753906,190.3000030517578,187.7899932861328,189.5800018310547,20019900
2023-01-30,187.83999633789062,189.61000061035156,186.8300018310547,186.94000244140625,18395100
2023-01-31,187.4199981689453,191.5800018310547,187.3800048828125,191.47999572753906,21567900
2023-02-01,191.19000244140625,196.19000244140625,190.1300048828125,194.49000549316406,27007300
2023-02-02,196.00999450683594,199.25999450683594,194.35000610351562,198.32000732421875,31020400
2023-02-03,196.11000061035156,199.1300048828125,195.6999969482422,196.99000549316406,24981500
2023-02-06,195.64999389648438,196.3800048828125,193.3699951171875,194.13999938964844,18160100
2023-02-07,193.41000366210938,196.10000610351562,191.64999389648438,195.5800018310547,27074100
2023-02-08,194.36000061035156,195.3699951171875,192.1999969482422,192.72000122070312,17933500
2023-02-09,194.22999572753906,195.1199951171875,189.42999267578125,189.92999267578125,20516600
2023-02-10,189.27999877929688,190.6300048828125,188.52999877929688,190.30999755859375,15248700
2023-02-13,190.50999450683594,192.86000061035156,189.30999755859375,192.60000610351562,15754400
2023-02-14,191.27999877929688,193.9499969482422,190.0800018310547,192.50999450683594,21889600
2023-02-15,190.97999572753906,194.5500030517578,190.52999877929688,194.4600067138672,18721200
2023-02-16,191.8000030517578,194.8699951171875,191.25,192.60000610351562,21366300
2023-02-17,191.8800048828125,193.3699951171875,190.97000122070312,193.1300048828125,23892200
2023-02-21,190.75,191.33999633789062,187.24000549316406,187.42999267578125,26004000
2023-02-22,187.8300018310547,189.14999389648438,186.75,187.94000244140625,24651700
2023-02-23,189.35000610351562,190.3000030517578,186.6999969482422,189.27999877929688,21311700
2023-02-24,186.64999389648438,187.77999877929688,185.77999877929688,187.50999450683594,24280700
2023-02-27,189.1300048828125,190.1999969482422,187.60000610351562,188.1699981689453,17562900
2023-02-28,188.1199951171875,190.02000427246094,188.07000732421875,188.17999267578125,19542600
2023-03-01,188.19000244140625,189.49000549316406,187.19000244140625,188.4199981689453,22532800
2023-03-02,186.86000061035156,189.3000030517578,186.1199951171875,188.8699951171875,18104400
2023-03-03,189.6699981689453,191.92999267578125,188.4199981689453,191.5,22774300
2023-03-06,191.55999755859375,191.74000549316406,187.89999389648438,188.6999969482422,23266700
2023-03-07,188.64999389648438,189.07000732421875,186.22000122070312,186.50999450683594,25865700
2023-03-08,186.7899932861328,187.61000061035156,185.1199951171875,186.60000610351562,22505900
2023-03-09,186.72999572753906,187.27000427246094,181.27999877929688,181.41000366210938,33546900
2023-03-10,180.38999938964844,180.38999938964844,174.25999450683594,176.17999267578125,69274200
2023-03-13,172.52000427246094,176.39999389648438,171.07000732421875,173.30999755859375,74171500
2023-03-14,178.60000610351562,179.25999450683594,174.61000061035156,176.52000427246094,48946200
2023-03-15,171.92999267578125,173.91000366210938,170.3800048828125,173.61000061035156,54405800
2023-03-16,171.47000122070312,177.3800048828125,170.5,175.97999572753906,52392300
2023-03-17,174.0399932861328,174.75999450683594,170.86000061035156,171.22999572753906,70239900
2023-03-20,173.0500030517578,175.3699951171875,172.52999877929688,173.4499969482422,46103200
2023-03-21,176.5500030517578,178.17999267578125,175.9600067138672,176.64999389648438,34465900
2023-03-22,176.52000427246094,177.35000610351562,171.52999877929688,171.63999938964844,56098200
2023-03-23,172.27999877929688,174.38999938964844,168.7100067138672,170.25,47720900
2023-03-24,168.75,172.11000061035156,167.4600067138672,171.7899932861328,47519700
2023-03-27,173.83999633789062,174.72999572753906,172.36000061035156,173.6999969482422,33880600
2023-03-28,173.10000610351562,174.50999450683594,172.69000244140625,173.4499969482422,28555100
2023-03-29,175.33999633789062,175.5500030517578,173.57000732421875,175.4199981689453,25564800
2023-03-30,176.8800048828125,177.30999755859375,174.4499969482422,175.17999267578125,26728600
2023-03-31,176.39999389648438,178.63999938964844,176.3699951171875,178.39999389648438,39602900
2023-04-03,178.9499969482422,179.77999877929688,176.49000549316406,178.47999572753906,27609000
2023-04-04,178.9199981689453,179.10000610351562,174.32000732421875,175.35000610351562,33487200
2023-04-05,174.25,174.8300018310547,172.52999877929688,173.6300048828125,28247300
2023-04-06,173.72000122070312,174.4600067138672,172.67999267578125,173.88999938964844,26366300
2023-04-10,173.07000732421875,175.8800048828125,173.02999877929688,175.75,22237800
2023-04-11,176.57000732421875,177.97000122070312,176.1199951171875,177.13999938964844,21876200
2023-04-12,178.82000732421875,178.97999572753906,175.5800018310547,175.83999633789062,27018100
2023-04-13,176.5399932861328,178.69000244140625,175.92999267578125,178.1699981689453,23259900
2023-04-14,178.3300018310547,179.22000122070312,175.33999633789062,176.50999450683594,29600400
2023-04-17,176.97000122070312,178.86000061035156,176.75,178.77999877929688,22177300
2023-04-18,179.58999633789062,179.6300048828125,176.94000244140625,178.02000427246094,22873100
2023-04-19,177.0800018310547,178.7899932861328,176.5800018310547,178.25,19306800
2023-04-20,177.14999389648438,178.42999267578125,176.52000427246094,177.3300018310547,20336300
2023-04-21,177.80999755859375,177.9600067138672,175.86000061035156,177.55999755859375,25972800
2023-04-24,177.3800048828125,178.4499969482422,176.5,177.44000244140625,17781000
2023-04-25,175.6300048828125,175.94000244140625,173.00999450683594,173.05999755859375,28857900
2023-04-26,172.22999572753906,173.39999389648438,171.0,171.38999938964844,30309800
2023-04-27,172.02999877929688,173.86000061035156,170.94000244140625,173.67999267578125,33424100
2023-04-28,173.2899932861328,175.8300018310547,173.17999267578125,175.1999969482422,31911900
2023-05-01,175.0,177.33999633789062,174.75999450683594,175.3000030517578,27420100
2023-05-02,174.39999389648438,174.4499969482422,169.9199981689453,171.6999969482422,40851100
2023-05-03,172.22000122070312,175.6999969482422,172.19000244140625,172.3300018310547,43261400
2023-05-04,171.32000732421875,171.55999755859375,168.77999877929688,170.39999389648438,42382100
2023-05-05,173.2899932861328,175.10000610351562,173.10000610351562,174.4499969482422,35456800
2023-05-08,175.25999450683594,175.5500030517578,173.1300048828125,174.0500030517578,22109900
2023-05-09,172.97999572753906,174.27000427246094,172.16000366210938,173.52999877929688,21465500
2023-05-10,175.9600067138672,176.02000427246094,172.72000122070312,174.41000366210938,27281900
2023-05-11,173.22000122070312,173.77999877929688,172.11000061035156,173.07000732421875,25884600
2023-05-12,173.64999389648438,174.2100067138672,171.64999389648438,172.72000122070312,20406400
2023-05-15,173.30999755859375,175.7100067138672,172.82000732421875,174.8300018310547,24310000
2023-05-16,173.61000061035156,174.80999755859375,172.22999572753906,172.27999877929688,24212900
2023-05-17,173.42999267578125,176.5,172.16000366210938,176.1199951171875,38231600
2023-05-18,175.55999755859375,177.57000732421875,175.02000427246094,177.19000244140625,30446600
2023-05-19,178.50999450683594,178.88999938964844,175.25,176.11000061035156,34316300
2023-05-22,176.6199951171875,179.02000427246094,176.0399932861328,178.25999450683594,28207200
2023-05-23,177.91000366210938,180.52999877929688,177.3800048828125,177.4199981689453,32708900
2023-05-24,176.5500030517578,176.74000549316406,174.6699981689453,175.5399932861328,28744200
2023-05-25,175.25,175.52999877929688,172.6999969482422,174.1699981689453,36202600
2023-05-26,174.3000030517578,176.3800048828125,174.02000427246094,176.14999389648438,29841300
2023-05-30,176.7100067138672,177.5500030517578,174.75999450683594,175.5,25572600
2023-05-31,174.69000244140625,176.00999450683594,172.36000061035156,173.77000427246094,34598800
2023-06-01,173.86000061035156,176.24000549316406,172.92999267578125,175.64999389648438,27800900
2023-06-02,178.00999450683594,182.08999633789062,177.4499969482422,182.02000427246094,50212400
2023-06-05,181.25999450683594,181.25999450683594,178.44000244140625,179.5800018310547,34465800
2023-06-06,178.92999267578125,184.9600067138672,178.92999267578125,184.30999755859375,58584500
2023-06-07,184.9600067138672,187.77000427246094,184.9600067138672,187.24000549316406,60685600
2023-06-08,186.75,187.3800048828125,184.91000366210938,186.5399932861328,34185000
2023-06-09,186.32000732421875,186.61000061035156,184.4499969482422,185.02999877929688,30242200
2023-06-12,185.22999572753906,186.67999267578125,184.22000122070312,185.8000030517578,26580500
2023-06-13,186.44000244140625,188.97999572753906,186.27000427246094,187.92999267578125,35758200
2023-06-14,188.32000732421875,189.24000549316406,184.5500030517578,185.91000366210938,37114100
2023-06-15,185.0800018310547,187.57000732421875,184.91000366210938,187.44000244140625,36488400
2023-06-16,187.9499969482422,188.5500030517578,185.08999633789062,185.94000244140625,50684500
2023-06-20,185.16000366210938,185.57000732421875,183.75999450683594,185.1300048828125,33269300
2023-06-21,184.44000244140625,185.91000366210938,183.58999633789062,184.6999969482422,30730200
2023-06-22,184.1999969482422,184.25,182.49000549316406,183.3300018310547,27063700
2023-06-23,180.77000427246094,182.41000366210938,180.0500030517578,180.57000732421875,50610100
2023-06-26,180.44000244140625,182.74000549316406,180.3699951171875,180.75,31507900
2023-06-27,181.1999969482422,183.99000549316406,180.39999389648438,183.36000061035156,28818800
2023-06-28,182.99000549316406,184.4199981689453,182.1199951171875,184.25999450683594,23187600
2023-06-29,184.72000122070312,187.0800018310547,184.42999267578125,186.3800048828125,32084100
2023-06-30,188.25999450683594,188.42999267578125,186.91000366210938,187.27000427246094,30287300
2023-07-03,186.91000366210938,188.83999633789062,186.74000549316406,187.64999389648438,14011900
2023-07-05,187.1300048828125,187.2100067138672,185.44000244140625,185.77999877929688,24092100
2023-07-06,183.6300048828125,183.7100067138672,180.72000122070312,182.77999877929688,39080800
2023-07-07,182.97999572753906,186.49000549316406,182.92999267578125,184.7100067138672,31706700
2023-07-10,184.5800018310547,188.0500030517578,184.16000366210938,187.8699951171875,29725100
2023-07-11,188.47999572753906,190.0800018310547,187.69000244140625,189.8000030517578,26738800
2023-07-12,192.75999450683594,193.0500030517578,191.3699951171875,191.8699951171875,40127300
2023-07-13,192.50999450683594,193.69000244140625,191.8000030517578,193.4199981689453,23523000
2023-07-14,193.33999633789062,193.49000549316406,190.2899932861328,191.52999877929688,32198600
2023-07-17,191.33999633789062,194.36000061035156,191.13999938964844,193.5800018310547,23283700
2023-07-18,193.6999969482422,196.38999938964844,193.49000549316406,195.97000122070312,28489800
2023-07-19,196.6999969482422,197.66000366210938,195.92999267578125,196.8000030517578,23679000
2023-07-20,196.94000244140625,196.94000244140625,194.27000427246094,195.0800018310547,27278100
2023-07-21,196.38999938964844,196.6199951171875,194.08999633789062,194.4600067138672,28982400
2023-07-24,194.55999755859375,196.25999450683594,193.99000549316406,194.94000244140625,16929800
2023-07-25,194.5800018310547,196.2100067138672,194.4199981689453,194.9199981689453,18961100
2023-07-26,194.77000427246094,197.16000366210938,194.7100067138672,196.4600067138672,20377900
2023-07-27,197.6300048828125,197.89999389648438,193.17999267578125,193.9199981689453,31159300
2023-07-28,196.02000427246094,196.9499969482422,195.5,196.42999267578125,21612200
2023-07-31,196.92999267578125,198.75,196.9199981689453,198.7100067138672,24203900
2023-08-01,197.42999267578125,197.94000244140625,195.77999877929688,197.8000030517578,27444300
2023-08-02,195.58999633789062,196.08999633789062,194.08999633789062,195.11000061035156,28079700
2023-08-03,194.3000030517578,195.63999938964844,193.05999755859375,194.55999755859375,24279300
2023-08-04,194.82000732421875,196.30999755859375,193.7100067138672,194.1699981689453,24950400
2023-08-07,194.66000366210938,195.05999755859375,192.67999267578125,194.3000030517578,20185000
2023-08-08,192.13999938964844,193.2899932861328,190.52000427246094,193.0800018310547,25578200
2023-08-09,192.8699951171875,192.8800048828125,190.75,191.57000732421875,22293200
2023-08-10,192.24000549316406,194.1199951171875,189.88999938964844,190.72000122070312,29378800
2023-08-11,189.9199981689453,191.69000244140625,189.74000549316406,190.99000549316406,21789000
2023-08-14,189.94000244140625,190.6999969482422,188.63999938964844,190.66000366210938,20354900
2023-08-15,189.52000427246094,189.63999938964844,188.0399932861328,188.13999938964844,25491300
2023-08-16,187.99000549316406,189.05999755859375,185.80999755859375,185.83999633789062,27018400
2023-08-17,186.33999633789062,186.74000549316406,183.6300048828125,183.64999389648438,26715100
2023-08-18,182.2100067138672,185.25,181.94000244140625,184.64999389648438,33375200
2023-08-21,184.6999969482422,185.27999877929688,183.07000732421875,184.3800048828125,22678100
2023-08-22,185.0399932861328,185.5500030517578,183.22000122070312,183.8300018310547,21299200
2023-08-23,184.0,186.11000061035156,183.42999267578125,185.7899932861328,21231100
2023-08-24,185.25,186.33999633789062,183.1999969482422,183.22000122070312,26582300
2023-08-25,184.05999755859375,185.0,181.61000061035156,184.0,29340400
2023-08-28,184.83999633789062,186.75,184.82000732421875,185.63999938964844,23002000
2023-08-29,185.5399932861328,188.3699951171875,184.57000732421875,188.22999572753906,22986000
2023-08-30,187.72999572753906,189.61000061035156,187.3300018310547,188.94000244140625,19869900
2023-08-31,189.1999969482422,190.25999450683594,188.52999877929688,188.61000061035156,17953400
2023-09-01,190.07000732421875,191.86000061035156,189.85000610351562,190.85000610351562,25094600
2023-09-05,189.64999389648438,189.89999389648438,186.77000427246094,186.8300018310547,27160100
2023-09-06,187.05999755859375,188.08999633789062,185.08999633789062,186.1300048828125,26406200
2023-09-07,185.13999938964844,185.3800048828125,183.58999633789062,184.3300018310547,23894800
2023-09-08,184.55999755859375,184.8300018310547,183.4499969482422,183.9199981689453,19399100
2023-09-11,185.25999450683594,185.72000122070312,184.1999969482422,184.36000061035156,17424700
2023-09-12,184.0399932861328,185.33999633789062,183.74000549316406,184.17999267578125,16826300
2023-09-13,184.5,184.8800048828125,182.38999938964844,182.97000122070312,24415700
2023-09-14,184.52999877929688,186.07000732421875,184.24000549316406,185.5500030517578,27952500
2023-09-15,184.7899932861328,185.07000732421875,182.7899932861328,183.61000061035156,39695500
2023-09-18,183.6999969482422,183.75999450683594,182.3699951171875,182.38999938964844,19287800
2023-09-19,182.49000549316406,183.3000030517578,181.07000732421875,181.67999267578125,24085900
2023-09-20,182.39999389648438,183.50999450683594,179.82000732421875,179.86000061035156,27642900
2023-09-21,178.5,178.75999450683594,177.07000732421875,177.07000732421875,31625600
2023-09-22,177.55999755859375,178.3699951171875,176.55999755859375,176.6699981689453,23164700
2023-09-25,175.69000244140625,177.86000061035156,175.5399932861328,177.4600067138672,22416200
2023-09-26,175.5,177.02000427246094,174.2899932861328,174.36000061035156,30476000
2023-09-27,175.4499969482422,176.92999267578125,174.4600067138672,175.99000549316406,37293000
2023-09-28,176.08999633789062,178.57000732421875,175.97000122070312,177.5800018310547,31372400
2023-09-29,178.97000122070312,179.16000366210938,176.14999389648438,176.74000549316406,36689000
2023-10-02,176.3300018310547,176.72999572753906,173.14999389648438,174.07000732421875,42139300
2023-10-03,172.9499969482422,173.5,170.3699951171875,171.13999938964844,42733600
2023-10-04,171.00999450683594,171.61000061035156,169.08999633789062,171.22000122070312,42491900
2023-10-05,170.8000030517578,171.89999389648438,169.94000244140625,171.35000610351562,33365100
2023-10-06,170.3699951171875,173.88999938964844,169.50999450683594,173.0,42160900
2023-10-09,171.83999633789062,174.5500030517578,171.77000427246094,174.0,26658400
2023-10-10,174.30999755859375,177.0399932861328,174.27999877929688,175.97000122070312,31585000
2023-10-11,176.1199951171875,177.22999572753906,174.3800048828125,175.6699981689453,27427200
2023-10-12,175.8800048828125,175.8800048828125,170.7899932861328,171.6999969482422,38693800
2023-10-13,172.35000610351562,172.6999969482422,169.69000244140625,170.27000427246094,33955600
2023-10-16,171.74000549316406,173.38999938964844,171.02000427246094,173.02000427246094,31140300
2023-10-17,171.94000244140625,176.4199981689453,171.89999389648438,174.9499969482422,39823200
2023-10-18,173.63999938964844,173.66000366210938,171.0,171.35000610351562,38501400
2023-10-19,170.86000061035156,172.14999389648438,168.36000061035156,168.6199951171875,51397300
2023-10-20,168.66000366210938,169.02999877929688,166.42999267578125,166.44000244140625,54421900
2023-10-23,165.66000366210938,167.4600067138672,164.64999389648438,165.02999877929688,45590900
2023-10-24,166.4499969482422,167.6199951171875,165.41000366210938,166.47000122070312,32666300
2023-10-25,165.00999450683594,165.66000366210938,163.39999389648438,163.72000122070312,36832900
2023-10-26,164.14999389648438,165.77000427246094,163.1999969482422,164.13999938964844,50525600
2023-10-27,164.52000427246094,164.8300018310547,161.6699981689453,162.2100067138672,46017100
2023-10-30,163.7899932861328,164.80999755859375,161.94000244140625,163.11000061035156,35156300
2023-10-31,163.39999389648438,164.99000549316406,162.8300018310547,164.52000427246094,31533200
2023-11-01,164.4600067138672,165.60000610351562,163.10000610351562,165.4600067138672,44367100
2023-11-02,167.75,170.0,167.3300018310547,169.8699951171875,50458100
2023-11-03,172.8000030517578,175.64999389648438,172.77999877929688,174.49000549316406,57060700
2023-11-06,174.49000549316406,174.77999877929688,171.38999938964844,172.30999755859375,35294400
2023-11-07,171.55999755859375,172.50999450683594,170.57000732421875,171.6999969482422,31168900
2023-11-08,171.6999969482422,172.1300048828125,169.3000030517578,169.8699951171875,44938600
2023-11-09,171.02999877929688,171.02999877929688,166.97999572753906,167.24000549316406,38577400
2023-11-10,168.22000122070312,169.7100067138672,166.7899932861328,169.11000061035156,36121300
2023-11-13,168.24000549316406,169.77000427246094,167.52000427246094,169.1699981689453,27610300
2023-11-14,174.22999572753906,178.47000122070312,174.22000122070312,178.4600067138672,77611000
2023-11-15,178.35000610351562,181.75999450683594,178.11000061035156,178.77000427246094,59641400
2023-11-16,178.13999938964844,178.6300048828125,175.16000366210938,175.8800048828125,46616700
2023-11-17,177.4499969482422,178.63999938964844,177.11000061035156,178.2899932861328,43418700
2023-11-20,178.52000427246094,179.64999389648438,177.74000549316406,179.3300018310547,26665100
2023-11-21,178.24000549316406,178.50999450683594,176.91000366210938,177.02000427246094,30457000
2023-11-22,178.17999267578125,179.38999938964844,177.4199981689453,178.1300048828125,28940900
2023-11-24,178.0500030517578,179.72999572753906,177.8000030517578,179.3300018310547,13846900
2023-11-27,178.5,179.11000061035156,177.22999572753906,178.72999572753906,30665800
2023-11-28,178.5500030517578,179.22000122070312,177.1999969482422,178.0399932861328,28350200
2023-11-29,179.5500030517578,181.75,178.6999969482422,178.97999572753906,31590200
2023-11-30,180.0500030517578,180.63999938964844,178.75999450683594,179.66000366210938,32216800
2023-12-01,179.1999969482422,185.17999267578125,178.2100067138672,184.91000366210938,64221300
2023-12-04,184.22999572753906,186.99000549316406,184.02000427246094,186.88999938964844,44862600
2023-12-05,186.0500030517578,186.0500030517578,183.97999572753906,184.38999938964844,36873500
2023-12-06,185.6999969482422,187.9199981689453,183.7899932861328,184.05999755859375,43637900
2023-12-07,184.3300018310547,185.55999755859375,183.38999938964844,185.38999938964844,32662300
2023-12-08,185.14999389648438,187.75,184.86000061035156,186.8000030517578,36087100
2023-12-11,186.67999267578125,187.6199951171875,185.88999938964844,187.19000244140625,29302100
2023-12-12,186.97000122070312,187.66000366210938,185.33999633789062,187.0,32024000
2023-12-13,187.10000610351562,193.63999938964844,185.6699981689453,193.3300018310547,69484800
2023-12-14,196.8699951171875,200.0399932861328,196.47999572753906,198.7100067138672,83649300
2023-12-15,198.9499969482422,199.5500030517578,195.9499969482422,197.0399932861328,74160700
2023-12-18,197.9600067138672,198.77000427246094,196.67999267578125,197.11000061035156,44451100
2023-12-19,198.47999572753906,201.3000030517578,198.02000427246094,200.92999267578125,52156200
2023-12-20,199.86000061035156,202.1699981689453,196.16000366210938,196.27999877929688,62360300
2023-12-21,198.5,199.82000732421875,197.52000427246094,199.6199951171875,38613400
2023-12-22,200.8800048828125,202.80999755859375,200.19000244140625,201.47999572753906,39173800
2023-12-26,202.2100067138672,204.55999755859375,201.69000244140625,204.10000610351562,26879000
2023-12-27,204.44000244140625,205.49000549316406,203.39999389648438,204.82000732421875,35806400
2023-12-28,203.7899932861328,205.1699981689453,203.27999877929688,204.0399932861328,28930100
2023-12-29,203.47999572753906,204.02999877929688,200.7100067138672,200.7100067138672,41496800
2024-01-02,199.39999389648438,201.6199951171875,198.44000244140625,199.52000427246094,44341500
2024-01-03,197.39999389648438,197.6699981689453,193.77999877929688,194.1999969482422,57532500
2024-01-04,194.05999755859375,195.49000549316406,193.69000244140625,193.82000732421875,43114200
2024-01-05,192.69000244140625,195.4600067138672,192.2899932861328,193.25,40964900
2024-01-08,193.2899932861328,196.97000122070312,192.25999450683594,196.72999572753906,31545400
2024-01-09,194.35000610351562,195.77000427246094,193.32000732421875,194.97000122070312,28998700
2024-01-10,194.74000549316406,195.3800048828125,193.0800018310547,195.0800018310547,35075200
2024-01-11,194.5,194.74000549316406,191.3000030517578,193.5500030517578,48939200
2024-01-12,195.88999938964844,197.10000610351562,192.63999938964844,193.22999572753906,42992100
2024-01-16,191.72000122070312,193.25999450683594,190.11000061035156,190.83999633789062,42213000
2024-01-17,188.1300048828125,189.92999267578125,187.52999877929688,189.47999572753906,37787700
2024-01-18,190.7100067138672,191.1699981689453,188.2100067138672,190.60000610351562,41760000
2024-01-19,191.2899932861328,192.85000610351562,189.22999572753906,192.42999267578125,63338300
2024-01-22,194.14999389648438,196.82000732421875,194.08999633789062,196.5399932861328,42379500
2024-01-23,198.22000122070312,198.58999633789062,194.97999572753906,195.97000122070312,42471200
2024-01-24,198.3800048828125,198.4600067138672,194.1199951171875,194.36000061035156,41120100
2024-01-25,197.10000610351562,197.66000366210938,194.41000366210938,195.97000122070312,37659500
2024-01-26,196.88999938964844,197.88999938964844,195.3800048828125,195.97999572753906,33478600
2024-01-29,196.16000366210938,199.41000366210938,195.08999633789062,199.41000366210938,29234400
2024-01-30,198.38999938964844,198.92999267578125,197.10000610351562,197.7100067138672,33121200
2024-01-31,197.2100067138672,198.94000244140625,192.7100067138672,192.8800048828125,68126700
2024-02-01,194.30999755859375,195.74000549316406,191.52999877929688,195.44000244140625,59479000
2024-02-02,193.24000549316406,195.5,192.38999938964844,194.41000366210938,52839300
2024-02-05,192.47000122070312,193.11000061035156,190.05999755859375,191.94000244140625,39751900
2024-02-06,191.6999969482422,193.8000030517578,191.02000427246094,193.6699981689453,34689100
2024-02-07,194.07000732421875,194.14999389648438,192.0399932861328,193.22000122070312,31713900
2024-02-08,193.36000061035156,196.3699951171875,192.7100067138672,196.14999389648438,35370800
2024-02-09,196.9199981689453,199.5500030517578,196.4499969482422,199.33999633789062,46107100
2024-02-12,199.8699951171875,203.5500030517578,199.83999633789062,202.9600067138672,43291000
2024-02-13,196.22000122070312,197.6300048828125,193.05999755859375,194.61000061035156,86247400
2024-02-14,197.67999267578125,199.7899932861328,196.22999572753906,199.1300048828125,43808000
2024-02-15,200.99000549316406,204.77000427246094,200.72000122070312,204.44000244140625,44931900
2024-02-16,202.1199951171875,203.6999969482422,201.08999633789062,201.66000366210938,48346200
2024-02-20,199.14999389648438,199.72000122070312,198.00999450683594,198.8800048828125,30547500
2024-02-21,197.66000366210938,198.35000610351562,196.38999938964844,197.94000244140625,28669100
2024-02-22,198.64999389648438,200.08999633789062,197.80999755859375,199.44000244140625,38184700
2024-02-23,199.60000610351562,201.13999938964844,198.57000732421875,199.88999938964844,37667700
2024-02-26,199.69000244140625,201.63999938964844,199.14999389648438,201.14999389648438,29118200
2024-02-27,203.0800018310547,204.22000122070312,202.5399932861328,204.0,32268600
2024-02-28,202.44000244140625,203.86000061035156,201.8699951171875,202.32000732421875,30143900
2024-02-29,205.17999267578125,206.0399932861328,202.52000427246094,203.72999572753906,40404100
2024-03-01,204.52999877929688,206.3300018310547,203.13999938964844,205.88999938964844,35156900
2024-03-04,207.02999877929688,207.77000427246094,205.4499969482422,205.6999969482422,24785400
2024-03-05,204.3000030517578,205.91000366210938,203.00999450683594,203.72999572753906,34163500
2024-03-06,206.02999877929688,206.0800018310547,204.0800018310547,205.25,34255200
2024-03-07,206.6999969482422,208.10000610351562,206.39999389648438,206.9600067138672,28020200
2024-03-08,208.74000549316406,210.41000366210938,205.8000030517578,206.8300018310547,41447800
2024-03-11,205.9600067138672,206.83999633789062,204.75,205.19000244140625,24435800
2024-03-12,205.14999389648438,205.9199981689453,203.38999938964844,204.91000366210938,34958900
2024-03-13,204.8699951171875,206.5800018310547,204.77000427246094,205.7100067138672,25140700
2024-03-14,205.0500030517578,205.27999877929688,200.1699981689453,202.02999877929688,47509100
2024-03-15,201.25,203.0800018310547,201.1300048828125,202.41000366210938,53217000
2024-03-18,202.91000366210938,203.17999267578125,200.91000366210938,201.25,32405100
2024-03-19,199.77999877929688,202.75,199.66000366210938,202.10000610351562,29864100
2024-03-20,201.52000427246094,206.99000549316406,201.11000061035156,206.10000610351562,49609600
2024-03-21,207.0,208.9499969482422,206.83999633789062,207.94000244140625,43067300
2024-03-22,207.85000610351562,208.24000549316406,205.07000732421875,205.07000732421875,28437300
2024-03-25,205.72000122070312,207.00999450683594,205.50999450683594,205.5399932861328,20107800
2024-03-26,207.0500030517578,207.63999938964844,204.99000549316406,205.1699981689453,23434800
2024-03-27,206.8000030517578,209.7100067138672,206.16000366210938,209.63999938964844,35028400
2024-03-28,210.0800018310547,211.8800048828125,209.83999633789062,210.3000030517578,37675100
2024-04-01,210.77000427246094,210.8000030517578,207.9600067138672,208.32000732421875,25684200
2024-04-02,205.75,205.8800048828125,203.39999389648438,204.49000549316406,36632100
2024-04-03,203.3800048828125,206.39999389648438,203.27999877929688,205.8300018310547,27362800
2024-04-04,208.0500030517578,208.5500030517578,203.2100067138672,203.77000427246094,32265200
2024-04-05,203.13999938964844,205.6999969482422,202.8800048828125,204.4499969482422,27569400
2024-04-08,205.97999572753906,206.4199981689453,204.5800018310547,205.57000732421875,21331000
2024-04-09,206.22000122070312,206.97000122070312,204.47000122070312,206.3800048828125,23289100
2024-04-10,201.17999267578125,202.92999267578125,199.5399932861328,200.92999267578125,57130500
2024-04-11,201.97000122070312,202.91000366210938,200.10000610351562,202.2899932861328,37184000
2024-04-12,201.22999572753906,201.91000366210938,197.67999267578125,198.69000244140625,35388700
2024-04-15,199.3699951171875,200.22999572753906,194.97999572753906,195.77999877929688,41119300
2024-04-16,194.41000366210938,196.24000549316406,193.36000061035156,195.05999755859375,43267500
2024-04-17,196.47000122070312,196.6199951171875,192.99000549316406,193.0,38589500
2024-04-18,193.6999969482422,195.66000366210938,192.14999389648438,192.83999633789062,40238200
2024-04-19,191.94000244140625,194.38999938964844,191.33999633789062,193.13999938964844,42666500
2024-04-22,194.2100067138672,196.3000030517578,192.89999389648438,195.3000030517578,31553000
2024-04-23,195.25999450683594,199.32000732421875,195.1300048828125,198.57000732421875,31838300
2024-04-24,198.1699981689453,198.91000366210938,196.4600067138672,197.67999267578125,28791700
2024-04-25,195.44000244140625,196.8300018310547,193.77000427246094,196.47999572753906,31915600
2024-04-26,197.0,198.88999938964844,196.4199981689453,198.36000061035156,24613600
2024-04-29,199.25,200.41000366210938,198.8800048828125,199.9600067138672,20494600
2024-04-30,198.11000061035156,198.64999389648438,195.75,195.89999389648438,30606800
2024-05-01,195.8800048828125,200.32000732421875,195.02999877929688,196.30999755859375,38782100
2024-05-02,198.77999877929688,200.1199951171875,196.5399932861328,199.9199981689453,27201000
2024-05-03,203.41000366210938,204.16000366210938,201.1199951171875,201.89999389648438,30880600
2024-05-06,203.47000122070312,204.77999877929688,203.3800048828125,204.50999450683594,23129800
2024-05-07,204.77000427246094,206.14999389648438,204.5,204.97000122070312,20116900
2024-05-08,202.72000122070312,203.9600067138672,202.55999755859375,203.77999877929688,18349400
2024-05-09,203.97000122070312,205.99000549316406,203.41000366210938,205.86000061035156,22914300
2024-05-10,206.35000610351562,206.6199951171875,203.67999267578125,204.30999755859375,21520200
2024-05-13,206.0800018310547,206.5500030517578,204.60000610351562,204.74000549316406,18585300
2024-05-14,207.1300048828125,207.74000549316406,205.91000366210938,206.86000061035156,33169000
2024-05-15,209.2100067138672,209.77000427246094,207.72000122070312,209.44000244140625,33412300
2024-05-16,208.89999389648438,209.35000610351562,207.92999267578125,207.92999267578125,26731100
2024-05-17,208.00999450683594,208.52000427246094,207.35000610351562,208.0800018310547,35219800
2024-05-20,208.02000427246094,209.47999572753906,207.77999877929688,208.5399932861328,15695900
2024-05-21,207.8300018310547,208.69000244140625,207.58999633789062,208.33999633789062,13466800
2024-05-22,207.52999877929688,208.22000122070312,205.8000030517578,206.5800018310547,20853100
2024-05-23,207.50999450683594,207.6199951171875,202.35000610351562,203.19000244140625,34039800
2024-05-24,204.7899932861328,205.67999267578125,203.9600067138672,205.44000244140625,19946100
2024-05-28,206.97000122070312,207.08999633789062,203.97000122070312,205.16000366210938,18475900
2024-05-29,202.52999877929688,203.00999450683594,201.77999877929688,202.1300048828125,25654800
2024-05-30,203.52000427246094,204.94000244140625,203.0800018310547,204.0500030517578,20428200
2024-05-31,204.9499969482422,206.27999877929688,203.0800018310547,205.77000427246094,25784900
2024-06-03,207.52999877929688,207.55999755859375,203.14999389648438,204.61000061035156,23902900
2024-06-04,203.14999389648438,204.5,201.64999389648438,201.97000122070312,27098900
2024-06-05,203.3000030517578,205.05999755859375,201.7899932861328,205.05999755859375,20707600
2024-06-06,204.17999267578125,204.80999755859375,202.99000549316406,203.58999633789062,17335500
2024-06-07,201.52999877929688,203.1699981689453,200.67999267578125,201.1999969482422,26036000
2024-06-10,199.52000427246094,202.1300048828125,199.00999450683594,201.88999938964844,25075300
2024-06-11,199.63999938964844,201.02000427246094,198.4199981689453,200.63999938964844,23768400
2024-06-12,205.8699951171875,207.27000427246094,203.10000610351562,203.72000122070312,43668700
2024-06-13,203.27000427246094,203.5399932861328,200.50999450683594,201.94000244140625,28021100
2024-06-14,199.55999755859375,200.0399932861328,197.94000244140625,198.72999572753906,33453700
2024-06-17,198.1199951171875,200.9499969482422,197.41000366210938,200.39999389648438,25538100
2024-06-18,200.4600067138672,201.69000244140625,200.02999877929688,200.75,25446900
2024-06-20,200.32000732421875,201.86000061035156,199.22000122070312,199.89999389648438,27999700
2024-06-21,199.92999267578125,200.41000366210938,198.4600067138672,200.35000610351562,37511300
2024-06-24,200.69000244140625,202.69000244140625,200.52999877929688,201.22000122070312,22289600
2024-06-25,201.1300048828125,201.16000366210938,199.82000732421875,200.55999755859375,15925400
2024-06-26,199.3300018310547,200.5800018310547,198.80999755859375,200.02999877929688,19313500
2024-06-27,200.6300048828125,202.14999389648438,199.9600067138672,202.05999755859375,17432600
2024-06-28,203.8800048828125,204.63999938964844,201.32000732421875,202.88999938964844,35026000
2024-07-01,203.52000427246094,203.82000732421875,200.47999572753906,201.19000244140625,21886200
2024-07-02,201.52000427246094,202.27000427246094,200.89999389648438,201.8800048828125,17219100
2024-07-03,202.25,203.27999877929688,201.6300048828125,201.8300018310547,15167200
2024-07-05,201.2100067138672,201.6300048828125,199.8800048828125,200.8699951171875,17282500
2024-07-08,202.50999450683594,203.6999969482422,201.83999633789062,202.27999877929688,20823800
2024-07-09,201.9199981689453,202.52000427246094,200.52999877929688,201.39999389648438,17864200
2024-07-10,202.2899932861328,203.58999633789062,201.49000549316406,203.3699951171875,19286100
2024-07-11,207.89999389648438,211.22999572753906,206.94000244140625,210.67999267578125,65443600
2024-07-12,212.9199981689453,214.94000244140625,212.66000366210938,213.13999938964844,50810700
2024-07-15,214.7899932861328,218.24000549316406,214.3000030517578,217.19000244140625,48925300
2024-07-16,219.13999938964844,224.86000061035156,219.02000427246094,224.60000610351562,67945700
2024-07-17,222.36000061035156,226.63999938964844,221.66000366210938,222.25,66092100
2024-07-18,221.41000366210938,224.77999877929688,216.97999572753906,217.9499969482422,53180000
2024-07-19,217.6300048828125,218.64999389648438,215.85000610351562,216.83999633789062,37933500
2024-07-22,217.67999267578125,220.64999389648438,215.3800048828125,220.2899932861328,36185900
2024-07-23,219.2100067138672,223.75,219.0399932861328,222.6300048828125,44884600
2024-07-24,221.07000732421875,223.86000061035156,217.72000122070312,217.85000610351562,42443000
2024-07-25,218.4499969482422,224.02000427246094,218.1999969482422,220.57000732421875,45053100
2024-07-26,223.89999389648438,225.38999938964844,221.6999969482422,224.22000122070312,40822600
2024-07-29,224.7100067138672,225.4199981689453,220.77000427246094,221.72999572753906,33869700
2024-07-30,222.72000122070312,224.4600067138672,221.11000061035156,222.57000732421875,26876800
2024-07-31,223.7100067138672,228.6300048828125,221.97999572753906,223.86000061035156,52387700
2024-08-01,223.77000427246094,224.88999938964844,215.05999755859375,216.5800018310547,71508100
2024-08-02,208.85000610351562,211.19000244140625,206.99000549316406,208.9199981689453,66850200
2024-08-05,197.89999389648438,204.74000549316406,196.6999969482422,202.1999969482422,65683100
2024-08-06,203.00999450683594,207.25,201.1999969482422,204.39999389648438,37072500
2024-08-07,207.85000610351562,207.9600067138672,201.55999755859375,201.97999572753906,30594500
2024-08-08,204.4199981689453,207.0,203.1699981689453,206.88999938964844,26550300
2024-08-09,207.0500030517578,207.1199951171875,204.94000244140625,206.4600067138672,20954500
2024-08-12,206.61000061035156,206.97999572753906,203.82000732421875,204.60000610351562,20357900
2024-08-13,206.08999633789062,208.3800048828125,204.86000061035156,207.97000122070312,25458300
2024-08-14,208.6300048828125,208.75,205.74000549316406,206.67999267578125,25345600
2024-08-15,211.25999450683594,213.10000610351562,209.91000366210938,212.0399932861328,42561600
2024-08-16,211.3699951171875,213.97999572753906,211.27999877929688,212.60000610351562,30427400
2024-08-19,212.9600067138672,215.2100067138672,212.82000732421875,215.1999969482422,17246200
2024-08-20,214.88999938964844,214.9499969482422,212.0500030517578,212.69000244140625,21703900
2024-08-21,214.27999877929688,215.66000366210938,212.82000732421875,215.4600067138672,19623100
2024-08-22,215.57000732421875,216.3699951171875,213.1300048828125,213.55999755859375,18084300
2024-08-23,215.17999267578125,221.0800018310547,214.7899932861328,220.3800048828125,40003100
2024-08-26,221.92999267578125,222.4499969482422,220.0800018310547,220.4499969482422,24865500
2024-08-27,218.91000366210938,219.3699951171875,217.7100067138672,218.74000549316406,19577900
2024-08-28,217.8699951171875,219.1199951171875,216.27000427246094,217.25999450683594,19685000
2024-08-29,218.77999877929688,220.97999572753906,217.14999389648438,218.80999755859375,24599500
2024-08-30,219.7100067138672,220.5,217.39999389648438,220.0800018310547,23010500
2024-09-03,218.1300048828125,219.3699951171875,212.91000366210938,213.35000610351562,31338500
2024-09-04,212.75999450683594,215.3699951171875,211.6999969482422,212.99000549316406,23706300
2024-09-05,213.5399932861328,214.02999877929688,210.9199981689453,211.92999267578125,23910500
2024-09-06,211.92999267578125,213.19000244140625,207.13999938964844,207.89999389648438,34561300
2024-09-09,208.14999389648438,210.25999450683594,207.52000427246094,208.47999572753906,23584100
2024-09-10,208.72000122070312,208.86000061035156,205.7899932861328,208.30999755859375,23025700
2024-09-11,207.47000122070312,209.25,204.2100067138672,208.9199981689453,27175600
2024-09-12,209.91000366210938,212.77999877929688,208.41000366210938,211.61000061035156,27611700
2024-09-13,214.02999877929688,217.25,213.94000244140625,216.8300018310547,37388100
2024-09-16,217.6300048828125,218.2899932861328,216.13999938964844,217.61000061035156,23289000
2024-09-17,219.5800018310547,221.8000030517578,218.47000122070312,219.41000366210938,35563500
2024-09-18,219.22999572753906,224.94000244140625,218.25,219.4499969482422,54085200
2024-09-19,224.66000366210938,224.67999267578125,221.5,223.97000122070312,35369500
2024-09-20,223.4499969482422,223.4600067138672,221.2899932861328,221.57000732421875,34587500
2024-09-23,222.69000244140625,223.11000061035156,220.02000427246094,220.75999450683594,20157700
2024-09-24,221.6300048828125,221.92999267578125,219.5,221.1300048828125,20939800
2024-09-25,220.32000732421875,220.61000061035156,217.5399932861328,217.69000244140625,23242300
2024-09-26,220.49000549316406,221.1300048828125,218.3800048828125,218.85000610351562,24974700
2024-09-27,220.86000061035156,222.60000610351562,219.52999877929688,220.3300018310547,23959600
2024-09-30,219.4199981689453,221.58999633789062,218.5800018310547,220.88999938964844,21938200
2024-10-01,220.1699981689453,220.33999633789062,216.3000030517578,217.88999938964844,30016000
2024-10-02,216.99000549316406,218.75,216.2100067138672,217.58999633789062,14455400
2024-10-03,216.22999572753906,217.22999572753906,215.0800018310547,216.1300048828125,21353000
2024-10-04,219.2899932861328,219.97999572753906,217.2899932861328,219.14999389648438,27901500
2024-10-07,218.63999938964844,218.66000366210938,215.8699951171875,217.42999267578125,14891800
2024-10-08,217.6300048828125,218.3699951171875,216.6999969482422,217.5800018310547,18118600
2024-10-09,217.52999877929688,219.61000061035156,216.9199981689453,218.05999755859375,18230700
2024-10-10,215.89999389648438,216.8800048828125,214.60000610351562,216.85000610351562,24571400
2024-10-11,216.77000427246094,221.61000061035156,216.7100067138672,221.25999450683594,19950900
2024-10-14,221.4499969482422,223.11000061035156,220.42999267578125,222.88999938964844,19263300
2024-10-15,222.57000732421875,225.5,221.97999572753906,223.07000732421875,25998800
2024-10-16,224.88999938964844,227.1699981689453,224.38999938964844,226.74000549316406,27656700
2024-10-17,226.91000366210938,226.9600067138672,224.91000366210938,226.1199951171875,18003600
2024-10-18,226.66000366210938,227.02999877929688,225.38999938964844,225.64999389648438,20047400
2024-10-21,225.6300048828125,225.69000244140625,221.52999877929688,222.10000610351562,24243800
2024-10-22,221.47000122070312,221.8300018310547,220.3000030517578,221.25999450683594,15813900
2024-10-23,220.02999877929688,220.8000030517578,217.3699951171875,219.24000549316406,23263500
2024-10-24,220.42999267578125,221.0399932861328,218.52999877929688,219.72000122070312,18381900
2024-10-25,221.30999755859375,221.97000122070312,218.52000427246094,218.88999938964844,23807800
2024-10-28,220.7899932861328,222.97000122070312,220.47999572753906,222.4600067138672,19877700
2024-10-29,220.74000549316406,221.89999389648438,219.97000122070312,221.74000549316406,20282200
2024-10-30,221.07000732421875,224.47999572753906,220.89999389648438,221.44000244140625,19754800
2024-10-31,221.22000122070312,221.77000427246094,217.6300048828125,217.75999450683594,24078400
2024-11-01,219.5,220.97000122070312,218.33999633789062,218.97999572753906,21222200
2024-11-04,218.5,221.74000549316406,217.83999633789062,220.08999633789062,20463700
2024-11-05,219.33999633789062,224.2899932861328,219.05999755859375,224.22999572753906,26404600
2024-11-06,236.58999633789062,237.5800018310547,232.75,237.22000122070312,75554600
2024-11-07,236.88999938964844,238.49000549316406,235.39999389648438,236.3800048828125,34970300
2024-11-08,235.92999267578125,238.47000122070312,235.64999389648438,238.1199951171875,26597800
2024-11-11,240.52000427246094,242.38999938964844,239.85000610351562,241.6999969482422,29207700
2024-11-12,239.9600067138672,241.7899932861328,236.55999755859375,237.4600067138672,35314300
2024-11-13,238.9499969482422,239.8800048828125,234.8300018310547,235.11000061035156,25947700
2024-11-14,235.9499969482422,236.42999267578125,231.2100067138672,231.94000244140625,29272100
2024-11-15,232.22000122070312,232.2899932861328,227.80999755859375,228.47999572753906,37930000
2024-11-18,229.22000122070312,230.60000610351562,228.1300048828125,228.92999267578125,29368500
2024-11-19,226.58999633789062,230.82000732421875,226.39999389648438,230.6300048828125,26009400
2024-11-20,230.22999572753906,230.92999267578125,228.0399932861328,230.92999267578125,24222700
2024-11-21,232.16000366210938,235.57000732421875,231.11000061035156,234.44000244140625,28679400
2024-11-22,235.63999938964844,239.24000549316406,235.3300018310547,238.77000427246094,22693100
2024-11-25,241.49000549316406,244.97999572753906,241.38999938964844,242.39999389648438,33534000
2024-11-26,241.17999267578125,241.61000061035156,239.42999267578125,240.6199951171875,22581400
2024-11-27,242.00999450683594,243.69000244140625,240.44000244140625,240.9499969482422,19472800
2024-11-29,242.3699951171875,243.47999572753906,241.5399932861328,241.8699951171875,16782700
2024-12-02,242.24000549316406,242.66000366210938,240.00999450683594,241.75,25274800
2024-12-03,241.5399932861328,242.13999938964844,239.3699951171875,240.02999877929688,21376700
2024-12-04,240.27999877929688,241.6699981689453,239.2100067138672,240.88999938964844,19903000
2024-12-05,240.52000427246094,240.86000061035156,237.74000549316406,238.0800018310547,20227000
2024-12-06,239.7899932861328,239.88999938964844,238.3800048828125,238.92999267578125,20760900
2024-12-09,240.5500030517578,241.3800048828125,237.64999389648438,237.72999572753906,16684300
2024-12-10,237.5800018310547,238.82000732421875,235.9199981689453,236.6999969482422,19946500
2024-12-11,238.7100067138672,239.2899932861328,236.8300018310547,237.77000427246094,23156900
2024-12-12,237.16000366210938,237.64999389648438,234.35000610351562,234.67999267578125,21454500
2024-12-13,234.3699951171875,234.86000061035156,231.8800048828125,233.07000732421875,23972900
2024-12-16,232.91000366210938,235.6300048828125,232.35000610351562,234.44000244140625,32293500
2024-12-17,232.6699981689453,233.44000244140625,230.5500030517578,231.07000732421875,33064300
2024-12-18,232.24000549316406,233.0800018310547,218.9199981689453,220.83999633789062,52267500
2024-12-19,223.25,224.42999267578125,219.3300018310547,219.86000061035156,51871700
2024-12-20,218.60000610351562,224.66000366210938,218.07000732421875,221.9199981689453,53882200
2024-12-23,221.74000549316406,222.39999389648438,219.3800048828125,221.41000366210938,29606800
2024-12-24,222.02000427246094,223.6300048828125,220.47999572753906,223.38999938964844,13399600
2024-12-26,222.4199981689453,226.13999938964844,221.47000122070312,225.67999267578125,20024800
2024-12-27,224.2899932861328,225.44000244140625,220.1999969482422,222.38999938964844,26956000
2024-12-30,220.6699981689453,221.80999755859375,217.85000610351562,220.67999267578125,25706100
2024-12-31,222.1199951171875,223.27999877929688,220.14999389648438,220.9600067138672,26208300
2025-01-02,222.92999267578125,224.3699951171875,219.60000610351562,221.13999938964844,29363000
2025-01-03,222.07000732421875,224.82000732421875,221.3800048828125,224.42999267578125,24525300
2025-01-06,225.75999450683594,227.1699981689453,224.13999938964844,224.52000427246094,23541900
2025-01-07,225.5800018310547,226.52000427246094,221.3800048828125,222.72000122070312,28835200
2025-01-08,220.89999389648438,222.30999755859375,219.00999450683594,221.7100067138672,26795900
2025-01-10,218.30999755859375,218.7100067138672,215.30999755859375,216.8300018310547,37379400
2025-01-13,214.5,217.52000427246094,213.97000122070312,217.25,28603800
2025-01-14,219.17999267578125,220.22999572753906,217.22000122070312,219.72000122070312,25447500
2025-01-15,225.44000244140625,225.5800018310547,223.0,224.0399932861328,30124700
2025-01-16,224.14999389648438,225.22999572753906,222.7100067138672,224.49000549316406,21029800
2025-01-17,226.92999267578125,226.97000122070312,224.6699981689453,225.4600067138672,26754900
2025-01-21,227.52000427246094,229.88999938964844,226.99000549316406,229.7899932861328,26086300
2025-01-22,229.35000610351562,229.85000610351562,227.8300018310547,228.2899932861328,21307300
2025-01-23,226.92999267578125,229.35000610351562,226.5500030517578,229.3300018310547,20850700
2025-01-24,228.82000732421875,230.22999572753906,228.0399932861328,228.69000244140625,19074500
2025-01-27,226.7100067138672,229.6199951171875,225.2100067138672,226.5,27461700
2025-01-28,226.74000549316406,227.55999755859375,225.17999267578125,226.75,16847400
2025-01-29,226.67999267578125,228.22000122070312,224.5800018310547,226.22999572753906,20280500
2025-01-30,228.52000427246094,230.0500030517578,226.9199981689453,228.52999877929688,25575100
2025-01-31,228.75,230.32000732421875,225.5399932861328,226.47999572753906,35330700
2025-02-03,221.50999450683594,225.5500030517578,220.6699981689453,223.8300018310547,34023300
2025-02-04,223.60000610351562,227.1300048828125,223.2100067138672,226.92999267578125,17985500
2025-02-05,228.05999755859375,229.5,226.88999938964844,229.39999389648438,15197300
2025-02-06,230.50999450683594,230.6999969482422,227.3000030517578,228.64999389648438,18809400
2025-02-07,228.85000610351562,229.25,225.5800018310547,226.0,28914400
2025-02-10,227.3699951171875,227.52000427246094,225.86000061035156,227.02000427246094,14574700
2025-02-11,225.0500030517578,226.4199981689453,224.80999755859375,225.6999969482422,18215700
2025-02-12,222.25999450683594,224.47999572753906,221.7899932861328,223.6199951171875,25572800
2025-02-13,225.0399932861328,226.33999633789062,223.75,226.13999938964844,21419400
2025-02-14,227.27000427246094,227.97999572753906,225.61000061035156,225.97000122070312,13574500
2025-02-18,226.14999389648438,227.6699981689453,225.50999450683594,227.2100067138672,15166500
2025-02-19,225.41000366210938,227.14999389648438,225.0800018310547,226.42999267578125,16194800
2025-02-20,226.00999450683594,226.19000244140625,223.00999450683594,224.25999450683594,18507700
2025-02-21,226.0,226.36000061035156,217.4600067138672,217.8000030517578,45036900
2025-02-24,218.7899932861328,218.7899932861328,215.14999389648438,216.22999572753906,30246200
2025-02-25,216.3699951171875,217.27000427246094,213.49000549316406,215.41000366210938,33665100
2025-02-26,216.05999755859375,218.41000366210938,214.83999633789062,215.67999267578125,25464200
2025-02-27,215.63999938964844,216.49000549316406,212.22000122070312,212.38999938964844,29378500
2025-02-28,211.63999938964844,214.66000366210938,210.9600067138672,214.64999389648438,32015400
2025-03-03,215.39999389648438,215.9600067138672,207.4199981689453,208.77999877929688,36330000
2025-03-04,205.92999267578125,209.77000427246094,203.19000244140625,206.4199981689453,56427100
2025-03-05,206.4499969482422,208.83999633789062,204.82000732421875,208.47000122070312,35778500
2025-03-06,205.77999877929688,208.1199951171875,203.89999389648438,205.27999877929688,39206300
2025-03-07,204.97000122070312,207.11000061035156,201.72999572753906,205.9499969482422,43514000
2025-03-10,203.44000244140625,204.74000549316406,198.75,200.77000427246094,39442800
2025-03-11,201.1199951171875,203.22000122070312,198.52999877929688,200.75,51509700
2025-03-12,203.0500030517578,203.75,199.5500030517578,201.10000610351562,36881700
2025-03-13,201.27000427246094,202.02999877929688,197.0,198.10000610351562,31336900
2025-03-14,200.24000549316406,203.07000732421875,199.33999633789062,202.88999938964844,34089400
2025-03-17,202.7100067138672,206.02000427246094,202.60000610351562,205.4499969482422,26947600
2025-03-18,203.85000610351562,203.9199981689453,202.35000610351562,203.2100067138672,22888000
2025-03-19,203.35000610351562,207.67999267578125,202.89999389648438,206.3699951171875,31595600
2025-03-20,204.32000732421875,207.3000030517578,204.1999969482422,205.05999755859375,25665900
2025-03-21,202.72000122070312,204.4199981689453,201.75999450683594,203.7899932861328,39470200
2025-03-24,206.9600067138672,209.22999572753906,206.69000244140625,208.86000061035156,25774700
2025-03-25,208.69000244140625,209.27000427246094,207.08999633789062,207.6999969482422,17836900
2025-03-26,207.9600067138672,208.82000732421875,204.67999267578125,205.58999633789062,19344600
2025-03-27,205.3300018310547,206.35000610351562,203.75999450683594,204.61000061035156,23960000
2025-03-28,204.5399932861328,204.5800018310547,199.3800048828125,200.4499969482422,26656200
2025-03-31,197.47999572753906,200.63999938964844,195.49000549316406,199.49000549316406,32250800
2025-04-01,198.99000549316406,201.22999572753906,196.66000366210938,199.50999450683594,26054100
2025-04-02,196.77999877929688,203.3300018310547,196.5399932861328,202.66000366210938,36603000
2025-04-03,193.11000061035156,195.05999755859375,189.1999969482422,189.64999389648438,60551500
2025-04-04,182.61000061035156,184.0500030517578,176.6699981689453,181.19000244140625,92612800
2025-04-07,174.32000732421875,190.25,171.72999572753906,179.5500030517578,96706200
2025-04-08,185.69000244140625,185.9199981689453,172.33999633789062,174.82000732421875,61090600
2025-04-09,172.72000122070312,192.11000061035156,171.74000549316406,189.67999267578125,123015100
2025-04-10,184.52000427246094,185.47999572753906,176.97999572753906,181.7100067138672,67503000
2025-04-11,181.13999938964844,184.85000610351562,178.5800018310547,184.36000061035156,44954400
2025-04-14,187.80999755859375,187.97000122070312,183.0500030517578,186.52999877929688,35214600
2025-04-15,186.33999633789062,189.0500030517578,185.83999633789062,186.75999450683594,30715500
2025-04-16,185.6999969482422,186.72999572753906,182.55999755859375,184.97000122070312,35063300
2025-04-17,184.99000549316406,187.42999267578125,184.4600067138672,186.47999572753906,42359200
2025-04-21,185.0,185.2899932861328,180.77000427246094,182.74000549316406,26019000
2025-04-22,185.14999389648438,188.10000610351562,184.5500030517578,187.47000122070312,34477100
2025-04-23,192.9199981689453,195.50999450683594,189.83999633789062,190.25,44866100
2025-04-24,190.75999450683594,194.3699951171875,189.88999938964844,194.05999755859375,29820100
2025-04-25,192.72000122070312,194.25999450683594,191.5500030517578,194.1199951171875,25029000
2025-04-28,194.5,196.14999389648438,192.52999877929688,194.94000244140625,22482300
2025-04-29,194.47000122070312,196.86000061035156,193.00999450683594,196.08999633789062,20118200
2025-04-30,193.13999938964844,195.47999572753906,190.72000122070312,194.86000061035156,29046100
2025-05-01,195.7100067138672,197.6699981689453,193.74000549316406,196.07000732421875,33169700
2025-05-02,198.3300018310547,201.2100067138672,198.17999267578125,200.47999572753906,30201800
2025-05-05,198.57000732421875,200.5,198.0800018310547,198.94000244140625,20834200
2025-05-06,196.58999633789062,198.58999633789062,195.63999938964844,196.77000427246094,24642100
2025-05-07,198.10000610351562,198.55999755859375,196.0399932861328,197.4199981689453,23623300
2025-05-08,199.77000427246094,202.74000549316406,198.25999450683594,201.17999267578125,32646300
2025-05-09,201.5399932861328,202.27999877929688,199.9600067138672,200.80999755859375,17203000
2025-05-12,208.83999633789062,209.72999572753906,205.82000732421875,207.8699951171875,38207200
2025-05-13,208.92999267578125,209.61000061035156,207.9600067138672,208.6300048828125,28295800
2025-05-14,208.0399932861328,208.5399932861328,206.52999877929688,206.77999877929688,26316100
2025-05-15,206.5800018310547,208.19000244140625,205.38999938964844,208.1300048828125,21563700
2025-05-16,208.4199981689453,210.1300048828125,207.77999877929688,209.85000610351562,28906400
2025-05-19,206.8000030517578,209.08999633789062,206.25999450683594,208.97000122070312,25859600
2025-05-20,208.66000366210938,209.75999450683594,207.9600067138672,209.0800018310547,22053100
2025-05-21,206.6300048828125,207.61000061035156,202.83999633789062,203.2100067138672,36704400
2025-05-22,202.2899932861328,204.3699951171875,201.52999877929688,203.1999969482422,31831300
2025-05-23,199.77999877929688,203.25999450683594,199.64999389648438,202.55999755859375,29114600
2025-05-27,205.63999938964844,207.75,204.16000366210938,207.6999969482422,31655900
2025-05-28,207.7100067138672,208.02999877929688,205.1999969482422,205.50999450683594,26046700
2025-05-29,206.9499969482422,207.05999755859375,204.47000122070312,206.1199951171875,32749500
2025-05-30,205.13999938964844,206.25,203.5399932861328,205.07000732421875,37768900
2025-06-02,205.32000732421875,205.83999633789062,202.6699981689453,205.7100067138672,30334300
2025-06-03,206.4600067138672,209.61000061035156,205.5500030517578,209.02999877929688,37702200
2025-06-04,209.17999267578125,210.00999450683594,208.13999938964844,208.44000244140625,27225300
2025-06-05,208.6999969482422,209.8300018310547,207.0,208.52999877929688,35728700
2025-06-06,211.5,212.1300048828125,210.60000610351562,211.89999389648438,32144500
2025-06-09,213.8699951171875,214.27999877929688,212.5500030517578,213.36000061035156,33984400
2025-06-10,214.4600067138672,215.42999267578125,213.80999755859375,214.50999450683594,30182200
2025-06-11,215.5800018310547,215.92999267578125,213.3000030517578,213.6300048828125,31113400
2025-06-12,212.1699981689453,213.27000427246094,211.6300048828125,212.77999877929688,25367000
2025-06-13,209.83999633789062,211.44000244140625,208.22000122070312,208.88999938964844,60580000
2025-06-16,210.47999572753906,211.9499969482422,209.63999938964844,210.77000427246094,28974000
2025-06-17,209.05999755859375,210.4499969482422,208.3699951171875,208.5500030517578,32843200
2025-06-18,208.44000244140625,211.38999938964844,207.77999877929688,209.64999389648438,42850500
2025-06-20,211.11000061035156,211.25,208.4600067138672,209.2100067138672,36978100
2025-06-23,208.47999572753906,211.77999877929688,206.80999755859375,211.77000427246094,35516400
2025-06-24,213.2899932861328,214.92999267578125,212.36000061035156,214.47000122070312,31772500
2025-06-25,214.66000366210938,214.72999572753906,211.88999938964844,211.97000122070312,27725600
2025-06-26,212.8300018310547,215.5500030517578,212.6999969482422,215.41000366210938,26261200
2025-06-27,216.0500030517578,217.41000366210938,214.1300048828125,215.47999572753906,47717300
2025-06-30,216.67999267578125,216.7100067138672,215.38999938964844,215.7899932861328,25558000
2025-07-01,214.6199951171875,220.52999877929688,214.14999389648438,218.00999450683594,43864800
2025-07-02,218.3699951171875,221.10000610351562,217.36000061035156,221.02999877929688,35735200
2025-07-03,222.00999450683594,223.3300018310547,221.77000427246094,223.0800018310547,23515700
2025-07-07,221.57000732421875,222.82000732421875,218.41000366210938,219.72999572753906,41551200
2025-07-08,220.5800018310547,222.2899932861328,220.3300018310547,221.25,36339300
2025-07-09,222.57000732421875,223.69000244140625,221.1199951171875,223.64999389648438,32425200
2025-07-10,223.38999938964844,226.0500030517578,222.86000061035156,224.8000030517578,33865900
2025-07-11,223.1699981689453,223.5399932861328,221.57000732421875,221.6999969482422,31579600
2025-07-14,221.3699951171875,223.33999633789062,221.05999755859375,223.19000244140625,24632200
2025-07-15,224.07000732421875,224.22999572753906,218.7899932861328,218.82000732421875,44215400
2025-07-16,220.22000122070312,221.3699951171875,216.91000366210938,221.02000427246094,48199800
2025-07-17,221.0800018310547,224.1999969482422,220.7100067138672,223.9199981689453,43548000
2025-07-18,225.2899932861328,225.36000061035156,221.97999572753906,222.3300018310547,49009900
2025-07-21,223.5399932861328,224.41000366210938,221.25,221.42999267578125,28191400
2025-07-22,221.6199951171875,223.80999755859375,220.66000366210938,223.27000427246094,30873300
2025-07-23,224.82000732421875,226.7100067138672,224.07000732421875,226.67999267578125,37478100
2025-07-24,225.52000427246094,225.85000610351562,223.47999572753906,223.5500030517578,29446700
2025-07-25,224.4199981689453,224.60000610351562,222.5399932861328,224.3800048828125,24555500
2025-07-28,225.32000732421875,225.44000244140625,223.42999267578125,224.1199951171875,24934900
2025-07-29,225.61000061035156,225.69000244140625,222.05999755859375,222.69000244140625,28685900
2025-07-30,223.66000366210938,224.92999267578125,220.1199951171875,221.55999755859375,48924400
2025-07-31,220.4600067138672,222.02000427246094,218.8800048828125,219.38999938964844,42913900
2025-08-01,216.22000122070312,216.55999755859375,212.33999633789062,214.9199981689453,63854100
2025-08-04,216.5500030517578,219.74000549316406,216.0800018310547,219.72999572753906,34989600
2025-08-05,220.55999755859375,221.25999450683594,218.24000549316406,220.85000610351562,31337100
2025-08-06,220.9499969482422,220.99000549316406,219.3800048828125,220.55999755859375,23142100
2025-08-07,222.75999450683594,222.83999633789062,218.50999450683594,219.83999633789062,37088000
2025-08-08,221.07000732421875,221.57000732421875,219.74000549316406,220.32000732421875,28318100
2025-08-11,220.77000427246094,221.67999267578125,219.80999755859375,220.27000427246094,25212800
2025-08-12,221.85000610351562,226.97999572753906,221.14999389648438,226.80999755859375,43815500
2025-08-13,228.25999450683594,231.4600067138672,227.8300018310547,231.22000122070312,41705800
2025-08-14,228.44000244140625,228.8000030517578,226.1699981689453,228.24000549316406,55945500
2025-08-15,228.63999938964844,228.77999877929688,226.0399932861328,227.1300048828125,33571400
2025-08-18,227.2100067138672,228.4600067138672,226.94000244140625,227.9600067138672,20144100
2025-08-19,228.02000427246094,228.97999572753906,225.69000244140625,226.2100067138672,25000700
2025-08-20,225.92999267578125,226.3800048828125,223.69000244140625,225.41000366210938,29229700
2025-08-21,224.41000366210938,226.32000732421875,223.77999877929688,225.97000122070312,24539400
2025-08-22,227.3699951171875,235.4199981689453,227.17999267578125,234.8300018310547,58205500
2025-08-25,234.13999938964844,234.3000030517578,232.36000061035156,232.36000061035156,28453700
2025-08-26,232.8300018310547,234.8699951171875,232.58999633789062,234.27999877929688,25121500
2025-08-27,233.74000549316406,236.1199951171875,233.55999755859375,235.94000244140625,25395400
2025-08-28,236.9600067138672,236.97000122070312,235.35000610351562,236.22000122070312,25011200
2025-08-29,236.74000549316406,237.02000427246094,234.3699951171875,235.1699981689453,29254800
2025-09-02,231.99000549316406,234.39999389648438,231.47000122070312,233.89999389648438,33108600
2025-09-03,233.27000427246094,235.25999450683594,232.4600067138672,233.6699981689453,33252400
2025-09-04,234.22999572753906,236.6699981689453,233.5800018310547,236.58999633789062,30323800
2025-09-05,237.72000122070312,239.67999267578125,234.9499969482422,237.77000427246094,47542500
2025-09-08,238.50999450683594,238.55999755859375,236.38999938964844,238.25,31487700
2025-09-09,237.89999389648438,237.9600067138672,235.4199981689453,236.85000610351562,35395800
2025-09-10,237.30999755859375,238.27000427246094,235.4600067138672,236.42999267578125,33910200
2025-09-11,236.85000610351562,240.92999267578125,236.24000549316406,240.8000030517578,43629800
2025-09-12,240.1999969482422,240.32000732421875,238.1999969482422,238.33999633789062,46097600
2025-09-15,239.22999572753906,240.0399932861328,238.5500030517578,239.35000610351562,33014000
2025-09-16,238.4499969482422,238.92999267578125,236.75999450683594,238.27999877929688,37059300
2025-09-17,238.82000732421875,244.27999877929688,237.02000427246094,238.88999938964844,79955600
2025-09-18,240.8000030517578,245.14999389648438,240.1300048828125,244.83999633789062,49167700
2025-09-19,245.57000732421875,245.57000732421875,242.50999450683594,242.97999572753906,56092000
2025-09-22,242.24000549316406,244.7899932861328,241.11000061035156,244.38999938964844,53572900
2025-09-23,245.00999450683594,247.17999267578125,243.44000244140625,243.83999633789062,41854500
2025-09-24,243.89999389648438,244.61000061035156,241.55999755859375,241.60000610351562,36002200
2025-09-25,238.97999572753906,239.99000549316406,237.5500030517578,239.2899932861328,37209500
2025-09-26,239.6199951171875,241.67999267578125,239.3300018310547,241.33999633789062,28942800
2025-09-29,242.83999633789062,242.92999267578125,240.80999755859375,241.6199951171875,26391500
2025-09-30,241.11000061035156,242.1300048828125,239.39999389648438,241.9600067138672,33447700
2025-10-01,240.57000732421875,243.0399932861328,240.5500030517578,242.49000549316406,28520000
2025-10-02,243.0,244.08999633789062,241.47000122070312,244.02000427246094,28687400
2025-10-03,245.35000610351562,248.08999633789062,245.02999877929688,245.8300018310547,34579600
2025-10-06,247.72999572753906,248.47999572753906,246.07000732421875,246.80999755859375,31507400
2025-10-07,247.36000061035156,247.63999938964844,243.19000244140625,244.16000366210938,31766600
2025-10-08,245.27999877929688,246.9600067138672,243.8000030517578,246.72000122070312,25825000
2025-10-09,246.30999755859375,247.25,244.00999450683594,245.1300048828125,26243100
2025-10-10,245.75,246.88999938964844,237.55999755859375,237.7899932861328,70569400
2025-10-13,241.8300018310547,244.6300048828125,241.39999389648438,244.41000366210938,36298600
2025-10-14,241.22999572753906,249.60000610351562,240.36000061035156,247.89999389648438,45320800
2025-10-15,250.36000061035156,252.77000427246094,247.05999755859375,250.3300018310547,45369000
2025-10-16,250.97000122070312,251.25999450683594,244.0,245.05999755859375,52740400
2025-10-17,243.32000732421875,245.16000366210938,241.47000122070312,243.41000366210938,55379500
2025-10-20,246.6199951171875,248.3300018310547,246.13999938964844,248.16000366210938,32545000
2025-10-21,247.42999267578125,248.3699951171875,245.50999450683594,246.99000549316406,26337900
2025-10-22,246.02999877929688,246.86000061035156,240.77000427246094,243.33999633789062,46578400
2025-10-23,244.2899932861328,247.1199951171875,243.67999267578125,246.4199981689453,28591000
2025-10-24,249.8000030517578,251.11000061035156,248.97000122070312,249.42999267578125,26627000
2025-10-27,251.77999877929688,252.2100067138672,249.5,250.3000030517578,31798100
2025-10-28,249.5500030517578,250.89999389648438,248.11000061035156,248.9600067138672,28075900
2025-10-29,248.83999633789062,251.13999938964844,244.69000244140625,246.83999633789062,56235300
2025-10-30,245.27000427246094,248.13999938964844,244.6300048828125,244.85000610351562,44538700
2025-10-31,244.99000549316406,246.7899932861328,243.69000244140625,246.22999572753906,37214700
2025-11-03,246.1699981689453,246.25999450683594,242.49000549316406,245.44000244140625,28887900
2025-11-04,241.7899932861328,244.05999755859375,241.0,241.1999969482422,34468700
2025-11-05,241.9600067138672,245.72999572753906,241.63999938964844,244.67999267578125,38229200
2025-11-06,244.25999450683594,244.7899932861328,240.0,240.35000610351562,40601200
2025-11-07,238.41000366210938,241.66000366210938,236.27000427246094,241.61000061035156,54978900
2025-11-10,245.00999450683594,245.24000549316406,242.25,244.02999877929688,31238000
2025-11-11,243.3699951171875,244.74000549316406,242.52000427246094,244.24000549316406,27357900
2025-11-12,244.83999633789062,246.3800048828125,243.3300018310547,243.63999938964844,34543200
2025-11-13,241.83999633789062,242.67999267578125,235.83999633789062,236.7899932861328,65710000
2025-11-14,233.33999633789062,238.72999572753906,233.27000427246094,237.47999572753906,58344400
2025-11-17,236.4600067138672,237.83999633789062,231.75999450683594,232.75999450683594,55765900
2025-11-18,231.30999755859375,235.0800018310547,230.9600067138672,233.47000122070312,63092500
2025-11-19,233.8000030517578,236.3699951171875,232.42999267578125,233.42999267578125,57280500
2025-11-20,237.24000549316406,239.10000610351562,228.89999389648438,229.11000061035156,95483000
2025-11-21,229.9600067138672,237.11000061035156,229.5800018310547,235.60000610351562,99504100
2025-11-24,235.9600067138672,240.38999938964844,235.47999572753906,239.89999389648438,36135300
2025-11-25,240.74000549316406,245.5500030517578,240.0399932861328,245.1300048828125,46160800
2025-11-26,245.0500030517578,248.8300018310547,244.77000427246094,247.3000030517578,34636600
2025-11-28,248.00999450683594,248.80999755859375,247.07000732421875,248.75,18911800
2025-12-01,245.57000732421875,247.69000244140625,245.33999633789062,245.6199951171875,36920000
2025-12-02,247.3699951171875,247.3699951171875,245.1199951171875,245.1699981689453,31918500
2025-12-03,245.97000122070312,249.83999633789062,245.47999572753906,249.6300048828125,32846300
2025-12-04,248.97000122070312,252.66000366210938,248.5399932861328,251.82000732421875,40245800
2025-12-05,251.49000549316406,252.66000366210938,250.27999877929688,250.77000427246094,36956600
2025-12-08,252.6999969482422,252.77000427246094,250.17999267578125,250.8699951171875,29100000
2025-12-09,250.25,252.9499969482422,250.10000610351562,251.38999938964844,30170100
2025-12-10,250.89999389648438,256.57000732421875,250.5399932861328,254.80999755859375,51105200
2025-12-11,254.63999938964844,258.010009765625,254.32000732421875,257.79998779296875,41345200
2025-12-12,257.95001220703125,258.20001220703125,253.44000244140625,253.85000610351562,57657700
2025-12-15,255.5500030517578,255.69000244140625,251.74000549316406,251.92999267578125,43120100
2025-12-16,250.33999633789062,252.16000366210938,248.47000122070312,249.89999389648438,43115300
2025-12-17,250.3699951171875,252.16000366210938,246.6999969482422,247.24000549316406,38132400
2025-12-18,250.17999267578125,251.36000061035156,248.2100067138672,248.7100067138672,39068000
2025-12-19,249.27999877929688,251.39999389648438,249.05999755859375,250.7899932861328,43610400
2025-12-22,252.27999877929688,255.1199951171875,252.1999969482422,253.5800018310547,40497300
2025-12-23,252.4199981689453,253.22000122070312,251.4600067138672,252.0800018310547,24973500
2025-12-24,251.97000122070312,252.86000061035156,251.1199951171875,252.7100067138672,12103000
2025-12-26,252.5800018310547,252.75,250.39999389648438,251.4199981689453,17429900
2025-12-29,250.25999450683594,251.5,249.35000610351562,249.8800048828125,25218800
2025-12-30,249.97000122070312,250.14999389648438,247.9499969482422,248.02999877929688,22123600
2025-12-31,248.17999267578125,248.27999877929688,246.00999450683594,246.16000366210938,35352000
2026-01-02,247.6300048828125,249.08999633789062,245.86000061035156,248.77999877929688,40007700
2026-01-05,249.7899932861328,253.5500030517578,249.57000732421875,252.72999572753906,37428100
2026-01-06,252.24000549316406,256.25,251.52000427246094,256.0799865722656,40677800
2026-01-07,256.3999938964844,256.79998779296875,253.97000122070312,255.47999572753906,33052000
2026-01-08,254.6999969482422,258.92999267578125,254.36000061035156,258.2699890136719,37957000
2026-01-09,259.5799865722656,261.55999755859375,258.0899963378906,260.2300109863281,36301500
2026-01-12,259.2799987792969,261.6600036621094,258.239990234375,261.5,28423400
2026-01-13,262.4100036621094,262.8900146484375,260.4599914550781,261.3500061035156,33882400
2026-01-14,261.1300048828125,263.4599914550781,260.19000244140625,263.19000244140625,37164300
2026-01-15,264.05999755859375,267.04998779296875,263.7300109863281,265.510009765625,33465200
2026-01-16,265.8699951171875,267.2200012207031,264.7099914550781,265.760009765625,33844900
2026-01-20,261.1400146484375,265.0799865722656,261.05999755859375,262.5799865722656,47911500
2026-01-21,264.6400146484375,268.5899963378906,262.9200134277344,267.7900085449219,59952800
2026-01-22,269.8299865722656,271.6000061035156,269.4200134277344,269.7900085449219,35110800
2026-01-23,269.0400085449219,269.04998779296875,264.4599914550781,264.80999755859375,42636700
2026-01-26,265.07000732421875,266.69000244140625,263.489990234375,263.9800109863281,32119300
2026-01-27,264.04998779296875,264.8599853515625,262.6600036621094,264.7300109863281,26975500
2026-01-28,265.9800109863281,266.67999267578125,262.55999755859375,263.29998779296875,37139100
2026-01-29,264.07000732421875,265.05999755859375,259.4100036621094,263.3699951171875,43922900
2026-01-30,261.07000732421875,262.9800109863281,257.94000244140625,259.6499938964844,59164200
2026-02-02,258.4800109863281,263.7699890136719,258.3500061035156,262.17999267578125,42896200
2026-02-03,263.05999755859375,265.05999755859375,258.54998779296875,262.7799987792969,54588000
2026-02-04,264.1600036621094,264.6499938964844,257.1400146484375,260.5199890136719,48826500
2026-02-05,258.5,261.6199951171875,255.0500030517578,255.8300018310547,48279600
2026-02-06,259.739990234375,265.7200012207031,259.5799865722656,265.0199890136719,43354900
2026-02-09,264.8399963378906,267.6700134277344,263.3399963378906,266.8800048828125,29064800
2026-02-10,267.2300109863281,268.5199890136719,265.8800048828125,266.1600036621094,24661700
2026-02-11,268.4700012207031,268.9599914550781,262.1000061035156,264.95001220703125,41829400
2026-02-12,267.0199890136719,267.4599914550781,258.3900146484375,259.5400085449219,47628200
2026-02-13,260.6000061035156,265.1700134277344,258.510009765625,262.9599914550781,45360300
2026-02-17,262.3800048828125,264.3599853515625,259.05999755859375,263.0400085449219,33734800
2026-02-18,263.0299987792969,266.9100036621094,261.8500061035156,263.989990234375,36034700
2026-02-19,262.57000732421875,264.6400146484375,261.0799865722656,264.6000061035156,31006000
2026-02-20,262.8500061035156,267.3299865722656,262.1400146484375,264.6099853515625,47126600
2026-02-23,263.3999938964844,264.3699951171875,258.1000061035156,260.489990234375,44001100
2026-02-24,260.3999938964844,264.1400146484375,259.8599853515625,263.3299865722656,34884200
2026-02-25,265.25,265.2799987792969,262.42999267578125,264.5799865722656,26012100
2026-02-26,265.010009765625,266.239990234375,262.1199951171875,265.989990234375,41206500
2026-02-27,262.1000061035156,262.760009765625,259.7699890136719,261.4100036621094,40631500
2026-03-02,257.80999755859375,264.2799987792969,257.7900085449219,263.80999755859375,53495700
2026-03-03,256.79998779296875,261.1199951171875,253.30999755859375,259.239990234375,59537000
2026-03-04,261.20001220703125,262.9599914550781,258.82000732421875,261.760009765625,37979700
2026-03-05,258.989990234375,260.760009765625,254.16000366210938,256.760009765625,60414600
2026-03-06,251.49000549316406,253.3000030517578,249.94000244140625,250.88999938964844,64192000
2026-03-09,247.58999633789062,254.64999389648438,244.38999938964844,253.6199951171875,65369500
2026-03-10,252.9600067138672,257.6499938964844,252.39999389648438,253.36000061035156,55879100
2026-03-11,252.33999633789062,254.3800048828125,250.5800018310547,252.85000610351562,50418100
2026-03-12,248.94000244140625,249.80999755859375,246.5800018310547,247.41000366210938,61802900
2026-03-13,249.25999450683594,250.61000061035156,245.5399932861328,246.58999633789062,53933300
2026-03-16,249.75999450683594,251.47000122070312,248.30999755859375,248.9199981689453,48755700
2026-03-17,249.8699951171875,251.7100067138672,248.9600067138672,250.0500030517578,40642800
2026-03-18,248.41000366210938,249.22999572753906,245.8800048828125,246.02000427246094,43192600
2026-03-19,243.02999877929688,250.08999633789062,242.52000427246094,247.6300048828125,59219500
2026-03-20,246.97000122070312,247.5,240.3300018310547,242.22000122070312,76749900
2026-03-23,247.1699981689453,251.36000061035156,246.11000061035156,247.4499969482422,78746600
2026-03-24,245.50999450683594,250.16000366210938,244.60000610351562,248.77999877929688,45210800
2026-03-25,251.74000549316406,253.07000732421875,249.52000427246094,251.82000732421875,45671700
2026-03-26,248.88999938964844,251.86000061035156,247.16000366210938,247.44000244140625,46830200
2026-03-27,246.00999450683594,246.74000549316406,242.41000366210938,243.10000610351562,48114400
2026-03-30,245.35000610351562,245.3699951171875,238.69000244140625,239.61000061035156,51290500
2026-03-31,243.0399932861328,248.9199981689453,242.24000549316406,248.0,58660800
2026-04-01,249.9199981689453,252.44000244140625,249.11000061035156,249.55999755859375,51295900
2026-04-02,244.94000244140625,252.3699951171875,244.8699951171875,251.2899932861328,30369200
2026-04-06,250.99000549316406,253.0500030517578,250.25,252.36000061035156,22151400
2026-04-07,251.2100067138672,253.47999572753906,249.52000427246094,252.91000366210938,34881900
2026-04-08,261.5199890136719,262.2699890136719,258.4100036621094,260.4700012207031,46680200
2026-04-09,258.7799987792969,262.8999938964844,258.7799987792969,261.9599914550781,26758400
2026-04-10,262.3999938964844,262.75,260.3399963378906,261.29998779296875,22365900
2026-04-13,260.239990234375,265.3599853515625,260.0199890136719,265.07000732421875,23820000
2026-04-14,267.0899963378906,269.4200134277344,266.2799987792969,268.7200012207031,24270400
2026-04-15,268.7799987792969,269.5899963378906,267.5899963378906,269.3900146484375,21670600
2026-04-16,269.45001220703125,270.3500061035156,268.04998779296875,269.95001220703125,30847900
2026-04-17,273.739990234375,277.6300048828125,273.1199951171875,275.7799987792969,46462700
2026-04-20,274.6499938964844,277.6700134277344,274.5299987792969,277.3500061035156,22993900
2026-04-21,278.17999267578125,279.7900085449219,273.760009765625,274.510009765625,32235200
2026-04-22,277.5899963378906,278.010009765625,274.8999938964844,276.4800109863281,20274300
2026-04-23,276.7300109863281,277.8699951171875,271.95001220703125,275.5199890136719,32886600
2026-04-24,276.6700134277344,278.1300048828125,274.2300109863281,276.6499938964844,21568600
2026-04-27,276.82000732421875,278.239990234375,276.25,277.1400146484375,23399400
2026-04-28,276.04998779296875,276.9700012207031,272.9200134277344,273.9100036621094,24139400
2026-04-29,273.9200134277344,274.3800048828125,270.3599853515625,272.0799865722656,29428900
2026-04-30,273.1300048828125,278.2200012207031,272.44000244140625,277.9700012207031,29220700
2026-05-01,278.6600036621094,279.80999755859375,276.57000732421875,279.2799987792969,28936700
2026-05-04,278.70001220703125,280.7900085449219,276.1000061035156,277.8800048828125,28632300
2026-05-05,280.1300048828125,282.95001220703125,280.0,282.55999755859375,24863200
2026-05-06,285.3599853515625,287.04998779296875,283.3599853515625,286.79998779296875,23330300
2026-05-07,287.5299987792969,287.5799865722656,281.1499938964844,282.260009765625,28350400
2026-05-08,284.0400085449219,284.9700012207031,282.6099853515625,284.1700134277344,22474300
2026-05-11,284.9200134277344,287.04998779296875,284.5899963378906,285.3299865722656,20150400
2026-05-12,284.0400085449219,284.05999755859375,278.2799987792969,282.57000732421875,27404600
2026-05-13,282.9200134277344,283.55999755859375,279.92999267578125,282.6700134277344,20742300
2026-05-14,283.8399963378906,285.6600036621094,281.9599914550781,284.45001220703125,17428700
2026-05-15,280.29998779296875,280.3299865722656,277.239990234375,277.6000061035156,35408000
2026-05-18,278.739990234375,279.0799865722656,273.94000244140625,275.9700012207031,27243300
2026-05-19,273.80999755859375,275.0799865722656,270.6300048828125,273.0,30276900
2026-05-20,274.9100036621094,280.0899963378906,273.4100036621094,279.8699951171875,31562000
2026-05-21,278.6600036621094,283.67999267578125,277.1499938964844,282.489990234375,31680500
2026-05-22,284.1000061035156,286.6099853515625,283.6700134277344,285.1199951171875,23849300
2026-05-26,288.3900146484375,290.54998779296875,287.739990234375,290.510009765625,24506500
2026-05-27,291.1600036621094,291.7200012207031,289.30999755859375,290.3699951171875,24519900
2026-05-28,289.6400146484375,292.739990234375,287.9800109863281,292.0299987792969,23710600
2026-05-29,291.3800048828125,291.4100036621094,288.3299865722656,290.42999267578125,26952800
2026-06-01,288.3699951171875,290.6099853515625,286.2699890136719,288.9800109863281,23826100
2026-06-02,288.4599914550781,291.8699951171875,288.3999938964844,291.6600036621094,18378800
2026-06-03,289.989990234375,290.010009765625,286.7799987792969,287.6700134277344,29167300
2026-06-04,287.55999755859375,292.8800048828125,286.6600036621094,292.010009765625,24307800
2026-06-05,289.1000061035156,289.3999938964844,280.1499938964844,281.6499938964844,35812800
2026-06-08,285.510009765625,286.8399963378906,283.5799865722656,284.1099853515625,27277400
2026-06-09,287.17999267578125,290.8699951171875,277.6199951171875,285.0199890136719,41761300
2026-06-10,284.5899963378906,289.0,281.760009765625,282.04998779296875,39285000
2026-06-11,284.44000244140625,291.05999755859375,284.07000732421875,290.4100036621094,41468800
2026-06-12,291.6300048828125,295.7200012207031,290.30999755859375,292.95001220703125,34415200
2026-06-15,296.55999755859375,297.9100036621094,293.9200134277344,294.6400146484375,23889000
2026-06-16,295.5,296.79998779296875,291.5799865722656,292.0799865722656,23807700
2026-06-17,292.4700012207031,295.82000732421875,288.92999267578125,289.8800048828125,39920100
2026-06-18,294.54998779296875,295.9700012207031,291.4200134277344,295.5899963378906,32463200
2026-06-22,297.1300048828125,299.489990234375,296.1600036621094,298.17999267578125,22796200
2026-06-23,293.260009765625,297.75,292.3999938964844,295.32000732421875,26821700
2026-06-24,295.8800048828125,299.69000244140625,294.69000244140625,296.69000244140625,28664900
2026-06-25,299.5199890136719,301.5,296.7300109863281,298.9100036621094,27599900
2026-06-26,296.6000061035156,300.0299987792969,295.7300109863281,299.8299865722656,39832500
2026-06-29,298.1099853515625,299.1600036621094,294.67999267578125,298.9700012207031,24834100
2026-06-30,298.55999755859375,300.9800109863281,297.44000244140625,300.45001220703125,23230300
2026-07-01,299.92999267578125,302.7200012207031,298.9200134277344,299.32000732421875,20607900
2026-07-02,300.5400085449219,302.2300109863281,294.9800109863281,297.5799865722656,21178900
2026-07-06,297.75,300.4100036621094,297.6199951171875,298.8999938964844,18581300
2026-07-07,299.1700134277344,299.9700012207031,295.17999267578125,296.19000244140625,18057100
2026-07-08,294.0299987792969,295.1000061035156,290.67999267578125,293.4800109863281,24078400
2026-07-09,295.2699890136719,297.8800048828125,294.8999938964844,297.239990234375,16466800
2026-07-10,297.69000244140625,298.2099914550781,293.6199951171875,295.989990234375,15888500
2026-07-13,295.05999755859375,295.7799987792969,292.6000061035156,293.4800109863281,19375500
2026-07-14,295.489990234375,296.07000732421875,293.75,294.510009765625,18326900
2026-07-15,295.25,297.1400146484375,294.1499938964844,295.7699890136719,18832700
2026-07-16,294.6499938964844,297.80999755859375,294.3500061035156,295.5899963378906,24081300
2026-07-17,292.0299987792969,296.1300048828125,291.6400146484375,294.0400085449219,28738500
2026-07-20,295.010009765625,295.989990234375,292.17999267578125,292.30999755859375,20539900
2026-07-21,293.42999267578125,296.75,292.67999267578125,296.5400085449219,18190200
2026-07-22,295.70001220703125,296.44000244140625,293.4100036621094,293.7900085449219,19116000
