Date,Open,High,Low,Close,Volume
2018-07-23,42.592498779296875,42.63999938964844,42.0724983215332,42.20750045776367,6605600
2018-07-24,41.95500183105469,42.6150016784668,41.55500030517578,42.5525016784668,9324000
2018-07-25,42.255001068115234,42.397499084472656,41.627498626708984,41.9375,10608800
2018-07-26,42.09749984741211,42.352500915527344,41.842498779296875,42.040000915527344,7826800
2018-07-27,41.96500015258789,42.119998931884766,41.55500030517578,41.744998931884766,6894800
2018-07-30,41.68000030517578,41.79499816894531,41.4375,41.557498931884766,6059200
2018-07-31,41.76499938964844,41.932498931884766,41.48500061035156,41.8849983215332,6672400
2018-08-01,41.76750183105469,42.067501068115234,41.36249923706055,41.974998474121094,8429600
2018-08-02,42.130001068115234,42.404998779296875,41.70500183105469,42.36249923706055,7048800
2018-08-03,42.32749938964844,42.98249816894531,42.212501525878906,42.787498474121094,5184000
2018-08-06,42.665000915527344,43.01750183105469,42.64250183105469,42.752498626708984,3531200
2018-08-07,42.744998931884766,42.744998931884766,42.38750076293945,42.657501220703125,4073600
2018-08-08,42.525001525878906,42.73500061035156,42.29750061035156,42.52000045776367,3776000
2018-08-09,42.54249954223633,42.755001068115234,42.397499084472656,42.712501525878906,3419600
2018-08-10,42.86750030517578,43.26499938964844,42.70000076293945,42.73249816894531,4484000
2018-08-13,42.787498474121094,43.09749984741211,42.75,42.82500076293945,6452000
2018-08-14,42.8650016784668,43.1349983215332,42.8224983215332,42.98500061035156,4366800
2018-08-15,43.07500076293945,43.47999954223633,43.005001068115234,43.192501068115234,6485600
2018-08-16,43.14250183105469,43.76499938964844,42.96500015258789,43.6974983215332,6614400
2018-08-17,43.76499938964844,43.912498474121094,43.459999084472656,43.79249954223633,5126000
2018-08-20,43.787498474121094,43.90250015258789,43.470001220703125,43.57500076293945,4678800
2018-08-21,43.622501373291016,43.622501373291016,43.040000915527344,43.157501220703125,4931600
2018-08-22,43.23249816894531,43.29499816894531,42.779998779296875,42.9275016784668,5132800
2018-08-23,43.005001068115234,43.2599983215332,42.852500915527344,42.907501220703125,4972400
2018-08-24,43.040000915527344,43.209999084472656,42.77000045776367,43.17499923706055,5074800
2018-08-27,43.32749938964844,43.45000076293945,42.650001525878906,42.8650016784668,5547600
2018-08-28,42.82500076293945,42.86750030517578,42.43000030517578,42.63999938964844,6960800
2018-08-29,42.502498626708984,42.71500015258789,42.474998474121094,42.63249969482422,5860000
2018-08-30,42.59000015258789,42.880001068115234,42.56999969482422,42.70750045776367,6477200
2018-08-31,42.72999954223633,42.95000076293945,42.349998474121094,42.525001525878906,7193600
2018-09-04,42.560001373291016,42.6875,42.3025016784668,42.50749969482422,6797200
2018-09-05,42.5,42.96500015258789,42.412498474121094,42.904998779296875,7756400
2018-09-06,43.10499954223633,43.70249938964844,43.04499816894531,43.45500183105469,8914800
2018-09-07,43.067501068115234,43.375,42.872501373291016,43.025001525878906,7582000
2018-09-10,43.189998626708984,43.247501373291016,42.912498474121094,43.00749969482422,6013200
2018-09-11,43.029998779296875,43.34000015258789,43.025001525878906,43.037498474121094,8125200
2018-09-12,43.060001373291016,43.2599983215332,42.93000030517578,43.125,7226000
2018-09-13,43.19499969482422,43.67250061035156,42.977500915527344,43.650001525878906,8164800
2018-09-14,43.532501220703125,43.592498779296875,43.002498626708984,43.412498474121094,6674800
2018-09-17,43.19499969482422,43.51499938964844,43.10499954223633,43.46500015258789,6198800
2018-09-18,43.459999084472656,43.557498931884766,43.20500183105469,43.36000061035156,4172400
2018-09-19,43.33250045776367,43.38999938964844,41.932498931884766,42.29249954223633,9291600
2018-09-20,42.16999816894531,42.38249969482422,41.60499954223633,42.317501068115234,8137200
2018-09-21,42.407501220703125,42.845001220703125,41.98500061035156,42.689998626708984,16923200
2018-09-24,42.625,42.630001068115234,42.11000061035156,42.20249938964844,8995600
2018-09-25,42.29249954223633,42.29249954223633,41.532501220703125,41.712501525878906,7246400
2018-09-26,41.837501525878906,41.837501525878906,41.067501068115234,41.11249923706055,8836800
2018-09-27,41.165000915527344,41.64250183105469,41.0625,41.397499084472656,9672400
2018-09-28,41.52000045776367,41.907501220703125,41.52000045776367,41.900001525878906,9424800
2018-10-01,41.84749984741211,41.85499954223633,41.57749938964844,41.747501373291016,5196000
2018-10-02,41.90999984741211,42.439998626708984,41.880001068115234,42.334999084472656,5572400
2018-10-03,42.24250030517578,42.775001525878906,41.6349983215332,42.060001373291016,9156000
2018-10-04,42.04249954223633,42.32500076293945,41.54750061035156,42.3125,9448000
2018-10-05,42.34749984741211,43.192501068115234,42.34749984741211,43.092498779296875,8373200
2018-10-08,43.14500045776367,43.61249923706055,43.0,43.33000183105469,6803600
2018-10-09,43.40250015258789,43.61750030517578,43.150001525878906,43.432498931884766,5881200
2018-10-10,43.432498931884766,43.915000915527344,43.14500045776367,43.1875,7882800
2018-10-11,43.369998931884766,43.51250076293945,42.212501525878906,42.272499084472656,8446000
2018-10-12,42.30500030517578,42.45249938964844,41.970001220703125,42.34000015258789,6944400
2018-10-15,42.317501068115234,42.64500045776367,42.11750030517578,42.40999984741211,6965200
2018-10-16,42.599998474121094,43.084999084472656,42.415000915527344,42.8224983215332,4700400
2018-10-17,42.787498474121094,42.900001525878906,42.38999938964844,42.70500183105469,3537600
2018-10-18,42.790000915527344,43.022499084472656,42.630001068115234,42.89250183105469,4088400
2018-10-19,42.907501220703125,43.622501373291016,42.82500076293945,43.3650016784668,7297200
2018-10-22,43.397499084472656,43.415000915527344,42.977500915527344,43.165000915527344,5971600
2018-10-23,42.22999954223633,43.61000061035156,42.22999954223633,42.657501220703125,8898800
2018-10-24,42.834999084472656,44.20750045776367,42.68000030517578,43.900001525878906,8558800
2018-10-25,43.712501525878906,43.80500030517578,42.967498779296875,43.29999923706055,8854400
2018-10-26,43.525001525878906,43.70249938964844,42.1775016784668,42.47249984741211,8519600
2018-10-29,42.567501068115234,43.24250030517578,42.52000045776367,43.19499969482422,6566800
2018-10-30,43.43000030517578,43.6349983215332,42.83000183105469,43.38750076293945,7572800
2018-10-31,43.20000076293945,43.5099983215332,42.75749969482422,43.125,9051600
2018-11-01,43.380001068115234,43.380001068115234,42.33250045776367,42.61750030517578,9389200
2018-11-02,42.77000045776367,42.94499969482422,41.6875,42.037498474121094,11806400
2018-11-05,42.04750061035156,42.89500045776367,42.04249954223633,42.6775016784668,8274000
2018-11-06,42.63999938964844,42.897499084472656,42.375,42.8650016784668,5963600
2018-11-07,43.13999938964844,43.467498779296875,42.9275016784668,43.3849983215332,6530000
2018-11-08,43.3849983215332,43.505001068115234,42.912498474121094,43.4900016784668,6676400
2018-11-09,43.58000183105469,44.2599983215332,43.404998779296875,44.13999938964844,8160400
2018-11-12,44.04750061035156,44.997501373291016,43.90250015258789,44.622501373291016,8538800
2018-11-13,44.7599983215332,44.86750030517578,44.32500076293945,44.665000915527344,7297600
2018-11-14,44.41999816894531,44.5625,43.790000915527344,44.20500183105469,12378000
2018-11-15,44.067501068115234,44.79750061035156,43.665000915527344,44.79499816894531,10935600
2018-11-16,45.04499816894531,45.150001525878906,44.58000183105469,45.09749984741211,7948000
2018-11-19,45.040000915527344,45.51750183105469,44.79499816894531,45.502498626708984,7018400
2018-11-20,45.654998779296875,45.912498474121094,44.63750076293945,44.692501068115234,9752800
2018-11-21,44.625,44.625,43.974998474121094,44.04499816894531,5978800
2018-11-23,44.04499816894531,44.45000076293945,43.82500076293945,44.33250045776367,4360800
2018-11-26,44.35499954223633,44.49250030517578,43.92250061035156,44.25749969482422,7455200
2018-11-27,44.39250183105469,44.54750061035156,44.04999923706055,44.5,9084800
2018-11-28,44.63999938964844,44.807498931884766,44.3025016784668,44.51250076293945,7868400
2018-11-29,44.27000045776367,44.380001068115234,43.717498779296875,44.279998779296875,6867200
2018-11-30,44.41999816894531,45.50749969482422,44.30500030517578,45.4275016784668,15807200
2018-12-03,45.102500915527344,45.625,44.86249923706055,45.622501373291016,9724800
2018-12-04,45.625,46.04249954223633,45.400001525878906,45.54249954223633,10024800
2018-12-06,45.60499954223633,45.755001068115234,44.66999816894531,45.665000915527344,11354400
2018-12-07,45.494998931884766,46.04999923706055,45.209999084472656,45.71500015258789,10121600
2018-12-10,45.63999938964844,45.845001220703125,44.91999816894531,45.65250015258789,10441600
2018-12-11,45.58000183105469,45.959999084472656,45.29249954223633,45.744998931884766,12055200
2018-12-12,45.744998931884766,45.9275016784668,45.30500030517578,45.32749938964844,11912400
2018-12-13,45.334999084472656,45.79999923706055,45.334999084472656,45.54999923706055,12916400
2018-12-14,45.45500183105469,45.61249923706055,44.974998474121094,45.310001373291016,9227600
2018-12-17,45.59000015258789,45.59000015258789,43.717498779296875,43.912498474121094,13147600
2018-12-18,44.0625,44.45500183105469,43.85499954223633,44.0,11764000
2018-12-19,44.125,44.29499816894531,43.40999984741211,43.630001068115234,13437600
2018-12-20,43.625,44.13750076293945,43.09749984741211,43.727500915527344,13112400
2018-12-21,43.599998474121094,44.63999938964844,43.310001373291016,43.52750015258789,24148400
2018-12-24,43.61249923706055,43.845001220703125,41.72999954223633,42.02000045776367,6630000
2018-12-26,42.01750183105469,42.592498779296875,41.19499969482422,42.584999084472656,8393600
2018-12-27,42.6349983215332,43.040000915527344,41.98749923706055,43.040000915527344,9961600
2018-12-28,43.150001525878906,43.592498779296875,42.904998779296875,43.18000030517578,6924000
2018-12-31,43.252498626708984,43.50749969482422,42.81999969482422,43.45500183105469,6417600
2019-01-02,43.16999816894531,43.32500076293945,42.252498626708984,42.45750045776367,10549600
2019-01-03,42.477500915527344,42.790000915527344,42.16749954223633,42.352500915527344,9260800
2019-01-04,42.287498474121094,43.147499084472656,42.165000915527344,43.13249969482422,10848800
2019-01-07,42.912498474121094,43.23500061035156,42.625,43.06999969482422,9478000
2019-01-08,43.037498474121094,43.4474983215332,42.89250183105469,43.3849983215332,10599600
2019-01-09,43.38999938964844,43.5,43.01250076293945,43.1974983215332,7047600
2019-01-10,43.32500076293945,43.904998779296875,43.13750076293945,43.84749984741211,11384800
2019-01-11,43.78499984741211,44.03499984741211,43.412498474121094,43.9275016784668,8860000
2019-01-14,43.654998779296875,43.654998779296875,42.337501525878906,42.807498931884766,15355600
2019-01-15,42.84749984741211,43.95249938964844,42.6875,43.68000030517578,9261200
2019-01-16,43.505001068115234,43.727500915527344,43.20750045776367,43.66999816894531,7059200
2019-01-17,43.782501220703125,43.97999954223633,43.61000061035156,43.872501373291016,8200800
2019-01-18,44.099998474121094,44.15250015258789,43.77750015258789,44.022499084472656,7414400
2019-01-22,43.85749816894531,44.48749923706055,43.810001373291016,44.345001220703125,8654400
2019-01-23,44.48500061035156,44.8650016784668,44.04750061035156,44.845001220703125,9089200
2019-01-24,44.814998626708984,45.220001220703125,44.4900016784668,45.06999969482422,9812800
2019-01-25,44.625,44.872501373291016,43.47999954223633,43.54999923706055,15254400
2019-01-28,44.02750015258789,44.02750015258789,42.942501068115234,43.11750030517578,11976800
2019-01-29,43.27000045776367,43.35749816894531,42.935001373291016,43.21500015258789,7924400
2019-01-30,43.060001373291016,43.657501220703125,43.025001525878906,43.397499084472656,8345600
2019-01-31,43.36000061035156,44.8224983215332,43.337501525878906,44.744998931884766,12519600
2019-02-01,44.592498779296875,44.779998779296875,44.125,44.45500183105469,8934000
2019-02-04,44.27750015258789,44.54750061035156,44.032501220703125,44.525001525878906,11302000
2019-02-05,44.39250183105469,44.67499923706055,44.192501068115234,44.54249954223633,7956800
2019-02-06,44.682498931884766,44.810001373291016,44.400001525878906,44.525001525878906,6647200
2019-02-07,44.5,45.36249923706055,44.470001220703125,45.337501525878906,8516800
2019-02-08,45.3025016784668,45.842498779296875,45.255001068115234,45.752498626708984,7322400
2019-02-11,45.60499954223633,45.98249816894531,45.58000183105469,45.752498626708984,7404400
2019-02-12,45.75,46.102500915527344,45.41999816894531,45.817501068115234,7004800
2019-02-13,45.76499938964844,45.96500015258789,45.60749816894531,45.712501525878906,5726400
2019-02-14,45.84000015258789,46.11000061035156,45.6349983215332,45.65250015258789,6408000
2019-02-15,46.15250015258789,46.27750015258789,45.82500076293945,46.0099983215332,8813200
2019-02-19,46.032501220703125,46.45249938964844,45.849998474121094,46.342498779296875,9774000
2019-02-20,46.27000045776367,46.525001525878906,46.0099983215332,46.40999984741211,10203200
2019-02-21,46.22249984741211,46.717498779296875,46.13999938964844,46.63999938964844,8274800
2019-02-22,46.70750045776367,47.03499984741211,46.439998626708984,47.032501220703125,6735200
2019-02-25,47.11249923706055,47.34749984741211,46.57749938964844,46.970001220703125,7555600
2019-02-26,47.04499816894531,47.255001068115234,46.787498474121094,47.057498931884766,7644400
2019-02-27,46.64500045776367,46.872501373291016,46.52000045776367,46.70249938964844,7288000
2019-02-28,46.752498626708984,47.185001373291016,46.51499938964844,46.93000030517578,12454000
2019-03-01,46.880001068115234,47.14500045776367,46.647499084472656,46.88999938964844,6865600
2019-03-04,47.057498931884766,47.13750076293945,46.64250183105469,47.060001373291016,8609200
2019-03-05,47.092498779296875,47.3025016784668,47.005001068115234,47.08000183105469,7666800
2019-03-06,47.01499938964844,47.24250030517578,46.744998931884766,46.89250183105469,7155600
2019-03-07,47.064998626708984,47.282501220703125,46.845001220703125,46.98249816894531,9411200
2019-03-08,47.15250015258789,47.35749816894531,46.72999954223633,47.17499923706055,6972800
2019-03-11,47.15250015258789,47.44499969482422,47.1150016784668,47.375,7135600
2019-03-12,47.5,47.84000015258789,47.35749816894531,47.72249984741211,7140400
2019-03-13,47.467498779296875,47.880001068115234,47.3650016784668,47.74250030517578,4916000
2019-03-14,47.790000915527344,48.04249954223633,47.5525016784668,47.744998931884766,5816800
2019-03-15,47.689998626708984,47.98500061035156,47.502498626708984,47.810001373291016,14402000
2019-03-18,47.86750030517578,47.994998931884766,47.532501220703125,47.717498779296875,7469200
2019-03-19,47.63249969482422,47.65250015258789,46.9474983215332,47.125,8080800
2019-03-20,47.2599983215332,47.79249954223633,46.959999084472656,47.467498779296875,8669200
2019-03-21,47.5724983215332,48.06999969482422,47.462501525878906,47.977500915527344,7499200
2019-03-22,48.0625,48.88750076293945,48.0625,48.48249816894531,9486000
2019-03-25,48.61249923706055,48.775001525878906,48.38750076293945,48.40250015258789,7038400
2019-03-26,48.45500183105469,48.83250045776367,48.255001068115234,48.75,6093200
2019-03-27,48.8125,48.82500076293945,48.217498779296875,48.47999954223633,6116800
2019-03-28,48.477500915527344,48.59749984741211,47.83000183105469,47.97999954223633,9324000
2019-03-29,47.98249816894531,48.36750030517578,47.82500076293945,48.33000183105469,12039200
2019-04-01,48.35499954223633,48.4375,47.5525016784668,47.622501373291016,9640400
2019-04-02,47.6775016784668,47.75,47.1775016784668,47.369998931884766,9960400
2019-04-03,47.27750015258789,47.56999969482422,46.97249984741211,47.32749938964844,8202800
2019-04-04,47.494998931884766,47.5099983215332,46.85749816894531,47.099998474121094,7106800
2019-04-05,47.345001220703125,47.584999084472656,47.0,47.52000045776367,6452800
2019-04-08,47.36000061035156,47.45500183105469,46.95750045776367,47.15999984741211,5772800
2019-04-09,47.15999984741211,47.48500061035156,47.13249969482422,47.4275016784668,6617200
2019-04-10,47.4375,47.85499954223633,47.099998474121094,47.154998779296875,5291600
2019-04-11,47.154998779296875,47.54499816894531,47.099998474121094,47.5099983215332,5738400
2019-04-12,47.342498779296875,47.76250076293945,47.11249923706055,47.712501525878906,4768400
2019-04-15,47.77750015258789,48.01750183105469,47.66999816894531,47.790000915527344,5872800
2019-04-16,47.76499938964844,48.07749938964844,47.35499954223633,47.380001068115234,6523200
2019-04-17,47.4375,47.63750076293945,47.2599983215332,47.412498474121094,8045600
2019-04-18,47.35499954223633,47.66999816894531,47.310001373291016,47.34000015258789,6670800
2019-04-22,47.29249954223633,47.70750045776367,47.26250076293945,47.595001220703125,7303600
2019-04-23,47.71500015258789,47.86750030517578,47.02000045776367,47.4474983215332,8818000
2019-04-24,47.439998626708984,47.775001525878906,47.287498474121094,47.51499938964844,6187200
2019-04-25,47.35749816894531,47.93000030517578,47.314998626708984,47.619998931884766,5898400
2019-04-26,47.849998474121094,48.34749984741211,47.8224983215332,47.9275016784668,5653600
2019-04-29,48.00749969482422,48.224998474121094,47.65250015258789,47.942501068115234,7094400
2019-04-30,47.939998626708984,48.662498474121094,47.814998626708984,48.61000061035156,10643600
2019-05-01,48.377498626708984,48.7599983215332,48.23249816894531,48.317501068115234,8541200
2019-05-02,48.209999084472656,48.467498779296875,47.63999938964844,47.93000030517578,10035600
2019-05-03,47.89250183105469,48.157501220703125,47.70249938964844,48.102500915527344,6694800
2019-05-06,48.04999923706055,48.33250045776367,47.709999084472656,47.724998474121094,6730000
2019-05-07,47.45249938964844,47.689998626708984,47.21500015258789,47.4375,7748400
2019-05-08,47.400001525878906,47.502498626708984,46.82500076293945,46.970001220703125,7887200
2019-05-09,47.11249923706055,47.3025016784668,46.869998931884766,47.15250015258789,6872400
2019-05-10,47.13999938964844,48.04999923706055,47.02000045776367,47.939998626708984,6420000
2019-05-13,47.85499954223633,48.852500915527344,47.77000045776367,48.73249816894531,10632800
2019-05-14,48.72999954223633,49.1775016784668,48.377498626708984,48.724998474121094,8954400
2019-05-15,48.8025016784668,49.032501220703125,48.61750030517578,48.71500015258789,7071600
2019-05-16,48.622501373291016,49.47999954223633,48.45500183105469,49.27750015258789,8465600
2019-05-17,48.95750045776367,49.8650016784668,48.904998779296875,49.744998931884766,6821600
2019-05-20,49.81999969482422,50.15250015258789,49.73500061035156,49.837501525878906,5464000
2019-05-21,49.875,50.247501373291016,49.6974983215332,49.724998474121094,6069200
2019-05-22,49.872501373291016,50.587501525878906,49.654998779296875,50.48249816894531,6706800
2019-05-23,50.564998626708984,50.9474983215332,50.564998626708984,50.88249969482422,8216000
2019-05-24,50.93000030517578,51.182498931884766,50.77750015258789,50.842498779296875,5559200
2019-05-28,50.942501068115234,51.022499084472656,50.23249816894531,50.29249954223633,7048400
2019-05-29,50.4275016784668,50.56999969482422,49.61750030517578,49.68000030517578,7214400
2019-05-30,49.77750015258789,50.01250076293945,49.6150016784668,49.73500061035156,6462800
2019-05-31,49.5724983215332,49.84749984741211,49.15250015258789,49.5525016784668,9161600
2019-06-03,49.73249816894531,49.915000915527344,49.32749938964844,49.89500045776367,6806000
2019-06-04,50.03499984741211,50.07749938964844,49.092498779296875,49.845001220703125,7811600
2019-06-05,50.125,51.212501525878906,50.00749969482422,51.162498474121094,7546400
2019-06-06,51.25,51.602500915527344,50.97249984741211,51.439998626708984,5614400
2019-06-07,51.724998474121094,52.11750030517578,51.09749984741211,51.09749984741211,6242800
2019-06-10,51.025001525878906,51.17250061035156,50.369998931884766,50.85499954223633,7104800
2019-06-11,50.79999923706055,50.95249938964844,50.189998626708984,50.49250030517578,4606800
2019-06-12,50.83250045776367,51.32749938964844,50.6974983215332,51.13750076293945,5236000
2019-06-13,51.150001525878906,51.375,50.8125,51.192501068115234,6806400
2019-06-14,51.415000915527344,51.83250045776367,51.23749923706055,51.7400016784668,5525200
2019-06-17,51.8125,52.0,51.3125,51.592498779296875,6233600
2019-06-18,51.95750045776367,51.98749923706055,50.967498779296875,51.35499954223633,6576400
2019-06-19,51.0724983215332,51.76750183105469,51.064998626708984,51.560001373291016,6602800
2019-06-20,51.665000915527344,51.8650016784668,51.18000030517578,51.595001220703125,8883600
2019-06-21,51.782501220703125,52.11750030517578,51.35499954223633,51.88750076293945,12560800
2019-06-24,52.09000015258789,52.162498474121094,51.717498779296875,52.04999923706055,6009200
2019-06-25,52.095001220703125,52.227500915527344,51.48749923706055,51.55500030517578,6954000
2019-06-26,51.349998474121094,51.560001373291016,50.755001068115234,50.76750183105469,7394400
2019-06-27,51.20000076293945,51.3650016784668,50.904998779296875,51.13750076293945,7529200
2019-06-28,50.99250030517578,52.057498931884766,50.8125,51.21500015258789,11647600
2019-07-01,51.092498779296875,51.21500015258789,50.26499938964844,51.005001068115234,8478800
2019-07-02,51.192501068115234,51.974998474121094,51.1875,51.915000915527344,6696000
2019-07-03,51.97249984741211,52.3650016784668,51.915000915527344,52.182498931884766,5654400
2019-07-05,51.86000061035156,52.11750030517578,51.33250045776367,52.02750015258789,4196400
2019-07-08,52.15250015258789,52.33250045776367,51.85499954223633,52.282501220703125,4322400
2019-07-09,52.060001373291016,52.25,51.79249954223633,52.040000915527344,7276000
2019-07-10,52.10749816894531,52.70500183105469,51.88750076293945,52.369998931884766,5922000
2019-07-11,52.397499084472656,52.68000030517578,52.13999938964844,52.599998474121094,5830400
2019-07-12,52.474998474121094,52.564998626708984,51.9474983215332,52.182498931884766,6283200
2019-07-15,52.16749954223633,52.404998779296875,51.92250061035156,52.212501525878906,8714000
2019-07-16,52.165000915527344,52.35749816894531,51.70000076293945,51.970001220703125,4281600
2019-07-17,52.17499923706055,52.834999084472656,52.17499923706055,52.477500915527344,6556800
2019-07-18,52.564998626708984,53.119998931884766,52.25,53.09000015258789,4413200
2019-07-19,52.95000076293945,53.125,52.349998474121094,52.432498931884766,5843600
2019-07-22,52.502498626708984,52.67250061035156,51.932498931884766,52.34000015258789,6547600
2019-07-23,52.352500915527344,52.375,51.73249816894531,51.82500076293945,6337200
2019-07-24,52.084999084472656,52.525001525878906,51.6349983215332,52.51499938964844,6080000
2019-07-25,52.03499984741211,52.36000061035156,51.7599983215332,51.907501220703125,7010000
2019-07-26,52.03499984741211,52.4375,51.95000076293945,52.29249954223633,4324800
2019-07-29,52.474998474121094,52.8849983215332,52.31999969482422,52.845001220703125,5274000
2019-07-30,52.84749984741211,53.092498779296875,52.067501068115234,52.34749984741211,6447200
2019-07-31,52.467498779296875,52.54249954223633,51.5525016784668,51.79249954223633,8446000
2019-08-01,51.657501220703125,52.90250015258789,51.619998931884766,52.564998626708984,7507600
2019-08-02,52.779998779296875,53.307498931884766,52.505001068115234,52.852500915527344,6912800
2019-08-05,52.88999938964844,53.15999984741211,51.775001525878906,52.01250076293945,8838400
2019-08-06,52.03499984741211,53.037498474121094,51.65999984741211,52.849998474121094,7171600
2019-08-07,52.84749984741211,53.5,52.15999984741211,53.217498779296875,6892800
2019-08-08,53.30500030517578,53.974998474121094,52.8025016784668,53.80500030517578,5971200
2019-08-09,53.96500015258789,54.29499816894531,53.752498626708984,54.119998931884766,5828800
2019-08-12,54.27750015258789,54.27750015258789,53.657501220703125,53.86249923706055,3922400
2019-08-13,53.84749984741211,54.26250076293945,53.69499969482422,53.904998779296875,7496800
2019-08-14,54.025001525878906,54.494998931884766,53.682498931884766,53.7400016784668,9558000
2019-08-15,53.657501220703125,54.467498779296875,53.5724983215332,54.287498474121094,7865600
2019-08-16,54.5724983215332,54.94499969482422,54.099998474121094,54.38249969482422,10488400
2019-08-19,54.32749938964844,54.90250015258789,54.154998779296875,54.7400016784668,5632400
2019-08-20,54.95000076293945,54.95000076293945,54.34749984741211,54.782501220703125,8316000
2019-08-21,54.96500015258789,55.334999084472656,54.787498474121094,55.314998626708984,7483600
2019-08-22,55.29249954223633,55.442501068115234,54.88249969482422,55.404998779296875,9159600
2019-08-23,55.63249969482422,56.04999923706055,55.157501220703125,55.474998474121094,10485600
2019-08-26,55.625,55.92250061035156,55.397499084472656,55.904998779296875,7455200
2019-08-27,56.057498931884766,56.39250183105469,55.974998474121094,56.002498626708984,9541200
2019-08-28,55.78499984741211,55.994998931884766,55.04249954223633,55.29750061035156,11356800
2019-08-29,55.630001068115234,55.630001068115234,54.8025016784668,55.279998779296875,8512000
2019-08-30,55.45249938964844,55.4900016784668,54.712501525878906,54.77000045776367,11786800
2019-09-03,54.70249938964844,56.397499084472656,54.70249938964844,56.38999938964844,9718400
2019-09-04,56.397499084472656,56.4900016784668,55.70750045776367,56.029998779296875,8909600
2019-09-05,54.79499816894531,55.334999084472656,54.650001525878906,54.95249938964844,17661200
2019-09-06,55.02750015258789,55.25749969482422,54.689998626708984,55.03499984741211,9130400
2019-09-09,54.79999923706055,55.22249984741211,54.72249984741211,54.97249984741211,8297600
2019-09-10,54.81999969482422,54.915000915527344,54.092498779296875,54.529998779296875,11094800
2019-09-11,54.505001068115234,55.147499084472656,54.36249923706055,55.01499938964844,8818000
2019-09-12,55.467498779296875,55.5625,54.93000030517578,55.185001373291016,8671200
2019-09-13,55.01499938964844,55.029998779296875,54.4474983215332,54.622501373291016,8213200
2019-09-16,54.64250183105469,54.77000045776367,54.314998626708984,54.57749938964844,5033600
2019-09-17,54.61000061035156,55.58250045776367,54.61000061035156,55.55500030517578,7596800
2019-09-18,55.71500015258789,56.04750061035156,55.342498779296875,55.974998474121094,7681600
2019-09-19,56.185001373291016,56.349998474121094,55.88999938964844,56.224998474121094,5906800
2019-09-20,56.29999923706055,56.5,55.90999984741211,56.43000030517578,19007200
2019-09-23,56.36000061035156,56.6150016784668,56.209999084472656,56.31999969482422,6634000
2019-09-24,56.470001220703125,57.16749954223633,56.34000015258789,57.127498626708984,8674400
2019-09-25,57.224998474121094,57.372501373291016,56.877498626708984,57.342498779296875,8423600
2019-09-26,57.497501373291016,58.1974983215332,57.39500045776367,57.93000030517578,8703600
2019-09-27,58.0625,58.14250183105469,57.537498474121094,57.814998626708984,7501200
2019-09-30,58.005001068115234,58.36249923706055,57.9375,58.247501373291016,8937600
2019-10-01,58.040000915527344,58.29249954223633,57.662498474121094,58.00749969482422,6727600
2019-10-02,57.92250061035156,58.119998931884766,57.13249969482422,57.27750015258789,8138400
2019-10-03,57.21500015258789,57.5724983215332,57.13999938964844,57.54249954223633,8017600
2019-10-04,57.52750015258789,58.46500015258789,57.5,58.397499084472656,6552800
2019-10-07,58.36249923706055,58.45500183105469,57.79249954223633,58.13750076293945,6154000
2019-10-08,58.03499984741211,58.04499816894531,57.4900016784668,57.49250030517578,6968000
2019-10-09,58.057498931884766,58.567501068115234,57.75,58.34000015258789,6004000
2019-10-10,58.005001068115234,58.21500015258789,57.560001373291016,58.0,7465600
2019-10-11,57.9474983215332,58.095001220703125,57.13750076293945,57.3849983215332,8301600
2019-10-14,57.502498626708984,57.595001220703125,56.88750076293945,57.224998474121094,4711600
2019-10-15,57.334999084472656,57.45500183105469,56.70750045776367,56.8849983215332,5672400
2019-10-16,56.91749954223633,57.584999084472656,56.64500045776367,57.477500915527344,7662000
2019-10-17,57.317501068115234,57.897499084472656,57.317501068115234,57.772499084472656,5366400
2019-10-18,57.79750061035156,58.19499969482422,57.57749938964844,58.119998931884766,8784400
2019-10-21,58.102500915527344,58.2599983215332,57.662498474121094,58.20000076293945,6488400
2019-10-22,58.4474983215332,59.97249984741211,58.252498626708984,59.060001373291016,12636800
2019-10-23,59.38750076293945,59.650001525878906,58.9275016784668,59.0,8912400
2019-10-24,59.0,59.41749954223633,58.70500183105469,59.38750076293945,6411200
2019-10-25,59.404998779296875,59.412498474121094,58.89250183105469,59.220001220703125,6072400
2019-10-28,59.125,59.1775016784668,58.15999984741211,58.307498931884766,7164400
2019-10-29,58.067501068115234,58.29249954223633,57.79999923706055,58.150001525878906,6861200
2019-10-30,58.33250045776367,59.157501220703125,58.252498626708984,58.8650016784668,4959200
2019-10-31,58.880001068115234,59.625,58.72999954223633,59.584999084472656,8228400
2019-11-01,59.67250061035156,59.72249984741211,58.772499084472656,58.9275016784668,8018000
2019-11-04,58.807498931884766,58.807498931884766,57.04750061035156,57.400001525878906,13459600
2019-11-05,56.852500915527344,57.32500076293945,56.1775016784668,56.77750015258789,9502400
2019-11-06,56.875,57.125,56.650001525878906,56.872501373291016,6976400
2019-11-07,56.654998779296875,56.65999984741211,55.165000915527344,55.772499084472656,12473200
2019-11-08,55.775001525878906,56.17250061035156,55.2599983215332,55.52000045776367,6431600
2019-11-11,55.59000015258789,55.869998931884766,55.4275016784668,55.55500030517578,6142800
2019-11-12,55.54750061035156,56.0,55.522499084472656,55.80500030517578,5798400
2019-11-13,56.224998474121094,57.04499816894531,56.224998474121094,56.977500915527344,7189200
2019-11-14,57.0,57.529998779296875,56.90250015258789,57.467498779296875,6329600
2019-11-15,57.60499954223633,57.8849983215332,57.087501525878906,57.85499954223633,7382400
2019-11-18,57.994998931884766,58.61000061035156,57.9375,58.040000915527344,7002400
2019-11-19,58.022499084472656,58.584999084472656,57.782501220703125,58.165000915527344,6522400
2019-11-20,58.334999084472656,59.189998626708984,58.18000030517578,58.80500030517578,8506000
2019-11-21,58.932498931884766,59.067501068115234,58.52750015258789,58.78499984741211,4990000
2019-11-22,58.85499954223633,59.04249954223633,57.93000030517578,58.345001220703125,5016000
2019-11-25,58.467498779296875,58.63999938964844,57.939998626708984,58.13999938964844,7456400
2019-11-26,58.29249954223633,58.810001373291016,58.25,58.72999954223633,15634000
2019-11-27,58.33250045776367,58.4474983215332,58.13999938964844,58.26750183105469,8584000
2019-11-29,58.65250015258789,58.932498931884766,58.307498931884766,58.45500183105469,3557600
2019-12-02,58.4275016784668,58.4275016784668,57.76750183105469,57.8125,7118000
2019-12-03,58.0,58.20500183105469,57.84749984741211,58.057498931884766,9249200
2019-12-04,57.912498474121094,58.61750030517578,57.875,58.564998626708984,6699200
2019-12-05,58.279998779296875,58.6974983215332,58.25749969482422,58.63999938964844,6413200
2019-12-06,58.602500915527344,58.85749816894531,58.377498626708984,58.59749984741211,6196000
2019-12-09,58.73500061035156,58.74250030517578,58.459999084472656,58.567501068115234,4560000
2019-12-10,58.59000015258789,58.73749923706055,58.45249938964844,58.61249923706055,4345600
2019-12-11,58.75,58.96500015258789,58.48500061035156,58.94499969482422,6212800
2019-12-12,58.880001068115234,59.04750061035156,58.192501068115234,58.474998474121094,6970400
2019-12-13,58.27000045776367,59.345001220703125,58.192501068115234,59.23749923706055,8345200
2019-12-16,59.310001373291016,59.875,59.099998474121094,59.86750030517578,14284800
2019-12-17,59.8650016784668,60.224998474121094,59.70500183105469,59.95500183105469,10374000
2019-12-18,60.182498931884766,60.25,59.685001373291016,60.0724983215332,8585600
2019-12-19,60.037498474121094,60.255001068115234,59.85749816894531,60.162498474121094,6882800
2019-12-20,61.02000045776367,61.252498626708984,60.0525016784668,60.6775016784668,16198000
2019-12-23,60.69499969482422,60.7400016784668,59.584999084472656,59.69499969482422,9474800
2019-12-24,59.727500915527344,60.127498626708984,59.459999084472656,60.127498626708984,2739600
2019-12-26,60.0625,60.4900016784668,60.02000045776367,60.4900016784668,5813200
2019-12-27,60.56999969482422,60.692501068115234,60.38249969482422,60.627498626708984,4319200
2019-12-30,60.42250061035156,60.55500030517578,60.0724983215332,60.3224983215332,4450000
2019-12-31,60.39250183105469,60.647499084472656,59.97999954223633,60.540000915527344,6910000
2020-01-02,60.49250030517578,60.91999816894531,59.48749923706055,59.654998779296875,7884800
2020-01-03,59.657501220703125,60.34000015258789,59.53499984741211,60.08000183105469,7097200
2020-01-06,60.17499923706055,60.650001525878906,60.10499954223633,60.380001068115234,5518800
2020-01-07,60.17250061035156,60.5525016784668,60.04249954223633,60.32749938964844,6653200
2020-01-08,60.41749954223633,60.73749923706055,60.25,60.29999923706055,5936000
2020-01-09,60.162498474121094,60.95500183105469,60.13249969482422,60.772499084472656,6958000
2020-01-10,60.95500183105469,61.17499923706055,60.79750061035156,60.88750076293945,5125600
2020-01-13,60.76250076293945,61.70750045776367,60.76250076293945,61.599998474121094,5879600
2020-01-14,61.557498931884766,61.95000076293945,61.45000076293945,61.932498931884766,8252800
2020-01-15,62.14500045776367,63.04750061035156,62.13750076293945,62.89500045776367,6397200
2020-01-16,62.720001220703125,63.07749938964844,62.584999084472656,63.067501068115234,7914400
2020-01-17,63.092498779296875,63.4375,62.852500915527344,63.349998474121094,9354000
2020-01-21,63.50749969482422,64.32499694824219,63.20249938964844,64.22250366210938,11486400
2020-01-22,64.73750305175781,65.19499969482422,64.41500091552734,64.9749984741211,7065600
2020-01-23,64.83999633789062,65.6875,64.83999633789062,65.0199966430664,10212400
2020-01-24,64.25749969482422,66.0199966430664,64.0425033569336,65.93000030517578,10310400
2020-01-27,65.65499877929688,66.94000244140625,65.57250213623047,66.68499755859375,8678800
2020-01-28,66.68499755859375,67.25,65.92749786376953,66.45249938964844,8262800
2020-01-29,66.6875,66.70249938964844,66.02999877929688,66.44000244140625,6008400
2020-01-30,66.46749877929688,67.5625,66.25499725341797,67.48249816894531,6328800
2020-01-31,67.36499786376953,67.66500091552734,66.68250274658203,67.05000305175781,7536800
2020-02-03,67.17250061035156,67.37000274658203,66.55249786376953,66.70249938964844,11041200
2020-02-04,66.56749725341797,66.82749938964844,65.9800033569336,66.13500213623047,10482800
2020-02-05,66.07250213623047,66.91500091552734,65.55249786376953,66.67749786376953,8666800
2020-02-06,66.6875,67.5824966430664,66.58999633789062,67.0824966430664,7874400
2020-02-07,67.37750244140625,67.9124984741211,67.29750061035156,67.38500213623047,6410000
2020-02-10,67.57749938964844,67.95249938964844,67.3324966430664,67.93499755859375,7666800
2020-02-11,68.19000244140625,68.49749755859375,67.98750305175781,68.0374984741211,7850800
2020-02-12,67.85749816894531,68.06749725341797,67.52999877929688,67.56500244140625,5836400
2020-02-13,67.56500244140625,68.96749877929688,67.56500244140625,68.86750030517578,7500400
2020-02-14,68.92250061035156,69.7699966430664,68.88500213623047,69.62999725341797,7354800
2020-02-18,70.0,70.8375015258789,69.59249877929688,70.51000213623047,9789600
2020-02-19,68.75499725341797,69.27999877929688,68.63749694824219,68.6675033569336,21134800
2020-02-20,68.98500061035156,69.28500366210938,68.32749938964844,69.25749969482422,10731600
2020-02-21,69.38249969482422,69.69000244140625,69.01750183105469,69.39749908447266,11030800
2020-02-24,68.69999694824219,69.65249633789062,68.48249816894531,68.48500061035156,9091600
2020-02-25,68.48500061035156,68.9749984741211,67.44999694824219,67.5824966430664,10285600
2020-02-26,67.23249816894531,68.32499694824219,67.0,67.36750030517578,9551600
2020-02-27,67.01000213623047,67.73249816894531,63.90250015258789,63.962501525878906,14604000
2020-02-28,62.037498474121094,63.477500915527344,60.77000045776367,63.189998626708984,27468400
2020-03-02,63.412498474121094,67.2249984741211,63.08250045776367,67.0875015258789,19305600
2020-03-03,67.27249908447266,68.57499694824219,65.72250366210938,66.2874984741211,15636000
2020-03-04,67.30000305175781,70.64250183105469,67.30000305175781,70.55500030517578,14713200
2020-03-05,69.26249694824219,69.96499633789062,68.11000061035156,69.04000091552734,12412000
2020-03-06,67.13999938964844,68.22750091552734,65.42500305175781,67.95500183105469,14556400
2020-03-09,63.6150016784668,66.58000183105469,63.6150016784668,65.31999969482422,15564400
2020-03-10,66.40750122070312,66.83000183105469,60.57749938964844,63.932498931884766,23743600
2020-03-11,62.29999923706055,62.30500030517578,59.63999938964844,60.314998626708984,19631200
2020-03-12,54.032501220703125,57.915000915527344,51.51250076293945,52.22249984741211,31668400
2020-03-13,55.01250076293945,55.497501373291016,49.09000015258789,55.38999938964844,31586400
2020-03-16,49.5,55.165000915527344,49.185001373291016,50.342498779296875,20240400
2020-03-17,51.3650016784668,56.86750030517578,51.0,55.439998626708984,21538000
2020-03-18,52.26499938964844,56.997501373291016,49.939998626708984,52.65999984741211,22198000
2020-03-19,52.502498626708984,55.407501220703125,50.1349983215332,51.775001525878906,17441200
2020-03-20,51.4375,52.474998474121094,46.71500015258789,47.9375,22482400
2020-03-23,46.66749954223633,47.14250183105469,43.70000076293945,45.415000915527344,23661600
2020-03-24,46.962501525878906,52.119998931884766,46.622501373291016,51.63249969482422,17900800
2020-03-25,51.41999816894531,55.0625,48.76750183105469,52.567501068115234,17794400
2020-03-26,52.724998474121094,58.54249954223633,52.650001525878906,57.775001525878906,14655200
2020-03-27,56.369998931884766,60.08000183105469,55.84749984741211,57.98749923706055,16184400
2020-03-30,59.32749938964844,62.057498931884766,58.59000015258789,61.502498626708984,16373600
2020-03-31,60.52750015258789,61.974998474121094,59.790000915527344,60.154998779296875,18899200
2020-04-01,57.7400016784668,57.997501373291016,53.2599983215332,54.557498931884766,13691200
2020-04-02,53.75,57.3849983215332,53.53499984741211,56.61249923706055,9234400
2020-04-03,55.9900016784668,57.14250183105469,54.3849983215332,55.40999984741211,8755600
2020-04-06,57.6974983215332,59.2599983215332,57.005001068115234,58.627498626708984,13267600
2020-04-07,60.087501525878906,60.247501373291016,57.040000915527344,57.122501373291016,10507200
2020-04-08,57.407501220703125,59.04750061035156,56.0099983215332,58.375,18290800
2020-04-09,58.959999084472656,62.717498779296875,58.845001220703125,61.31999969482422,19587600
2020-04-13,60.63999938964844,60.967498779296875,58.595001220703125,59.0525016784668,10757200
2020-04-14,60.462501525878906,61.244998931884766,59.592498779296875,60.595001220703125,11673200
2020-04-15,60.0099983215332,60.34749984741211,58.88249969482422,59.30500030517578,9990800
2020-04-16,59.994998931884766,60.1974983215332,58.91999816894531,59.369998931884766,10331200
2020-04-17,60.627498626708984,61.782501220703125,59.692501068115234,61.564998626708984,10952800
2020-04-20,61.36249923706055,61.82500076293945,59.27750015258789,59.40250015258789,8714400
2020-04-21,58.76750183105469,59.54249954223633,57.76499938964844,58.85499954223633,10622000
2020-04-22,59.48249816894531,62.17499923706055,59.48249816894531,61.79249954223633,11759600
2020-04-23,61.59749984741211,61.9375,60.032501220703125,60.28499984741211,9360400
2020-04-24,60.432498931884766,60.48749923706055,58.98749923706055,59.92499923706055,8029200
2020-04-27,60.52750015258789,61.58000183105469,60.35749816894531,60.900001525878906,8457600
2020-04-28,61.564998626708984,61.724998474121094,59.525001525878906,59.82500076293945,8464800
2020-04-29,60.497501373291016,60.584999084472656,58.3224983215332,58.782501220703125,9901600
2020-04-30,58.46500015258789,58.474998474121094,57.224998474121094,57.779998779296875,17934800
2020-05-01,57.477500915527344,57.505001068115234,56.25,56.76250076293945,9168000
2020-05-04,56.75,57.79249954223633,56.23500061035156,57.522499084472656,9077200
2020-05-05,57.84000015258789,58.63750076293945,57.34749984741211,57.525001525878906,8042000
2020-05-06,57.72999954223633,57.790000915527344,55.654998779296875,55.665000915527344,7377600
2020-05-07,56.29999923706055,57.147499084472656,55.69499969482422,56.119998931884766,8692000
2020-05-08,56.84749984741211,57.657501220703125,56.435001373291016,57.432498931884766,11308800
2020-05-11,56.6974983215332,57.06999969482422,56.02750015258789,56.845001220703125,7854400
2020-05-12,57.04999923706055,57.35749816894531,56.317501068115234,56.98249816894531,9565200
2020-05-13,56.709999084472656,57.63249969482422,56.5,57.529998779296875,14076800
2020-05-14,56.942501068115234,58.33250045776367,56.8224983215332,58.057498931884766,11595600
2020-05-15,57.50749969482422,57.720001220703125,55.80500030517578,56.962501525878906,20232400
2020-05-18,58.48500061035156,59.224998474121094,58.122501373291016,58.86249923706055,9123200
2020-05-19,58.47999954223633,58.682498931884766,57.6150016784668,57.625,6532800
2020-05-20,58.07500076293945,59.057498931884766,57.70000076293945,58.1974983215332,5847200
2020-05-21,58.17499923706055,58.369998931884766,57.01750183105469,57.224998474121094,8308400
2020-05-22,57.20750045776367,58.502498626708984,56.787498474121094,58.462501525878906,5990000
2020-05-26,59.084999084472656,59.599998474121094,58.45000076293945,58.57749938964844,7658800
2020-05-27,59.4375,60.310001373291016,58.73500061035156,60.282501220703125,12343600
2020-05-28,61.099998474121094,63.01499938964844,60.90999984741211,62.84000015258789,12416000
2020-05-29,62.52750015258789,64.12750244140625,62.375,63.88999938964844,15309600
2020-06-01,63.522499084472656,64.5824966430664,62.8125,63.912498474121094,6655600
2020-06-02,63.89250183105469,65.0824966430664,63.432498931884766,64.1500015258789,10640000
2020-06-03,64.54750061035156,65.56500244140625,64.17500305175781,64.8949966430664,7303200
2020-06-04,64.41500091552734,65.13749694824219,62.02000045776367,62.97249984741211,12012400
2020-06-05,63.04499816894531,64.63999938964844,62.502498626708984,63.595001220703125,12370800
2020-06-08,63.26499938964844,65.18499755859375,62.64250183105469,65.12000274658203,8149200
2020-06-09,64.77749633789062,64.7874984741211,63.51499938964844,64.6675033569336,7990400
2020-06-10,64.70249938964844,65.2249984741211,63.89250183105469,64.19750213623047,6674400
2020-06-11,63.71500015258789,63.7400016784668,61.467498779296875,62.08250045776367,9718400
2020-06-12,62.942501068115234,63.029998779296875,61.060001373291016,61.727500915527344,8356800
2020-06-15,61.18000030517578,62.73249816894531,60.33250045776367,62.14250183105469,8404400
2020-06-16,63.380001068115234,63.41999816894531,61.66749954223633,62.04249954223633,8056800
2020-06-17,62.497501373291016,62.75,61.4275016784668,62.25,6767600
2020-06-18,62.04999923706055,62.47999954223633,61.587501525878906,62.23249816894531,6386800
2020-06-19,62.875,62.90999984741211,60.5525016784668,60.5525016784668,14452800
2020-06-22,60.79999923706055,62.04999923706055,60.13750076293945,61.7599983215332,7190800
2020-06-23,62.29249954223633,62.5625,60.57749938964844,60.8025016784668,9306000
2020-06-24,60.334999084472656,61.119998931884766,59.630001068115234,60.41749954223633,6901200
2020-06-25,60.33000183105469,60.33000183105469,58.89250183105469,59.790000915527344,7824800
2020-06-26,59.625,60.51499938964844,58.70249938964844,59.05500030517578,10107200
2020-06-29,59.377498626708984,59.622501373291016,58.439998626708984,59.560001373291016,5793200
2020-06-30,59.727500915527344,60.45249938964844,59.375,60.04249954223633,9532400
2020-07-01,59.91749954223633,61.875,59.57749938964844,61.564998626708984,6024400
2020-07-02,62.040000915527344,62.43000030517578,61.4375,61.599998474121094,5981200
2020-07-06,62.04750061035156,62.287498474121094,61.14500045776367,61.7400016784668,6256800
2020-07-07,61.11249923706055,62.084999084472656,60.90999984741211,61.68000030517578,6017200
2020-07-08,61.70750045776367,63.53499984741211,61.529998779296875,63.317501068115234,9633600
2020-07-09,62.807498931884766,63.342498779296875,62.13999938964844,62.997501373291016,6818800
2020-07-10,63.04499816894531,65.32250213623047,62.942501068115234,64.9000015258789,10079200
2020-07-13,64.74749755859375,65.60250091552734,63.84749984741211,64.05999755859375,9600800
2020-07-14,64.05999755859375,66.17250061035156,63.96500015258789,65.63749694824219,12154400
2020-07-15,66.1449966430664,66.6050033569336,64.70249938964844,64.75,8444800
2020-07-16,64.9625015258789,67.44999694824219,64.6875,67.09500122070312,10142000
2020-07-17,67.51499938964844,69.36499786376953,67.23249816894531,68.84500122070312,12461600
2020-07-20,68.875,69.47000122070312,68.3125,68.5824966430664,6368800
2020-07-21,68.4800033569336,69.89250183105469,68.44000244140625,69.0824966430664,5958400
2020-07-22,69.11750030517578,70.5999984741211,68.62750244140625,70.1050033569336,6368000
2020-07-23,70.0,71.0824966430664,69.77749633789062,70.24250030517578,8150000
2020-07-24,70.72000122070312,71.40750122070312,69.50250244140625,70.0625,7716000
2020-07-27,70.25,70.40249633789062,69.0250015258789,69.40750122070312,8909200
2020-07-28,69.30000305175781,70.82250213623047,69.15750122070312,70.01000213623047,6547600
2020-07-29,70.05999755859375,71.21499633789062,69.95999908447266,70.36000061035156,5381600
2020-07-30,70.03500366210938,70.61000061035156,69.78500366210938,70.58499908447266,4235200
2020-07-31,70.2300033569336,70.70500183105469,68.97250366210938,70.17500305175781,8030400
2020-08-03,70.28500366210938,70.46499633789062,69.10749816894531,69.39749908447266,8624400
2020-08-04,69.67749786376953,71.30750274658203,69.3499984741211,71.26249694824219,9142400
2020-08-05,71.30500030517578,71.5,70.48999786376953,70.94499969482422,6381600
2020-08-06,70.75749969482422,71.19249725341797,70.27749633789062,70.70249938964844,4588000
2020-08-07,70.70999908447266,72.35250091552734,70.625,71.94499969482422,4368800
2020-08-10,72.07250213623047,72.27999877929688,70.73249816894531,70.91000366210938,7240000
2020-08-11,70.99500274658203,71.1449966430664,69.11000061035156,69.44750213623047,6825200
2020-08-12,69.81500244140625,71.49250030517578,69.67500305175781,71.14749908447266,6124400
2020-08-13,70.75749969482422,71.36499786376953,70.65750122070312,71.0999984741211,3680000
2020-08-14,71.00250244140625,71.03500366210938,70.00499725341797,70.125,4912800
2020-08-17,70.51499938964844,71.26750183105469,70.0824966430664,70.74749755859375,4801200
2020-08-18,70.68000030517578,71.2925033569336,70.55000305175781,70.76249694824219,4764800
2020-08-19,71.05750274658203,71.06500244140625,70.45500183105469,70.58499908447266,5481600
2020-08-20,70.19499969482422,70.94000244140625,70.13999938964844,70.52749633789062,3631200
2020-08-21,70.66500091552734,70.76000213623047,70.11250305175781,70.60250091552734,5685600
2020-08-24,70.75,70.77999877929688,70.06500244140625,70.65750122070312,3548800
2020-08-25,70.9000015258789,70.9124984741211,69.78500366210938,70.32749938964844,4051600
2020-08-26,70.03250122070312,70.35250091552734,69.54000091552734,69.75,5238800
2020-08-27,69.5,70.12000274658203,69.1500015258789,69.72000122070312,4555600
2020-08-28,69.8949966430664,69.99250030517578,69.30999755859375,69.88749694824219,4618400
2020-08-31,69.83999633789062,70.9124984741211,69.66999816894531,69.7925033569336,6013600
2020-09-01,69.75499725341797,69.87999725341797,68.51249694824219,69.28250122070312,5729600
2020-09-02,69.36499786376953,72.42500305175781,68.9175033569336,72.06500244140625,9754400
2020-09-03,72.13749694824219,72.77249908447266,69.48750305175781,70.14749908447266,7855200
2020-09-04,70.79499816894531,71.5,68.19750213623047,69.33000183105469,7247600
2020-09-08,69.43499755859375,70.2074966430664,68.82499694824219,69.47750091552734,7158000
2020-09-09,70.0,71.70500183105469,69.95999908447266,70.59249877929688,4781600
2020-09-10,70.26499938964844,70.49749755859375,69.10749816894531,69.22750091552734,4362800
2020-09-11,69.5425033569336,69.79750061035156,68.86250305175781,69.5374984741211,3932800
2020-09-14,69.88749694824219,70.99749755859375,69.60749816894531,70.4800033569336,3916400
2020-09-15,73.9124984741211,74.82499694824219,72.7874984741211,73.92500305175781,10827600
2020-09-16,71.19249725341797,71.73750305175781,69.78250122070312,70.0875015258789,19501600
2020-09-17,69.5,70.06749725341797,68.95249938964844,69.87999725341797,9385600
2020-09-18,69.74250030517578,70.49749755859375,68.95999908447266,69.2300033569336,14386000
2020-09-21,68.75,69.17250061035156,67.89250183105469,69.05000305175781,7558800
2020-09-22,69.36499786376953,69.98750305175781,68.74250030517578,69.51499938964844,7192800
2020-09-23,69.66500091552734,69.66500091552734,68.27999877929688,68.32749938964844,5855200
2020-09-24,68.17749786376953,69.94000244140625,68.13999938964844,69.38500213623047,7478400
2020-09-25,68.8499984741211,70.53250122070312,68.5824966430664,70.45500183105469,5456800
2020-09-28,70.86499786376953,71.50749969482422,70.66000366210938,71.03500366210938,6918400
2020-09-29,71.0250015258789,71.48249816894531,70.55000305175781,70.77999877929688,7094000
2020-09-30,70.19750213623047,70.78250122070312,66.78500366210938,69.38999938964844,23238400
2020-10-01,69.7699966430664,71.01000213623047,69.66000366210938,70.69000244140625,10018400
2020-10-02,69.69249725341797,71.7874984741211,69.625,70.2925033569336,8306000
2020-10-05,70.95999908447266,72.24500274658203,70.73249816894531,71.97750091552734,6599200
2020-10-06,72.16000366210938,73.125,71.31500244140625,72.56999969482422,7288400
2020-10-07,73.23750305175781,74.44249725341797,72.375,74.27999877929688,10130400
2020-10-08,74.6675033569336,75.49500274658203,74.23249816894531,75.26000213623047,5694400
2020-10-09,75.93000030517578,75.93000030517578,75.07499694824219,75.72750091552734,6472000
2020-10-12,75.75,77.01499938964844,75.5,76.4175033569336,5816400
2020-10-13,75.75,76.08000183105469,74.75,75.36750030517578,8596800
2020-10-14,75.5,75.81999969482422,74.67250061035156,75.16000366210938,5501200
2020-10-15,74.49500274658203,74.97250366210938,73.91500091552734,74.61499786376953,5739200
2020-10-16,74.88999938964844,76.55000305175781,74.68000030517578,76.4000015258789,7449600
2020-10-19,76.28250122070312,76.90750122070312,74.53500366210938,74.88749694824219,7710400
2020-10-20,75.30500030517578,76.0250015258789,74.8550033569336,75.24749755859375,6003200
2020-10-21,74.7249984741211,75.62000274658203,73.85749816894531,74.41999816894531,7796000
2020-10-22,74.90499877929688,76.07749938964844,74.80500030517578,75.56749725341797,8463600
2020-10-23,75.7750015258789,76.38749694824219,75.41000366210938,75.76750183105469,5617200
2020-10-26,75.31999969482422,75.73750305175781,74.3949966430664,75.6624984741211,5707600
2020-10-27,76.13999938964844,76.43000030517578,75.0199966430664,75.77999877929688,4834200
2020-10-28,74.73999786376953,76.05000305175781,74.29000091552734,74.45999908447266,7508900
2020-10-29,74.37999725341797,75.02999877929688,72.94000244140625,74.01000213623047,7753100
2020-10-30,73.7300033569336,74.3499984741211,72.5,73.20999908447266,8790500
2020-11-02,74.0999984741211,75.44999694824219,73.72000122070312,75.12999725341797,9233600
2020-11-03,76.05000305175781,76.93000030517578,75.38999938964844,76.0199966430664,6887900
2020-11-04,74.51000213623047,74.91000366210938,73.0,73.31999969482422,12128800
2020-11-05,75.30000305175781,76.25,74.48999786376953,74.75,8644100
2020-11-06,75.0,76.05999755859375,74.12000274658203,75.72000122070312,6076100
2020-11-09,81.08999633789062,83.33999633789062,75.3499984741211,75.51000213623047,12864500
2020-11-10,77.38999938964844,77.52999877929688,75.30999755859375,75.98999786376953,8649200
2020-11-11,76.51000213623047,78.37999725341797,76.20999908447266,77.54000091552734,6903300
2020-11-12,77.61000061035156,77.9000015258789,76.0199966430664,76.66999816894531,5901900
2020-11-13,77.0,77.7300033569336,76.79000091552734,77.19000244140625,6235000
2020-11-16,78.19999694824219,78.27999877929688,76.31999969482422,77.75,7667600
2020-11-17,77.75,78.47000122070312,76.38999938964844,76.61000061035156,5866300
2020-11-18,77.31999969482422,77.36000061035156,75.7699966430664,75.79000091552734,6501900
2020-11-19,75.94000244140625,76.0199966430664,74.80999755859375,75.12999725341797,7392300
2020-11-20,75.27999877929688,76.33000183105469,75.25,75.55000305175781,5891000
2020-11-23,76.0,76.0199966430664,74.12999725341797,74.56999969482422,7634600
2020-11-24,75.47000122070312,75.66000366210938,74.51000213623047,74.9800033569336,6699600
2020-11-25,74.66999816894531,76.0199966430664,74.48999786376953,75.97000122070312,6443100
2020-11-27,76.05000305175781,76.12999725341797,74.69999694824219,75.12999725341797,3669300
2020-11-30,75.30000305175781,75.4000015258789,73.25,73.58999633789062,13120300
2020-12-01,74.12000274658203,75.56999969482422,73.94999694824219,74.1500015258789,8099500
2020-12-02,74.13999938964844,74.36000061035156,72.91000366210938,74.30999755859375,5128800
2020-12-03,74.04000091552734,74.55000305175781,73.0199966430664,73.3499984741211,7660500
2020-12-04,73.12000274658203,73.55000305175781,71.94000244140625,72.5199966430664,7763800
2020-12-07,72.5,73.79000091552734,72.4000015258789,73.2699966430664,6752200
2020-12-08,72.86000061035156,74.29000091552734,72.12999725341797,73.68000030517578,8255400
2020-12-09,73.54000091552734,73.9000015258789,72.44999694824219,73.66999816894531,6683700
2020-12-10,73.79000091552734,74.11000061035156,72.98999786376953,73.27999877929688,6204600
2020-12-11,73.13999938964844,73.88999938964844,73.01000213623047,73.80000305175781,6022500
2020-12-14,74.4000015258789,75.22000122070312,73.5,73.55000305175781,5759900
2020-12-15,73.66000366210938,75.30000305175781,73.29000091552734,74.91000366210938,6859400
2020-12-16,75.18000030517578,75.75,74.19999694824219,74.44000244140625,7787700
2020-12-17,75.05999755859375,76.0199966430664,74.83999633789062,75.05999755859375,9384200
2020-12-18,75.08999633789062,75.54000091552734,73.93000030517578,74.51000213623047,13298300
2020-12-21,73.94000244140625,74.55000305175781,72.87999725341797,74.4000015258789,7251400
2020-12-22,74.44000244140625,75.2300033569336,73.87999725341797,74.70999908447266,5335300
2020-12-23,75.16000366210938,75.55000305175781,74.33000183105469,74.33000183105469,4626400
2020-12-24,74.44999694824219,75.16000366210938,74.16000366210938,74.9800033569336,1387500
2020-12-28,75.43000030517578,75.87999725341797,75.04000091552734,75.48999786376953,3753700
2020-12-29,75.61000061035156,75.87000274658203,75.11000061035156,75.33000183105469,3774900
2020-12-30,75.62999725341797,76.27999877929688,75.51000213623047,75.91000366210938,3804800
2020-12-31,75.9000015258789,77.19000244140625,75.66000366210938,77.1500015258789,4119400
2021-01-04,77.20999908447266,77.5,73.58000183105469,74.22000122070312,9388400
2021-01-05,74.51000213623047,75.18000030517578,74.05999755859375,74.7699966430664,7339800
2021-01-06,76.6500015258789,79.37000274658203,75.5999984741211,78.43000030517578,12155700
2021-01-07,79.9000015258789,80.66000366210938,78.88999938964844,79.29000091552734,8816000
2021-01-08,79.83000183105469,81.20999908447266,79.44000244140625,81.12999725341797,8376200
2021-01-11,80.9800033569336,81.0,78.97000122070312,79.69000244140625,7064300
2021-01-12,79.6500015258789,80.55000305175781,78.54000091552734,79.75,7669300
2021-01-13,80.5999984741211,82.23999786376953,80.16000366210938,81.83999633789062,8542600
2021-01-14,81.95999908447266,82.73999786376953,81.1500015258789,82.52999877929688,8899000
2021-01-15,82.44000244140625,83.26000213623047,81.94999694824219,82.04000091552734,10561600
2021-01-19,82.5,83.19999694824219,81.76000213623047,82.80999755859375,8142700
2021-01-20,82.6500015258789,85.02999877929688,82.41999816894531,84.05000305175781,8576800
2021-01-21,84.25,84.75,83.6500015258789,83.70999908447266,9268600
2021-01-22,83.94999694824219,84.55000305175781,83.55000305175781,84.20999908447266,6371800
2021-01-25,84.12000274658203,87.69000244140625,84.0999984741211,86.87000274658203,13215600
2021-01-26,86.6500015258789,87.26000213623047,84.75,85.2300033569336,12476900
2021-01-27,84.5999984741211,84.80000305175781,79.61000061035156,80.19000244140625,16893300
2021-01-28,80.66999816894531,83.86000061035156,80.05000305175781,82.45999908447266,8541300
2021-01-29,81.81999969482422,82.45999908447266,80.22000122070312,80.87000274658203,13189700
2021-02-01,82.2699966430664,83.13999938964844,80.8499984741211,81.69999694824219,5589500
2021-02-02,82.11000061035156,84.47000122070312,82.05000305175781,82.93000030517578,6645400
2021-02-03,83.44999694824219,83.87999725341797,82.91000366210938,83.05000305175781,5971200
2021-02-04,83.0199966430664,83.55000305175781,82.56999969482422,83.0,6398400
2021-02-05,83.37999725341797,84.55000305175781,83.0,83.5999984741211,5745800
2021-02-08,84.0,84.7300033569336,83.12999725341797,83.4000015258789,6792300
2021-02-09,83.55999755859375,84.37000274658203,83.0,83.83000183105469,5008900
2021-02-10,84.94999694824219,84.98999786376953,83.44999694824219,83.91000366210938,6200800
2021-02-11,84.0,84.80000305175781,83.62000274658203,83.94999694824219,4417200
2021-02-12,84.02999877929688,84.16999816894531,82.62000274658203,83.12999725341797,5787200
2021-02-16,83.29000091552734,83.56999969482422,80.98999786376953,81.19000244140625,8312600
2021-02-17,80.83000183105469,81.02999877929688,79.62000274658203,80.68000030517578,8598300
2021-02-18,80.83000183105469,81.29000091552734,79.94000244140625,80.7300033569336,5378900
2021-02-19,80.44000244140625,80.58000183105469,77.94999694824219,78.0999984741211,9660900
2021-02-22,77.80000305175781,77.94000244140625,74.55000305175781,75.0999984741211,13190300
2021-02-23,75.0,75.0,73.30999755859375,74.70999908447266,12719000
2021-02-24,74.83000183105469,74.91000366210938,73.33000183105469,73.76000213623047,12302200
2021-02-25,73.3499984741211,74.33999633789062,72.70999908447266,74.05999755859375,11747100
2021-02-26,74.12999725341797,75.55999755859375,73.47000122070312,73.4800033569336,12583200
2021-03-01,74.63999938964844,76.91000366210938,74.37000274658203,75.91000366210938,12272600
2021-03-02,76.62999725341797,76.8499984741211,75.44999694824219,75.54000091552734,8738500
2021-03-03,75.77999877929688,75.93000030517578,72.08999633789062,72.5199966430664,11748900
2021-03-04,72.29000091552734,73.05999755859375,70.48999786376953,71.29000091552734,11998700
2021-03-05,71.61000061035156,72.0,68.33000183105469,70.69999694824219,15509900
2021-03-08,71.0,72.44000244140625,70.55000305175781,70.86000061035156,12479400
2021-03-09,72.41000366210938,74.70999908447266,72.31999969482422,74.0199966430664,9363700
2021-03-10,73.80999755859375,74.73999786376953,72.69000244140625,74.45999908447266,8247200
2021-03-11,74.95999908447266,75.55000305175781,74.45999908447266,74.86000061035156,6602500
2021-03-12,75.18000030517578,76.01000213623047,74.04000091552734,75.66999816894531,6113100
2021-03-15,75.48999786376953,76.20999908447266,75.04000091552734,75.5199966430664,7129200
2021-03-16,75.16999816894531,76.33999633789062,75.12999725341797,75.37999725341797,6512700
2021-03-17,75.0,75.19000244140625,72.80999755859375,72.95999908447266,10343300
2021-03-18,73.0,73.01000213623047,70.2699966430664,71.12999725341797,14198800
2021-03-19,71.18000030517578,72.62999725341797,70.05999755859375,70.83999633789062,22806700
2021-03-22,70.76000213623047,72.43000030517578,70.76000213623047,71.69000244140625,10057700
2021-03-23,71.58000183105469,74.29000091552734,71.56999969482422,74.0199966430664,10723800
2021-03-24,73.43000030517578,73.66000366210938,72.41000366210938,72.83000183105469,14537400
2021-03-25,73.11000061035156,73.7300033569336,72.47000122070312,73.44999694824219,6823600
2021-03-26,73.0999984741211,74.12999725341797,72.63999938964844,74.05999755859375,10106000
2021-03-29,74.11000061035156,75.19999694824219,73.69000244140625,74.80000305175781,8644500
2021-03-30,74.11000061035156,74.55999755859375,73.73999786376953,74.22000122070312,5964600
2021-03-31,74.54000091552734,75.94000244140625,74.43000030517578,75.61000061035156,9430500
2021-04-01,75.5,76.37999725341797,75.37999725341797,75.7699966430664,6548900
2021-04-05,76.54000091552734,77.48999786376953,76.54000091552734,76.77999877929688,7328400
2021-04-06,76.56999969482422,77.75,75.94999694824219,77.55999755859375,6570500
2021-04-07,77.61000061035156,78.05999755859375,76.77999877929688,77.41000366210938,6761600
2021-04-08,77.69999694824219,78.41000366210938,77.44000244140625,77.76000213623047,7454600
2021-04-09,77.9000015258789,78.18000030517578,77.62000274658203,77.94000244140625,4969600
2021-04-12,77.77999877929688,78.29000091552734,77.20999908447266,77.63999938964844,6052900
2021-04-13,77.27999877929688,79.19999694824219,77.25,79.04000091552734,6319000
2021-04-14,78.54000091552734,79.2300033569336,78.37999725341797,79.12999725341797,4478200
2021-04-15,79.20999908447266,80.2699966430664,79.0199966430664,80.18000030517578,5012400
2021-04-16,80.7300033569336,81.41000366210938,80.25,80.94000244140625,15124100
2021-04-19,81.0,81.37000274658203,79.62000274658203,79.79000091552734,7658200
2021-04-20,79.66000366210938,80.95999908447266,79.62999725341797,80.52999877929688,7192100
2021-04-21,80.87999725341797,81.18000030517578,77.69000244140625,77.97000122070312,8565100
2021-04-22,78.19999694824219,79.30000305175781,78.0199966430664,78.31999969482422,8261700
2021-04-23,78.19000244140625,78.62999725341797,77.83000183105469,78.23999786376953,6034900
2021-04-26,78.38999938964844,78.61000061035156,77.54000091552734,77.93000030517578,7425100
2021-04-27,77.93000030517578,78.1500015258789,77.08000183105469,77.27999877929688,5871900
2021-04-28,77.25,77.44999694824219,76.62999725341797,77.08999633789062,5522200
2021-04-29,77.0999984741211,77.7699966430664,76.66000366210938,77.22000122070312,5558700
2021-04-30,77.23999786376953,77.63999938964844,76.69000244140625,77.51000213623047,8024600
2021-05-03,77.83000183105469,77.98999786376953,76.5199966430664,76.69999694824219,6076000
2021-05-04,76.19999694824219,76.41000366210938,74.76000213623047,75.69000244140625,9178300
2021-05-05,75.76000213623047,75.9000015258789,73.4000015258789,73.77999877929688,10643200
2021-05-06,74.0,74.19000244140625,73.30999755859375,74.01000213623047,7069200
2021-05-07,74.5,75.62999725341797,74.5,74.52999877929688,5677400
2021-05-10,74.33999633789062,75.72000122070312,74.26000213623047,74.80000305175781,6210400
2021-05-11,73.62000274658203,74.1500015258789,72.69000244140625,74.06999969482422,10515100
2021-05-12,73.5,73.66000366210938,71.5,71.54000091552734,9093200
2021-05-13,72.1500015258789,73.13999938964844,71.68000030517578,72.62999725341797,5469300
2021-05-14,73.0,73.6500015258789,72.79000091552734,73.12000274658203,5446200
2021-05-17,73.0,73.16000366210938,71.70999908447266,71.9000015258789,10369300
2021-05-18,71.75,72.66999816894531,71.27999877929688,72.29000091552734,8195100
2021-05-19,71.61000061035156,72.72000122070312,71.19999694824219,72.66000366210938,8486600
2021-05-20,73.12999725341797,74.7699966430664,72.98999786376953,74.29000091552734,10798500
2021-05-21,74.58000183105469,75.25,73.98999786376953,74.44000244140625,8689300
2021-05-24,74.7699966430664,74.87999725341797,73.91999816894531,74.02999877929688,6746900
2021-05-25,74.0199966430664,74.0199966430664,73.1500015258789,73.37000274658203,7440600
2021-05-26,73.4000015258789,73.80999755859375,73.05000305175781,73.47000122070312,7408800
2021-05-27,73.62000274658203,73.80999755859375,72.80000305175781,73.0,10956100
2021-05-28,73.5999984741211,74.2300033569336,73.19000244140625,73.22000122070312,9177500
2021-06-01,73.4000015258789,73.4000015258789,72.04000091552734,72.12000274658203,9056100
2021-06-02,72.08000183105469,73.16999816894531,71.81999969482422,72.70999908447266,6421000
2021-06-03,72.0199966430664,72.9800033569336,72.0199966430664,72.37000274658203,8871500
2021-06-04,72.68000030517578,72.88999938964844,72.26000213623047,72.33999633789062,6586300
2021-06-07,72.56999969482422,72.94999694824219,72.11000061035156,72.47000122070312,5988500
2021-06-08,72.91999816894531,73.11000061035156,71.70999908447266,72.13999938964844,5803000
2021-06-09,72.37000274658203,72.9000015258789,72.06999969482422,72.44999694824219,6660400
2021-06-10,72.33999633789062,73.55000305175781,72.16999816894531,73.51000213623047,8203300
2021-06-11,73.5999984741211,73.5999984741211,72.91999816894531,73.48999786376953,4548400
2021-06-14,73.61000061035156,73.94000244140625,73.02999877929688,73.30999755859375,4991900
2021-06-15,73.41999816894531,74.06999969482422,73.06999969482422,73.43000030517578,7770300
2021-06-16,74.0,74.58999633789062,73.11000061035156,73.30000305175781,9646200
2021-06-17,73.33999633789062,74.97000122070312,73.0199966430664,74.58000183105469,10553800
2021-06-18,74.44000244140625,74.91999816894531,73.02999877929688,73.27999877929688,17539000
2021-06-21,73.69000244140625,74.52999877929688,72.62000274658203,74.33000183105469,6499700
2021-06-22,74.18000030517578,74.73999786376953,74.08000183105469,74.11000061035156,5513100
2021-06-23,74.12000274658203,74.30999755859375,73.01000213623047,73.3499984741211,6079700
2021-06-24,73.4800033569336,73.58999633789062,72.58999633789062,72.87999725341797,7925200
2021-06-25,73.22000122070312,73.95999908447266,73.20999908447266,73.86000061035156,6676800
2021-06-28,74.7699966430664,75.8499984741211,74.62999725341797,75.1500015258789,8444300
2021-06-29,74.75,75.6500015258789,74.02999877929688,74.08000183105469,6477400
2021-06-30,74.2699966430664,74.48999786376953,73.06999969482422,73.27999877929688,8672600
2021-07-01,73.30000305175781,74.4800033569336,73.08000183105469,74.19000244140625,6423000
2021-07-02,74.33000183105469,74.44000244140625,73.72000122070312,74.27999877929688,4282300
2021-07-06,74.51000213623047,75.16999816894531,74.04000091552734,75.12999725341797,6957200
2021-07-07,75.26000213623047,75.61000061035156,74.8499984741211,75.33000183105469,5661800
2021-07-08,74.62000274658203,76.0199966430664,74.41999816894531,75.12999725341797,5881400
2021-07-09,75.0,75.41999816894531,74.27999877929688,74.98999786376953,5592800
2021-07-12,75.19999694824219,75.48999786376953,74.37999725341797,75.08999633789062,5743500
2021-07-13,75.0999984741211,75.76000213623047,74.62999725341797,74.86000061035156,5165500
2021-07-14,75.0,76.16999816894531,74.63999938964844,75.69999694824219,6956100
2021-07-15,75.66000366210938,76.87999725341797,75.19000244140625,76.81999969482422,7638200
2021-07-16,76.87000274658203,78.3499984741211,76.87000274658203,77.91999816894531,9088000
2021-07-19,77.43000030517578,78.37999725341797,76.0199966430664,76.98999786376953,9891800
2021-07-20,77.0199966430664,77.69999694824219,76.86000061035156,77.16999816894531,6562000
2021-07-21,77.16999816894531,77.27999877929688,75.80999755859375,75.87999725341797,8931900
2021-07-22,75.98999786376953,76.6500015258789,75.88999938964844,76.12000274658203,5534800
2021-07-23,76.52999877929688,77.41000366210938,75.91999816894531,77.19999694824219,4953500
2021-07-26,76.79000091552734,77.13999938964844,76.44000244140625,76.91000366210938,6014000
2021-07-27,76.87999725341797,77.9800033569336,76.11000061035156,77.86000061035156,7592100
2021-07-28,77.88999938964844,78.33000183105469,77.22000122070312,77.8499984741211,5177500
2021-07-29,78.0,78.4000015258789,77.62000274658203,78.16000366210938,4141900
2021-07-30,77.9800033569336,78.8499984741211,77.73999786376953,77.9000015258789,5488900
2021-08-02,78.47000122070312,78.91000366210938,78.12999725341797,78.80999755859375,7520700
2021-08-03,78.75,79.8499984741211,78.37000274658203,79.41999816894531,6249400
2021-08-04,79.36000061035156,80.0,78.7699966430664,79.87000274658203,8050200
2021-08-05,79.79000091552734,80.62000274658203,79.52999877929688,80.48999786376953,6283700
2021-08-06,80.48999786376953,81.0,80.05999755859375,80.61000061035156,4634300
2021-08-09,80.95999908447266,81.13999938964844,80.12000274658203,80.55999755859375,5621600
2021-08-10,80.68000030517578,80.80999755859375,80.19999694824219,80.52999877929688,4506800
2021-08-11,81.13999938964844,83.41000366210938,80.97000122070312,82.37000274658203,9419300
2021-08-12,82.0199966430664,83.12999725341797,81.83000183105469,83.0,6762800
2021-08-13,83.25,83.55000305175781,82.83000183105469,83.44999694824219,3999500
2021-08-16,83.44999694824219,84.43000030517578,83.1500015258789,83.94999694824219,8579700
2021-08-17,83.5999984741211,84.0,83.12000274658203,83.95999908447266,5257000
2021-08-18,84.2300033569336,84.95999908447266,83.88999938964844,84.41999816894531,9511700
2021-08-19,83.97000122070312,85.0999984741211,83.91999816894531,84.55000305175781,6968000
2021-08-20,84.54000091552734,86.43000030517578,84.0199966430664,86.27999877929688,7589700
2021-08-23,85.80999755859375,86.08000183105469,84.01000213623047,84.4000015258789,8837100
2021-08-24,84.2300033569336,84.4800033569336,83.41000366210938,84.13999938964844,5786100
2021-08-25,84.13999938964844,84.86000061035156,83.58000183105469,84.52999877929688,5930000
2021-08-26,84.11000061035156,84.19000244140625,83.66999816894531,83.80999755859375,5294000
2021-08-27,83.94000244140625,84.19000244140625,83.33999633789062,83.41000366210938,5974200
2021-08-30,83.26000213623047,84.25,83.01000213623047,83.94999694824219,6001700
2021-08-31,83.81999969482422,84.44000244140625,83.51000213623047,83.98999786376953,6844000
2021-09-01,84.1500015258789,85.76000213623047,84.05999755859375,85.33999633789062,5862300
2021-09-02,85.41999816894531,86.51000213623047,85.41999816894531,86.4800033569336,5214000
2021-09-03,85.76000213623047,86.30999755859375,85.37999725341797,85.69000244140625,4621100
2021-09-07,85.44000244140625,85.48999786376953,84.47000122070312,85.02999877929688,6791300
2021-09-08,85.12000274658203,86.97000122070312,84.79000091552734,86.44000244140625,6230100
2021-09-09,86.29000091552734,86.66999816894531,85.75,85.83999633789062,4108300
2021-09-10,85.97000122070312,85.97000122070312,84.5999984741211,84.93000030517578,5508000
2021-09-13,85.88999938964844,85.94000244140625,84.38999938964844,84.58000183105469,6498800
2021-09-14,84.79000091552734,85.19000244140625,84.44999694824219,84.63999938964844,4658200
2021-09-15,84.33000183105469,85.13999938964844,84.05999755859375,84.61000061035156,5707000
2021-09-16,84.4800033569336,84.97000122070312,83.66000366210938,84.0,5380600
2021-09-17,83.4000015258789,83.93000030517578,81.55000305175781,81.63999938964844,15390400
2021-09-20,81.54000091552734,82.54000091552734,80.66000366210938,81.69000244140625,8994100
2021-09-21,81.93000030517578,82.86000061035156,81.7300033569336,81.91999816894531,6450700
2021-09-22,82.08999633789062,82.91000366210938,81.56999969482422,81.9000015258789,5662200
2021-09-23,82.18000030517578,82.37999725341797,81.13999938964844,81.2699966430664,6414300
2021-09-24,81.23999786376953,81.7300033569336,80.48999786376953,80.69999694824219,6113800
2021-09-27,80.01000213623047,80.79000091552734,78.55000305175781,78.76000213623047,8600900
2021-09-28,78.4800033569336,78.58999633789062,77.01000213623047,77.2699966430664,9257400
2021-09-29,77.62000274658203,79.02999877929688,77.44999694824219,78.3499984741211,7496100
2021-09-30,78.83999633789062,79.41000366210938,77.9000015258789,78.5199966430664,10186800
2021-10-01,79.0199966430664,79.58999633789062,78.0199966430664,79.20999908447266,7961100
2021-10-04,79.05000305175781,79.91999816894531,78.51000213623047,79.36000061035156,6027800
2021-10-05,79.43000030517578,79.9000015258789,79.08999633789062,79.4800033569336,5434600
2021-10-06,79.26000213623047,81.29000091552734,78.6500015258789,81.18000030517578,6876200
2021-10-07,81.4800033569336,82.61000061035156,80.79000091552734,80.91999816894531,5753200
2021-10-08,81.01000213623047,81.02999877929688,80.1500015258789,80.20999908447266,3592900
2021-10-11,79.19999694824219,79.36000061035156,77.73999786376953,77.83000183105469,8798700
2021-10-12,78.0999984741211,79.18000030517578,77.56999969482422,78.87000274658203,7791200
2021-10-13,79.04000091552734,80.36000061035156,78.58999633789062,80.19000244140625,6260100
2021-10-14,80.36000061035156,81.8499984741211,80.20999908447266,81.45999908447266,6486000
2021-10-15,81.94000244140625,82.44999694824219,81.19999694824219,81.66999816894531,14634200
2021-10-18,81.33999633789062,81.66000366210938,80.76000213623047,80.98999786376953,4942100
2021-10-19,81.72000122070312,82.1500015258789,81.22000122070312,82.02999877929688,5717500
2021-10-20,82.75,84.66000366210938,82.37999725341797,83.91999816894531,6942600
2021-10-21,84.20999908447266,84.69999694824219,83.72000122070312,83.80999755859375,4945000
2021-10-22,83.97000122070312,84.58999633789062,83.73999786376953,84.41999816894531,4732400
2021-10-25,84.4000015258789,84.80999755859375,83.93000030517578,84.29000091552734,3987300
2021-10-26,84.41000366210938,86.27999877929688,84.37000274658203,85.47000122070312,6969100
2021-10-27,86.01000213623047,86.3499984741211,84.76000213623047,85.01000213623047,4356900
2021-10-28,84.91999816894531,86.48999786376953,84.7300033569336,86.41999816894531,6568400
2021-10-29,86.16999816894531,86.45999908447266,84.94000244140625,85.33000183105469,7792600
2021-11-01,85.44000244140625,85.81999969482422,84.93000030517578,85.58999633789062,5135200
2021-11-02,85.8499984741211,86.23999786376953,84.38999938964844,85.41999816894531,7266400
2021-11-03,85.66999816894531,85.80000305175781,84.23999786376953,85.23999786376953,5723200
2021-11-04,85.16000366210938,85.38999938964844,83.16999816894531,84.76000213623047,6594000
2021-11-05,84.75,85.70999908447266,84.31999969482422,85.52999877929688,4885400
2021-11-08,85.52999877929688,85.5999984741211,84.04000091552734,84.58999633789062,5391000
2021-11-09,84.69000244140625,85.16999816894531,84.36000061035156,84.94000244140625,3917600
2021-11-10,84.94000244140625,85.37000274658203,84.51000213623047,85.19999694824219,5192700
2021-11-11,85.47000122070312,85.5,84.56999969482422,85.37000274658203,5370200
2021-11-12,85.37000274658203,86.66999816894531,85.02999877929688,86.30999755859375,6467100
2021-11-15,86.91000366210938,87.3499984741211,86.47000122070312,87.33999633789062,5543000
2021-11-16,87.06999969482422,87.41999816894531,86.66999816894531,86.9800033569336,5497200
2021-11-17,86.83000183105469,87.87999725341797,86.41000366210938,87.77999877929688,6203100
2021-11-18,87.72000122070312,87.87999725341797,86.81999969482422,87.5999984741211,5537400
2021-11-19,88.0,88.83000183105469,87.0,88.30999755859375,6765100
2021-11-22,88.1500015258789,88.41999816894531,87.33000183105469,87.36000061035156,5214500
2021-11-23,87.0999984741211,87.9000015258789,86.52999877929688,87.30999755859375,7408000
2021-11-24,86.61000061035156,87.30000305175781,86.19000244140625,87.20999908447266,4553900
2021-11-26,86.91999816894531,87.44999694824219,85.86000061035156,86.08999633789062,4340700
2021-11-29,87.22000122070312,88.91999816894531,86.55000305175781,88.66000366210938,8712500
2021-11-30,88.05000305175781,88.94999694824219,86.41999816894531,86.77999877929688,16328300
2021-12-01,87.0,89.68000030517578,87.0,87.83999633789062,10062800
2021-12-02,87.94999694824219,89.5199966430664,87.61000061035156,88.62000274658203,8303500
2021-12-03,89.1500015258789,89.1500015258789,86.0199966430664,88.02999877929688,11191000
2021-12-06,88.06999969482422,89.75,87.87999725341797,89.1500015258789,8946400
2021-12-07,89.52999877929688,90.55000305175781,88.94000244140625,90.41000366210938,7909700
2021-12-08,90.69999694824219,90.91999816894531,89.58999633789062,90.31999969482422,5356500
2021-12-09,90.5,90.5,89.51000213623047,89.91000366210938,5731200
2021-12-10,90.01000213623047,90.9000015258789,89.80000305175781,90.27999877929688,4996700
2021-12-13,90.26000213623047,92.12000274658203,90.13999938964844,91.73999786376953,6446500
2021-12-14,91.2300033569336,91.6500015258789,89.44999694824219,90.02999877929688,11022600
2021-12-15,90.29000091552734,92.05999755859375,89.58000183105469,92.0,9590000
2021-12-16,91.62000274658203,92.69999694824219,91.5199966430664,92.2300033569336,7623300
2021-12-17,92.0,92.36000061035156,90.73999786376953,90.94000244140625,15335400
2021-12-20,89.80000305175781,90.08000183105469,88.51000213623047,89.94000244140625,10167700
2021-12-21,90.6500015258789,91.33999633789062,89.36000061035156,90.44999694824219,6287900
2021-12-22,90.23999786376953,90.87999725341797,89.88999938964844,90.80000305175781,4142900
2021-12-23,90.68000030517578,91.30999755859375,90.4000015258789,90.69999694824219,5845600
2021-12-27,90.8499984741211,91.3499984741211,90.62999725341797,91.31999969482422,5410300
2021-12-28,91.66000366210938,92.19000244140625,91.51000213623047,91.87999725341797,3096400
2021-12-29,91.94999694824219,92.26000213623047,91.58999633789062,91.98999786376953,2945400
2021-12-30,92.2300033569336,92.91000366210938,91.80999755859375,92.7699966430664,3716300
2021-12-31,92.58000183105469,93.7300033569336,92.5,93.36000061035156,4811800
2022-01-03,93.41999816894531,93.6500015258789,90.54000091552734,91.66000366210938,7864400
2022-01-04,91.6500015258789,91.93000030517578,90.62000274658203,90.68000030517578,8379100
2022-01-05,90.27999877929688,91.5,89.68000030517578,89.7300033569336,6722300
2022-01-06,89.08999633789062,89.36000061035156,85.6500015258789,85.7699966430664,12658600
2022-01-07,85.7699966430664,86.87000274658203,84.51000213623047,86.41000366210938,13359300
2022-01-10,85.80000305175781,86.36000061035156,83.73999786376953,84.29000091552734,11378700
2022-01-11,83.83000183105469,85.01000213623047,83.68000030517578,84.79000091552734,8395900
2022-01-12,84.27999877929688,85.80999755859375,84.0999984741211,85.08999633789062,6484000
2022-01-13,85.58000183105469,85.80999755859375,84.72000122070312,84.9000015258789,7203100
2022-01-14,84.87999725341797,85.1500015258789,82.66999816894531,83.19999694824219,11084300
2022-01-18,82.0,82.16999816894531,80.69999694824219,81.25,10848100
2022-01-19,81.04000091552734,83.3499984741211,81.0,82.58999633789062,9673900
2022-01-20,83.31999969482422,85.27999877929688,83.1500015258789,83.51000213623047,12028900
2022-01-21,83.69999694824219,83.93000030517578,81.83000183105469,82.5999984741211,12809100
2022-01-24,81.6500015258789,82.05000305175781,79.23999786376953,81.91999816894531,14689800
2022-01-25,78.19999694824219,80.19000244140625,74.79000091552734,75.0999984741211,22925000
2022-01-26,76.5,76.52999877929688,72.36000061035156,72.63999938964844,24721700
2022-01-27,73.30000305175781,74.38999938964844,72.41000366210938,72.51000213623047,21250600
2022-01-28,72.31999969482422,72.94999694824219,69.79000091552734,72.5,25537100
2022-01-31,72.91000366210938,78.30000305175781,72.75,78.12000274658203,21787800
2022-02-01,78.04000091552734,79.47000122070312,76.02999877929688,77.2300033569336,12082900
2022-02-02,77.41999816894531,78.01000213623047,76.83000183105469,77.7300033569336,8397700
2022-02-03,76.55999755859375,77.29000091552734,75.43000030517578,75.7699966430664,7960700
2022-02-04,75.0999984741211,76.83999633789062,74.54000091552734,76.01000213623047,12132000
2022-02-07,76.0,76.12000274658203,75.30000305175781,75.68000030517578,8184500
2022-02-08,75.75,76.75,75.22000122070312,75.45999908447266,6758500
2022-02-09,76.61000061035156,77.2699966430664,76.31999969482422,76.66000366210938,7390900
2022-02-10,74.91000366210938,76.8499984741211,74.69999694824219,75.44999694824219,9673300
2022-02-11,75.9000015258789,76.69999694824219,74.66999816894531,74.95999908447266,8999100
2022-02-14,74.94999694824219,75.30999755859375,73.87999725341797,74.91999816894531,8329200
2022-02-15,75.7300033569336,76.47000122070312,74.73999786376953,75.08999633789062,9102000
2022-02-16,75.12999725341797,75.63999938964844,74.4800033569336,75.2300033569336,7505100
2022-02-17,74.72000122070312,75.83999633789062,74.48999786376953,75.37999725341797,10093100
2022-02-18,74.95999908447266,75.80999755859375,73.81999969482422,74.1500015258789,9558600
2022-02-22,73.93000030517578,74.45999908447266,73.2699966430664,73.77999877929688,8233400
2022-02-23,74.22000122070312,74.41999816894531,72.22000122070312,72.31999969482422,7837100
2022-02-24,71.0,75.77999877929688,70.73999786376953,75.44000244140625,15750400
2022-02-25,76.12000274658203,77.23999786376953,75.22000122070312,77.16000366210938,12609500
2022-02-28,77.08999633789062,78.87000274658203,76.80000305175781,78.2699966430664,16345600
2022-03-01,78.06999969482422,78.83000183105469,76.54000091552734,77.44000244140625,13930300
2022-03-02,77.29000091552734,77.80999755859375,76.48999786376953,77.55000305175781,6988700
2022-03-03,77.8499984741211,79.36000061035156,77.66000366210938,78.79000091552734,10075500
2022-03-04,78.93000030517578,80.44999694824219,78.4800033569336,80.20999908447266,8996400
2022-03-07,80.95999908447266,84.38999938964844,80.72000122070312,84.18000030517578,19948900
2022-03-08,84.30999755859375,85.4000015258789,81.73999786376953,81.94999694824219,14717600
2022-03-09,82.37999725341797,82.4800033569336,80.11000061035156,80.31999969482422,12710000
2022-03-10,79.55999755859375,80.45999908447266,78.44000244140625,80.16000366210938,9554300
2022-03-11,80.30000305175781,81.08999633789062,79.23999786376953,79.30000305175781,7230600
2022-03-14,79.68000030517578,80.63999938964844,78.69999694824219,79.27999877929688,7133800
2022-03-15,80.19999694824219,82.26000213623047,80.0999984741211,81.9800033569336,9567000
2022-03-16,81.8499984741211,82.73999786376953,80.83999633789062,82.51000213623047,8261200
2022-03-17,82.55999755859375,83.23999786376953,82.41999816894531,82.69000244140625,6341900
2022-03-18,82.91999816894531,83.48999786376953,82.23999786376953,82.37000274658203,13470800
2022-03-21,82.0,82.76000213623047,81.48999786376953,81.80000305175781,7181700
2022-03-22,81.87000274658203,82.95999908447266,81.41999816894531,82.8499984741211,8516800
2022-03-23,82.4800033569336,83.0999984741211,82.01000213623047,82.56999969482422,6125800
2022-03-24,82.91000366210938,83.79000091552734,82.76000213623047,83.69999694824219,5498000
2022-03-25,84.08999633789062,84.23999786376953,83.20999908447266,83.94000244140625,5481000
2022-03-28,84.05000305175781,84.72000122070312,83.68000030517578,84.43000030517578,6177700
2022-03-29,85.0,85.04000091552734,83.6500015258789,84.62000274658203,8954300
2022-03-30,85.12999725341797,85.77999877929688,84.62999725341797,85.5,6829300
2022-03-31,85.05999755859375,86.27999877929688,84.70999908447266,84.70999908447266,10082800
2022-04-01,84.48999786376953,85.80000305175781,84.12999725341797,85.70999908447266,6453800
2022-04-04,85.63999938964844,85.91000366210938,84.63999938964844,85.62000274658203,6465700
2022-04-05,85.86000061035156,87.44999694824219,85.72000122070312,86.33000183105469,7203200
2022-04-06,86.16999816894531,86.5199966430664,85.43000030517578,86.48999786376953,7621900
2022-04-07,86.30000305175781,87.29000091552734,85.69999694824219,87.08000183105469,7817400
2022-04-08,87.16000366210938,87.5199966430664,85.95999908447266,86.08999633789062,5731600
2022-04-11,86.1500015258789,86.22000122070312,84.3499984741211,84.58000183105469,6745200
2022-04-12,84.44999694824219,84.83999633789062,83.37999725341797,83.88999938964844,8714800
2022-04-13,84.37000274658203,84.4800033569336,83.08000183105469,83.55000305175781,7858500
2022-04-14,83.55000305175781,83.88999938964844,82.77999877929688,82.80999755859375,7164100
2022-04-18,83.0,83.61000061035156,81.05999755859375,81.70999908447266,6279100
2022-04-19,81.76000213623047,82.0999984741211,81.11000061035156,81.83000183105469,8104800
2022-04-20,83.02999877929688,83.02999877929688,81.31999969482422,81.51000213623047,8457000
2022-04-21,80.31999969482422,81.0,75.9800033569336,76.18000030517578,17712800
2022-04-22,76.16999816894531,76.37000274658203,73.87999725341797,73.94999694824219,15284800
2022-04-25,74.0,74.51000213623047,71.58999633789062,74.04000091552734,15697900
2022-04-26,74.05000305175781,74.97000122070312,73.48999786376953,73.56999969482422,10971600
2022-04-27,73.83000183105469,75.13999938964844,73.19000244140625,73.2699966430664,10989600
2022-04-28,73.5,73.91000366210938,72.7699966430664,73.48999786376953,11325600
2022-04-29,72.87999725341797,73.44999694824219,70.87999725341797,71.0199966430664,14912900
2022-05-02,71.0999984741211,71.51000213623047,68.5199966430664,69.87000274658203,14338100
2022-05-03,70.0,71.52999877929688,69.56999969482422,70.76000213623047,10419900
2022-05-04,72.0,73.33000183105469,70.7300033569336,73.05999755859375,10859600
2022-05-05,72.69999694824219,72.97000122070312,71.19999694824219,71.83999633789062,10382300
2022-05-06,71.26000213623047,72.86000061035156,71.08999633789062,72.47000122070312,9364900
2022-05-09,71.80000305175781,72.08000183105469,70.26000213623047,70.70999908447266,10442700
2022-05-10,71.0,71.73999786376953,68.72000122070312,69.98999786376953,14731900
2022-05-11,69.6500015258789,71.3499984741211,69.54000091552734,70.19999694824219,11129000
2022-05-12,69.58999633789062,70.48999786376953,67.22000122070312,68.51000213623047,15364900
2022-05-13,69.43000030517578,70.19000244140625,68.52999877929688,69.80000305175781,8010600
2022-05-16,69.63999938964844,70.72000122070312,69.4000015258789,70.12000274658203,7339500
2022-05-17,70.9000015258789,72.02999877929688,70.12999725341797,72.0199966430664,8889300
2022-05-18,71.79000091552734,72.25,70.70999908447266,71.0,10316800
2022-05-19,71.08999633789062,71.08999633789062,69.52999877929688,70.45999908447266,9593500
2022-05-20,70.9000015258789,71.55999755859375,69.9800033569336,71.22000122070312,9747800
2022-05-23,71.80999755859375,72.58999633789062,71.45999908447266,72.55000305175781,10378700
2022-05-24,72.61000061035156,74.91999816894531,72.16999816894531,74.66999816894531,11133500
2022-05-25,75.12000274658203,75.1500015258789,73.58999633789062,74.79000091552734,11192100
2022-05-26,75.05000305175781,75.75,74.7699966430664,75.04000091552734,9431300
2022-05-27,74.48999786376953,77.44999694824219,74.16999816894531,77.43000030517578,9435300
2022-05-31,76.77999877929688,76.94000244140625,75.16999816894531,75.69000244140625,29712000
2022-06-01,75.76000213623047,76.62999725341797,75.33000183105469,76.16999816894531,7994100
2022-06-02,76.44999694824219,78.6500015258789,76.0,78.5199966430664,9640600
2022-06-03,78.08999633789062,78.94000244140625,77.80000305175781,78.69000244140625,9293500
2022-06-06,81.19000244140625,81.48999786376953,80.06999969482422,80.19000244140625,12716900
2022-06-07,79.76000213623047,80.18000030517578,78.27999877929688,79.77999877929688,7405600
2022-06-08,78.9800033569336,79.58000183105469,78.23999786376953,78.48999786376953,5198000
2022-06-09,78.23999786376953,78.86000061035156,77.30000305175781,77.33999633789062,8354800
2022-06-10,76.55000305175781,76.9000015258789,75.7699966430664,75.91000366210938,8598500
2022-06-13,74.58000183105469,74.76000213623047,71.95999908447266,72.41000366210938,11882300
2022-06-14,72.30999755859375,73.12000274658203,70.2699966430664,71.4800033569336,11412500
2022-06-15,72.45999908447266,75.55000305175781,72.20999908447266,74.19000244140625,12085300
2022-06-16,72.70999908447266,73.08000183105469,70.12000274658203,70.87000274658203,12729200
2022-06-17,70.63999938964844,72.75,70.63999938964844,70.80999755859375,15919000
2022-06-21,70.80000305175781,73.4000015258789,70.80000305175781,72.7300033569336,8466900
2022-06-22,72.19999694824219,75.55000305175781,71.8499984741211,74.69000244140625,12686500
2022-06-23,75.54000091552734,77.41000366210938,75.31999969482422,77.19999694824219,12502500
2022-06-24,77.33000183105469,78.12999725341797,76.62999725341797,78.0199966430664,9320500
2022-06-27,77.7300033569336,78.18000030517578,77.36000061035156,77.88999938964844,6557200
2022-06-28,77.91000366210938,78.33000183105469,76.2300033569336,76.44000244140625,6140200
2022-06-29,76.0999984741211,76.54000091552734,75.26000213623047,76.0,7082200
2022-06-30,75.45999908447266,78.23999786376953,75.31999969482422,77.45999908447266,8872900
2022-07-01,78.33000183105469,80.63999938964844,78.08999633789062,80.55999755859375,7718400
2022-07-05,80.5,80.72000122070312,77.55999755859375,79.11000061035156,11278600
2022-07-06,79.69999694824219,80.19999694824219,78.5999984741211,79.56999969482422,7918400
2022-07-07,79.83000183105469,80.58000183105469,79.80999755859375,80.37999725341797,5498000
2022-07-08,79.69999694824219,80.43000030517578,79.41000366210938,80.25,5708300
2022-07-11,80.0,80.9800033569336,79.72000122070312,80.68000030517578,6100400
2022-07-12,80.55000305175781,80.9000015258789,79.5199966430664,79.94999694824219,7553900
2022-07-13,79.37999725341797,81.30000305175781,79.06999969482422,80.26000213623047,7552400
2022-07-14,78.70999908447266,80.3499984741211,78.5199966430664,80.12999725341797,6124400
2022-07-15,78.25,78.8499984741211,76.33000183105469,78.70999908447266,8780600
2022-07-18,78.33000183105469,78.66000366210938,77.5,77.51000213623047,6610800
2022-07-19,78.12999725341797,79.33000183105469,77.91999816894531,78.93000030517578,6403800
2022-07-20,79.16000366210938,79.4000015258789,77.86000061035156,78.31999969482422,6323700
2022-07-21,78.72000122070312,78.95999908447266,78.12999725341797,78.87000274658203,7847600
2022-07-22,80.12999725341797,81.80000305175781,79.26000213623047,80.25,11517100
2022-07-25,80.0,81.04000091552734,79.4800033569336,80.9800033569336,5035600
2022-07-26,80.54000091552734,80.62000274658203,79.18000030517578,79.91000366210938,6740900
2022-07-27,80.02999877929688,80.77999877929688,79.55000305175781,80.37999725341797,6056200
2022-07-28,84.80999755859375,86.2699966430664,84.29000091552734,84.54000091552734,13561500
2022-07-29,84.5,85.41000366210938,84.30999755859375,84.48999786376953,11474800
2022-08-01,84.44999694824219,85.41999816894531,83.55999755859375,85.30999755859375,7004500
2022-08-02,85.44000244140625,86.7699966430664,85.19999694824219,85.66999816894531,7664200
2022-08-03,85.7699966430664,86.81999969482422,84.36000061035156,86.45999908447266,7640400
2022-08-04,86.95999908447266,88.66000366210938,86.44999694824219,87.9800033569336,8679200
2022-08-05,87.87999725341797,88.48999786376953,86.94000244140625,87.9800033569336,8643200
2022-08-08,88.45999908447266,88.95999908447266,86.77999877929688,87.5199966430664,7243200
2022-08-09,88.22000122070312,89.11000061035156,87.77999877929688,88.91999816894531,5154000
2022-08-10,89.66000366210938,90.08000183105469,88.83999633789062,89.77999877929688,5693300
2022-08-11,90.30999755859375,91.02999877929688,89.29000091552734,89.43000030517578,7525800
2022-08-12,90.18000030517578,90.6500015258789,89.33000183105469,90.47000122070312,5262500
2022-08-15,90.4800033569336,91.19999694824219,90.13999938964844,91.0,5032700
2022-08-16,90.54000091552734,91.3499984741211,90.33000183105469,90.52999877929688,5250600
2022-08-17,89.97000122070312,90.66999816894531,89.73999786376953,90.19999694824219,4178000
2022-08-18,90.19999694824219,90.62999725341797,89.87000274658203,90.23999786376953,5090700
2022-08-19,90.11000061035156,90.58999633789062,89.37000274658203,89.70999908447266,5542800
2022-08-22,88.93000030517578,89.52999877929688,88.2300033569336,88.54000091552734,5783400
2022-08-23,88.61000061035156,88.6500015258789,87.62999725341797,87.9800033569336,3473600
2022-08-24,88.1500015258789,88.77999877929688,87.95999908447266,88.70999908447266,5669200
2022-08-25,89.01000213623047,89.45999908447266,88.05999755859375,89.38999938964844,5595200
2022-08-26,89.98999786376953,90.55999755859375,87.73999786376953,88.05999755859375,7990000
2022-08-29,86.9800033569336,87.8499984741211,86.41000366210938,87.0199966430664,5827800
2022-08-30,87.19999694824219,87.33000183105469,85.20999908447266,85.69999694824219,7394200
2022-08-31,85.69999694824219,86.2699966430664,84.80000305175781,85.05999755859375,6830900
2022-09-01,85.33000183105469,86.45999908447266,84.70999908447266,86.26000213623047,5896300
2022-09-02,86.44999694824219,87.2300033569336,84.7699966430664,85.11000061035156,5785700
2022-09-06,87.23999786376953,88.2699966430664,87.0199966430664,87.37000274658203,11077100
2022-09-07,87.70999908447266,90.41999816894531,87.61000061035156,90.23999786376953,11366600
2022-09-08,89.7300033569336,91.05999755859375,89.62999725341797,90.2699966430664,8852500
2022-09-09,90.80999755859375,90.9800033569336,89.83000183105469,89.9000015258789,5700400
2022-09-12,90.18000030517578,90.8499984741211,89.77999877929688,90.80999755859375,5573800
2022-09-13,90.05000305175781,90.47000122070312,88.44999694824219,88.86000061035156,5624800
2022-09-14,88.36000061035156,89.37000274658203,88.05999755859375,88.87999725341797,7281500
2022-09-15,85.44000244140625,86.80000305175781,84.83000183105469,86.01000213623047,18681000
2022-09-16,85.41000366210938,85.98999786376953,84.5,84.79000091552734,19190700
2022-09-19,84.72000122070312,86.9000015258789,84.54000091552734,86.83999633789062,8821000
2022-09-20,85.98999786376953,86.44999694824219,84.93000030517578,85.69000244140625,6242000
2022-09-21,86.0,86.44000244140625,83.94999694824219,83.97000122070312,6706300
2022-09-22,83.80000305175781,84.19000244140625,83.02999877929688,83.54000091552734,6748700
2022-09-23,82.5,82.66999816894531,81.33999633789062,82.5199966430664,6719700
2022-09-26,82.47000122070312,82.77999877929688,80.31999969482422,81.1500015258789,7702900
2022-09-27,82.0199966430664,82.62000274658203,80.11000061035156,81.08000183105469,9247000
2022-09-28,82.29000091552734,83.02999877929688,81.25,82.37000274658203,8713400
2022-09-29,82.16999816894531,82.3499984741211,79.45999908447266,79.97000122070312,8291300
2022-09-30,80.30000305175781,80.5999984741211,78.29000091552734,78.41000366210938,12854300
2022-10-03,79.83000183105469,81.62999725341797,79.22000122070312,81.19000244140625,8115200
2022-10-04,81.9800033569336,82.88999938964844,81.55999755859375,82.81999969482422,8193700
2022-10-05,81.75,82.4800033569336,80.5199966430664,81.7699966430664,5468700
2022-10-06,81.62999725341797,81.7300033569336,78.8499984741211,78.91000366210938,8374600
2022-10-07,78.55999755859375,78.6500015258789,76.19000244140625,76.7300033569336,7697400
2022-10-10,77.02999877929688,77.68000030517578,76.4000015258789,76.73999786376953,6118000
2022-10-11,76.25,76.93000030517578,75.22000122070312,76.02999877929688,9143100
2022-10-12,75.80999755859375,76.36000061035156,72.62000274658203,72.75,9715100
2022-10-13,71.58999633789062,73.56999969482422,70.38999938964844,73.08999633789062,13643700
2022-10-14,73.79000091552734,74.83999633789062,71.44000244140625,71.7699966430664,8735000
2022-10-17,72.80000305175781,74.41999816894531,72.75,73.6500015258789,7563500
2022-10-18,75.55000305175781,75.94000244140625,74.11000061035156,75.05999755859375,6998500
2022-10-19,74.23999786376953,74.47000122070312,72.5199966430664,73.63999938964844,8579600
2022-10-20,73.36000061035156,73.4800033569336,69.80999755859375,70.63999938964844,13023800
2022-10-21,71.08000183105469,73.0,70.30000305175781,71.6500015258789,11161300
2022-10-24,72.48999786376953,73.69000244140625,71.95999908447266,73.27999877929688,9989600
2022-10-25,73.75,76.08999633789062,73.5999984741211,75.86000061035156,9216900
2022-10-26,75.86000061035156,76.52999877929688,75.30000305175781,75.5999984741211,6247100
2022-10-27,76.05000305175781,76.93000030517578,75.45999908447266,75.47000122070312,7163300
2022-10-28,76.75,79.30000305175781,76.6500015258789,79.02999877929688,9123300
2022-10-31,78.44999694824219,79.2699966430664,76.76000213623047,77.5,8273700
2022-11-01,78.19000244140625,78.19000244140625,77.16999816894531,77.70999908447266,5410300
2022-11-02,77.69999694824219,79.83000183105469,77.0199966430664,77.27999877929688,7119000
2022-11-03,76.73999786376953,79.18000030517578,76.36000061035156,78.18000030517578,6920300
2022-11-04,78.5999984741211,79.18000030517578,77.41999816894531,78.80000305175781,7758900
2022-11-07,78.7300033569336,79.12000274658203,76.29000091552734,77.29000091552734,7008500
2022-11-08,77.66999816894531,79.13999938964844,77.16000366210938,78.2699966430664,5518400
2022-11-09,78.5999984741211,79.11000061035156,78.0,78.19999694824219,4940000
2022-11-10,81.30999755859375,83.7699966430664,79.94999694824219,83.19999694824219,9315900
2022-11-11,83.2699966430664,83.8499984741211,81.9800033569336,83.30999755859375,5730900
2022-11-14,83.08999633789062,83.77999877929688,81.61000061035156,81.66000366210938,7904000
2022-11-15,82.5199966430664,83.81999969482422,82.04000091552734,82.91000366210938,5594900
2022-11-16,83.05999755859375,84.75,83.05999755859375,84.31999969482422,8444900
2022-11-17,83.26000213623047,83.3499984741211,81.87000274658203,82.3499984741211,8333900
2022-11-18,83.26000213623047,83.79000091552734,82.56999969482422,83.19999694824219,6664400
2022-11-21,82.62000274658203,83.75,82.62000274658203,83.5999984741211,6593800
2022-11-22,84.05999755859375,84.91000366210938,83.72000122070312,84.11000061035156,4105500
2022-11-23,83.54000091552734,85.0,83.44000244140625,84.91999816894531,4259700
2022-11-25,85.2699966430664,85.80000305175781,85.12999725341797,85.33999633789062,3622200
2022-11-28,84.33999633789062,85.01000213623047,83.33999633789062,83.7300033569336,6464200
2022-11-29,82.91000366210938,83.12999725341797,81.9800033569336,82.48999786376953,5398200
2022-11-30,82.08999633789062,84.9000015258789,82.05999755859375,84.69999694824219,9739200
2022-12-01,85.4000015258789,85.97000122070312,83.98999786376953,84.83000183105469,5830700
2022-12-02,83.7300033569336,85.20999908447266,83.4000015258789,85.19999694824219,6316900
2022-12-05,85.0,86.02999877929688,84.7699966430664,85.1500015258789,5511700
2022-12-06,84.91000366210938,85.25,83.70999908447266,85.18000030517578,5027700
2022-12-07,85.16000366210938,86.3499984741211,84.61000061035156,85.29000091552734,5108800
2022-12-08,85.2699966430664,86.4000015258789,84.9000015258789,85.76000213623047,4281700
2022-12-09,85.55999755859375,86.0,84.41999816894531,84.51000213623047,4460300
2022-12-12,85.12000274658203,86.5999984741211,84.80000305175781,86.55000305175781,5348900
2022-12-13,88.0,88.37000274658203,86.0,87.1500015258789,7179500
2022-12-14,87.45999908447266,88.61000061035156,86.33999633789062,87.05000305175781,6111600
2022-12-15,86.9000015258789,87.05000305175781,85.4800033569336,85.80999755859375,6469100
2022-12-16,84.5999984741211,84.86000061035156,83.2699966430664,84.13999938964844,16949300
2022-12-19,83.9800033569336,84.27999877929688,82.95999908447266,83.5199966430664,5681100
2022-12-20,83.4000015258789,84.04000091552734,82.75,83.5199966430664,4811900
2022-12-21,83.8499984741211,84.94999694824219,83.6500015258789,84.6500015258789,5356200
2022-12-22,84.54000091552734,84.54000091552734,82.16000366210938,83.33999633789062,4491000
2022-12-23,83.0,84.2699966430664,83.0,84.16999816894531,3254700
2022-12-27,84.0999984741211,84.27999877929688,83.47000122070312,84.0,4726500
2022-12-28,84.19999694824219,84.54000091552734,82.9800033569336,83.16000366210938,3536400
2022-12-29,83.7300033569336,84.69000244140625,83.48999786376953,84.08000183105469,3378300
2022-12-30,83.94999694824219,84.0199966430664,82.4800033569336,83.5999984741211,4266900
2023-01-03,84.37000274658203,84.9000015258789,82.54000091552734,83.83000183105469,5535400
2023-01-04,84.36000061035156,85.45999908447266,83.83000183105469,84.48999786376953,4831100
2023-01-05,83.61000061035156,84.01000213623047,82.13999938964844,82.62999725341797,5472600
2023-01-06,83.55999755859375,84.37000274658203,82.81999969482422,83.6500015258789,5235300
2023-01-09,83.63999938964844,84.93000030517578,83.48999786376953,84.06999969482422,4749000
2023-01-10,84.06999969482422,84.5999984741211,83.37000274658203,84.54000091552734,4921100
2023-01-11,84.47000122070312,85.36000061035156,84.22000122070312,85.0,6153500
2023-01-12,85.0999984741211,85.66999816894531,84.38999938964844,85.06999969482422,4648600
2023-01-13,84.44000244140625,84.97000122070312,83.75,84.68000030517578,4943200
2023-01-17,85.19000244140625,86.47000122070312,85.18000030517578,85.73999786376953,8410200
2023-01-18,85.93000030517578,86.04000091552734,83.7300033569336,83.80000305175781,6107700
2023-01-19,84.05999755859375,84.33999633789062,82.29000091552734,82.58999633789062,7099700
2023-01-20,82.51000213623047,82.54000091552734,80.5,81.81999969482422,9429200
2023-01-23,81.37999725341797,83.22000122070312,80.9000015258789,82.66999816894531,6864300
2023-01-24,82.79000091552734,84.19999694824219,80.27999877929688,83.9000015258789,6652300
2023-01-25,80.52999877929688,80.98999786376953,75.9000015258789,76.58999633789062,28527400
2023-01-26,75.0999984741211,77.44999694824219,74.80000305175781,76.4000015258789,18508700
2023-01-27,76.06999969482422,76.4000015258789,75.51000213623047,75.58000183105469,13243200
2023-01-30,75.36000061035156,76.3499984741211,74.88999938964844,75.05000305175781,10669600
2023-01-31,74.54000091552734,74.83000183105469,73.3499984741211,74.62999725341797,19020400
2023-02-01,74.62000274658203,75.04000091552734,73.33999633789062,74.23999786376953,15188700
2023-02-02,73.56999969482422,76.83999633789062,73.20999908447266,75.5999984741211,18604100
2023-02-03,75.25,75.44000244140625,73.66999816894531,74.66999816894531,11671500
2023-02-06,74.5999984741211,75.56999969482422,74.44999694824219,75.51000213623047,9343400
2023-02-07,75.37000274658203,76.58000183105469,74.75,76.08000183105469,10855800
2023-02-08,75.9800033569336,76.1500015258789,74.86000061035156,75.02999877929688,9082200
2023-02-09,75.19999694824219,75.94000244140625,73.12000274658203,73.2699966430664,13163500
2023-02-10,73.41999816894531,75.25,73.41999816894531,74.73999786376953,9883000
2023-02-13,75.33999633789062,76.01000213623047,75.16000366210938,75.62000274658203,8114200
2023-02-14,75.29000091552734,76.33000183105469,74.80000305175781,76.02999877929688,7089400
2023-02-15,75.6500015258789,77.08999633789062,75.6500015258789,76.94000244140625,9344300
2023-02-16,75.80000305175781,76.5199966430664,75.66000366210938,75.69000244140625,7795600
2023-02-17,75.69999694824219,76.4800033569336,75.37999725341797,76.06999969482422,9436100
2023-02-21,75.44000244140625,75.52999877929688,73.61000061035156,73.66000366210938,11915600
2023-02-22,73.9800033569336,74.73999786376953,73.44000244140625,73.68000030517578,9351200
2023-02-23,74.37000274658203,74.37000274658203,72.6500015258789,72.87000274658203,9049900
2023-02-24,72.12000274658203,73.33000183105469,71.80000305175781,72.91999816894531,9127800
2023-02-27,72.97000122070312,73.66999816894531,71.68000030517578,71.86000061035156,7029700
2023-02-28,71.69999694824219,71.8499984741211,70.80000305175781,71.02999877929688,11276700
2023-03-01,70.86000061035156,71.04000091552734,69.63999938964844,69.87000274658203,11809200
2023-03-02,70.36000061035156,72.22000122070312,70.12000274658203,72.20999908447266,16066500
2023-03-03,72.88999938964844,73.87000274658203,72.18000030517578,73.83000183105469,10724800
2023-03-06,73.54000091552734,74.5999984741211,73.41000366210938,74.4000015258789,6888900
2023-03-07,73.94000244140625,74.48999786376953,73.0199966430664,73.75,7308900
2023-03-08,73.37999725341797,74.37999725341797,73.04000091552734,74.25,5913600
2023-03-09,74.5,74.98999786376953,73.38999938964844,73.76000213623047,7678100
2023-03-10,73.98999786376953,74.2699966430664,72.37000274658203,73.01000213623047,10167100
2023-03-13,73.05999755859375,75.18000030517578,73.0,73.29000091552734,8388800
2023-03-14,73.98999786376953,74.8499984741211,73.43000030517578,74.55000305175781,8635800
2023-03-15,74.44999694824219,75.8499984741211,73.93000030517578,75.5199966430664,12030300
2023-03-16,75.66000366210938,76.51000213623047,74.83000183105469,76.2300033569336,8895800
2023-03-17,76.29000091552734,76.29000091552734,74.73999786376953,75.66999816894531,14137400
2023-03-20,75.5999984741211,77.0,75.30999755859375,75.97000122070312,7140100
2023-03-21,76.3499984741211,76.3499984741211,74.2699966430664,75.36000061035156,6222300
2023-03-22,75.30999755859375,75.9800033569336,74.08999633789062,74.12999725341797,7038000
2023-03-23,73.7699966430664,75.72000122070312,73.37000274658203,73.80999755859375,7541200
2023-03-24,73.98999786376953,75.75,73.70999908447266,75.69000244140625,5293900
2023-03-27,75.87000274658203,76.05999755859375,74.94999694824219,75.44000244140625,5515900
2023-03-28,75.5,76.25,74.81999969482422,75.23999786376953,5935500
2023-03-29,75.47000122070312,76.30999755859375,75.47000122070312,76.11000061035156,5680500
2023-03-30,76.36000061035156,77.0199966430664,76.16999816894531,76.58999633789062,6187000
2023-03-31,76.7699966430664,77.12000274658203,75.9800033569336,77.08000183105469,10124400
2023-04-03,77.05000305175781,77.05000305175781,75.80000305175781,76.66999816894531,5778700
2023-04-04,76.8499984741211,77.69000244140625,76.43000030517578,77.16000366210938,6165600
2023-04-05,77.9000015258789,78.94999694824219,77.73999786376953,78.33000183105469,8200400
2023-04-06,78.80000305175781,79.0,77.95999908447266,78.97000122070312,5427700
2023-04-10,78.3499984741211,78.5,77.30999755859375,78.43000030517578,5647500
2023-04-11,78.38999938964844,78.61000061035156,77.9000015258789,78.33999633789062,6019600
2023-04-12,78.69000244140625,79.44000244140625,78.26000213623047,78.58999633789062,6786400
2023-04-13,78.41999816894531,79.11000061035156,77.4800033569336,78.8499984741211,4928600
2023-04-14,78.38999938964844,78.47000122070312,77.55999755859375,78.0199966430664,4920900
2023-04-17,78.18000030517578,78.55000305175781,77.79000091552734,78.54000091552734,4393300
2023-04-18,78.7300033569336,79.06999969482422,77.94000244140625,78.30000305175781,8147500
2023-04-19,78.30999755859375,79.16999816894531,78.29000091552734,78.94000244140625,3813300
2023-04-20,78.72000122070312,79.0999984741211,78.2300033569336,78.75,4350400
2023-04-21,79.44000244140625,79.77999877929688,78.55999755859375,78.98999786376953,5192600
2023-04-24,78.51000213623047,79.25,78.5,79.04000091552734,5725800
2023-04-25,77.7300033569336,79.0999984741211,77.5,77.81999969482422,8399800
2023-04-26,76.77999877929688,76.94999694824219,74.02999877929688,74.06999969482422,12656700
2023-04-27,74.30999755859375,76.5199966430664,73.91000366210938,75.8499984741211,8155600
2023-04-28,75.41000366210938,76.69999694824219,75.41000366210938,76.62999725341797,10005800
2023-05-01,76.47000122070312,77.37999725341797,76.36000061035156,76.80000305175781,5214700
2023-05-02,76.66000366210938,77.0199966430664,75.51000213623047,75.94000244140625,7674200
2023-05-03,76.26000213623047,76.55999755859375,75.2699966430664,75.38999938964844,6265900
2023-05-04,75.37999725341797,75.66999816894531,74.55999755859375,75.51000213623047,6042300
2023-05-05,75.61000061035156,76.56999969482422,75.19000244140625,75.51000213623047,6215500
2023-05-08,75.52999877929688,76.69000244140625,75.27999877929688,76.05999755859375,6751700
2023-05-09,76.22000122070312,76.22000122070312,75.19000244140625,75.58000183105469,5588100
2023-05-10,76.12999725341797,77.16000366210938,75.94000244140625,76.88999938964844,5696000
2023-05-11,76.58999633789062,76.83999633789062,75.54000091552734,76.0999984741211,6542700
2023-05-12,76.88999938964844,77.98999786376953,76.58000183105469,77.95999908447266,8315000
2023-05-15,78.47000122070312,78.52999877929688,76.81999969482422,77.54000091552734,5430000
2023-05-16,77.5,77.5,75.69000244140625,75.83999633789062,6215700
2023-05-17,76.16999816894531,76.27999877929688,75.19000244140625,75.33999633789062,5408600
2023-05-18,74.75,75.25,74.20999908447266,75.0999984741211,6970600
2023-05-19,75.55000305175781,75.77999877929688,74.47000122070312,74.4800033569336,6338600
2023-05-22,74.91000366210938,75.16999816894531,74.47000122070312,74.58000183105469,4272600
2023-05-23,74.0999984741211,75.19999694824219,73.91000366210938,74.16000366210938,8751200
2023-05-24,74.1500015258789,74.41999816894531,73.66000366210938,74.23999786376953,6879400
2023-05-25,74.18000030517578,74.18000030517578,72.47000122070312,73.38999938964844,7716400
2023-05-26,73.12999725341797,74.55999755859375,72.5999984741211,73.91999816894531,7174000
2023-05-30,74.3499984741211,74.75,72.55000305175781,72.69000244140625,6874000
2023-05-31,72.63999938964844,73.7699966430664,71.87999725341797,73.45999908447266,11112000
2023-06-01,73.05000305175781,73.43000030517578,72.45999908447266,72.95999908447266,6738800
2023-06-02,73.04000091552734,74.19999694824219,72.5199966430664,73.8499984741211,7175400
2023-06-05,74.1500015258789,74.88999938964844,73.33000183105469,73.58999633789062,5266600
2023-06-06,73.77999877929688,74.1500015258789,73.36000061035156,73.37999725341797,5652900
2023-06-07,73.63999938964844,74.5,73.27999877929688,74.16999816894531,6488100
2023-06-08,74.4800033569336,75.12000274658203,74.06999969482422,74.9000015258789,9984500
2023-06-09,74.86000061035156,75.19999694824219,74.0,74.06999969482422,6011400
2023-06-12,74.41000366210938,74.47000122070312,73.69000244140625,73.9800033569336,7564300
2023-06-13,73.9000015258789,74.69000244140625,73.75,74.3499984741211,8579300
2023-06-14,74.9000015258789,74.94999694824219,73.29000091552734,73.4000015258789,8893600
2023-06-15,73.73999786376953,74.5199966430664,73.41000366210938,74.36000061035156,10098300
2023-06-16,74.75,76.41999816894531,74.72000122070312,75.58999633789062,23053600
2023-06-20,75.62999725341797,76.16999816894531,74.5,74.76000213623047,7801600
2023-06-21,74.44999694824219,76.02999877929688,73.72000122070312,75.77999877929688,7176100
2023-06-22,76.06999969482422,76.38999938964844,75.0,75.12999725341797,6976200
2023-06-23,75.29000091552734,75.98999786376953,74.0,74.16999816894531,9080100
2023-06-26,74.08999633789062,74.79000091552734,73.80999755859375,74.29000091552734,5670200
2023-06-27,74.55999755859375,74.80000305175781,73.20999908447266,73.91000366210938,5979100
2023-06-28,73.94999694824219,74.20999908447266,73.22000122070312,73.44000244140625,8735100
2023-06-29,72.68000030517578,73.5999984741211,72.51000213623047,72.80999755859375,7193200
2023-06-30,72.94000244140625,74.30999755859375,72.77999877929688,74.19999694824219,9259900
2023-07-03,73.87000274658203,74.47000122070312,73.5,74.37999725341797,2484500
2023-07-05,73.9800033569336,75.58999633789062,73.91999816894531,74.94999694824219,8450100
2023-07-06,74.29000091552734,74.29000091552734,73.01000213623047,73.0199966430664,7271200
2023-07-07,72.52999877929688,72.72000122070312,71.9000015258789,72.05000305175781,7511700
2023-07-10,71.80000305175781,72.48999786376953,71.0999984741211,71.70999908447266,7704700
2023-07-11,71.63999938964844,72.2300033569336,70.8499984741211,72.19000244140625,6623100
2023-07-12,72.54000091552734,73.56999969482422,72.19000244140625,73.47000122070312,9710500
2023-07-13,73.5199966430664,73.93000030517578,73.37999725341797,73.70999908447266,6058600
2023-07-14,73.4800033569336,73.75,72.79000091552734,73.19999694824219,6463500
2023-07-17,72.95999908447266,73.41999816894531,72.44999694824219,72.66000366210938,5148800
2023-07-18,72.7699966430664,73.08000183105469,71.30000305175781,72.05000305175781,7239500
2023-07-19,72.36000061035156,72.93000030517578,72.05000305175781,72.0999984741211,7464800
2023-07-20,72.0999984741211,74.12999725341797,71.6500015258789,74.0999984741211,9221600
2023-07-21,74.41999816894531,76.2699966430664,74.30000305175781,75.9000015258789,11878400
2023-07-24,75.87999725341797,76.66999816894531,75.37000274658203,75.5,8609700
2023-07-25,75.76000213623047,75.94000244140625,74.62000274658203,75.44000244140625,8847800
2023-07-26,74.88999938964844,76.19000244140625,73.87999725341797,74.37000274658203,7244600
2023-07-27,73.94000244140625,74.88999938964844,73.19000244140625,73.2699966430664,10185400
2023-07-28,73.75,74.37999725341797,72.4800033569336,72.8499984741211,6230700
2023-07-31,73.4000015258789,74.47000122070312,73.04000091552734,73.30000305175781,10876400
2023-08-01,73.31999969482422,73.80999755859375,72.08999633789062,72.16999816894531,6723400
2023-08-02,71.51000213623047,72.3499984741211,71.45999908447266,71.91000366210938,6589600
2023-08-03,71.19999694824219,71.5,70.05999755859375,70.0999984741211,9075100
2023-08-04,70.55000305175781,70.69000244140625,69.0199966430664,69.16999816894531,9140500
2023-08-07,69.5,69.72000122070312,68.61000061035156,68.63999938964844,8397200
2023-08-08,68.33999633789062,68.94999694824219,67.91000366210938,68.70999908447266,8890000
2023-08-09,68.79000091552734,69.58000183105469,68.51000213623047,68.91999816894531,7453000
2023-08-10,69.30000305175781,69.66000366210938,68.1500015258789,68.29000091552734,7959900
2023-08-11,68.30000305175781,68.94000244140625,68.16000366210938,68.91999816894531,6524200
2023-08-14,68.8499984741211,68.93000030517578,68.30000305175781,68.55999755859375,8021100
2023-08-15,68.1500015258789,68.2300033569336,67.16999816894531,67.3499984741211,7703900
2023-08-16,67.72000122070312,67.94999694824219,67.30999755859375,67.55999755859375,6433500
2023-08-17,67.33999633789062,68.1500015258789,67.29000091552734,67.51000213623047,6677600
2023-08-18,67.33999633789062,68.05999755859375,67.33000183105469,67.83000183105469,6291300
2023-08-21,67.75,67.80000305175781,66.66999816894531,67.08000183105469,6856100
2023-08-22,67.11000061035156,67.81999969482422,66.76000213623047,67.5199966430664,7370400
2023-08-23,68.06999969482422,68.13999938964844,67.30000305175781,67.88999938964844,7721800
2023-08-24,67.88999938964844,68.41000366210938,67.08000183105469,67.22000122070312,9242500
2023-08-25,67.30000305175781,68.22000122070312,67.2300033569336,67.95999908447266,10114100
2023-08-28,68.25,68.5999984741211,67.9800033569336,68.0199966430664,7152600
2023-08-29,67.77999877929688,67.8499984741211,67.11000061035156,67.51000213623047,11209700
2023-08-30,67.36000061035156,67.7300033569336,66.81999969482422,67.08999633789062,7461500
2023-08-31,67.5,67.79000091552734,66.7300033569336,66.80000305175781,11797800
2023-09-01,67.33999633789062,67.56999969482422,66.44999694824219,66.87000274658203,8296600
2023-09-05,66.81999969482422,67.2699966430664,65.80999755859375,66.19999694824219,10002700
2023-09-06,66.02999877929688,66.41000366210938,65.36000061035156,65.69000244140625,9250300
2023-09-07,66.27999877929688,66.97000122070312,65.87000274658203,66.25,9981100
2023-09-08,66.26000213623047,67.0,66.06999969482422,66.83000183105469,7484800
2023-09-11,67.0,67.88999938964844,66.94999694824219,67.52999877929688,7981600
2023-09-12,67.5,68.02999877929688,67.11000061035156,67.7300033569336,7171300
2023-09-13,67.87999725341797,68.7699966430664,67.87999725341797,68.43000030517578,8925700
2023-09-14,68.9000015258789,69.3499984741211,68.41999816894531,69.27999877929688,7944900
2023-09-15,69.33999633789062,69.88999938964844,68.5999984741211,68.63999938964844,18391400
2023-09-18,68.80999755859375,68.86000061035156,67.91000366210938,68.23999786376953,7534100
2023-09-19,68.05000305175781,68.16000366210938,67.3499984741211,67.58999633789062,8215500
2023-09-20,68.06999969482422,68.13999938964844,67.23999786376953,67.3499984741211,5804000
2023-09-21,67.11000061035156,67.70999908447266,66.7699966430664,66.91000366210938,9458600
2023-09-22,66.5,68.38999938964844,66.3499984741211,67.69999694824219,11796500
2023-09-25,67.22000122070312,67.5,66.77999877929688,67.47000122070312,8656500
2023-09-26,67.12000274658203,67.19000244140625,65.2699966430664,65.33999633789062,9042600
2023-09-27,64.69999694824219,64.98999786376953,59.529998779296875,59.959999084472656,25606200
2023-09-28,60.29999923706055,60.70000076293945,56.97999954223633,57.08000183105469,31153800
2023-09-29,57.66999816894531,58.7599983215332,56.97999954223633,57.290000915527344,19047600
2023-10-02,56.08000183105469,56.380001068115234,50.18000030517578,52.150001525878906,54022800
2023-10-03,52.06999969482422,53.11000061035156,50.5,52.779998779296875,36257500
2023-10-04,53.709999084472656,53.95000076293945,50.540000915527344,50.619998931884766,28467400
2023-10-05,49.810001373291016,50.130001068115234,48.2400016784668,49.45000076293945,29911400
2023-10-06,49.060001373291016,50.5,47.150001525878906,50.2400016784668,24718500
2023-10-09,49.689998626708984,50.41999816894531,48.380001068115234,49.31999969482422,20644600
2023-10-10,49.68000030517578,51.619998931884766,49.52000045776367,51.58000183105469,23164300
2023-10-11,52.04999923706055,53.56999969482422,51.70000076293945,53.540000915527344,22401400
2023-10-12,53.06999969482422,53.970001220703125,52.22999954223633,53.0,27972800
2023-10-13,53.529998779296875,55.25,53.5,54.4900016784668,22319200
2023-10-16,54.4900016784668,55.040000915527344,53.560001373291016,54.380001068115234,17089400
2023-10-17,53.58000183105469,54.84000015258789,53.54999923706055,54.16999816894531,13365500
2023-10-18,54.08000183105469,54.779998779296875,53.06999969482422,53.2400016784668,13593300
2023-10-19,53.279998779296875,53.9900016784668,52.380001068115234,52.38999938964844,11580400
2023-10-20,51.95000076293945,52.689998626708984,51.689998626708984,51.959999084472656,17798900
2023-10-23,51.27000045776367,52.560001373291016,50.95000076293945,51.52000045776367,15200700
2023-10-24,54.439998626708984,55.43000030517578,53.11000061035156,55.119998931884766,20060300
2023-10-25,55.61000061035156,56.939998626708984,54.90999984741211,56.459999084472656,19262400
2023-10-26,56.77000045776367,58.2400016784668,56.68000030517578,57.56999969482422,17357800
2023-10-27,57.36000061035156,58.02000045776367,55.93000030517578,56.2400016784668,11921000
2023-10-30,56.40999984741211,57.470001220703125,55.77000045776367,57.20000076293945,11017700
2023-10-31,57.560001373291016,58.4900016784668,57.38999938964844,58.29999923706055,19978300
2023-11-01,58.11000061035156,58.790000915527344,57.18000030517578,58.43000030517578,13428900
2023-11-02,58.52000045776367,60.470001220703125,58.5,59.90999984741211,15076500
2023-11-03,61.220001220703125,61.4900016784668,59.369998931884766,59.380001068115234,13938000
2023-11-06,59.400001525878906,59.880001068115234,58.86000061035156,59.040000915527344,9299500
2023-11-07,59.04999923706055,59.560001373291016,58.400001525878906,58.459999084472656,9615500
2023-11-08,58.16999816894531,58.16999816894531,56.779998779296875,57.5,12781600
2023-11-09,57.119998931884766,57.27000045776367,54.619998931884766,54.720001220703125,17147900
2023-11-10,55.0,55.369998931884766,54.5099983215332,55.13999938964844,12776100
2023-11-13,55.04999923706055,55.060001373291016,53.810001373291016,54.5,8951800
2023-11-14,56.08000183105469,57.7400016784668,55.45000076293945,57.54999923706055,13399500
2023-11-15,57.47999954223633,58.72999954223633,56.97999954223633,57.0,11295000
2023-11-16,57.41999816894531,57.77000045776367,56.58000183105469,56.599998474121094,11155400
2023-11-17,57.0099983215332,57.380001068115234,56.4900016784668,57.369998931884766,10136300
2023-11-20,57.0,57.68000030517578,56.310001373291016,57.34000015258789,8404900
2023-11-21,57.31999969482422,58.290000915527344,56.779998779296875,57.97999954223633,11952600
2023-11-22,57.97999954223633,58.310001373291016,56.9900016784668,57.470001220703125,9626900
2023-11-24,57.13999938964844,57.61000061035156,56.93000030517578,57.54999923706055,4629400
2023-11-27,57.5,57.70000076293945,56.869998931884766,57.58000183105469,9779100
2023-11-28,57.560001373291016,58.58000183105469,57.2599983215332,58.15999984741211,9473600
2023-11-29,58.529998779296875,59.22999954223633,57.97999954223633,58.36000061035156,17019100
2023-11-30,58.47999954223633,58.68000030517578,57.97999954223633,58.5099983215332,15381700
2023-12-01,58.54999923706055,59.540000915527344,57.66999816894531,59.16999816894531,10510200
2023-12-04,58.59000015258789,59.529998779296875,58.58000183105469,58.66999816894531,10239600
2023-12-05,58.68000030517578,58.86000061035156,57.869998931884766,58.22999954223633,12544800
2023-12-06,58.619998931884766,60.2599983215332,58.619998931884766,60.20000076293945,13235700
2023-12-07,60.380001068115234,60.560001373291016,59.439998626708984,59.849998474121094,12230500
2023-12-08,59.56999969482422,59.95000076293945,59.099998474121094,59.70000076293945,9408300
2023-12-11,58.529998779296875,59.939998626708984,58.529998779296875,59.709999084472656,11005700
2023-12-12,59.65999984741211,59.7599983215332,58.08000183105469,59.52000045776367,9931000
2023-12-13,59.599998474121094,62.599998474121094,59.33000183105469,62.5099983215332,13013400
2023-12-14,63.650001525878906,64.58999633789062,62.36000061035156,62.779998779296875,16809100
2023-12-15,62.099998474121094,62.90999984741211,61.02000045776367,61.5,28901500
2023-12-18,61.599998474121094,62.099998474121094,60.849998474121094,61.0,10755600
2023-12-19,61.36000061035156,61.83000183105469,60.869998931884766,61.56999969482422,11509600
2023-12-20,61.54999923706055,61.720001220703125,59.779998779296875,59.84000015258789,10091200
2023-12-21,60.130001068115234,60.650001525878906,59.060001373291016,59.599998474121094,12604200
2023-12-22,59.959999084472656,60.869998931884766,59.66999816894531,59.75,9799400
2023-12-26,59.68000030517578,60.560001373291016,59.619998931884766,60.209999084472656,6791600
2023-12-27,59.90999984741211,60.66999816894531,59.650001525878906,60.58000183105469,6787500
2023-12-28,60.119998931884766,61.099998474121094,60.119998931884766,61.02000045776367,5981900
2023-12-29,60.79999923706055,61.060001373291016,60.27000045776367,60.7400016784668,6814600
2024-01-02,60.54999923706055,62.150001525878906,60.18000030517578,61.56999969482422,10064300
2024-01-03,61.11000061035156,62.119998931884766,60.459999084472656,61.9900016784668,10306300
2024-01-04,62.16999816894531,62.7599983215332,61.72999954223633,61.79999923706055,10568100
2024-01-05,61.650001525878906,62.560001373291016,61.27000045776367,62.08000183105469,7803800
2024-01-08,61.779998779296875,63.060001373291016,61.59000015258789,62.91999816894531,7766600
2024-01-09,62.939998626708984,63.040000915527344,61.88999938964844,62.0099983215332,6921600
2024-01-10,62.02000045776367,62.72999954223633,61.900001525878906,62.279998779296875,8100100
2024-01-11,62.0,62.189998626708984,60.599998474121094,60.720001220703125,10686000
2024-01-12,61.18000030517578,61.65999984741211,60.91999816894531,61.040000915527344,7796900
2024-01-16,60.65999984741211,61.20000076293945,60.209999084472656,60.349998474121094,11633100
2024-01-17,59.459999084472656,60.0099983215332,57.79999923706055,58.27000045776367,11543100
2024-01-18,57.959999084472656,58.08000183105469,57.22999954223633,57.650001525878906,9626500
2024-01-19,57.720001220703125,57.790000915527344,56.58000183105469,57.2599983215332,12762600
2024-01-22,57.369998931884766,57.790000915527344,56.65999984741211,56.849998474121094,12979900
2024-01-23,57.279998779296875,57.5099983215332,56.88999938964844,57.380001068115234,16081000
2024-01-24,58.099998474121094,58.40999984741211,56.75,57.0099983215332,14471400
2024-01-25,58.95000076293945,59.36000061035156,57.060001373291016,57.97999954223633,15702600
2024-01-26,58.33000183105469,59.02000045776367,58.220001220703125,58.47999954223633,11650000
2024-01-29,58.470001220703125,59.790000915527344,58.209999084472656,59.56999969482422,10102800
2024-01-30,59.5,59.75,58.56999969482422,59.279998779296875,7807700
2024-01-31,59.70000076293945,59.97999954223633,58.43000030517578,58.630001068115234,11124900
2024-02-01,58.38999938964844,59.83000183105469,58.0099983215332,59.75,8687600
2024-02-02,58.88999938964844,59.029998779296875,57.97999954223633,58.150001525878906,14952900
2024-02-05,57.369998931884766,57.43000030517578,55.88999938964844,55.970001220703125,14293600
2024-02-06,56.0,56.58000183105469,55.5099983215332,56.22999954223633,10305400
2024-02-07,56.31999969482422,56.66999816894531,55.630001068115234,56.380001068115234,7761300
2024-02-08,56.41999816894531,56.41999816894531,55.38999938964844,56.290000915527344,8143000
2024-02-09,55.97999954223633,56.630001068115234,55.720001220703125,56.58000183105469,8003500
2024-02-12,56.59000015258789,57.630001068115234,56.5,57.54999923706055,9622000
2024-02-13,56.880001068115234,57.13999938964844,54.66999816894531,55.25,12759700
2024-02-14,55.38999938964844,56.06999969482422,55.09000015258789,56.0099983215332,8831300
2024-02-15,56.29999923706055,57.65999984741211,56.220001220703125,57.27000045776367,9880000
2024-02-16,56.86000061035156,57.41999816894531,56.33000183105469,57.029998779296875,9943500
2024-02-20,56.7400016784668,57.31999969482422,56.04999923706055,56.61000061035156,13014600
2024-02-21,57.02000045776367,57.34000015258789,56.63999938964844,57.099998474121094,9322100
2024-02-22,56.790000915527344,57.08000183105469,56.31999969482422,56.66999816894531,10426000
2024-02-23,56.79999923706055,57.459999084472656,56.5099983215332,56.779998779296875,10563900
2024-02-26,55.900001525878906,55.93000030517578,54.86000061035156,55.150001525878906,12753800
2024-02-27,55.439998626708984,55.9900016784668,54.790000915527344,55.560001373291016,12421800
2024-02-28,55.349998474121094,55.720001220703125,54.709999084472656,55.040000915527344,13240400
2024-02-29,55.4900016784668,55.86000061035156,54.959999084472656,55.189998626708984,19993600
2024-03-01,55.2599983215332,55.619998931884766,54.279998779296875,55.209999084472656,15398200
2024-03-04,54.779998779296875,55.06999969482422,53.95000076293945,54.970001220703125,11674600
2024-03-05,55.0,56.5099983215332,54.95000076293945,55.400001525878906,16026100
2024-03-06,55.97999954223633,56.90999984741211,55.2599983215332,55.529998779296875,11074900
2024-03-07,56.08000183105469,56.470001220703125,55.529998779296875,56.25,10227300
2024-03-08,56.720001220703125,58.15999984741211,56.310001373291016,57.810001373291016,12735600
2024-03-11,57.56999969482422,58.13999938964844,56.88999938964844,57.869998931884766,9681500
2024-03-12,57.66999816894531,58.0,56.54999923706055,57.150001525878906,9634400
2024-03-13,59.0,60.369998931884766,58.95000076293945,59.540000915527344,17495300
2024-03-14,59.20000076293945,60.2400016784668,59.11000061035156,59.540000915527344,16996100
2024-03-15,59.20000076293945,60.130001068115234,58.880001068115234,60.08000183105469,32424500
2024-03-18,60.08000183105469,61.13999938964844,59.439998626708984,60.16999816894531,17073700
2024-03-19,60.38999938964844,61.38999938964844,60.2599983215332,61.27000045776367,11433900
2024-03-20,61.45000076293945,62.40999984741211,61.36000061035156,62.20000076293945,14564500
2024-03-21,62.20000076293945,63.38999938964844,61.290000915527344,61.36000061035156,18090300
2024-03-22,62.220001220703125,62.4900016784668,61.720001220703125,61.779998779296875,10046300
2024-03-25,62.0,62.63999938964844,61.40999984741211,62.61000061035156,11423500
2024-03-26,62.619998931884766,62.90999984741211,61.29999923706055,61.43000030517578,13829600
2024-03-27,62.15999984741211,63.86000061035156,62.02000045776367,63.790000915527344,13409000
2024-03-28,63.66999816894531,64.26000213623047,63.38999938964844,63.90999984741211,12830800
2024-04-01,63.90999984741211,64.05000305175781,62.7599983215332,63.380001068115234,13175200
2024-04-02,63.27000045776367,63.34000015258789,62.36000061035156,62.880001068115234,9905300
2024-04-03,62.689998626708984,62.9900016784668,61.86000061035156,62.54999923706055,10551400
2024-04-04,63.349998474121094,63.97999954223633,62.970001220703125,63.72999954223633,10690100
2024-04-05,63.04999923706055,64.36000061035156,62.900001525878906,64.18000030517578,10278100
2024-04-08,64.1500015258789,64.91999816894531,63.93000030517578,64.86000061035156,8054900
2024-04-09,65.1500015258789,65.86000061035156,64.79000091552734,65.37999725341797,9188000
2024-04-10,63.5,64.23999786376953,63.0,64.01000213623047,10783400
2024-04-11,64.62999725341797,64.79000091552734,63.31999969482422,63.939998626708984,12145600
2024-04-12,64.12000274658203,64.30999755859375,62.95000076293945,63.08000183105469,9039500
2024-04-15,63.529998779296875,64.33000183105469,62.29999923706055,62.75,11147100
2024-04-16,62.4900016784668,62.58000183105469,61.310001373291016,61.70000076293945,11594100
2024-04-17,62.2400016784668,63.91999816894531,61.91999816894531,63.790000915527344,15653700
2024-04-18,63.849998474121094,64.38999938964844,63.130001068115234,64.01000213623047,10135000
2024-04-19,64.22000122070312,64.9000015258789,63.650001525878906,64.30000305175781,13419400
2024-04-22,64.58999633789062,65.48999786376953,63.91999816894531,65.30999755859375,14747200
2024-04-23,65.23999786376953,67.16999816894531,65.0999984741211,66.19999694824219,14349200
2024-04-24,65.91000366210938,67.0999984741211,65.22000122070312,66.55999755859375,12149600
2024-04-25,66.0,67.12000274658203,65.51000213623047,66.9000015258789,11418500
2024-04-26,67.22000122070312,67.30000305175781,65.75,65.98999786376953,9982800
2024-04-29,67.0199966430664,67.91000366210938,66.95999908447266,67.41999816894531,9795800
2024-04-30,66.9000015258789,67.48999786376953,66.2699966430664,66.97000122070312,10042600
2024-05-01,66.87000274658203,68.86000061035156,66.73999786376953,68.61000061035156,13991100
2024-05-02,68.87999725341797,69.0199966430664,67.66999816894531,68.8499984741211,10815900
2024-05-03,69.88999938964844,70.27999877929688,69.30999755859375,70.13999938964844,12687500
2024-05-06,70.36000061035156,71.30000305175781,70.26000213623047,71.25,14042100
2024-05-07,71.69000244140625,72.04000091552734,71.30999755859375,71.94999694824219,13621100
2024-05-08,71.69999694824219,72.88999938964844,71.4800033569336,72.8499984741211,9915000
2024-05-09,73.0,74.7300033569336,72.58000183105469,74.58000183105469,16627900
2024-05-10,74.87000274658203,75.20999908447266,73.6500015258789,73.79000091552734,12046700
2024-05-13,74.13999938964844,74.66999816894531,73.58999633789062,74.58000183105469,7685500
2024-05-14,74.94000244140625,75.61000061035156,74.66000366210938,75.41999816894531,8176600
2024-05-15,75.97000122070312,77.19000244140625,75.97000122070312,77.05000305175781,12470600
2024-05-16,77.05999755859375,77.41000366210938,76.05999755859375,76.41000366210938,10414200
2024-05-17,76.3499984741211,76.55000305175781,75.54000091552734,76.08999633789062,9490300
2024-05-20,75.98999786376953,76.19000244140625,75.56999969482422,75.87000274658203,7179700
2024-05-21,75.87000274658203,76.95999908447266,75.44999694824219,76.94999694824219,6420100
2024-05-22,76.41000366210938,77.18000030517578,76.16000366210938,76.31999969482422,8773600
2024-05-23,75.95999908447266,75.95999908447266,74.62000274658203,75.31999969482422,9097800
2024-05-24,75.41999816894531,77.0999984741211,75.26000213623047,76.61000061035156,7601100
2024-05-28,76.62000274658203,78.26000213623047,76.33000183105469,77.52999877929688,11986600
2024-05-29,76.7699966430664,76.9000015258789,76.16000366210938,76.68000030517578,6896300
2024-05-30,76.87000274658203,78.26000213623047,76.61000061035156,78.19000244140625,21762300
2024-05-31,78.29000091552734,80.47000122070312,78.12999725341797,80.0199966430664,16196000
2024-06-03,79.5,79.75,77.5199966430664,77.70999908447266,15410500
2024-06-04,77.61000061035156,77.79000091552734,76.52999877929688,77.1500015258789,8484300
2024-06-05,77.05000305175781,77.33000183105469,76.5999984741211,77.05000305175781,9264600
2024-06-06,76.94000244140625,77.7699966430664,76.62999725341797,76.69999694824219,6550600
2024-06-07,75.55999755859375,77.0,75.01000213623047,75.38999938964844,10059500
2024-06-10,75.47000122070312,77.05999755859375,74.8499984741211,76.97000122070312,11218500
2024-06-11,75.30000305175781,75.31999969482422,71.55000305175781,72.73999786376953,22781500
2024-06-12,73.79000091552734,73.94999694824219,71.4000015258789,72.26000213623047,13930500
2024-06-13,72.55999755859375,73.72000122070312,72.36000061035156,73.18000030517578,10023200
2024-06-14,72.76000213623047,73.54000091552734,72.37999725341797,73.05999755859375,6568500
2024-06-17,72.7300033569336,73.4000015258789,72.19000244140625,72.30999755859375,8445300
2024-06-18,69.0999984741211,70.58999633789062,68.97000122070312,70.44000244140625,29169800
2024-06-20,71.0,72.88999938964844,70.79000091552734,72.45999908447266,14857200
2024-06-21,73.36000061035156,73.69000244140625,72.06999969482422,72.80999755859375,19465500
2024-06-24,72.5,74.26000213623047,72.25,73.8499984741211,12063700
2024-06-25,73.56999969482422,73.73999786376953,72.38999938964844,72.9800033569336,10753200
2024-06-26,72.80000305175781,73.61000061035156,71.91999816894531,73.37000274658203,11481500
2024-06-27,73.62000274658203,74.38999938964844,73.2300033569336,73.72000122070312,9824500
2024-06-28,73.20999908447266,73.30999755859375,69.86000061035156,70.80999755859375,23935600
2024-07-01,71.45999908447266,71.62999725341797,69.54000091552734,69.9000015258789,11036400
2024-07-02,70.0,70.5999984741211,69.37999725341797,70.47000122070312,9415200
2024-07-03,70.91999816894531,71.91000366210938,70.55000305175781,71.83000183105469,4487200
2024-07-05,72.0,72.3499984741211,71.63999938964844,72.08999633789062,7688800
2024-07-08,72.1500015258789,72.58000183105469,71.73999786376953,72.11000061035156,5368700
2024-07-09,72.05999755859375,72.98999786376953,71.68000030517578,72.12000274658203,6220100
2024-07-10,72.26000213623047,73.12999725341797,71.68000030517578,72.9000015258789,6740900
2024-07-11,73.5,75.20999908447266,73.45999908447266,74.69999694824219,12188700
2024-07-12,75.0,76.69999694824219,74.7699966430664,76.0,11099400
2024-07-15,74.16999816894531,74.4000015258789,70.76000213623047,70.97000122070312,19575400
2024-07-16,71.54000091552734,72.29000091552734,70.8499984741211,71.9000015258789,10551800
2024-07-17,71.75,72.25,70.4800033569336,70.9000015258789,11878900
2024-07-18,71.0,72.36000061035156,70.81999969482422,71.66999816894531,10212300
2024-07-19,71.91999816894531,72.36000061035156,71.44000244140625,72.0,7752100
2024-07-22,72.94999694824219,74.1500015258789,72.76000213623047,72.9000015258789,9034700
2024-07-23,72.43000030517578,73.0199966430664,71.91000366210938,72.11000061035156,7027500
2024-07-24,72.7300033569336,75.75,72.29000091552734,75.41000366210938,17813700
2024-07-25,75.19000244140625,75.66999816894531,73.30000305175781,73.44000244140625,13934200
2024-07-26,74.2300033569336,74.98999786376953,73.5199966430664,74.26000213623047,7076200
2024-07-29,74.45999908447266,74.66999816894531,73.55999755859375,74.33999633789062,5977500
2024-07-30,74.52999877929688,74.52999877929688,73.19999694824219,74.27999877929688,8505500
2024-07-31,74.87000274658203,76.87999725341797,74.69000244140625,76.38999938964844,15618100
2024-08-01,76.31999969482422,78.41999816894531,75.9000015258789,78.38999938964844,11136600
2024-08-02,79.36000061035156,80.55999755859375,77.81999969482422,79.19999694824219,14513100
2024-08-05,78.55000305175781,79.0,76.48999786376953,76.68000030517578,11877600
2024-08-06,76.8499984741211,78.4000015258789,76.66999816894531,76.97000122070312,9050900
2024-08-07,77.72000122070312,78.76000213623047,77.29000091552734,77.55999755859375,8193200
2024-08-08,77.12000274658203,78.2300033569336,76.5999984741211,77.54000091552734,6935900
2024-08-09,77.5,78.02999877929688,76.3499984741211,77.45999908447266,5041200
2024-08-12,77.33000183105469,77.61000061035156,76.88999938964844,77.58000183105469,5955600
2024-08-13,78.3499984741211,78.5,77.52999877929688,78.12000274658203,5108900
2024-08-14,78.0,78.58000183105469,77.0999984741211,78.01000213623047,4620700
2024-08-15,77.54000091552734,77.80999755859375,77.12999725341797,77.41000366210938,5946500
2024-08-16,77.5199966430664,78.79000091552734,77.23999786376953,78.56999969482422,6344200
2024-08-19,78.56999969482422,79.56999969482422,78.43000030517578,79.3499984741211,5617000
2024-08-20,79.3499984741211,79.79000091552734,78.95999908447266,78.9800033569336,5967300
2024-08-21,79.16999816894531,79.98999786376953,79.12999725341797,79.63999938964844,5125300
2024-08-22,79.68000030517578,79.94000244140625,78.45999908447266,78.91999816894531,8006600
2024-08-23,79.45999908447266,80.31999969482422,79.16000366210938,79.66000366210938,5052900
2024-08-26,80.0,81.06999969482422,79.95999908447266,80.63999938964844,5378700
2024-08-27,80.36000061035156,80.63999938964844,79.58000183105469,79.61000061035156,5086000
2024-08-28,79.7300033569336,80.12999725341797,79.19000244140625,79.41000366210938,5462400
2024-08-29,79.52999877929688,80.18000030517578,78.70999908447266,80.02999877929688,5179200
2024-08-30,79.58999633789062,80.73999786376953,79.47000122070312,80.51000213623047,6808200
2024-09-03,80.7699966430664,81.18000030517578,79.62999725341797,79.93000030517578,9883900
2024-09-04,80.41000366210938,81.54000091552734,80.31999969482422,81.08000183105469,7517700
2024-09-05,81.95999908447266,82.13999938964844,80.2300033569336,80.33000183105469,8494900
2024-09-06,80.86000061035156,81.19000244140625,79.80999755859375,79.9800033569336,8181500
2024-09-09,80.11000061035156,81.23999786376953,79.26000213623047,81.19000244140625,6918000
2024-09-10,81.47000122070312,82.38999938964844,81.05000305175781,82.30000305175781,9588000
2024-09-11,82.69999694824219,83.56999969482422,81.7300033569336,83.43000030517578,10216500
2024-09-12,83.43000030517578,83.97000122070312,82.70999908447266,83.45999908447266,7856600
2024-09-13,83.9000015258789,84.7300033569336,83.5,84.6500015258789,6734400
2024-09-16,85.08999633789062,85.55999755859375,84.37000274658203,84.63999938964844,8791400
2024-09-17,84.79000091552734,85.0,84.18000030517578,84.97000122070312,7415100
2024-09-18,84.48999786376953,84.98999786376953,83.51000213623047,84.27999877929688,9286200
2024-09-19,83.62999725341797,83.80000305175781,81.47000122070312,82.29000091552734,13965200
2024-09-20,82.25,83.76000213623047,82.05000305175781,82.76000213623047,26032300
2024-09-23,83.66000366210938,84.94000244140625,82.94000244140625,84.81999969482422,7916000
2024-09-24,84.19999694824219,85.2699966430664,83.91999816894531,84.29000091552734,8205300
2024-09-25,84.61000061035156,85.20999908447266,83.8499984741211,84.62000274658203,8354700
2024-09-26,84.25,84.5999984741211,83.23999786376953,83.45999908447266,8462500
2024-09-27,83.7699966430664,84.83999633789062,83.76000213623047,84.54000091552734,8200900
2024-09-30,84.5,84.94999694824219,84.01000213623047,84.52999877929688,13884400
2024-10-01,84.11000061035156,85.75,83.81999969482422,85.2699966430664,9112600
2024-10-02,84.7699966430664,85.58999633789062,84.48999786376953,85.43000030517578,8403800
2024-10-03,85.6500015258789,86.0999984741211,84.75,85.05000305175781,7031500
2024-10-04,83.48999786376953,84.08000183105469,83.01000213623047,83.8499984741211,8341800
2024-10-07,83.55000305175781,83.55000305175781,80.19000244140625,80.29000091552734,11971600
2024-10-08,80.77999877929688,81.80999755859375,80.48999786376953,80.5,10098300
2024-10-09,79.66000366210938,81.0999984741211,79.66000366210938,80.58000183105469,10102500
2024-10-10,81.0,82.55999755859375,80.81999969482422,80.94000244140625,7928400
2024-10-11,80.9800033569336,81.87999725341797,80.38999938964844,81.86000061035156,7057000
2024-10-14,81.9000015258789,83.19000244140625,81.61000061035156,82.91000366210938,5815200
2024-10-15,83.0,84.05000305175781,82.66999816894531,82.79000091552734,15824900
2024-10-16,83.08000183105469,84.63999938964844,82.7300033569336,84.38999938964844,8061600
2024-10-17,84.30000305175781,84.62999725341797,83.69999694824219,83.77999877929688,6153000
2024-10-18,83.91999816894531,84.41000366210938,83.55000305175781,84.37999725341797,8595300
2024-10-21,84.76000213623047,84.95999908447266,83.66000366210938,84.02999877929688,7053800
2024-10-22,83.19999694824219,84.2300033569336,83.13999938964844,83.69999694824219,8358500
2024-10-23,84.58999633789062,86.0,83.0,84.95999908447266,10825100
2024-10-24,84.0,84.55000305175781,82.5,82.80999755859375,9705100
2024-10-25,82.9000015258789,83.12999725341797,81.29000091552734,81.43000030517578,6580700
2024-10-28,82.04000091552734,83.83999633789062,81.61000061035156,82.87000274658203,8679600
2024-10-29,79.94999694824219,80.69999694824219,79.47000122070312,79.55999755859375,19232900
2024-10-30,79.75,79.88999938964844,78.88999938964844,79.08999633789062,11650200
2024-10-31,78.38999938964844,79.8499984741211,78.13999938964844,79.25,13034700
2024-11-01,79.38999938964844,79.45999908447266,76.97000122070312,77.3499984741211,14615300
2024-11-04,77.3499984741211,78.81999969482422,77.0999984741211,78.37000274658203,11759100
2024-11-05,77.7699966430664,78.79000091552734,76.97000122070312,78.6500015258789,9051700
2024-11-06,74.30000305175781,74.9800033569336,72.69000244140625,74.5199966430664,28637800
2024-11-07,73.61000061035156,75.08999633789062,73.56999969482422,74.62000274658203,16311300
2024-11-08,74.9800033569336,77.19000244140625,74.68000030517578,76.97000122070312,14657100
2024-11-11,76.9800033569336,77.1500015258789,75.73999786376953,75.91000366210938,10275700
2024-11-12,75.61000061035156,75.80000305175781,73.62000274658203,74.26000213623047,12569800
2024-11-13,74.62999725341797,75.04000091552734,73.91999816894531,74.23999786376953,12451500
2024-11-14,73.87999725341797,76.18000030517578,73.6500015258789,75.27999877929688,13780200
2024-11-15,75.44999694824219,76.69000244140625,75.29000091552734,76.3499984741211,12930300
2024-11-18,76.30000305175781,76.66999816894531,75.30999755859375,76.38999938964844,9044300
2024-11-19,76.30999755859375,77.31999969482422,75.72000122070312,77.08000183105469,7942200
2024-11-20,77.19000244140625,77.5,76.36000061035156,76.87999725341797,7065200
2024-11-21,76.79000091552734,77.51000213623047,76.36000061035156,77.36000061035156,8908500
2024-11-22,77.2300033569336,77.54000091552734,75.76000213623047,76.0,8165400
2024-11-25,76.7300033569336,77.0999984741211,75.83000183105469,76.63999938964844,20803100
2024-11-26,77.0,77.77999877929688,76.47000122070312,77.48999786376953,10563600
2024-11-27,78.12999725341797,79.37999725341797,77.86000061035156,78.5199966430664,8689700
2024-11-29,78.58000183105469,78.98999786376953,78.31999969482422,78.66999816894531,6186500
2024-12-02,78.91999816894531,79.05000305175781,76.9000015258789,77.06999969482422,11361500
2024-12-03,77.06999969482422,77.56999969482422,76.2300033569336,76.29000091552734,9806900
2024-12-04,76.0,76.0199966430664,75.0999984741211,75.73999786376953,8310200
2024-12-05,75.63999938964844,76.54000091552734,75.41999816894531,76.19999694824219,6487200
2024-12-06,76.19000244140625,76.5,74.91999816894531,75.23999786376953,7079200
2024-12-09,75.5,75.62999725341797,74.55999755859375,74.69999694824219,9269700
2024-12-10,74.5,74.5199966430664,73.3499984741211,74.13999938964844,8619200
2024-12-11,74.19999694824219,74.55000305175781,73.58000183105469,73.9800033569336,7472800
2024-12-12,73.83999633789062,74.08000183105469,73.08999633789062,73.22000122070312,6969600
2024-12-13,73.05000305175781,73.75,72.94000244140625,73.62000274658203,7671200
2024-12-16,73.69999694824219,74.22000122070312,72.76000213623047,72.79000091552734,9767000
2024-12-17,72.30999755859375,72.5999984741211,71.80000305175781,72.2699966430664,7723000
2024-12-18,71.95999908447266,72.54000091552734,70.43000030517578,70.5199966430664,12496000
2024-12-19,70.5199966430664,71.0,69.70999908447266,69.7699966430664,13731700
2024-12-20,69.58000183105469,71.9800033569336,69.31999969482422,71.66999816894531,27547500
2024-12-23,71.33999633789062,72.52999877929688,71.25,72.48999786376953,7509000
2024-12-24,72.41999816894531,72.91000366210938,72.02999877929688,72.91000366210938,3001800
2024-12-26,72.4800033569336,72.9000015258789,72.2699966430664,72.37000274658203,4503800
2024-12-27,71.9000015258789,72.43000030517578,71.68000030517578,72.11000061035156,5458100
2024-12-30,71.68000030517578,71.91000366210938,70.9800033569336,71.76000213623047,8399000
2024-12-31,71.86000061035156,72.41000366210938,71.4000015258789,71.69000244140625,6216500
2025-01-02,72.47000122070312,72.62000274658203,71.29000091552734,71.61000061035156,5344800
2025-01-03,71.91999816894531,72.68000030517578,71.58999633789062,71.98999786376953,5088900
2025-01-06,71.80000305175781,71.94000244140625,70.83999633789062,71.23999786376953,7025900
2025-01-07,71.45999908447266,71.9000015258789,70.05999755859375,70.43000030517578,8975400
2025-01-08,70.0199966430664,70.69999694824219,69.45999908447266,70.66000366210938,7930600
2025-01-10,69.98999786376953,70.06999969482422,67.06999969482422,67.37999725341797,16261800
2025-01-13,67.22000122070312,67.36000061035156,65.88999938964844,66.95999908447266,17056600
2025-01-14,66.9800033569336,68.01000213623047,66.87999725341797,67.9800033569336,10699100
2025-01-15,69.2699966430664,70.04000091552734,69.01000213623047,69.29000091552734,12416500
2025-01-16,68.95999908447266,71.41999816894531,68.88999938964844,71.37000274658203,11469500
2025-01-17,71.08999633789062,71.83999633789062,70.73999786376953,70.76000213623047,12664600
2025-01-21,71.36000061035156,71.87999725341797,70.77999877929688,70.8499984741211,12153800
2025-01-22,70.55999755859375,70.56999969482422,68.33999633789062,68.48999786376953,14415200
2025-01-23,68.8499984741211,69.3499984741211,68.2699966430664,69.2300033569336,10780100
2025-01-24,68.0999984741211,74.05000305175781,68.0,72.83000183105469,24588500
2025-01-27,73.30000305175781,73.93000030517578,70.63999938964844,73.83000183105469,19128900
2025-01-28,72.33000183105469,72.87999725341797,69.91999816894531,70.54000091552734,16630500
2025-01-29,70.75,71.5199966430664,70.61000061035156,70.88999938964844,9496700
2025-01-30,71.98999786376953,72.0,70.79000091552734,71.30000305175781,8639200
2025-01-31,71.51000213623047,71.7300033569336,70.93000030517578,71.55999755859375,10708600
2025-02-03,70.5,71.79000091552734,70.19000244140625,71.05000305175781,9128300
2025-02-04,70.25,70.8499984741211,69.62000274658203,69.9000015258789,10574700
2025-02-05,70.75,70.79000091552734,69.13999938964844,69.19999694824219,9026100
2025-02-06,69.4000015258789,69.62000274658203,68.26000213623047,69.2699966430664,9145300
2025-02-07,69.13999938964844,69.38999938964844,68.19999694824219,68.2699966430664,9320400
2025-02-10,68.33999633789062,69.73999786376953,68.08999633789062,69.69999694824219,9121300
2025-02-11,69.41000366210938,70.37999725341797,68.70999908447266,70.33000183105469,7020100
2025-02-12,69.30999755859375,70.19000244140625,68.9800033569336,69.27999877929688,8574000
2025-02-13,69.41999816894531,69.66000366210938,68.55999755859375,68.5999984741211,15173000
2025-02-14,68.5999984741211,69.0199966430664,67.87999725341797,68.05999755859375,14184600
2025-02-18,68.0,68.55000305175781,67.52999877929688,68.5,12090900
2025-02-19,68.54000091552734,69.51000213623047,68.41000366210938,69.05999755859375,8843000
2025-02-20,69.08000183105469,70.44000244140625,68.81999969482422,70.13999938964844,9340500
2025-02-21,70.13999938964844,71.97000122070312,70.01000213623047,71.58000183105469,16742500
2025-02-24,71.30000305175781,71.45999908447266,69.91999816894531,70.80000305175781,11970900
2025-02-25,71.19999694824219,71.70999908447266,70.68000030517578,71.27999877929688,14063400
2025-02-26,71.19000244140625,71.63999938964844,70.51000213623047,71.01000213623047,8010500
2025-02-27,70.56999969482422,70.91000366210938,69.30999755859375,69.37999725341797,9379800
2025-02-28,69.58999633789062,70.22000122070312,69.27999877929688,70.16999816894531,11247700
2025-03-03,70.05000305175781,71.69999694824219,70.0,71.62000274658203,9492200
2025-03-04,71.95999908447266,73.08000183105469,70.76000213623047,70.8499984741211,17869500
2025-03-05,70.52999877929688,70.88999938964844,69.38999938964844,70.4800033569336,7722400
2025-03-06,70.0199966430664,70.11000061035156,69.0199966430664,70.01000213623047,7482300
2025-03-07,70.18000030517578,73.12000274658203,70.05999755859375,72.83000183105469,13469300
2025-03-10,73.0,76.29000091552734,72.4800033569336,76.16000366210938,25263700
2025-03-11,75.9000015258789,76.26000213623047,73.19999694824219,74.02999877929688,14836800
2025-03-12,73.0,73.37999725341797,71.77999877929688,72.91999816894531,12110700
2025-03-13,73.19999694824219,73.55000305175781,72.05000305175781,72.7300033569336,11252600
2025-03-14,72.77999877929688,73.68000030517578,72.33000183105469,73.55000305175781,8699300
2025-03-17,73.43000030517578,73.43000030517578,71.06999969482422,72.11000061035156,14954000
2025-03-18,72.20999908447266,72.20999908447266,70.2699966430664,70.69999694824219,15212100
2025-03-19,71.0199966430664,71.18000030517578,70.0,70.5,9457000
2025-03-20,71.04000091552734,72.08999633789062,70.58999633789062,71.1500015258789,11815600
2025-03-21,71.0199966430664,71.95999908447266,70.16999816894531,70.87999725341797,15782000
2025-03-24,70.94999694824219,71.79000091552734,69.91000366210938,70.06999969482422,12385400
2025-03-25,70.4800033569336,70.4800033569336,68.41999816894531,68.58999633789062,12618800
2025-03-26,68.7699966430664,69.83999633789062,68.68000030517578,69.7300033569336,9154600
2025-03-27,69.76000213623047,71.0199966430664,69.61000061035156,70.02999877929688,8748800
2025-03-28,70.44000244140625,70.97000122070312,70.16999816894531,70.44999694824219,7846900
2025-03-31,70.70999908447266,71.75,70.62000274658203,70.88999938964844,13347100
2025-04-01,71.0,71.56999969482422,70.5199966430664,70.91999816894531,8715800
2025-04-02,71.08999633789062,71.29000091552734,70.12999725341797,70.4800033569336,8480100
2025-04-03,71.66999816894531,72.95999908447266,71.37000274658203,72.13999938964844,13652700
2025-04-04,72.79000091552734,73.41999816894531,66.86000061035156,66.91000366210938,20993500
2025-04-07,65.5,67.2699966430664,63.93000030517578,65.05999755859375,19494900
2025-04-08,66.43000030517578,66.58000183105469,63.20000076293945,64.11000061035156,14232600
2025-04-09,63.38999938964844,67.79000091552734,61.720001220703125,67.58000183105469,23207800
2025-04-10,66.80000305175781,67.5,65.23999786376953,66.72000122070312,12801900
2025-04-11,66.44999694824219,66.98999786376953,64.5999984741211,65.80999755859375,14856900
2025-04-14,66.4800033569336,68.12000274658203,65.95999908447266,67.69000244140625,11588800
2025-04-15,67.86000061035156,68.44000244140625,67.52999877929688,67.66000366210938,7851700
2025-04-16,67.94999694824219,68.05000305175781,65.30000305175781,65.63999938964844,11356100
2025-04-17,66.04000091552734,67.33999633789062,65.97000122070312,66.30999755859375,11212300
2025-04-21,65.81999969482422,66.05999755859375,63.63999938964844,64.68000030517578,11568700
2025-04-22,65.45999908447266,66.80000305175781,65.3499984741211,66.63999938964844,14352000
2025-04-23,67.55000305175781,69.0999984741211,66.98999786376953,67.2699966430664,19476200
2025-04-24,67.04000091552734,67.19999694824219,65.23999786376953,66.3499984741211,13724700
2025-04-25,66.66000366210938,66.87000274658203,65.36000061035156,66.08999633789062,9640200
2025-04-28,66.16000366210938,66.33999633789062,65.27999877929688,66.19000244140625,7123500
2025-04-29,66.05000305175781,67.4000015258789,65.72000122070312,67.25,8891500
2025-04-30,67.01000213623047,67.20999908447266,65.45999908447266,66.87999725341797,13763500
2025-05-01,67.48999786376953,67.62999725341797,65.94000244140625,66.05000305175781,11487900
2025-05-02,66.0999984741211,67.37000274658203,65.98999786376953,67.08999633789062,13333200
2025-05-05,67.0,67.02999877929688,65.87999725341797,66.0999984741211,7117800
2025-05-06,65.80999755859375,66.88999938964844,65.3499984741211,66.54000091552734,7943000
2025-05-07,66.26000213623047,67.9800033569336,65.97000122070312,67.36000061035156,9961300
2025-05-08,67.2699966430664,69.37999725341797,66.91000366210938,68.31999969482422,13030100
2025-05-09,68.68000030517578,70.48999786376953,68.44999694824219,70.30999755859375,17326200
2025-05-12,70.91000366210938,70.98999786376953,68.69999694824219,69.69000244140625,18943800
2025-05-13,70.06999969482422,72.4800033569336,69.95999908447266,72.11000061035156,22962500
2025-05-14,71.80000305175781,72.44000244140625,70.75,72.19000244140625,15238900
2025-05-15,73.0,74.83000183105469,72.44999694824219,74.55000305175781,17789900
2025-05-16,74.55000305175781,75.0,73.70999908447266,75.0,12829800
2025-05-19,74.22000122070312,74.25,73.16000366210938,73.86000061035156,14438400
2025-05-20,74.0,75.20999908447266,73.83000183105469,74.41000366210938,8046700
2025-05-21,74.06999969482422,74.33999633789062,71.36000061035156,71.54000091552734,16133100
2025-05-22,68.9000015258789,69.0,63.880001068115234,66.94000244140625,40207600
2025-05-23,67.01000213623047,67.94999694824219,65.97000122070312,67.76000213623047,17161100
2025-05-27,67.75,68.37000274658203,67.47000122070312,68.04000091552734,10910700
2025-05-28,67.88999938964844,68.1500015258789,66.83000183105469,67.20999908447266,7835700
2025-05-29,66.7699966430664,69.0999984741211,66.7699966430664,68.98999786376953,11570200
2025-05-30,68.80000305175781,70.69000244140625,68.5,70.63999938964844,18802700
2025-06-02,69.75,70.19999694824219,69.04000091552734,70.1500015258789,9366900
2025-06-03,70.30000305175781,71.08000183105469,69.86000061035156,70.94999694824219,11014300
2025-06-04,71.1500015258789,71.1500015258789,69.79000091552734,69.87999725341797,10894900
2025-06-05,70.30000305175781,72.0,69.75,71.5,10967200
2025-06-06,71.62000274658203,72.29000091552734,71.47000122070312,72.16000366210938,9286000
2025-06-09,72.2300033569336,72.45999908447266,71.31999969482422,71.9000015258789,7062600
2025-06-10,72.30000305175781,73.05999755859375,71.93000030517578,72.80999755859375,9888000
2025-06-11,72.83000183105469,73.48999786376953,72.55999755859375,73.0,12000200
2025-06-12,73.41999816894531,74.43000030517578,73.26000213623047,73.83999633789062,11022200
2025-06-13,73.79000091552734,75.25,73.38999938964844,74.77999877929688,13213400
2025-06-16,75.19999694824219,75.30000305175781,72.55999755859375,73.77999877929688,14546000
2025-06-17,73.33000183105469,73.62000274658203,70.44999694824219,71.86000061035156,12971300
2025-06-18,71.97000122070312,72.44000244140625,71.37999725341797,71.56999969482422,7203300
2025-06-20,71.87000274658203,72.55999755859375,71.5,71.52999877929688,15182700
2025-06-23,71.79000091552734,72.31999969482422,70.12999725341797,70.7300033569336,8671300
2025-06-24,71.0199966430664,71.61000061035156,70.68000030517578,71.4000015258789,9001300
2025-06-25,70.63999938964844,71.12999725341797,70.13999938964844,70.33999633789062,12839000
2025-06-26,70.4000015258789,71.19999694824219,70.29000091552734,70.98999786376953,8010800
2025-06-27,71.51000213623047,71.81999969482422,70.3499984741211,70.88999938964844,14275000
2025-06-30,67.83000183105469,69.68000030517578,67.19999694824219,69.41999816894531,20894500
2025-07-01,69.56999969482422,73.1500015258789,67.54000091552734,73.05999755859375,23841100
2025-07-02,72.79000091552734,73.75,72.58000183105469,73.0199966430664,11240100
2025-07-03,73.0,75.05000305175781,72.47000122070312,73.87999725341797,8560900
2025-07-07,73.69999694824219,74.86000061035156,73.5,74.75,11368300
2025-07-08,72.86000061035156,73.4000015258789,71.26000213623047,72.45999908447266,19550700
2025-07-09,72.87000274658203,73.88999938964844,72.68000030517578,73.6500015258789,8818700
2025-07-10,73.30000305175781,74.83999633789062,73.0,74.63999938964844,6955100
2025-07-11,73.8499984741211,74.44000244140625,73.4800033569336,74.4000015258789,8094100
2025-07-14,74.4000015258789,75.83000183105469,74.16999816894531,75.04000091552734,10420500
2025-07-15,75.33999633789062,75.54000091552734,74.19000244140625,74.69999694824219,8880100
2025-07-16,75.05999755859375,75.30999755859375,74.26000213623047,74.7699966430664,8906300
2025-07-17,74.51000213623047,75.47000122070312,74.37000274658203,75.18000030517578,7174600
2025-07-18,75.25,76.3499984741211,74.97000122070312,75.94999694824219,7986300
2025-07-21,76.33999633789062,77.0999984741211,75.95999908447266,76.16999816894531,8349900
2025-07-22,76.3499984741211,77.5999984741211,76.3499984741211,77.54000091552734,9032600
2025-07-23,77.5,78.45999908447266,72.06999969482422,72.81999969482422,21219500
2025-07-24,72.93000030517578,72.97000122070312,71.3499984741211,71.97000122070312,11166100
2025-07-25,72.0999984741211,72.72000122070312,71.08000183105469,71.8499984741211,8074800
2025-07-28,71.9000015258789,72.30000305175781,70.97000122070312,71.33999633789062,8157200
2025-07-29,71.63999938964844,72.27999877929688,71.05000305175781,71.94999694824219,7588500
2025-07-30,71.9000015258789,72.01000213623047,70.93000030517578,70.98999786376953,6940300
2025-07-31,70.41000366210938,71.22000122070312,69.69000244140625,71.05999755859375,8845200
2025-08-01,71.43000030517578,71.79000091552734,70.33999633789062,70.4000015258789,6628500
2025-08-04,70.5,71.20999908447266,70.18000030517578,70.52999877929688,6543600
2025-08-05,70.86000061035156,71.94000244140625,70.66000366210938,71.18000030517578,7178900
2025-08-06,71.44000244140625,71.51000213623047,70.48999786376953,70.54000091552734,7720200
2025-08-07,70.66999816894531,72.66000366210938,70.66999816894531,72.58000183105469,7418600
2025-08-08,72.66000366210938,73.0,72.2300033569336,72.41000366210938,5575700
2025-08-11,72.80000305175781,73.0199966430664,71.12000274658203,72.44999694824219,8420000
2025-08-12,72.69000244140625,72.77999877929688,71.13999938964844,71.86000061035156,8671100
2025-08-13,71.9000015258789,72.30999755859375,71.19999694824219,72.30000305175781,8122300
2025-08-14,71.80000305175781,72.51000213623047,71.3499984741211,72.23999786376953,6781000
2025-08-15,72.23999786376953,76.69000244140625,71.77999877929688,75.41000366210938,23398400
2025-08-18,76.11000061035156,77.30999755859375,75.30999755859375,75.72000122070312,12568400
2025-08-19,75.80000305175781,76.58000183105469,75.44999694824219,76.51000213623047,8047300
2025-08-20,76.72000122070312,77.26000213623047,75.83000183105469,76.18000030517578,11011600
2025-08-21,76.47000122070312,77.41999816894531,75.58000183105469,76.08000183105469,8637100
2025-08-22,76.6500015258789,77.08999633789062,75.43000030517578,76.31999969482422,13128900
2025-08-25,75.80999755859375,76.19999694824219,75.11000061035156,75.31999969482422,6337700
2025-08-26,75.44000244140625,75.75,74.43000030517578,74.83999633789062,7162700
2025-08-27,74.91000366210938,75.01000213623047,73.4000015258789,73.88999938964844,10119000
2025-08-28,73.26000213623047,73.4800033569336,71.9000015258789,72.08999633789062,10917200
2025-08-29,72.4000015258789,72.83000183105469,71.81999969482422,72.05000305175781,11280500
2025-09-02,72.2699966430664,72.66000366210938,71.48999786376953,72.6500015258789,8661500
2025-09-03,72.12000274658203,72.62999725341797,71.36000061035156,71.62999725341797,7722300
2025-09-04,72.05000305175781,72.5,70.16000366210938,70.87000274658203,14596800
2025-09-05,71.25,71.7300033569336,70.26000213623047,70.9000015258789,10067600
2025-09-08,70.83000183105469,70.83999633789062,69.23999786376953,69.7699966430664,12596500
2025-09-09,69.66000366210938,70.31999969482422,69.54000091552734,70.06999969482422,7294500
2025-09-10,70.0,71.33000183105469,69.62000274658203,71.04000091552734,9254400
2025-09-11,70.97000122070312,71.44000244140625,70.51000213623047,71.31999969482422,7418300
2025-09-12,71.1500015258789,72.48999786376953,70.80999755859375,71.63999938964844,9345600
2025-09-15,71.58000183105469,72.19999694824219,71.30000305175781,71.5,10399100
2025-09-16,71.29000091552734,71.54000091552734,69.7699966430664,69.83000183105469,7930200
2025-09-17,70.27999877929688,71.01000213623047,70.0999984741211,70.30999755859375,10799600
2025-09-18,70.0,71.08999633789062,69.37000274658203,70.79000091552734,8488500
2025-09-19,70.9800033569336,71.4000015258789,70.37000274658203,71.08000183105469,14819300
2025-09-22,71.4000015258789,72.54000091552734,71.2699966430664,72.3499984741211,9856700
2025-09-23,72.0999984741211,72.62000274658203,71.72000122070312,72.31999969482422,7795900
2025-09-24,72.19000244140625,73.87999725341797,72.05000305175781,73.83000183105469,11281800
2025-09-25,74.05999755859375,74.91000366210938,73.58999633789062,74.6500015258789,12916500
2025-09-26,74.7300033569336,75.86000061035156,74.62999725341797,75.8499984741211,8271500
2025-09-29,75.68000030517578,76.29000091552734,75.2699966430664,76.20999908447266,10366000
2025-09-30,76.45999908447266,76.69999694824219,75.12000274658203,75.48999786376953,9392700
2025-10-01,76.33000183105469,78.69999694824219,76.22000122070312,78.66999816894531,15044800
2025-10-02,78.63999938964844,78.88999938964844,77.54000091552734,78.18000030517578,9266600
2025-10-03,78.44999694824219,81.36000061035156,77.6500015258789,80.05999755859375,12116600
2025-10-06,80.1500015258789,82.37000274658203,80.1500015258789,82.11000061035156,15767600
2025-10-07,83.12999725341797,84.61000061035156,82.41000366210938,83.20999908447266,16109700
2025-10-08,83.69999694824219,84.38999938964844,82.87000274658203,84.04000091552734,13775600
2025-10-09,84.45999908447266,84.81999969482422,83.44999694824219,83.70999908447266,7486100
2025-10-10,83.9000015258789,84.83000183105469,83.19999694824219,83.3499984741211,10285600
2025-10-13,83.12999725341797,85.02999877929688,83.01000213623047,84.30000305175781,8424300
2025-10-14,84.16999816894531,84.83999633789062,83.43000030517578,84.63999938964844,8912900
2025-10-15,85.06999969482422,86.48999786376953,84.83000183105469,85.79000091552734,9268600
2025-10-16,86.22000122070312,86.73999786376953,84.9800033569336,85.05000305175781,8333700
2025-10-17,85.44999694824219,85.81999969482422,84.16999816894531,84.52999877929688,9142200
2025-10-20,85.19000244140625,85.33999633789062,84.30999755859375,84.7699966430664,5225700
2025-10-21,85.0,85.11000061035156,83.02999877929688,83.98999786376953,7282200
2025-10-22,84.06999969482422,84.22000122070312,82.47000122070312,82.83999633789062,9208900
2025-10-23,83.88999938964844,83.88999938964844,82.56999969482422,83.25,5630800
2025-10-24,83.58000183105469,84.77999877929688,83.36000061035156,84.41000366210938,6249800
2025-10-27,83.98999786376953,87.29000091552734,83.79000091552734,86.02999877929688,18741000
2025-10-28,87.5199966430664,87.52999877929688,82.91000366210938,83.56999969482422,13998100
2025-10-29,83.30000305175781,83.79000091552734,81.05000305175781,81.76000213623047,11681500
2025-10-30,81.81999969482422,82.58000183105469,81.44000244140625,81.63999938964844,7620100
2025-10-31,81.33999633789062,82.02999877929688,80.86000061035156,81.4000015258789,9407300
2025-11-03,81.30000305175781,82.0999984741211,80.5999984741211,81.77999877929688,8508200
2025-11-04,81.77999877929688,82.20999908447266,80.80000305175781,81.69000244140625,6474500
2025-11-05,81.41999816894531,82.62999725341797,81.11000061035156,82.13999938964844,7291000
2025-11-06,82.12000274658203,82.97000122070312,81.98999786376953,82.0,6212700
2025-11-07,81.91000366210938,84.0,81.62000274658203,83.93000030517578,9167100
2025-11-10,84.18000030517578,85.47000122070312,83.69000244140625,84.7699966430664,11701700
2025-11-11,84.69000244140625,85.83000183105469,84.55000305175781,85.76000213623047,11733900
2025-11-12,85.43000030517578,86.26000213623047,85.01000213623047,85.88999938964844,7604800
2025-11-13,85.77999877929688,85.93000030517578,83.93000030517578,83.98999786376953,11859300
2025-11-14,83.51000213623047,84.48999786376953,82.52999877929688,83.87999725341797,8352100
2025-11-17,83.69000244140625,85.7699966430664,83.69000244140625,85.75,11607900
2025-11-18,86.12000274658203,86.69000244140625,84.62000274658203,84.63999938964844,11061200
2025-11-19,85.12000274658203,85.33999633789062,83.91999816894531,84.2699966430664,11138700
2025-11-20,84.79000091552734,86.48999786376953,84.19999694824219,84.30000305175781,10967000
2025-11-21,84.18000030517578,84.66999816894531,81.63999938964844,83.4800033569336,13930100
2025-11-24,83.7699966430664,84.79000091552734,83.01000213623047,84.2300033569336,13291500
2025-11-25,84.69000244140625,85.33999633789062,84.18000030517578,84.83000183105469,7916800
2025-11-26,85.25,85.69000244140625,84.69000244140625,85.54000091552734,6550600
2025-11-28,85.44000244140625,86.47000122070312,85.1500015258789,86.29000091552734,4123300
2025-12-01,85.58999633789062,85.66999816894531,84.38999938964844,84.6500015258789,7986600
2025-12-02,84.91000366210938,85.27999877929688,84.25,84.58000183105469,7087000
2025-12-03,84.66000366210938,85.97000122070312,84.5,84.94999694824219,9615100
2025-12-04,84.5199966430664,84.80999755859375,82.73999786376953,83.38999938964844,12489600
2025-12-05,83.51000213623047,84.19999694824219,83.05999755859375,83.12999725341797,8194600
2025-12-08,83.13999938964844,83.16000366210938,80.41000366210938,80.55000305175781,18136600
2025-12-09,80.80000305175781,81.13999938964844,79.5,79.63999938964844,13760400
2025-12-10,80.05000305175781,81.91999816894531,79.63999938964844,81.2699966430664,13341100
2025-12-11,81.25,82.41000366210938,81.06999969482422,81.20999908447266,9494100
2025-12-12,81.83999633789062,82.2699966430664,81.33000183105469,81.6500015258789,7783100
2025-12-15,82.01000213623047,82.23999786376953,80.52999877929688,81.6500015258789,9489800
2025-12-16,81.63999938964844,81.8499984741211,80.19000244140625,81.31999969482422,6616600
2025-12-17,80.97000122070312,81.30999755859375,79.6500015258789,80.29000091552734,10212000
2025-12-18,80.4000015258789,81.18000030517578,80.0,80.8499984741211,9201300
2025-12-19,80.56999969482422,81.13999938964844,79.52999877929688,79.54000091552734,30492300
2025-12-22,79.0199966430664,80.18000030517578,78.72000122070312,80.04000091552734,7136200
2025-12-23,80.02999877929688,80.69999694824219,79.75,79.79000091552734,7875000
2025-12-24,80.13999938964844,80.47000122070312,79.69000244140625,80.44999694824219,3011300
2025-12-26,80.4800033569336,80.63999938964844,80.05000305175781,80.41000366210938,3636400
2025-12-29,80.41999816894531,81.25,80.22000122070312,80.2699966430664,5854600
2025-12-30,80.19999694824219,80.66999816894531,80.1500015258789,80.52999877929688,4075900
2025-12-31,80.69000244140625,80.69000244140625,80.20999908447266,80.27999877929688,5036200
2026-01-02,80.44999694824219,81.0199966430664,79.58999633789062,80.93000030517578,8852900
2026-01-05,81.16000366210938,81.33999633789062,79.25,81.31999969482422,8301900
2026-01-06,81.25,81.58999633789062,80.5,81.05000305175781,7254500
2026-01-07,80.66999816894531,80.79000091552734,78.36000061035156,78.37000274658203,9859900
2026-01-08,78.44999694824219,79.95999908447266,78.37999725341797,79.48999786376953,8696700
2026-01-09,80.19999694824219,80.91999816894531,79.87000274658203,79.88999938964844,5842200
2026-01-12,79.8499984741211,81.1500015258789,79.5199966430664,81.12000274658203,11088100
2026-01-13,81.16000366210938,81.93000030517578,80.41999816894531,81.63999938964844,8543000
2026-01-14,80.94000244140625,82.62999725341797,80.94000244140625,81.9800033569336,10282400
2026-01-15,81.9800033569336,82.66999816894531,81.54000091552734,82.19000244140625,7419300
2026-01-16,83.0,84.05000305175781,82.13999938964844,83.62999725341797,12874900
2026-01-20,83.01000213623047,83.93000030517578,82.5199966430664,83.51000213623047,10054800
2026-01-21,84.04000091552734,84.38999938964844,83.19999694824219,83.8499984741211,8296600
2026-01-22,84.58000183105469,85.51000213623047,83.66999816894531,85.06999969482422,9802300
2026-01-23,85.25,85.25,84.19999694824219,84.80999755859375,13301700
2026-01-26,85.2699966430664,86.27999877929688,84.83999633789062,85.47000122070312,10990600
2026-01-27,84.5,88.95999908447266,83.80000305175781,87.1500015258789,15472300
2026-01-28,87.72000122070312,88.62000274658203,87.05999755859375,87.56999969482422,8200000
2026-01-29,88.58000183105469,89.19000244140625,87.63999938964844,88.18000030517578,11202400
2026-01-30,87.9000015258789,88.29000091552734,86.16000366210938,87.9000015258789,10205300
2026-02-02,88.13999938964844,88.75,86.31999969482422,86.33000183105469,9423100
2026-02-03,86.68000030517578,88.88999938964844,86.68000030517578,88.81999969482422,9600200
2026-02-04,89.7300033569336,90.69000244140625,88.95999908447266,89.97000122070312,12182700
2026-02-05,90.0,90.48999786376953,88.08999633789062,89.20999908447266,9799400
2026-02-06,90.52999877929688,90.98999786376953,88.38999938964844,89.47000122070312,8225200
2026-02-09,89.33999633789062,89.77999877929688,88.75,89.4800033569336,6528800
2026-02-10,89.7300033569336,91.95999908447266,89.2699966430664,90.83000183105469,7213700
2026-02-11,91.36000061035156,91.58999633789062,90.45999908447266,91.36000061035156,7305000
2026-02-12,91.37999725341797,93.58999633789062,91.2300033569336,91.93000030517578,9181600
2026-02-13,91.5199966430664,94.94000244140625,91.08000183105469,93.80000305175781,10402800
2026-02-17,94.91000366210938,95.55999755859375,92.27999877929688,92.70999908447266,9455400
2026-02-18,93.0,93.01000213623047,90.58999633789062,91.22000122070312,9064800
2026-02-19,91.05999755859375,92.18000030517578,91.02999877929688,91.63999938964844,8483500
2026-02-20,92.19000244140625,92.44999694824219,91.30999755859375,92.18000030517578,7175600
2026-02-23,92.94000244140625,94.19000244140625,92.58999633789062,94.05999755859375,8433600
2026-02-24,94.4000015258789,95.83999633789062,93.91999816894531,95.68000030517578,11597600
2026-02-25,95.69999694824219,95.91000366210938,93.80999755859375,95.11000061035156,9025500
2026-02-26,94.62000274658203,95.0,91.8499984741211,91.98999786376953,20015700
2026-02-27,90.9000015258789,94.13999938964844,90.6500015258789,93.7699966430664,25138500
2026-03-02,93.4000015258789,93.6500015258789,91.75,92.70999908447266,10147800
2026-03-03,91.3499984741211,93.0999984741211,90.33000183105469,92.58999633789062,11307700
2026-03-04,92.55999755859375,93.0999984741211,91.62999725341797,92.5999984741211,9384300
2026-03-05,92.30000305175781,92.37999725341797,89.9000015258789,91.12999725341797,12086800
2026-03-06,90.55000305175781,91.62999725341797,90.01000213623047,91.0199966430664,9745100
2026-03-09,90.2699966430664,92.19000244140625,89.6500015258789,92.01000213623047,9563600
2026-03-10,91.70999908447266,92.13999938964844,91.05999755859375,91.54000091552734,7485900
2026-03-11,91.54000091552734,92.45999908447266,91.0999984741211,91.66000366210938,9734300
2026-03-12,91.19999694824219,92.7300033569336,90.80999755859375,91.7300033569336,8730000
2026-03-13,92.7300033569336,93.9000015258789,92.30999755859375,92.77999877929688,7504400
2026-03-16,93.9000015258789,94.44000244140625,92.23999786376953,92.81999969482422,8466100
2026-03-17,93.58000183105469,93.70999908447266,92.2699966430664,92.52999877929688,5496600
2026-03-18,92.26000213623047,92.52999877929688,90.61000061035156,90.95999908447266,7053700
2026-03-19,90.6500015258789,92.45999908447266,90.30000305175781,92.41000366210938,10538400
2026-03-20,92.73999786376953,94.20999908447266,89.16999816894531,89.5,21860800
2026-03-23,91.04000091552734,91.41000366210938,90.1500015258789,90.2300033569336,10284300
2026-03-24,90.29000091552734,92.5,90.05000305175781,91.62000274658203,8808000
2026-03-25,92.41000366210938,92.56999969482422,91.06999969482422,91.16000366210938,8639900
2026-03-26,91.69999694824219,92.0,90.56999969482422,91.16000366210938,6537800
2026-03-27,91.22000122070312,92.22000122070312,90.69999694824219,91.4000015258789,7749600
2026-03-30,92.70999908447266,92.9800033569336,91.5,92.05000305175781,9362100
2026-03-31,92.26000213623047,92.98999786376953,91.36000061035156,92.87999725341797,13914200
2026-04-01,92.7300033569336,93.87000274658203,92.23999786376953,92.8499984741211,7759400
2026-04-02,93.04000091552734,94.27999877929688,92.73999786376953,93.1500015258789,10419000
2026-04-06,92.93000030517578,93.66000366210938,92.52999877929688,92.7300033569336,4790100
2026-04-07,92.87000274658203,93.66999816894531,92.16000366210938,93.66999816894531,6125400
2026-04-08,93.08000183105469,94.33999633789062,92.0199966430664,94.16999816894531,6935100
2026-04-09,94.0,96.20999908447266,93.97000122070312,94.4800033569336,7349000
2026-04-10,94.3499984741211,94.81999969482422,93.91999816894531,94.08000183105469,5323100
2026-04-13,93.8499984741211,94.04000091552734,91.93000030517578,92.30000305175781,6111500
2026-04-14,91.69000244140625,91.87000274658203,90.58000183105469,91.30999755859375,9370600
2026-04-15,90.16999816894531,91.29000091552734,89.9800033569336,91.23999786376953,9144800
2026-04-16,90.80000305175781,91.86000061035156,90.56999969482422,91.83000183105469,7734300
2026-04-17,91.05999755859375,92.0199966430664,90.45999908447266,91.9800033569336,8148800
2026-04-20,92.08000183105469,93.08000183105469,91.56999969482422,92.01000213623047,7734800
2026-04-21,92.5,92.58999633789062,90.55999755859375,90.5999984741211,8625800
2026-04-22,91.36000061035156,92.18000030517578,89.9000015258789,90.0,9477100
2026-04-23,92.5999984741211,96.69999694824219,92.31999969482422,96.25,17524900
2026-04-24,97.23999786376953,97.62999725341797,95.13999938964844,95.27999877929688,9761900
2026-04-27,95.86000061035156,96.9000015258789,94.7699966430664,94.83000183105469,7773800
2026-04-28,95.87000274658203,96.62000274658203,95.1500015258789,96.51000213623047,7245100
2026-04-29,96.58000183105469,97.0,93.66000366210938,94.16999816894531,9091700
2026-04-30,94.58999633789062,98.02999877929688,94.44000244140625,97.87999725341797,17551200
2026-05-01,98.0,98.75,96.68000030517578,96.94999694824219,7106200
2026-05-04,96.06999969482422,96.83000183105469,94.9800033569336,95.51000213623047,6806600
2026-05-05,95.93000030517578,97.05999755859375,95.30000305175781,96.27999877929688,7187400
2026-05-06,96.12999725341797,96.70999908447266,95.0199966430664,95.38999938964844,8242900
2026-05-07,94.31999969482422,94.8499984741211,92.72000122070312,93.31999969482422,9681800
2026-05-08,93.87999725341797,94.37000274658203,92.58000183105469,93.0999984741211,6230100
2026-05-11,94.0,95.80000305175781,94.0,94.83999633789062,7233800
2026-05-12,94.69999694824219,95.08000183105469,93.5999984741211,94.58999633789062,6922400
2026-05-13,94.0999984741211,95.4000015258789,93.31999969482422,94.8499984741211,6775700
2026-05-14,94.77999877929688,95.72000122070312,94.20999908447266,95.68000030517578,5438200
2026-05-15,94.66000366210938,95.08000183105469,92.69999694824219,93.36000061035156,11418400
2026-05-18,91.12000274658203,91.5999984741211,86.62999725341797,89.04000091552734,39950600
2026-05-19,88.94999694824219,90.2699966430664,87.36000061035156,90.05999755859375,25749400
2026-05-20,90.0199966430664,90.69000244140625,88.08999633789062,88.2699966430664,15748800
2026-05-21,88.97000122070312,89.8499984741211,88.45999908447266,89.69000244140625,12490600
2026-05-22,89.70999908447266,89.83999633789062,87.94999694824219,88.55000305175781,10755400
2026-05-26,89.12999725341797,89.5,87.52999877929688,87.6500015258789,11759500
2026-05-27,87.52999877929688,88.08999633789062,86.93000030517578,87.6500015258789,10856200
2026-05-28,87.70999908447266,88.45999908447266,87.02999877929688,87.25,12968200
2026-05-29,87.0199966430664,87.20999908447266,85.69000244140625,87.01000213623047,25347000
2026-06-01,85.88999938964844,86.19999694824219,83.56999969482422,83.66000366210938,14192200
2026-06-02,84.29000091552734,85.76000213623047,84.11000061035156,85.68000030517578,11709800
2026-06-03,85.66000366210938,86.30000305175781,84.5199966430664,84.58000183105469,11903000
2026-06-04,85.04000091552734,85.91000366210938,84.2699966430664,85.68000030517578,9488900
2026-06-05,85.08000183105469,86.0999984741211,84.61000061035156,85.83999633789062,11843200
2026-06-08,85.70999908447266,86.13999938964844,83.9800033569336,84.01000213623047,9541700
2026-06-09,84.11000061035156,85.05999755859375,83.37999725341797,84.83000183105469,12217300
2026-06-10,85.29000091552734,85.33000183105469,84.51000213623047,85.12000274658203,9142900
2026-06-11,85.2699966430664,85.87999725341797,84.7300033569336,84.83999633789062,8639100
2026-06-12,85.19000244140625,86.0199966430664,84.87999725341797,85.98999786376953,9973600
2026-06-15,85.52999877929688,86.66000366210938,85.06999969482422,86.12000274658203,10284300
2026-06-16,86.25,87.38999938964844,85.87000274658203,86.2300033569336,10342600
2026-06-17,86.26000213623047,86.91000366210938,85.27999877929688,85.7300033569336,9603400
2026-06-18,85.7699966430664,87.58000183105469,85.66999816894531,86.75,19306600
2026-06-22,86.88999938964844,87.4000015258789,86.0199966430664,86.08000183105469,11538900
2026-06-23,86.0,86.83000183105469,85.66000366210938,86.43000030517578,12881700
2026-06-24,86.73999786376953,87.68000030517578,86.37000274658203,87.62000274658203,14080300
2026-06-25,87.69000244140625,88.4800033569336,86.83999633789062,87.69999694824219,13477200
2026-06-26,87.93000030517578,88.55999755859375,87.6500015258789,88.55999755859375,15654200
2026-06-29,89.0,89.19000244140625,86.94999694824219,88.66000366210938,11131300
2026-06-30,88.27999877929688,88.88999938964844,87.43000030517578,87.7699966430664,15742700
2026-07-01,88.05000305175781,88.05000305175781,86.31999969482422,86.37000274658203,9709200
2026-07-02,86.69000244140625,88.37000274658203,86.3499984741211,88.33999633789062,14281800
2026-07-06,88.18000030517578,88.5199966430664,87.16000366210938,87.44000244140625,10274100
2026-07-07,88.11000061035156,89.25,88.01000213623047,88.47000122070312,13106300
2026-07-08,88.1500015258789,88.52999877929688,87.33999633789062,87.44000244140625,13581300
2026-07-09,88.2699966430664,88.38999938964844,86.83999633789062,87.0999984741211,9389300
2026-07-10,87.12999725341797,87.97000122070312,87.06999969482422,87.95999908447266,11223100
2026-07-13,87.75,88.7300033569336,87.68000030517578,88.37999725341797,6741200
2026-07-14,89.23999786376953,89.86000061035156,88.80000305175781,89.54000091552734,10677700
2026-07-15,89.87999725341797,89.9800033569336,88.44999694824219,89.0999984741211,10258000
2026-07-16,89.19999694824219,89.98999786376953,88.7300033569336,89.3499984741211,8336600
2026-07-17,90.2300033569336,90.72000122070312,88.41999816894531,88.80000305175781,9450700
2026-07-20,88.9800033569336,89.41999816894531,87.69999694824219,88.0,8418000
2026-07-21,87.68000030517578,88.08999633789062,87.44999694824219,87.93000030517578,7096900
2026-07-22,88.58999633789062,89.73999786376953,88.33999633789062,89.41000366210938,8708200
