Date,Open,High,Low,Close,Volume
2018-07-23,78.48999786376953,78.94000244140625,78.23999786376953,78.51000213623047,5881600
2018-07-24,77.54000091552734,79.01000213623047,77.54000091552734,78.98999786376953,8297100
2018-07-25,78.72000122070312,79.5999984741211,78.72000122070312,79.47000122070312,6208400
2018-07-26,79.55999755859375,80.7699966430664,79.47000122070312,80.08999633789062,9771100
2018-07-27,79.66999816894531,80.83000183105469,79.45999908447266,80.58000183105469,7492900
2018-07-30,80.06999969482422,80.5,79.83999633789062,80.19999694824219,7090700
2018-07-31,80.38999938964844,80.9800033569336,79.43000030517578,80.87999725341797,9878200
2018-08-01,80.41999816894531,80.81999969482422,80.11000061035156,80.6500015258789,7556700
2018-08-02,80.80000305175781,82.22000122070312,80.58999633789062,82.0,9261700
2018-08-03,82.13999938964844,83.0999984741211,81.91999816894531,82.33000183105469,7102800
2018-08-06,82.19999694824219,82.93000030517578,82.1500015258789,82.5199966430664,5669200
2018-08-07,82.41000366210938,82.68000030517578,81.7300033569336,82.63999938964844,6418000
2018-08-08,82.0999984741211,82.80000305175781,82.0999984741211,82.3499984741211,4891300
2018-08-09,82.44000244140625,82.44000244140625,81.30000305175781,81.4000015258789,5167400
2018-08-10,81.30000305175781,81.76000213623047,81.0,81.43000030517578,5566000
2018-08-13,81.69999694824219,82.08000183105469,81.1500015258789,81.5199966430664,5068100
2018-08-14,81.38999938964844,81.72000122070312,81.2300033569336,81.30999755859375,6226900
2018-08-15,81.30000305175781,82.37000274658203,80.80999755859375,82.30000305175781,8753500
2018-08-16,82.45999908447266,84.0,82.30999755859375,83.69000244140625,12368000
2018-08-17,83.7300033569336,84.19999694824219,83.5999984741211,83.69000244140625,8409300
2018-08-20,83.88999938964844,83.94999694824219,83.30999755859375,83.63999938964844,6795800
2018-08-21,83.56999969482422,84.0,83.08999633789062,83.9000015258789,8534500
2018-08-22,83.80999755859375,83.8499984741211,83.05999755859375,83.38999938964844,5132600
2018-08-23,83.01000213623047,83.5999984741211,82.83999633789062,83.23999786376953,4323200
2018-08-24,83.22000122070312,83.55000305175781,83.02999877929688,83.36000061035156,5356000
2018-08-27,83.5,83.81999969482422,83.0199966430664,83.44000244140625,3941500
2018-08-28,83.72000122070312,83.86000061035156,83.31999969482422,83.4800033569336,5405200
2018-08-29,83.51000213623047,83.76000213623047,83.29000091552734,83.48999786376953,4520400
2018-08-30,83.38999938964844,83.73999786376953,83.19000244140625,83.41000366210938,4549700
2018-08-31,83.3499984741211,83.52999877929688,82.38999938964844,82.94999694824219,6674900
2018-09-04,82.4800033569336,82.95999908447266,82.06999969482422,82.69999694824219,5800700
2018-09-05,82.11000061035156,83.47000122070312,82.11000061035156,83.29000091552734,7651900
2018-09-06,82.91000366210938,83.30999755859375,82.48999786376953,82.6500015258789,7541100
2018-09-07,82.0999984741211,82.19999694824219,81.25,81.91000366210938,11110900
2018-09-10,82.58000183105469,83.0999984741211,82.33999633789062,82.37999725341797,6783000
2018-09-11,82.12999725341797,82.41999816894531,81.62999725341797,82.01000213623047,5210300
2018-09-12,81.9000015258789,83.18000030517578,81.69999694824219,83.11000061035156,5925200
2018-09-13,83.2699966430664,83.48999786376953,82.6500015258789,83.44999694824219,5328400
2018-09-14,83.47000122070312,83.66999816894531,82.97000122070312,83.61000061035156,5004100
2018-09-17,83.5,84.2699966430664,83.33999633789062,84.25,7098800
2018-09-18,84.29000091552734,84.29000091552734,83.58000183105469,84.0,6022800
2018-09-19,83.91999816894531,84.29000091552734,83.7699966430664,84.0,6157600
2018-09-20,84.29000091552734,85.63999938964844,84.2300033569336,85.36000061035156,10053000
2018-09-21,85.80999755859375,86.27999877929688,85.5199966430664,85.81999969482422,17402500
2018-09-24,85.62999725341797,85.70999908447266,84.2300033569336,84.2699966430664,6389400
2018-09-25,84.27999877929688,84.41000366210938,83.08000183105469,83.12000274658203,5657200
2018-09-26,83.25,83.98999786376953,83.02999877929688,83.26000213623047,6581000
2018-09-27,83.04000091552734,83.62999725341797,82.80999755859375,82.86000061035156,6277600
2018-09-28,83.02999877929688,83.29000091552734,82.79000091552734,83.2300033569336,5125800
2018-10-01,83.30999755859375,83.72000122070312,83.16999816894531,83.66999816894531,4899900
2018-10-02,83.4800033569336,84.44000244140625,83.37000274658203,84.36000061035156,7390900
2018-10-03,84.44000244140625,84.5199966430664,82.8499984741211,83.02999877929688,7958700
2018-10-04,82.5,82.5,81.0999984741211,81.91999816894531,7029900
2018-10-05,81.9800033569336,82.44999694824219,81.9800033569336,82.1500015258789,5454600
2018-10-08,81.9800033569336,82.73999786376953,81.75,82.4000015258789,7192300
2018-10-09,82.38999938964844,82.72000122070312,82.05999755859375,82.19999694824219,6268100
2018-10-10,81.80999755859375,82.68000030517578,81.44000244140625,81.44000244140625,9295800
2018-10-11,81.63999938964844,81.97000122070312,78.66999816894531,78.87000274658203,12560300
2018-10-12,79.37000274658203,79.37999725341797,78.48999786376953,79.05999755859375,9878700
2018-10-15,79.01000213623047,80.54000091552734,78.91999816894531,80.12999725341797,9691500
2018-10-16,79.91000366210938,81.08999633789062,79.9000015258789,81.01000213623047,9462600
2018-10-17,80.76000213623047,82.18000030517578,80.37999725341797,81.86000061035156,10375300
2018-10-18,80.70999908447266,81.33999633789062,80.0,80.23999786376953,9869500
2018-10-19,84.86000061035156,87.76000213623047,84.86000061035156,87.30000305175781,30276400
2018-10-22,86.7300033569336,87.23999786376953,85.2300033569336,86.5999984741211,14124100
2018-10-23,86.01000213623047,87.30000305175781,86.01000213623047,87.16000366210938,16269500
2018-10-24,87.27999877929688,90.69999694824219,87.22000122070312,89.45999908447266,26703500
2018-10-25,88.11000061035156,89.33000183105469,87.30999755859375,89.0,14647000
2018-10-26,88.69000244140625,89.16999816894531,87.38999938964844,87.86000061035156,14335900
2018-10-29,88.29000091552734,89.41999816894531,87.44000244140625,88.23999786376953,12878900
2018-10-30,88.8499984741211,89.43000030517578,88.20999908447266,89.19000244140625,13844000
2018-10-31,88.7699966430664,89.31999969482422,87.2699966430664,88.68000030517578,13362400
2018-11-01,88.80999755859375,89.83000183105469,88.18000030517578,89.58999633789062,9732400
2018-11-02,89.87999725341797,89.94999694824219,88.9800033569336,89.80999755859375,11336000
2018-11-05,89.88999938964844,91.44000244140625,89.81999969482422,91.19999694824219,12270100
2018-11-06,90.86000061035156,91.52999877929688,90.43000030517578,91.51000213623047,8857800
2018-11-07,91.58999633789062,91.62000274658203,90.62000274658203,91.29000091552734,9019800
2018-11-08,90.94999694824219,91.52999877929688,90.66999816894531,91.36000061035156,6614400
2018-11-09,91.3499984741211,92.66999816894531,91.16999816894531,92.41000366210938,10713500
2018-11-12,92.20999908447266,93.44999694824219,91.75,92.69999694824219,12522100
2018-11-13,91.97000122070312,93.56999969482422,91.58999633789062,93.47000122070312,13438700
2018-11-14,93.41999816894531,93.9000015258789,92.98999786376953,93.48999786376953,11623000
2018-11-15,93.33000183105469,93.9000015258789,92.72000122070312,93.83000183105469,12506000
2018-11-16,93.81999969482422,94.80999755859375,93.66999816894531,93.81999969482422,13013500
2018-11-19,93.72000122070312,94.19000244140625,92.91000366210938,93.29000091552734,9458300
2018-11-20,93.23999786376953,93.79000091552734,91.86000061035156,92.0999984741211,12074000
2018-11-21,91.66000366210938,92.37000274658203,91.23999786376953,91.41000366210938,8911800
2018-11-23,91.25,91.98999786376953,90.62999725341797,91.54000091552734,4399600
2018-11-26,91.1500015258789,92.4000015258789,91.1500015258789,91.94000244140625,8171400
2018-11-27,91.93000030517578,92.86000061035156,91.8499984741211,92.72000122070312,9023400
2018-11-28,92.62999725341797,93.22000122070312,92.20999908447266,93.01000213623047,8093700
2018-11-29,92.86000061035156,93.30000305175781,92.66000366210938,92.81999969482422,6126900
2018-11-30,93.18000030517578,94.6500015258789,92.75,94.51000213623047,16291800
2018-12-03,94.66999816894531,94.66999816894531,92.26000213623047,93.31999969482422,13934700
2018-12-04,93.48999786376953,94.86000061035156,93.16999816894531,93.30999755859375,11123600
2018-12-06,92.69999694824219,93.62999725341797,91.08000183105469,93.55000305175781,14199200
2018-12-07,93.58999633789062,93.77999877929688,92.13999938964844,92.44999694824219,7996800
2018-12-10,93.25,93.4000015258789,91.37000274658203,93.02999877929688,9307600
2018-12-11,93.72000122070312,94.5199966430664,93.4000015258789,93.91000366210938,8743800
2018-12-12,94.20999908447266,94.55000305175781,93.0999984741211,94.02999877929688,9644000
2018-12-13,94.87000274658203,96.79000091552734,94.80000305175781,96.48999786376953,18541300
2018-12-14,96.44999694824219,96.9000015258789,96.0199966430664,96.63999938964844,12657300
2018-12-17,96.0,96.5,92.4000015258789,92.7699966430664,12427600
2018-12-18,93.12999725341797,93.30999755859375,91.86000061035156,92.48999786376953,12250600
2018-12-19,92.55000305175781,93.3499984741211,91.29000091552734,91.76000213623047,10825600
2018-12-20,91.51000213623047,92.2300033569336,90.12999725341797,90.9800033569336,14439200
2018-12-21,90.61000061035156,93.16999816894531,90.36000061035156,90.97000122070312,24030000
2018-12-24,90.44999694824219,90.66000366210938,86.87999725341797,87.36000061035156,7396300
2018-12-26,87.41999816894531,90.08999633789062,86.73999786376953,90.08999633789062,8630900
2018-12-27,89.61000061035156,92.05000305175781,88.19999694824219,92.0199966430664,11360100
2018-12-28,92.55999755859375,93.27999877929688,90.83999633789062,91.18000030517578,9611800
2018-12-31,91.62999725341797,92.18000030517578,91.1500015258789,91.91999816894531,7239500
2019-01-02,91.02999877929688,91.38999938964844,89.93000030517578,91.27999877929688,9843900
2019-01-03,90.94000244140625,92.5,90.37999725341797,90.63999938964844,9820200
2019-01-04,90.83999633789062,92.48999786376953,90.37000274658203,92.48999786376953,10565700
2019-01-07,91.91000366210938,92.5,91.4000015258789,92.12000274658203,9012500
2019-01-08,92.69999694824219,93.08999633789062,91.81999969482422,92.45999908447266,9551300
2019-01-09,92.69000244140625,92.95999908447266,90.80999755859375,90.94999694824219,15015600
2019-01-10,90.88999938964844,91.54000091552734,90.61000061035156,91.16999816894531,11102300
2019-01-11,91.66999816894531,91.9800033569336,91.11000061035156,91.7699966430664,7166600
2019-01-14,91.5,91.91000366210938,90.8499984741211,91.1500015258789,7952000
2019-01-15,91.1500015258789,92.61000061035156,91.13999938964844,92.01000213623047,7834500
2019-01-16,91.73999786376953,92.1500015258789,90.98999786376953,91.37000274658203,7964500
2019-01-17,90.70999908447266,91.55999755859375,90.3499984741211,90.63999938964844,8044500
2019-01-18,91.37000274658203,91.83999633789062,91.04000091552734,91.41999816894531,9100300
2019-01-22,91.38999938964844,91.75,89.08000183105469,90.44000244140625,13518500
2019-01-23,94.18000030517578,96.41000366210938,93.62999725341797,94.83999633789062,22869000
2019-01-24,94.29000091552734,94.55999755859375,93.19000244140625,94.30000305175781,12146400
2019-01-25,94.41999816894531,94.88999938964844,93.05999755859375,93.5999984741211,10618000
2019-01-28,93.31999969482422,93.97000122070312,92.97000122070312,93.5199966430664,9765600
2019-01-29,93.79000091552734,94.12000274658203,93.0999984741211,93.54000091552734,9769800
2019-01-30,93.61000061035156,94.66000366210938,93.56999969482422,94.5199966430664,7750200
2019-01-31,94.43000030517578,96.80999755859375,94.08000183105469,96.47000122070312,16044400
2019-02-01,96.3499984741211,97.61000061035156,95.98999786376953,97.47000122070312,12720800
2019-02-04,97.20999908447266,98.22000122070312,96.72000122070312,98.02999877929688,11887500
2019-02-05,97.98999786376953,98.0199966430664,97.20999908447266,97.44000244140625,9772300
2019-02-06,97.25,98.31999969482422,97.12000274658203,97.91999816894531,8693900
2019-02-07,97.5199966430664,97.5999984741211,96.33999633789062,97.13999938964844,8732500
2019-02-08,97.01000213623047,97.72000122070312,96.69999694824219,97.70999908447266,7483200
2019-02-11,97.48999786376953,98.38999938964844,97.43000030517578,98.2699966430664,8494100
2019-02-12,98.37999725341797,99.33999633789062,97.9800033569336,99.26000213623047,11238800
2019-02-13,99.29000091552734,99.69999694824219,99.01000213623047,99.23999786376953,11587200
2019-02-14,98.69999694824219,98.81999969482422,97.83999633789062,98.45999908447266,7930100
2019-02-15,98.94999694824219,99.19999694824219,98.25,98.4800033569336,12069100
2019-02-19,98.55999755859375,100.0,98.47000122070312,99.98999786376953,10098200
2019-02-20,99.77999877929688,100.22000122070312,98.94000244140625,99.27999877929688,8947400
2019-02-21,99.0999984741211,99.86000061035156,98.58999633789062,99.77999877929688,7444800
2019-02-22,99.69000244140625,100.4000015258789,99.4000015258789,100.25,7925400
2019-02-25,100.36000061035156,100.44999694824219,99.33000183105469,99.56999969482422,7436100
2019-02-26,99.83999633789062,100.18000030517578,99.62999725341797,99.83000183105469,7115300
2019-02-27,99.33999633789062,99.62999725341797,98.81999969482422,98.91000366210938,6013600
2019-02-28,98.91000366210938,99.19999694824219,98.08000183105469,98.55000305175781,10575400
2019-03-01,98.61000061035156,98.77999877929688,97.83000183105469,98.44000244140625,7733200
2019-03-04,98.56999969482422,98.87999725341797,97.87999725341797,98.87000274658203,6895300
2019-03-05,98.91000366210938,99.68000030517578,98.91000366210938,99.08999633789062,6274600
2019-03-06,98.86000061035156,99.0999984741211,98.4000015258789,98.93000030517578,4622300
2019-03-07,98.97000122070312,99.5999984741211,98.25,98.55000305175781,8408600
2019-03-08,98.81999969482422,99.18000030517578,97.75,98.41000366210938,5144500
2019-03-11,98.79000091552734,99.68000030517578,98.51000213623047,99.58000183105469,7544400
2019-03-12,99.77999877929688,100.5199966430664,99.7300033569336,100.05000305175781,7597500
2019-03-13,99.98999786376953,101.58999633789062,99.95999908447266,101.18000030517578,9883300
2019-03-14,100.94000244140625,101.77999877929688,100.72000122070312,101.31999969482422,8590200
2019-03-15,101.76000213623047,102.88999938964844,101.7300033569336,102.44000244140625,30802700
2019-03-18,102.05999755859375,102.29000091552734,101.19999694824219,101.51000213623047,8442800
2019-03-19,101.91000366210938,102.13999938964844,101.29000091552734,101.9000015258789,7334100
2019-03-20,101.7300033569336,102.30999755859375,101.05000305175781,101.72000122070312,7513800
2019-03-21,101.27999877929688,102.91000366210938,101.27999877929688,102.48999786376953,8221000
2019-03-22,102.4800033569336,103.1500015258789,99.01000213623047,101.66000366210938,11035900
2019-03-25,101.66000366210938,102.33999633789062,101.26000213623047,101.95999908447266,6955500
2019-03-26,102.44000244140625,103.4800033569336,102.4000015258789,103.0199966430664,6909400
2019-03-27,102.76000213623047,103.0199966430664,102.04000091552734,102.9000015258789,6037100
2019-03-28,103.30999755859375,103.68000030517578,103.11000061035156,103.55000305175781,6793700
2019-03-29,103.86000061035156,104.1500015258789,103.11000061035156,104.05000305175781,7535400
2019-04-01,104.2300033569336,104.2300033569336,103.13999938964844,103.63999938964844,6626500
2019-04-02,103.61000061035156,104.0199966430664,103.26000213623047,103.75,6088800
2019-04-03,103.58000183105469,103.88999938964844,102.75,103.69000244140625,5226500
2019-04-04,103.4800033569336,103.66999816894531,102.79000091552734,103.43000030517578,4786100
2019-04-05,103.61000061035156,103.69000244140625,103.16999816894531,103.6500015258789,4281800
2019-04-08,103.93000030517578,105.13999938964844,103.5,104.97000122070312,8468600
2019-04-09,104.55000305175781,104.76000213623047,104.13999938964844,104.66000366210938,5820300
2019-04-10,104.66000366210938,105.0,104.23999786376953,104.6500015258789,5394300
2019-04-11,104.58000183105469,105.05000305175781,104.37000274658203,104.75,5078400
2019-04-12,104.75,105.05999755859375,104.16999816894531,105.05999755859375,6707900
2019-04-15,104.9800033569336,105.77999877929688,104.79000091552734,105.7300033569336,5639200
2019-04-16,105.9800033569336,106.5,105.6500015258789,106.41999816894531,8136100
2019-04-17,106.2699966430664,106.51000213623047,105.3499984741211,105.8499984741211,6778100
2019-04-18,106.0199966430664,106.70999908447266,105.83000183105469,106.05000305175781,7248900
2019-04-22,106.12999725341797,107.19999694824219,105.73999786376953,106.01000213623047,9057200
2019-04-23,104.01000213623047,104.11000061035156,102.12999725341797,103.16000366210938,15979800
2019-04-24,103.31999969482422,104.6500015258789,102.79000091552734,103.69000244140625,10094800
2019-04-25,103.0999984741211,103.56999969482422,102.58999633789062,103.27999877929688,6085300
2019-04-26,103.94999694824219,105.87999725341797,103.91000366210938,105.86000061035156,7747400
2019-04-29,105.56999969482422,105.75,104.72000122070312,104.77999877929688,4787600
2019-04-30,104.86000061035156,106.62000274658203,104.66000366210938,106.4800033569336,8251300
2019-05-01,106.1500015258789,106.38999938964844,104.80999755859375,104.93000030517578,6733800
2019-05-02,105.19999694824219,105.76000213623047,105.05000305175781,105.55999755859375,6270300
2019-05-03,105.98999786376953,106.41000366210938,105.58000183105469,106.08000183105469,4793400
2019-05-06,105.12000274658203,105.81999969482422,105.04000091552734,105.68000030517578,4890400
2019-05-07,105.02999877929688,105.58000183105469,104.0999984741211,104.69999694824219,6021700
2019-05-08,104.98999786376953,105.7699966430664,104.16000366210938,105.06999969482422,5392600
2019-05-09,104.66999816894531,105.04000091552734,103.77999877929688,104.23999786376953,6901700
2019-05-10,103.9800033569336,106.1500015258789,103.91999816894531,106.01000213623047,5815800
2019-05-13,105.13999938964844,106.58999633789062,104.8499984741211,106.11000061035156,7575500
2019-05-14,105.7699966430664,106.5,105.56999969482422,105.5999984741211,7004000
2019-05-15,105.61000061035156,107.0,105.5,106.69999694824219,5535600
2019-05-16,106.73999786376953,108.68000030517578,106.58999633789062,108.11000061035156,9284200
2019-05-17,107.2699966430664,108.0,107.26000213623047,107.44999694824219,6370200
2019-05-20,107.44000244140625,108.12999725341797,107.13999938964844,107.33000183105469,6565300
2019-05-21,107.47000122070312,107.54000091552734,106.29000091552734,106.37000274658203,5226400
2019-05-22,106.08999633789062,107.05000305175781,105.94000244140625,106.72000122070312,4889700
2019-05-23,106.68000030517578,107.02999877929688,105.88999938964844,106.76000213623047,6175600
2019-05-24,107.1500015258789,107.44000244140625,106.54000091552734,106.69000244140625,4372100
2019-05-28,106.69999694824219,107.25,104.41999816894531,104.45999908447266,7615500
2019-05-29,103.95999908447266,104.80999755859375,103.69999694824219,104.19000244140625,7137300
2019-05-30,104.37000274658203,105.37000274658203,104.37000274658203,105.33000183105469,4729200
2019-05-31,104.88999938964844,104.9000015258789,102.41000366210938,102.91000366210938,10282300
2019-06-03,103.1500015258789,103.95999908447266,102.4000015258789,103.80000305175781,8532900
2019-06-04,104.01000213623047,105.0999984741211,103.8499984741211,104.68000030517578,6906400
2019-06-05,105.23999786376953,106.75,104.88999938964844,106.7300033569336,6481700
2019-06-06,106.8499984741211,107.68000030517578,106.33000183105469,107.37999725341797,6681600
2019-06-07,107.73999786376953,109.37999725341797,107.73999786376953,108.7699966430664,8063400
2019-06-10,108.31999969482422,109.0199966430664,107.45999908447266,108.72000122070312,4767000
2019-06-11,108.94000244140625,109.5999984741211,108.87000274658203,109.37999725341797,8074400
2019-06-12,109.5999984741211,110.66000366210938,109.58000183105469,109.68000030517578,7687800
2019-06-13,109.9800033569336,110.94999694824219,109.86000061035156,110.91000366210938,8611400
2019-06-14,110.97000122070312,111.75,110.6500015258789,111.19999694824219,6438100
2019-06-17,111.16000366210938,111.20999908447266,110.23999786376953,110.98999786376953,6020000
2019-06-18,111.44999694824219,111.55999755859375,109.43000030517578,109.5999984741211,7731200
2019-06-19,109.5,110.7300033569336,109.26000213623047,110.41999816894531,7028000
2019-06-20,110.77999877929688,112.0199966430664,110.5,111.73999786376953,7044200
2019-06-21,111.62000274658203,112.47000122070312,111.0199966430664,111.19999694824219,13799400
2019-06-24,111.81999969482422,112.5,111.4000015258789,112.33000183105469,5518100
2019-06-25,112.11000061035156,112.62999725341797,111.30999755859375,111.72000122070312,6805600
2019-06-26,111.38999938964844,111.44000244140625,109.66000366210938,109.7300033569336,7170300
2019-06-27,109.91999816894531,110.2699966430664,109.29000091552734,109.77999877929688,5613300
2019-06-28,111.86000061035156,111.95999908447266,109.0199966430664,109.6500015258789,12152000
2019-07-01,109.91999816894531,110.69999694824219,109.61000061035156,110.48999786376953,6775900
2019-07-02,110.61000061035156,111.5,110.29000091552734,111.4800033569336,6578200
2019-07-03,111.95999908447266,114.2699966430664,111.83999633789062,114.08000183105469,6223300
2019-07-05,112.97000122070312,113.44999694824219,112.2300033569336,113.1500015258789,8694800
2019-07-08,113.33999633789062,114.2300033569336,113.30000305175781,114.05000305175781,5317800
2019-07-09,113.9000015258789,113.91000366210938,112.31999969482422,112.91000366210938,7537700
2019-07-10,113.45999908447266,114.5,113.4000015258789,113.75,5600700
2019-07-11,113.66000366210938,114.4000015258789,113.44000244140625,114.37999725341797,4625300
2019-07-12,114.06999969482422,115.20999908447266,114.06999969482422,114.98999786376953,7058600
2019-07-15,115.06999969482422,115.87999725341797,114.79000091552734,115.4800033569336,6240700
2019-07-16,115.72000122070312,116.5199966430664,115.44999694824219,115.88999938964844,7644300
2019-07-17,115.7300033569336,116.29000091552734,115.7300033569336,115.94000244140625,7861700
2019-07-18,114.93000030517578,115.7699966430664,114.79000091552734,115.44000244140625,5828700
2019-07-19,115.5,115.94999694824219,115.01000213623047,115.01000213623047,6547000
2019-07-22,115.04000091552734,115.44999694824219,114.58000183105469,115.30000305175781,4018800
2019-07-23,115.70999908447266,116.05000305175781,113.83999633789062,113.8499984741211,8194600
2019-07-24,113.8499984741211,113.87999725341797,112.27999877929688,112.5999984741211,9635900
2019-07-25,111.4800033569336,112.9800033569336,111.37999725341797,112.7699966430664,7809400
2019-07-26,113.20999908447266,114.87999725341797,112.87999725341797,114.7300033569336,5559600
2019-07-29,114.7300033569336,116.20999908447266,114.62000274658203,116.0,7768700
2019-07-30,119.81999969482422,121.76000213623047,118.80000305175781,120.41000366210938,18788800
2019-07-31,119.66000366210938,120.68000030517578,117.06999969482422,118.04000091552734,12641800
2019-08-01,118.55999755859375,119.16999816894531,116.7300033569336,116.7300033569336,11308600
2019-08-02,116.51000213623047,117.08000183105469,115.69000244140625,116.44000244140625,12266100
2019-08-05,116.08999633789062,116.30000305175781,112.83000183105469,113.08000183105469,12974800
2019-08-06,113.6500015258789,115.0,113.18000030517578,114.27999877929688,9490600
2019-08-07,113.75,116.23999786376953,112.68000030517578,115.5199966430664,9507600
2019-08-08,115.5199966430664,117.48999786376953,115.33999633789062,117.44000244140625,7416600
2019-08-09,117.62000274658203,118.04000091552734,115.8499984741211,116.77999877929688,6939500
2019-08-12,116.77999877929688,117.66999816894531,115.58999633789062,116.02999877929688,4996200
2019-08-13,116.51000213623047,118.06999969482422,116.33999633789062,117.25,6722000
2019-08-14,116.45999908447266,117.94000244140625,115.66000366210938,115.79000091552734,10148300
2019-08-15,116.80000305175781,118.08999633789062,116.44000244140625,117.38999938964844,7758000
2019-08-16,118.05999755859375,119.54000091552734,117.5999984741211,119.18000030517578,8302400
2019-08-19,119.97000122070312,120.44999694824219,119.11000061035156,120.23999786376953,5867100
2019-08-20,120.05000305175781,120.26000213623047,118.79000091552734,118.9000015258789,6744300
2019-08-21,119.2699966430664,119.6500015258789,118.68000030517578,119.19999694824219,4037400
2019-08-22,119.08000183105469,119.79000091552734,118.69999694824219,119.41999816894531,4558400
2019-08-23,119.13999938964844,120.11000061035156,116.43000030517578,117.31999969482422,7336800
2019-08-26,117.75,119.5999984741211,117.22000122070312,119.31999969482422,5661500
2019-08-27,119.98999786376953,121.05000305175781,119.77999877929688,120.55000305175781,6996300
2019-08-28,120.45999908447266,121.43000030517578,119.62999725341797,121.4000015258789,4600300
2019-08-29,121.79000091552734,122.0,120.31999969482422,121.18000030517578,5011500
2019-08-30,121.95999908447266,122.0,119.51000213623047,120.2300033569336,6007100
2019-09-03,119.79000091552734,121.54000091552734,119.62999725341797,121.36000061035156,4959300
2019-09-04,121.8499984741211,123.27999877929688,121.45999908447266,123.20999908447266,5586900
2019-09-05,123.23999786376953,123.43000030517578,122.18000030517578,122.76000213623047,7491900
2019-09-06,123.0,123.37999725341797,122.54000091552734,122.87000274658203,5306900
2019-09-09,122.70999908447266,122.77999877929688,121.77999877929688,122.16999816894531,7662400
2019-09-10,121.02999877929688,121.18000030517578,119.58000183105469,119.87999725341797,9582200
2019-09-11,119.86000061035156,121.33999633789062,119.36000061035156,121.2699966430664,7565500
2019-09-12,122.6500015258789,123.20999908447266,121.62000274658203,122.7699966430664,6194300
2019-09-13,121.81999969482422,122.58000183105469,121.5,122.12000274658203,6777400
2019-09-16,121.80999755859375,121.95999908447266,119.0199966430664,119.75,9626700
2019-09-17,119.62999725341797,121.98999786376953,119.44000244140625,121.16000366210938,6377100
2019-09-18,121.2699966430664,121.95999908447266,120.7699966430664,121.41000366210938,5684200
2019-09-19,121.38999938964844,122.2300033569336,121.23999786376953,121.9000015258789,4525800
2019-09-20,122.12999725341797,122.5999984741211,121.75,122.23999786376953,15362000
2019-09-23,122.19999694824219,123.7699966430664,121.97000122070312,123.22000122070312,6060400
2019-09-24,123.69999694824219,124.7300033569336,123.36000061035156,123.61000061035156,7633200
2019-09-25,123.55999755859375,123.83000183105469,122.94999694824219,123.0199966430664,5812600
2019-09-26,123.63999938964844,125.0,123.52999877929688,124.30999755859375,6984800
2019-09-27,124.41000366210938,124.87999725341797,123.72000122070312,124.56999969482422,5589800
2019-09-30,124.56999969482422,125.36000061035156,124.12999725341797,124.37999725341797,5206900
2019-10-01,124.36000061035156,124.63999938964844,123.19999694824219,123.8499984741211,5415700
2019-10-02,123.19999694824219,123.6500015258789,120.20999908447266,121.08000183105469,6755100
2019-10-03,121.66999816894531,122.54000091552734,120.83999633789062,121.73999786376953,5171000
2019-10-04,122.19000244140625,124.05999755859375,121.98999786376953,124.0,4377900
2019-10-07,123.52999877929688,123.88999938964844,122.68000030517578,122.83999633789062,4749700
2019-10-08,122.66000366210938,122.93000030517578,120.87999725341797,120.93000030517578,5545300
2019-10-09,121.80999755859375,122.38999938964844,121.43000030517578,121.9800033569336,3775600
2019-10-10,121.33000183105469,122.19000244140625,120.80000305175781,121.94000244140625,3943400
2019-10-11,122.04000091552734,122.05999755859375,120.81999969482422,121.08999633789062,6292200
2019-10-14,121.62000274658203,121.62000274658203,119.58000183105469,120.05000305175781,7360200
2019-10-15,120.19000244140625,120.55999755859375,116.69999694824219,117.19999694824219,11113900
2019-10-16,117.66999816894531,117.7699966430664,116.51000213623047,117.52999877929688,7973100
2019-10-17,117.30999755859375,117.63999938964844,116.55000305175781,116.62999725341797,5956900
2019-10-18,116.55000305175781,117.75,116.16999816894531,117.47000122070312,9016700
2019-10-21,117.41999816894531,119.12000274658203,117.3499984741211,119.08000183105469,6731600
2019-10-22,124.0,124.22000122070312,121.5999984741211,122.18000030517578,14410500
2019-10-23,121.98999786376953,123.7300033569336,121.83999633789062,123.0,8249300
2019-10-24,123.76000213623047,125.7699966430664,123.33999633789062,124.79000091552734,6725600
2019-10-25,124.81999969482422,124.81999969482422,123.16999816894531,123.25,6093300
2019-10-28,123.4800033569336,124.12000274658203,122.5999984741211,123.4800033569336,5459500
2019-10-29,123.19999694824219,124.55999755859375,123.0999984741211,123.5999984741211,5659800
2019-10-30,123.98999786376953,125.16999816894531,123.5,124.94000244140625,4734500
2019-10-31,124.79000091552734,125.44999694824219,123.36000061035156,124.51000213623047,6399500
2019-11-01,124.83000183105469,125.13999938964844,123.25,123.87000274658203,6010200
2019-11-04,123.91999816894531,123.91999816894531,118.63999938964844,119.06999969482422,10351400
2019-11-05,118.83000183105469,119.58999633789062,118.23999786376953,118.9000015258789,9239600
2019-11-06,119.0999984741211,120.3499984741211,118.66000366210938,120.31999969482422,6756300
2019-11-07,120.33999633789062,120.33999633789062,118.80999755859375,119.62000274658203,8909700
2019-11-08,119.8499984741211,120.58999633789062,119.16000366210938,119.69999694824219,4249900
2019-11-11,119.4800033569336,120.0,119.08999633789062,119.33000183105469,3850400
2019-11-12,119.48999786376953,119.5999984741211,118.55000305175781,119.2699966430664,4759600
2019-11-13,119.9000015258789,121.05000305175781,119.87000274658203,120.6500015258789,7262800
2019-11-14,120.62000274658203,121.16999816894531,120.11000061035156,120.5,5188300
2019-11-15,120.98999786376953,120.98999786376953,119.97000122070312,120.54000091552734,7108600
2019-11-18,120.25,122.55999755859375,120.16999816894531,121.88999938964844,7493700
2019-11-19,121.93000030517578,122.77999877929688,121.12999725341797,121.41999816894531,5989000
2019-11-20,121.41999816894531,122.37999725341797,120.93000030517578,122.29000091552734,6480000
2019-11-21,121.77999877929688,122.54000091552734,120.27999877929688,120.33999633789062,7094200
2019-11-22,120.2300033569336,120.61000061035156,119.38999938964844,120.29000091552734,4414900
2019-11-25,120.44000244140625,120.91999816894531,120.0199966430664,120.51000213623047,5134300
2019-11-26,120.7300033569336,122.3499984741211,120.41000366210938,122.26000213623047,8235200
2019-11-27,122.41999816894531,122.44000244140625,120.95999908447266,121.76000213623047,3751400
2019-11-29,121.98999786376953,122.62999725341797,121.70999908447266,122.05999755859375,2927300
2019-12-02,121.94000244140625,122.77999877929688,120.95999908447266,122.72000122070312,6146200
2019-12-03,122.30999755859375,122.95999908447266,121.80000305175781,122.94999694824219,6396200
2019-12-04,122.75,124.58000183105469,122.69000244140625,124.52999877929688,6857300
2019-12-05,124.2699966430664,124.62999725341797,123.66000366210938,124.62000274658203,7029200
2019-12-06,124.7300033569336,125.44999694824219,123.88999938964844,124.19000244140625,7150900
2019-12-09,124.30999755859375,125.13999938964844,124.18000030517578,124.87000274658203,7452800
2019-12-10,124.77999877929688,124.87000274658203,124.12000274658203,124.2699966430664,4740100
2019-12-11,124.2699966430664,125.2699966430664,124.06999969482422,124.66000366210938,4823300
2019-12-12,124.77999877929688,125.76000213623047,123.87999725341797,124.56999969482422,5897800
2019-12-13,124.20999908447266,125.73999786376953,123.79000091552734,125.47000122070312,5471600
2019-12-16,125.47000122070312,126.3499984741211,125.3499984741211,125.55999755859375,8281900
2019-12-17,125.58999633789062,125.9800033569336,124.30999755859375,125.30999755859375,8832200
2019-12-18,125.30999755859375,125.87000274658203,123.69000244140625,124.01000213623047,8607600
2019-12-19,124.16000366210938,125.19999694824219,123.9000015258789,124.91999816894531,6629100
2019-12-20,126.1500015258789,126.5999984741211,125.02999877929688,125.36000061035156,16250500
2019-12-23,125.5199966430664,125.81999969482422,124.69000244140625,124.9000015258789,6619500
2019-12-24,124.79000091552734,125.30999755859375,124.58000183105469,125.22000122070312,2022100
2019-12-26,125.0999984741211,125.75,124.87000274658203,125.22000122070312,4760400
2019-12-27,125.55999755859375,126.30000305175781,125.38999938964844,126.08999633789062,5192000
2019-12-30,125.76000213623047,125.9800033569336,124.13999938964844,124.47000122070312,3884300
2019-12-31,124.43000030517578,124.98999786376953,123.94999694824219,124.9000015258789,4798900
2020-01-02,124.5,124.7300033569336,122.94000244140625,123.41000366210938,8130800
2020-01-03,122.16000366210938,123.52999877929688,121.86000061035156,122.58000183105469,7970500
2020-01-06,122.56999969482422,123.19000244140625,122.37999725341797,122.75,6674400
2020-01-07,122.87999725341797,123.20999908447266,121.87000274658203,121.98999786376953,7583400
2020-01-08,122.19000244140625,123.43000030517578,122.0,122.51000213623047,5385100
2020-01-09,122.51000213623047,123.87999725341797,122.51000213623047,123.8499984741211,5944000
2020-01-10,123.9000015258789,124.31999969482422,123.30000305175781,123.97000122070312,3927100
2020-01-13,124.0,124.9000015258789,123.80999755859375,124.87999725341797,8409200
2020-01-14,124.6500015258789,125.19999694824219,124.4800033569336,124.69000244140625,7829700
2020-01-15,125.05999755859375,126.12000274658203,125.01000213623047,125.95999908447266,4843700
2020-01-16,126.11000061035156,126.77999877929688,125.58999633789062,126.06999969482422,6233700
2020-01-17,126.3499984741211,127.0,125.87999725341797,126.41000366210938,11315200
2020-01-21,126.41000366210938,126.62000274658203,124.83999633789062,126.08999633789062,8553100
2020-01-22,126.33000183105469,126.68000030517578,125.83000183105469,126.30999755859375,7396700
2020-01-23,124.30000305175781,126.55000305175781,123.6500015258789,124.98999786376953,11096500
2020-01-24,125.22000122070312,126.79000091552734,124.7699966430664,125.13999938964844,9508600
2020-01-27,124.75,126.38999938964844,124.75,125.69000244140625,9338400
2020-01-28,125.93000030517578,126.9800033569336,125.72000122070312,126.02999877929688,6200200
2020-01-29,125.91000366210938,126.06999969482422,125.02999877929688,125.05999755859375,5271000
2020-01-30,124.79000091552734,126.05999755859375,124.41999816894531,125.94999694824219,5894400
2020-01-31,125.98999786376953,126.94999694824219,124.45999908447266,124.62000274658203,6612900
2020-02-03,124.66000366210938,125.94999694824219,124.48999786376953,125.11000061035156,6052300
2020-02-04,125.70999908447266,127.3499984741211,125.36000061035156,125.66000366210938,6512200
2020-02-05,125.91000366210938,127.05999755859375,125.4000015258789,126.80999755859375,6125400
2020-02-06,126.9000015258789,128.08999633789062,126.5999984741211,127.13999938964844,9102700
2020-02-07,127.19000244140625,127.2699966430664,126.05000305175781,126.08000183105469,5915100
2020-02-10,126.45999908447266,126.83000183105469,125.76000213623047,126.16999816894531,5216100
2020-02-11,126.2699966430664,126.2699966430664,124.02999877929688,124.16000366210938,6105700
2020-02-12,123.68000030517578,123.97000122070312,122.8499984741211,123.44999694824219,6031700
2020-02-13,123.7300033569336,125.27999877929688,123.5199966430664,124.95999908447266,7159000
2020-02-14,125.29000091552734,126.1500015258789,124.79000091552734,126.13999938964844,5889100
2020-02-18,125.83000183105469,126.18000030517578,124.83000183105469,124.87000274658203,6767600
2020-02-19,124.8499984741211,126.47000122070312,124.6500015258789,125.44000244140625,4734000
2020-02-20,125.47000122070312,126.76000213623047,125.12999725341797,126.58000183105469,6094600
2020-02-21,126.12999725341797,128.07000732421875,125.9800033569336,126.69999694824219,8723900
2020-02-24,125.26000213623047,126.58999633789062,123.13999938964844,123.30000305175781,7533900
2020-02-25,123.0199966430664,123.95999908447266,120.87999725341797,121.43000030517578,8903200
2020-02-26,121.41999816894531,122.38999938964844,119.8499984741211,120.16000366210938,6894200
2020-02-27,119.12000274658203,119.91999816894531,113.43000030517578,113.5,13298900
2020-02-28,109.45999908447266,113.2300033569336,106.66999816894531,113.2300033569336,22784300
2020-03-02,113.19000244140625,119.79000091552734,112.55000305175781,119.55999755859375,12399800
2020-03-03,119.7300033569336,121.83999633789062,117.13999938964844,118.16999816894531,12510900
2020-03-04,119.87999725341797,124.69000244140625,119.5999984741211,124.5,9459300
2020-03-05,121.30000305175781,122.9000015258789,120.27999877929688,121.62999725341797,9363500
2020-03-06,118.02999877929688,122.61000061035156,117.55000305175781,121.66000366210938,9817400
2020-03-09,115.2699966430664,120.02999877929688,115.12000274658203,116.05999755859375,13116500
2020-03-10,118.95999908447266,120.81999969482422,114.44000244140625,120.55000305175781,11419100
2020-03-11,117.5999984741211,118.44000244140625,110.68000030517578,111.58999633789062,16456000
2020-03-12,103.0,111.58000183105469,101.0,101.83999633789062,20988000
2020-03-13,106.5,114.62999725341797,105.41000366210938,114.06999969482422,17378700
2020-03-16,101.75,115.94999694824219,101.0,108.5,17367400
2020-03-17,111.44999694824219,119.69999694824219,110.7699966430664,118.23999786376953,19451400
2020-03-18,113.0199966430664,121.5,112.08999633789062,117.44999694824219,23139200
2020-03-19,116.61000061035156,118.0,109.79000091552734,110.83000183105469,16428100
2020-03-20,109.19000244140625,109.69999694824219,101.58999633789062,102.43000030517578,19922900
2020-03-23,100.19000244140625,103.75,94.33999633789062,97.69999694824219,17776800
2020-03-24,101.2300033569336,104.0,96.06999969482422,103.2699966430664,14625500
2020-03-25,100.51000213623047,104.69999694824219,98.5999984741211,100.91999816894531,13789100
2020-03-26,103.87999725341797,108.30999755859375,102.52999877929688,107.37999725341797,15796000
2020-03-27,106.48999786376953,114.29000091552734,106.48999786376953,110.16999816894531,16073100
2020-03-30,113.9000015258789,115.79000091552734,110.19999694824219,115.0,14571600
2020-03-31,113.5,114.29000091552734,108.94999694824219,110.0,21691000
2020-04-01,107.94999694824219,112.18000030517578,107.0,109.33000183105469,11095800
2020-04-02,107.69000244140625,114.98999786376953,107.5,114.4000015258789,9168800
2020-04-03,113.73999786376953,115.9000015258789,113.01000213623047,115.08000183105469,7768700
2020-04-06,117.0,119.0,114.58000183105469,117.80999755859375,16848400
2020-04-07,116.70999908447266,120.05999755859375,112.5,112.7699966430664,14438400
2020-04-08,114.38999938964844,117.30000305175781,111.86000061035156,115.0999984741211,12564500
2020-04-09,115.26000213623047,118.66000366210938,114.19999694824219,114.66000366210938,12747300
2020-04-13,113.61000061035156,116.75,113.16000366210938,115.94999694824219,7926700
2020-04-14,118.76000213623047,121.47000122070312,116.25,120.95999908447266,10474200
2020-04-15,120.86000061035156,123.41999816894531,119.58999633789062,121.22000122070312,14192900
2020-04-16,122.3499984741211,122.5,119.9000015258789,121.5,12020200
2020-04-17,122.44999694824219,124.98999786376953,120.54000091552734,124.69000244140625,15899800
2020-04-20,121.47000122070312,123.2300033569336,120.54000091552734,120.5999984741211,10832000
2020-04-21,119.5,120.30000305175781,118.43000030517578,119.68000030517578,9465400
2020-04-22,119.98999786376953,120.27999877929688,118.77999877929688,119.4000015258789,10259400
2020-04-23,118.6500015258789,119.66999816894531,118.05000305175781,119.4000015258789,17277000
2020-04-24,119.0999984741211,119.76000213623047,118.62000274658203,118.77999877929688,12751100
2020-04-27,119.19000244140625,119.19000244140625,116.9000015258789,117.44999694824219,10635700
2020-04-28,117.0999984741211,117.91000366210938,116.16999816894531,116.88999938964844,9958000
2020-04-29,117.5199966430664,118.05000305175781,115.08000183105469,117.08000183105469,8707900
2020-04-30,115.91999816894531,118.27999877929688,115.66000366210938,117.87000274658203,10026400
2020-05-01,117.5999984741211,118.37000274658203,116.31999969482422,116.81999969482422,7366400
2020-05-04,117.08999633789062,117.19999694824219,115.0,115.7699966430664,5636000
2020-05-05,115.80000305175781,117.26000213623047,115.20999908447266,116.01000213623047,5425200
2020-05-06,115.54000091552734,116.13999938964844,112.88999938964844,113.0999984741211,7892200
2020-05-07,114.05999755859375,114.13999938964844,111.81999969482422,112.16999816894531,8762800
2020-05-08,113.5199966430664,116.30000305175781,113.38999938964844,115.94999694824219,9279900
2020-05-11,115.75,116.01000213623047,114.91999816894531,115.30999755859375,6947500
2020-05-12,115.19999694824219,115.9000015258789,114.13999938964844,114.55000305175781,6734400
2020-05-13,114.27999877929688,115.3499984741211,113.7300033569336,113.91999816894531,9312600
2020-05-14,113.54000091552734,114.44999694824219,111.25,113.80999755859375,9310000
2020-05-15,113.93000030517578,114.79000091552734,112.05000305175781,114.61000061035156,10694800
2020-05-18,116.02999877929688,116.98999786376953,114.70999908447266,116.20999908447266,10020800
2020-05-19,115.08999633789062,115.63999938964844,112.33999633789062,112.44000244140625,8047600
2020-05-20,113.0,113.7699966430664,112.12999725341797,113.27999877929688,6593800
2020-05-21,112.80000305175781,113.19999694824219,111.43000030517578,111.62000274658203,6552700
2020-05-22,112.29000091552734,113.5999984741211,111.76000213623047,112.5999984741211,5571900
2020-05-26,114.1500015258789,114.1500015258789,111.68000030517578,112.02999877929688,10432400
2020-05-27,112.5,113.97000122070312,111.81999969482422,113.88999938964844,8279700
2020-05-28,115.52999877929688,116.98999786376953,114.9000015258789,116.05999755859375,6586700
2020-05-29,116.12999725341797,116.72000122070312,114.62000274658203,115.91999816894531,7868000
2020-06-01,116.0,117.5,115.26000213623047,117.25,5105600
2020-06-02,117.06999969482422,118.13999938964844,116.81999969482422,118.05999755859375,6327900
2020-06-03,118.0999984741211,119.19000244140625,117.94999694824219,118.52999877929688,6171000
2020-06-04,118.0,118.83000183105469,115.56999969482422,116.05000305175781,6895800
2020-06-05,116.25,118.83000183105469,116.05000305175781,118.33000183105469,7337800
2020-06-08,117.44000244140625,119.12000274658203,116.83999633789062,119.05000305175781,6926700
2020-06-09,119.4000015258789,119.76000213623047,118.1500015258789,118.33999633789062,5563200
2020-06-10,119.0,119.88999938964844,118.11000061035156,119.2300033569336,6678200
2020-06-11,118.80999755859375,119.56999969482422,116.0,116.26000213623047,8937500
2020-06-12,116.58999633789062,118.05000305175781,115.26000213623047,115.62000274658203,7998500
2020-06-15,114.55000305175781,117.27999877929688,113.76000213623047,116.69000244140625,8786000
2020-06-16,118.52999877929688,118.97000122070312,116.93000030517578,118.12999725341797,8165200
2020-06-17,118.38999938964844,119.11000061035156,117.44000244140625,117.93000030517578,6320800
2020-06-18,117.45999908447266,119.95999908447266,117.37000274658203,119.27999877929688,6274400
2020-06-19,120.48999786376953,121.81999969482422,118.83000183105469,118.91999816894531,17506200
2020-06-22,118.77999877929688,119.08000183105469,117.33999633789062,117.75,5695600
2020-06-23,118.66999816894531,119.19000244140625,117.6500015258789,117.7300033569336,5340400
2020-06-24,117.22000122070312,117.95999908447266,116.27999877929688,116.41999816894531,6547800
2020-06-25,116.98999786376953,118.02999877929688,116.02999877929688,117.88999938964844,5489300
2020-06-26,117.58999633789062,118.47000122070312,115.04000091552734,115.2300033569336,23201700
2020-06-29,116.51000213623047,118.05000305175781,116.3499984741211,117.66000366210938,6866900
2020-06-30,117.97000122070312,119.98999786376953,117.80000305175781,119.56999969482422,7818000
2020-07-01,119.6500015258789,120.38999938964844,118.9000015258789,119.9800033569336,6501200
2020-07-02,121.0,122.56999969482422,120.52999877929688,120.87999725341797,6150900
2020-07-06,121.7699966430664,122.41000366210938,120.87999725341797,121.62999725341797,6023300
2020-07-07,121.30000305175781,123.25,120.88999938964844,122.22000122070312,6866300
2020-07-08,122.1500015258789,123.23999786376953,122.0,122.88999938964844,6494100
2020-07-09,122.81999969482422,123.9800033569336,121.80999755859375,122.4800033569336,5341000
2020-07-10,122.56999969482422,124.5,122.47000122070312,123.88999938964844,6752600
2020-07-13,124.0,125.58999633789062,123.33999633789062,124.05000305175781,7681500
2020-07-14,123.98999786376953,125.66000366210938,123.5,125.08999633789062,6272100
2020-07-15,125.9800033569336,126.9000015258789,124.26000213623047,124.5,8145000
2020-07-16,125.08000183105469,125.5199966430664,123.91000366210938,124.76000213623047,3959300
2020-07-17,125.08999633789062,126.06999969482422,124.83000183105469,125.62999725341797,4868600
2020-07-20,125.47000122070312,125.83999633789062,124.79000091552734,125.23999786376953,4242100
2020-07-21,125.48999786376953,126.63999938964844,124.91999816894531,125.06999969482422,5162300
2020-07-22,125.5,126.4000015258789,124.20999908447266,126.13999938964844,5929200
2020-07-23,126.12000274658203,127.18000030517578,125.5999984741211,126.16000366210938,6664800
2020-07-24,126.98999786376953,127.7699966430664,125.31999969482422,125.95999908447266,6014200
2020-07-27,125.70999908447266,126.63999938964844,125.54000091552734,126.31999969482422,6464600
2020-07-28,126.37000274658203,128.4600067138672,126.29000091552734,127.87999725341797,7644400
2020-07-29,127.55999755859375,129.24000549316406,127.36000061035156,128.30999755859375,6702000
2020-07-30,130.66000366210938,132.02999877929688,129.64999389648438,131.4199981689453,10400700
2020-07-31,130.66000366210938,131.2100067138672,129.27000427246094,131.1199951171875,8487000
2020-08-03,130.47000122070312,131.9199981689453,130.47000122070312,131.2899932861328,7769400
2020-08-04,130.77000427246094,133.92999267578125,130.6999969482422,133.7899932861328,7773700
2020-08-05,133.58999633789062,134.64999389648438,133.1199951171875,133.44000244140625,5680000
2020-08-06,132.85000610351562,133.3699951171875,132.1199951171875,132.7100067138672,3974100
2020-08-07,132.88999938964844,133.63999938964844,132.4499969482422,133.5500030517578,4934900
2020-08-10,133.6999969482422,134.44000244140625,133.19000244140625,134.10000610351562,5812700
2020-08-11,134.27000427246094,134.74000549316406,132.7899932861328,133.22999572753906,5329900
2020-08-12,133.77000427246094,135.97000122070312,133.6999969482422,135.4600067138672,5920400
2020-08-13,135.0800018310547,135.8699951171875,134.92999267578125,135.77999877929688,4989500
2020-08-14,135.61000061035156,135.63999938964844,134.5500030517578,135.10000610351562,5845200
2020-08-17,134.94000244140625,135.6999969482422,134.66000366210938,135.5,5603800
2020-08-18,135.80999755859375,137.52000427246094,135.4199981689453,136.50999450683594,8670700
2020-08-19,135.5399932861328,136.32000732421875,135.5,135.77000427246094,6827700
2020-08-20,135.24000549316406,136.97999572753906,135.19000244140625,136.85000610351562,4352200
2020-08-21,136.60000610351562,138.10000610351562,135.91000366210938,137.44000244140625,5706600
2020-08-24,137.49000549316406,138.77999877929688,137.1999969482422,138.50999450683594,7420500
2020-08-25,139.0,139.14999389648438,137.8000030517578,139.05999755859375,4718300
2020-08-26,138.57000732421875,139.32000732421875,138.25,138.38999938964844,4746200
2020-08-27,138.83999633789062,139.69000244140625,138.17999267578125,138.2100067138672,6156100
2020-08-28,138.32000732421875,138.91000366210938,136.9499969482422,138.77000427246094,4166300
2020-08-31,138.19000244140625,138.72999572753906,137.82000732421875,138.3300018310547,5596800
2020-09-01,137.86000061035156,138.22000122070312,137.07000732421875,138.17999267578125,5671800
2020-09-02,138.11000061035156,141.44000244140625,137.61000061035156,140.50999450683594,8384800
2020-09-03,140.74000549316406,141.6999969482422,137.08999633789062,138.25999450683594,7277900
2020-09-04,137.80999755859375,139.19000244140625,136.1199951171875,137.9600067138672,7437700
2020-09-08,138.52000427246094,138.63999938964844,135.0399932861328,135.94000244140625,6847500
2020-09-09,136.4199981689453,139.55999755859375,136.27000427246094,138.14999389648438,6002900
2020-09-10,138.1199951171875,138.72000122070312,136.50999450683594,136.6999969482422,5242500
2020-09-11,137.69000244140625,138.66000366210938,137.16000366210938,138.13999938964844,4398000
2020-09-14,138.44000244140625,139.5800018310547,138.3300018310547,138.6300048828125,4767400
2020-09-15,138.7899932861328,139.77000427246094,138.38999938964844,138.6300048828125,4046500
2020-09-16,139.57000732421875,140.1699981689453,137.60000610351562,137.6999969482422,6049900
2020-09-17,137.05999755859375,137.8800048828125,136.19000244140625,137.52000427246094,4648500
2020-09-18,136.91000366210938,137.92999267578125,136.25999450683594,137.3699951171875,10192800
2020-09-21,137.0,137.47000122070312,134.6999969482422,136.7100067138672,7092600
2020-09-22,136.49000549316406,139.02999877929688,136.24000549316406,137.9600067138672,4722800
2020-09-23,138.4199981689453,138.4199981689453,136.08999633789062,136.30999755859375,6373700
2020-09-24,136.6699981689453,137.14999389648438,135.7100067138672,136.9199981689453,5708200
2020-09-25,135.88999938964844,137.99000549316406,135.88999938964844,137.6199951171875,4969900
2020-09-28,138.55999755859375,139.94000244140625,137.77999877929688,138.00999450683594,5810800
2020-09-29,138.38999938964844,138.4199981689453,136.66000366210938,137.25999450683594,4492100
2020-09-30,138.16000366210938,139.85000610351562,137.80999755859375,138.99000549316406,8727800
2020-10-01,139.5800018310547,139.99000549316406,138.2100067138672,139.24000549316406,5713400
2020-10-02,137.92999267578125,139.1199951171875,136.9499969482422,138.1199951171875,6077900
2020-10-05,138.72000122070312,139.64999389648438,138.3000030517578,139.38999938964844,6333900
2020-10-06,139.4199981689453,140.77000427246094,138.80999755859375,139.61000061035156,6042900
2020-10-07,140.0800018310547,141.38999938964844,139.3699951171875,140.6999969482422,4640900
2020-10-08,140.55999755859375,141.92999267578125,140.36000061035156,141.64999389648438,4569800
2020-10-09,141.83999633789062,143.63999938964844,141.6999969482422,142.9199981689453,6551700
2020-10-12,143.3300018310547,145.3300018310547,143.3300018310547,144.49000549316406,5791500
2020-10-13,143.82000732421875,144.83999633789062,143.4600067138672,144.2100067138672,4509400
2020-10-14,144.17999267578125,145.10000610351562,143.0800018310547,144.0399932861328,3860700
2020-10-15,143.05999755859375,144.38999938964844,142.88999938964844,143.8300018310547,4997100
2020-10-16,144.4199981689453,145.8699951171875,143.9199981689453,144.38999938964844,6806100
2020-10-19,144.47000122070312,145.38999938964844,141.1300048828125,141.91000366210938,6427600
2020-10-20,145.61000061035156,145.69000244140625,141.89999389648438,142.47999572753906,7582100
2020-10-21,142.49000549316406,144.33999633789062,142.47000122070312,143.25,5649700
2020-10-22,141.49000549316406,142.75,141.0800018310547,141.4499969482422,4502900
2020-10-23,141.75999450683594,142.8800048828125,141.75999450683594,142.3800048828125,4278100
2020-10-26,141.5,142.0500030517578,140.00999450683594,141.3000030517578,5315500
2020-10-27,141.94000244140625,143.33999633789062,141.64999389648438,142.36000061035156,6806700
2020-10-28,140.4499969482422,140.94000244140625,137.30999755859375,137.66000366210938,8192200
2020-10-29,137.35000610351562,139.08999633789062,135.8000030517578,137.57000732421875,5476900
2020-10-30,137.17999267578125,137.99000549316406,134.67999267578125,137.10000610351562,6422000
2020-11-02,138.50999450683594,140.0,137.44000244140625,138.5,6682800
2020-11-03,139.32000732421875,142.66000366210938,139.32000732421875,141.22000122070312,6244200
2020-11-04,140.4600067138672,143.0,140.27000427246094,140.63999938964844,5820600
2020-11-05,142.44000244140625,143.52999877929688,141.77999877929688,142.3800048828125,5673100
2020-11-06,142.6699981689453,144.07000732421875,142.3800048828125,143.22999572753906,4702300
2020-11-09,146.14999389648438,146.9199981689453,137.60000610351562,137.99000549316406,12664700
2020-11-10,138.10000610351562,140.6199951171875,137.14999389648438,140.25999450683594,7854000
2020-11-11,141.85000610351562,143.0,140.64999389648438,142.07000732421875,5554300
2020-11-12,142.2899932861328,142.5500030517578,141.07000732421875,142.14999389648438,5631700
2020-11-13,142.2100067138672,144.47999572753906,141.8800048828125,144.27999877929688,6466800
2020-11-16,144.77999877929688,144.77999877929688,141.25999450683594,142.42999267578125,7976600
2020-11-17,141.88999938964844,143.47000122070312,141.75,141.8800048828125,6396800
2020-11-18,141.99000549316406,142.10000610351562,139.66000366210938,139.6999969482422,6097100
2020-11-19,139.8699951171875,140.1199951171875,138.4499969482422,139.52999877929688,5284100
2020-11-20,139.52999877929688,140.35000610351562,138.6300048828125,139.3000030517578,4726900
2020-11-23,139.32000732421875,139.9499969482422,137.86000061035156,138.75999450683594,4770600
2020-11-24,138.8300018310547,139.83999633789062,138.07000732421875,138.30999755859375,7101800
2020-11-25,138.16000366210938,139.38999938964844,138.0399932861328,138.67999267578125,8411300
2020-11-27,138.58999633789062,138.88999938964844,137.52999877929688,138.61000061035156,4252200
2020-11-30,138.0,139.1999969482422,136.74000549316406,138.8699951171875,11640400
2020-12-01,139.16000366210938,139.5399932861328,138.16000366210938,139.3699951171875,7169700
2020-12-02,139.3699951171875,139.94000244140625,137.49000549316406,138.36000061035156,6963000
2020-12-03,138.08999633789062,138.35000610351562,135.5399932861328,137.33999633789062,8742500
2020-12-04,137.2100067138672,137.86000061035156,135.8699951171875,137.47000122070312,6617200
2020-12-07,136.61000061035156,137.74000549316406,136.55999755859375,137.67999267578125,6918000
2020-12-08,137.02000427246094,138.77999877929688,136.42999267578125,138.0500030517578,6493500
2020-12-09,137.8300018310547,138.0399932861328,136.25,136.41000366210938,6773400
2020-12-10,136.52000427246094,136.9199981689453,135.0399932861328,135.50999450683594,6800500
2020-12-11,134.4600067138672,136.8000030517578,134.1999969482422,136.50999450683594,6548000
2020-12-14,137.02000427246094,137.92999267578125,135.77000427246094,135.85000610351562,6485300
2020-12-15,136.38999938964844,137.5399932861328,136.24000549316406,136.64999389648438,5397000
2020-12-16,136.7100067138672,138.27000427246094,136.7100067138672,137.27000427246094,5382500
2020-12-17,138.00999450683594,139.1199951171875,137.9499969482422,138.25,7405300
2020-12-18,138.25999450683594,140.07000732421875,137.4499969482422,139.0399932861328,19988800
2020-12-21,137.9600067138672,138.42999267578125,136.22000122070312,137.52000427246094,6732400
2020-12-22,137.2899932861328,138.07000732421875,136.3800048828125,136.5500030517578,5023100
2020-12-23,137.38999938964844,137.5500030517578,136.1300048828125,136.33999633789062,6004200
2020-12-24,136.1999969482422,138.1300048828125,136.1999969482422,137.72000122070312,2588200
2020-12-28,138.14999389648438,139.38999938964844,137.9499969482422,138.67999267578125,3714700
2020-12-29,139.22000122070312,139.94000244140625,138.1999969482422,138.4199981689453,5139300
2020-12-30,138.60000610351562,138.9199981689453,137.5500030517578,137.77000427246094,3261400
2020-12-31,138.30999755859375,139.2899932861328,137.38999938964844,139.13999938964844,4076400
2021-01-04,139.66000366210938,139.86000061035156,136.35000610351562,137.82000732421875,8330900
2021-01-05,137.99000549316406,138.9199981689453,136.27000427246094,138.6999969482422,6856400
2021-01-06,138.77000427246094,141.0399932861328,138.60000610351562,140.16000366210938,10578000
2021-01-07,139.75,140.1300048828125,138.0399932861328,138.85000610351562,7355400
2021-01-08,138.47000122070312,139.05999755859375,137.0,138.7899932861328,7448500
2021-01-11,138.75,139.44000244140625,137.60000610351562,137.85000610351562,7239900
2021-01-12,137.85000610351562,138.25,136.24000549316406,137.0500030517578,6333500
2021-01-13,137.10000610351562,138.07000732421875,137.10000610351562,137.25999450683594,6078800
2021-01-14,137.42999267578125,137.64999389648438,135.27999877929688,135.8000030517578,6172800
2021-01-15,135.25,136.1999969482422,134.66000366210938,134.77999877929688,7757600
2021-01-19,135.6999969482422,136.36000061035156,133.55999755859375,133.60000610351562,9184900
2021-01-20,132.52999877929688,133.8000030517578,131.25999450683594,131.92999267578125,12506600
2021-01-21,130.64999389648438,131.99000549316406,130.50999450683594,131.00999450683594,8761600
2021-01-22,131.02000427246094,131.47000122070312,129.99000549316406,130.0,7202800
2021-01-25,129.9499969482422,133.0,129.89999389648438,132.24000549316406,9640000
2021-01-26,132.25,133.47000122070312,131.42999267578125,133.08999633789062,5996700
2021-01-27,132.38999938964844,133.10000610351562,127.69999694824219,128.3800048828125,10826700
2021-01-28,127.83999633789062,131.64999389648438,127.44000244140625,130.36000061035156,8242000
2021-01-29,130.19000244140625,130.2899932861328,128.07000732421875,128.2100067138672,8344100
2021-02-01,129.0,129.66000366210938,128.1999969482422,128.97000122070312,6534200
2021-02-02,129.60000610351562,130.72000122070312,128.69000244140625,128.7899932861328,6825600
2021-02-03,128.9499969482422,129.1999969482422,127.75,128.9499969482422,7309400
2021-02-04,129.3800048828125,129.4600067138672,128.5800018310547,129.02999877929688,6613700
2021-02-05,129.1199951171875,130.10000610351562,129.02999877929688,129.57000732421875,5063700
2021-02-08,129.92999267578125,130.10000610351562,128.11000061035156,129.1699981689453,7011200
2021-02-09,129.4600067138672,129.94000244140625,128.22999572753906,128.6699981689453,5917800
2021-02-10,128.75,129.16000366210938,127.95999908447266,128.22000122070312,8594100
2021-02-11,128.5399932861328,129.3300018310547,128.2100067138672,128.3300018310547,6139200
2021-02-12,128.0,128.1300048828125,126.58000183105469,127.62000274658203,8407300
2021-02-16,127.97000122070312,128.1699981689453,126.98999786376953,127.91999816894531,8246000
2021-02-17,127.19000244140625,129.49000549316406,127.11000061035156,128.4600067138672,8845200
2021-02-18,127.80999755859375,129.85000610351562,127.58999633789062,129.52999877929688,6936400
2021-02-19,129.35000610351562,129.44000244140625,127.0199966430664,127.12000274658203,8277900
2021-02-22,126.79000091552734,127.23999786376953,126.37999725341797,126.58000183105469,6975500
2021-02-23,127.77999877929688,129.92999267578125,127.19000244140625,127.5199966430664,10145300
2021-02-24,127.3499984741211,128.24000549316406,126.91000366210938,127.66000366210938,7263000
2021-02-25,127.48999786376953,128.99000549316406,126.29000091552734,126.58000183105469,7790800
2021-02-26,126.54000091552734,126.93000030517578,121.81999969482422,123.52999877929688,17718800
2021-03-01,124.16000366210938,125.48999786376953,124.0,124.29000091552734,7740200
2021-03-02,123.87000274658203,124.86000061035156,123.43000030517578,123.9000015258789,10206500
2021-03-03,123.7699966430664,124.19999694824219,122.79000091552734,123.16000366210938,7537000
2021-03-04,123.0999984741211,124.7699966430664,121.54000091552734,122.1500015258789,10228100
2021-03-05,122.76000213623047,126.33000183105469,122.55000305175781,125.9800033569336,10490900
2021-03-08,125.76000213623047,128.89999389648438,125.31999969482422,127.30999755859375,9224700
2021-03-09,127.6500015258789,128.9199981689453,126.05999755859375,126.18000030517578,8859700
2021-03-10,126.1500015258789,128.4199981689453,125.47000122070312,127.33999633789062,9070900
2021-03-11,127.12999725341797,127.8499984741211,126.72000122070312,126.91000366210938,6941500
2021-03-12,127.6500015258789,128.82000732421875,127.6500015258789,128.13999938964844,6521900
2021-03-15,128.38999938964844,129.0399932861328,127.19000244140625,128.55999755859375,7172600
2021-03-16,128.50999450683594,129.97999572753906,128.50999450683594,128.94000244140625,6485200
2021-03-17,129.11000061035156,129.83999633789062,128.35000610351562,128.4199981689453,6192900
2021-03-18,128.2100067138672,129.0399932861328,127.04000091552734,128.6999969482422,6871300
2021-03-19,129.10000610351562,129.74000549316406,127.9000015258789,128.00999450683594,20262100
2021-03-22,128.00999450683594,130.88999938964844,128.00999450683594,130.17999267578125,8077600
2021-03-23,130.41000366210938,133.2899932861328,129.99000549316406,132.60000610351562,9503800
2021-03-24,130.94000244140625,133.13999938964844,130.6199951171875,132.55999755859375,8318000
2021-03-25,133.08999633789062,133.6199951171875,132.0500030517578,133.47999572753906,7517300
2021-03-26,133.22000122070312,135.61000061035156,132.47999572753906,135.4499969482422,10821200
2021-03-29,135.0,137.60000610351562,135.0,137.57000732421875,11176000
2021-03-30,136.61000061035156,137.0,135.13999938964844,135.4499969482422,8090600
2021-03-31,135.67999267578125,136.75,135.25999450683594,135.42999267578125,9202600
2021-04-01,135.0500030517578,135.47999572753906,133.3300018310547,134.27999877929688,9117800
2021-04-05,134.9600067138672,137.25,134.72999572753906,136.4499969482422,8279100
2021-04-06,136.0,137.02000427246094,135.63999938964844,136.5,6180600
2021-04-07,137.1199951171875,137.3300018310547,136.25,136.74000549316406,10244500
2021-04-08,136.89999389648438,137.6300048828125,136.58999633789062,137.25999450683594,6190300
2021-04-09,136.50999450683594,137.27000427246094,135.55999755859375,136.3699951171875,5855400
2021-04-12,136.5,137.0399932861328,135.7100067138672,136.9199981689453,6440900
2021-04-13,136.02000427246094,136.38999938964844,134.83999633789062,135.11000061035156,9161200
2021-04-14,135.52000427246094,135.7899932861328,134.5800018310547,135.60000610351562,7584000
2021-04-15,135.97000122070312,137.75999450683594,135.8699951171875,137.24000549316406,7945300
2021-04-16,137.61000061035156,137.89999389648438,136.8800048828125,137.25,7708500
2021-04-19,136.94000244140625,137.0800018310547,135.38999938964844,136.61000061035156,9149400
2021-04-20,134.83999633789062,138.58999633789062,133.52999877929688,137.75,10040500
2021-04-21,137.88999938964844,138.57000732421875,136.60000610351562,136.85000610351562,8465900
2021-04-22,135.3699951171875,135.7899932861328,134.05999755859375,134.6300048828125,7338300
2021-04-23,134.92999267578125,135.0800018310547,133.25,133.94000244140625,6708300
2021-04-26,133.49000549316406,133.75999450683594,131.1699981689453,131.25999450683594,9910600
2021-04-27,131.24000549316406,131.88999938964844,130.2899932861328,131.17999267578125,8296800
2021-04-28,131.7100067138672,131.85000610351562,130.8800048828125,131.39999389648438,6262800
2021-04-29,131.30999755859375,132.99000549316406,131.30999755859375,132.50999450683594,6786800
2021-04-30,132.75,133.6699981689453,132.25999450683594,133.4199981689453,9188600
2021-05-03,134.02999877929688,135.67999267578125,134.02999877929688,135.0,8070300
2021-05-04,134.97999572753906,135.8300018310547,134.2100067138672,134.5399932861328,9624000
2021-05-05,134.3699951171875,134.97000122070312,133.3699951171875,133.4600067138672,8295900
2021-05-06,134.00999450683594,135.3699951171875,133.9199981689453,135.13999938964844,9771100
2021-05-07,135.0800018310547,136.02999877929688,134.75999450683594,135.14999389648438,6299100
2021-05-10,135.88999938964844,138.4199981689453,135.69000244140625,137.6699981689453,8852700
2021-05-11,138.49000549316406,138.7899932861328,136.47000122070312,136.99000549316406,10973700
2021-05-12,136.49000549316406,137.0,135.49000549316406,135.5399932861328,8853700
2021-05-13,135.88999938964844,138.52999877929688,135.38999938964844,137.72000122070312,8753600
2021-05-14,137.6699981689453,139.10000610351562,137.6699981689453,138.00999450683594,5989500
2021-05-17,137.97000122070312,139.07000732421875,137.61000061035156,137.72999572753906,7690700
2021-05-18,136.4600067138672,137.8300018310547,136.14999389648438,136.32000732421875,9239100
2021-05-19,136.05999755859375,136.8300018310547,135.58999633789062,136.60000610351562,9806800
2021-05-20,136.7899932861328,138.7100067138672,136.72000122070312,138.0,8768200
2021-05-21,138.1999969482422,138.94000244140625,137.77999877929688,138.0,10161000
2021-05-24,138.0,138.8000030517578,137.72999572753906,137.9600067138672,6981300
2021-05-25,138.0500030517578,138.47999572753906,136.75,138.42999267578125,8142400
2021-05-26,138.7899932861328,138.86000061035156,137.8699951171875,138.1199951171875,8122900
2021-05-27,138.1199951171875,138.27999877929688,134.66000366210938,134.97999572753906,33095700
2021-05-28,135.14999389648438,136.1300048828125,134.63999938964844,134.85000610351562,10477100
2021-06-01,135.7899932861328,136.0,132.47999572753906,132.8800048828125,9993900
2021-06-02,133.0,133.6300048828125,132.52000427246094,133.4600067138672,8254100
2021-06-03,133.22999572753906,135.91000366210938,133.1999969482422,135.85000610351562,11249800
2021-06-04,135.6999969482422,136.6199951171875,135.39999389648438,135.9499969482422,6894400
2021-06-07,136.36000061035156,136.83999633789062,135.67999267578125,136.4199981689453,8418000
2021-06-08,136.67999267578125,136.75,134.75,134.83999633789062,6911500
2021-06-09,135.5500030517578,136.44000244140625,134.74000549316406,134.7899932861328,6200700
2021-06-10,135.02000427246094,136.35000610351562,134.6199951171875,135.7899932861328,6515500
2021-06-11,135.75,135.8699951171875,133.89999389648438,134.86000061035156,10641400
2021-06-14,134.97999572753906,135.02999877929688,133.9600067138672,134.91000366210938,6302000
2021-06-15,135.1999969482422,135.63999938964844,134.5500030517578,134.64999389648438,5543400
2021-06-16,135.17999267578125,135.5800018310547,132.64999389648438,132.77999877929688,8936400
2021-06-17,132.82000732421875,134.16000366210938,132.64999389648438,133.99000549316406,7875600
2021-06-18,133.33999633789062,133.35000610351562,131.94000244140625,132.02999877929688,13997600
2021-06-21,132.69000244140625,133.25999450683594,132.39999389648438,133.07000732421875,8014800
2021-06-22,133.0399932861328,134.02000427246094,132.8800048828125,133.1199951171875,6550900
2021-06-23,132.9499969482422,133.36000061035156,132.32000732421875,132.92999267578125,5796000
2021-06-24,132.9499969482422,133.30999755859375,132.6999969482422,133.02000427246094,6056700
2021-06-25,133.25999450683594,135.5399932861328,132.9499969482422,134.9199981689453,24504900
2021-06-28,134.89999389648438,136.16000366210938,134.75999450683594,135.32000732421875,6065400
2021-06-29,135.50999450683594,135.8300018310547,133.82000732421875,134.39999389648438,5792300
2021-06-30,134.5800018310547,135.2899932861328,134.2899932861328,134.92999267578125,5776600
2021-07-01,135.42999267578125,136.13999938964844,134.9199981689453,135.24000549316406,5922300
2021-07-02,135.60000610351562,136.63999938964844,135.4199981689453,135.89999389648438,5572000
2021-07-06,135.52000427246094,136.3000030517578,135.36000061035156,135.97999572753906,6534400
2021-07-07,136.02999877929688,137.58999633789062,136.02999877929688,137.0,5532700
2021-07-08,136.99000549316406,137.39999389648438,135.88999938964844,136.97999572753906,7585200
2021-07-09,137.24000549316406,137.64999389648438,136.83999633789062,137.02999877929688,5948700
2021-07-12,136.89999389648438,137.47000122070312,136.42999267578125,137.13999938964844,6807300
2021-07-13,136.38999938964844,137.57000732421875,136.38999938964844,136.97000122070312,5603800
2021-07-14,137.00999450683594,138.22999572753906,136.3699951171875,137.97999572753906,5903600
2021-07-15,138.00999450683594,139.25999450683594,137.6999969482422,139.16000366210938,7357100
2021-07-16,139.3000030517578,140.77999877929688,139.11000061035156,140.50999450683594,9346300
2021-07-19,140.32000732421875,141.8699951171875,138.80999755859375,140.44000244140625,9544100
2021-07-20,140.44000244140625,141.97999572753906,139.63999938964844,139.69000244140625,8136300
2021-07-21,139.9499969482422,140.1999969482422,138.99000549316406,139.1999969482422,6954700
2021-07-22,137.2899932861328,138.3300018310547,136.7100067138672,137.8000030517578,6013800
2021-07-23,137.47999572753906,139.97999572753906,137.0800018310547,139.7899932861328,7906000
2021-07-26,139.6199951171875,140.82000732421875,139.22000122070312,140.27999877929688,5925800
2021-07-27,140.14999389648438,141.6199951171875,140.0,140.85000610351562,7075400
2021-07-28,140.6699981689453,140.6699981689453,138.7100067138672,138.75999450683594,8520000
2021-07-29,139.75999450683594,140.17999267578125,138.72999572753906,139.47999572753906,5430500
2021-07-30,142.0,144.5399932861328,141.5500030517578,142.22999572753906,14394300
2021-08-02,141.77000427246094,142.42999267578125,140.8000030517578,141.8800048828125,7009500
2021-08-03,141.86000061035156,144.2100067138672,141.52000427246094,143.9499969482422,8455700
2021-08-04,143.0399932861328,144.08999633789062,142.35000610351562,142.42999267578125,6628000
2021-08-05,143.35000610351562,143.5500030517578,141.47000122070312,142.5,5363300
2021-08-06,143.02999877929688,143.1199951171875,141.22000122070312,141.41000366210938,6030100
2021-08-09,141.9499969482422,142.58999633789062,141.6999969482422,142.17999267578125,4743800
2021-08-10,141.91000366210938,142.50999450683594,141.66000366210938,142.27000427246094,5253500
2021-08-11,142.74000549316406,143.24000549316406,142.47000122070312,142.6199951171875,4205000
2021-08-12,143.14999389648438,143.14999389648438,142.35000610351562,142.9499969482422,4956100
2021-08-13,142.9499969482422,143.99000549316406,142.69000244140625,143.63999938964844,4888800
2021-08-16,143.6699981689453,144.69000244140625,143.3800048828125,144.63999938964844,6040800
2021-08-17,144.39999389648438,145.60000610351562,143.88999938964844,144.8800048828125,7577000
2021-08-18,144.6999969482422,144.8800048828125,143.17999267578125,143.3000030517578,7162000
2021-08-19,143.16000366210938,145.27999877929688,143.16000366210938,144.99000549316406,5787200
2021-08-20,145.25,145.97999572753906,144.77999877929688,145.08999633789062,5273800
2021-08-23,144.2899932861328,145.33999633789062,144.22999572753906,144.35000610351562,4522200
2021-08-24,144.00999450683594,144.14999389648438,142.97999572753906,143.17999267578125,4560400
2021-08-25,143.07000732421875,143.1300048828125,142.25,142.6699981689453,3861500
2021-08-26,142.55999755859375,142.7100067138672,141.47000122070312,142.4199981689453,4749400
2021-08-27,142.47999572753906,142.77000427246094,141.63999938964844,142.30999755859375,4741200
2021-08-30,142.60000610351562,142.99000549316406,142.0500030517578,142.92999267578125,3845800
2021-08-31,143.0399932861328,143.52999877929688,142.0500030517578,142.38999938964844,9642400
2021-09-01,142.3300018310547,144.19000244140625,142.22999572753906,143.83999633789062,6214200
2021-09-02,143.97000122070312,144.72999572753906,143.5800018310547,143.9499969482422,5392500
2021-09-03,143.75999450683594,144.3699951171875,143.52000427246094,144.0500030517578,5466400
2021-09-07,144.32000732421875,144.5,143.2899932861328,143.50999450683594,6520600
2021-09-08,143.0800018310547,144.94000244140625,143.00999450683594,144.60000610351562,6897800
2021-09-09,144.57000732421875,144.8800048828125,143.64999389648438,143.99000549316406,6354700
2021-09-10,144.05999755859375,144.4600067138672,143.32000732421875,144.1300048828125,5750000
2021-09-13,144.85000610351562,147.22999572753906,144.85000610351562,145.67999267578125,9952500
2021-09-14,146.1300048828125,146.36000061035156,144.9499969482422,145.42999267578125,5831800
2021-09-15,145.35000610351562,145.77000427246094,144.74000549316406,145.1199951171875,6237100
2021-09-16,144.83999633789062,145.19000244140625,142.82000732421875,144.11000061035156,6142100
2021-09-17,144.3699951171875,146.27999877929688,144.22999572753906,144.33999633789062,18737400
2021-09-20,144.22000122070312,144.85000610351562,141.97000122070312,142.88999938964844,10238700
2021-09-21,142.97999572753906,144.52999877929688,142.8800048828125,143.11000061035156,6651300
2021-09-22,143.82000732421875,144.35000610351562,142.86000061035156,143.60000610351562,6332500
2021-09-23,144.05999755859375,144.69000244140625,143.49000549316406,144.19000244140625,5171200
2021-09-24,143.8000030517578,144.4499969482422,143.08999633789062,143.5500030517578,5009400
2021-09-27,143.14999389648438,143.1699981689453,141.52000427246094,141.66000366210938,5749700
2021-09-28,141.0500030517578,141.3699951171875,139.55999755859375,140.58999633789062,7015300
2021-09-29,140.27000427246094,142.67999267578125,140.17999267578125,142.02000427246094,5460000
2021-09-30,142.63999938964844,142.74000549316406,139.52999877929688,139.8000030517578,6934900
2021-10-01,139.92999267578125,140.22999572753906,138.32000732421875,139.5800018310547,5587200
2021-10-04,139.38999938964844,140.39999389648438,137.60000610351562,138.7899932861328,5816000
2021-10-05,138.8000030517578,140.52000427246094,138.72000122070312,139.3300018310547,6902700
2021-10-06,138.99000549316406,141.25999450683594,138.6199951171875,141.19000244140625,5332900
2021-10-07,141.75,143.02999877929688,141.75,142.32000732421875,5334600
2021-10-08,142.2899932861328,142.6199951171875,141.0399932861328,141.72999572753906,6131800
2021-10-11,142.3699951171875,142.77000427246094,141.77000427246094,142.32000732421875,5995600
2021-10-12,142.60000610351562,143.0399932861328,141.6999969482422,142.11000061035156,6734800
2021-10-13,142.39999389648438,142.75999450683594,141.02999877929688,142.44000244140625,5689800
2021-10-14,142.8300018310547,144.30999755859375,142.80999755859375,144.0500030517578,6777800
2021-10-15,144.52000427246094,144.8699951171875,143.67999267578125,144.4199981689453,6923700
2021-10-18,143.5500030517578,143.6999969482422,142.10000610351562,142.33999633789062,9119000
2021-10-19,139.0800018310547,140.82000732421875,138.8000030517578,140.66000366210938,9555300
2021-10-20,140.14999389648438,141.9600067138672,139.85000610351562,141.2100067138672,7352700
2021-10-21,140.86000061035156,141.16000366210938,139.17999267578125,139.3300018310547,6545500
2021-10-22,139.38999938964844,141.00999450683594,139.32000732421875,140.8300018310547,5265000
2021-10-25,140.41000366210938,140.9199981689453,139.0500030517578,140.85000610351562,5382100
2021-10-26,141.6199951171875,143.17999267578125,141.24000549316406,142.85000610351562,6234900
2021-10-27,143.13999938964844,143.67999267578125,141.69000244140625,141.8300018310547,9643500
2021-10-28,141.88999938964844,142.8800048828125,141.7100067138672,142.67999267578125,4538500
2021-10-29,142.16000366210938,143.47999572753906,142.02000427246094,142.99000549316406,6239500
2021-11-01,143.36000061035156,143.8000030517578,142.49000549316406,142.63999938964844,5038900
2021-11-02,142.72000122070312,144.5800018310547,142.27999877929688,144.05999755859375,9954300
2021-11-03,144.1300048828125,145.11000061035156,143.52000427246094,145.0500030517578,7620100
2021-11-04,142.83999633789062,145.38999938964844,142.33999633789062,145.32000732421875,6402500
2021-11-05,145.44000244140625,146.3699951171875,144.8000030517578,146.0399932861328,6062700
2021-11-08,145.5,146.10000610351562,144.02000427246094,144.9499969482422,5854400
2021-11-09,145.02999877929688,145.8300018310547,144.5800018310547,145.38999938964844,4873100
2021-11-10,145.74000549316406,147.30999755859375,145.58999633789062,146.82000732421875,7334900
2021-11-11,146.86000061035156,146.97000122070312,146.2100067138672,146.39999389648438,4096300
2021-11-12,146.74000549316406,147.0800018310547,145.97999572753906,146.55999755859375,5687400
2021-11-15,147.02999877929688,147.75,146.47000122070312,147.39999389648438,5510200
2021-11-16,147.38999938964844,148.58999633789062,147.00999450683594,147.19000244140625,7603900
2021-11-17,146.97000122070312,147.77999877929688,146.4199981689453,147.10000610351562,4900200
2021-11-18,147.0399932861328,148.0800018310547,146.50999450683594,147.1199951171875,5509300
2021-11-19,147.9499969482422,148.22999572753906,146.7899932861328,146.82000732421875,6274300
2021-11-22,146.97000122070312,148.94000244140625,146.8300018310547,147.8000030517578,6625400
2021-11-23,147.8300018310547,149.5,147.6699981689453,149.44000244140625,7912800
2021-11-24,148.77000427246094,148.8800048828125,147.67999267578125,148.66000366210938,5665200
2021-11-26,148.5800018310547,149.72000122070312,147.30999755859375,147.47000122070312,6299800
2021-11-29,147.7899932861328,149.66000366210938,146.7899932861328,149.02000427246094,7113300
2021-11-30,147.80999755859375,148.5399932861328,144.1199951171875,144.5800018310547,11696400
2021-12-01,144.85000610351562,147.8699951171875,144.85000610351562,146.39999389648438,8313500
2021-12-02,147.00999450683594,148.4600067138672,146.94000244140625,147.25999450683594,9468800
2021-12-03,148.02000427246094,150.0,147.66000366210938,149.8800048828125,11200800
2021-12-06,150.19000244140625,152.38999938964844,150.19000244140625,152.14999389648438,11935100
2021-12-07,151.9499969482422,152.5800018310547,151.27000427246094,151.75,7913400
2021-12-08,151.6699981689453,152.66000366210938,150.27999877929688,152.42999267578125,8329300
2021-12-09,152.30999755859375,154.19000244140625,151.60000610351562,153.32000732421875,8334300
2021-12-10,153.85000610351562,155.8000030517578,153.42999267578125,155.4600067138672,7172300
2021-12-13,155.3000030517578,158.3300018310547,154.91000366210938,157.6699981689453,8944000
2021-12-14,157.89999389648438,158.6300048828125,156.66000366210938,158.25,8677500
2021-12-15,157.63999938964844,159.63999938964844,157.63999938964844,158.86000061035156,9152600
2021-12-16,158.72999572753906,161.32000732421875,158.4199981689453,161.11000061035156,10852900
2021-12-17,160.66000366210938,161.72000122070312,157.30999755859375,157.4600067138672,24349400
2021-12-20,156.60000610351562,158.4600067138672,156.57000732421875,157.86000061035156,9202600
2021-12-21,157.64999389648438,158.14999389648438,156.7899932861328,157.75999450683594,6946000
2021-12-22,157.77000427246094,159.5800018310547,157.27000427246094,159.32000732421875,6626300
2021-12-23,159.5,160.9199981689453,159.44000244140625,160.10000610351562,5640900
2021-12-27,160.6699981689453,161.99000549316406,160.61000061035156,161.97000122070312,4548600
2021-12-28,161.9600067138672,163.3800048828125,161.94000244140625,162.83999633789062,5929400
2021-12-29,163.2100067138672,164.97999572753906,163.0800018310547,164.19000244140625,5346100
2021-12-30,164.39999389648438,164.58999633789062,162.61000061035156,162.77000427246094,5911500
2021-12-31,162.86000061035156,163.72999572753906,162.4600067138672,163.5800018310547,5327000
2022-01-03,161.69000244140625,162.94000244140625,159.8800048828125,162.89999389648438,9317300
2022-01-04,162.2899932861328,164.38999938964844,162.17999267578125,163.47000122070312,9253800
2022-01-05,163.44000244140625,165.32000732421875,163.39999389648438,164.2100067138672,9330200
2022-01-06,164.33999633789062,165.1999969482422,162.61000061035156,162.8300018310547,7556000
2022-01-07,163.1300048828125,163.52999877929688,161.9499969482422,162.74000549316406,6098500
2022-01-10,162.50999450683594,163.1199951171875,160.1699981689453,160.52000427246094,8055000
2022-01-11,160.22000122070312,160.22000122070312,156.91000366210938,158.66000366210938,11957900
2022-01-12,158.25999450683594,159.36000061035156,157.8300018310547,159.00999450683594,7127500
2022-01-13,159.30999755859375,159.4499969482422,157.77999877929688,158.2899932861328,6551000
2022-01-14,158.07000732421875,160.49000549316406,157.55999755859375,159.80999755859375,10708000
2022-01-18,158.52999877929688,158.52999877929688,156.0399932861328,156.72999572753906,10988400
2022-01-19,157.61000061035156,164.19000244140625,156.97000122070312,162.0,14088300
2022-01-20,160.1199951171875,164.3300018310547,160.1199951171875,162.0,10799100
2022-01-21,163.0,165.35000610351562,162.10000610351562,162.6199951171875,10900400
2022-01-24,163.42999267578125,164.1199951171875,158.72000122070312,161.3000030517578,14838100
2022-01-25,160.4499969482422,161.3000030517578,157.88999938964844,159.5399932861328,9369600
2022-01-26,157.33999633789062,159.57000732421875,156.3800048828125,158.14999389648438,10707100
2022-01-27,158.72999572753906,161.35000610351562,158.5800018310547,159.1300048828125,9083000
2022-01-28,158.61000061035156,160.9499969482422,157.32000732421875,160.5,9494200
2022-01-31,159.35000610351562,160.64999389648438,158.8699951171875,160.4499969482422,8950100
2022-02-01,160.7899932861328,161.3000030517578,157.72999572753906,159.74000549316406,6284100
2022-02-02,160.13999938964844,162.83999633789062,159.47000122070312,162.60000610351562,7558800
2022-02-03,161.97999572753906,164.97999572753906,161.6199951171875,164.13999938964844,10474500
2022-02-04,163.1300048828125,164.49000549316406,161.41000366210938,161.52999877929688,8959900
2022-02-07,161.8699951171875,162.25999450683594,159.6699981689453,160.32000732421875,6430500
2022-02-08,161.1199951171875,161.27000427246094,159.64999389648438,159.9600067138672,5048700
2022-02-09,160.36000061035156,160.63999938964844,159.27000427246094,159.60000610351562,8077400
2022-02-10,159.08999633789062,159.5,156.64999389648438,157.1699981689453,7033000
2022-02-11,158.00999450683594,158.5800018310547,155.5800018310547,156.2899932861328,9341400
2022-02-14,156.13999938964844,157.05999755859375,153.36000061035156,156.74000549316406,9472200
2022-02-15,157.77000427246094,159.32000732421875,156.11000061035156,156.82000732421875,6659200
2022-02-16,156.8300018310547,158.77999877929688,156.27000427246094,158.00999450683594,9315700
2022-02-17,158.3800048828125,160.3800048828125,157.35000610351562,159.82000732421875,7925500
2022-02-18,159.5,161.05999755859375,158.82000732421875,159.89999389648438,8063200
2022-02-22,160.11000061035156,160.8800048828125,156.66000366210938,157.92999267578125,8179500
2022-02-23,158.3000030517578,158.60000610351562,155.60000610351562,155.9600067138672,6273000
2022-02-24,155.63999938964844,155.97999572753906,150.55999755859375,151.75999450683594,13145100
2022-02-25,152.3300018310547,158.94000244140625,152.25,158.24000549316406,8888800
2022-02-28,156.2899932861328,157.19000244140625,153.82000732421875,155.88999938964844,8669200
2022-03-01,154.30999755859375,155.39999389648438,152.33999633789062,153.30999755859375,8311900
2022-03-02,152.9600067138672,155.0800018310547,152.60000610351562,153.7899932861328,6111300
2022-03-03,153.77000427246094,155.86000061035156,153.77000427246094,154.36000061035156,7451200
2022-03-04,153.1199951171875,155.35000610351562,152.5500030517578,155.13999938964844,8639100
2022-03-07,154.49000549316406,154.52000427246094,151.13999938964844,152.83999633789062,8374500
2022-03-08,152.17999267578125,152.9499969482422,146.5800018310547,146.7899932861328,9517200
2022-03-09,148.8300018310547,150.47000122070312,147.80999755859375,148.77000427246094,7044100
2022-03-10,147.8000030517578,148.27999877929688,143.94000244140625,144.94000244140625,9221000
2022-03-11,145.39999389648438,146.16000366210938,143.02999877929688,143.22000122070312,7086100
2022-03-14,144.4499969482422,146.0399932861328,143.35000610351562,145.0500030517578,7964600
2022-03-15,147.00999450683594,150.5399932861328,146.88999938964844,150.27000427246094,9868400
2022-03-16,150.6300048828125,151.7899932861328,148.0399932861328,149.75999450683594,6908900
2022-03-17,149.99000549316406,150.47000122070312,148.5,150.22999572753906,6003800
2022-03-18,150.8699951171875,150.8699951171875,148.24000549316406,150.14999389648438,15570300
2022-03-21,150.44000244140625,151.4199981689453,149.24000549316406,150.72000122070312,6937500
2022-03-22,153.42999267578125,153.60000610351562,150.52000427246094,151.8800048828125,7292100
2022-03-23,152.1999969482422,153.00999450683594,150.69000244140625,150.82000732421875,5531900
2022-03-24,150.88999938964844,151.55999755859375,150.16000366210938,151.0800018310547,4203100
2022-03-25,151.6300048828125,153.9199981689453,151.50999450683594,152.8300018310547,5047700
2022-03-28,153.63999938964844,153.89999389648438,152.6300048828125,153.8800048828125,4234000
2022-03-29,155.3699951171875,156.47000122070312,154.02000427246094,155.4600067138672,5643400
2022-03-30,152.5,154.42999267578125,151.94000244140625,154.38999938964844,5779300
2022-03-31,154.10000610351562,154.33999633789062,152.39999389648438,152.8000030517578,7538600
2022-04-01,153.52000427246094,155.4600067138672,152.05999755859375,155.08999633789062,5742600
2022-04-04,153.80999755859375,154.35000610351562,151.25999450683594,154.0800018310547,5992000
2022-04-05,153.61000061035156,157.3699951171875,153.5399932861328,154.6199951171875,7653000
2022-04-06,154.4199981689453,157.2899932861328,153.94000244140625,156.8300018310547,8884700
2022-04-07,157.8699951171875,159.38999938964844,156.97000122070312,158.86000061035156,6889700
2022-04-08,159.6999969482422,160.52999877929688,158.9199981689453,160.10000610351562,6045400
2022-04-11,159.9499969482422,161.2100067138672,158.6300048828125,159.49000549316406,6158400
2022-04-12,159.30999755859375,160.6300048828125,158.6999969482422,159.00999450683594,7221500
2022-04-13,159.0800018310547,160.41000366210938,158.7100067138672,159.4600067138672,5247700
2022-04-14,159.97999572753906,160.3000030517578,158.4499969482422,158.57000732421875,7806500
2022-04-18,158.47999572753906,158.97999572753906,156.52999877929688,157.05999755859375,6034500
2022-04-19,156.77000427246094,160.02999877929688,156.3000030517578,159.41000366210938,7897000
2022-04-20,160.5,164.47999572753906,160.0,163.64999389648438,10196100
2022-04-21,163.82000732421875,164.89999389648438,162.42999267578125,162.61000061035156,9365700
2022-04-22,163.24000549316406,163.52000427246094,160.91000366210938,161.25,9394600
2022-04-25,161.6999969482422,163.2899932861328,159.8000030517578,162.5500030517578,6986800
2022-04-26,162.67999267578125,163.63999938964844,159.75,159.7899932861328,7769500
2022-04-27,160.2100067138672,161.4499969482422,159.11000061035156,159.36000061035156,6754900
2022-04-28,160.5399932861328,163.7100067138672,159.27000427246094,163.41000366210938,9306800
2022-04-29,162.47000122070312,162.9499969482422,160.1999969482422,160.5500030517578,10637000
2022-05-02,161.60000610351562,162.0,156.19000244140625,158.3800048828125,10351600
2022-05-03,158.22000122070312,158.99000549316406,155.00999450683594,156.2100067138672,10344000
2022-05-04,155.8300018310547,157.5500030517578,155.14999389648438,157.36000061035156,7771000
2022-05-05,156.3000030517578,157.2899932861328,153.13999938964844,154.4600067138672,8217100
2022-05-06,154.77000427246094,156.24000549316406,153.8699951171875,156.0,7304800
2022-05-09,153.9600067138672,156.75999450683594,152.75,155.61000061035156,8540800
2022-05-10,155.5500030517578,156.6199951171875,153.94000244140625,154.7899932861328,7447400
2022-05-11,154.02999877929688,155.89999389648438,152.35000610351562,152.61000061035156,7692200
2022-05-12,153.52000427246094,153.61000061035156,149.8800048828125,151.99000549316406,9600800
2022-05-13,152.5800018310547,153.72999572753906,150.4199981689453,153.6199951171875,5675500
2022-05-16,153.47000122070312,155.89999389648438,152.02999877929688,155.1199951171875,5971000
2022-05-17,155.1300048828125,156.75,153.07000732421875,154.67999267578125,6509100
2022-05-18,154.6699981689453,154.75999450683594,144.5399932861328,145.0399932861328,9670700
2022-05-19,143.41000366210938,143.4199981689453,140.60000610351562,141.6999969482422,9694100
2022-05-20,142.14999389648438,142.4499969482422,139.17999267578125,141.7899932861328,7786900
2022-05-23,142.83999633789062,145.6300048828125,142.0800018310547,145.0500030517578,7134500
2022-05-24,144.88999938964844,147.94000244140625,144.82000732421875,147.6300048828125,7207400
2022-05-25,147.11000061035156,147.13999938964844,143.5,145.2100067138672,8217800
2022-05-26,146.47999572753906,147.3800048828125,145.0399932861328,146.47999572753906,5702600
2022-05-27,146.97000122070312,148.72000122070312,146.6300048828125,148.72000122070312,6028800
2022-05-31,147.2899932861328,148.99000549316406,146.16000366210938,147.8800048828125,12416700
2022-06-01,148.0,148.1199951171875,144.7100067138672,145.63999938964844,7036000
2022-06-02,145.97000122070312,147.25999450683594,142.6300048828125,147.2100067138672,6479800
2022-06-03,146.36000061035156,147.2100067138672,145.1199951171875,145.88999938964844,4720700
2022-06-06,147.3699951171875,147.63999938964844,144.58999633789062,145.32000732421875,4751100
2022-06-07,143.6699981689453,147.17999267578125,143.42999267578125,146.94000244140625,4918600
2022-06-08,146.3000030517578,146.42999267578125,144.99000549316406,145.11000061035156,4369600
2022-06-09,145.41000366210938,146.88999938964844,142.33999633789062,142.49000549316406,4625700
2022-06-10,140.88999938964844,143.14999389648438,139.4499969482422,141.9499969482422,6630800
2022-06-13,139.5,140.49000549316406,137.6300048828125,138.14999389648438,8549500
2022-06-14,137.50999450683594,137.5800018310547,132.5399932861328,133.83999633789062,9980200
2022-06-15,134.44000244140625,134.89999389648438,129.5,132.50999450683594,12178100
2022-06-16,131.02999877929688,135.07000732421875,130.60000610351562,133.32000732421875,9683300
2022-06-17,132.55999755859375,134.25999450683594,131.42999267578125,132.36000061035156,17113300
2022-06-21,134.6199951171875,137.0,133.42999267578125,136.3699951171875,9017000
2022-06-22,135.67999267578125,139.69000244140625,135.6699981689453,138.5,8374500
2022-06-23,139.0500030517578,142.47999572753906,138.89999389648438,142.3000030517578,6418300
2022-06-24,144.1999969482422,145.24000549316406,143.1199951171875,144.35000610351562,19440600
2022-06-27,144.1199951171875,144.75999450683594,142.7100067138672,143.25,5618500
2022-06-28,143.5399932861328,144.08999633789062,140.5800018310547,140.9199981689453,6077300
2022-06-29,141.60000610351562,142.86000061035156,141.14999389648438,142.1999969482422,5174600
2022-06-30,141.69000244140625,144.44000244140625,141.22999572753906,143.7899932861328,7410100
2022-07-01,144.24000549316406,146.25,143.39999389648438,146.11000061035156,5937200
2022-07-05,144.5800018310547,146.10000610351562,142.5399932861328,144.6999969482422,5760900
2022-07-06,145.50999450683594,147.49000549316406,144.97000122070312,146.0500030517578,5485200
2022-07-07,145.2899932861328,146.19000244140625,144.60000610351562,146.0,6623400
2022-07-08,145.99000549316406,146.80999755859375,144.57000732421875,145.02000427246094,4294200
2022-07-11,145.14999389648438,146.5800018310547,144.67999267578125,146.0399932861328,5482900
2022-07-12,145.86000061035156,146.9199981689453,144.3699951171875,144.75,5204400
2022-07-13,144.41000366210938,146.9600067138672,144.2100067138672,145.6999969482422,5075600
2022-07-14,143.75999450683594,145.52999877929688,143.47000122070312,145.27000427246094,4867000
2022-07-15,145.33999633789062,145.6999969482422,144.10000610351562,145.07000732421875,6264600
2022-07-18,144.94000244140625,145.08999633789062,143.1699981689453,143.30999755859375,6047500
2022-07-19,144.57000732421875,145.00999450683594,143.63999938964844,144.0399932861328,5943600
2022-07-20,144.0,144.22000122070312,140.63999938964844,141.5500030517578,8635300
2022-07-21,140.60000610351562,141.36000061035156,138.9499969482422,140.77000427246094,8310200
2022-07-22,140.75999450683594,143.1699981689453,140.6699981689453,143.02000427246094,5292700
2022-07-25,142.8000030517578,144.4199981689453,142.52999877929688,143.99000549316406,5262100
2022-07-26,142.69000244140625,144.49000549316406,141.7100067138672,144.27000427246094,5375700
2022-07-27,143.8800048828125,146.2100067138672,143.52999877929688,145.63999938964844,5500000
2022-07-28,146.13999938964844,148.61000061035156,145.0800018310547,148.05999755859375,7115700
2022-07-29,141.42999267578125,142.5,138.22999572753906,138.91000366210938,18694700
2022-08-01,138.33999633789062,143.94000244140625,138.27000427246094,142.89999389648438,12590000
2022-08-02,143.11000061035156,143.72000122070312,141.77000427246094,141.9499969482422,7495000
2022-08-03,141.66000366210938,145.27000427246094,140.91000366210938,144.8800048828125,6811000
2022-08-04,144.85000610351562,146.4600067138672,144.00999450683594,144.64999389648438,6124700
2022-08-05,143.75,144.83999633789062,142.77000427246094,144.72000122070312,4580300
2022-08-08,145.02999877929688,146.47000122070312,144.72999572753906,145.27000427246094,4486800
2022-08-09,145.57000732421875,145.94000244140625,144.49000549316406,144.92999267578125,3977300
2022-08-10,145.88999938964844,146.5,145.38999938964844,146.3000030517578,4641300
2022-08-11,146.80999755859375,147.2899932861328,144.92999267578125,145.25999450683594,5954300
2022-08-12,145.91000366210938,146.72999572753906,144.9600067138672,146.6699981689453,5038700
2022-08-15,146.8699951171875,148.77000427246094,146.75,148.55999755859375,6008000
2022-08-16,148.36000061035156,150.60000610351562,148.36000061035156,149.92999267578125,7093000
2022-08-17,149.10000610351562,149.75,148.8800048828125,149.24000549316406,4834600
2022-08-18,148.8699951171875,149.99000549316406,148.52000427246094,149.77000427246094,3829000
2022-08-19,149.2100067138672,150.6300048828125,148.72000122070312,149.72999572753906,6502500
2022-08-22,148.97999572753906,150.1300048828125,148.83999633789062,149.3300018310547,6380700
2022-08-23,148.42999267578125,148.44000244140625,145.8300018310547,146.4499969482422,5268200
2022-08-24,146.61000061035156,147.25999450683594,145.1199951171875,145.82000732421875,5903200
2022-08-25,145.22999572753906,145.77999877929688,144.49000549316406,145.6999969482422,5097600
2022-08-26,146.0,146.52999877929688,142.02000427246094,142.2899932861328,6086600
2022-08-29,141.3000030517578,142.69000244140625,141.02000427246094,141.69000244140625,5272100
2022-08-30,142.41000366210938,142.41000366210938,139.91000366210938,140.17999267578125,5203700
2022-08-31,140.39999389648438,140.8800048828125,137.86000061035156,137.94000244140625,8406900
2022-09-01,137.8300018310547,139.75999450683594,136.75999450683594,139.63999938964844,7446500
2022-09-02,140.4199981689453,141.14999389648438,136.5500030517578,137.16000366210938,7077800
2022-09-06,135.8800048828125,137.94000244140625,135.2899932861328,135.6300048828125,8217200
2022-09-07,136.02999877929688,137.75999450683594,136.02000427246094,137.67999267578125,6609400
2022-09-08,137.00999450683594,138.49000549316406,136.05999755859375,137.86000061035156,7380500
2022-09-09,137.9499969482422,141.08999633789062,137.3000030517578,139.9600067138672,6434300
2022-09-12,139.41000366210938,141.8000030517578,139.11000061035156,141.10000610351562,5818700
2022-09-13,140.77999877929688,141.42999267578125,137.86000061035156,138.17999267578125,6350200
2022-09-14,138.66000366210938,139.66000366210938,137.6699981689453,138.50999450683594,6137800
2022-09-15,138.77999877929688,138.88999938964844,136.63999938964844,137.44000244140625,5320700
2022-09-16,137.44000244140625,139.05999755859375,137.11000061035156,138.27999877929688,9321500
2022-09-19,138.1999969482422,138.4600067138672,137.22999572753906,137.99000549316406,6056000
2022-09-20,137.41000366210938,137.97000122070312,136.52999877929688,137.5,5589800
2022-09-21,138.0800018310547,138.1999969482422,135.7100067138672,135.72999572753906,6413900
2022-09-22,135.74000549316406,137.07000732421875,135.24000549316406,136.2100067138672,5061600
2022-09-23,135.67999267578125,136.5,133.9499969482422,135.5800018310547,6523600
2022-09-26,135.5800018310547,136.82000732421875,134.99000549316406,135.7100067138672,7396400
2022-09-27,135.9600067138672,136.94000244140625,131.7100067138672,131.97999572753906,7722200
2022-09-28,133.02000427246094,133.02000427246094,131.19000244140625,131.97999572753906,10455100
2022-09-29,131.8699951171875,131.8699951171875,128.25999450683594,128.6999969482422,7128500
2022-09-30,129.0,129.0399932861328,126.20999908447266,126.25,9431900
2022-10-03,127.25,129.10000610351562,126.68000030517578,128.50999450683594,8477700
2022-10-04,129.10000610351562,130.8699951171875,128.6999969482422,130.10000610351562,7211600
2022-10-05,129.1999969482422,130.08999633789062,128.08999633789062,129.1999969482422,5071100
2022-10-06,128.88999938964844,129.05999755859375,126.3499984741211,126.4800033569336,5530800
2022-10-07,126.5,126.58000183105469,123.76000213623047,124.2699966430664,6095400
2022-10-10,123.37000274658203,124.25,122.18000030517578,123.76000213623047,6923300
2022-10-11,123.69000244140625,125.69999694824219,123.5999984741211,124.2300033569336,5516200
2022-10-12,124.83999633789062,125.80999755859375,124.41000366210938,124.43000030517578,6823500
2022-10-13,123.51000213623047,126.75,122.91999816894531,126.30999755859375,6910500
2022-10-14,126.75,127.0199966430664,124.7699966430664,125.08000183105469,5516800
2022-10-17,126.01000213623047,128.27999877929688,125.86000061035156,127.33999633789062,6664600
2022-10-18,129.3300018310547,130.07000732421875,127.66000366210938,128.3699951171875,7114200
2022-10-19,131.63999938964844,133.0,129.50999450683594,129.55999755859375,9993700
2022-10-20,128.6199951171875,129.77000427246094,126.68000030517578,126.98999786376953,8168000
2022-10-21,126.54000091552734,128.9499969482422,126.4800033569336,128.5800018310547,6394600
2022-10-24,129.49000549316406,130.44000244140625,128.35000610351562,129.3699951171875,6946000
2022-10-25,129.60000610351562,131.17999267578125,128.47000122070312,130.86000061035156,6776000
2022-10-26,130.64999389648438,132.57000732421875,130.39999389648438,131.77999877929688,6612800
2022-10-27,132.0,133.1199951171875,131.5,131.8800048828125,6676700
2022-10-28,133.1699981689453,135.50999450683594,132.9199981689453,135.22000122070312,6996400
2022-10-31,135.1999969482422,135.6699981689453,134.25999450683594,134.6699981689453,8346300
2022-11-01,134.6999969482422,136.27999877929688,133.83999633789062,134.8800048828125,6428300
2022-11-02,134.72000122070312,136.5399932861328,132.80999755859375,132.94000244140625,7318100
2022-11-03,131.72999572753906,132.63999938964844,130.9600067138672,132.02999877929688,5204000
2022-11-04,133.32000732421875,135.0,132.52000427246094,134.44000244140625,5555400
2022-11-07,135.35000610351562,137.19000244140625,135.05999755859375,136.5,6746800
2022-11-08,136.82000732421875,137.52000427246094,135.8000030517578,136.80999755859375,5266200
2022-11-09,136.8699951171875,137.97000122070312,136.33999633789062,136.47999572753906,5690700
2022-11-10,139.4600067138672,141.6300048828125,138.1999969482422,141.17999267578125,8068700
2022-11-11,141.1999969482422,141.6300048828125,139.11000061035156,140.97000122070312,7175200
2022-11-14,140.50999450683594,143.55999755859375,140.25999450683594,140.97999572753906,8516200
2022-11-15,142.08999633789062,143.1999969482422,139.6999969482422,140.49000549316406,7732400
2022-11-16,141.5,142.91000366210938,140.97999572753906,141.74000549316406,6193700
2022-11-17,141.11000061035156,141.69000244140625,139.86000061035156,140.8699951171875,5186300
2022-11-18,141.9199981689453,142.75999450683594,141.27000427246094,142.57000732421875,5671400
2022-11-21,143.05999755859375,145.19000244140625,142.8300018310547,144.3800048828125,6377200
2022-11-22,145.42999267578125,145.7899932861328,144.83999633789062,145.6199951171875,5372900
2022-11-23,145.89999389648438,146.6300048828125,145.57000732421875,146.4499969482422,4296000
2022-11-25,146.7899932861328,147.1999969482422,146.39999389648438,146.72000122070312,2411100
2022-11-28,146.38999938964844,147.33999633789062,146.13999938964844,146.60000610351562,6628200
2022-11-29,145.75,146.05999755859375,144.52999877929688,145.47999572753906,5634200
2022-11-30,145.64999389648438,149.16000366210938,145.1300048828125,149.16000366210938,12396800
2022-12-01,149.52999877929688,150.36000061035156,148.57000732421875,149.25,6927400
2022-12-02,148.47000122070312,150.77000427246094,148.0800018310547,150.61000061035156,4938300
2022-12-05,148.7100067138672,149.6699981689453,148.27000427246094,149.08999633789062,5402500
2022-12-06,149.72000122070312,150.0800018310547,148.27999877929688,149.27999877929688,6866700
2022-12-07,149.00999450683594,150.42999267578125,149.00999450683594,150.24000549316406,6175500
2022-12-08,149.4600067138672,151.3800048828125,149.00999450683594,151.32000732421875,5187100
2022-12-09,150.6999969482422,151.9499969482422,150.22000122070312,150.9199981689453,5868200
2022-12-12,151.22000122070312,152.55999755859375,151.0399932861328,152.47000122070312,6142400
2022-12-13,153.41000366210938,154.22999572753906,150.7899932861328,152.24000549316406,7680600
2022-12-14,152.7899932861328,154.44000244140625,152.1699981689453,152.83999633789062,7385600
2022-12-15,151.72000122070312,152.0,149.74000549316406,151.11000061035156,7117200
2022-12-16,150.36000061035156,151.07000732421875,149.02000427246094,150.44000244140625,19966400
2022-12-19,150.22000122070312,151.3800048828125,149.24000549316406,150.39999389648438,5881800
2022-12-20,149.32000732421875,150.89999389648438,149.27000427246094,150.4600067138672,5646100
2022-12-21,150.75,152.6300048828125,150.72000122070312,151.83999633789062,5024700
2022-12-22,151.1300048828125,152.41000366210938,150.8800048828125,152.19000244140625,5904900
2022-12-23,152.30999755859375,152.9199981689453,151.6699981689453,152.6199951171875,3401800
2022-12-27,152.6999969482422,154.32000732421875,152.66000366210938,153.9499969482422,4215100
2022-12-28,154.27999877929688,154.64999389648438,151.89999389648438,151.9600067138672,4197500
2022-12-29,152.80999755859375,153.24000549316406,152.13999938964844,152.58999633789062,3809100
2022-12-30,152.42999267578125,152.67999267578125,150.44000244140625,151.55999755859375,4532000
2023-01-03,150.9499969482422,151.7100067138672,149.1199951171875,151.57000732421875,6447300
2023-01-04,151.99000549316406,153.38999938964844,151.22999572753906,152.22999572753906,7313400
2023-01-05,152.2100067138672,152.47999572753906,150.1300048828125,150.33999633789062,5373800
2023-01-06,151.85000610351562,154.4600067138672,151.75,153.9199981689453,7882200
2023-01-09,153.44000244140625,154.8000030517578,152.0,152.0399932861328,5727000
2023-01-10,152.10000610351562,152.6999969482422,150.94000244140625,151.88999938964844,4716400
2023-01-11,152.32000732421875,152.55999755859375,149.35000610351562,150.66000366210938,8691300
2023-01-12,151.6999969482422,151.72999572753906,149.52000427246094,149.80999755859375,7801600
2023-01-13,149.61000061035156,151.0500030517578,149.4199981689453,150.8800048828125,5535800
2023-01-17,150.7899932861328,152.1300048828125,150.39999389648438,150.44000244140625,9611800
2023-01-18,149.66000366210938,149.92999267578125,146.0399932861328,146.41000366210938,10461200
2023-01-19,143.30999755859375,146.22000122070312,142.24000549316406,142.4199981689453,12683700
2023-01-20,142.32000732421875,143.14999389648438,140.14999389648438,142.97000122070312,8603300
2023-01-23,143.36000061035156,143.6999969482422,140.69000244140625,141.0500030517578,7473100
2023-01-24,140.69000244140625,142.3800048828125,139.80999755859375,141.82000732421875,6822500
2023-01-25,140.38999938964844,141.75,138.72999572753906,141.72000122070312,6902600
2023-01-26,141.72999572753906,141.74000549316406,140.74000549316406,141.14999389648438,5398600
2023-01-27,141.07000732421875,141.36000061035156,139.2899932861328,140.57000732421875,6870800
2023-01-30,140.9600067138672,142.1199951171875,140.27999877929688,141.00999450683594,6369300
2023-01-31,141.22999572753906,142.47000122070312,140.75999450683594,142.3800048828125,9373400
2023-02-01,142.0800018310547,144.10000610351562,141.35000610351562,143.19000244140625,7207900
2023-02-02,142.1699981689453,142.7100067138672,141.2100067138672,142.1699981689453,6444300
2023-02-03,142.77999877929688,143.3800048828125,141.1699981689453,142.61000061035156,5993100
2023-02-06,142.00999450683594,142.63999938964844,141.00999450683594,141.39999389648438,6108100
2023-02-07,139.97000122070312,140.7899932861328,138.77999877929688,140.02000427246094,6278300
2023-02-08,139.05999755859375,139.5399932861328,138.41000366210938,138.57000732421875,7123800
2023-02-09,138.8800048828125,139.3300018310547,137.0,137.0500030517578,6547400
2023-02-10,136.9499969482422,138.3000030517578,135.8300018310547,138.25999450683594,8108900
2023-02-13,138.94000244140625,140.4499969482422,138.74000549316406,140.07000732421875,5081600
2023-02-14,140.13999938964844,140.24000549316406,138.6199951171875,139.27999877929688,5253500
2023-02-15,139.11000061035156,139.32000732421875,138.07000732421875,138.9600067138672,5530300
2023-02-16,137.38999938964844,138.1999969482422,136.5500030517578,137.13999938964844,7595700
2023-02-17,136.58999633789062,140.0399932861328,136.58999633789062,140.00999450683594,8034700
2023-02-21,138.8699951171875,140.88999938964844,138.8699951171875,139.91000366210938,6899500
2023-02-22,139.97999572753906,141.5800018310547,139.8800048828125,140.5,6126300
2023-02-23,140.22999572753906,141.13999938964844,139.10000610351562,140.0500030517578,5835400
2023-02-24,138.92999267578125,139.42999267578125,138.0800018310547,139.25999450683594,5260700
2023-02-27,139.61000061035156,140.47000122070312,138.52999877929688,139.13999938964844,5820900
2023-02-28,138.4499969482422,138.58999633789062,137.27999877929688,137.55999755859375,6709900
2023-03-01,138.0500030517578,138.3300018310547,136.50999450683594,137.66000366210938,7101800
2023-03-02,138.0,140.42999267578125,137.77999877929688,139.92999267578125,5924600
2023-03-03,141.19000244140625,141.24000549316406,139.97000122070312,140.9499969482422,5259400
2023-03-06,140.72999572753906,141.13999938964844,139.94000244140625,140.35000610351562,4943100
2023-03-07,140.42999267578125,140.6199951171875,137.33999633789062,137.55999755859375,5606800
2023-03-08,137.1999969482422,137.69000244140625,136.60000610351562,137.5800018310547,5518800
2023-03-09,138.14999389648438,138.55999755859375,136.10000610351562,136.57000732421875,4467200
2023-03-10,136.9499969482422,137.99000549316406,136.35000610351562,137.19000244140625,5928000
2023-03-13,137.0399932861328,141.32000732421875,137.0399932861328,138.13999938964844,8337100
2023-03-14,138.2899932861328,140.11000061035156,137.39999389648438,139.85000610351562,9219700
2023-03-15,138.80999755859375,142.14999389648438,138.80999755859375,141.8300018310547,8823500
2023-03-16,141.94000244140625,143.1199951171875,141.61000061035156,142.88999938964844,7063400
2023-03-17,142.5,143.38999938964844,141.52999877929688,142.92999267578125,16018800
2023-03-20,143.5,145.39999389648438,143.22999572753906,145.1300048828125,8379200
2023-03-21,144.91000366210938,145.22999572753906,142.83999633789062,144.0800018310547,7753200
2023-03-22,144.0399932861328,145.75,143.8300018310547,143.99000549316406,5729100
2023-03-23,144.24000549316406,145.1199951171875,143.19000244140625,143.7899932861328,5788400
2023-03-24,144.3000030517578,146.75999450683594,144.3000030517578,146.72000122070312,6144800
2023-03-27,146.88999938964844,147.4199981689453,145.8699951171875,145.9499969482422,5917200
2023-03-28,146.5500030517578,146.82000732421875,145.8000030517578,146.36000061035156,4213800
2023-03-29,147.0800018310547,147.2899932861328,146.25999450683594,146.80999755859375,4987700
2023-03-30,146.9199981689453,147.5399932861328,146.3000030517578,147.4499969482422,4117700
2023-03-31,147.74000549316406,148.69000244140625,147.57000732421875,148.69000244140625,7685900
2023-04-03,148.42999267578125,150.07000732421875,147.08999633789062,149.50999450683594,5721700
2023-04-04,150.0800018310547,151.7100067138672,150.0800018310547,150.22999572753906,6714300
2023-04-05,151.3300018310547,152.35000610351562,151.14999389648438,151.25999450683594,6094800
2023-04-06,151.8699951171875,152.9600067138672,151.4199981689453,152.22000122070312,5399700
2023-04-10,151.64999389648438,151.6699981689453,149.50999450683594,150.9600067138672,4891800
2023-04-11,151.25999450683594,151.44000244140625,150.52000427246094,150.66000366210938,6311800
2023-04-12,150.30999755859375,152.41000366210938,149.92999267578125,151.07000732421875,6137900
2023-04-13,150.89999389648438,151.8699951171875,149.82000732421875,151.77000427246094,5489500
2023-04-14,151.35000610351562,151.58999633789062,150.50999450683594,151.0,4478800
2023-04-17,151.1699981689453,151.47000122070312,150.33999633789062,151.0500030517578,4296400
2023-04-18,150.97999572753906,151.58999633789062,150.10000610351562,151.2100067138672,4158400
2023-04-19,151.1699981689453,151.89999389648438,150.7100067138672,151.24000549316406,3837600
2023-04-20,150.3699951171875,151.36000061035156,150.3699951171875,150.85000610351562,5370900
2023-04-21,154.94000244140625,158.11000061035156,154.5,156.07000732421875,14876900
2023-04-24,155.22000122070312,157.25,155.22000122070312,156.35000610351562,8109800
2023-04-25,156.50999450683594,157.94000244140625,155.7899932861328,156.38999938964844,8341800
2023-04-26,155.3000030517578,156.0,154.33999633789062,154.5800018310547,4843700
2023-04-27,155.3000030517578,156.61000061035156,155.00999450683594,156.47000122070312,4805600
2023-04-28,156.27999877929688,157.3699951171875,155.75999450683594,156.3800048828125,5754700
2023-05-01,156.02999877929688,157.39999389648438,155.8000030517578,156.57000732421875,3844600
2023-05-02,156.58999633789062,156.92999267578125,155.6699981689453,156.42999267578125,5262900
2023-05-03,156.63999938964844,157.57000732421875,155.42999267578125,156.22999572753906,5775000
2023-05-04,156.10000610351562,156.60000610351562,155.08999633789062,155.50999450683594,4892600
2023-05-05,155.39999389648438,156.30999755859375,154.69000244140625,156.02999877929688,3989200
2023-05-08,155.35000610351562,155.72999572753906,154.8699951171875,155.3000030517578,4950700
2023-05-09,155.85000610351562,155.97999572753906,153.5800018310547,153.7100067138672,4472100
2023-05-10,153.4499969482422,154.32000732421875,152.44000244140625,154.02999877929688,4754900
2023-05-11,154.80999755859375,154.88999938964844,153.38999938964844,154.38999938964844,3495300
2023-05-12,154.6999969482422,156.0500030517578,154.38999938964844,155.9600067138672,5252900
2023-05-15,156.61000061035156,156.75,154.63999938964844,156.00999450683594,5414900
2023-05-16,155.8699951171875,156.9199981689453,154.92999267578125,155.74000549316406,5591500
2023-05-17,156.25999450683594,156.55999755859375,153.89999389648438,155.0800018310547,4286900
2023-05-18,153.30999755859375,153.64999389648438,151.60000610351562,152.52999877929688,6997600
2023-05-19,152.47000122070312,153.32000732421875,151.83999633789062,153.1699981689453,4754100
2023-05-22,152.5,152.60000610351562,148.8300018310547,149.16000366210938,7876200
2023-05-23,148.7899932861328,148.8800048828125,147.07000732421875,147.5500030517578,6116000
2023-05-24,147.58999633789062,148.1999969482422,146.08999633789062,146.3300018310547,5755400
2023-05-25,145.49000549316406,146.2100067138672,144.35000610351562,145.38999938964844,6510300
2023-05-26,145.3300018310547,146.00999450683594,144.72999572753906,145.39999389648438,4716400
2023-05-30,143.86000061035156,144.0399932861328,142.35000610351562,143.17999267578125,5561000
2023-05-31,143.16000366210938,143.97999572753906,141.89999389648438,142.5,19854800
2023-06-01,143.25,144.1199951171875,142.4499969482422,143.9600067138672,6091100
2023-06-02,144.50999450683594,146.67999267578125,144.38999938964844,146.52000427246094,6124400
2023-06-05,146.0500030517578,147.85000610351562,145.72999572753906,145.94000244140625,4753700
2023-06-06,146.07000732421875,146.30999755859375,143.5500030517578,144.49000549316406,4635900
2023-06-07,144.00999450683594,145.1199951171875,143.47000122070312,144.8000030517578,6194400
2023-06-08,145.33999633789062,146.64999389648438,144.9199981689453,146.44000244140625,4863700
2023-06-09,145.67999267578125,146.77999877929688,144.72999572753906,146.55999755859375,5569500
2023-06-12,147.0,147.00999450683594,144.5500030517578,145.41000366210938,5354000
2023-06-13,144.50999450683594,145.67999267578125,144.27999877929688,145.05999755859375,5321200
2023-06-14,145.30999755859375,146.88999938964844,144.8300018310547,146.4199981689453,5693300
2023-06-15,147.1699981689453,148.97000122070312,146.5399932861328,148.4499969482422,5863000
2023-06-16,148.9199981689453,150.08999633789062,148.89999389648438,149.5399932861328,11244900
2023-06-20,149.75,150.27999877929688,148.11000061035156,148.16000366210938,5340700
2023-06-21,148.25999450683594,149.60000610351562,147.8699951171875,149.44000244140625,4649700
2023-06-22,150.35000610351562,151.10000610351562,149.47999572753906,149.9499969482422,6666800
2023-06-23,150.25,150.52999877929688,147.9600067138672,148.4600067138672,13843300
2023-06-26,148.10000610351562,148.97000122070312,146.72000122070312,148.61000061035156,4353100
2023-06-27,148.44000244140625,150.1699981689453,148.38999938964844,150.02000427246094,5445400
2023-06-28,149.3300018310547,150.3000030517578,147.9600067138672,149.99000549316406,6733300
2023-06-29,148.47999572753906,149.6999969482422,147.10000610351562,149.3800048828125,7343000
2023-06-30,149.8300018310547,152.07000732421875,149.7899932861328,151.74000549316406,7058300
2023-07-03,151.47999572753906,152.52999877929688,150.47000122070312,152.5,3996100
2023-07-05,151.6300048828125,152.4600067138672,151.44000244140625,152.24000549316406,8279800
2023-07-06,151.1999969482422,152.19000244140625,150.75999450683594,151.99000549316406,7958300
2023-07-07,151.7100067138672,151.9199981689453,148.75,148.8000030517578,9169500
2023-07-10,148.94000244140625,150.32000732421875,148.74000549316406,148.86000061035156,5529200
2023-07-11,148.72999572753906,149.0500030517578,146.9600067138672,148.0800018310547,5150300
2023-07-12,148.02999877929688,149.39999389648438,147.63999938964844,148.85000610351562,6764600
2023-07-13,149.0,149.52000427246094,148.1999969482422,148.9499969482422,5561400
2023-07-14,149.27000427246094,150.6300048828125,148.72999572753906,150.0500030517578,6128900
2023-07-17,149.64999389648438,150.16000366210938,148.97000122070312,148.99000549316406,4625300
2023-07-18,148.63999938964844,150.47999572753906,148.3800048828125,149.27000427246094,5351200
2023-07-19,149.5500030517578,150.82000732421875,148.86000061035156,150.2899932861328,6203600
2023-07-20,149.5500030517578,150.75,148.13999938964844,150.55999755859375,6445400
2023-07-21,151.14999389648438,153.6699981689453,150.6999969482422,152.92999267578125,9938400
2023-07-24,152.83999633789062,153.9499969482422,152.3000030517578,153.4199981689453,5549500
2023-07-25,153.47999572753906,153.86000061035156,152.4499969482422,153.77999877929688,5883800
2023-07-26,153.1199951171875,154.83999633789062,152.88999938964844,153.94000244140625,7013800
2023-07-27,154.16000366210938,154.60000610351562,151.9199981689453,152.11000061035156,7191600
2023-07-28,154.66000366210938,157.47999572753906,154.60000610351562,156.41000366210938,9397300
2023-07-31,156.39999389648438,157.67999267578125,155.05999755859375,156.3000030517578,7955200
2023-08-01,155.8800048828125,157.1699981689453,155.8699951171875,156.25,5718800
2023-08-02,155.97000122070312,157.72999572753906,155.97000122070312,156.58999633789062,5636000
2023-08-03,156.75999450683594,157.6999969482422,156.2100067138672,157.0,5792700
2023-08-04,157.42999267578125,157.72999572753906,155.14999389648438,155.27999877929688,4785900
2023-08-07,155.6699981689453,157.14999389648438,155.49000549316406,156.9199981689453,4107400
2023-08-08,157.27999877929688,157.6300048828125,156.52999877929688,157.08999633789062,4625500
2023-08-09,157.30999755859375,158.08999633789062,156.77000427246094,156.88999938964844,4293200
2023-08-10,157.1699981689453,158.3800048828125,155.8000030517578,156.11000061035156,4307800
2023-08-11,156.42999267578125,157.4600067138672,155.7899932861328,157.02000427246094,3862300
2023-08-14,157.1300048828125,157.52999877929688,155.5,155.7899932861328,4297600
2023-08-15,155.7899932861328,155.97000122070312,154.4600067138672,154.7899932861328,6921100
2023-08-16,154.75999450683594,155.72999572753906,152.8699951171875,153.2100067138672,6356800
2023-08-17,153.2100067138672,153.55999755859375,151.7899932861328,152.11000061035156,6419500
2023-08-18,151.6199951171875,152.88999938964844,151.1699981689453,152.5399932861328,5448200
2023-08-21,152.08999633789062,152.77999877929688,151.25999450683594,151.77000427246094,4504700
2023-08-22,151.4199981689453,152.14999389648438,150.92999267578125,151.8300018310547,4195600
2023-08-23,152.47000122070312,153.47999572753906,152.47000122070312,153.25,4522500
2023-08-24,152.5500030517578,154.67999267578125,152.47999572753906,152.5399932861328,4088900
2023-08-25,153.39999389648438,154.0800018310547,152.4600067138672,153.5399932861328,3541500
2023-08-28,153.7100067138672,154.3699951171875,153.0500030517578,153.77999877929688,3614700
2023-08-29,153.9499969482422,154.0399932861328,152.02999877929688,153.8699951171875,4034600
2023-08-30,154.10000610351562,154.8699951171875,153.7100067138672,154.0399932861328,3712200
2023-08-31,154.1199951171875,155.16000366210938,153.8300018310547,154.33999633789062,5451400
2023-09-01,154.89999389648438,155.27999877929688,153.55999755859375,154.50999450683594,4126300
2023-09-05,153.8000030517578,154.85000610351562,152.39999389648438,152.44000244140625,5097000
2023-09-06,152.2899932861328,152.4499969482422,151.5399932861328,152.13999938964844,3877400
2023-09-07,152.49000549316406,154.19000244140625,152.3699951171875,153.58999633789062,4824800
2023-09-08,153.4199981689453,153.4600067138672,152.35000610351562,152.92999267578125,3384700
2023-09-11,153.3300018310547,155.10000610351562,153.0800018310547,154.75,4288500
2023-09-12,154.99000549316406,155.14999389648438,151.57000732421875,152.02999877929688,4537800
2023-09-13,151.97999572753906,153.58999633789062,151.66000366210938,153.08999633789062,4040600
2023-09-14,153.85000610351562,154.9199981689453,153.3699951171875,154.77000427246094,4606800
2023-09-15,154.02999877929688,155.32000732421875,153.22999572753906,153.47000122070312,10262400
2023-09-18,154.4499969482422,154.47999572753906,153.50999450683594,154.0500030517578,3536500
2023-09-19,153.75,154.05999755859375,151.74000549316406,153.60000610351562,4704200
2023-09-20,153.77000427246094,154.77999877929688,153.36000061035156,153.47000122070312,5446400
2023-09-21,153.4499969482422,153.7100067138672,152.07000732421875,152.13999938964844,5096400
2023-09-22,152.44000244140625,153.33999633789062,151.3800048828125,151.5800018310547,6327000
2023-09-25,151.17999267578125,151.27999877929688,150.02000427246094,150.66000366210938,5527000
2023-09-26,149.97999572753906,150.36000061035156,148.7899932861328,149.32000732421875,6366500
2023-09-27,149.4199981689453,149.6999969482422,146.6300048828125,147.33999633789062,5403700
2023-09-28,147.82000732421875,147.97999572753906,145.67999267578125,146.33999633789062,6237100
2023-09-29,146.5399932861328,146.77000427246094,144.82000732421875,145.86000061035156,6683300
2023-10-02,144.77999877929688,145.60000610351562,143.89999389648438,145.19000244140625,5153800
2023-10-03,145.1699981689453,146.49000549316406,145.00999450683594,145.49000549316406,4670600
2023-10-04,145.58999633789062,146.30999755859375,144.92999267578125,145.97000122070312,4727800
2023-10-05,145.67999267578125,146.08999633789062,143.69000244140625,143.8000030517578,5205700
2023-10-06,143.60000610351562,144.55999755859375,141.4499969482422,144.08999633789062,7406700
2023-10-09,143.36000061035156,143.97000122070312,141.60000610351562,143.36000061035156,5062200
2023-10-10,143.97999572753906,145.22000122070312,143.72000122070312,144.77999877929688,5988900
2023-10-11,145.13999938964844,145.55999755859375,142.55999755859375,143.0,5469100
2023-10-12,142.7899932861328,143.92999267578125,141.66000366210938,143.32000732421875,5965600
2023-10-13,143.19000244140625,145.02999877929688,143.19000244140625,144.69000244140625,7078900
2023-10-16,145.86000061035156,147.05999755859375,145.4600067138672,146.07000732421875,6509800
2023-10-17,146.11000061035156,146.82000732421875,145.24000549316406,146.25999450683594,6160100
2023-10-18,150.05999755859375,151.3000030517578,148.77000427246094,150.02999877929688,10508500
2023-10-19,149.61000061035156,150.27999877929688,147.17999267578125,148.25,8146000
2023-10-20,149.0500030517578,149.8800048828125,147.9199981689453,148.0500030517578,7284200
2023-10-23,147.86000061035156,149.5,147.55999755859375,148.14999389648438,5981800
2023-10-24,148.1199951171875,150.07000732421875,148.07000732421875,149.89999389648438,6322000
2023-10-25,149.63999938964844,151.19000244140625,149.1199951171875,150.60000610351562,6172900
2023-10-26,151.0500030517578,151.3800048828125,149.74000549316406,149.8000030517578,7582100
2023-10-27,148.97999572753906,149.9499969482422,146.27999877929688,147.16000366210938,8131800
2023-10-30,147.89999389648438,149.5500030517578,147.5399932861328,149.25999450683594,5412800
2023-10-31,149.4600067138672,150.25999450683594,148.63999938964844,150.02999877929688,6762100
2023-11-01,150.67999267578125,150.67999267578125,149.2100067138672,149.61000061035156,5896900
2023-11-02,149.5399932861328,151.64999389648438,148.91000366210938,151.44000244140625,5859200
2023-11-03,151.7899932861328,152.2899932861328,149.6199951171875,150.07000732421875,6587700
2023-11-06,150.36000061035156,151.25,150.10000610351562,150.94000244140625,6480800
2023-11-07,150.9199981689453,151.25,150.1199951171875,150.58999633789062,6003800
2023-11-08,150.9600067138672,151.1999969482422,149.50999450683594,150.00999450683594,4832600
2023-11-09,149.74000549316406,150.35000610351562,149.1199951171875,150.35000610351562,6581500
2023-11-10,150.83999633789062,151.44000244140625,149.9199981689453,151.41000366210938,5387200
2023-11-13,151.4499969482422,152.89999389648438,151.4499969482422,152.4600067138672,6297500
2023-11-14,152.5500030517578,153.5,151.67999267578125,152.1199951171875,7982600
2023-11-15,152.05999755859375,152.38999938964844,150.3800048828125,151.4199981689453,7672600
2023-11-16,151.99000549316406,152.88999938964844,151.30999755859375,152.8300018310547,7590500
2023-11-17,152.72000122070312,152.83999633789062,150.88999938964844,151.07000732421875,8495600
2023-11-20,150.2100067138672,151.02999877929688,149.66000366210938,150.27000427246094,6856500
2023-11-21,149.85000610351562,150.00999450683594,148.8300018310547,149.61000061035156,7310400
2023-11-22,150.10000610351562,151.47999572753906,150.10000610351562,151.02000427246094,4372700
2023-11-24,151.17999267578125,151.74000549316406,151.02999877929688,151.3800048828125,2132500
2023-11-27,151.52000427246094,151.63999938964844,150.74000549316406,151.24000549316406,6021300
2023-11-28,151.14999389648438,152.77000427246094,151.14999389648438,152.2899932861328,6110400
2023-11-29,152.2899932861328,152.4499969482422,150.99000549316406,151.1300048828125,5342700
2023-11-30,150.89999389648438,153.6300048828125,150.0800018310547,153.52000427246094,9771300
2023-12-01,153.3300018310547,153.49000549316406,152.22999572753906,152.66000366210938,5685400
2023-12-04,151.77000427246094,152.52999877929688,151.66000366210938,152.05999755859375,6578300
2023-12-05,152.13999938964844,152.61000061035156,146.17999267578125,146.75999450683594,11895800
2023-12-06,147.00999450683594,147.16000366210938,145.63999938964844,146.64999389648438,7610000
2023-12-07,146.57000732421875,147.10000610351562,146.02000427246094,146.5,6119600
2023-12-08,145.9199981689453,146.24000549316406,144.52000427246094,145.14999389648438,6385300
2023-12-11,144.8000030517578,145.8699951171875,144.64999389648438,145.82000732421875,8471200
2023-12-12,145.86000061035156,146.22999572753906,145.0800018310547,145.94000244140625,6069200
2023-12-13,145.86000061035156,148.64999389648438,145.4499969482422,148.5800018310547,9055500
2023-12-14,148.4600067138672,148.5500030517578,144.3800048828125,144.66000366210938,10565200
2023-12-15,143.17999267578125,144.25,142.5,143.9600067138672,14550000
2023-12-18,144.1699981689453,147.49000549316406,144.14999389648438,146.1699981689453,8421800
2023-12-19,145.6699981689453,146.33999633789062,145.38999938964844,146.1699981689453,5233600
2023-12-20,145.57000732421875,146.07000732421875,143.83999633789062,143.91000366210938,7663800
2023-12-21,144.52000427246094,144.7899932861328,143.1300048828125,144.25999450683594,6104700
2023-12-22,144.5,145.6300048828125,144.2899932861328,145.27999877929688,4413800
2023-12-26,145.08999633789062,146.1699981689453,144.97000122070312,145.94000244140625,3634900
2023-12-27,145.64999389648438,146.30999755859375,145.36000061035156,146.05999755859375,4569400
2023-12-28,146.0,146.00999450683594,145.0399932861328,145.72999572753906,5023000
2023-12-29,146.0,146.9600067138672,145.72999572753906,146.5399932861328,5300900
2024-01-02,146.36000061035156,149.41000366210938,146.30999755859375,148.74000549316406,7238400
2024-01-03,148.33999633789062,149.1999969482422,147.17999267578125,147.83999633789062,7697500
2024-01-04,148.0500030517578,149.27000427246094,147.77000427246094,148.64999389648438,7067400
2024-01-05,148.72000122070312,148.8699951171875,146.5500030517578,147.4199981689453,5294200
2024-01-08,147.91000366210938,148.9199981689453,147.64999389648438,148.69000244140625,8255300
2024-01-09,148.57000732421875,149.39999389648438,148.0500030517578,149.3000030517578,9786800
2024-01-10,149.35000610351562,150.0,149.25999450683594,149.94000244140625,8591100
2024-01-11,150.0500030517578,150.8000030517578,149.2899932861328,150.50999450683594,6659400
2024-01-12,150.9499969482422,151.3000030517578,149.88999938964844,150.60000610351562,5684700
2024-01-16,150.14999389648438,151.5,148.8800048828125,149.7899932861328,8120100
2024-01-17,149.16000366210938,150.60000610351562,149.00999450683594,149.94000244140625,6541400
2024-01-18,148.22999572753906,148.39999389648438,146.9199981689453,148.13999938964844,6526200
2024-01-19,148.25,148.6199951171875,147.30999755859375,147.57000732421875,7848100
2024-01-22,146.97000122070312,148.2100067138672,146.27999877929688,147.86000061035156,11084100
2024-01-23,153.11000061035156,156.39999389648438,152.88999938964844,153.97999572753906,19101600
2024-01-24,153.92999267578125,154.22999572753906,152.08999633789062,152.1199951171875,11592700
2024-01-25,152.39999389648438,155.66000366210938,152.05999755859375,155.6199951171875,10352500
2024-01-26,155.80999755859375,156.16000366210938,155.33999633789062,156.13999938964844,8356600
2024-01-29,156.67999267578125,157.3300018310547,155.39999389648438,156.16000366210938,8987400
2024-01-30,156.33999633789062,157.9199981689453,155.82000732421875,157.49000549316406,7794700
2024-01-31,157.99000549316406,158.5,156.6999969482422,157.13999938964844,8870000
2024-02-01,156.77000427246094,159.3000030517578,156.6199951171875,159.17999267578125,7601100
2024-02-02,158.97000122070312,159.60000610351562,157.52999877929688,158.08999633789062,7937700
2024-02-05,158.1699981689453,159.0,157.55999755859375,158.2100067138672,6931900
2024-02-06,158.30999755859375,159.07000732421875,157.8699951171875,158.9600067138672,6185400
2024-02-07,159.10000610351562,159.8300018310547,158.74000549316406,159.1199951171875,7209300
2024-02-08,158.8000030517578,159.10000610351562,157.77000427246094,158.63999938964844,6121600
2024-02-09,158.25999450683594,158.33999633789062,156.9600067138672,157.4199981689453,5978000
2024-02-12,157.36000061035156,157.61000061035156,155.49000549316406,157.11000061035156,5482000
2024-02-13,157.75,158.97000122070312,155.47999572753906,156.27000427246094,6046800
2024-02-14,156.16000366210938,156.16000366210938,154.91000366210938,155.6300048828125,5727300
2024-02-15,156.3000030517578,157.4199981689453,156.14999389648438,157.00999450683594,6249200
2024-02-16,157.0399932861328,158.4499969482422,156.6699981689453,157.50999450683594,6617600
2024-02-20,158.6999969482422,159.7899932861328,158.1300048828125,158.50999450683594,6622100
2024-02-21,159.19000244140625,160.39999389648438,159.19000244140625,160.39999389648438,7121000
2024-02-22,159.4600067138672,161.08999633789062,158.6300048828125,160.55999755859375,6619500
2024-02-23,160.60000610351562,161.74000549316406,160.16000366210938,161.02999877929688,5486500
2024-02-26,161.02999877929688,161.1699981689453,160.07000732421875,160.22000122070312,4531900
2024-02-27,159.41000366210938,159.8000030517578,158.9600067138672,159.3000030517578,3868200
2024-02-28,159.07000732421875,160.1199951171875,158.63999938964844,160.0500030517578,3802900
2024-02-29,159.92999267578125,160.11000061035156,158.17999267578125,158.94000244140625,8348100
2024-03-01,158.0500030517578,159.02999877929688,157.61000061035156,158.85000610351562,4819800
2024-03-04,157.74000549316406,159.75999450683594,157.6699981689453,159.55999755859375,3841600
2024-03-05,159.4600067138672,159.99000549316406,158.77999877929688,159.32000732421875,4481600
2024-03-06,159.67999267578125,159.99000549316406,158.91000366210938,159.57000732421875,5405700
2024-03-07,159.9499969482422,160.91000366210938,159.47000122070312,160.6199951171875,4783900
2024-03-08,159.85000610351562,161.25,158.2899932861328,160.35000610351562,5080200
2024-03-11,161.33999633789062,162.6199951171875,160.82000732421875,161.5500030517578,5170900
2024-03-12,161.82000732421875,162.52000427246094,161.22999572753906,161.92999267578125,4229100
2024-03-13,162.3800048828125,162.72999572753906,161.3300018310547,162.3000030517578,5410500
2024-03-14,162.24000549316406,162.6199951171875,161.1300048828125,161.5,5848100
2024-03-15,160.6999969482422,161.5,160.3000030517578,161.3800048828125,10956900
2024-03-18,161.47999572753906,162.72000122070312,161.0,161.2100067138672,6086300
2024-03-19,161.8000030517578,162.1699981689453,161.1699981689453,161.8300018310547,6148100
2024-03-20,162.00999450683594,162.39999389648438,161.47000122070312,161.99000549316406,4870300
2024-03-21,162.08999633789062,162.4600067138672,161.1199951171875,161.86000061035156,5211500
2024-03-22,162.1999969482422,162.41000366210938,161.47000122070312,161.66000366210938,6393200
2024-03-25,161.1699981689453,161.66000366210938,159.72999572753906,160.19000244140625,7145600
2024-03-26,160.36000061035156,161.13999938964844,160.13999938964844,160.5500030517578,5842700
2024-03-27,161.36000061035156,162.74000549316406,161.33999633789062,162.61000061035156,6599700
2024-03-28,162.82000732421875,163.13999938964844,161.6999969482422,162.25,7191500
2024-04-01,161.77999877929688,162.07000732421875,159.8000030517578,160.5800018310547,5971900
2024-04-02,159.63999938964844,160.7100067138672,159.63999938964844,160.57000732421875,6771200
2024-04-03,160.6300048828125,160.8800048828125,155.67999267578125,156.14999389648438,9601800
2024-04-04,156.8800048828125,157.0800018310547,155.41000366210938,155.4499969482422,6801700
2024-04-05,155.2899932861328,157.05999755859375,154.69000244140625,156.10000610351562,5121200
2024-04-08,155.97000122070312,156.6999969482422,155.6300048828125,156.0399932861328,5476800
2024-04-09,156.27000427246094,156.75,155.6999969482422,156.66000366210938,4608100
2024-04-10,155.64999389648438,157.5800018310547,155.64999389648438,157.24000549316406,7784900
2024-04-11,157.5500030517578,157.60000610351562,155.77000427246094,155.83999633789062,8209800
2024-04-12,155.22000122070312,155.97000122070312,154.74000549316406,155.3300018310547,6770500
2024-04-15,156.4199981689453,156.82000732421875,155.3300018310547,155.4499969482422,5754000
2024-04-16,155.85000610351562,156.94000244140625,155.6699981689453,155.9499969482422,6103300
2024-04-17,156.3000030517578,157.1199951171875,155.74000549316406,156.9600067138672,6621900
2024-04-18,156.33999633789062,157.6300048828125,155.9600067138672,157.2899932861328,7819300
2024-04-19,154.97999572753906,158.17999267578125,153.52000427246094,158.13999938964844,12034200
2024-04-22,158.42999267578125,161.2899932861328,157.25,160.5399932861328,8926300
2024-04-23,161.67999267578125,162.10000610351562,160.4199981689453,161.5,7707300
2024-04-24,161.1999969482422,162.86000061035156,159.4199981689453,162.60000610351562,7217600
2024-04-25,162.97000122070312,164.32000732421875,162.0800018310547,162.5500030517578,7094600
2024-04-26,162.5,163.32000732421875,160.49000549316406,161.2899932861328,5659800
2024-04-29,161.1699981689453,161.7899932861328,160.41000366210938,161.66000366210938,4621000
2024-04-30,161.83999633789062,163.35000610351562,161.60000610351562,163.1999969482422,8106100
2024-05-01,163.27999877929688,164.24000549316406,162.22000122070312,163.39999389648438,7543000
2024-05-02,163.5399932861328,164.49000549316406,162.63999938964844,163.83999633789062,5647500
2024-05-03,163.5399932861328,164.7100067138672,162.16000366210938,164.4600067138672,5581500
2024-05-06,164.77999877929688,164.97999572753906,163.25999450683594,164.44000244140625,5472400
2024-05-07,164.97999572753906,166.0399932861328,164.58999633789062,165.75999450683594,6433000
2024-05-08,165.97999572753906,166.3699951171875,164.92999267578125,165.07000732421875,4579400
2024-05-09,165.0500030517578,166.3300018310547,165.0500030517578,166.0399932861328,4671100
2024-05-10,166.08999633789062,167.36000061035156,165.6999969482422,166.85000610351562,4879400
2024-05-13,166.85000610351562,167.64999389648438,165.36000061035156,165.8699951171875,5725500
2024-05-14,165.52999877929688,166.07000732421875,163.9499969482422,165.75999450683594,6009800
2024-05-15,165.30999755859375,166.67999267578125,165.1199951171875,166.50999450683594,5102700
2024-05-16,166.92999267578125,168.33999633789062,166.58999633789062,167.86000061035156,6793600
2024-05-17,167.6699981689453,168.0,166.8800048828125,167.63999938964844,4700800
2024-05-20,167.5500030517578,167.8800048828125,166.7899932861328,167.30999755859375,3804600
2024-05-21,167.75999450683594,168.5399932861328,167.2899932861328,168.35000610351562,5147100
2024-05-22,168.00999450683594,168.42999267578125,167.6300048828125,167.80999755859375,4536700
2024-05-23,167.2899932861328,168.11000061035156,165.32000732421875,165.49000549316406,4729800
2024-05-24,165.85000610351562,166.30999755859375,165.14999389648438,165.3300018310547,3820100
2024-05-28,164.49000549316406,164.75999450683594,162.25999450683594,163.11000061035156,6466200
2024-05-29,162.64999389648438,162.74000549316406,161.4199981689453,161.64999389648438,4360400
2024-05-30,161.64999389648438,162.6999969482422,161.47999572753906,162.5800018310547,4748200
2024-05-31,162.44000244140625,164.77000427246094,161.97000122070312,164.5399932861328,10341400
2024-06-03,163.92999267578125,166.24000549316406,163.6300048828125,164.64999389648438,5828400
2024-06-04,164.7899932861328,167.1199951171875,164.39999389648438,167.00999450683594,6277000
2024-06-05,167.00999450683594,167.00999450683594,164.97999572753906,166.0500030517578,5243300
2024-06-06,165.8300018310547,168.5800018310547,165.0800018310547,168.47000122070312,6302000
2024-06-07,168.39999389648438,168.97000122070312,166.83999633789062,167.05999755859375,4558200
2024-06-10,166.77999877929688,167.72000122070312,166.0800018310547,167.35000610351562,4110600
2024-06-11,166.97000122070312,167.5,166.02000427246094,167.47999572753906,3947700
2024-06-12,167.5,167.63999938964844,164.22000122070312,165.17999267578125,5474500
2024-06-13,164.47000122070312,167.0,164.47000122070312,166.41000366210938,4902200
2024-06-14,165.99000549316406,166.92999267578125,165.25,166.7899932861328,3695000
2024-06-17,165.85000610351562,168.7100067138672,165.39999389648438,167.5,6759400
2024-06-18,167.02999877929688,168.64999389648438,166.94000244140625,168.55999755859375,5112600
2024-06-20,168.3699951171875,168.77999877929688,166.86000061035156,167.6699981689453,8483600
2024-06-21,167.47999572753906,168.8800048828125,167.17999267578125,168.25999450683594,14682000
2024-06-24,168.75999450683594,169.41000366210938,167.47999572753906,168.4499969482422,7565200
2024-06-25,168.6300048828125,168.91000366210938,165.89999389648438,166.85000610351562,7968200
2024-06-26,166.0500030517578,167.80999755859375,165.66000366210938,167.4499969482422,5164000
2024-06-27,167.49000549316406,168.10000610351562,165.5,166.6199951171875,5007000
2024-06-28,166.0,167.24000549316406,164.5800018310547,164.9199981689453,9253100
2024-07-01,165.58999633789062,166.2100067138672,162.1999969482422,162.72000122070312,7638600
2024-07-02,162.5800018310547,164.0399932861328,161.7100067138672,163.89999389648438,5449200
2024-07-03,163.2100067138672,164.2100067138672,162.97999572753906,163.8300018310547,2980500
2024-07-05,164.00999450683594,165.6300048828125,163.5,165.2100067138672,6509200
2024-07-08,165.9499969482422,166.6699981689453,165.6199951171875,166.52000427246094,5144500
2024-07-09,166.6300048828125,166.75999450683594,165.13999938964844,165.66000366210938,4393100
2024-07-10,165.89999389648438,166.9199981689453,165.5399932861328,166.8000030517578,5037100
2024-07-11,166.3000030517578,166.6300048828125,164.77999877929688,165.5399932861328,5831500
2024-07-12,166.22000122070312,167.63999938964844,166.02000427246094,166.61000061035156,4684600
2024-07-15,166.47000122070312,166.6199951171875,164.4600067138672,164.5800018310547,5752500
2024-07-16,164.91000366210938,167.07000732421875,164.61000061035156,166.9499969482422,6378300
2024-07-17,167.75,170.1699981689453,167.3300018310547,169.44000244140625,7982300
2024-07-18,168.8000030517578,170.9199981689453,168.27999877929688,168.44000244140625,5926300
2024-07-19,167.97000122070312,169.0399932861328,167.1300048828125,167.9600067138672,6597100
2024-07-22,167.92999267578125,168.6999969482422,167.6999969482422,168.25,6383000
2024-07-23,168.11000061035156,168.4199981689453,166.32000732421875,166.6199951171875,4863400
2024-07-24,166.32000732421875,168.27999877929688,165.5800018310547,168.0,5907000
2024-07-25,168.32000732421875,170.08999633789062,166.8699951171875,166.89999389648438,7338300
2024-07-26,167.25,169.32000732421875,167.02999877929688,169.11000061035156,5581600
2024-07-29,168.85000610351562,170.5399932861328,168.11000061035156,169.92999267578125,6797800
2024-07-30,161.7899932861328,162.3800048828125,158.0399932861328,161.6999969482422,15746300
2024-07-31,160.80999755859375,162.86000061035156,159.2100067138672,160.75999450683594,9660900
2024-08-01,160.8800048828125,166.30999755859375,160.67999267578125,165.69000244140625,12532700
2024-08-02,167.44000244140625,170.35000610351562,165.14999389648438,170.0800018310547,11899000
2024-08-05,170.8800048828125,170.8800048828125,166.6699981689453,168.05999755859375,10338800
2024-08-06,167.89999389648438,170.3300018310547,167.85000610351562,168.08999633789062,7454900
2024-08-07,168.57000732421875,171.72000122070312,168.00999450683594,170.02000427246094,8385500
2024-08-08,169.4199981689453,171.55999755859375,169.0,170.8699951171875,6386900
2024-08-09,170.1199951171875,171.25999450683594,169.64999389648438,170.5399932861328,5377300
2024-08-12,169.39999389648438,169.64999389648438,166.1999969482422,166.80999755859375,7208100
2024-08-13,167.33999633789062,167.8000030517578,166.4600067138672,167.2899932861328,3770000
2024-08-14,166.5,169.47000122070312,165.82000732421875,168.8000030517578,5476600
2024-08-15,169.4600067138672,169.67999267578125,166.75,167.9199981689453,9491400
2024-08-16,167.82000732421875,168.35000610351562,166.8000030517578,167.88999938964844,5640800
2024-08-19,168.17999267578125,169.24000549316406,168.1699981689453,168.4199981689453,3885300
2024-08-20,168.77000427246094,170.55999755859375,168.11000061035156,170.41000366210938,4513600
2024-08-21,170.19000244140625,171.88999938964844,169.60000610351562,170.16000366210938,4082000
2024-08-22,170.8800048828125,171.24000549316406,169.13999938964844,170.14999389648438,4097300
2024-08-23,170.0500030517578,170.11000061035156,168.25,169.1699981689453,4771300
2024-08-26,168.6999969482422,170.97000122070312,168.6999969482422,170.35000610351562,6472400
2024-08-27,170.8300018310547,171.10000610351562,169.0800018310547,169.25,4456400
2024-08-28,169.4199981689453,171.1999969482422,168.5800018310547,169.05999755859375,5644800
2024-08-29,169.75,170.60000610351562,168.94000244140625,170.02999877929688,4413200
2024-08-30,170.16000366210938,171.8800048828125,169.69000244140625,171.5399932861328,7301600
2024-09-03,171.02999877929688,175.0,170.99000549316406,174.52000427246094,10101400
2024-09-04,173.6300048828125,176.0,173.6300048828125,175.89999389648438,7517500
2024-09-05,175.99000549316406,176.5500030517578,174.6699981689453,175.47000122070312,6061900
2024-09-06,175.75999450683594,177.0399932861328,175.33999633789062,175.58999633789062,5785700
2024-09-09,175.5399932861328,176.83999633789062,174.66000366210938,176.05999755859375,6450200
2024-09-10,175.91000366210938,177.94000244140625,175.91000366210938,177.7899932861328,6396300
2024-09-11,176.60000610351562,177.0,173.6300048828125,173.9199981689453,6828200
2024-09-12,173.89999389648438,174.61000061035156,172.44000244140625,173.47000122070312,4838900
2024-09-13,173.3699951171875,174.5399932861328,172.8000030517578,174.0800018310547,3918000
2024-09-16,174.7100067138672,177.30999755859375,174.32000732421875,177.24000549316406,6892300
2024-09-17,176.6300048828125,176.97000122070312,175.36000061035156,175.8800048828125,4757100
2024-09-18,175.0500030517578,175.89999389648438,172.57000732421875,173.9199981689453,5102900
2024-09-19,172.8800048828125,173.16000366210938,170.3800048828125,171.5399932861328,8692000
2024-09-20,171.50999450683594,174.5399932861328,171.5,174.22000122070312,28647500
2024-09-23,174.00999450683594,175.19000244140625,172.58999633789062,173.77000427246094,10265000
2024-09-24,172.8800048828125,174.5,172.6199951171875,173.24000549316406,5422400
2024-09-25,174.07000732421875,174.67999267578125,172.05999755859375,172.25999450683594,8916500
2024-09-26,171.5,174.61000061035156,171.36000061035156,173.2100067138672,4957200
2024-09-27,173.00999450683594,174.4499969482422,172.5800018310547,173.5500030517578,4599500
2024-09-30,173.72999572753906,174.0,172.7100067138672,173.1999969482422,6296600
2024-10-01,173.24000549316406,174.0,172.1999969482422,173.0399932861328,7130600
2024-10-02,172.00999450683594,172.4499969482422,171.0800018310547,171.9199981689453,6212700
2024-10-03,171.3699951171875,171.3699951171875,169.77000427246094,170.1199951171875,4794300
2024-10-04,168.85000610351562,170.08999633789062,168.25999450683594,168.8800048828125,6002800
2024-10-07,169.16000366210938,169.5800018310547,166.8699951171875,167.1199951171875,6325300
2024-10-08,166.85000610351562,168.58999633789062,166.27000427246094,168.16000366210938,7473000
2024-10-09,168.3800048828125,169.80999755859375,168.0,169.27000427246094,8758800
2024-10-10,168.8000030517578,169.7899932861328,168.3699951171875,168.9499969482422,6932300
2024-10-11,169.4600067138672,171.41000366210938,168.97000122070312,171.08999633789062,7036500
2024-10-14,171.02000427246094,172.83999633789062,170.74000549316406,172.50999450683594,5909000
2024-10-15,172.88999938964844,174.91000366210938,172.82000732421875,173.57000732421875,7172200
2024-10-16,171.8800048828125,172.58999633789062,170.88999938964844,172.3800048828125,6117000
2024-10-17,172.17999267578125,173.67999267578125,171.75999450683594,172.27999877929688,7045600
2024-10-18,170.3000030517578,172.2100067138672,168.4600067138672,171.27999877929688,8372500
2024-10-21,170.97999572753906,171.47999572753906,168.4499969482422,169.5399932861328,5522500
2024-10-22,168.57000732421875,170.72999572753906,168.57000732421875,169.6999969482422,7511400
2024-10-23,169.5500030517578,170.1699981689453,168.72999572753906,169.5800018310547,4837800
2024-10-24,169.4199981689453,169.9600067138672,168.92999267578125,169.6199951171875,5861200
2024-10-25,168.9199981689453,169.39999389648438,168.0399932861328,168.22000122070312,4877900
2024-10-28,169.27999877929688,169.66000366210938,168.3800048828125,169.3000030517578,5753800
2024-10-29,168.86000061035156,168.86000061035156,166.8300018310547,167.1699981689453,5681000
2024-10-30,167.08999633789062,167.32000732421875,165.9600067138672,166.16000366210938,5518100
2024-10-31,165.75999450683594,167.0399932861328,165.08999633789062,165.17999267578125,6056500
2024-11-01,165.30999755859375,166.35000610351562,164.99000549316406,165.10000610351562,5454800
2024-11-04,165.72000122070312,166.27000427246094,164.5800018310547,165.0800018310547,5130200
2024-11-05,164.3300018310547,166.32000732421875,164.3300018310547,165.75999450683594,4397400
2024-11-06,165.61000061035156,166.0399932861328,159.80999755859375,161.0500030517578,11473700
2024-11-07,161.9600067138672,163.9499969482422,161.47999572753906,163.41000366210938,9056700
2024-11-08,164.02000427246094,167.75,163.92999267578125,167.7100067138672,7506200
2024-11-11,167.0,168.52000427246094,165.77999877929688,166.02999877929688,6364400
2024-11-12,166.13999938964844,167.05999755859375,165.57000732421875,165.83999633789062,6507500
2024-11-13,166.05999755859375,166.8000030517578,165.67999267578125,166.5800018310547,5412300
2024-11-14,166.7100067138672,168.0399932861328,166.50999450683594,167.0800018310547,7444300
2024-11-15,167.94000244140625,170.57000732421875,166.8800048828125,169.5399932861328,9939400
2024-11-18,169.11000061035156,171.4499969482422,168.8300018310547,170.75,6681000
2024-11-19,170.69000244140625,171.1699981689453,169.66000366210938,170.75999450683594,5683700
2024-11-20,170.00999450683594,171.07000732421875,169.50999450683594,170.88999938964844,7081100
2024-11-21,171.66000366210938,173.50999450683594,170.22000122070312,172.75,6240400
2024-11-22,174.14999389648438,177.39999389648438,173.8800048828125,176.27999877929688,10609800
2024-11-25,177.47999572753906,178.82000732421875,176.89999389648438,177.38999938964844,19357000
2024-11-26,177.1999969482422,179.4600067138672,177.1999969482422,179.30999755859375,6276700
2024-11-27,180.0,180.42999267578125,178.72999572753906,179.36000061035156,5522900
2024-11-29,178.6999969482422,179.6300048828125,178.27999877929688,179.25999450683594,3823700
2024-12-02,179.1199951171875,180.16000366210938,178.00999450683594,179.6999969482422,5728200
2024-12-03,178.77000427246094,179.6199951171875,175.1999969482422,175.4199981689453,8127300
2024-12-04,174.1699981689453,175.14999389648438,173.4600067138672,175.11000061035156,6823500
2024-12-05,174.86000061035156,176.4600067138672,174.4499969482422,176.02999877929688,5022200
2024-12-06,175.3699951171875,176.74000549316406,173.75,173.82000732421875,5741200
2024-12-09,173.63999938964844,173.75999450683594,170.42999267578125,170.7899932861328,7164300
2024-12-10,170.4199981689453,172.92999267578125,169.92999267578125,172.27999877929688,6219900
2024-12-11,173.00999450683594,173.38999938964844,170.39999389648438,170.6300048828125,5237500
2024-12-12,171.42999267578125,171.82000732421875,170.02000427246094,170.85000610351562,4072800
2024-12-13,170.77000427246094,171.7899932861328,170.1199951171875,171.05999755859375,3884500
2024-12-16,171.4499969482422,172.77999877929688,171.10000610351562,171.13999938964844,5943600
2024-12-17,170.6699981689453,171.9499969482422,170.02000427246094,170.3300018310547,6069200
2024-12-18,169.75999450683594,170.55999755859375,169.02000427246094,169.0800018310547,7517100
2024-12-19,169.00999450683594,170.10000610351562,167.35000610351562,169.19000244140625,8585200
2024-12-20,168.8699951171875,169.8699951171875,167.5,168.05999755859375,21999300
2024-12-23,168.05999755859375,168.67999267578125,166.36000061035156,168.11000061035156,6983900
2024-12-24,167.6199951171875,169.17999267578125,167.4199981689453,168.94000244140625,2460800
2024-12-26,168.30999755859375,170.3000030517578,168.07000732421875,170.16000366210938,3629400
2024-12-27,169.4199981689453,170.75999450683594,169.25999450683594,169.52999877929688,4367900
2024-12-30,168.6699981689453,168.97999572753906,166.7100067138672,167.08999633789062,4354500
2024-12-31,167.36000061035156,168.0800018310547,166.58999633789062,167.64999389648438,3957600
2025-01-02,168.08999633789062,168.7100067138672,165.91000366210938,165.97999572753906,5401700
2025-01-03,166.25,166.5,164.25,165.1300048828125,5256600
2025-01-06,162.80999755859375,163.5,160.44000244140625,160.60000610351562,8731700
2025-01-07,161.4600067138672,162.61000061035156,160.74000549316406,161.3000030517578,8447400
2025-01-08,160.99000549316406,162.39999389648438,160.57000732421875,162.10000610351562,4974800
2025-01-10,160.14999389648438,161.2100067138672,157.47000122070312,158.55999755859375,8501500
2025-01-13,159.35000610351562,160.08999633789062,158.41000366210938,158.83999633789062,6772200
2025-01-14,158.85000610351562,160.07000732421875,158.30999755859375,159.74000549316406,5982200
2025-01-15,160.58999633789062,161.14999389648438,159.33999633789062,159.64999389648438,8059200
2025-01-16,159.6199951171875,160.5800018310547,159.13999938964844,160.5,5774400
2025-01-17,159.74000549316406,161.75,159.60000610351562,161.1300048828125,7262700
2025-01-21,160.9600067138672,162.35000610351562,160.9600067138672,161.72000122070312,13914700
2025-01-22,167.10000610351562,168.13999938964844,164.44000244140625,164.74000549316406,14356700
2025-01-23,163.8800048828125,166.47999572753906,163.32000732421875,166.14999389648438,7614300
2025-01-24,165.91000366210938,165.91000366210938,163.1999969482422,164.1199951171875,6199800
2025-01-27,166.72000122070312,169.94000244140625,166.11000061035156,169.66000366210938,9170800
2025-01-28,168.91000366210938,169.58999633789062,166.11000061035156,166.19000244140625,6716300
2025-01-29,166.72000122070312,167.2899932861328,165.8800048828125,166.22999572753906,4850300
2025-01-30,167.47999572753906,167.60000610351562,165.92999267578125,167.41000366210938,4136500
2025-01-31,166.0,166.6199951171875,165.2100067138672,165.99000549316406,5464700
2025-02-03,165.47000122070312,169.3800048828125,165.22999572753906,168.75999450683594,8668600
2025-02-04,169.2899932861328,169.2899932861328,166.27999877929688,168.1300048828125,6410900
2025-02-05,168.08999633789062,169.13999938964844,166.61000061035156,169.00999450683594,7536800
2025-02-06,169.3699951171875,169.92999267578125,168.02999877929688,168.8800048828125,4957900
2025-02-07,169.08999633789062,169.1199951171875,167.8699951171875,167.97000122070312,4535600
2025-02-10,167.69000244140625,168.47999572753906,166.39999389648438,167.52999877929688,7062900
2025-02-11,167.69000244140625,169.57000732421875,166.5,169.42999267578125,5438100
2025-02-12,168.35000610351562,170.0800018310547,167.97000122070312,169.5800018310547,6037400
2025-02-13,169.6300048828125,171.3800048828125,169.13999938964844,171.02000427246094,6328300
2025-02-14,169.7899932861328,170.0,162.3000030517578,162.88999938964844,13179500
2025-02-18,163.35000610351562,165.75999450683594,162.1999969482422,165.42999267578125,7075300
2025-02-19,166.10000610351562,166.8699951171875,165.24000549316406,166.49000549316406,7910700
2025-02-20,163.14999389648438,167.77999877929688,162.8000030517578,167.2100067138672,6162600
2025-02-21,167.44000244140625,170.5500030517578,165.9199981689453,170.22999572753906,9813700
2025-02-24,170.22000122070312,172.97999572753906,169.7899932861328,170.5399932861328,8564100
2025-02-25,171.27999877929688,173.9499969482422,170.8000030517578,172.64999389648438,7314900
2025-02-26,172.27999877929688,172.64999389648438,170.64999389648438,171.3000030517578,5519000
2025-02-27,170.85000610351562,173.08999633789062,170.6300048828125,171.97000122070312,5467000
2025-02-28,173.5800018310547,174.64999389648438,171.85000610351562,173.83999633789062,10240100
2025-03-03,173.5800018310547,176.2899932861328,173.50999450683594,175.58999633789062,7615300
2025-03-04,176.75,179.99000549316406,172.91000366210938,173.17999267578125,12117600
2025-03-05,173.3800048828125,175.8699951171875,173.02000427246094,174.61000061035156,6989100
2025-03-06,174.88999938964844,175.83999633789062,172.83999633789062,174.66000366210938,6702500
2025-03-07,174.08999633789062,178.88999938964844,174.0500030517578,175.9499969482422,9566700
2025-03-10,176.75999450683594,179.99000549316406,175.8300018310547,176.25999450683594,11047000
2025-03-11,175.8300018310547,175.99000549316406,172.32000732421875,173.1199951171875,11032300
2025-03-12,169.6999969482422,171.8300018310547,167.77000427246094,168.3699951171875,10158800
2025-03-13,167.6999969482422,169.2899932861328,167.27999877929688,168.58999633789062,6609000
2025-03-14,167.7899932861328,168.58999633789062,166.6199951171875,167.97000122070312,6790500
2025-03-17,168.3699951171875,171.08999633789062,168.1300048828125,169.75999450683594,9931700
2025-03-18,170.07000732421875,170.25999450683594,167.5800018310547,167.7100067138672,6099900
2025-03-19,167.8699951171875,168.75,167.11000061035156,168.57000732421875,7569200
2025-03-20,168.88999938964844,169.2100067138672,166.02999877929688,167.5500030517578,8789200
2025-03-21,167.13999938964844,168.13999938964844,164.1199951171875,166.69000244140625,16027300
2025-03-24,166.42999267578125,166.8699951171875,165.36000061035156,165.64999389648438,6102100
2025-03-25,165.3000030517578,165.3699951171875,162.1999969482422,162.85000610351562,8366700
2025-03-26,163.35000610351562,166.82000732421875,162.99000549316406,166.5800018310547,7756000
2025-03-27,167.8699951171875,169.02999877929688,166.6199951171875,168.7100067138672,6211700
2025-03-28,169.3800048828125,169.7100067138672,167.6199951171875,168.02999877929688,5479100
2025-03-31,168.10000610351562,171.13999938964844,168.10000610351562,170.4199981689453,11520100
2025-04-01,170.57000732421875,171.0500030517578,169.05999755859375,170.55999755859375,7021100
2025-04-02,170.07000732421875,170.8800048828125,168.30999755859375,169.5,6274500
2025-04-03,174.22999572753906,174.8000030517578,170.72999572753906,172.38999938964844,9393300
2025-04-04,171.77000427246094,173.60000610351562,163.47000122070312,163.75,13454200
2025-04-07,163.66000366210938,164.6999969482422,159.19000244140625,160.22999572753906,15708000
2025-04-08,162.30999755859375,163.27999877929688,156.7100067138672,158.38999938964844,11541100
2025-04-09,157.36000061035156,164.67999267578125,156.69000244140625,162.32000732421875,10670200
2025-04-10,162.89999389648438,165.07000732421875,160.75,163.55999755859375,10581600
2025-04-11,163.3699951171875,168.02000427246094,162.6199951171875,166.91000366210938,8602800
2025-04-14,167.0399932861328,170.11000061035156,165.77999877929688,169.1300048828125,9877300
2025-04-15,169.13999938964844,170.16000366210938,168.27999877929688,168.47000122070312,8765000
2025-04-16,169.2899932861328,169.67999267578125,165.7899932861328,166.38999938964844,5897500
2025-04-17,167.52999877929688,171.64999389648438,167.35000610351562,170.6300048828125,7227100
2025-04-21,169.88999938964844,169.9499969482422,164.27999877929688,165.75,8062400
2025-04-22,165.86000061035156,168.77000427246094,164.5399932861328,167.8800048828125,7907400
2025-04-23,166.39999389648438,166.61000061035156,163.11000061035156,165.72999572753906,9309200
2025-04-24,160.5,160.9600067138672,156.5800018310547,159.52999877929688,20077700
2025-04-25,159.8800048828125,161.8000030517578,157.77000427246094,161.02000427246094,12892800
2025-04-28,161.0399932861328,162.55999755859375,160.38999938964844,161.85000610351562,8127000
2025-04-29,161.2899932861328,162.38999938964844,159.1999969482422,162.25999450683594,8266200
2025-04-30,162.4499969482422,163.16000366210938,159.9499969482422,162.57000732421875,12475500
2025-05-01,160.66000366210938,161.35000610351562,159.0500030517578,159.97999572753906,6792800
2025-05-02,160.92999267578125,161.80999755859375,159.89999389648438,160.52000427246094,5750200
2025-05-05,160.88999938964844,160.91000366210938,158.02000427246094,158.8300018310547,7576200
2025-05-06,158.0399932861328,159.7100067138672,157.64999389648438,159.25,7703800
2025-05-07,159.02000427246094,160.0500030517578,158.5399932861328,159.2899932861328,6430000
2025-05-08,158.3800048828125,160.0,158.00999450683594,158.64999389648438,7230800
2025-05-09,158.02000427246094,159.1300048828125,157.41000366210938,157.66000366210938,6453200
2025-05-12,157.42999267578125,161.0500030517578,156.69000244140625,160.89999389648438,7378400
2025-05-13,160.02000427246094,160.72000122070312,157.36000061035156,158.72999572753906,7780800
2025-05-14,158.1199951171875,159.16000366210938,157.57000732421875,158.02000427246094,5988900
2025-05-15,159.58999633789062,162.91000366210938,158.6999969482422,162.41000366210938,8727300
2025-05-16,162.64999389648438,163.42999267578125,161.85000610351562,163.27999877929688,7100800
2025-05-19,163.47000122070312,165.14999389648438,163.41000366210938,164.77000427246094,8119900
2025-05-20,164.61000061035156,166.0,164.60000610351562,165.63999938964844,5576600
2025-05-21,164.82000732421875,166.3699951171875,164.6199951171875,165.42999267578125,6424200
2025-05-22,164.44000244140625,166.1999969482422,164.02000427246094,165.02999877929688,6245600
2025-05-23,164.8300018310547,166.22000122070312,163.47999572753906,165.86000061035156,5349800
2025-05-27,165.27000427246094,167.97999572753906,165.27000427246094,167.75999450683594,11423800
2025-05-28,167.64999389648438,168.83999633789062,167.05999755859375,167.36000061035156,5385900
2025-05-29,166.74000549316406,168.99000549316406,166.44000244140625,168.55999755859375,4842500
2025-05-30,168.75,170.99000549316406,168.60000610351562,169.88999938964844,12587500
2025-06-02,169.02000427246094,169.0399932861328,166.22999572753906,167.77999877929688,7574400
2025-06-03,166.77999877929688,167.41000366210938,165.89999389648438,166.85000610351562,6223000
2025-06-04,166.69000244140625,168.0500030517578,165.9199981689453,165.9499969482422,4939000
2025-06-05,165.42999267578125,165.44000244140625,162.50999450683594,162.8000030517578,10351800
2025-06-06,163.2899932861328,165.24000549316406,163.27999877929688,164.02000427246094,5697700
2025-06-09,163.38999938964844,164.02000427246094,162.07000732421875,162.55999755859375,6544200
2025-06-10,162.69000244140625,163.50999450683594,161.9199981689453,162.83999633789062,7680000
2025-06-11,162.6300048828125,162.77000427246094,161.69000244140625,162.11000061035156,5960100
2025-06-12,161.97000122070312,163.30999755859375,161.67999267578125,163.17999267578125,6509900
2025-06-13,162.75999450683594,163.02999877929688,159.91000366210938,160.27999877929688,7104500
2025-06-16,160.8800048828125,161.9499969482422,160.00999450683594,160.8800048828125,6332000
2025-06-17,160.05999755859375,160.3699951171875,158.30999755859375,158.52000427246094,6809700
2025-06-18,158.5500030517578,158.64999389648438,157.66000366210938,158.02000427246094,7211200
2025-06-20,158.02999877929688,159.33999633789062,157.85000610351562,159.0800018310547,16173400
2025-06-23,159.07000732421875,161.19000244140625,159.0,161.02999877929688,6588200
2025-06-24,161.17999267578125,161.74000549316406,159.64999389648438,160.36000061035156,7470100
2025-06-25,159.82000732421875,160.33999633789062,158.7100067138672,158.97000122070312,5933700
2025-06-26,159.5500030517578,159.55999755859375,157.1699981689453,158.6300048828125,7410400
2025-06-27,158.67999267578125,160.1300048828125,158.2899932861328,159.86000061035156,19257000
2025-06-30,159.25999450683594,159.89999389648438,158.1300048828125,159.32000732421875,11238200
2025-07-01,159.8800048828125,162.52999877929688,159.3800048828125,161.22000122070312,10664900
2025-07-02,161.13999938964844,161.35000610351562,159.86000061035156,161.1999969482422,8848700
2025-07-03,161.7899932861328,162.02000427246094,159.7899932861328,160.8300018310547,6999600
2025-07-07,160.88999938964844,161.17999267578125,159.2899932861328,160.5,7225700
2025-07-08,159.52000427246094,159.77999877929688,157.44000244140625,157.88999938964844,12034800
2025-07-09,158.10000610351562,158.1999969482422,155.9499969482422,157.52000427246094,18770900
2025-07-10,157.75999450683594,159.61000061035156,157.0399932861328,158.49000549316406,7200500
2025-07-11,158.0500030517578,158.0500030517578,156.44000244140625,157.0500030517578,8053800
2025-07-14,155.5800018310547,155.8000030517578,152.86000061035156,153.75999450683594,11491700
2025-07-15,153.55999755859375,154.0500030517578,151.89999389648438,152.67999267578125,9142600
2025-07-16,152.74000549316406,153.75999450683594,152.27000427246094,153.72999572753906,8479000
2025-07-17,154.0399932861328,155.75,153.8800048828125,155.6199951171875,8320000
2025-07-18,153.77999877929688,155.57000732421875,153.6300048828125,155.10000610351562,7337300
2025-07-21,155.07000732421875,155.94000244140625,154.88999938964844,155.02999877929688,6328400
2025-07-22,154.9199981689453,158.3699951171875,154.89999389648438,158.32000732421875,8187000
2025-07-23,158.22000122070312,158.8800048828125,157.67999267578125,158.27999877929688,4804800
2025-07-24,158.8699951171875,159.02000427246094,158.0500030517578,158.80999755859375,7027400
2025-07-25,157.33999633789062,158.44000244140625,157.02000427246094,158.3000030517578,5799900
2025-07-28,157.6300048828125,158.08999633789062,156.22999572753906,157.11000061035156,7885000
2025-07-29,158.64999389648438,158.64999389648438,154.83999633789062,156.61000061035156,11466100
2025-07-30,157.0,157.0,152.0500030517578,152.8800048828125,8162900
2025-07-31,151.8000030517578,152.0,149.91000366210938,150.47000122070312,11845400
2025-08-01,151.77999877929688,153.49000549316406,150.52000427246094,150.64999389648438,8594200
2025-08-04,150.25,151.4600067138672,150.02000427246094,150.75999450683594,7679400
2025-08-05,150.7100067138672,152.0800018310547,150.32000732421875,150.50999450683594,6670100
2025-08-06,150.86000061035156,153.47999572753906,150.2100067138672,152.86000061035156,7376200
2025-08-07,153.1199951171875,154.00999450683594,152.6999969482422,153.49000549316406,6719000
2025-08-08,152.77000427246094,153.7899932861328,152.57000732421875,153.50999450683594,5811000
2025-08-11,153.5399932861328,155.38999938964844,153.30999755859375,154.97999572753906,7331700
2025-08-12,155.05999755859375,155.5399932861328,154.30999755859375,155.08999633789062,6938000
2025-08-13,155.2100067138672,157.00999450683594,154.9499969482422,155.41000366210938,5812400
2025-08-14,154.63999938964844,154.6999969482422,153.27000427246094,153.74000549316406,6343700
2025-08-15,154.47000122070312,155.60000610351562,154.2100067138672,154.36000061035156,7121700
2025-08-18,154.4199981689453,156.9199981689453,154.1699981689453,155.72000122070312,8274500
2025-08-19,155.72999572753906,158.6999969482422,155.6699981689453,158.39999389648438,7868100
2025-08-20,158.5800018310547,161.02999877929688,158.41000366210938,159.50999450683594,7840400
2025-08-21,157.92999267578125,159.05999755859375,157.17999267578125,158.72999572753906,6417500
2025-08-22,159.3800048828125,160.67999267578125,158.30999755859375,158.6699981689453,5797300
2025-08-25,158.38999938964844,158.6999969482422,155.88999938964844,156.14999389648438,4692500
2025-08-26,155.9199981689453,156.6999969482422,155.33999633789062,155.97000122070312,6338000
2025-08-27,156.14999389648438,157.1300048828125,155.7899932861328,156.9600067138672,4551200
2025-08-28,157.0,157.00999450683594,155.02999877929688,155.64999389648438,5857400
2025-08-29,156.08999633789062,157.55999755859375,155.64999389648438,157.0399932861328,5318200
2025-09-02,157.36000061035156,158.86000061035156,156.97999572753906,157.99000549316406,6432800
2025-09-03,157.64999389648438,158.63999938964844,156.5,158.1699981689453,6592500
2025-09-04,158.52000427246094,159.75,157.80999755859375,159.19000244140625,6934900
2025-09-05,158.5500030517578,160.55999755859375,158.41000366210938,160.02000427246094,6436200
2025-09-08,159.61000061035156,160.27000427246094,158.25,159.00999450683594,7178400
2025-09-09,158.61000061035156,159.8699951171875,158.1999969482422,159.4600067138672,4984900
2025-09-10,158.60000610351562,158.94000244140625,155.88999938964844,157.35000610351562,6205500
2025-09-11,157.72000122070312,159.35000610351562,157.38999938964844,158.6300048828125,5819500
2025-09-12,157.92999267578125,159.1300048828125,157.77999877929688,157.89999389648438,5957000
2025-09-15,157.8800048828125,158.52000427246094,156.1999969482422,156.8300018310547,5995000
2025-09-16,157.13999938964844,158.38999938964844,156.88999938964844,158.0500030517578,6559600
2025-09-17,158.42999267578125,161.6699981689453,158.42999267578125,160.3300018310547,6764200
2025-09-18,158.14999389648438,159.02000427246094,157.16000366210938,157.32000732421875,7651500
2025-09-19,157.61000061035156,157.6199951171875,155.97000122070312,156.0399932861328,17224800
2025-09-22,156.0800018310547,156.0800018310547,153.0500030517578,153.07000732421875,8712900
2025-09-23,153.1999969482422,153.2899932861328,150.97000122070312,152.5,8853400
2025-09-24,152.0500030517578,153.6300048828125,151.7899932861328,152.4199981689453,6483300
2025-09-25,153.22999572753906,153.8800048828125,151.77999877929688,152.14999389648438,7511400
2025-09-26,152.22999572753906,152.67999267578125,151.52999877929688,152.5,5721100
2025-09-29,152.4199981689453,153.72000122070312,151.7899932861328,153.52999877929688,8139700
2025-09-30,153.4600067138672,154.3800048828125,152.83999633789062,153.64999389648438,7762600
2025-10-01,153.6999969482422,153.88999938964844,151.41000366210938,153.17999267578125,7566000
2025-10-02,152.72000122070312,152.8000030517578,151.6300048828125,152.0500030517578,6892100
2025-10-03,152.0,153.42999267578125,152.0,152.27000427246094,5212600
2025-10-06,151.5,152.32000732421875,150.39999389648438,150.41000366210938,6737000
2025-10-07,150.75999450683594,153.1699981689453,150.0500030517578,152.5399932861328,6844400
2025-10-08,152.7899932861328,152.7899932861328,150.6300048828125,150.69000244140625,5254700
2025-10-09,150.74000549316406,150.8699951171875,149.5800018310547,150.5800018310547,6134500
2025-10-10,150.94000244140625,151.50999450683594,149.4499969482422,149.69000244140625,7374000
2025-10-13,149.0,149.42999267578125,146.97000122070312,147.49000549316406,7511100
2025-10-14,147.57000732421875,149.25,147.0800018310547,149.16000366210938,8585300
2025-10-15,148.52999877929688,149.41000366210938,147.27000427246094,147.4199981689453,10003100
2025-10-16,148.00999450683594,150.39999389648438,147.9199981689453,149.60000610351562,8809700
2025-10-17,150.57000732421875,152.02999877929688,150.42999267578125,151.39999389648438,8612900
2025-10-20,151.58999633789062,152.38999938964844,151.3000030517578,151.9600067138672,5601300
2025-10-21,151.9600067138672,152.27999877929688,150.8699951171875,151.6199951171875,6013400
2025-10-22,151.3000030517578,153.4600067138672,150.7899932861328,152.1999969482422,6394400
2025-10-23,152.35000610351562,153.3000030517578,150.5800018310547,152.2100067138672,8205400
2025-10-24,156.39999389648438,157.39999389648438,151.52999877929688,152.49000549316406,11968500
2025-10-27,151.61000061035156,151.75999450683594,150.1300048828125,151.74000549316406,7775300
2025-10-28,151.1199951171875,153.1699981689453,150.6199951171875,151.3699951171875,5819300
2025-10-29,150.66000366210938,150.97000122070312,148.47000122070312,148.77000427246094,7405500
2025-10-30,149.47000122070312,150.8000030517578,149.33999633789062,149.5800018310547,6760700
2025-10-31,148.7100067138672,151.10000610351562,148.52999877929688,150.3699951171875,7930300
2025-11-03,150.10000610351562,150.22000122070312,147.77000427246094,148.02000427246094,8946400
2025-11-04,148.60000610351562,149.5,146.25,147.1699981689453,9295400
2025-11-05,146.8699951171875,147.4199981689453,145.64999389648438,145.7899932861328,11199900
2025-11-06,145.8800048828125,146.67999267578125,144.4600067138672,146.1300048828125,10024500
2025-11-07,146.9499969482422,147.94000244140625,146.0,146.97999572753906,8500100
2025-11-10,146.3800048828125,146.6199951171875,144.08999633789062,145.5,10208100
2025-11-11,145.9600067138672,148.64999389648438,145.6699981689453,148.5399932861328,7332500
2025-11-12,148.52999877929688,149.14999389648438,147.50999450683594,148.00999450683594,7851100
2025-11-13,148.17999267578125,149.0,147.63999938964844,147.9600067138672,7566800
2025-11-14,149.10000610351562,149.3800048828125,147.61000061035156,147.6699981689453,9150800
2025-11-17,147.75,147.97999572753906,145.00999450683594,145.82000732421875,9902300
2025-11-18,146.3300018310547,147.38999938964844,145.50999450683594,146.99000549316406,10735200
2025-11-19,146.9600067138672,147.5399932861328,145.86000061035156,146.99000549316406,6367000
2025-11-20,146.63999938964844,148.66000366210938,146.1300048828125,148.19000244140625,9021300
2025-11-21,148.3800048828125,151.5,148.3000030517578,150.9199981689453,12018000
2025-11-24,150.10000610351562,150.41000366210938,146.5399932861328,146.97999572753906,13846900
2025-11-25,147.32000732421875,148.64999389648438,147.22000122070312,148.49000549316406,10477700
2025-11-26,147.9199981689453,148.97000122070312,147.61000061035156,148.25,9238500
2025-11-28,147.8000030517578,148.7100067138672,147.17999267578125,148.16000366210938,4707200
2025-12-01,148.10000610351562,148.88999938964844,147.35000610351562,147.44000244140625,8240700
2025-12-02,145.2899932861328,146.19000244140625,142.50999450683594,145.86000061035156,16376800
2025-12-03,145.9199981689453,148.2899932861328,145.86000061035156,146.7100067138672,9125300
2025-12-04,146.6699981689453,147.4199981689453,144.5,145.36000061035156,10479300
2025-12-05,145.16000366210938,145.6300048828125,143.25,143.4499969482422,12791700
2025-12-08,142.91000366210938,142.91000366210938,138.13999938964844,138.33999633789062,17507500
2025-12-09,139.19000244140625,140.8800048828125,139.0,139.6300048828125,10375700
2025-12-10,139.64999389648438,141.27999877929688,139.5399932861328,139.82000732421875,13650400
2025-12-11,141.0,141.83999633789062,140.36000061035156,140.75999450683594,11798000
2025-12-12,141.0,143.11000061035156,140.83999633789062,142.83999633789062,10268800
2025-12-15,143.27000427246094,145.32000732421875,143.1999969482422,145.1300048828125,13877700
2025-12-16,146.10000610351562,146.5399932861328,144.64999389648438,145.2100067138672,10251700
2025-12-17,146.69000244140625,148.4499969482422,146.4499969482422,147.80999755859375,9833300
2025-12-18,146.6199951171875,147.5,145.35000610351562,145.52000427246094,12239900
2025-12-19,145.50999450683594,146.0500030517578,143.94000244140625,144.4600067138672,19345600
2025-12-22,143.7100067138672,144.39999389648438,142.4199981689453,142.69000244140625,11731400
2025-12-23,142.49000549316406,143.72999572753906,142.0800018310547,143.17999267578125,9541600
2025-12-24,142.89999389648438,144.74000549316406,142.8300018310547,144.49000549316406,3259200
2025-12-26,144.30999755859375,145.63999938964844,144.30999755859375,144.74000549316406,4711500
2025-12-29,144.8000030517578,145.07000732421875,143.9499969482422,144.57000732421875,7662100
2025-12-30,144.2899932861328,144.4600067138672,143.57000732421875,144.0500030517578,6006400
2025-12-31,144.0,144.13999938964844,143.22999572753906,143.30999755859375,5293200
2026-01-02,143.11000061035156,143.33999633789062,141.24000549316406,141.7899932861328,8946100
2026-01-05,141.10000610351562,141.35000610351562,139.60000610351562,140.3699951171875,12297300
2026-01-06,140.38999938964844,141.4199981689453,139.50999450683594,139.91000366210938,10421800
2026-01-07,139.8000030517578,139.8000030517578,137.6199951171875,138.0399932861328,14369100
2026-01-08,137.88999938964844,141.77999877929688,137.82000732421875,141.52999877929688,9297100
2026-01-09,141.6999969482422,142.3300018310547,140.8300018310547,141.8699951171875,9528500
2026-01-12,142.27999877929688,143.8800048828125,141.7100067138672,143.4600067138672,12812000
2026-01-13,144.0,144.33999633789062,142.97000122070312,144.24000549316406,15549200
2026-01-14,144.67999267578125,146.89999389648438,144.3699951171875,146.35000610351562,13475000
2026-01-15,145.67999267578125,146.35000610351562,144.35000610351562,144.6300048828125,10102800
2026-01-16,143.75999450683594,144.72999572753906,143.66000366210938,144.52999877929688,11729300
2026-01-20,144.4600067138672,147.0,144.1199951171875,147.0,12901400
2026-01-21,147.05999755859375,147.3699951171875,144.97000122070312,146.05999755859375,14126800
2026-01-22,148.0800018310547,150.91000366210938,147.5,149.92999267578125,18501900
2026-01-23,150.83999633789062,151.64999389648438,149.8000030517578,150.14999389648438,14562600
2026-01-26,150.1199951171875,150.8800048828125,148.52000427246094,149.49000549316406,12655700
2026-01-27,148.07000732421875,149.63999938964844,147.92999267578125,148.33999633789062,9546000
2026-01-28,148.0,148.7100067138672,146.7899932861328,147.33999633789062,7465800
2026-01-29,147.2899932861328,150.1300048828125,147.11000061035156,149.89999389648438,11035600
2026-01-30,150.42999267578125,151.97000122070312,149.14999389648438,151.77000427246094,12651400
2026-02-02,152.4199981689453,153.72999572753906,151.25,153.19000244140625,10554900
2026-02-03,152.58999633789062,156.52999877929688,152.1999969482422,155.32000732421875,12424700
2026-02-04,156.1300048828125,158.3699951171875,155.75999450683594,156.8699951171875,12178500
2026-02-05,158.83999633789062,159.64999389648438,156.1199951171875,158.61000061035156,13077700
2026-02-06,158.24000549316406,159.99000549316406,158.00999450683594,159.1699981689453,10441700
2026-02-09,158.75999450683594,159.27999877929688,156.02000427246094,157.3300018310547,11439900
2026-02-10,157.52999877929688,160.14999389648438,156.72000122070312,159.0800018310547,9910100
2026-02-11,158.63999938964844,161.13999938964844,158.19000244140625,160.0,10217300
2026-02-12,160.02000427246094,163.13999938964844,159.64999389648438,161.2100067138672,13512900
2026-02-13,161.74000549316406,162.57000732421875,159.7100067138672,160.07000732421875,13998900
2026-02-17,159.9499969482422,162.1699981689453,158.8800048828125,159.5500030517578,13319100
2026-02-18,158.97999572753906,158.97999572753906,155.77000427246094,156.86000061035156,14434300
2026-02-19,156.8300018310547,159.9600067138672,156.8300018310547,158.55999755859375,10724600
2026-02-20,159.1300048828125,161.05999755859375,158.16000366210938,160.77999877929688,11508100
2026-02-23,160.32000732421875,165.36000061035156,160.3000030517578,165.1699981689453,14772400
2026-02-24,164.89999389648438,166.8699951171875,163.94000244140625,165.27999877929688,9709500
2026-02-25,164.5399932861328,165.0,162.10000610351562,163.38999938964844,7878500
2026-02-26,164.22000122070312,164.5,162.86000061035156,163.75,7028600
2026-02-27,164.0399932861328,167.25,163.69000244140625,167.1999969482422,14878500
2026-03-02,165.2899932861328,166.5500030517578,163.4499969482422,163.50999450683594,9095500
2026-03-03,162.19000244140625,162.19000244140625,158.6199951171875,159.72000122070312,10161000
2026-03-04,159.44000244140625,159.61000061035156,157.30999755859375,158.3000030517578,8752700
2026-03-05,156.94000244140625,157.10000610351562,153.77000427246094,153.99000549316406,10060300
2026-03-06,153.66000366210938,154.42999267578125,151.88999938964844,153.6300048828125,8187900
2026-03-09,153.14999389648438,156.22999572753906,152.89999389648438,155.22000122070312,12494900
2026-03-10,155.49000549316406,157.14999389648438,153.60000610351562,156.00999450683594,7756800
2026-03-11,155.22999572753906,155.3800048828125,151.42999267578125,153.32000732421875,8855100
2026-03-12,152.2100067138672,153.0500030517578,150.3300018310547,150.5,8489300
2026-03-13,151.3699951171875,152.5500030517578,150.17999267578125,150.64999389648438,7298900
2026-03-16,151.86000061035156,152.63999938964844,150.64999389648438,152.1199951171875,6944000
2026-03-17,153.00999450683594,153.4600067138672,151.1999969482422,151.47999572753906,6147700
2026-03-18,149.30999755859375,149.6199951171875,146.4600067138672,146.7100067138672,10059300
2026-03-19,146.22000122070312,147.3800048828125,144.7899932861328,144.83999633789062,10340300
2026-03-20,144.99000549316406,145.82000732421875,144.25,144.27999877929688,60620900
2026-03-23,146.14999389648438,146.14999389648438,143.47999572753906,143.99000549316406,10315600
2026-03-24,143.3300018310547,145.22999572753906,142.22999572753906,143.16000366210938,8567600
2026-03-25,143.74000549316406,144.10000610351562,142.22999572753906,143.9199981689453,8418100
2026-03-26,143.69000244140625,144.57000732421875,142.24000549316406,142.4199981689453,6443200
2026-03-27,142.72000122070312,144.0800018310547,142.00999450683594,142.7100067138672,11558300
2026-03-30,143.0399932861328,145.57000732421875,142.57000732421875,144.72000122070312,11616300
2026-03-31,144.82000732421875,144.9199981689453,142.27999877929688,144.44000244140625,10407500
2026-04-01,143.9199981689453,144.97000122070312,143.2100067138672,144.08999633789062,8061700
2026-04-02,144.08999633789062,144.2100067138672,142.5800018310547,143.1199951171875,5941700
2026-04-06,143.00999450683594,143.6699981689453,141.9199981689453,142.77000427246094,6823100
2026-04-07,142.52000427246094,142.77000427246094,140.74000549316406,141.3000030517578,7207500
2026-04-08,143.14999389648438,145.11000061035156,141.8699951171875,144.89999389648438,10849700
2026-04-09,144.38999938964844,146.94000244140625,143.0,146.66000366210938,6794800
2026-04-10,146.88999938964844,146.88999938964844,144.75999450683594,145.16000366210938,9790300
2026-04-13,145.0,145.08999633789062,142.6300048828125,143.5800018310547,7121400
2026-04-14,143.24000549316406,144.72000122070312,142.77000427246094,144.3800048828125,6621600
2026-04-15,144.36000061035156,144.39999389648438,142.25999450683594,143.3800048828125,7698200
2026-04-16,143.1999969482422,144.2899932861328,142.66000366210938,143.11000061035156,6947100
2026-04-17,143.41000366210938,147.58999633789062,143.16000366210938,146.92999267578125,10886000
2026-04-20,146.05999755859375,146.66000366210938,143.58999633789062,144.49000549316406,8084700
2026-04-21,144.6199951171875,144.6199951171875,142.32000732421875,142.32000732421875,11197200
2026-04-22,142.5,143.3000030517578,142.22000122070312,142.85000610351562,7236300
2026-04-23,143.39999389648438,146.22999572753906,143.39999389648438,145.7100067138672,11288800
2026-04-24,152.00999450683594,152.4199981689453,147.6199951171875,148.17999267578125,13786200
2026-04-27,147.4199981689453,149.6999969482422,147.4199981689453,148.39999389648438,9166400
2026-04-28,150.02999877929688,151.19000244140625,148.42999267578125,149.1699981689453,7965700
2026-04-29,148.3000030517578,148.75,145.88999938964844,146.4600067138672,9002400
2026-04-30,147.08999633789062,147.72000122070312,145.9499969482422,147.08999633789062,9491700
2026-05-01,147.8699951171875,149.27999877929688,146.4600067138672,147.25999450683594,6814800
2026-05-04,146.05999755859375,146.05999755859375,143.27000427246094,143.4199981689453,9642800
2026-05-05,143.3800048828125,145.89999389648438,142.17999267578125,144.89999389648438,7664300
2026-05-06,146.39999389648438,148.9499969482422,145.94000244140625,147.89999389648438,9399500
2026-05-07,147.99000549316406,147.99000549316406,146.02000427246094,146.05999755859375,9545800
2026-05-08,146.5500030517578,147.52000427246094,146.2100067138672,146.4199981689453,5741000
2026-05-11,145.7899932861328,145.9499969482422,141.97000122070312,143.36000061035156,7489500
2026-05-12,144.35000610351562,145.86000061035156,142.86000061035156,143.91000366210938,9051200
2026-05-13,143.14999389648438,144.6699981689453,141.66000366210938,142.24000549316406,6685900
2026-05-14,143.17999267578125,144.27999877929688,142.6300048828125,142.7100067138672,9636200
2026-05-15,143.39999389648438,143.39999389648438,141.1999969482422,141.57000732421875,6989400
2026-05-18,142.10000610351562,144.42999267578125,141.6300048828125,142.38999938964844,7731200
2026-05-19,142.47000122070312,143.7100067138672,140.85000610351562,141.3000030517578,8355800
2026-05-20,141.4499969482422,143.22000122070312,140.6199951171875,142.44000244140625,8375600
2026-05-21,141.8800048828125,143.72000122070312,140.08999633789062,143.39999389648438,6297300
2026-05-22,143.8699951171875,144.63999938964844,143.52999877929688,144.44000244140625,4616700
2026-05-26,144.50999450683594,145.61000061035156,142.52999877929688,142.9600067138672,8157200
2026-05-27,143.4600067138672,148.5399932861328,143.4600067138672,147.49000549316406,10048900
2026-05-28,146.6999969482422,146.6999969482422,145.00999450683594,145.91000366210938,10196700
2026-05-29,145.52000427246094,145.63999938964844,143.1999969482422,143.55999755859375,12355800
2026-06-01,141.52000427246094,141.82000732421875,138.86000061035156,140.27999877929688,11093800
2026-06-02,140.1199951171875,141.1199951171875,139.02999877929688,140.82000732421875,9599500
2026-06-03,140.92999267578125,142.4499969482422,140.0,140.19000244140625,9351000
2026-06-04,142.6999969482422,143.13999938964844,139.88999938964844,140.77999877929688,8194000
2026-06-05,142.22000122070312,148.22999572753906,141.8000030517578,146.5399932861328,10963200
2026-06-08,145.7899932861328,146.5500030517578,145.02000427246094,145.10000610351562,7200700
2026-06-09,144.6699981689453,149.47999572753906,144.52999877929688,148.6699981689453,8259300
2026-06-10,149.91000366210938,150.42999267578125,148.3800048828125,149.0500030517578,7345900
2026-06-11,148.6999969482422,149.6199951171875,147.77000427246094,148.33999633789062,6684700
2026-06-12,149.3800048828125,150.1999969482422,148.3000030517578,149.61000061035156,6832000
2026-06-15,148.75999450683594,151.5,148.75999450683594,150.4600067138672,9158900
2026-06-16,151.50999450683594,153.02000427246094,150.5500030517578,152.49000549316406,8518900
2026-06-17,152.3800048828125,152.94000244140625,149.77000427246094,150.55999755859375,7055800
2026-06-18,150.8699951171875,152.2899932861328,150.17999267578125,150.3800048828125,17076100
2026-06-22,150.11000061035156,150.88999938964844,147.57000732421875,147.67999267578125,10533000
2026-06-23,149.66000366210938,151.3699951171875,149.3699951171875,150.86000061035156,7259600
2026-06-24,151.99000549316406,153.35000610351562,150.9199981689453,152.0399932861328,8618500
2026-06-25,151.57000732421875,152.2899932861328,147.82000732421875,148.5,11197200
2026-06-26,150.33999633789062,150.8800048828125,148.4199981689453,149.02000427246094,16724600
2026-06-29,148.72999572753906,149.0500030517578,147.0399932861328,148.4499969482422,10387700
2026-06-30,147.52999877929688,147.52999877929688,144.1699981689453,146.63999938964844,9353800
2026-07-01,146.52999877929688,147.5,145.5500030517578,147.42999267578125,9571700
2026-07-02,148.5800018310547,151.6699981689453,147.74000549316406,151.41000366210938,9256000
2026-07-06,150.67999267578125,151.22000122070312,146.9600067138672,149.30999755859375,8323100
2026-07-07,152.66000366210938,153.49000549316406,150.61000061035156,152.75,8061400
2026-07-08,150.9600067138672,151.07000732421875,148.35000610351562,148.39999389648438,14272300
2026-07-09,146.77000427246094,147.66000366210938,145.60000610351562,146.85000610351562,7748000
2026-07-10,147.10000610351562,148.58999633789062,146.7100067138672,147.0399932861328,12473000
2026-07-13,148.0800018310547,150.0500030517578,147.11000061035156,148.3699951171875,7816100
2026-07-14,148.3699951171875,148.75,145.58999633789062,146.0800018310547,7668100
2026-07-15,145.27999877929688,148.58999633789062,144.66000366210938,148.0500030517578,6180000
2026-07-16,149.49000549316406,151.52000427246094,148.17999267578125,151.5,6485400
2026-07-17,152.86000061035156,154.32000732421875,149.30999755859375,149.97999572753906,8917400
2026-07-20,149.55999755859375,150.10000610351562,148.42999267578125,149.1300048828125,5788300
2026-07-21,147.86000061035156,148.41000366210938,146.8800048828125,148.10000610351562,7027600
2026-07-22,149.5,150.4600067138672,148.82000732421875,149.1300048828125,5371200
