Date,Open,High,Low,Close,Volume
2018-07-23,47.58000183105469,47.70000076293945,47.130001068115234,47.36000061035156,2342800
2018-07-24,47.189998626708984,47.68000030517578,46.65999984741211,47.540000915527344,4285800
2018-07-25,47.31999969482422,47.790000915527344,47.310001373291016,47.54999923706055,3674500
2018-07-26,47.91999816894531,48.22999954223633,47.75,48.08000183105469,5977700
2018-07-27,48.130001068115234,48.290000915527344,47.790000915527344,47.970001220703125,3439700
2018-07-30,47.91999816894531,48.04999923706055,47.650001525878906,47.90999984741211,3360500
2018-07-31,48.04999923706055,48.650001525878906,48.0,48.599998474121094,5986100
2018-08-01,48.41999816894531,48.470001220703125,47.65999984741211,48.08000183105469,5303600
2018-08-02,48.08000183105469,48.540000915527344,47.90999984741211,48.470001220703125,4906800
2018-08-03,48.439998626708984,49.029998779296875,48.20000076293945,48.93000030517578,4288600
2018-08-06,48.900001525878906,49.43000030517578,48.84000015258789,48.9900016784668,4468300
2018-08-07,48.93000030517578,49.220001220703125,48.709999084472656,49.08000183105469,4575700
2018-08-08,47.45000076293945,47.5,46.70000076293945,46.880001068115234,10954000
2018-08-09,46.09000015258789,46.869998931884766,45.880001068115234,46.810001373291016,7202200
2018-08-10,46.720001220703125,46.81999969482422,46.060001373291016,46.130001068115234,6840000
2018-08-13,46.27000045776367,46.459999084472656,46.04999923706055,46.400001525878906,4918200
2018-08-14,46.400001525878906,46.81999969482422,46.310001373291016,46.720001220703125,4402900
2018-08-15,46.81999969482422,47.43000030517578,46.68000030517578,47.150001525878906,6350100
2018-08-16,47.060001373291016,47.619998931884766,46.93000030517578,47.5,6024400
2018-08-17,46.93000030517578,47.099998474121094,46.650001525878906,46.970001220703125,5421500
2018-08-20,46.90999984741211,46.939998626708984,46.54999923706055,46.61000061035156,4245200
2018-08-21,46.5099983215332,46.56999969482422,45.93000030517578,46.0,5648200
2018-08-22,45.9900016784668,46.0,45.08000183105469,45.2599983215332,7524100
2018-08-23,45.27000045776367,45.4900016784668,45.029998779296875,45.13999938964844,5877300
2018-08-24,45.16999816894531,45.220001220703125,44.93000030517578,45.029998779296875,6664300
2018-08-27,45.040000915527344,45.09000015258789,44.45000076293945,44.630001068115234,7225400
2018-08-28,44.54999923706055,44.630001068115234,44.31999969482422,44.33000183105469,6929800
2018-08-29,44.41999816894531,44.66999816894531,44.349998474121094,44.540000915527344,6845900
2018-08-30,44.540000915527344,44.63999938964844,44.060001373291016,44.189998626708984,5573000
2018-08-31,44.18000030517578,44.38999938964844,43.630001068115234,43.779998779296875,6210000
2018-09-04,43.77000045776367,44.27000045776367,43.720001220703125,43.88999938964844,7283500
2018-09-05,43.88999938964844,44.66999816894531,43.81999969482422,44.65999984741211,9068300
2018-09-06,44.79999923706055,45.97999954223633,44.650001525878906,45.7599983215332,11908100
2018-09-07,45.34000015258789,45.47999954223633,44.31999969482422,44.33000183105469,9198200
2018-09-10,44.540000915527344,44.66999816894531,44.130001068115234,44.36000061035156,6248800
2018-09-11,44.369998931884766,44.41999816894531,44.0,44.16999816894531,6197300
2018-09-12,44.15999984741211,44.459999084472656,43.709999084472656,44.119998931884766,4486500
2018-09-13,44.11000061035156,44.33000183105469,43.65999984741211,44.290000915527344,5140300
2018-09-14,44.15999984741211,44.209999084472656,43.61000061035156,43.900001525878906,5383500
2018-09-17,43.95000076293945,44.459999084472656,43.810001373291016,44.38999938964844,4496000
2018-09-18,44.380001068115234,44.880001068115234,44.22999954223633,44.790000915527344,5845800
2018-09-19,44.810001373291016,44.810001373291016,43.54999923706055,43.70000076293945,7345600
2018-09-20,43.650001525878906,43.68000030517578,43.099998474121094,43.290000915527344,10364700
2018-09-21,43.209999084472656,44.13999938964844,43.150001525878906,44.0099983215332,13119100
2018-09-24,43.90999984741211,44.310001373291016,43.61000061035156,43.83000183105469,9173100
2018-09-25,43.43000030517578,43.459999084472656,42.68000030517578,42.72999954223633,9874500
2018-09-26,42.880001068115234,43.20000076293945,42.56999969482422,42.65999984741211,10275500
2018-09-27,42.689998626708984,43.7400016784668,42.650001525878906,43.2400016784668,9961800
2018-09-28,43.33000183105469,43.77000045776367,43.279998779296875,43.599998474121094,7748800
2018-10-01,43.4900016784668,43.5,42.93000030517578,43.18000030517578,4762300
2018-10-02,43.36000061035156,43.65999984741211,43.2400016784668,43.43000030517578,5066700
2018-10-03,43.40999984741211,43.459999084472656,42.5099983215332,42.790000915527344,6818000
2018-10-04,42.68000030517578,43.349998474121094,42.540000915527344,42.97999954223633,8156500
2018-10-05,43.04999923706055,43.939998626708984,42.97999954223633,43.709999084472656,6106900
2018-10-08,43.810001373291016,44.34000015258789,43.66999816894531,43.91999816894531,5947300
2018-10-09,43.97999954223633,44.349998474121094,43.810001373291016,44.119998931884766,5865400
2018-10-10,44.189998626708984,44.63999938964844,43.93000030517578,43.939998626708984,7005100
2018-10-11,44.09000015258789,44.20000076293945,43.369998931884766,43.540000915527344,8222900
2018-10-12,43.4900016784668,43.72999954223633,43.029998779296875,43.58000183105469,6174300
2018-10-15,43.7400016784668,44.63999938964844,43.599998474121094,44.220001220703125,6543100
2018-10-16,44.119998931884766,44.77000045776367,43.900001525878906,44.5099983215332,4487600
2018-10-17,44.40999984741211,44.58000183105469,44.15999984741211,44.310001373291016,4176200
2018-10-18,44.43000030517578,44.529998779296875,44.09000015258789,44.29999923706055,4606600
2018-10-19,44.290000915527344,45.58000183105469,44.220001220703125,45.06999969482422,6466500
2018-10-22,45.04999923706055,45.33000183105469,44.70000076293945,44.970001220703125,3815500
2018-10-23,44.959999084472656,45.349998474121094,44.54999923706055,44.72999954223633,5034600
2018-10-24,44.91999816894531,46.2599983215332,44.630001068115234,46.02000045776367,7469400
2018-10-25,45.81999969482422,45.81999969482422,45.040000915527344,45.27000045776367,5570100
2018-10-26,45.5,45.689998626708984,44.5099983215332,44.86000061035156,7821300
2018-10-29,45.040000915527344,45.959999084472656,44.970001220703125,45.88999938964844,6919600
2018-10-30,46.0,46.33000183105469,45.16999816894531,45.81999969482422,7970200
2018-10-31,45.5,45.5,44.619998931884766,45.029998779296875,8395700
2018-11-01,45.040000915527344,45.16999816894531,44.45000076293945,44.900001525878906,5398200
2018-11-02,44.97999954223633,45.0,44.33000183105469,44.7400016784668,5800200
2018-11-05,44.880001068115234,45.439998626708984,44.849998474121094,45.25,5316900
2018-11-06,45.20000076293945,45.68000030517578,45.11000061035156,45.66999816894531,5054200
2018-11-07,45.779998779296875,47.099998474121094,45.619998931884766,47.0099983215332,8829300
2018-11-08,47.04999923706055,47.220001220703125,46.2400016784668,46.58000183105469,5475600
2018-11-09,46.560001373291016,47.0,46.31999969482422,46.810001373291016,6378300
2018-11-12,46.650001525878906,47.47999954223633,46.529998779296875,46.88999938964844,5580200
2018-11-13,46.779998779296875,47.380001068115234,46.630001068115234,47.27000045776367,5165700
2018-11-14,47.099998474121094,47.689998626708984,47.0099983215332,47.400001525878906,6180800
2018-11-15,47.25,47.2599983215332,46.560001373291016,47.18000030517578,7808400
2018-11-16,46.880001068115234,47.20000076293945,46.58000183105469,46.88999938964844,7552000
2018-11-19,46.790000915527344,47.18000030517578,46.68000030517578,47.040000915527344,5301300
2018-11-20,47.09000015258789,47.33000183105469,46.369998931884766,46.65999984741211,6324500
2018-11-21,46.5,46.599998474121094,45.540000915527344,45.630001068115234,6920800
2018-11-23,45.77000045776367,45.869998931884766,45.38999938964844,45.720001220703125,2805400
2018-11-26,45.72999954223633,45.939998626708984,45.349998474121094,45.650001525878906,5739300
2018-11-27,45.63999938964844,46.25,45.4900016784668,46.09000015258789,6882000
2018-11-28,46.09000015258789,46.290000915527344,45.81999969482422,46.119998931884766,5182600
2018-11-29,46.119998931884766,46.54999923706055,45.650001525878906,46.540000915527344,4810900
2018-11-30,46.63999938964844,47.369998931884766,46.5099983215332,47.33000183105469,7133600
2018-12-03,47.08000183105469,47.4900016784668,46.869998931884766,47.4900016784668,4647500
2018-12-04,47.65999984741211,47.88999938964844,47.16999816894531,47.2400016784668,7202200
2018-12-06,47.40999984741211,47.470001220703125,45.61000061035156,46.52000045776367,8745600
2018-12-07,46.5,47.54999923706055,46.20000076293945,46.97999954223633,5786900
2018-12-10,47.0,47.41999816894531,46.310001373291016,47.220001220703125,5023500
2018-12-11,47.400001525878906,47.779998779296875,47.279998779296875,47.560001373291016,5526400
2018-12-12,47.560001373291016,47.83000183105469,46.93000030517578,47.0099983215332,5418900
2018-12-13,47.150001525878906,47.97999954223633,47.150001525878906,47.54999923706055,5298800
2018-12-14,47.5099983215332,47.720001220703125,47.11000061035156,47.33000183105469,3710600
2018-12-17,47.400001525878906,47.68000030517578,45.880001068115234,46.0,6726300
2018-12-18,46.20000076293945,46.58000183105469,45.40999984741211,45.529998779296875,6184700
2018-12-19,45.7400016784668,46.040000915527344,45.08000183105469,45.279998779296875,8112000
2018-12-20,45.279998779296875,45.689998626708984,44.47999954223633,45.09000015258789,8836400
2018-12-21,44.939998626708984,46.2400016784668,44.81999969482422,45.09000015258789,12739700
2018-12-24,44.939998626708984,45.2599983215332,42.93000030517578,43.02000045776367,5339800
2018-12-26,43.13999938964844,43.65999984741211,42.5,43.63999938964844,5686400
2018-12-27,43.599998474121094,43.95000076293945,42.93000030517578,43.95000076293945,7048100
2018-12-28,44.0099983215332,44.380001068115234,43.7599983215332,43.95000076293945,4722700
2018-12-31,43.959999084472656,44.150001525878906,43.43000030517578,43.91999816894531,4394000
2019-01-02,43.88999938964844,43.95000076293945,43.2599983215332,43.720001220703125,5756100
2019-01-03,43.7599983215332,44.689998626708984,43.7599983215332,44.34000015258789,9405500
2019-01-04,44.119998931884766,44.72999954223633,44.040000915527344,44.709999084472656,5680700
2019-01-07,44.5099983215332,44.7599983215332,44.18000030517578,44.61000061035156,5397800
2019-01-08,44.61000061035156,45.970001220703125,44.5,45.880001068115234,7246200
2019-01-09,45.79999923706055,46.040000915527344,45.31999969482422,45.4900016784668,6687600
2019-01-10,45.599998474121094,46.41999816894531,45.380001068115234,46.34000015258789,4634900
2019-01-11,46.220001220703125,46.790000915527344,45.81999969482422,46.61000061035156,6137000
2019-01-14,46.189998626708984,46.459999084472656,45.54999923706055,46.15999984741211,6328900
2019-01-15,46.08000183105469,47.09000015258789,46.06999969482422,46.790000915527344,5433100
2019-01-16,46.529998779296875,46.939998626708984,46.2599983215332,46.869998931884766,5475300
2019-01-17,46.86000061035156,47.11000061035156,46.630001068115234,47.06999969482422,3578600
2019-01-18,47.099998474121094,47.2400016784668,46.88999938964844,47.220001220703125,4015400
2019-01-22,46.959999084472656,47.220001220703125,46.4900016784668,47.06999969482422,5292400
2019-01-23,47.06999969482422,47.61000061035156,46.97999954223633,47.58000183105469,4754800
2019-01-24,47.599998474121094,48.0,47.18000030517578,47.959999084472656,4812200
2019-01-25,47.849998474121094,48.16999816894531,47.369998931884766,47.5,4862400
2019-01-28,47.5099983215332,47.619998931884766,47.11000061035156,47.43000030517578,3927000
2019-01-29,47.58000183105469,47.84000015258789,47.369998931884766,47.58000183105469,5205000
2019-01-30,47.4900016784668,48.119998931884766,47.36000061035156,47.869998931884766,3556200
2019-01-31,47.93000030517578,48.68000030517578,47.560001373291016,48.599998474121094,7149000
2019-02-01,48.540000915527344,48.650001525878906,47.939998626708984,48.4900016784668,4216100
2019-02-04,48.099998474121094,48.61000061035156,47.810001373291016,48.61000061035156,4306300
2019-02-05,48.56999969482422,48.810001373291016,48.310001373291016,48.72999954223633,5116600
2019-02-06,48.56999969482422,48.79999923706055,48.400001525878906,48.540000915527344,3224100
2019-02-07,48.540000915527344,49.18000030517578,48.33000183105469,49.15999984741211,4178500
2019-02-08,49.0,49.130001068115234,48.720001220703125,49.119998931884766,4033100
2019-02-11,49.04999923706055,49.380001068115234,49.02000045776367,49.2400016784668,5158600
2019-02-12,49.2599983215332,49.619998931884766,48.93000030517578,49.369998931884766,3926000
2019-02-13,49.310001373291016,49.349998474121094,49.0,49.220001220703125,3815300
2019-02-14,49.20000076293945,49.45000076293945,48.939998626708984,49.20000076293945,4007900
2019-02-15,48.84000015258789,48.959999084472656,48.45000076293945,48.560001373291016,4647700
2019-02-19,48.540000915527344,48.959999084472656,48.41999816894531,48.91999816894531,6270500
2019-02-20,49.02000045776367,50.0,48.75,49.7400016784668,9627100
2019-02-21,49.33000183105469,50.349998474121094,49.2400016784668,50.220001220703125,8402900
2019-02-22,50.11000061035156,50.540000915527344,49.689998626708984,50.369998931884766,7245500
2019-02-25,50.25,50.290000915527344,49.27000045776367,49.560001373291016,5728100
2019-02-26,49.72999954223633,49.79999923706055,49.0099983215332,49.220001220703125,6112700
2019-02-27,49.09000015258789,49.540000915527344,49.0099983215332,49.380001068115234,3288500
2019-02-28,49.36000061035156,49.880001068115234,49.13999938964844,49.689998626708984,6105400
2019-03-01,49.790000915527344,50.08000183105469,49.349998474121094,49.97999954223633,4261600
2019-03-04,50.099998474121094,50.189998626708984,49.619998931884766,50.099998474121094,4078700
2019-03-05,50.0,50.31999969482422,49.959999084472656,50.06999969482422,3951300
2019-03-06,50.22999954223633,50.31999969482422,49.93000030517578,50.130001068115234,3603300
2019-03-07,50.27000045776367,50.63999938964844,50.16999816894531,50.4900016784668,5103300
2019-03-08,50.52000045776367,50.90999984741211,50.310001373291016,50.900001525878906,4039000
2019-03-11,50.90999984741211,51.40999984741211,50.849998474121094,51.400001525878906,5685900
2019-03-12,51.439998626708984,51.81999969482422,51.380001068115234,51.68000030517578,5173100
2019-03-13,51.650001525878906,51.869998931884766,51.470001220703125,51.72999954223633,4390900
2019-03-14,51.75,51.95000076293945,51.45000076293945,51.529998779296875,4696200
2019-03-15,51.47999954223633,51.93000030517578,51.29999923706055,51.86000061035156,8350500
2019-03-18,51.880001068115234,51.91999816894531,51.540000915527344,51.779998779296875,4443600
2019-03-19,51.779998779296875,51.790000915527344,50.77000045776367,50.9900016784668,6250400
2019-03-20,51.029998779296875,51.54999923706055,50.88999938964844,51.18000030517578,4241000
2019-03-21,51.13999938964844,51.65999984741211,51.099998474121094,51.56999969482422,3091600
2019-03-22,51.72999954223633,52.310001373291016,51.560001373291016,51.880001068115234,6068100
2019-03-25,52.0,52.20000076293945,51.75,52.04999923706055,3043300
2019-03-26,52.099998474121094,52.540000915527344,52.0,52.529998779296875,3253000
2019-03-27,52.56999969482422,52.650001525878906,51.9900016784668,52.22999954223633,3441100
2019-03-28,52.279998779296875,52.31999969482422,51.2599983215332,51.349998474121094,4552300
2019-03-29,51.470001220703125,51.68000030517578,51.209999084472656,51.68000030517578,6053500
2019-04-01,51.68000030517578,51.68000030517578,50.97999954223633,51.40999984741211,5059100
2019-04-02,51.5,51.65999984741211,51.02000045776367,51.63999938964844,4050200
2019-04-03,51.599998474121094,51.66999816894531,51.189998626708984,51.5,4654600
2019-04-04,51.68000030517578,51.689998626708984,50.88999938964844,51.20000076293945,3881200
2019-04-05,51.290000915527344,51.709999084472656,51.099998474121094,51.650001525878906,3983000
2019-04-08,51.619998931884766,51.70000076293945,51.279998779296875,51.5099983215332,3675900
2019-04-09,51.5,51.97999954223633,51.41999816894531,51.95000076293945,3972500
2019-04-10,51.9900016784668,52.41999816894531,51.70000076293945,51.77000045776367,4464400
2019-04-11,51.88999938964844,52.22999954223633,51.7400016784668,52.119998931884766,4481300
2019-04-12,51.959999084472656,52.5099983215332,51.630001068115234,52.5,3819300
2019-04-15,52.5,52.810001373291016,52.380001068115234,52.720001220703125,4936000
2019-04-16,52.61000061035156,52.97999954223633,52.16999816894531,52.38999938964844,5586500
2019-04-17,52.5,52.5,52.06999969482422,52.15999984741211,3582300
2019-04-18,52.09000015258789,52.45000076293945,51.900001525878906,51.959999084472656,3717100
2019-04-22,51.959999084472656,52.20000076293945,51.79999923706055,51.93000030517578,3290100
2019-04-23,51.959999084472656,52.18000030517578,51.45000076293945,51.84000015258789,4253000
2019-04-24,51.880001068115234,52.369998931884766,51.84000015258789,52.22999954223633,3069600
2019-04-25,52.06999969482422,52.630001068115234,51.900001525878906,52.439998626708984,2755500
2019-04-26,52.709999084472656,53.0,52.47999954223633,52.540000915527344,2810600
2019-04-29,52.439998626708984,52.52000045776367,52.040000915527344,52.2599983215332,3315100
2019-04-30,52.349998474121094,53.290000915527344,52.18000030517578,53.220001220703125,7218500
2019-05-01,52.22999954223633,53.209999084472656,52.15999984741211,52.52000045776367,6057600
2019-05-02,52.599998474121094,53.11000061035156,52.2400016784668,52.75,4842100
2019-05-03,52.88999938964844,53.369998931884766,52.7599983215332,53.2400016784668,3490500
2019-05-06,53.15999984741211,53.400001525878906,52.849998474121094,53.0099983215332,4033800
2019-05-07,53.0099983215332,53.220001220703125,52.63999938964844,52.86000061035156,3557800
2019-05-08,52.84000015258789,52.9900016784668,52.15999984741211,52.20000076293945,3965100
2019-05-09,52.2599983215332,52.61000061035156,52.18000030517578,52.36000061035156,4080500
2019-05-10,52.22999954223633,53.41999816894531,52.22999954223633,53.369998931884766,4165800
2019-05-13,53.29999923706055,54.13999938964844,53.25,54.099998474121094,6482400
2019-05-14,53.900001525878906,54.040000915527344,53.5099983215332,53.630001068115234,4294500
2019-05-15,53.7400016784668,53.9900016784668,53.599998474121094,53.63999938964844,4033100
2019-05-16,53.59000015258789,54.279998779296875,53.52000045776367,54.060001373291016,5262200
2019-05-17,53.06999969482422,54.0,53.0099983215332,53.81999969482422,4847500
2019-05-20,53.9900016784668,54.18000030517578,53.79999923706055,54.08000183105469,3459500
2019-05-21,54.08000183105469,54.439998626708984,53.849998474121094,53.970001220703125,3435000
2019-05-22,54.04999923706055,54.220001220703125,53.88999938964844,54.11000061035156,3904700
2019-05-23,54.20000076293945,54.439998626708984,54.04999923706055,54.34000015258789,4640800
2019-05-24,54.400001525878906,54.77000045776367,54.290000915527344,54.349998474121094,2830100
2019-05-28,54.400001525878906,54.470001220703125,53.459999084472656,53.560001373291016,4747900
2019-05-29,53.7400016784668,53.81999969482422,52.779998779296875,52.88999938964844,3254200
2019-05-30,53.0,53.34000015258789,52.83000183105469,53.0,3254800
2019-05-31,53.099998474121094,53.56999969482422,52.970001220703125,53.5,3925000
2019-06-03,53.5,54.209999084472656,53.36000061035156,54.15999984741211,4210400
2019-06-04,54.09000015258789,54.27000045776367,53.150001525878906,54.20000076293945,3868500
2019-06-05,54.189998626708984,55.04999923706055,54.06999969482422,54.810001373291016,5624000
2019-06-06,55.04999923706055,55.439998626708984,54.7400016784668,55.380001068115234,4727200
2019-06-07,55.529998779296875,55.95000076293945,54.70000076293945,54.709999084472656,4097200
2019-06-10,54.709999084472656,54.790000915527344,54.119998931884766,54.47999954223633,4450800
2019-06-11,54.369998931884766,54.779998779296875,54.2599983215332,54.54999923706055,3396000
2019-06-12,54.7599983215332,55.150001525878906,54.68000030517578,55.150001525878906,2884700
2019-06-13,55.150001525878906,55.27000045776367,54.68000030517578,55.150001525878906,3444600
2019-06-14,55.369998931884766,55.79999923706055,55.220001220703125,55.650001525878906,4081200
2019-06-17,55.630001068115234,55.84000015258789,55.119998931884766,55.5,2989100
2019-06-18,55.720001220703125,55.75,54.790000915527344,55.2599983215332,3842100
2019-06-19,55.02000045776367,56.0099983215332,54.9900016784668,55.7400016784668,6153400
2019-06-20,55.81999969482422,56.22999954223633,55.439998626708984,56.02000045776367,4018700
2019-06-21,55.849998474121094,56.31999969482422,55.52000045776367,56.27000045776367,8627300
2019-06-24,56.33000183105469,56.540000915527344,55.95000076293945,56.279998779296875,3741200
2019-06-25,56.25,56.38999938964844,55.880001068115234,55.97999954223633,2704600
2019-06-26,55.849998474121094,55.880001068115234,54.959999084472656,54.97999954223633,4704100
2019-06-27,55.15999984741211,55.310001373291016,54.65999984741211,55.08000183105469,3413800
2019-06-28,55.029998779296875,55.560001373291016,54.849998474121094,55.279998779296875,5611000
2019-07-01,55.099998474121094,55.27000045776367,54.439998626708984,54.84000015258789,4354100
2019-07-02,55.09000015258789,55.880001068115234,55.060001373291016,55.86000061035156,2913900
2019-07-03,56.0,56.540000915527344,56.0,56.310001373291016,2629500
2019-07-05,55.93000030517578,56.40999984741211,55.349998474121094,56.36000061035156,3133900
2019-07-08,56.470001220703125,56.56999969482422,55.9900016784668,56.310001373291016,2789200
2019-07-09,56.43000030517578,56.63999938964844,56.08000183105469,56.560001373291016,3590900
2019-07-10,56.66999816894531,57.08000183105469,56.34000015258789,56.90999984741211,3406100
2019-07-11,56.81999969482422,56.900001525878906,56.099998474121094,56.4900016784668,3583400
2019-07-12,56.56999969482422,56.619998931884766,55.56999969482422,55.66999816894531,4341300
2019-07-15,55.540000915527344,56.209999084472656,55.5,56.11000061035156,4005300
2019-07-16,56.0,56.15999984741211,55.41999816894531,55.65999984741211,3127400
2019-07-17,55.779998779296875,56.11000061035156,55.68000030517578,55.790000915527344,3223800
2019-07-18,55.86000061035156,56.2400016784668,55.34000015258789,56.130001068115234,3379900
2019-07-19,55.970001220703125,56.2400016784668,55.25,55.27000045776367,5517800
2019-07-22,55.400001525878906,55.61000061035156,54.869998931884766,55.47999954223633,4623300
2019-07-23,55.5,55.619998931884766,55.0099983215332,55.41999816894531,3023300
2019-07-24,55.459999084472656,55.66999816894531,55.099998474121094,55.63999938964844,3613900
2019-07-25,55.540000915527344,55.810001373291016,55.25,55.36000061035156,3280900
2019-07-26,55.34000015258789,55.83000183105469,55.20000076293945,55.7400016784668,2288700
2019-07-29,55.95000076293945,56.20000076293945,55.650001525878906,56.11000061035156,3329300
2019-07-30,56.11000061035156,56.20000076293945,55.02000045776367,55.290000915527344,6918500
2019-07-31,55.75,56.63999938964844,55.150001525878906,56.20000076293945,7190500
2019-08-01,56.25,57.369998931884766,55.88999938964844,56.97999954223633,6143400
2019-08-02,57.279998779296875,57.75,56.790000915527344,57.36000061035156,4389100
2019-08-05,57.5099983215332,57.709999084472656,55.689998626708984,55.93000030517578,5779800
2019-08-06,55.9900016784668,57.13999938964844,55.380001068115234,56.939998626708984,5004100
2019-08-07,57.0,57.81999969482422,56.279998779296875,57.45000076293945,5139500
2019-08-08,57.459999084472656,58.290000915527344,57.040000915527344,58.189998626708984,3842300
2019-08-09,58.189998626708984,58.560001373291016,57.939998626708984,58.33000183105469,3097500
2019-08-12,58.43000030517578,58.779998779296875,58.290000915527344,58.68000030517578,3080000
2019-08-13,58.2599983215332,58.33000183105469,57.13999938964844,57.20000076293945,10429300
2019-08-14,57.349998474121094,57.880001068115234,56.959999084472656,57.060001373291016,13002000
2019-08-15,57.150001525878906,57.84000015258789,56.88999938964844,57.630001068115234,5623600
2019-08-16,57.20000076293945,57.619998931884766,56.970001220703125,57.47999954223633,6259100
2019-08-19,57.400001525878906,58.279998779296875,57.22999954223633,57.939998626708984,4640400
2019-08-20,57.900001525878906,58.0,57.58000183105469,57.689998626708984,4010300
2019-08-21,57.65999984741211,57.970001220703125,57.380001068115234,57.95000076293945,4406500
2019-08-22,58.0,58.58000183105469,57.779998779296875,58.45000076293945,4368700
2019-08-23,58.599998474121094,58.84000015258789,57.40999984741211,57.68000030517578,4926200
2019-08-26,57.709999084472656,58.34000015258789,57.599998474121094,58.34000015258789,3838100
2019-08-27,58.459999084472656,58.68000030517578,57.70000076293945,57.7599983215332,6155600
2019-08-28,57.959999084472656,58.34000015258789,57.619998931884766,57.810001373291016,5194400
2019-08-29,58.099998474121094,58.150001525878906,57.59000015258789,58.119998931884766,4883300
2019-08-30,58.16999816894531,58.45000076293945,57.81999969482422,58.2599983215332,7426700
2019-09-03,58.279998779296875,59.79999923706055,58.2400016784668,59.77000045776367,9082500
2019-09-04,59.9900016784668,60.650001525878906,59.720001220703125,60.11000061035156,5577900
2019-09-05,59.720001220703125,59.900001525878906,59.099998474121094,59.5,6242300
2019-09-06,59.7599983215332,59.900001525878906,59.41999816894531,59.68000030517578,4680700
2019-09-09,59.459999084472656,59.630001068115234,58.810001373291016,59.02000045776367,4730900
2019-09-10,58.900001525878906,59.189998626708984,58.56999969482422,59.189998626708984,4459100
2019-09-11,59.09000015258789,59.790000915527344,58.869998931884766,59.709999084472656,4344200
2019-09-12,60.0,60.380001068115234,59.560001373291016,59.9900016784668,4333700
2019-09-13,59.77000045776367,60.29999923706055,59.529998779296875,60.130001068115234,5492500
2019-09-16,60.20000076293945,60.290000915527344,59.720001220703125,59.86000061035156,4658600
2019-09-17,59.95000076293945,60.81999969482422,59.95000076293945,60.54999923706055,3962000
2019-09-18,60.79999923706055,60.90999984741211,60.29999923706055,60.79999923706055,3896900
2019-09-19,60.900001525878906,61.13999938964844,60.79999923706055,61.060001373291016,3502700
2019-09-20,61.20000076293945,61.25,60.630001068115234,61.11000061035156,7474800
2019-09-23,61.060001373291016,61.439998626708984,60.880001068115234,61.31999969482422,3888900
2019-09-24,61.52000045776367,62.36000061035156,61.5,61.97999954223633,5090400
2019-09-25,61.970001220703125,62.060001373291016,61.41999816894531,61.72999954223633,4208300
2019-09-26,61.79999923706055,62.08000183105469,61.599998474121094,61.86000061035156,2890300
2019-09-27,61.88999938964844,62.0,61.380001068115234,61.77000045776367,2991400
2019-09-30,61.83000183105469,62.040000915527344,61.599998474121094,61.77000045776367,3441800
2019-10-01,61.599998474121094,61.91999816894531,61.400001525878906,61.880001068115234,3022400
2019-10-02,61.869998931884766,61.900001525878906,60.959999084472656,61.150001525878906,4189000
2019-10-03,61.20000076293945,61.43000030517578,60.869998931884766,61.36000061035156,4216200
2019-10-04,61.439998626708984,62.18000030517578,61.209999084472656,62.04999923706055,3556700
2019-10-07,62.0,62.08000183105469,61.619998931884766,61.91999816894531,3355000
2019-10-08,61.91999816894531,62.029998779296875,61.349998474121094,61.36000061035156,3510900
2019-10-09,61.56999969482422,62.099998474121094,61.5,61.900001525878906,2897100
2019-10-10,61.630001068115234,62.11000061035156,61.279998779296875,61.79999923706055,3601000
2019-10-11,61.7400016784668,61.939998626708984,61.29999923706055,61.52000045776367,3459100
2019-10-14,61.630001068115234,61.7400016784668,60.779998779296875,60.91999816894531,2890700
2019-10-15,60.970001220703125,61.150001525878906,60.540000915527344,60.70000076293945,3648200
2019-10-16,60.61000061035156,61.20000076293945,60.45000076293945,61.09000015258789,4395400
2019-10-17,61.02000045776367,61.2599983215332,60.66999816894531,61.060001373291016,3444500
2019-10-18,60.869998931884766,61.279998779296875,60.7599983215332,61.13999938964844,4178700
2019-10-21,60.97999954223633,61.630001068115234,60.959999084472656,61.59000015258789,3146400
2019-10-22,61.70000076293945,61.86000061035156,61.349998474121094,61.439998626708984,2667400
2019-10-23,61.43000030517578,61.95000076293945,61.43000030517578,61.95000076293945,2796800
2019-10-24,61.939998626708984,62.040000915527344,61.7599983215332,61.95000076293945,2452000
2019-10-25,62.040000915527344,62.06999969482422,61.15999984741211,61.349998474121094,2865600
2019-10-28,61.09000015258789,61.41999816894531,60.83000183105469,61.0099983215332,4342900
2019-10-29,60.869998931884766,61.400001525878906,60.689998626708984,60.91999816894531,4874200
2019-10-30,61.0099983215332,62.880001068115234,61.0,62.630001068115234,5253200
2019-10-31,62.56999969482422,62.689998626708984,62.15999984741211,62.65999984741211,5169900
2019-11-01,62.869998931884766,63.09000015258789,62.060001373291016,62.2599983215332,4353500
2019-11-04,62.33000183105469,62.369998931884766,61.540000915527344,61.7400016784668,4050100
2019-11-05,61.47999954223633,61.880001068115234,61.130001068115234,61.36000061035156,3958900
2019-11-06,61.4900016784668,62.0099983215332,61.4900016784668,61.849998474121094,2812700
2019-11-07,61.5,61.560001373291016,60.380001068115234,60.709999084472656,5991700
2019-11-08,60.599998474121094,61.2599983215332,60.599998474121094,61.2599983215332,3909100
2019-11-11,61.27000045776367,61.27000045776367,60.41999816894531,60.470001220703125,3400700
2019-11-12,60.61000061035156,60.90999984741211,60.47999954223633,60.689998626708984,3337900
2019-11-13,60.86000061035156,62.130001068115234,60.86000061035156,61.90999984741211,4965900
2019-11-14,62.2599983215332,62.70000076293945,61.939998626708984,62.38999938964844,5399800
2019-11-15,61.84000015258789,62.20000076293945,61.75,62.20000076293945,5433400
2019-11-18,62.2599983215332,63.08000183105469,62.2599983215332,62.47999954223633,4968300
2019-11-19,61.95000076293945,62.61000061035156,61.779998779296875,62.209999084472656,3639200
2019-11-20,62.20000076293945,62.83000183105469,62.119998931884766,62.779998779296875,3057800
2019-11-21,62.83000183105469,62.93000030517578,62.5099983215332,62.68000030517578,2776700
2019-11-22,62.880001068115234,63.02000045776367,62.36000061035156,62.88999938964844,3629200
2019-11-25,62.88999938964844,63.290000915527344,62.040000915527344,62.18000030517578,6383700
2019-11-26,62.34000015258789,62.38999938964844,61.9900016784668,62.25,8201000
2019-11-27,62.310001373291016,62.45000076293945,61.900001525878906,62.310001373291016,3532000
2019-11-29,62.5099983215332,62.88999938964844,61.9900016784668,61.9900016784668,1863800
2019-12-02,61.84000015258789,62.0099983215332,61.349998474121094,61.599998474121094,4334100
2019-12-03,62.08000183105469,62.400001525878906,61.75,62.369998931884766,4746300
2019-12-04,62.310001373291016,62.95000076293945,62.25,62.689998626708984,5336100
2019-12-05,62.540000915527344,62.84000015258789,62.369998931884766,62.7599983215332,3217000
2019-12-06,62.720001220703125,62.84000015258789,62.099998474121094,62.13999938964844,3520600
2019-12-09,62.13999938964844,62.27000045776367,61.31999969482422,61.439998626708984,4310500
2019-12-10,61.439998626708984,61.439998626708984,60.09000015258789,60.33000183105469,7917500
2019-12-11,60.650001525878906,61.0,60.34000015258789,60.689998626708984,5796500
2019-12-12,60.5,61.04999923706055,60.27000045776367,60.709999084472656,6446500
2019-12-13,60.650001525878906,61.18000030517578,60.439998626708984,60.7599983215332,5158600
2019-12-16,60.9900016784668,62.31999969482422,60.97999954223633,62.27000045776367,7574900
2019-12-17,62.400001525878906,64.26000213623047,62.33000183105469,63.70000076293945,10599000
2019-12-18,63.56999969482422,63.869998931884766,63.18000030517578,63.630001068115234,6382800
2019-12-19,63.59000015258789,63.630001068115234,62.38999938964844,63.06999969482422,8192100
2019-12-20,63.75,64.1500015258789,63.31999969482422,63.86000061035156,11392300
2019-12-23,63.7599983215332,63.95000076293945,63.13999938964844,63.2599983215332,3678000
2019-12-24,63.27000045776367,63.290000915527344,62.959999084472656,63.130001068115234,1962500
2019-12-26,63.09000015258789,63.2400016784668,62.900001525878906,63.16999816894531,2361000
2019-12-27,63.04999923706055,63.47999954223633,62.9900016784668,63.459999084472656,2432000
2019-12-30,63.2400016784668,63.40999984741211,62.93000030517578,63.34000015258789,2772700
2019-12-31,63.310001373291016,63.720001220703125,63.18000030517578,63.70000076293945,3767500
2020-01-02,63.650001525878906,63.66999816894531,62.41999816894531,62.619998931884766,4675900
2020-01-03,62.529998779296875,62.90999984741211,62.43000030517578,62.560001373291016,3531800
2020-01-06,62.560001373291016,63.0,62.5099983215332,62.810001373291016,3507600
2020-01-07,62.560001373291016,62.72999954223633,62.2400016784668,62.619998931884766,3191700
2020-01-08,62.70000076293945,62.84000015258789,62.380001068115234,62.599998474121094,3413600
2020-01-09,62.70000076293945,63.279998779296875,62.54999923706055,63.2599983215332,3114700
2020-01-10,63.41999816894531,63.810001373291016,63.310001373291016,63.65999984741211,4427800
2020-01-13,63.75,64.81999969482422,63.709999084472656,64.54000091552734,5262100
2020-01-14,64.55000305175781,64.91999816894531,64.41000366210938,64.91999816894531,5153300
2020-01-15,65.0,65.69999694824219,64.93000030517578,65.58000183105469,3772400
2020-01-16,65.69000244140625,66.19000244140625,65.61000061035156,66.1500015258789,3145900
2020-01-17,66.33999633789062,67.33000183105469,66.22000122070312,67.26000213623047,6072600
2020-01-21,67.33999633789062,68.30000305175781,67.26000213623047,68.12000274658203,4546600
2020-01-22,68.25,68.58000183105469,68.12999725341797,68.30000305175781,3369800
2020-01-23,67.97000122070312,68.98999786376953,67.9000015258789,68.95999908447266,3481200
2020-01-24,69.0,69.5199966430664,68.86000061035156,69.44000244140625,5048900
2020-01-27,69.41000366210938,70.06999969482422,69.33999633789062,69.73999786376953,4412300
2020-01-28,69.75,70.44000244140625,69.5199966430664,70.05000305175781,4714600
2020-01-29,70.05000305175781,70.33000183105469,69.6500015258789,70.0999984741211,3252100
2020-01-30,70.05999755859375,70.9000015258789,69.7300033569336,70.8499984741211,3755400
2020-01-31,70.86000061035156,71.0999984741211,70.11000061035156,70.4000015258789,5469000
2020-02-03,70.66999816894531,70.77999877929688,70.19000244140625,70.69999694824219,3144600
2020-02-04,70.44999694824219,70.76000213623047,69.41000366210938,69.54000091552734,5504400
2020-02-05,69.4000015258789,69.55000305175781,68.5999984741211,69.02999877929688,6441600
2020-02-06,68.75,69.43000030517578,68.55999755859375,68.83999633789062,5625700
2020-02-07,69.02999877929688,69.13999938964844,68.30999755859375,68.37999725341797,3732400
2020-02-10,68.54000091552734,68.5999984741211,68.08999633789062,68.44000244140625,3659800
2020-02-11,68.56999969482422,68.77999877929688,68.2699966430664,68.58999633789062,3341900
2020-02-12,68.33999633789062,68.9000015258789,68.16999816894531,68.62000274658203,3545000
2020-02-13,68.5999984741211,69.66999816894531,68.54000091552734,69.54000091552734,4513500
2020-02-14,69.12000274658203,69.2300033569336,68.76000213623047,69.0199966430664,5032000
2020-02-18,69.16999816894531,69.55000305175781,69.1500015258789,69.4000015258789,5167500
2020-02-19,69.37999725341797,69.43000030517578,68.5999984741211,68.61000061035156,4894000
2020-02-20,67.55000305175781,69.91999816894531,67.52999877929688,69.80999755859375,5046500
2020-02-21,69.62999725341797,70.37000274658203,68.95999908447266,68.98999786376953,5386400
2020-02-24,68.73999786376953,69.47000122070312,67.69999694824219,67.80000305175781,5644300
2020-02-25,67.9000015258789,68.12999725341797,66.58999633789062,66.86000061035156,5246600
2020-02-26,66.77999877929688,67.55000305175781,66.1500015258789,66.19000244140625,5026400
2020-02-27,65.77999877929688,66.27999877929688,62.869998931884766,62.880001068115234,8529100
2020-02-28,61.70000076293945,61.86000061035156,59.06999969482422,60.36000061035156,15567600
2020-03-02,60.65999984741211,64.1500015258789,60.27000045776367,63.93000030517578,7744600
2020-03-03,64.7300033569336,66.0,63.61000061035156,63.900001525878906,9656500
2020-03-04,64.63999938964844,67.83999633789062,64.62999725341797,67.80000305175781,6517200
2020-03-05,67.0,68.55999755859375,66.30999755859375,67.56999969482422,7867000
2020-03-06,65.51000213623047,67.16000366210938,63.5,66.87000274658203,9790800
2020-03-09,62.86000061035156,65.11000061035156,61.70000076293945,62.15999984741211,8520000
2020-03-10,63.09000015258789,63.380001068115234,58.970001220703125,62.02000045776367,10316600
2020-03-11,60.439998626708984,60.7400016784668,57.09000015258789,58.18000030517578,7726600
2020-03-12,53.81999969482422,56.68000030517578,50.029998779296875,52.189998626708984,10790400
2020-03-13,55.119998931884766,55.189998626708984,51.0,53.970001220703125,9862400
2020-03-16,48.91999816894531,52.630001068115234,47.33000183105469,47.619998931884766,10451100
2020-03-17,49.0099983215332,56.58000183105469,48.93000030517578,56.560001373291016,10298100
2020-03-18,53.0099983215332,56.150001525878906,50.540000915527344,55.91999816894531,8141700
2020-03-19,55.91999816894531,56.02000045776367,50.5099983215332,50.900001525878906,6855400
2020-03-20,51.0099983215332,51.220001220703125,46.150001525878906,46.36000061035156,11839200
2020-03-23,45.68000030517578,45.84000015258789,41.959999084472656,43.22999954223633,10346000
2020-03-24,45.56999969482422,49.38999938964844,44.709999084472656,49.040000915527344,8055000
2020-03-25,48.90999984741211,52.0,47.220001220703125,50.13999938964844,8206500
2020-03-26,50.0,55.79999923706055,49.900001525878906,55.13999938964844,8647300
2020-03-27,53.220001220703125,58.2599983215332,53.0,56.0099983215332,10065000
2020-03-30,56.720001220703125,58.369998931884766,56.2599983215332,57.9900016784668,7222600
2020-03-31,57.0,57.290000915527344,53.59000015258789,54.13999938964844,9803300
2020-04-01,51.900001525878906,52.43000030517578,49.2599983215332,50.13999938964844,6932900
2020-04-02,49.40999984741211,52.849998474121094,49.310001373291016,52.400001525878906,5471100
2020-04-03,51.59000015258789,52.81999969482422,49.939998626708984,50.27000045776367,6180300
2020-04-06,52.529998779296875,56.20000076293945,52.22999954223633,55.400001525878906,6795800
2020-04-07,57.36000061035156,57.5,54.880001068115234,55.119998931884766,6086000
2020-04-08,55.279998779296875,58.619998931884766,54.79999923706055,58.18000030517578,5636100
2020-04-09,58.90999984741211,61.86000061035156,58.810001373291016,60.33000183105469,7529500
2020-04-13,60.0,60.22999954223633,57.15999984741211,57.720001220703125,4771400
2020-04-14,59.06999969482422,59.59000015258789,58.040000915527344,59.0,4522300
2020-04-15,57.97999954223633,57.9900016784668,55.47999954223633,55.88999938964844,5571900
2020-04-16,56.220001220703125,56.45000076293945,55.02000045776367,55.31999969482422,5003600
2020-04-17,56.5,57.849998474121094,56.0099983215332,57.470001220703125,4648100
2020-04-20,56.7599983215332,56.7599983215332,55.220001220703125,55.529998779296875,4436400
2020-04-21,54.90999984741211,55.81999969482422,54.400001525878906,55.5,5497900
2020-04-22,56.47999954223633,57.630001068115234,56.22999954223633,57.04999923706055,3662900
2020-04-23,57.0099983215332,57.5,56.099998474121094,56.79999923706055,4653200
2020-04-24,56.90999984741211,58.189998626708984,56.290000915527344,57.72999954223633,4860100
2020-04-27,58.189998626708984,59.22999954223633,57.970001220703125,58.47999954223633,4661900
2020-04-28,59.209999084472656,59.880001068115234,57.7599983215332,58.060001373291016,3713900
2020-04-29,59.220001220703125,59.29999923706055,57.27000045776367,57.369998931884766,4590300
2020-04-30,57.439998626708984,57.45000076293945,55.66999816894531,56.72999954223633,8494300
2020-05-01,56.18000030517578,56.31999969482422,54.09000015258789,54.40999984741211,4758700
2020-05-04,54.470001220703125,55.11000061035156,53.66999816894531,54.91999816894531,4480200
2020-05-05,55.2400016784668,56.2599983215332,55.15999984741211,55.630001068115234,4002700
2020-05-06,55.93000030517578,55.93000030517578,53.5,53.63999938964844,3796700
2020-05-07,54.279998779296875,54.75,53.869998931884766,54.22999954223633,4697700
2020-05-08,54.810001373291016,55.63999938964844,54.54999923706055,55.40999984741211,4349200
2020-05-11,54.869998931884766,56.0,54.02000045776367,55.810001373291016,6946800
2020-05-12,56.040000915527344,56.869998931884766,55.22999954223633,55.52000045776367,8897900
2020-05-13,55.16999816894531,55.459999084472656,53.31999969482422,53.790000915527344,7166300
2020-05-14,53.22999954223633,54.810001373291016,52.70000076293945,54.75,5028800
2020-05-15,53.599998474121094,53.720001220703125,51.9900016784668,52.540000915527344,7756200
2020-05-18,53.959999084472656,54.84000015258789,53.75,54.41999816894531,4266000
2020-05-19,54.09000015258789,54.369998931884766,53.560001373291016,53.56999969482422,3199300
2020-05-20,54.189998626708984,55.31999969482422,53.75,54.83000183105469,6340900
2020-05-21,54.72999954223633,55.099998474121094,53.689998626708984,53.83000183105469,3198500
2020-05-22,53.720001220703125,54.619998931884766,53.58000183105469,54.58000183105469,4437800
2020-05-26,55.5,55.83000183105469,54.540000915527344,54.65999984741211,6801200
2020-05-27,55.650001525878906,55.650001525878906,54.38999938964844,55.0099983215332,4483100
2020-05-28,55.689998626708984,57.04999923706055,55.52000045776367,56.90999984741211,4551000
2020-05-29,56.529998779296875,57.709999084472656,56.18000030517578,57.06999969482422,6581700
2020-06-01,57.099998474121094,58.119998931884766,56.52000045776367,57.70000076293945,3119300
2020-06-02,57.939998626708984,58.040000915527344,57.06999969482422,58.0,4098400
2020-06-03,58.34000015258789,59.31999969482422,58.099998474121094,58.709999084472656,3717700
2020-06-04,58.40999984741211,58.65999984741211,57.09000015258789,57.95000076293945,3346300
2020-06-05,58.349998474121094,60.02000045776367,58.2599983215332,58.45000076293945,4681600
2020-06-08,58.29999923706055,60.470001220703125,58.130001068115234,60.27000045776367,5035800
2020-06-09,59.349998474121094,59.689998626708984,58.2599983215332,59.36000061035156,7344200
2020-06-10,59.2599983215332,60.279998779296875,58.91999816894531,59.20000076293945,5150100
2020-06-11,58.0,58.189998626708984,55.81999969482422,56.09000015258789,5447600
2020-06-12,57.31999969482422,57.45000076293945,55.400001525878906,56.16999816894531,4533700
2020-06-15,55.29999923706055,56.959999084472656,54.52000045776367,56.41999816894531,4628200
2020-06-16,57.65999984741211,58.029998779296875,55.869998931884766,56.220001220703125,5000900
2020-06-17,56.47999954223633,56.52000045776367,55.29999923706055,56.040000915527344,4593200
2020-06-18,55.709999084472656,56.20000076293945,55.209999084472656,56.11000061035156,3770300
2020-06-19,56.88999938964844,57.099998474121094,53.61000061035156,53.61000061035156,10434600
2020-06-22,53.95000076293945,54.81999969482422,53.34000015258789,54.66999816894531,4692700
2020-06-23,55.290000915527344,55.439998626708984,53.2599983215332,53.27000045776367,6071100
2020-06-24,52.880001068115234,53.04999923706055,51.709999084472656,52.380001068115234,6370300
2020-06-25,52.099998474121094,52.25,50.720001220703125,51.25,6995100
2020-06-26,51.16999816894531,51.880001068115234,50.400001525878906,50.91999816894531,6730000
2020-06-29,51.369998931884766,51.560001373291016,50.619998931884766,51.560001373291016,3956200
2020-06-30,51.650001525878906,52.15999984741211,51.130001068115234,51.849998474121094,5075800
2020-07-01,51.86000061035156,53.060001373291016,51.65999984741211,52.869998931884766,3873300
2020-07-02,53.290000915527344,53.43000030517578,52.66999816894531,52.790000915527344,3413100
2020-07-06,52.9900016784668,53.4900016784668,52.060001373291016,52.61000061035156,3318800
2020-07-07,52.0,52.880001068115234,51.650001525878906,52.720001220703125,3520800
2020-07-08,52.52000045776367,53.31999969482422,52.45000076293945,53.060001373291016,3346100
2020-07-09,52.72999954223633,52.77000045776367,51.41999816894531,51.939998626708984,3700500
2020-07-10,52.0,53.40999984741211,52.0,53.22999954223633,4034500
2020-07-13,53.310001373291016,53.880001068115234,52.869998931884766,53.18000030517578,3562200
2020-07-14,53.060001373291016,54.18000030517578,53.04999923706055,53.68000030517578,6023600
2020-07-15,54.41999816894531,54.58000183105469,52.90999984741211,53.02000045776367,4380200
2020-07-16,53.15999984741211,53.90999984741211,53.04999923706055,53.7400016784668,3201100
2020-07-17,54.099998474121094,54.75,53.93000030517578,54.58000183105469,3806100
2020-07-20,54.34000015258789,54.650001525878906,54.060001373291016,54.2599983215332,3044100
2020-07-21,54.22999954223633,55.38999938964844,54.220001220703125,54.869998931884766,3954700
2020-07-22,54.720001220703125,56.27000045776367,53.959999084472656,55.779998779296875,3870400
2020-07-23,55.59000015258789,56.04999923706055,55.16999816894531,55.560001373291016,3690900
2020-07-24,55.84000015258789,56.29999923706055,54.650001525878906,54.849998474121094,2741800
2020-07-27,54.77000045776367,54.84000015258789,53.95000076293945,54.2599983215332,3341400
2020-07-28,54.099998474121094,55.63999938964844,54.099998474121094,55.279998779296875,2702900
2020-07-29,55.5,55.619998931884766,54.72999954223633,55.38999938964844,3248400
2020-07-30,55.310001373291016,55.529998779296875,54.27000045776367,55.2400016784668,4483900
2020-07-31,54.869998931884766,54.97999954223633,53.77000045776367,54.61000061035156,5643600
2020-08-03,54.56999969482422,54.61000061035156,53.880001068115234,54.0099983215332,3927600
2020-08-04,53.880001068115234,54.72999954223633,53.79999923706055,54.439998626708984,3803600
2020-08-05,54.599998474121094,54.63999938964844,53.279998779296875,53.400001525878906,4043300
2020-08-06,53.29999923706055,54.06999969482422,53.06999969482422,53.88999938964844,2713500
2020-08-07,53.560001373291016,54.93000030517578,53.560001373291016,54.689998626708984,3145000
2020-08-10,54.84000015258789,55.369998931884766,54.58000183105469,55.06999969482422,2255500
2020-08-11,55.27000045776367,55.380001068115234,54.029998779296875,54.189998626708984,5215700
2020-08-12,54.52000045776367,55.38999938964844,54.25,54.86000061035156,4673200
2020-08-13,54.619998931884766,55.04999923706055,54.45000076293945,55.0099983215332,3926100
2020-08-14,54.150001525878906,54.25,53.41999816894531,53.560001373291016,3122000
2020-08-17,53.560001373291016,54.029998779296875,53.25,53.59000015258789,2725500
2020-08-18,53.58000183105469,53.72999954223633,52.83000183105469,53.04999923706055,6647500
2020-08-19,53.369998931884766,53.47999954223633,52.939998626708984,53.189998626708984,2594200
2020-08-20,52.849998474121094,53.119998931884766,52.08000183105469,52.25,3309500
2020-08-21,52.459999084472656,52.54999923706055,51.86000061035156,52.369998931884766,3536900
2020-08-24,52.38999938964844,52.95000076293945,51.970001220703125,52.86000061035156,3386100
2020-08-25,53.029998779296875,53.060001373291016,52.189998626708984,52.40999984741211,2409100
2020-08-26,52.0099983215332,52.220001220703125,51.459999084472656,51.720001220703125,3015300
2020-08-27,51.75,52.36000061035156,51.650001525878906,52.20000076293945,3543000
2020-08-28,52.29999923706055,52.5099983215332,51.86000061035156,52.41999816894531,2867000
2020-08-31,52.11000061035156,52.650001525878906,52.040000915527344,52.18000030517578,3863500
2020-09-01,52.02000045776367,52.31999969482422,51.59000015258789,51.810001373291016,3214200
2020-09-02,51.77000045776367,53.4900016784668,51.61000061035156,53.209999084472656,4046900
2020-09-03,53.40999984741211,53.939998626708984,52.189998626708984,52.599998474121094,4326000
2020-09-04,52.709999084472656,52.869998931884766,51.52000045776367,52.290000915527344,3475700
2020-09-08,52.43000030517578,53.31999969482422,51.869998931884766,52.849998474121094,6763200
2020-09-09,53.15999984741211,53.810001373291016,52.66999816894531,52.849998474121094,4665400
2020-09-10,52.060001373291016,52.11000061035156,51.400001525878906,51.560001373291016,6263300
2020-09-11,51.529998779296875,51.959999084472656,51.220001220703125,51.7599983215332,3803000
2020-09-14,51.9900016784668,53.189998626708984,51.9900016784668,52.86000061035156,3705700
2020-09-15,53.119998931884766,53.79999923706055,52.7400016784668,53.0099983215332,3519000
2020-09-16,52.79999923706055,53.81999969482422,52.79999923706055,53.290000915527344,2842000
2020-09-17,52.97999954223633,53.54999923706055,52.560001373291016,53.52000045776367,3841900
2020-09-18,53.150001525878906,53.4900016784668,52.709999084472656,52.810001373291016,6289200
2020-09-21,52.720001220703125,53.150001525878906,52.209999084472656,53.029998779296875,4813100
2020-09-22,52.939998626708984,53.66999816894531,52.70000076293945,53.119998931884766,4047500
2020-09-23,53.29999923706055,53.29999923706055,52.47999954223633,52.529998779296875,2786700
2020-09-24,52.529998779296875,53.189998626708984,52.0099983215332,53.04999923706055,3146300
2020-09-25,52.70000076293945,53.849998474121094,52.529998779296875,53.810001373291016,3061900
2020-09-28,54.0,54.70000076293945,53.61000061035156,53.709999084472656,4436000
2020-09-29,53.95000076293945,54.18000030517578,53.220001220703125,53.70000076293945,2951300
2020-09-30,53.97999954223633,54.5,53.880001068115234,54.220001220703125,4659900
2020-10-01,54.29999923706055,54.7400016784668,53.97999954223633,54.619998931884766,5565800
2020-10-02,54.310001373291016,56.56999969482422,54.09000015258789,56.2599983215332,6696900
2020-10-05,56.31999969482422,57.36000061035156,56.27000045776367,57.16999816894531,5229100
2020-10-06,57.040000915527344,58.83000183105469,56.91999816894531,57.83000183105469,4779300
2020-10-07,58.18000030517578,58.61000061035156,57.68000030517578,57.79999923706055,3224300
2020-10-08,58.0,58.959999084472656,57.900001525878906,58.709999084472656,3003000
2020-10-09,59.0,59.20000076293945,58.380001068115234,58.7400016784668,3920600
2020-10-12,58.689998626708984,59.189998626708984,58.439998626708984,58.86000061035156,3807100
2020-10-13,58.45000076293945,58.70000076293945,57.45000076293945,58.34000015258789,3590500
2020-10-14,58.150001525878906,58.45000076293945,57.810001373291016,58.0,2596600
2020-10-15,57.61000061035156,58.209999084472656,57.380001068115234,58.02000045776367,3356700
2020-10-16,58.279998779296875,58.54999923706055,57.81999969482422,58.349998474121094,3241600
2020-10-19,58.43000030517578,59.04999923706055,58.0099983215332,58.040000915527344,3989500
2020-10-20,58.2599983215332,58.790000915527344,57.9900016784668,58.599998474121094,3384500
2020-10-21,58.220001220703125,59.16999816894531,58.15999984741211,58.869998931884766,3900500
2020-10-22,58.849998474121094,60.619998931884766,58.70000076293945,60.560001373291016,4964000
2020-10-23,60.7599983215332,61.2599983215332,60.4900016784668,60.849998474121094,4395200
2020-10-26,60.27000045776367,60.84000015258789,59.81999969482422,60.61000061035156,3949400
2020-10-27,60.77000045776367,61.099998474121094,60.209999084472656,60.209999084472656,3484200
2020-10-28,59.5,60.04999923706055,58.18000030517578,58.36000061035156,4240300
2020-10-29,57.93000030517578,59.220001220703125,57.0,58.209999084472656,3758900
2020-10-30,58.18000030517578,58.59000015258789,56.91999816894531,57.45000076293945,4145200
2020-11-02,58.02000045776367,59.25,57.779998779296875,59.0099983215332,3659400
2020-11-03,59.630001068115234,60.619998931884766,59.52000045776367,59.86000061035156,3121200
2020-11-04,59.52000045776367,60.959999084472656,59.29999923706055,59.7599983215332,4100000
2020-11-05,59.93000030517578,61.380001068115234,59.93000030517578,60.16999816894531,2758600
2020-11-06,60.27000045776367,60.790000915527344,59.630001068115234,59.959999084472656,2971200
2020-11-09,62.189998626708984,64.48999786376953,61.5,62.31999969482422,6353000
2020-11-10,62.619998931884766,64.66999816894531,62.529998779296875,64.16999816894531,5515400
2020-11-11,64.23999786376953,64.58000183105469,63.72999954223633,63.91999816894531,3459900
2020-11-12,63.54999923706055,64.51000213623047,62.970001220703125,63.52000045776367,4189700
2020-11-13,63.0,64.1500015258789,62.95000076293945,63.900001525878906,3654500
2020-11-16,64.80000305175781,64.93000030517578,63.689998626708984,64.12000274658203,4014000
2020-11-17,63.650001525878906,63.790000915527344,62.2400016784668,62.36000061035156,3770800
2020-11-18,62.720001220703125,63.08000183105469,61.720001220703125,61.779998779296875,3990500
2020-11-19,61.72999954223633,61.72999954223633,60.41999816894531,61.06999969482422,3394000
2020-11-20,60.97999954223633,61.470001220703125,60.63999938964844,60.880001068115234,3967300
2020-11-23,60.95000076293945,61.0099983215332,60.369998931884766,60.45000076293945,3324400
2020-11-24,60.9900016784668,61.470001220703125,60.5,61.189998626708984,3353100
2020-11-25,61.06999969482422,61.45000076293945,60.400001525878906,60.88999938964844,2849800
2020-11-27,60.790000915527344,60.79999923706055,60.220001220703125,60.650001525878906,1694800
2020-11-30,60.2599983215332,60.470001220703125,59.459999084472656,59.849998474121094,6823000
2020-12-01,60.58000183105469,61.849998474121094,60.040000915527344,60.56999969482422,5216800
2020-12-02,60.5099983215332,61.93000030517578,60.189998626708984,61.880001068115234,3892400
2020-12-03,61.65999984741211,62.209999084472656,61.380001068115234,61.880001068115234,4171400
2020-12-04,61.939998626708984,62.20000076293945,61.04999923706055,61.52000045776367,2928600
2020-12-07,61.290000915527344,62.13999938964844,61.16999816894531,61.72999954223633,4111000
2020-12-08,61.369998931884766,61.5,60.619998931884766,61.0,3677400
2020-12-09,61.0,61.27000045776367,60.470001220703125,60.77000045776367,2691400
2020-12-10,60.93000030517578,61.189998626708984,60.439998626708984,60.5,3206000
2020-12-11,60.27000045776367,60.619998931884766,60.189998626708984,60.41999816894531,2139800
2020-12-14,61.08000183105469,61.220001220703125,59.630001068115234,59.65999984741211,3017500
2020-12-15,60.369998931884766,61.22999954223633,59.790000915527344,60.86000061035156,3116300
2020-12-16,61.04999923706055,61.54999923706055,60.25,60.43000030517578,2670800
2020-12-17,60.810001373291016,61.439998626708984,60.75,61.06999969482422,2991500
2020-12-18,61.06999969482422,61.2599983215332,59.810001373291016,60.13999938964844,7612100
2020-12-21,59.720001220703125,60.06999969482422,59.04999923706055,60.0,4059200
2020-12-22,59.93000030517578,60.04999923706055,59.619998931884766,59.720001220703125,2714800
2020-12-23,60.0099983215332,60.369998931884766,59.36000061035156,59.380001068115234,2462400
2020-12-24,59.58000183105469,59.849998474121094,59.29999923706055,59.79999923706055,858000
2020-12-28,60.02000045776367,60.52000045776367,59.709999084472656,59.9900016784668,2293800
2020-12-29,60.0099983215332,60.5,59.91999816894531,60.06999969482422,1746700
2020-12-30,60.06999969482422,60.869998931884766,60.029998779296875,60.61000061035156,1963800
2020-12-31,60.58000183105469,61.47999954223633,60.45000076293945,61.43000030517578,2417300
2021-01-04,61.380001068115234,61.4900016784668,58.95000076293945,59.36000061035156,4774300
2021-01-05,59.529998779296875,59.970001220703125,59.27000045776367,59.75,3905200
2021-01-06,60.060001373291016,61.599998474121094,59.849998474121094,61.209999084472656,4102500
2021-01-07,61.380001068115234,61.54999923706055,60.810001373291016,61.13999938964844,4690300
2021-01-08,61.06999969482422,61.709999084472656,60.77000045776367,61.56999969482422,3965800
2021-01-11,61.189998626708984,61.720001220703125,60.75,61.209999084472656,2873300
2021-01-12,61.04999923706055,61.150001525878906,58.5,58.81999969482422,7012200
2021-01-13,58.86000061035156,59.97999954223633,58.849998474121094,59.709999084472656,3949500
2021-01-14,59.58000183105469,59.689998626708984,58.97999954223633,59.040000915527344,3776700
2021-01-15,58.75,59.849998474121094,58.459999084472656,59.65999984741211,4107900
2021-01-19,60.310001373291016,61.13999938964844,59.88999938964844,61.060001373291016,6270300
2021-01-20,60.779998779296875,61.130001068115234,60.15999984741211,60.650001525878906,5151000
2021-01-21,60.0,60.59000015258789,59.61000061035156,59.880001068115234,3530400
2021-01-22,59.720001220703125,60.540000915527344,59.630001068115234,60.13999938964844,3079400
2021-01-25,59.869998931884766,61.040000915527344,59.58000183105469,61.02000045776367,4013100
2021-01-26,60.88999938964844,60.939998626708984,59.689998626708984,59.689998626708984,3222800
2021-01-27,59.5,59.68000030517578,58.130001068115234,58.540000915527344,5062700
2021-01-28,58.75,60.27000045776367,58.650001525878906,59.040000915527344,2764400
2021-01-29,58.7599983215332,59.27000045776367,58.209999084472656,58.91999816894531,3464500
2021-02-01,59.290000915527344,59.77000045776367,58.630001068115234,59.11000061035156,3257200
2021-02-02,59.29999923706055,60.70000076293945,58.939998626708984,59.63999938964844,3391700
2021-02-03,59.599998474121094,59.88999938964844,59.310001373291016,59.45000076293945,3165000
2021-02-04,59.54999923706055,60.470001220703125,59.45000076293945,60.34000015258789,3223600
2021-02-05,60.630001068115234,61.2400016784668,60.34000015258789,60.880001068115234,3087200
2021-02-08,60.939998626708984,61.279998779296875,60.630001068115234,60.72999954223633,3550200
2021-02-09,60.83000183105469,60.88999938964844,60.40999984741211,60.63999938964844,2077400
2021-02-10,60.91999816894531,61.220001220703125,60.58000183105469,60.93000030517578,3022400
2021-02-11,60.97999954223633,61.52000045776367,60.599998474121094,61.290000915527344,4502600
2021-02-12,60.45000076293945,60.70000076293945,59.5099983215332,60.099998474121094,4867000
2021-02-16,60.0099983215332,60.099998474121094,59.290000915527344,59.29999923706055,3039600
2021-02-17,59.369998931884766,59.43000030517578,58.93000030517578,59.27000045776367,2933200
2021-02-18,59.31999969482422,60.34000015258789,59.25,59.849998474121094,4530700
2021-02-19,59.7599983215332,59.869998931884766,59.08000183105469,59.310001373291016,3194800
2021-02-22,59.31999969482422,59.56999969482422,58.439998626708984,59.290000915527344,4076100
2021-02-23,59.220001220703125,60.290000915527344,58.90999984741211,58.91999816894531,3990600
2021-02-24,58.77000045776367,58.93000030517578,58.13999938964844,58.380001068115234,5076900
2021-02-25,58.279998779296875,58.650001525878906,57.619998931884766,57.7599983215332,4064300
2021-02-26,58.04999923706055,58.34000015258789,56.689998626708984,56.720001220703125,6092400
2021-03-01,57.27000045776367,58.58000183105469,57.27000045776367,57.779998779296875,3210700
2021-03-02,57.810001373291016,58.33000183105469,57.11000061035156,57.83000183105469,3574200
2021-03-03,57.5,57.779998779296875,57.060001373291016,57.59000015258789,3859400
2021-03-04,57.810001373291016,58.689998626708984,57.02000045776367,57.40999984741211,4843400
2021-03-05,57.56999969482422,58.63999938964844,57.060001373291016,58.349998474121094,4435200
2021-03-08,59.150001525878906,59.869998931884766,58.61000061035156,59.61000061035156,7440100
2021-03-09,59.70000076293945,59.959999084472656,59.2400016784668,59.40999984741211,4703100
2021-03-10,59.40999984741211,60.20000076293945,59.290000915527344,59.779998779296875,4075700
2021-03-11,59.56999969482422,60.150001525878906,59.25,59.279998779296875,3351000
2021-03-12,59.58000183105469,60.220001220703125,59.33000183105469,59.84000015258789,4062400
2021-03-15,60.0,61.130001068115234,59.86000061035156,60.97999954223633,3470200
2021-03-16,60.779998779296875,61.45000076293945,60.619998931884766,61.25,4410500
2021-03-17,61.25,61.279998779296875,60.66999816894531,60.70000076293945,3850300
2021-03-18,60.709999084472656,60.90999984741211,59.81999969482422,60.400001525878906,4042900
2021-03-19,59.79999923706055,60.279998779296875,58.529998779296875,59.70000076293945,8891400
2021-03-22,59.5,59.88999938964844,59.279998779296875,59.689998626708984,3026900
2021-03-23,59.7599983215332,60.970001220703125,59.52000045776367,60.630001068115234,3601400
2021-03-24,60.279998779296875,61.290000915527344,60.189998626708984,60.689998626708984,3485600
2021-03-25,61.0,61.810001373291016,60.720001220703125,61.380001068115234,4303700
2021-03-26,61.34000015258789,61.7400016784668,60.869998931884766,61.65999984741211,2929100
2021-03-29,61.65999984741211,62.599998474121094,61.58000183105469,62.31999969482422,4505600
2021-03-30,62.02000045776367,62.029998779296875,61.150001525878906,61.540000915527344,3008300
2021-03-31,61.630001068115234,62.279998779296875,61.5,62.15999984741211,4346900
2021-04-01,62.25,62.33000183105469,61.58000183105469,62.33000183105469,3396300
2021-04-05,62.20000076293945,62.970001220703125,62.20000076293945,62.65999984741211,3104000
2021-04-06,62.45000076293945,63.150001525878906,62.2599983215332,63.11000061035156,2879900
2021-04-07,63.13999938964844,63.36000061035156,62.599998474121094,62.79999923706055,2311400
2021-04-08,62.939998626708984,63.33000183105469,62.68000030517578,62.86000061035156,3717500
2021-04-09,62.970001220703125,63.13999938964844,62.68000030517578,62.72999954223633,2641800
2021-04-12,62.81999969482422,63.220001220703125,62.630001068115234,62.88999938964844,3240900
2021-04-13,62.5,63.86000061035156,62.5,63.560001373291016,4413500
2021-04-14,63.380001068115234,63.93000030517578,63.2599983215332,63.88999938964844,3455000
2021-04-15,63.91999816894531,64.61000061035156,63.68000030517578,64.48999786376953,4773900
2021-04-16,65.0,65.26000213623047,64.56999969482422,65.01000213623047,5307800
2021-04-19,65.0199966430664,65.13999938964844,64.4000015258789,64.91999816894531,3555000
2021-04-20,64.91000366210938,66.4000015258789,64.81999969482422,66.08999633789062,4870900
2021-04-21,66.18000030517578,66.4000015258789,65.38999938964844,65.7300033569336,3331700
2021-04-22,65.62999725341797,65.94000244140625,65.05000305175781,65.0999984741211,3975400
2021-04-23,65.18000030517578,65.63999938964844,65.05000305175781,65.33000183105469,3885800
2021-04-26,65.45999908447266,65.45999908447266,64.5199966430664,64.66000366210938,3924700
2021-04-27,64.58000183105469,64.6500015258789,64.18000030517578,64.33000183105469,2967900
2021-04-28,64.38999938964844,64.62999725341797,64.08999633789062,64.33999633789062,3610200
2021-04-29,64.19000244140625,65.33999633789062,64.0999984741211,65.16000366210938,5034800
2021-04-30,65.37000274658203,66.2300033569336,65.01000213623047,66.16999816894531,5414000
2021-05-03,66.18000030517578,66.69999694824219,65.83000183105469,66.05000305175781,3764600
2021-05-04,66.22000122070312,66.70999908447266,65.8499984741211,66.41999816894531,3815300
2021-05-05,66.20999908447266,66.30000305175781,64.87000274658203,65.44999694824219,4259400
2021-05-06,65.58999633789062,66.16999816894531,65.2300033569336,66.05000305175781,3333600
2021-05-07,65.91999816894531,66.51000213623047,65.80000305175781,66.26000213623047,3608800
2021-05-10,66.44999694824219,66.93000030517578,66.29000091552734,66.30999755859375,3753400
2021-05-11,66.30000305175781,66.45999908447266,65.43000030517578,65.80000305175781,4057700
2021-05-12,65.6500015258789,65.7300033569336,64.30999755859375,64.36000061035156,3781500
2021-05-13,64.51000213623047,66.16000366210938,64.4000015258789,65.7300033569336,3533700
2021-05-14,65.16000366210938,65.55999755859375,65.05000305175781,65.11000061035156,3859600
2021-05-17,65.11000061035156,65.66999816894531,64.4000015258789,64.44000244140625,4449900
2021-05-18,64.44999694824219,64.77999877929688,64.0999984741211,64.16000366210938,4955800
2021-05-19,63.720001220703125,64.0,63.02000045776367,63.97999954223633,4758900
2021-05-20,64.0,64.56999969482422,63.790000915527344,64.05999755859375,3520000
2021-05-21,64.26000213623047,64.58999633789062,63.849998474121094,64.37999725341797,6245500
2021-05-24,64.62999725341797,64.77999877929688,64.22000122070312,64.41999816894531,2566200
2021-05-25,64.4000015258789,64.43000030517578,63.72999954223633,64.08000183105469,3634500
2021-05-26,63.9900016784668,64.05999755859375,63.599998474121094,63.720001220703125,2895300
2021-05-27,63.939998626708984,63.970001220703125,63.529998779296875,63.65999984741211,5675000
2021-05-28,64.0,64.13999938964844,63.72999954223633,63.91999816894531,3754600
2021-06-01,64.12999725341797,64.18000030517578,63.310001373291016,63.43000030517578,4008900
2021-06-02,63.66999816894531,64.37999725341797,63.310001373291016,63.900001525878906,3012600
2021-06-03,63.95000076293945,64.68000030517578,63.56999969482422,64.45999908447266,3245100
2021-06-04,64.62000274658203,64.7699966430664,64.30999755859375,64.3499984741211,2950200
2021-06-07,64.5,64.93000030517578,64.29000091552734,64.66999816894531,5518800
2021-06-08,64.80000305175781,64.80000305175781,63.400001525878906,63.439998626708984,4757400
2021-06-09,63.41999816894531,63.720001220703125,63.06999969482422,63.630001068115234,4454800
2021-06-10,63.7400016784668,63.939998626708984,63.47999954223633,63.880001068115234,3162600
2021-06-11,63.7599983215332,63.970001220703125,63.4900016784668,63.849998474121094,3123400
2021-06-14,63.77000045776367,64.13999938964844,63.540000915527344,63.790000915527344,3300900
2021-06-15,63.900001525878906,64.68000030517578,63.81999969482422,64.31999969482422,3155700
2021-06-16,64.37000274658203,64.58000183105469,62.959999084472656,62.97999954223633,4200200
2021-06-17,63.0099983215332,63.63999938964844,62.72999954223633,63.349998474121094,4425800
2021-06-18,63.040000915527344,63.09000015258789,61.380001068115234,61.45000076293945,6549300
2021-06-21,61.720001220703125,62.91999816894531,61.540000915527344,62.5,4303000
2021-06-22,62.36000061035156,62.7400016784668,62.040000915527344,62.08000183105469,3626200
2021-06-23,62.0099983215332,62.060001373291016,61.22999954223633,61.470001220703125,4500900
2021-06-24,61.540000915527344,61.58000183105469,60.93000030517578,60.97999954223633,4963900
2021-06-25,60.970001220703125,61.599998474121094,60.59000015258789,61.529998779296875,4703900
2021-06-28,61.75,61.91999816894531,61.34000015258789,61.4900016784668,2363300
2021-06-29,61.220001220703125,61.66999816894531,60.279998779296875,60.459999084472656,4097100
2021-06-30,60.45000076293945,60.689998626708984,60.119998931884766,60.5099983215332,4155200
2021-07-01,60.79999923706055,61.650001525878906,60.599998474121094,61.47999954223633,3635500
2021-07-02,61.5099983215332,61.61000061035156,61.25,61.529998779296875,2940600
2021-07-06,61.52000045776367,61.66999816894531,60.7599983215332,61.63999938964844,3030600
2021-07-07,61.5,61.77000045776367,61.189998626708984,61.689998626708984,3001400
2021-07-08,61.400001525878906,61.84000015258789,61.290000915527344,61.54999923706055,3480100
2021-07-09,61.65999984741211,61.779998779296875,61.060001373291016,61.470001220703125,3688600
2021-07-12,61.34000015258789,61.88999938964844,61.150001525878906,61.79999923706055,3121400
2021-07-13,61.720001220703125,61.84000015258789,61.119998931884766,61.34000015258789,2426200
2021-07-14,61.31999969482422,62.13999938964844,61.060001373291016,61.88999938964844,2969500
2021-07-15,61.560001373291016,62.720001220703125,61.560001373291016,62.66999816894531,3600700
2021-07-16,62.7400016784668,63.439998626708984,62.56999969482422,63.11000061035156,3651400
2021-07-19,62.93000030517578,63.630001068115234,61.810001373291016,62.790000915527344,6866700
2021-07-20,63.0,63.95000076293945,62.79999923706055,62.95000076293945,4566500
2021-07-21,63.040000915527344,63.61000061035156,62.75,62.81999969482422,3966100
2021-07-22,62.88999938964844,63.400001525878906,62.81999969482422,62.97999954223633,4387500
2021-07-23,63.06999969482422,63.97999954223633,63.0,63.86000061035156,2823600
2021-07-26,63.900001525878906,64.12999725341797,63.5,63.72999954223633,3960800
2021-07-27,63.58000183105469,64.83000183105469,63.2400016784668,64.54000091552734,5830100
2021-07-28,64.70999908447266,64.70999908447266,63.54999923706055,63.9900016784668,5104800
2021-07-29,63.790000915527344,64.69000244140625,63.68000030517578,64.45999908447266,4512500
2021-07-30,64.19000244140625,64.87000274658203,63.709999084472656,63.869998931884766,5192100
2021-08-02,63.9900016784668,64.41999816894531,63.75,64.08000183105469,3616700
2021-08-03,64.0999984741211,64.55000305175781,63.689998626708984,64.12999725341797,4137500
2021-08-04,64.0,64.16000366210938,63.13999938964844,64.02999877929688,4537700
2021-08-05,64.13999938964844,64.80999755859375,63.959999084472656,64.77999877929688,3792300
2021-08-06,64.83000183105469,65.0999984741211,64.51000213623047,64.69999694824219,3327000
2021-08-09,64.83999633789062,64.91000366210938,64.4000015258789,64.8499984741211,2906600
2021-08-10,64.91999816894531,65.43000030517578,64.5999984741211,65.20999908447266,3484600
2021-08-11,65.25,66.0,65.20999908447266,65.62999725341797,3452600
2021-08-12,65.6500015258789,65.97000122070312,65.5199966430664,65.72000122070312,5412400
2021-08-13,65.1500015258789,65.63999938964844,64.97000122070312,65.52999877929688,3635200
2021-08-16,65.62999725341797,66.86000061035156,65.55999755859375,66.37999725341797,5504500
2021-08-17,66.36000061035156,66.61000061035156,65.88999938964844,66.44999694824219,5004300
2021-08-18,66.44000244140625,66.5199966430664,65.77999877929688,66.01000213623047,3545700
2021-08-19,66.05999755859375,66.70999908447266,65.9800033569336,66.37999725341797,4005800
2021-08-20,66.37000274658203,67.45999908447266,65.95999908447266,67.31999969482422,4319000
2021-08-23,67.13999938964844,67.31999969482422,66.61000061035156,66.66999816894531,4798200
2021-08-24,66.61000061035156,66.61000061035156,65.44000244140625,65.7300033569336,5062700
2021-08-25,65.62000274658203,66.16000366210938,65.4000015258789,65.87000274658203,3037100
2021-08-26,65.87999725341797,66.2699966430664,65.66999816894531,66.13999938964844,3378600
2021-08-27,66.2699966430664,66.41999816894531,65.83000183105469,65.98999786376953,3579600
2021-08-30,65.86000061035156,65.98999786376953,65.6500015258789,65.75,3221100
2021-08-31,65.6500015258789,65.95999908447266,65.38999938964844,65.7300033569336,4581500
2021-09-01,65.97000122070312,66.76000213623047,65.8499984741211,66.4800033569336,3574900
2021-09-02,66.5999984741211,66.9800033569336,66.52999877929688,66.8499984741211,3544200
2021-09-03,66.79000091552734,66.79000091552734,66.19000244140625,66.2699966430664,2891300
2021-09-07,66.86000061035156,67.11000061035156,66.06999969482422,66.19000244140625,6416900
2021-09-08,66.22000122070312,67.45999908447266,66.01000213623047,67.30999755859375,4759600
2021-09-09,67.26000213623047,67.54000091552734,67.08999633789062,67.18000030517578,4789800
2021-09-10,67.04000091552734,67.11000061035156,66.11000061035156,66.20999908447266,3818800
2021-09-13,66.63999938964844,66.87000274658203,66.02999877929688,66.33000183105469,3243700
2021-09-14,66.4000015258789,66.63999938964844,65.7699966430664,65.97000122070312,3252700
2021-09-15,65.76000213623047,66.33999633789062,65.41999816894531,66.01000213623047,3037000
2021-09-16,66.12999725341797,66.33999633789062,65.20999908447266,65.37999725341797,4049400
2021-09-17,65.01000213623047,65.37999725341797,64.08000183105469,64.13999938964844,9457600
2021-09-20,64.05000305175781,64.5,63.290000915527344,63.959999084472656,4444100
2021-09-21,64.1500015258789,64.68000030517578,63.79999923706055,63.810001373291016,3381600
2021-09-22,64.01000213623047,64.16999816894531,63.47999954223633,63.61000061035156,3500100
2021-09-23,63.619998931884766,64.08000183105469,63.31999969482422,63.400001525878906,2802500
2021-09-24,63.31999969482422,63.7400016784668,63.0099983215332,63.15999984741211,3449600
2021-09-27,63.150001525878906,63.709999084472656,62.400001525878906,62.439998626708984,3375400
2021-09-28,62.470001220703125,62.619998931884766,61.560001373291016,61.939998626708984,5101000
2021-09-29,61.970001220703125,63.130001068115234,61.810001373291016,62.63999938964844,3889600
2021-09-30,62.810001373291016,62.90999984741211,61.93000030517578,61.970001220703125,4987400
2021-10-01,62.349998474121094,62.380001068115234,61.59000015258789,61.75,4654900
2021-10-04,61.560001373291016,62.630001068115234,61.5,62.43000030517578,6268900
2021-10-05,62.65999984741211,62.849998474121094,61.91999816894531,62.060001373291016,4266400
2021-10-06,61.81999969482422,62.779998779296875,61.459999084472656,62.72999954223633,3386900
2021-10-07,63.0,63.47999954223633,62.5,62.66999816894531,2863400
2021-10-08,62.650001525878906,62.959999084472656,62.380001068115234,62.560001373291016,2624000
2021-10-11,62.380001068115234,62.47999954223633,61.75,61.91999816894531,3238300
2021-10-12,61.95000076293945,62.41999816894531,61.7599983215332,62.099998474121094,2600900
2021-10-13,62.04999923706055,62.560001373291016,61.5099983215332,62.5099983215332,3200100
2021-10-14,62.7599983215332,63.34000015258789,62.529998779296875,63.2599983215332,2853900
2021-10-15,63.25,63.70000076293945,63.0099983215332,63.130001068115234,2895900
2021-10-18,62.63999938964844,62.75,62.0099983215332,62.45000076293945,4180200
2021-10-19,62.630001068115234,63.150001525878906,62.540000915527344,62.970001220703125,2661200
2021-10-20,63.209999084472656,63.970001220703125,63.209999084472656,63.709999084472656,2688200
2021-10-21,63.849998474121094,64.18000030517578,63.7599983215332,64.16000366210938,2895000
2021-10-22,64.16999816894531,64.25,62.900001525878906,62.95000076293945,5067200
2021-10-25,62.79999923706055,63.209999084472656,62.619998931884766,62.810001373291016,2632300
2021-10-26,62.93000030517578,63.86000061035156,62.849998474121094,63.279998779296875,3686000
2021-10-27,63.22999954223633,63.439998626708984,62.58000183105469,62.63999938964844,2854400
2021-10-28,62.52000045776367,62.84000015258789,62.2599983215332,62.7400016784668,2714600
2021-10-29,62.709999084472656,63.09000015258789,62.060001373291016,62.31999969482422,3718700
2021-11-01,62.400001525878906,62.75,62.18000030517578,62.47999954223633,3469600
2021-11-02,62.68000030517578,62.7599983215332,62.08000183105469,62.4900016784668,3806200
2021-11-03,62.29999923706055,62.70000076293945,61.90999984741211,62.54999923706055,4064100
2021-11-04,62.61000061035156,62.7400016784668,61.77000045776367,62.5,3797400
2021-11-05,62.72999954223633,63.36000061035156,62.560001373291016,63.099998474121094,3611600
2021-11-08,63.34000015258789,63.36000061035156,62.2400016784668,62.619998931884766,4727100
2021-11-09,62.65999984741211,63.56999969482422,62.5099983215332,63.349998474121094,5442700
2021-11-10,63.099998474121094,63.95000076293945,62.970001220703125,63.86000061035156,3753300
2021-11-11,63.63999938964844,63.810001373291016,62.720001220703125,63.04999923706055,3772600
2021-11-12,62.189998626708984,62.43000030517578,61.630001068115234,61.88999938964844,4157600
2021-11-15,62.11000061035156,62.38999938964844,61.77000045776367,62.20000076293945,3473700
2021-11-16,62.349998474121094,62.650001525878906,61.970001220703125,62.0,4492500
2021-11-17,62.0,62.290000915527344,61.52000045776367,62.16999816894531,3727000
2021-11-18,61.9900016784668,62.040000915527344,61.47999954223633,61.630001068115234,3160400
2021-11-19,61.7599983215332,62.72999954223633,61.5099983215332,62.66999816894531,5363700
2021-11-22,62.59000015258789,63.22999954223633,62.279998779296875,63.119998931884766,3622900
2021-11-23,63.25,63.58000183105469,62.79999923706055,63.0099983215332,3391400
2021-11-24,63.11000061035156,63.2400016784668,62.72999954223633,63.099998474121094,2793800
2021-11-26,62.7400016784668,63.099998474121094,61.95000076293945,62.040000915527344,2353900
2021-11-29,62.290000915527344,63.0,62.0,62.81999969482422,6722200
2021-11-30,62.68000030517578,62.68000030517578,60.9900016784668,61.099998474121094,6875800
2021-12-01,61.45000076293945,62.63999938964844,61.099998474121094,61.13999938964844,5750300
2021-12-02,61.349998474121094,62.7400016784668,61.310001373291016,62.0099983215332,5742000
2021-12-03,62.470001220703125,62.86000061035156,61.83000183105469,62.83000183105469,5959400
2021-12-06,63.93000030517578,65.91000366210938,63.650001525878906,64.66000366210938,8959500
2021-12-07,64.4000015258789,64.87000274658203,63.91999816894531,64.47000122070312,4280400
2021-12-08,64.5199966430664,64.91000366210938,64.26000213623047,64.75,4511100
2021-12-09,64.7699966430664,64.91000366210938,64.06999969482422,64.56999969482422,4872800
2021-12-10,64.88999938964844,65.44000244140625,64.56999969482422,65.08000183105469,4207500
2021-12-13,65.05000305175781,66.55999755859375,65.0,66.18000030517578,8051400
2021-12-14,66.16999816894531,66.45999908447266,65.66999816894531,65.97000122070312,4289700
2021-12-15,65.62999725341797,67.0199966430664,65.62999725341797,66.75,5217700
2021-12-16,66.7300033569336,67.66000366210938,66.55999755859375,67.55000305175781,4740400
2021-12-17,67.5,68.20999908447266,66.75,66.83999633789062,10776000
2021-12-20,66.13999938964844,67.25,65.7300033569336,67.12000274658203,4457300
2021-12-21,67.3499984741211,67.5,66.2699966430664,66.38999938964844,6802800
2021-12-22,66.26000213623047,66.73999786376953,66.26000213623047,66.6500015258789,2349700
2021-12-23,66.80000305175781,67.05000305175781,66.5199966430664,66.54000091552734,2126500
2021-12-27,66.69999694824219,66.9800033569336,66.37000274658203,66.95999908447266,1888800
2021-12-28,67.1500015258789,67.73999786376953,67.0,67.7300033569336,2152800
2021-12-29,67.75,68.12000274658203,67.66000366210938,68.06999969482422,2321300
2021-12-30,68.22000122070312,68.43000030517578,67.7699966430664,68.36000061035156,3203800
2021-12-31,68.26000213623047,68.87999725341797,68.16000366210938,68.58000183105469,3609700
2022-01-03,68.5,68.54000091552734,67.36000061035156,68.16999816894531,3616600
2022-01-04,68.0199966430664,69.12000274658203,67.93000030517578,68.16999816894531,5259900
2022-01-05,67.6500015258789,68.97000122070312,67.6500015258789,68.25,4542900
2022-01-06,68.33000183105469,68.69999694824219,67.80999755859375,68.16999816894531,4015300
2022-01-07,67.87999725341797,69.13999938964844,67.47000122070312,68.63999938964844,4380300
2022-01-10,68.58999633789062,69.2300033569336,68.37000274658203,68.52999877929688,5599200
2022-01-11,68.52999877929688,68.68000030517578,67.22000122070312,67.6500015258789,4071900
2022-01-12,67.30999755859375,67.94000244140625,67.18000030517578,67.77999877929688,3043500
2022-01-13,67.87000274658203,68.52999877929688,67.54000091552734,68.3499984741211,3617800
2022-01-14,68.4000015258789,68.73999786376953,67.91999816894531,68.66000366210938,5700600
2022-01-18,68.29000091552734,68.48999786376953,67.31999969482422,68.01000213623047,4240300
2022-01-19,68.12000274658203,68.93000030517578,67.75,68.33000183105469,3728000
2022-01-20,68.43000030517578,68.94000244140625,67.79000091552734,67.87999725341797,4225100
2022-01-21,68.52999877929688,68.70999908447266,67.66000366210938,67.80999755859375,5959000
2022-01-24,67.7699966430664,68.0999984741211,65.4000015258789,67.37000274658203,8840400
2022-01-25,66.94000244140625,67.80000305175781,66.70999908447266,67.25,8001100
2022-01-26,67.19000244140625,68.04000091552734,66.44000244140625,67.0199966430664,6076000
2022-01-27,67.5,68.69000244140625,67.4800033569336,68.02999877929688,6318100
2022-01-28,68.0,69.02999877929688,67.63999938964844,69.0,6140300
2022-01-31,68.43000030517578,69.7699966430664,68.29000091552734,69.48999786376953,14481900
2022-02-01,69.2300033569336,69.27999877929688,67.44000244140625,67.98999786376953,6632600
2022-02-02,68.05000305175781,68.94000244140625,67.58999633789062,68.80999755859375,6443600
2022-02-03,69.0,69.38999938964844,68.41000366210938,69.25,5654100
2022-02-04,68.6500015258789,69.27999877929688,68.13999938964844,68.69000244140625,6456000
2022-02-07,67.9000015258789,68.11000061035156,67.20999908447266,67.6500015258789,7758700
2022-02-08,68.18000030517578,68.2699966430664,67.63999938964844,67.88999938964844,4136900
2022-02-09,68.33000183105469,68.38999938964844,67.70999908447266,68.08000183105469,4001200
2022-02-10,67.80000305175781,67.80000305175781,65.81999969482422,65.94999694824219,7823100
2022-02-11,66.2300033569336,67.16000366210938,66.16000366210938,66.79000091552734,8139100
2022-02-14,66.9000015258789,67.05999755859375,65.18000030517578,65.8499984741211,7365500
2022-02-15,66.27999877929688,66.47000122070312,64.66000366210938,65.0199966430664,6117700
2022-02-16,65.06999969482422,65.47000122070312,64.30999755859375,64.87000274658203,7320400
2022-02-17,63.880001068115234,65.08999633789062,63.45000076293945,64.79000091552734,7046400
2022-02-18,63.79999923706055,64.30999755859375,63.40999984741211,63.77000045776367,9113100
2022-02-22,63.880001068115234,64.54000091552734,63.16999816894531,64.29000091552734,7425800
2022-02-23,64.30000305175781,64.58999633789062,62.72999954223633,62.84000015258789,5992500
2022-02-24,62.5,62.970001220703125,61.77000045776367,62.880001068115234,8625500
2022-02-25,63.52000045776367,65.08000183105469,63.310001373291016,65.04000091552734,8768800
2022-02-28,64.5999984741211,64.9800033569336,64.0999984741211,64.7699966430664,8132900
2022-03-01,64.7300033569336,65.05999755859375,62.970001220703125,64.0999984741211,7192400
2022-03-02,64.13999938964844,64.8499984741211,63.970001220703125,64.56999969482422,4959200
2022-03-03,64.86000061035156,66.73999786376953,64.83999633789062,66.4000015258789,6799700
2022-03-04,65.93000030517578,67.61000061035156,65.66000366210938,67.58000183105469,6514700
2022-03-07,67.80000305175781,69.63999938964844,66.9000015258789,69.2300033569336,9994900
2022-03-08,68.91999816894531,69.48999786376953,67.7300033569336,67.81999969482422,7528900
2022-03-09,68.2699966430664,68.44999694824219,67.06999969482422,67.12000274658203,5795800
2022-03-10,67.01000213623047,68.75,66.8499984741211,68.61000061035156,5693500
2022-03-11,68.33000183105469,69.1500015258789,68.33000183105469,68.69000244140625,4415500
2022-03-14,68.94000244140625,69.44999694824219,68.27999877929688,68.66000366210938,4530200
2022-03-15,69.38999938964844,69.5,68.33999633789062,68.66000366210938,4836700
2022-03-16,68.44000244140625,68.68000030517578,67.4800033569336,68.5199966430664,5351500
2022-03-17,68.58000183105469,69.08999633789062,68.23999786376953,68.41000366210938,5035900
2022-03-18,68.55999755859375,68.81999969482422,67.61000061035156,68.02999877929688,8192100
2022-03-21,68.25,69.2300033569336,68.16000366210938,68.88999938964844,4730600
2022-03-22,68.95999908447266,69.02999877929688,68.22000122070312,68.81999969482422,3441000
2022-03-23,68.80000305175781,69.23999786376953,68.37999725341797,68.79000091552734,3724000
2022-03-24,68.76000213623047,69.58000183105469,68.7300033569336,69.30000305175781,3889000
2022-03-25,69.5,70.93000030517578,69.37999725341797,70.93000030517578,5845600
2022-03-28,70.98999786376953,71.16999816894531,70.30000305175781,71.0,3276800
2022-03-29,71.0,72.06999969482422,70.72000122070312,72.05999755859375,5422300
2022-03-30,72.0,72.5,71.7699966430664,72.5,3956900
2022-03-31,72.48999786376953,73.18000030517578,72.37999725341797,72.51000213623047,5688300
2022-04-01,72.33000183105469,74.19000244140625,71.97000122070312,74.12000274658203,6034300
2022-04-04,73.44999694824219,73.62000274658203,72.4800033569336,73.12000274658203,4660800
2022-04-05,73.41999816894531,75.13999938964844,73.31999969482422,74.3499984741211,6729800
2022-04-06,74.68000030517578,76.52999877929688,74.41000366210938,76.51000213623047,6877400
2022-04-07,76.05000305175781,76.26000213623047,75.04000091552734,75.76000213623047,6436300
2022-04-08,75.98999786376953,76.69000244140625,75.63999938964844,76.48999786376953,3731200
2022-04-11,76.48999786376953,76.87000274658203,74.36000061035156,74.4800033569336,8172500
2022-04-12,74.45999908447266,75.93000030517578,73.98999786376953,75.54000091552734,6069500
2022-04-13,75.55000305175781,75.63999938964844,74.55999755859375,75.36000061035156,4667200
2022-04-14,75.41000366210938,76.27999877929688,74.9800033569336,75.98999786376953,5925800
2022-04-18,76.0,76.56999969482422,75.45999908447266,75.83000183105469,3716600
2022-04-19,76.22000122070312,76.44000244140625,75.43000030517578,76.2699966430664,3759200
2022-04-20,76.91000366210938,77.08000183105469,76.4000015258789,76.5,4583000
2022-04-21,76.27999877929688,77.23999786376953,76.0999984741211,76.45999908447266,4898800
2022-04-22,76.5,76.79000091552734,75.81999969482422,75.91000366210938,4861700
2022-04-25,76.13999938964844,76.31999969482422,73.94000244140625,74.97000122070312,7424100
2022-04-26,74.75,75.41999816894531,73.72000122070312,73.73999786376953,6880500
2022-04-27,73.9000015258789,74.5199966430664,72.8499984741211,73.4800033569336,6407600
2022-04-28,74.63999938964844,76.13999938964844,73.9000015258789,75.58000183105469,5702100
2022-04-29,75.29000091552734,75.37000274658203,73.2699966430664,73.38999938964844,8189500
2022-05-02,74.04000091552734,74.2699966430664,72.12999725341797,73.20999908447266,6371900
2022-05-03,73.18000030517578,74.52999877929688,72.86000061035156,73.12000274658203,4747600
2022-05-04,73.55000305175781,74.77999877929688,73.20999908447266,74.56999969482422,5712500
2022-05-05,74.25,75.13999938964844,73.43000030517578,74.05999755859375,4969700
2022-05-06,73.87000274658203,74.87000274658203,73.5199966430664,74.66999816894531,5242400
2022-05-09,74.30000305175781,75.0,73.30000305175781,74.2300033569336,6063500
2022-05-10,74.30000305175781,75.37000274658203,72.55000305175781,73.19999694824219,5314100
2022-05-11,73.41000366210938,74.98999786376953,73.19999694824219,73.9800033569336,5758900
2022-05-12,73.9800033569336,74.30999755859375,72.55000305175781,74.08000183105469,6631400
2022-05-13,73.9000015258789,74.02999877929688,72.66999816894531,73.6500015258789,5018100
2022-05-16,73.91000366210938,74.61000061035156,73.58999633789062,74.25,4537900
2022-05-17,74.5,74.61000061035156,72.9000015258789,74.1500015258789,4527900
2022-05-18,74.5999984741211,74.77999877929688,73.6500015258789,73.81999969482422,5498700
2022-05-19,73.70999908447266,73.8499984741211,72.5199966430664,73.33000183105469,5814900
2022-05-20,73.27999877929688,73.7699966430664,72.44000244140625,73.41000366210938,5758200
2022-05-23,74.11000061035156,74.69999694824219,73.37999725341797,74.1500015258789,3927300
2022-05-24,74.41999816894531,75.97000122070312,74.0199966430664,75.69000244140625,7298300
2022-05-25,75.80000305175781,76.08999633789062,75.13999938964844,75.69000244140625,3859800
2022-05-26,76.25,76.30000305175781,75.23999786376953,75.29000091552734,3561800
2022-05-27,75.11000061035156,76.11000061035156,75.05999755859375,76.06999969482422,3773800
2022-05-31,75.33000183105469,75.98999786376953,74.97000122070312,75.66000366210938,8118800
2022-06-01,75.80000305175781,75.91999816894531,74.76000213623047,75.55000305175781,4902600
2022-06-02,76.13999938964844,76.23999786376953,74.12000274658203,75.94999694824219,4732900
2022-06-03,75.68000030517578,75.93000030517578,75.12000274658203,75.26000213623047,2686200
2022-06-06,75.48999786376953,75.97000122070312,75.2699966430664,75.3499984741211,4674500
2022-06-07,75.36000061035156,75.72000122070312,74.80000305175781,75.69000244140625,3471200
2022-06-08,75.41000366210938,75.61000061035156,74.54000091552734,74.62999725341797,2981600
2022-06-09,74.8499984741211,75.4000015258789,72.83999633789062,72.88999938964844,4184800
2022-06-10,72.55000305175781,72.77999877929688,71.62000274658203,72.13999938964844,4967400
2022-06-13,71.31999969482422,71.58000183105469,68.37999725341797,68.75,6507600
2022-06-14,68.80999755859375,68.87999725341797,66.11000061035156,66.77999877929688,6889000
2022-06-15,66.95999908447266,67.45999908447266,65.69000244140625,66.56999969482422,6543300
2022-06-16,65.81999969482422,66.29000091552734,64.94000244140625,66.27999877929688,7006200
2022-06-17,66.4000015258789,66.61000061035156,64.79000091552734,65.38999938964844,9042000
2022-06-21,65.75,67.43000030517578,65.58000183105469,67.1500015258789,6334900
2022-06-22,66.69999694824219,68.23999786376953,66.6500015258789,67.69000244140625,5613500
2022-06-23,68.12000274658203,69.43000030517578,67.88999938964844,69.27999877929688,5067600
2022-06-24,69.69999694824219,70.04000091552734,69.25,69.83000183105469,4607600
2022-06-27,69.38999938964844,70.68000030517578,69.29000091552734,70.37000274658203,3679500
2022-06-28,70.70999908447266,71.43000030517578,70.55999755859375,70.62000274658203,3788700
2022-06-29,70.86000061035156,71.30999755859375,70.33999633789062,70.66999816894531,2910400
2022-06-30,70.33000183105469,71.69999694824219,70.16999816894531,71.30999755859375,5389200
2022-07-01,71.75,73.23999786376953,71.44000244140625,73.13999938964844,5053400
2022-07-05,72.91999816894531,73.02999877929688,69.8499984741211,70.81999969482422,5903000
2022-07-06,71.06999969482422,72.22000122070312,70.63999938964844,71.47000122070312,4338900
2022-07-07,71.63999938964844,72.08000183105469,71.11000061035156,71.29000091552734,2622600
2022-07-08,71.29000091552734,71.52999877929688,70.81999969482422,71.19000244140625,3294700
2022-07-11,71.0,71.79000091552734,70.9000015258789,71.7699966430664,4028200
2022-07-12,71.55999755859375,72.52999877929688,71.33999633789062,71.9800033569336,3887100
2022-07-13,71.41999816894531,72.18000030517578,71.18000030517578,71.19999694824219,3727100
2022-07-14,69.94999694824219,71.95999908447266,69.91999816894531,71.86000061035156,3119600
2022-07-15,72.43000030517578,72.48999786376953,71.44000244140625,72.33000183105469,4975700
2022-07-18,72.18000030517578,72.30000305175781,71.38999938964844,71.69000244140625,3699800
2022-07-19,72.06999969482422,72.29000091552734,71.58000183105469,71.75,5626800
2022-07-20,71.79000091552734,71.98999786376953,70.76000213623047,70.94000244140625,4217100
2022-07-21,70.93000030517578,71.08000183105469,70.3499984741211,70.8499984741211,3434200
2022-07-22,71.30999755859375,71.95999908447266,71.13999938964844,71.94000244140625,3437400
2022-07-25,71.79000091552734,72.69999694824219,71.5999984741211,72.69000244140625,3227600
2022-07-26,72.70999908447266,73.6500015258789,72.56999969482422,73.51000213623047,2717500
2022-07-27,73.1500015258789,73.44999694824219,72.56999969482422,73.26000213623047,6341700
2022-07-28,73.93000030517578,76.0,73.26000213623047,75.83999633789062,5841000
2022-07-29,75.83999633789062,77.61000061035156,75.6500015258789,76.88999938964844,7830100
2022-08-01,76.66999816894531,77.2699966430664,76.13999938964844,76.68000030517578,4324600
2022-08-02,76.9800033569336,77.5,75.86000061035156,75.93000030517578,4795000
2022-08-03,75.88999938964844,77.4000015258789,74.75,77.26000213623047,4436900
2022-08-04,77.5,78.77999877929688,77.45999908447266,77.97000122070312,5241900
2022-08-05,77.54000091552734,77.87000274658203,76.41999816894531,77.2699966430664,4136200
2022-08-08,77.8499984741211,78.1500015258789,76.91000366210938,77.19000244140625,4259600
2022-08-09,77.52999877929688,78.41000366210938,77.47000122070312,78.25,3149600
2022-08-10,78.47000122070312,78.62000274658203,77.91999816894531,78.29000091552734,3140900
2022-08-11,78.27999877929688,78.81999969482422,77.69000244140625,77.9000015258789,3619600
2022-08-12,77.62999725341797,78.16999816894531,77.4800033569336,78.12000274658203,3152400
2022-08-15,78.12999725341797,78.6500015258789,77.94999694824219,78.37000274658203,5578300
2022-08-16,78.36000061035156,79.37999725341797,78.20999908447266,79.06999969482422,4122900
2022-08-17,78.93000030517578,79.54000091552734,78.83999633789062,79.25,3602600
2022-08-18,79.26000213623047,79.95999908447266,79.20999908447266,79.72000122070312,2867300
2022-08-19,79.9000015258789,80.56999969482422,79.58999633789062,80.16000366210938,3483400
2022-08-22,79.83000183105469,80.04000091552734,78.9000015258789,79.11000061035156,2593600
2022-08-23,79.23999786376953,79.23999786376953,78.51000213623047,78.79000091552734,2234100
2022-08-24,79.0199966430664,79.1500015258789,78.30999755859375,78.87000274658203,2508000
2022-08-25,79.01000213623047,79.16000366210938,78.26000213623047,79.12000274658203,2471000
2022-08-26,79.18000030517578,79.4800033569336,78.13999938964844,78.19999694824219,3091400
2022-08-29,77.77999877929688,79.23999786376953,77.51000213623047,78.68000030517578,2714300
2022-08-30,78.61000061035156,78.79000091552734,77.26000213623047,77.58000183105469,3087000
2022-08-31,77.5199966430664,78.08999633789062,77.05000305175781,77.06999969482422,4301400
2022-09-01,77.25,78.9000015258789,77.16999816894531,78.7699966430664,3740300
2022-09-02,78.91000366210938,79.6500015258789,77.62000274658203,77.87000274658203,3128300
2022-09-06,78.19999694824219,78.97000122070312,77.58999633789062,77.77999877929688,4134200
2022-09-07,78.16000366210938,79.93000030517578,78.1500015258789,79.75,5148100
2022-09-08,79.54000091552734,80.0199966430664,79.04000091552734,79.41000366210938,2684100
2022-09-09,79.72000122070312,80.08000183105469,79.19000244140625,79.5199966430664,3240400
2022-09-12,79.5999984741211,80.31999969482422,79.4000015258789,80.1500015258789,3368300
2022-09-13,79.47000122070312,79.77999877929688,77.88999938964844,78.2300033569336,3211600
2022-09-14,78.3499984741211,79.73999786376953,78.3499984741211,79.43000030517578,2905800
2022-09-15,79.1500015258789,79.1500015258789,77.2300033569336,77.29000091552734,3976900
2022-09-16,77.2699966430664,77.83000183105469,76.91000366210938,77.25,8144500
2022-09-19,77.02999877929688,78.33999633789062,76.69000244140625,78.2699966430664,3977700
2022-09-20,77.81999969482422,77.91000366210938,76.41000366210938,77.22000122070312,2999100
2022-09-21,77.62999725341797,78.22000122070312,76.12000274658203,76.12999725341797,2458700
2022-09-22,76.12999725341797,76.54000091552734,75.55000305175781,75.94000244140625,2831100
2022-09-23,75.30000305175781,75.5199966430664,74.23999786376953,74.98999786376953,3283500
2022-09-26,74.94000244140625,74.94999694824219,72.20999908447266,73.1500015258789,4095300
2022-09-27,73.5999984741211,73.5999984741211,71.45999908447266,71.72000122070312,3975500
2022-09-28,72.5999984741211,72.94999694824219,71.68000030517578,72.5199966430664,4003600
2022-09-29,72.44999694824219,72.66999816894531,69.2699966430664,69.37999725341797,3994400
2022-09-30,69.79000091552734,70.0999984741211,67.8499984741211,68.0,7156100
2022-10-03,69.2699966430664,70.27999877929688,68.5199966430664,69.7300033569336,4279600
2022-10-04,69.86000061035156,71.11000061035156,69.33000183105469,70.69000244140625,4521500
2022-10-05,69.97000122070312,69.97000122070312,68.01000213623047,68.7300033569336,4030500
2022-10-06,68.5,68.58000183105469,65.66999816894531,65.7300033569336,6649900
2022-10-07,65.83000183105469,65.98999786376953,63.790000915527344,64.12000274658203,4889300
2022-10-10,64.26000213623047,64.9800033569336,63.939998626708984,63.9900016784668,2943500
2022-10-11,63.650001525878906,64.55000305175781,63.369998931884766,63.63999938964844,3906900
2022-10-12,63.54999923706055,63.790000915527344,61.47999954223633,61.5,5066300
2022-10-13,60.959999084472656,64.13999938964844,60.709999084472656,64.05000305175781,5246700
2022-10-14,64.6500015258789,65.7699966430664,63.20000076293945,63.5099983215332,5079900
2022-10-17,64.08000183105469,65.1500015258789,64.08000183105469,64.27999877929688,4018700
2022-10-18,65.16999816894531,65.86000061035156,64.81999969482422,65.38999938964844,3841500
2022-10-19,64.55000305175781,65.12000274658203,64.18000030517578,64.69000244140625,3158900
2022-10-20,65.04000091552734,65.04000091552734,63.38999938964844,63.5,4098700
2022-10-21,63.560001373291016,64.80000305175781,63.36000061035156,64.5,5225600
2022-10-24,64.62000274658203,65.04000091552734,63.810001373291016,64.58999633789062,4327100
2022-10-25,64.69000244140625,65.79000091552734,64.68000030517578,65.72000122070312,3752900
2022-10-26,66.0,66.44000244140625,65.12000274658203,65.63999938964844,4312800
2022-10-27,66.45999908447266,66.88999938964844,65.0199966430664,65.16999816894531,7106500
2022-10-28,65.51000213623047,67.12000274658203,65.51000213623047,66.33999633789062,4509800
2022-10-31,65.98999786376953,66.27999877929688,65.1500015258789,65.4800033569336,5054800
2022-11-01,65.7699966430664,66.05999755859375,64.9800033569336,65.52999877929688,3196200
2022-11-02,65.33999633789062,66.63999938964844,64.7699966430664,64.80000305175781,4289200
2022-11-03,64.26000213623047,65.44000244140625,63.880001068115234,64.8499984741211,4163200
2022-11-04,65.0,65.29000091552734,63.95000076293945,64.91000366210938,3542500
2022-11-07,64.81999969482422,64.81999969482422,62.41999816894531,63.36000061035156,5010800
2022-11-08,63.54999923706055,64.37000274658203,63.38999938964844,63.95000076293945,3346800
2022-11-09,63.869998931884766,64.37000274658203,63.310001373291016,63.439998626708984,3404700
2022-11-10,65.0,65.80000305175781,63.95000076293945,65.70999908447266,5143100
2022-11-11,65.8499984741211,65.88999938964844,64.5199966430664,65.08999633789062,4638900
2022-11-14,65.47000122070312,65.83999633789062,64.5199966430664,64.54000091552734,5160600
2022-11-15,65.29000091552734,65.94000244140625,64.66000366210938,65.88999938964844,5905900
2022-11-16,66.0,66.45999908447266,65.4800033569336,65.83000183105469,5338500
2022-11-17,65.30999755859375,65.73999786376953,64.61000061035156,64.91999816894531,4464500
2022-11-18,64.69999694824219,65.62999725341797,64.41000366210938,65.56999969482422,5202900
2022-11-21,65.37999725341797,65.91999816894531,65.11000061035156,65.7300033569336,4837600
2022-11-22,65.98999786376953,66.44000244140625,65.55000305175781,65.94999694824219,3760800
2022-11-23,65.81999969482422,66.37999725341797,65.5999984741211,66.36000061035156,3900000
2022-11-25,66.62999725341797,67.19000244140625,66.52999877929688,66.91000366210938,1435600
2022-11-28,66.41000366210938,66.7699966430664,65.58000183105469,65.83999633789062,4907700
2022-11-29,65.45999908447266,65.76000213623047,65.02999877929688,65.7300033569336,4408600
2022-11-30,65.62000274658203,67.83000183105469,65.47000122070312,67.63999938964844,8262100
2022-12-01,67.94000244140625,68.55999755859375,67.16000366210938,67.72000122070312,4807100
2022-12-02,67.12000274658203,67.54000091552734,66.77999877929688,67.33999633789062,4003500
2022-12-05,66.79000091552734,67.7699966430664,66.69000244140625,67.4800033569336,4281000
2022-12-06,67.8499984741211,68.51000213623047,67.77999877929688,68.4800033569336,6586400
2022-12-07,68.3499984741211,69.2699966430664,68.23999786376953,68.5,4855000
2022-12-08,68.3499984741211,69.13999938964844,68.11000061035156,68.68000030517578,3668000
2022-12-09,68.31999969482422,68.73999786376953,68.02999877929688,68.36000061035156,3466000
2022-12-12,69.75,71.11000061035156,69.29000091552734,71.02999877929688,5793900
2022-12-13,71.87999725341797,72.38999938964844,70.47000122070312,71.20999908447266,4377400
2022-12-14,71.43000030517578,72.05000305175781,70.5,71.11000061035156,5043500
2022-12-15,70.6500015258789,71.37000274658203,70.18000030517578,70.37000274658203,6068900
2022-12-16,69.95999908447266,70.2300033569336,68.4000015258789,69.43000030517578,18469900
2022-12-19,69.16999816894531,69.45999908447266,68.5,68.91000366210938,4358400
2022-12-20,68.8499984741211,70.0,68.47000122070312,69.47000122070312,4940700
2022-12-21,69.80999755859375,71.19000244140625,69.61000061035156,70.7300033569336,6730000
2022-12-22,70.63999938964844,70.88999938964844,69.69000244140625,70.76000213623047,3546000
2022-12-23,70.63999938964844,71.75,70.63999938964844,71.73999786376953,2981700
2022-12-27,71.75,72.43000030517578,71.4000015258789,72.2699966430664,3682900
2022-12-28,72.41999816894531,72.83000183105469,71.47000122070312,71.6500015258789,2282600
2022-12-29,71.94999694824219,72.4800033569336,71.88999938964844,72.19000244140625,2367300
2022-12-30,72.18000030517578,72.2699966430664,70.80999755859375,71.41000366210938,2910900
2023-01-03,71.43000030517578,72.0199966430664,70.69000244140625,71.9000015258789,3761200
2023-01-04,72.02999877929688,73.04000091552734,71.81999969482422,72.51000213623047,3857500
2023-01-05,72.0,72.2300033569336,70.12000274658203,70.37999725341797,4098700
2023-01-06,71.13999938964844,72.05999755859375,70.91999816894531,71.62999725341797,4040800
2023-01-09,71.4000015258789,72.19000244140625,71.23999786376953,71.5,3168300
2023-01-10,71.37000274658203,71.37000274658203,70.44000244140625,71.11000061035156,3215000
2023-01-11,71.1500015258789,71.63999938964844,70.9800033569336,71.55999755859375,2965400
2023-01-12,71.41999816894531,71.52999877929688,70.2699966430664,70.33999633789062,5082000
2023-01-13,69.94999694824219,70.56999969482422,69.33000183105469,70.31999969482422,3637100
2023-01-17,70.05000305175781,70.91999816894531,69.91000366210938,70.05000305175781,3601900
2023-01-18,70.19999694824219,70.25,67.68000030517578,67.72000122070312,3494900
2023-01-19,67.47000122070312,67.61000061035156,66.33000183105469,66.44999694824219,3967500
2023-01-20,66.33000183105469,67.16000366210938,65.12999725341797,67.12000274658203,3963000
2023-01-23,66.94999694824219,67.76000213623047,66.55000305175781,66.86000061035156,3502400
2023-01-24,68.79000091552734,71.18000030517578,65.83999633789062,66.69999694824219,3444200
2023-01-25,66.19999694824219,67.37000274658203,65.76000213623047,67.26000213623047,3796000
2023-01-26,66.94999694824219,67.76000213623047,66.7699966430664,67.5199966430664,3235500
2023-01-27,67.33999633789062,68.16999816894531,67.02999877929688,68.0,2904300
2023-01-30,67.68000030517578,68.25,67.41999816894531,67.43000030517578,3498400
2023-01-31,67.68000030517578,67.80000305175781,66.87000274658203,67.68000030517578,5420900
2023-02-01,67.48999786376953,69.44000244140625,67.38999938964844,68.86000061035156,5792400
2023-02-02,68.79000091552734,69.20999908447266,67.48999786376953,68.62000274658203,4820500
2023-02-03,68.13999938964844,68.2699966430664,66.23999786376953,67.2699966430664,3888200
2023-02-06,67.1500015258789,67.95999908447266,66.9000015258789,67.9000015258789,3000200
2023-02-07,67.37000274658203,67.86000061035156,66.5199966430664,67.73999786376953,3226000
2023-02-08,67.30999755859375,67.30999755859375,65.95999908447266,66.44999694824219,2619600
2023-02-09,66.52999877929688,67.22000122070312,65.70999908447266,65.77999877929688,3243000
2023-02-10,65.8499984741211,66.98999786376953,65.63999938964844,66.87999725341797,2592400
2023-02-13,66.80000305175781,67.44999694824219,66.80000305175781,67.12999725341797,2345000
2023-02-14,67.0,67.51000213623047,66.41000366210938,66.6500015258789,2705300
2023-02-15,66.43000030517578,66.79000091552734,66.0999984741211,66.7699966430664,3758800
2023-02-16,66.5999984741211,66.62999725341797,65.13999938964844,65.86000061035156,5312200
2023-02-17,64.93000030517578,66.97000122070312,64.86000061035156,66.62999725341797,5356500
2023-02-21,66.05999755859375,66.2699966430664,65.36000061035156,65.55000305175781,3088400
2023-02-22,65.4800033569336,66.20999908447266,65.02999877929688,65.23999786376953,3523600
2023-02-23,65.12999725341797,65.36000061035156,64.4000015258789,64.73999786376953,7870800
2023-02-24,64.16999816894531,64.6500015258789,63.709999084472656,64.55999755859375,5468100
2023-02-27,64.76000213623047,65.58000183105469,64.20999908447266,64.37000274658203,4839900
2023-02-28,64.12999725341797,64.41999816894531,63.02000045776367,63.060001373291016,4751200
2023-03-01,62.59000015258789,62.709999084472656,61.72999954223633,62.31999969482422,5571900
2023-03-02,62.45000076293945,63.70000076293945,62.25,63.66999816894531,5766100
2023-03-03,63.66999816894531,64.87999725341797,63.20000076293945,64.80999755859375,4965500
2023-03-06,64.70999908447266,65.33999633789062,64.6500015258789,65.2300033569336,4832700
2023-03-07,65.12000274658203,65.58999633789062,64.04000091552734,64.33000183105469,4115000
2023-03-08,64.25,64.91000366210938,63.880001068115234,64.7300033569336,3238900
2023-03-09,64.91999816894531,65.91000366210938,64.41999816894531,64.55000305175781,3564800
2023-03-10,64.80999755859375,64.9000015258789,63.630001068115234,63.939998626708984,3892600
2023-03-13,63.790000915527344,66.77999877929688,63.790000915527344,65.1500015258789,5202200
2023-03-14,65.62000274658203,66.38999938964844,65.43000030517578,66.18000030517578,5092400
2023-03-15,66.04000091552734,68.02999877929688,65.83000183105469,67.6500015258789,6256400
2023-03-16,67.4000015258789,68.63999938964844,67.30999755859375,68.12000274658203,6737200
2023-03-17,69.0,69.05000305175781,67.3499984741211,67.9000015258789,10618900
2023-03-20,68.0,70.41999816894531,67.91999816894531,68.55000305175781,5773400
2023-03-21,68.44999694824219,68.61000061035156,66.2300033569336,67.12999725341797,6030900
2023-03-22,66.9800033569336,68.18000030517578,66.69999694824219,66.70999908447266,6618600
2023-03-23,66.70999908447266,67.41999816894531,66.05999755859375,66.33999633789062,4542600
2023-03-24,66.5199966430664,68.5999984741211,66.41999816894531,68.58999633789062,4885300
2023-03-27,68.86000061035156,69.12999725341797,68.05000305175781,68.23999786376953,4100400
2023-03-28,68.19999694824219,68.95999908447266,68.0199966430664,68.38999938964844,5637000
2023-03-29,68.63999938964844,69.58000183105469,68.63999938964844,69.33999633789062,4229000
2023-03-30,69.41999816894531,69.76000213623047,68.8499984741211,69.05999755859375,3997100
2023-03-31,69.19999694824219,69.61000061035156,68.7699966430664,69.58000183105469,5195200
2023-04-03,69.13999938964844,69.62999725341797,68.25,68.97000122070312,4323500
2023-04-04,69.12999725341797,69.66000366210938,68.72000122070312,69.62999725341797,3067100
2023-04-05,70.0,71.66999816894531,69.7699966430664,71.5,4522100
2023-04-06,71.91000366210938,72.55000305175781,71.66999816894531,72.30999755859375,4504800
2023-04-10,71.88999938964844,72.05000305175781,71.13999938964844,72.04000091552734,3175800
2023-04-11,72.0199966430664,72.13999938964844,71.38999938964844,71.83000183105469,3239100
2023-04-12,71.8499984741211,72.61000061035156,71.41999816894531,72.12000274658203,3811400
2023-04-13,71.83999633789062,72.48999786376953,70.9000015258789,72.45999908447266,4190000
2023-04-14,71.97000122070312,72.33000183105469,71.68000030517578,71.94000244140625,3349900
2023-04-17,72.16999816894531,72.48999786376953,71.58000183105469,72.33999633789062,2988200
2023-04-18,72.30000305175781,72.79000091552734,72.08000183105469,72.58000183105469,3267200
2023-04-19,72.80999755859375,73.25,72.61000061035156,72.80999755859375,2987100
2023-04-20,72.81999969482422,73.27999877929688,72.61000061035156,73.0199966430664,3696800
2023-04-21,73.68000030517578,73.9800033569336,73.0999984741211,73.61000061035156,3184800
2023-04-24,73.66000366210938,74.1500015258789,73.22000122070312,74.0999984741211,2616800
2023-04-25,74.2300033569336,74.45999908447266,73.76000213623047,73.9800033569336,3337400
2023-04-26,73.54000091552734,73.6500015258789,72.45999908447266,72.58999633789062,3999000
2023-04-27,72.80000305175781,73.62000274658203,72.62000274658203,73.51000213623047,4126300
2023-04-28,73.54000091552734,74.02999877929688,73.08999633789062,73.55000305175781,4598700
2023-05-01,73.5,74.55999755859375,73.33000183105469,74.08999633789062,4044500
2023-05-02,74.25,74.36000061035156,73.08000183105469,73.1500015258789,4180300
2023-05-03,73.5999984741211,74.19000244140625,73.19000244140625,73.33000183105469,3240500
2023-05-04,73.44000244140625,74.29000091552734,72.52999877929688,74.25,4305200
2023-05-05,73.77999877929688,74.95999908447266,73.66000366210938,74.94000244140625,3945500
2023-05-08,74.80999755859375,75.16000366210938,74.2699966430664,74.56999969482422,2971600
2023-05-09,74.31999969482422,74.87999725341797,74.02999877929688,74.69000244140625,4205600
2023-05-10,74.95999908447266,75.75,74.80000305175781,75.66000366210938,4021700
2023-05-11,75.58999633789062,75.80000305175781,74.38999938964844,74.6500015258789,3206600
2023-05-12,74.16999816894531,74.25,72.79000091552734,73.3499984741211,4820400
2023-05-15,73.54000091552734,73.63999938964844,72.08999633789062,72.41999816894531,3706000
2023-05-16,72.36000061035156,72.54000091552734,70.55000305175781,70.9000015258789,4008200
2023-05-17,71.01000213623047,71.33000183105469,70.47000122070312,70.94000244140625,4411600
2023-05-18,70.6500015258789,71.12999725341797,70.3499984741211,71.05000305175781,4355300
2023-05-19,71.41000366210938,71.80999755859375,70.91000366210938,71.41000366210938,4665600
2023-05-22,71.5999984741211,71.80000305175781,70.94000244140625,70.94999694824219,2913800
2023-05-23,70.6500015258789,71.4000015258789,70.62999725341797,71.1500015258789,4500000
2023-05-24,71.05000305175781,71.66999816894531,70.7300033569336,70.8499984741211,4044700
2023-05-25,71.0999984741211,71.19000244140625,69.66999816894531,69.81999969482422,4980700
2023-05-26,69.72000122070312,69.80000305175781,69.0199966430664,69.47000122070312,5056000
2023-05-30,69.45999908447266,70.19000244140625,69.16999816894531,69.83000183105469,4197200
2023-05-31,69.83000183105469,70.29000091552734,69.1500015258789,69.75,6383300
2023-06-01,69.98999786376953,69.98999786376953,68.93000030517578,69.18000030517578,5021800
2023-06-02,68.88999938964844,69.87999725341797,68.58999633789062,69.44999694824219,4840700
2023-06-05,69.33999633789062,70.16000366210938,69.25,69.69000244140625,3445300
2023-06-06,70.16000366210938,70.30999755859375,69.3499984741211,69.37000274658203,5025700
2023-06-07,69.37999725341797,70.37999725341797,68.80999755859375,70.12999725341797,4954200
2023-06-08,70.33999633789062,71.11000061035156,69.86000061035156,71.08000183105469,4215900
2023-06-09,71.0999984741211,71.3499984741211,70.3499984741211,71.26000213623047,3937100
2023-06-12,71.4800033569336,71.5,70.66000366210938,70.83999633789062,3395000
2023-06-13,70.33000183105469,70.87999725341797,69.94000244140625,70.44999694824219,4128900
2023-06-14,70.5999984741211,71.41000366210938,70.37000274658203,70.4800033569336,4249300
2023-06-15,70.87999725341797,71.3499984741211,70.54000091552734,70.76000213623047,4141900
2023-06-16,70.63999938964844,72.19000244140625,70.55999755859375,71.76000213623047,9349900
2023-06-20,71.4800033569336,71.62000274658203,70.29000091552734,70.33999633789062,3723600
2023-06-21,70.18000030517578,71.66000366210938,69.83999633789062,71.63999938964844,2958000
2023-06-22,71.91000366210938,72.02999877929688,71.08999633789062,71.30000305175781,2513800
2023-06-23,71.47000122070312,71.72000122070312,70.41000366210938,70.44999694824219,4605200
2023-06-26,70.66000366210938,71.75,70.41999816894531,71.7300033569336,3078300
2023-06-27,71.8499984741211,71.94000244140625,70.8499984741211,71.12000274658203,4005800
2023-06-28,71.0,71.08000183105469,69.70999908447266,69.87000274658203,3895000
2023-06-29,69.51000213623047,69.88999938964844,68.66999816894531,69.13999938964844,5376100
2023-06-30,69.43000030517578,70.38999938964844,68.8499984741211,70.25,5505600
2023-07-03,70.5,70.66999816894531,70.11000061035156,70.56999969482422,2156300
2023-07-05,70.36000061035156,72.08000183105469,70.36000061035156,71.68000030517578,5197600
2023-07-06,71.12999725341797,71.22000122070312,70.37000274658203,70.79000091552734,3966800
2023-07-07,70.38999938964844,71.13999938964844,70.06999969482422,70.68000030517578,3455800
2023-07-10,70.58000183105469,70.70999908447266,69.75,70.13999938964844,2652000
2023-07-11,70.16000366210938,70.75,69.75,70.7300033569336,2770600
2023-07-12,70.93000030517578,71.70999908447266,70.55000305175781,71.58999633789062,3708400
2023-07-13,71.51000213623047,71.75,71.05999755859375,71.4800033569336,4050600
2023-07-14,71.29000091552734,71.66999816894531,71.01000213623047,71.37999725341797,2810400
2023-07-17,71.23999786376953,71.33999633789062,70.16000366210938,70.18000030517578,2941200
2023-07-18,70.18000030517578,70.41000366210938,68.80999755859375,69.08999633789062,3611600
2023-07-19,69.22000122070312,70.43000030517578,69.01000213623047,70.13999938964844,3383900
2023-07-20,70.36000061035156,71.30000305175781,69.9800033569336,71.06999969482422,6103700
2023-07-21,71.36000061035156,73.29000091552734,71.18000030517578,73.05999755859375,5326200
2023-07-24,73.23999786376953,73.37000274658203,72.5,72.94999694824219,3446600
2023-07-25,72.69999694824219,73.18000030517578,72.4000015258789,72.61000061035156,3997200
2023-07-26,72.51000213623047,73.83999633789062,72.45999908447266,73.08999633789062,3005600
2023-07-27,72.80999755859375,73.0199966430664,72.38999938964844,72.86000061035156,5379900
2023-07-28,73.30999755859375,73.63999938964844,72.16000366210938,72.3499984741211,5362800
2023-07-31,72.70999908447266,72.87999725341797,72.0,72.33999633789062,6777500
2023-08-01,72.27999877929688,72.54000091552734,71.25,71.27999877929688,3892700
2023-08-02,71.0199966430664,71.63999938964844,70.88999938964844,70.97000122070312,3746600
2023-08-03,71.36000061035156,71.9800033569336,68.5999984741211,68.62000274658203,5397400
2023-08-04,68.73999786376953,69.62000274658203,67.51000213623047,67.83999633789062,4105500
2023-08-07,68.0,68.52999877929688,67.83999633789062,68.0199966430664,3197200
2023-08-08,68.01000213623047,68.83000183105469,67.68000030517578,68.80999755859375,3567200
2023-08-09,68.81999969482422,69.70999908447266,68.75,69.19000244140625,3729200
2023-08-10,69.69999694824219,69.97000122070312,69.0999984741211,69.41000366210938,2583800
2023-08-11,69.33999633789062,69.69999694824219,68.93000030517578,69.5,3230300
2023-08-14,69.41000366210938,69.73999786376953,68.5999984741211,68.83000183105469,2773200
2023-08-15,68.37000274658203,68.52999877929688,67.69999694824219,67.77999877929688,3450200
2023-08-16,68.08999633789062,68.4800033569336,67.77999877929688,68.11000061035156,2246900
2023-08-17,68.23999786376953,69.08000183105469,68.12000274658203,68.25,2620500
2023-08-18,67.58000183105469,68.19999694824219,67.45999908447266,67.80999755859375,2682700
2023-08-21,67.75,67.8499984741211,67.13999938964844,67.61000061035156,2308900
2023-08-22,67.48999786376953,67.95999908447266,67.22000122070312,67.7300033569336,2060700
2023-08-23,68.11000061035156,68.1500015258789,67.23999786376953,67.55000305175781,2655000
2023-08-24,67.55000305175781,68.63999938964844,67.41000366210938,67.43000030517578,2414700
2023-08-25,67.61000061035156,68.44000244140625,67.47000122070312,68.08999633789062,2227400
2023-08-28,68.20999908447266,68.41000366210938,67.7300033569336,68.12999725341797,2380400
2023-08-29,68.30000305175781,68.5999984741211,67.91000366210938,68.56999969482422,2535700
2023-08-30,68.55000305175781,69.18000030517578,68.18000030517578,68.62000274658203,3583400
2023-08-31,68.81999969482422,68.83000183105469,67.69999694824219,67.7300033569336,4063800
2023-09-01,68.22000122070312,68.52999877929688,66.41000366210938,67.22000122070312,3505400
2023-09-05,67.05000305175781,67.33000183105469,65.93000030517578,66.30000305175781,3197800
2023-09-06,66.45999908447266,66.55000305175781,65.97000122070312,66.25,5730300
2023-09-07,66.79000091552734,67.93000030517578,66.73999786376953,67.11000061035156,3728600
2023-09-08,67.19999694824219,67.94000244140625,66.9800033569336,67.93000030517578,4412100
2023-09-11,67.83000183105469,68.44999694824219,67.70999908447266,68.12999725341797,2838600
2023-09-12,68.08000183105469,68.87999725341797,67.44999694824219,68.5999984741211,3754600
2023-09-13,68.98999786376953,69.98999786376953,68.73999786376953,69.5,3632100
2023-09-14,69.91000366210938,70.97000122070312,69.73999786376953,70.9000015258789,3698700
2023-09-15,70.51000213623047,71.43000030517578,70.51000213623047,71.08999633789062,7353100
2023-09-18,71.20999908447266,71.30000305175781,70.41000366210938,70.94999694824219,3686800
2023-09-19,70.98999786376953,71.23999786376953,70.58999633789062,70.91000366210938,3961500
2023-09-20,71.1500015258789,71.73999786376953,70.70999908447266,71.19999694824219,4072900
2023-09-21,71.16999816894531,71.19999694824219,69.87000274658203,69.9000015258789,3982700
2023-09-22,69.5999984741211,69.98999786376953,69.12000274658203,69.37000274658203,3528500
2023-09-25,69.05999755859375,69.4000015258789,68.66999816894531,69.29000091552734,3038000
2023-09-26,68.80999755859375,69.11000061035156,66.80000305175781,67.11000061035156,3948400
2023-09-27,67.0,67.44000244140625,66.02999877929688,66.13999938964844,4712500
2023-09-28,66.52999877929688,66.70999908447266,64.93000030517578,65.06999969482422,5083500
2023-09-29,65.81999969482422,65.9000015258789,64.36000061035156,64.72000122070312,4928500
2023-10-02,64.30000305175781,64.4800033569336,61.91999816894531,62.709999084472656,7772700
2023-10-03,62.29999923706055,64.37999725341797,61.560001373291016,64.02999877929688,8589500
2023-10-04,64.30000305175781,64.7300033569336,63.36000061035156,64.62000274658203,5147200
2023-10-05,64.43000030517578,65.06999969482422,63.720001220703125,64.58999633789062,5269100
2023-10-06,63.4900016784668,65.13999938964844,62.2599983215332,64.97000122070312,5158400
2023-10-09,65.0,65.93000030517578,64.87999725341797,65.91000366210938,3845600
2023-10-10,66.0,66.55999755859375,65.68000030517578,66.44000244140625,4253000
2023-10-11,66.80000305175781,67.27999877929688,66.27999877929688,67.0999984741211,3908100
2023-10-12,66.91999816894531,67.1500015258789,65.25,65.69999694824219,4192400
2023-10-13,66.3499984741211,66.86000061035156,66.0,66.55000305175781,3368600
2023-10-16,67.06999969482422,67.72000122070312,66.58000183105469,67.5,4242000
2023-10-17,67.11000061035156,67.55000305175781,66.55000305175781,67.11000061035156,4596300
2023-10-18,67.0999984741211,67.5199966430664,66.41000366210938,66.5999984741211,3545000
2023-10-19,66.5999984741211,67.33999633789062,66.23999786376953,66.44000244140625,4067000
2023-10-20,66.19000244140625,67.11000061035156,65.69999694824219,65.7300033569336,4195000
2023-10-23,65.08000183105469,66.2300033569336,64.52999877929688,65.43000030517578,3700200
2023-10-24,66.05999755859375,66.63999938964844,65.88999938964844,66.44999694824219,3782100
2023-10-25,66.12000274658203,66.73999786376953,65.81999969482422,66.61000061035156,3781700
2023-10-26,66.62999725341797,67.63999938964844,66.54000091552734,67.16000366210938,4655100
2023-10-27,66.80000305175781,67.58999633789062,66.12000274658203,66.52999877929688,4214300
2023-10-30,66.86000061035156,67.31999969482422,66.61000061035156,66.79000091552734,3945800
2023-10-31,67.01000213623047,67.5999984741211,66.69999694824219,67.30000305175781,4856500
2023-11-01,67.63999938964844,68.80999755859375,67.12999725341797,68.43000030517578,4880600
2023-11-02,67.37999725341797,70.55999755859375,67.37999725341797,70.12000274658203,5970700
2023-11-03,70.55999755859375,71.33000183105469,70.37000274658203,70.38999938964844,5554400
2023-11-06,70.41000366210938,70.72000122070312,69.22000122070312,69.2300033569336,5497000
2023-11-07,69.36000061035156,69.4800033569336,68.55000305175781,68.72000122070312,5092600
2023-11-08,68.44999694824219,68.66999816894531,67.5199966430664,68.5999984741211,4665700
2023-11-09,68.80999755859375,69.19000244140625,67.94999694824219,68.04000091552734,5923300
2023-11-10,68.38999938964844,68.44000244140625,67.69999694824219,68.0999984741211,5902500
2023-11-13,67.94999694824219,68.19999694824219,67.19000244140625,67.33999633789062,5187100
2023-11-14,68.23999786376953,69.29000091552734,68.12999725341797,69.20999908447266,5711500
2023-11-15,69.08000183105469,69.80999755859375,68.68000030517578,68.7699966430664,3392300
2023-11-16,69.38999938964844,70.3499984741211,69.26000213623047,70.2699966430664,4517100
2023-11-17,69.98999786376953,70.05000305175781,69.29000091552734,69.7699966430664,4594500
2023-11-20,69.6500015258789,69.6500015258789,68.62999725341797,69.44000244140625,3353000
2023-11-21,69.62999725341797,69.88999938964844,68.83000183105469,69.6500015258789,3251400
2023-11-22,69.93000030517578,69.94000244140625,69.20999908447266,69.58999633789062,2753000
2023-11-24,69.68000030517578,69.81999969482422,69.30999755859375,69.61000061035156,1119300
2023-11-27,69.62999725341797,70.41000366210938,69.44000244140625,70.26000213623047,3794300
2023-11-28,70.27999877929688,71.1500015258789,69.93000030517578,70.48999786376953,4804700
2023-11-29,70.58000183105469,70.97000122070312,69.91000366210938,70.2300033569336,4201800
2023-11-30,70.33999633789062,71.27999877929688,70.22000122070312,70.9800033569336,8114700
2023-12-01,70.91000366210938,71.52999877929688,70.4000015258789,71.5199966430664,3996100
2023-12-04,71.25,71.79000091552734,71.16000366210938,71.27999877929688,4205900
2023-12-05,71.37999725341797,71.45999908447266,70.79000091552734,70.93000030517578,3635500
2023-12-06,71.0999984741211,72.30000305175781,71.0999984741211,72.26000213623047,4829500
2023-12-07,72.47000122070312,72.55000305175781,71.55999755859375,71.6500015258789,3575900
2023-12-08,71.69000244140625,72.19000244140625,70.94000244140625,71.5,2711200
2023-12-11,71.2300033569336,71.55999755859375,70.83999633789062,71.36000061035156,4000800
2023-12-12,71.48999786376953,71.48999786376953,70.12999725341797,70.47000122070312,4376000
2023-12-13,70.55999755859375,73.0999984741211,70.0999984741211,73.08000183105469,5762900
2023-12-14,73.2300033569336,73.41999816894531,71.33000183105469,71.5,6377300
2023-12-15,70.83999633789062,70.9800033569336,70.02999877929688,70.86000061035156,12327600
2023-12-18,70.66999816894531,71.68000030517578,70.66000366210938,71.41999816894531,5131900
2023-12-19,71.1500015258789,71.94999694824219,71.02999877929688,71.26000213623047,3733500
2023-12-20,71.22000122070312,71.44000244140625,69.66999816894531,69.69000244140625,4363800
2023-12-21,69.91999816894531,70.16000366210938,68.70999908447266,69.37000274658203,4146700
2023-12-22,69.80000305175781,70.19999694824219,69.33000183105469,69.44000244140625,3013400
2023-12-26,69.30000305175781,69.8499984741211,69.18000030517578,69.44999694824219,2131000
2023-12-27,69.22000122070312,69.66999816894531,69.01000213623047,69.41000366210938,2771900
2023-12-28,69.36000061035156,70.31999969482422,69.27999877929688,70.16000366210938,2790500
2023-12-29,69.8499984741211,70.26000213623047,69.62999725341797,70.12000274658203,2895500
2024-01-02,69.66999816894531,70.95999908447266,69.5999984741211,70.8499984741211,3955100
2024-01-03,71.0,72.30000305175781,70.98999786376953,72.23999786376953,6290500
2024-01-04,72.30999755859375,72.54000091552734,71.58000183105469,71.70999908447266,3442500
2024-01-05,71.73999786376953,71.8499984741211,70.70999908447266,71.61000061035156,5670200
2024-01-08,71.5,72.18000030517578,71.18000030517578,72.16000366210938,3296400
2024-01-09,71.69999694824219,72.01000213623047,71.33999633789062,71.87000274658203,3073600
2024-01-10,71.98999786376953,71.98999786376953,71.3499984741211,71.83000183105469,2563200
2024-01-11,72.0,72.0,70.41999816894531,70.58000183105469,3407600
2024-01-12,71.05000305175781,71.56999969482422,70.80999755859375,71.41999816894531,3184000
2024-01-16,71.0999984741211,71.0999984741211,70.18000030517578,70.31999969482422,3515000
2024-01-17,70.0,70.88999938964844,69.11000061035156,69.62999725341797,3775800
2024-01-18,69.30999755859375,69.47000122070312,68.44999694824219,68.7699966430664,3797300
2024-01-19,68.91000366210938,69.33000183105469,68.44999694824219,68.94999694824219,5003300
2024-01-22,68.94000244140625,69.3499984741211,68.08999633789062,68.81999969482422,3670700
2024-01-23,68.76000213623047,68.94999694824219,68.47000122070312,68.83000183105469,5660300
2024-01-24,69.22000122070312,69.41000366210938,67.69999694824219,68.19999694824219,6257700
2024-01-25,68.83999633789062,69.26000213623047,68.29000091552734,69.23999786376953,3897800
2024-01-26,69.23999786376953,69.44000244140625,68.58999633789062,69.11000061035156,5987600
2024-01-29,69.1500015258789,69.29000091552734,68.68000030517578,69.19000244140625,4673800
2024-01-30,69.11000061035156,69.58000183105469,68.70999908447266,69.25,4578700
2024-01-31,70.0,70.33000183105469,69.06999969482422,69.5199966430664,8371500
2024-02-01,69.0999984741211,70.52999877929688,68.80000305175781,70.5,4554400
2024-02-02,69.81999969482422,69.95999908447266,67.95999908447266,68.6500015258789,5652100
2024-02-05,68.30000305175781,68.33999633789062,67.06999969482422,67.18000030517578,5015400
2024-02-06,67.08000183105469,67.68000030517578,66.94000244140625,67.4000015258789,3471600
2024-02-07,67.54000091552734,67.7699966430664,66.80000305175781,66.94999694824219,4406200
2024-02-08,66.61000061035156,67.02999877929688,66.36000061035156,66.94000244140625,3811100
2024-02-09,66.62999725341797,67.19999694824219,66.51000213623047,66.91000366210938,3792800
2024-02-12,66.94000244140625,68.33000183105469,66.62999725341797,68.30999755859375,4782800
2024-02-13,68.0,68.55999755859375,66.48999786376953,67.51000213623047,5357500
2024-02-14,67.45999908447266,67.88999938964844,67.2300033569336,67.80999755859375,4146900
2024-02-15,67.05000305175781,68.19999694824219,66.08000183105469,66.83000183105469,10332900
2024-02-16,65.98999786376953,66.63999938964844,65.80000305175781,66.4800033569336,8509100
2024-02-20,66.62000274658203,68.33999633789062,66.43000030517578,67.04000091552734,6385800
2024-02-21,67.44000244140625,67.8499984741211,67.11000061035156,67.7300033569336,4256500
2024-02-22,67.16999816894531,67.58000183105469,66.54000091552734,67.27999877929688,3530400
2024-02-23,67.31999969482422,68.05999755859375,67.22000122070312,67.69000244140625,3222200
2024-02-26,67.41000366210938,67.5,66.23999786376953,66.25,4060000
2024-02-27,66.4000015258789,66.73999786376953,66.08000183105469,66.45999908447266,4146900
2024-02-28,66.45999908447266,66.81999969482422,66.19999694824219,66.80999755859375,5211700
2024-02-29,67.12000274658203,67.63999938964844,66.80000305175781,67.25,8578100
2024-03-01,67.02999877929688,67.12000274658203,65.98999786376953,66.86000061035156,4748200
2024-03-04,66.87000274658203,68.29000091552734,66.62000274658203,68.19999694824219,4285900
2024-03-05,68.5,69.26000213623047,67.55000305175781,67.9800033569336,4542800
2024-03-06,68.47000122070312,68.91999816894531,67.9800033569336,68.58000183105469,4629200
2024-03-07,69.19999694824219,69.41999816894531,68.76000213623047,69.25,4896000
2024-03-08,69.33000183105469,69.51000213623047,68.55999755859375,69.01000213623047,3705200
2024-03-11,68.91999816894531,69.87999725341797,68.69000244140625,69.77999877929688,3490900
2024-03-12,69.44000244140625,70.0999984741211,69.02999877929688,69.3499984741211,3255400
2024-03-13,69.83999633789062,70.43000030517578,69.80000305175781,69.94000244140625,5086200
2024-03-14,69.6500015258789,69.93000030517578,68.80000305175781,69.37999725341797,4212500
2024-03-15,68.95999908447266,69.7699966430664,68.69999694824219,69.08999633789062,8653700
2024-03-18,69.18000030517578,69.62000274658203,68.98999786376953,69.41999816894531,2688800
2024-03-19,69.62999725341797,70.33000183105469,69.0199966430664,70.20999908447266,3848600
2024-03-20,70.12000274658203,70.66000366210938,69.88999938964844,70.2300033569336,4251000
2024-03-21,70.44000244140625,70.80000305175781,69.87000274658203,69.9000015258789,2864700
2024-03-22,70.29000091552734,70.5199966430664,69.79000091552734,69.80000305175781,3137900
2024-03-25,69.9000015258789,70.0999984741211,69.5199966430664,69.76000213623047,2065200
2024-03-26,69.55000305175781,69.72000122070312,69.1500015258789,69.2699966430664,4360500
2024-03-27,69.63999938964844,71.06999969482422,69.5999984741211,71.05000305175781,4328300
2024-03-28,71.0199966430664,71.91000366210938,70.80000305175781,71.73999786376953,4731200
2024-04-01,71.48999786376953,71.69999694824219,70.55999755859375,71.0999984741211,3147500
2024-04-02,71.23999786376953,72.08000183105469,71.08999633789062,71.33999633789062,3829400
2024-04-03,71.44000244140625,71.70999908447266,70.80000305175781,70.9800033569336,3798400
2024-04-04,70.9800033569336,71.37000274658203,69.66000366210938,70.05000305175781,6240900
2024-04-05,69.55000305175781,70.16000366210938,69.16000366210938,69.91000366210938,5302600
2024-04-08,69.76000213623047,70.31999969482422,69.62999725341797,70.05999755859375,3400300
2024-04-09,70.36000061035156,70.5999984741211,69.86000061035156,70.58999633789062,4811600
2024-04-10,69.37000274658203,69.91000366210938,68.97000122070312,69.7699966430664,8425000
2024-04-11,70.11000061035156,70.11000061035156,68.95999908447266,69.58000183105469,3297600
2024-04-12,69.83999633789062,69.93000030517578,68.31999969482422,68.7300033569336,4818400
2024-04-15,68.98999786376953,69.4800033569336,67.94999694824219,68.38999938964844,3974100
2024-04-16,68.23999786376953,68.23999786376953,67.52999877929688,67.7699966430664,4426800
2024-04-17,68.08999633789062,69.9800033569336,68.0199966430664,69.80000305175781,6705800
2024-04-18,70.0,70.69000244140625,69.43000030517578,70.56999969482422,4602100
2024-04-19,70.87000274658203,72.18000030517578,70.69999694824219,72.1500015258789,6549300
2024-04-22,71.9000015258789,73.1500015258789,71.66000366210938,72.9800033569336,5387600
2024-04-23,72.97000122070312,73.7699966430664,72.55000305175781,73.25,6054400
2024-04-24,72.75,74.22000122070312,72.11000061035156,73.91000366210938,5661800
2024-04-25,73.87000274658203,74.8499984741211,73.22000122070312,74.37000274658203,6164400
2024-04-26,74.37000274658203,74.44000244140625,73.13999938964844,73.20999908447266,5478800
2024-04-29,73.66999816894531,74.4800033569336,73.66999816894531,74.38999938964844,3851400
2024-04-30,73.91000366210938,74.55000305175781,73.2300033569336,73.5,5271300
2024-05-01,73.37999725341797,75.12999725341797,73.19999694824219,74.5199966430664,5241700
2024-05-02,75.01000213623047,75.91999816894531,74.63999938964844,75.33000183105469,5468400
2024-05-03,75.8499984741211,75.9800033569336,74.91000366210938,75.8499984741211,4578200
2024-05-06,75.51000213623047,76.27999877929688,74.87999725341797,75.47000122070312,8062100
2024-05-07,75.19999694824219,77.06999969482422,75.19999694824219,76.94999694824219,8919700
2024-05-08,76.88999938964844,77.7699966430664,76.66000366210938,77.62999725341797,6695000
2024-05-09,77.58999633789062,78.30000305175781,77.0999984741211,78.25,5542600
2024-05-10,78.69000244140625,78.73999786376953,77.83999633789062,78.13999938964844,4939800
2024-05-13,78.5,78.94000244140625,78.33999633789062,78.69999694824219,4420100
2024-05-14,79.0,79.16000366210938,78.37000274658203,78.70999908447266,5224300
2024-05-15,79.11000061035156,79.7699966430664,79.02999877929688,79.29000091552734,4130000
2024-05-16,79.2300033569336,79.8499984741211,79.2300033569336,79.37999725341797,5718800
2024-05-17,78.66999816894531,79.68000030517578,78.2300033569336,79.54000091552734,4833700
2024-05-20,79.68000030517578,79.69999694824219,78.97000122070312,79.19000244140625,2984100
2024-05-21,79.30999755859375,80.13999938964844,79.25,79.77999877929688,3694100
2024-05-22,79.31999969482422,79.61000061035156,78.55999755859375,78.69000244140625,3356200
2024-05-23,78.33000183105469,78.33999633789062,77.11000061035156,77.16999816894531,3890000
2024-05-24,77.33000183105469,77.81999969482422,77.25,77.75,2424700
2024-05-28,77.55999755859375,78.33000183105469,77.27999877929688,77.54000091552734,2941700
2024-05-29,77.05000305175781,77.37999725341797,76.63999938964844,77.19999694824219,4413800
2024-05-30,77.4000015258789,78.0999984741211,76.87000274658203,78.08000183105469,4237900
2024-05-31,78.33000183105469,80.2300033569336,78.1500015258789,80.13999938964844,7168000
2024-06-03,79.77999877929688,80.48999786376953,79.27999877929688,80.38999938964844,4539700
2024-06-04,80.25,80.83999633789062,79.55999755859375,80.70999908447266,5106500
2024-06-05,80.66999816894531,80.66999816894531,79.16999816894531,79.41999816894531,4245700
2024-06-06,79.47000122070312,79.87999725341797,78.58999633789062,78.6500015258789,4210900
2024-06-07,78.2300033569336,78.61000061035156,77.88999938964844,77.94000244140625,3865800
2024-06-10,77.86000061035156,79.01000213623047,77.61000061035156,78.97000122070312,5509200
2024-06-11,78.44000244140625,79.05000305175781,78.05000305175781,78.5,3814900
2024-06-12,79.4000015258789,79.4000015258789,77.83000183105469,78.44000244140625,2825600
2024-06-13,78.55999755859375,78.91000366210938,77.80999755859375,78.69000244140625,2678100
2024-06-14,78.48999786376953,78.97000122070312,78.0,78.6500015258789,2444400
2024-06-17,78.06999969482422,78.5999984741211,77.44000244140625,77.68000030517578,3747600
2024-06-18,77.62000274658203,78.0199966430664,77.25,77.94000244140625,3356300
2024-06-20,78.13999938964844,79.06999969482422,77.66000366210938,78.87000274658203,3996500
2024-06-21,78.9800033569336,79.43000030517578,78.30000305175781,78.45999908447266,8470400
2024-06-24,78.45999908447266,79.58000183105469,78.37000274658203,79.33999633789062,2574400
2024-06-25,79.23999786376953,79.30000305175781,77.80999755859375,78.0199966430664,2998900
2024-06-26,77.7699966430664,78.44999694824219,77.44999694824219,78.20999908447266,2856000
2024-06-27,78.19999694824219,78.33000183105469,77.51000213623047,78.04000091552734,3040800
2024-06-28,78.0199966430664,78.19999694824219,77.18000030517578,77.56999969482422,6227000
2024-07-01,78.02999877929688,78.47000122070312,76.95999908447266,77.0,2936500
2024-07-02,77.27999877929688,77.83999633789062,77.0,77.55000305175781,2766600
2024-07-03,77.61000061035156,78.37999725341797,77.55999755859375,77.72000122070312,1432800
2024-07-05,77.83000183105469,78.62999725341797,77.47000122070312,78.04000091552734,2343600
2024-07-08,78.0199966430664,78.22000122070312,77.62000274658203,77.80000305175781,2359600
2024-07-09,77.70999908447266,78.70999908447266,77.70999908447266,78.12000274658203,2623600
2024-07-10,78.43000030517578,78.54000091552734,77.79000091552734,78.44000244140625,2443100
2024-07-11,78.69999694824219,80.06999969482422,78.61000061035156,79.86000061035156,3542500
2024-07-12,80.0,80.3499984741211,79.62999725341797,79.98999786376953,3682300
2024-07-15,79.5199966430664,80.25,79.30000305175781,80.05000305175781,4114000
2024-07-16,80.5,81.19000244140625,80.26000213623047,81.12000274658203,3211400
2024-07-17,81.37999725341797,82.83999633789062,81.18000030517578,81.62999725341797,4313700
2024-07-18,81.05999755859375,82.26000213623047,81.05999755859375,81.30999755859375,2921900
2024-07-19,81.83000183105469,81.83000183105469,81.04000091552734,81.4000015258789,2729800
2024-07-22,81.4800033569336,82.16999816894531,81.33000183105469,81.8499984741211,3619900
2024-07-23,81.73999786376953,81.81999969482422,81.29000091552734,81.3499984741211,2188300
2024-07-24,82.05000305175781,82.69000244140625,81.51000213623047,82.66999816894531,4190600
2024-07-25,82.97000122070312,83.45999908447266,81.31999969482422,81.66000366210938,4028800
2024-07-26,81.94999694824219,82.51000213623047,81.81999969482422,82.16999816894531,4010100
2024-07-29,82.41999816894531,83.30000305175781,82.19999694824219,83.05000305175781,3571700
2024-07-30,82.63999938964844,83.48999786376953,82.54000091552734,83.37999725341797,4032500
2024-07-31,82.94000244140625,83.69999694824219,82.29000091552734,83.5199966430664,7362300
2024-08-01,83.91999816894531,87.68000030517578,83.33000183105469,87.56999969482422,8598500
2024-08-02,88.37999725341797,89.23999786376953,86.41999816894531,88.58000183105469,7196600
2024-08-05,88.98999786376953,89.68000030517578,86.4000015258789,86.56999969482422,6380200
2024-08-06,86.80000305175781,87.86000061035156,86.44000244140625,86.44999694824219,4332800
2024-08-07,86.80999755859375,87.83999633789062,86.5,87.29000091552734,5028600
2024-08-08,86.45999908447266,87.43000030517578,86.25,86.45999908447266,4337300
2024-08-09,86.55000305175781,86.88999938964844,85.62000274658203,86.80000305175781,3974000
2024-08-12,87.0,87.30000305175781,86.47000122070312,87.19999694824219,3641200
2024-08-13,87.4000015258789,87.69000244140625,86.80999755859375,87.19999694824219,3408900
2024-08-14,86.77999877929688,87.77999877929688,86.58000183105469,87.19000244140625,2284200
2024-08-15,86.5,87.19000244140625,86.2699966430664,87.01000213623047,2810600
2024-08-16,87.38999938964844,87.8499984741211,86.75,87.36000061035156,3754400
2024-08-19,86.83000183105469,87.02999877929688,86.5199966430664,86.94000244140625,2670400
2024-08-20,87.02999877929688,87.5199966430664,86.55999755859375,86.80000305175781,3576500
2024-08-21,86.76000213623047,87.69999694824219,86.66000366210938,87.56999969482422,4543000
2024-08-22,87.5199966430664,87.5199966430664,86.02999877929688,86.41000366210938,5935200
2024-08-23,86.68000030517578,86.87999725341797,86.04000091552734,86.12000274658203,3987500
2024-08-26,86.27999877929688,86.81999969482422,86.19000244140625,86.48999786376953,3965900
2024-08-27,86.31999969482422,86.63999938964844,85.6500015258789,85.73999786376953,3129900
2024-08-28,86.02999877929688,86.69999694824219,85.51000213623047,85.75,4115900
2024-08-29,85.58999633789062,85.87000274658203,84.87999725341797,85.80000305175781,5020100
2024-08-30,85.91000366210938,86.5199966430664,85.62999725341797,86.4000015258789,4137400
2024-09-03,86.43000030517578,89.23999786376953,86.36000061035156,88.91000366210938,6486800
2024-09-04,89.43000030517578,90.25,88.41000366210938,89.12999725341797,4189800
2024-09-05,89.9800033569336,90.33999633789062,88.87000274658203,89.51000213623047,4598200
2024-09-06,89.54000091552734,89.8499984741211,88.22000122070312,88.41000366210938,4614200
2024-09-09,88.44000244140625,89.41000366210938,88.4000015258789,89.31999969482422,3854300
2024-09-10,89.5,90.19999694824219,89.33999633789062,89.63999938964844,4104500
2024-09-11,89.31999969482422,89.4000015258789,88.13999938964844,88.7699966430664,3877200
2024-09-12,88.86000061035156,89.22000122070312,88.30999755859375,88.48999786376953,3527100
2024-09-13,88.55999755859375,89.5,88.22000122070312,89.44000244140625,2311700
2024-09-16,89.0,90.12999725341797,89.0,89.88999938964844,3701100
2024-09-17,89.77999877929688,89.83999633789062,89.11000061035156,89.6500015258789,3019200
2024-09-18,89.52999877929688,89.75,88.47000122070312,89.01000213623047,3676000
2024-09-19,88.6500015258789,89.01000213623047,88.0,88.86000061035156,7627700
2024-09-20,90.12000274658203,90.13999938964844,88.47000122070312,89.69999694824219,9736500
2024-09-23,89.8499984741211,90.58999633789062,89.52999877929688,90.5199966430664,3825100
2024-09-24,89.98999786376953,90.8499984741211,89.48999786376953,89.7300033569336,6222400
2024-09-25,90.1500015258789,90.55000305175781,88.91999816894531,89.3499984741211,3457200
2024-09-26,88.88999938964844,89.62000274658203,88.6500015258789,88.94999694824219,3742400
2024-09-27,89.19000244140625,90.12999725341797,88.91000366210938,90.0999984741211,4531700
2024-09-30,90.05000305175781,90.62999725341797,89.55000305175781,90.18000030517578,6838500
2024-10-01,90.45999908447266,91.7699966430664,90.0,90.87999725341797,4029900
2024-10-02,90.25,91.81999969482422,90.12000274658203,91.58999633789062,4869000
2024-10-03,91.81999969482422,91.87000274658203,90.19000244140625,90.69999694824219,6120700
2024-10-04,89.9000015258789,90.4800033569336,89.3499984741211,90.30999755859375,3432300
2024-10-07,90.05999755859375,90.2300033569336,88.66999816894531,88.88999938964844,4871300
2024-10-08,89.19999694824219,89.72000122070312,88.80000305175781,89.29000091552734,2865500
2024-10-09,89.44000244140625,90.0,88.80999755859375,88.93000030517578,4127800
2024-10-10,88.97000122070312,89.80000305175781,88.20999908447266,88.26000213623047,3288000
2024-10-11,88.61000061035156,89.08000183105469,88.31999969482422,88.95999908447266,3081200
2024-10-14,88.75,89.94999694824219,88.75,89.83999633789062,2764600
2024-10-15,90.5,91.4000015258789,90.36000061035156,90.70999908447266,3716600
2024-10-16,90.9800033569336,92.45999908447266,90.5999984741211,92.29000091552734,3425700
2024-10-17,92.30999755859375,92.8499984741211,92.0199966430664,92.69999694824219,3908700
2024-10-18,92.69999694824219,93.3499984741211,92.0199966430664,93.23999786376953,3663400
2024-10-21,93.41999816894531,93.7300033569336,92.61000061035156,92.7300033569336,3188100
2024-10-22,92.3499984741211,93.19000244140625,92.11000061035156,93.08000183105469,3021100
2024-10-23,92.91000366210938,94.18000030517578,92.83000183105469,94.1500015258789,4738900
2024-10-24,93.87999725341797,94.44999694824219,93.33000183105469,93.61000061035156,2722300
2024-10-25,94.13999938964844,94.19000244140625,91.80999755859375,91.87999725341797,2498800
2024-10-28,92.22000122070312,92.69000244140625,91.76000213623047,91.79000091552734,2773000
2024-10-29,91.0,91.02999877929688,89.62999725341797,89.81999969482422,5860700
2024-10-30,90.33000183105469,90.33000183105469,89.04000091552734,89.36000061035156,7005800
2024-10-31,90.69000244140625,92.37999725341797,90.12000274658203,91.02999877929688,10247100
2024-11-01,91.0,91.0,88.30000305175781,88.54000091552734,6817400
2024-11-04,88.54000091552734,89.20999908447266,87.5,88.12000274658203,4745100
2024-11-05,88.18000030517578,88.77999877929688,87.77999877929688,88.69999694824219,4438000
2024-11-06,88.19999694824219,88.73999786376953,87.11000061035156,87.41999816894531,4708100
2024-11-07,87.51000213623047,87.7300033569336,86.37000274658203,86.93000030517578,4574500
2024-11-08,87.44000244140625,88.79000091552734,87.1500015258789,88.63999938964844,3805900
2024-11-11,88.13999938964844,89.12999725341797,88.13999938964844,88.33000183105469,2899600
2024-11-12,88.4000015258789,88.62999725341797,87.5999984741211,87.70999908447266,4171500
2024-11-13,88.2300033569336,88.2300033569336,86.77999877929688,87.5199966430664,3329800
2024-11-14,87.48999786376953,87.5,86.61000061035156,86.77999877929688,3316300
2024-11-15,86.66999816894531,88.0,86.66999816894531,87.93000030517578,4464500
2024-11-18,87.0,88.16999816894531,86.83999633789062,88.04000091552734,4991500
2024-11-19,87.80999755859375,88.38999938964844,87.13999938964844,88.29000091552734,3546400
2024-11-20,88.0999984741211,88.41000366210938,87.80000305175781,87.97000122070312,4239900
2024-11-21,87.8499984741211,88.41000366210938,87.37000274658203,88.13999938964844,5635600
2024-11-22,88.55000305175781,88.62999725341797,87.58000183105469,87.5999984741211,3440000
2024-11-25,87.94999694824219,88.44000244140625,87.41000366210938,88.41999816894531,5833900
2024-11-26,88.52999877929688,89.36000061035156,88.13999938964844,89.33000183105469,3509100
2024-11-27,89.68000030517578,90.23999786376953,89.33999633789062,89.73999786376953,3504700
2024-11-29,89.91000366210938,90.08999633789062,88.91999816894531,89.12999725341797,2364000
2024-12-02,89.38999938964844,89.38999938964844,87.63999938964844,87.7699966430664,4030000
2024-12-03,88.2699966430664,88.5,86.23999786376953,86.26000213623047,5724600
2024-12-04,86.16999816894531,86.47000122070312,85.5,85.8499984741211,3795700
2024-12-05,85.9000015258789,86.6500015258789,85.88999938964844,86.19000244140625,3007600
2024-12-06,86.12000274658203,86.44000244140625,84.5,84.80999755859375,4798300
2024-12-09,84.9000015258789,85.19999694824219,83.8499984741211,84.30999755859375,3866600
2024-12-10,84.11000061035156,84.68000030517578,83.23999786376953,84.38999938964844,3250000
2024-12-11,84.16000366210938,84.36000061035156,83.0,83.25,5066800
2024-12-12,83.56999969482422,84.16999816894531,83.18000030517578,83.37000274658203,3053900
2024-12-13,83.2699966430664,83.38999938964844,82.70999908447266,83.19999694824219,2549300
2024-12-16,83.16000366210938,83.33999633789062,81.81999969482422,81.87999725341797,4716300
2024-12-17,81.55000305175781,83.36000061035156,81.37999725341797,83.27999877929688,5500700
2024-12-18,82.88999938964844,83.19999694824219,81.44999694824219,81.5,4016000
2024-12-19,81.5,82.79000091552734,81.37999725341797,81.77999877929688,4044400
2024-12-20,81.75,83.0999984741211,81.4000015258789,82.86000061035156,7725000
2024-12-23,82.8499984741211,83.0999984741211,81.95999908447266,83.04000091552734,2556400
2024-12-24,83.05999755859375,83.16999816894531,82.70999908447266,83.16000366210938,1146300
2024-12-26,82.70999908447266,83.18000030517578,82.5,82.83999633789062,2177500
2024-12-27,82.31999969482422,83.31999969482422,82.26000213623047,83.13999938964844,2603000
2024-12-30,82.79000091552734,82.95999908447266,82.02999877929688,82.37999725341797,3813100
2024-12-31,82.44000244140625,82.79000091552734,81.6500015258789,82.31999969482422,2987200
2025-01-02,82.87000274658203,82.98999786376953,81.80999755859375,82.06999969482422,2653100
2025-01-03,82.2699966430664,83.0,82.0999984741211,82.31999969482422,4648000
2025-01-06,82.02999877929688,82.37999725341797,80.45999908447266,80.95999908447266,5375500
2025-01-07,81.11000061035156,82.0999984741211,80.97000122070312,81.08999633789062,4533300
2025-01-08,81.5199966430664,83.05000305175781,81.30999755859375,83.0199966430664,7807500
2025-01-10,82.30000305175781,82.93000030517578,81.19999694824219,81.31999969482422,5002300
2025-01-13,81.73999786376953,81.95999908447266,80.5,81.87000274658203,3555600
2025-01-14,82.0,82.23999786376953,81.41000366210938,82.05000305175781,3693200
2025-01-15,82.9000015258789,83.20999908447266,82.0,82.33999633789062,4113300
2025-01-16,82.0999984741211,83.93000030517578,81.95999908447266,83.88999938964844,4452800
2025-01-17,83.68000030517578,84.48999786376953,83.3499984741211,83.9000015258789,5407000
2025-01-21,84.18000030517578,85.47000122070312,84.0999984741211,84.7300033569336,5647500
2025-01-22,84.27999877929688,84.55999755859375,82.45999908447266,82.5199966430664,5195000
2025-01-23,82.5199966430664,82.9000015258789,82.12999725341797,82.26000213623047,5846700
2025-01-24,82.08999633789062,83.91000366210938,82.05000305175781,83.4800033569336,6574400
2025-01-27,83.91000366210938,86.6500015258789,82.87000274658203,86.5,7700200
2025-01-28,86.13999938964844,86.27999877929688,83.52999877929688,83.54000091552734,6138500
2025-01-29,83.87999725341797,84.44999694824219,82.69000244140625,82.83000183105469,5771800
2025-01-30,83.80000305175781,85.0999984741211,83.5,84.93000030517578,6408100
2025-01-31,84.51000213623047,84.73999786376953,83.43000030517578,83.94999694824219,4685500
2025-02-03,83.5199966430664,84.37999725341797,83.0,83.97000122070312,6165300
2025-02-04,83.69999694824219,83.88999938964844,82.77999877929688,83.19999694824219,4716200
2025-02-05,83.87999725341797,84.19000244140625,83.2300033569336,83.87000274658203,4161500
2025-02-06,84.2300033569336,84.2300033569336,82.9000015258789,83.79000091552734,3339000
2025-02-07,83.58999633789062,84.66000366210938,83.16000366210938,84.58000183105469,5077900
2025-02-10,84.69999694824219,85.52999877929688,84.18000030517578,85.51000213623047,4141600
2025-02-11,85.23999786376953,86.52999877929688,84.29000091552734,86.44999694824219,4376900
2025-02-12,85.45999908447266,86.87000274658203,85.0,86.80999755859375,4723000
2025-02-13,86.79000091552734,87.02999877929688,86.02999877929688,86.77999877929688,4396300
2025-02-14,87.0199966430664,87.4800033569336,85.4800033569336,85.58000183105469,4390800
2025-02-18,84.9000015258789,85.9000015258789,84.66999816894531,85.88999938964844,4207600
2025-02-19,86.0,86.61000061035156,85.37999725341797,86.4800033569336,5049800
2025-02-20,84.5,89.0,84.5,87.81999969482422,9109200
2025-02-21,87.55000305175781,88.9800033569336,87.0999984741211,88.4000015258789,5347900
2025-02-24,88.87999725341797,89.62999725341797,88.06999969482422,88.88999938964844,5476400
2025-02-25,89.22000122070312,90.02999877929688,88.93000030517578,89.8499984741211,4871100
2025-02-26,89.37999725341797,89.45999908447266,88.2300033569336,88.75,5241800
2025-02-27,88.25,89.06999969482422,87.94999694824219,88.29000091552734,5155700
2025-02-28,89.33000183105469,89.80000305175781,88.33000183105469,89.79000091552734,6142200
2025-03-03,89.61000061035156,90.8499984741211,89.33999633789062,90.8499984741211,5725400
2025-03-04,91.4000015258789,92.33000183105469,89.76000213623047,89.88999938964844,8846200
2025-03-05,89.20999908447266,90.19000244140625,88.37999725341797,88.6500015258789,4595700
2025-03-06,88.25,89.16000366210938,87.08999633789062,88.72000122070312,5368300
2025-03-07,88.55000305175781,91.7699966430664,88.5199966430664,91.4000015258789,6728000
2025-03-10,91.44999694824219,93.4800033569336,91.19999694824219,92.95999908447266,7370100
2025-03-11,92.5,92.68000030517578,89.95999908447266,90.0999984741211,6760600
2025-03-12,89.41999816894531,89.61000061035156,88.30000305175781,88.68000030517578,4536200
2025-03-13,89.11000061035156,90.0,88.68000030517578,89.62999725341797,3587200
2025-03-14,89.36000061035156,90.54000091552734,88.77999877929688,90.37999725341797,2990800
2025-03-17,90.3499984741211,91.41000366210938,89.87000274658203,90.54000091552734,3649800
2025-03-18,90.12999725341797,90.47000122070312,89.66000366210938,90.2300033569336,3505400
2025-03-19,90.0,90.48999786376953,89.2699966430664,89.5999984741211,3366200
2025-03-20,89.91999816894531,90.05999755859375,89.13999938964844,89.97000122070312,4652800
2025-03-21,89.83999633789062,90.66999816894531,88.75,89.36000061035156,8327300
2025-03-24,89.16000366210938,90.13999938964844,88.7699966430664,88.87999725341797,3641000
2025-03-25,88.91999816894531,88.91999816894531,87.4000015258789,87.7300033569336,3912800
2025-03-26,88.0,89.19999694824219,87.8499984741211,89.05999755859375,3953300
2025-03-27,89.47000122070312,90.27999877929688,89.0,90.02999877929688,3830500
2025-03-28,90.87999725341797,91.44000244140625,90.2699966430664,91.12999725341797,4483700
2025-03-31,91.55000305175781,92.69000244140625,91.08999633789062,91.94999694824219,6340400
2025-04-01,91.5999984741211,92.16999816894531,91.1500015258789,91.81999969482422,4178900
2025-04-02,92.0,92.05000305175781,90.70999908447266,91.30000305175781,4704500
2025-04-03,92.7300033569336,93.30000305175781,92.0,92.55999755859375,6392600
2025-04-04,93.20999908447266,93.6500015258789,88.48999786376953,88.94000244140625,8268800
2025-04-07,87.75,89.43000030517578,86.36000061035156,87.22000122070312,8150900
2025-04-08,88.69000244140625,88.69000244140625,86.16000366210938,86.86000061035156,6248000
2025-04-09,86.30999755859375,89.4000015258789,85.0,87.80000305175781,7694500
2025-04-10,87.9800033569336,89.69999694824219,87.0,88.88999938964844,7047400
2025-04-11,88.45999908447266,90.18000030517578,87.68000030517578,89.86000061035156,4022000
2025-04-14,89.7699966430664,91.69000244140625,89.16000366210938,91.16000366210938,3330900
2025-04-15,91.55999755859375,91.69999694824219,90.93000030517578,91.0199966430664,2381200
2025-04-16,91.9000015258789,91.9000015258789,90.26000213623047,90.47000122070312,2731300
2025-04-17,90.88999938964844,93.04000091552734,90.80999755859375,91.80999755859375,3462000
2025-04-21,91.62000274658203,91.70999908447266,89.58000183105469,90.2300033569336,3015000
2025-04-22,90.44000244140625,92.22000122070312,90.25,91.86000061035156,3849500
2025-04-23,91.4800033569336,91.58000183105469,90.16999816894531,91.12999725341797,5214600
2025-04-24,91.04000091552734,91.44000244140625,90.2699966430664,91.05000305175781,3018400
2025-04-25,91.05000305175781,91.33999633789062,90.1500015258789,90.43000030517578,3442800
2025-04-28,90.3499984741211,91.05000305175781,89.81999969482422,90.75,2332200
2025-04-29,90.5999984741211,91.5999984741211,90.33999633789062,91.44999694824219,3234900
2025-04-30,91.8499984741211,92.2300033569336,90.4000015258789,91.88999938964844,5934700
2025-05-01,92.44000244140625,92.44000244140625,90.75,91.45999908447266,5319700
2025-05-02,91.33999633789062,91.8499984741211,90.37000274658203,91.05000305175781,4060800
2025-05-05,91.30000305175781,91.55000305175781,90.12999725341797,91.05000305175781,3572800
2025-05-06,91.06999969482422,91.83999633789062,90.9000015258789,91.22000122070312,2995100
2025-05-07,90.94000244140625,92.55999755859375,90.94000244140625,92.11000061035156,5011300
2025-05-08,91.6500015258789,92.05000305175781,90.16999816894531,90.30999755859375,3711500
2025-05-09,90.31999969482422,90.83999633789062,90.04000091552734,90.3499984741211,2982500
2025-05-12,89.3499984741211,89.72000122070312,87.45999908447266,87.77999877929688,6666100
2025-05-13,87.79000091552734,88.26000213623047,85.51000213623047,85.56999969482422,7041400
2025-05-14,85.19999694824219,85.58000183105469,83.08999633789062,84.91000366210938,8015100
2025-05-15,85.61000061035156,87.4000015258789,85.61000061035156,87.37999725341797,5255900
2025-05-16,87.29000091552734,88.73999786376953,87.12999725341797,88.70999908447266,4181800
2025-05-19,88.55999755859375,89.54000091552734,88.08000183105469,89.4800033569336,5997500
2025-05-20,89.33999633789062,91.0,89.19999694824219,90.83000183105469,9612400
2025-05-21,90.69999694824219,90.80999755859375,89.29000091552734,89.66000366210938,9104500
2025-05-22,89.48999786376953,89.48999786376953,88.38999938964844,88.83999633789062,5055500
2025-05-23,89.54000091552734,89.75,88.12000274658203,89.63999938964844,3129500
2025-05-27,90.01000213623047,90.2699966430664,89.56999969482422,89.91999816894531,4316700
2025-05-28,89.62999725341797,89.91999816894531,87.5999984741211,88.22000122070312,5217900
2025-05-29,87.88999938964844,88.80000305175781,87.41000366210938,88.75,3670400
2025-05-30,88.66000366210938,90.06999969482422,88.33999633789062,90.0,10682400
2025-06-02,89.30000305175781,90.0199966430664,88.83999633789062,89.94000244140625,4338600
2025-06-03,89.94000244140625,90.08999633789062,88.70999908447266,89.58999633789062,5353800
2025-06-04,89.5999984741211,89.62000274658203,88.2699966430664,88.29000091552734,5816000
2025-06-05,89.30000305175781,89.30999755859375,88.08000183105469,88.37999725341797,6725100
2025-06-06,88.54000091552734,88.68000030517578,87.7300033569336,88.26000213623047,3995800
2025-06-09,87.72000122070312,89.16999816894531,87.48999786376953,88.5,3907800
2025-06-10,88.66999816894531,89.52999877929688,88.56999969482422,89.30000305175781,3969000
2025-06-11,89.20999908447266,89.6500015258789,88.91999816894531,89.55000305175781,5151500
2025-06-12,89.8499984741211,91.05000305175781,89.41999816894531,90.36000061035156,7122500
2025-06-13,90.76000213623047,91.06999969482422,89.93000030517578,90.3499984741211,5059000
2025-06-16,90.55999755859375,90.93000030517578,88.79000091552734,88.94000244140625,5374100
2025-06-17,88.94999694824219,89.18000030517578,87.8499984741211,88.41999816894531,4413400
2025-06-18,88.54000091552734,88.95999908447266,88.1500015258789,88.62999725341797,5189700
2025-06-20,88.5999984741211,89.95999908447266,88.47000122070312,89.30000305175781,10746100
2025-06-23,89.69999694824219,90.73999786376953,89.44000244140625,90.66999816894531,5907600
2025-06-24,90.4800033569336,91.29000091552734,90.44000244140625,90.88999938964844,4558100
2025-06-25,90.55999755859375,90.69000244140625,89.80999755859375,90.4000015258789,5548300
2025-06-26,90.43000030517578,91.0,89.47000122070312,90.3499984741211,6003400
2025-06-27,90.23999786376953,91.30000305175781,90.19000244140625,90.9000015258789,5228200
2025-06-30,90.58999633789062,91.94000244140625,90.43000030517578,91.83000183105469,4924600
2025-07-01,92.0,92.5199966430664,91.2699966430664,92.30000305175781,7399400
2025-07-02,91.79000091552734,92.19999694824219,90.48999786376953,91.1500015258789,6437200
2025-07-03,91.0,91.97000122070312,90.63999938964844,91.51000213623047,3467200
2025-07-07,91.44000244140625,91.7300033569336,91.1500015258789,91.66000366210938,3433100
2025-07-08,90.9000015258789,91.56999969482422,90.37999725341797,91.26000213623047,4600000
2025-07-09,91.4000015258789,91.9800033569336,90.76000213623047,91.95999908447266,3236200
2025-07-10,91.44999694824219,93.68000030517578,91.44999694824219,93.26000213623047,6686800
2025-07-11,92.8499984741211,93.0199966430664,92.2300033569336,92.66000366210938,5014900
2025-07-14,92.62000274658203,93.29000091552734,92.12000274658203,92.68000030517578,7698600
2025-07-15,92.55000305175781,93.0,91.87000274658203,92.47000122070312,5215600
2025-07-16,92.37999725341797,93.44000244140625,92.26000213623047,93.30000305175781,4498100
2025-07-17,93.0,93.80999755859375,92.77999877929688,93.33000183105469,4489200
2025-07-18,93.52999877929688,94.62999725341797,93.37000274658203,94.0999984741211,4197800
2025-07-21,94.26000213623047,95.29000091552734,94.1500015258789,94.79000091552734,4206800
2025-07-22,95.12000274658203,96.44000244140625,94.80000305175781,95.8499984741211,3889500
2025-07-23,95.75,95.94000244140625,94.56999969482422,95.12999725341797,4353400
2025-07-24,95.16999816894531,95.69000244140625,94.93000030517578,95.0,3904600
2025-07-25,94.91000366210938,95.54000091552734,94.91000366210938,95.3499984741211,3069800
2025-07-28,95.19999694824219,95.31999969482422,93.95999908447266,94.30000305175781,5481400
2025-07-29,94.55000305175781,95.23999786376953,94.3499984741211,95.19999694824219,5217400
2025-07-30,95.30000305175781,95.62000274658203,94.63999938964844,94.9000015258789,6808000
2025-07-31,94.87999725341797,95.9000015258789,92.91000366210938,94.4800033569336,12682300
2025-08-01,95.23999786376953,95.5199966430664,94.1500015258789,94.98999786376953,7496800
2025-08-04,95.12000274658203,96.19999694824219,95.0199966430664,96.0,5838300
2025-08-05,95.76000213623047,96.41999816894531,93.95999908447266,94.38999938964844,6033400
2025-08-06,94.72000122070312,95.54000091552734,94.16999816894531,94.68000030517578,3656300
2025-08-07,94.4000015258789,95.56999969482422,94.30999755859375,95.3499984741211,4162500
2025-08-08,95.56999969482422,95.79000091552734,94.47000122070312,94.69000244140625,4148300
2025-08-11,95.0199966430664,95.33999633789062,94.2300033569336,94.56999969482422,4313200
2025-08-12,94.6500015258789,94.68000030517578,93.27999877929688,93.95999908447266,7908600
2025-08-13,93.88999938964844,94.86000061035156,93.4000015258789,94.79000091552734,5478100
2025-08-14,94.69999694824219,94.69999694824219,93.75,94.19000244140625,5252500
2025-08-15,94.33000183105469,94.76000213623047,93.62999725341797,94.06999969482422,5698500
2025-08-18,93.58000183105469,93.63999938964844,92.7699966430664,92.8499984741211,5070500
2025-08-19,92.87999725341797,94.22000122070312,92.83999633789062,94.18000030517578,4691000
2025-08-20,94.5,95.63999938964844,94.33000183105469,94.93000030517578,5556600
2025-08-21,94.95999908447266,95.18000030517578,94.36000061035156,94.62000274658203,3294400
2025-08-22,95.05999755859375,95.5,94.08000183105469,94.4800033569336,3304900
2025-08-25,94.2300033569336,94.48999786376953,92.98999786376953,93.12999725341797,2559500
2025-08-26,93.1500015258789,93.5,92.48999786376953,93.08999633789062,3699500
2025-08-27,93.19000244140625,93.45999908447266,92.80999755859375,93.27999877929688,3089900
2025-08-28,93.04000091552734,93.04000091552734,92.06999969482422,92.23999786376953,2797400
2025-08-29,92.47000122070312,92.80999755859375,92.22000122070312,92.30000305175781,3227600
2025-09-02,92.23999786376953,92.81999969482422,91.62999725341797,92.08999633789062,3467500
2025-09-03,91.63999938964844,91.97000122070312,91.16999816894531,91.66000366210938,3481000
2025-09-04,92.23999786376953,92.44000244140625,91.43000030517578,91.87000274658203,3468700
2025-09-05,91.9800033569336,92.37999725341797,91.55000305175781,91.77999877929688,3166400
2025-09-08,91.43000030517578,91.8499984741211,90.58999633789062,90.83000183105469,3712000
2025-09-09,90.68000030517578,91.5,90.52999877929688,91.20999908447266,2889600
2025-09-10,91.0999984741211,91.66999816894531,90.72000122070312,91.55999755859375,4309800
2025-09-11,91.55000305175781,92.13999938964844,91.22000122070312,92.12999725341797,3701900
2025-09-12,91.87999725341797,92.44000244140625,91.72000122070312,92.2699966430664,4076300
2025-09-15,92.01000213623047,92.4000015258789,91.55999755859375,92.27999877929688,3922300
2025-09-16,92.0999984741211,92.31999969482422,91.3499984741211,91.36000061035156,6625700
2025-09-17,91.58999633789062,92.05999755859375,91.4000015258789,91.62999725341797,5065100
2025-09-18,90.7699966430664,91.87999725341797,90.70999908447266,91.44999694824219,6073900
2025-09-19,91.04000091552734,92.30000305175781,90.3499984741211,91.80000305175781,9381500
2025-09-22,91.87999725341797,92.58000183105469,91.62999725341797,92.33000183105469,5569500
2025-09-23,92.30000305175781,93.72000122070312,92.11000061035156,93.72000122070312,4413500
2025-09-24,93.61000061035156,94.44000244140625,93.16000366210938,94.41000366210938,4826500
2025-09-25,94.58999633789062,95.05999755859375,93.58000183105469,93.69000244140625,6968400
2025-09-26,94.08000183105469,94.66999816894531,93.83000183105469,94.52999877929688,5203400
2025-09-29,94.5,94.52999877929688,93.44999694824219,93.91000366210938,8002600
2025-09-30,93.83000183105469,95.02999877929688,93.63999938964844,94.7699966430664,7481500
2025-10-01,94.91999816894531,95.37999725341797,94.61000061035156,94.80000305175781,4625900
2025-10-02,94.18000030517578,94.52999877929688,93.52999877929688,93.88999938964844,4436200
2025-10-03,93.5,94.8499984741211,93.5,94.54000091552734,6022100
2025-10-06,94.43000030517578,95.52999877929688,94.4000015258789,95.48999786376953,4870200
2025-10-07,95.48999786376953,96.7699966430664,95.30000305175781,96.41999816894531,5607700
2025-10-08,96.79000091552734,96.79000091552734,95.5,96.18000030517578,3700500
2025-10-09,96.66000366210938,96.66000366210938,96.01000213623047,96.12999725341797,4113900
2025-10-10,96.66000366210938,98.36000061035156,96.44999694824219,98.29000091552734,5296400
2025-10-13,97.62000274658203,98.41999816894531,97.19000244140625,98.08000183105469,4261800
2025-10-14,98.69999694824219,99.80999755859375,98.45999908447266,99.68000030517578,5343000
2025-10-15,99.5999984741211,100.23999786376953,99.16999816894531,99.72000122070312,7287400
2025-10-16,100.12000274658203,100.83999633789062,98.37999725341797,98.43000030517578,4927000
2025-10-17,99.12000274658203,99.1500015258789,97.61000061035156,97.80000305175781,4916300
2025-10-20,98.4000015258789,98.41000366210938,97.33999633789062,97.69000244140625,5044900
2025-10-21,98.20999908447266,98.29000091552734,96.52999877929688,97.0,4582900
2025-10-22,96.9800033569336,98.11000061035156,96.44000244140625,97.4800033569336,3438200
2025-10-23,97.87000274658203,98.0,96.12000274658203,96.1500015258789,3194500
2025-10-24,96.26000213623047,96.61000061035156,95.83999633789062,95.87999725341797,4353300
2025-10-27,95.69999694824219,95.69999694824219,94.77999877929688,95.4000015258789,4019300
2025-10-28,95.0999984741211,95.23999786376953,93.31999969482422,93.91000366210938,6012800
2025-10-29,93.56999969482422,94.38999938964844,92.8499984741211,93.51000213623047,6431000
2025-10-30,93.05999755859375,95.5199966430664,93.05999755859375,95.06999969482422,7421400
2025-10-31,94.4800033569336,94.68000030517578,93.5999984741211,94.04000091552734,5432500
2025-11-03,93.56999969482422,95.08999633789062,92.18000030517578,93.1500015258789,14019100
2025-11-04,93.1500015258789,93.51000213623047,92.41000366210938,92.7300033569336,12289100
2025-11-05,91.31999969482422,92.2300033569336,90.5,91.41000366210938,12553100
2025-11-06,91.0,92.05000305175781,90.86000061035156,90.9000015258789,4916100
2025-11-07,91.16000366210938,91.91000366210938,90.86000061035156,91.44000244140625,4769600
2025-11-10,91.16999816894531,91.3499984741211,89.95999908447266,90.76000213623047,6177900
2025-11-11,90.91000366210938,91.44999694824219,90.55000305175781,91.13999938964844,3885400
2025-11-12,91.16999816894531,92.0199966430664,90.87999725341797,91.88999938964844,5588400
2025-11-13,92.0,92.37999725341797,91.08000183105469,91.16999816894531,5696400
2025-11-14,91.30000305175781,91.62000274658203,90.30000305175781,90.69000244140625,4613600
2025-11-17,90.48999786376953,90.97000122070312,90.13999938964844,90.58000183105469,5709100
2025-11-18,91.04000091552734,91.41000366210938,90.52999877929688,90.69000244140625,4992500
2025-11-19,90.77999877929688,90.80999755859375,88.9000015258789,89.05000305175781,5014600
2025-11-20,89.2300033569336,89.5,88.43000030517578,88.56999969482422,7947400
2025-11-21,88.69000244140625,90.05999755859375,88.5,89.2699966430664,6434600
2025-11-24,89.58999633789062,89.72000122070312,88.19999694824219,89.13999938964844,6045200
2025-11-25,89.0,89.52999877929688,88.62000274658203,89.29000091552734,5363600
2025-11-26,89.73999786376953,90.4000015258789,89.54000091552734,90.23999786376953,3490300
2025-11-28,90.38999938964844,91.12000274658203,90.26000213623047,91.12000274658203,2548700
2025-12-01,90.62000274658203,90.75,88.98999786376953,89.01000213623047,5749000
2025-12-02,89.29000091552734,89.30000305175781,88.31999969482422,89.04000091552734,5825600
2025-12-03,89.2300033569336,90.33999633789062,87.06999969482422,87.9800033569336,10934400
2025-12-04,87.73999786376953,88.62000274658203,86.95999908447266,87.33000183105469,7651900
2025-12-05,87.44000244140625,88.08999633789062,86.1500015258789,86.27999877929688,7255500
2025-12-08,86.22000122070312,86.4000015258789,85.47000122070312,85.55999755859375,6726100
2025-12-09,86.0,86.36000061035156,85.44000244140625,85.48999786376953,6830100
2025-12-10,85.18000030517578,85.37999725341797,83.80000305175781,84.08000183105469,8528200
2025-12-11,84.88999938964844,85.47000122070312,84.26000213623047,84.7300033569336,6262600
2025-12-12,84.48999786376953,85.1500015258789,84.26000213623047,84.44000244140625,4796100
2025-12-15,84.81999969482422,86.16000366210938,84.51000213623047,86.0,6826800
2025-12-16,85.4000015258789,85.9800033569336,85.0,85.70999908447266,6579500
2025-12-17,85.62000274658203,87.58000183105469,85.5999984741211,87.02999877929688,8995400
2025-12-18,87.16000366210938,87.45999908447266,86.70999908447266,87.22000122070312,5553400
2025-12-19,86.75,86.91999816894531,85.2300033569336,85.27999877929688,11300700
2025-12-22,85.27999877929688,85.80999755859375,84.83999633789062,85.72000122070312,5245900
2025-12-23,85.70999908447266,86.79000091552734,85.5999984741211,86.38999938964844,4319300
2025-12-24,86.52999877929688,87.19999694824219,86.37999725341797,87.16999816894531,1617500
2025-12-26,86.91999816894531,87.62999725341797,86.77999877929688,87.16999816894531,2308500
2025-12-29,87.30000305175781,88.16999816894531,87.25,87.54000091552734,3491000
2025-12-30,87.5999984741211,87.81999969482422,87.16999816894531,87.56999969482422,2975100
2025-12-31,87.44000244140625,87.62999725341797,87.16999816894531,87.19999694824219,3234300
2026-01-02,87.16999816894531,87.66000366210938,86.5999984741211,87.18000030517578,4273600
2026-01-05,86.73999786376953,86.97000122070312,85.22000122070312,86.87000274658203,4947700
2026-01-06,87.0,87.7300033569336,86.58000183105469,87.5199966430664,5034100
2026-01-07,87.75,87.9000015258789,85.97000122070312,86.2699966430664,3134800
2026-01-08,86.2300033569336,87.86000061035156,86.13999938964844,87.22000122070312,4076300
2026-01-09,87.22000122070312,87.81999969482422,86.97000122070312,87.01000213623047,3152100
2026-01-12,87.11000061035156,87.25,86.11000061035156,86.73999786376953,5749000
2026-01-13,86.75,87.55999755859375,86.01000213623047,87.55000305175781,5362800
2026-01-14,87.6500015258789,88.68000030517578,87.58000183105469,88.41999816894531,5134500
2026-01-15,88.4000015258789,89.11000061035156,87.94000244140625,88.77999877929688,3832600
2026-01-16,88.5199966430664,89.4000015258789,88.18000030517578,88.9000015258789,5201600
2026-01-20,88.5999984741211,89.18000030517578,87.54000091552734,88.81999969482422,6844500
2026-01-21,89.33000183105469,89.55000305175781,88.12000274658203,89.1500015258789,8555900
2026-01-22,89.12999725341797,89.44999694824219,87.38999938964844,87.51000213623047,8025700
2026-01-23,87.7699966430664,88.5,86.88999938964844,87.54000091552734,5483900
2026-01-26,88.0,89.04000091552734,87.9800033569336,88.16000366210938,7611900
2026-01-27,88.12999725341797,89.08000183105469,87.77999877929688,88.83999633789062,4470400
2026-01-28,88.69000244140625,89.23999786376953,88.1500015258789,88.33000183105469,4251300
2026-01-29,88.79000091552734,89.45999908447266,88.41999816894531,89.13999938964844,5943600
2026-01-30,88.94000244140625,89.5,88.13999938964844,89.30999755859375,5344800
2026-02-02,89.4000015258789,89.97000122070312,87.83999633789062,88.19000244140625,5260600
2026-02-03,88.19000244140625,90.2300033569336,87.97000122070312,90.12999725341797,6229900
2026-02-04,90.55999755859375,91.27999877929688,90.02999877929688,90.29000091552734,7338300
2026-02-05,90.83999633789062,91.63999938964844,90.4000015258789,91.08000183105469,5913400
2026-02-06,91.5,91.69999694824219,89.2699966430664,90.08000183105469,5453700
2026-02-09,89.66000366210938,90.0,88.83999633789062,89.37999725341797,4422900
2026-02-10,89.7300033569336,91.37999725341797,89.45999908447266,90.72000122070312,5783600
2026-02-11,90.70999908447266,91.0199966430664,90.1500015258789,90.86000061035156,7290600
2026-02-12,91.19000244140625,93.26000213623047,91.0,92.55999755859375,13100400
2026-02-13,92.44000244140625,94.9800033569336,92.37000274658203,94.94999694824219,9114300
2026-02-17,94.8499984741211,95.12000274658203,91.9800033569336,92.0,9286400
2026-02-18,92.22000122070312,92.41000366210938,90.81999969482422,91.04000091552734,9786800
2026-02-19,95.5,95.66000366210938,93.75,95.05000305175781,16064500
2026-02-20,96.51000213623047,96.69999694824219,93.70999908447266,94.30000305175781,10713300
2026-02-23,94.62000274658203,96.0199966430664,94.5,95.18000030517578,6950600
2026-02-24,95.1500015258789,95.9800033569336,94.13999938964844,95.80999755859375,5087100
2026-02-25,95.6500015258789,96.0,94.0999984741211,95.91999816894531,5352900
2026-02-26,96.29000091552734,96.69999694824219,95.68000030517578,96.3499984741211,5711700
2026-02-27,96.45999908447266,97.97000122070312,96.33000183105469,97.37999725341797,8010100
2026-03-02,97.25,97.81999969482422,97.02999877929688,97.2300033569336,5156000
2026-03-03,96.66000366210938,97.77999877929688,95.29000091552734,96.79000091552734,4631500
2026-03-04,97.41000366210938,98.08000183105469,96.56999969482422,97.62999725341797,5947200
2026-03-05,97.70999908447266,97.70999908447266,95.9000015258789,97.19999694824219,6217400
2026-03-06,97.3499984741211,97.93000030517578,96.04000091552734,97.4800033569336,5963900
2026-03-09,97.5,97.69999694824219,96.70999908447266,97.25,5191900
2026-03-10,96.79000091552734,97.13999938964844,95.9000015258789,96.2699966430664,4194000
2026-03-11,96.0,96.27999877929688,95.54000091552734,96.26000213623047,5344100
2026-03-12,96.19000244140625,98.7699966430664,96.11000061035156,97.83999633789062,8656800
2026-03-13,98.7300033569336,99.12999725341797,97.97000122070312,98.01000213623047,6966900
2026-03-16,98.5,99.30999755859375,97.87000274658203,99.11000061035156,4471600
2026-03-17,99.5,99.58000183105469,98.20999908447266,98.2699966430664,3704200
2026-03-18,97.7300033569336,97.9000015258789,96.52999877929688,96.54000091552734,4184800
2026-03-19,96.55000305175781,96.9800033569336,95.45999908447266,96.2300033569336,5384600
2026-03-20,96.16000366210938,96.44999694824219,93.16000366210938,93.38999938964844,9915000
2026-03-23,94.0,94.70999908447266,93.58000183105469,93.75,5142700
2026-03-24,93.45999908447266,95.08000183105469,93.30000305175781,93.9800033569336,4016100
2026-03-25,94.54000091552734,95.0999984741211,93.8499984741211,94.61000061035156,3539900
2026-03-26,94.58999633789062,95.52999877929688,94.3499984741211,95.41999816894531,3723200
2026-03-27,95.58000183105469,96.55999755859375,95.01000213623047,95.55000305175781,6097700
2026-03-30,96.66999816894531,97.58999633789062,96.13999938964844,96.93000030517578,5907900
2026-03-31,96.93000030517578,97.08999633789062,95.25,96.5199966430664,6716000
2026-04-01,96.08999633789062,97.13999938964844,95.94000244140625,96.94000244140625,4918300
2026-04-02,97.5,97.83999633789062,97.0,97.44999694824219,4566600
2026-04-06,97.12999725341797,97.94000244140625,96.83000183105469,96.94000244140625,3469300
2026-04-07,96.93000030517578,97.95999908447266,96.63999938964844,96.81999969482422,3796500
2026-04-08,96.12999725341797,97.19000244140625,95.19999694824219,97.16999816894531,5793500
2026-04-09,96.77999877929688,98.48999786376953,96.76000213623047,97.58999633789062,4250100
2026-04-10,97.33000183105469,98.19999694824219,96.83999633789062,97.1500015258789,3475100
2026-04-13,97.25,97.37999725341797,95.52999877929688,95.93000030517578,4731900
2026-04-14,95.9800033569336,96.11000061035156,94.72000122070312,95.95999908447266,5339400
2026-04-15,95.43000030517578,95.58999633789062,94.55999755859375,94.63999938964844,3588800
2026-04-16,94.48999786376953,95.2699966430664,93.9000015258789,94.9000015258789,3108500
2026-04-17,94.45999908447266,94.72000122070312,93.30999755859375,94.51000213623047,4894100
2026-04-20,94.13999938964844,94.9000015258789,93.36000061035156,93.51000213623047,3020300
2026-04-21,93.51000213623047,93.7300033569336,91.91000366210938,91.91999816894531,3693800
2026-04-22,92.58000183105469,93.11000061035156,91.5999984741211,91.87000274658203,3774600
2026-04-23,92.29000091552734,93.95999908447266,92.29000091552734,93.91000366210938,3528400
2026-04-24,93.73999786376953,94.0999984741211,93.04000091552734,93.48999786376953,3086500
2026-04-27,93.8499984741211,94.58000183105469,93.5199966430664,93.7699966430664,4224000
2026-04-28,94.62000274658203,95.01000213623047,93.97000122070312,94.41000366210938,3949900
2026-04-29,93.91000366210938,94.41000366210938,93.37999725341797,93.51000213623047,4647500
2026-04-30,94.5,96.70999908447266,94.20999908447266,96.69999694824219,8323500
2026-05-01,96.56999969482422,97.4000015258789,95.98999786376953,96.70999908447266,7189300
2026-05-04,95.98999786376953,97.25,95.52999877929688,95.98999786376953,6040600
2026-05-05,96.22000122070312,96.87000274658203,95.7300033569336,95.9000015258789,8315900
2026-05-06,95.44999694824219,95.66999816894531,93.51000213623047,93.51000213623047,6337100
2026-05-07,93.51000213623047,93.51000213623047,91.95999908447266,92.43000030517578,6068000
2026-05-08,92.5,93.0,91.61000061035156,91.80000305175781,4466400
2026-05-11,92.26000213623047,93.52999877929688,91.94000244140625,93.0999984741211,4434500
2026-05-12,93.20999908447266,93.83000183105469,92.44000244140625,93.47000122070312,4511500
2026-05-13,92.83999633789062,93.18000030517578,92.13999938964844,93.13999938964844,4944400
2026-05-14,93.11000061035156,93.69000244140625,92.80999755859375,93.68000030517578,4786900
2026-05-15,93.58999633789062,93.91999816894531,92.33999633789062,92.55000305175781,7820600
2026-05-18,92.2300033569336,93.97000122070312,92.1500015258789,93.70999908447266,6781000
2026-05-19,93.55999755859375,94.94999694824219,93.16999816894531,94.13999938964844,8408500
2026-05-20,94.51000213623047,94.66000366210938,93.52999877929688,93.62000274658203,5306800
2026-05-21,93.55999755859375,94.41000366210938,93.19000244140625,94.23999786376953,3741100
2026-05-22,94.48999786376953,94.80000305175781,93.7699966430664,94.55000305175781,3396200
2026-05-26,94.80000305175781,94.80000305175781,93.75,94.08999633789062,4168900
2026-05-27,93.79000091552734,94.5999984741211,93.45999908447266,93.73999786376953,3375000
2026-05-28,93.7300033569336,94.25,92.41999816894531,92.5199966430664,3650300
2026-05-29,92.5,92.5999984741211,91.3499984741211,92.05000305175781,9749100
2026-06-01,91.2699966430664,91.55999755859375,89.0199966430664,89.02999877929688,8510700
2026-06-02,89.33999633789062,90.63999938964844,89.06999969482422,90.51000213623047,5761800
2026-06-03,90.5999984741211,92.41000366210938,90.19000244140625,90.48999786376953,6635200
2026-06-04,91.12999725341797,91.93000030517578,89.94000244140625,91.62000274658203,4463800
2026-06-05,92.13999938964844,93.56999969482422,91.95999908447266,92.5999984741211,5619900
2026-06-08,92.26000213623047,92.77999877929688,90.94000244140625,91.27999877929688,5814300
2026-06-09,91.38999938964844,93.36000061035156,90.91999816894531,92.94999694824219,6255400
2026-06-10,93.61000061035156,94.5,92.77999877929688,94.0199966430664,5855200
2026-06-11,94.55000305175781,95.05999755859375,93.20999908447266,93.2699966430664,4756000
2026-06-12,93.58999633789062,94.68000030517578,93.2300033569336,94.0,8748200
2026-06-15,93.37999725341797,94.75,92.75,93.81999969482422,6925400
2026-06-16,93.9000015258789,95.29000091552734,93.70999908447266,94.30999755859375,5580400
2026-06-17,93.87999725341797,94.63999938964844,92.30999755859375,92.52999877929688,7127700
2026-06-18,92.5,94.26000213623047,92.44000244140625,93.08999633789062,20353100
2026-06-22,93.05999755859375,94.08999633789062,92.88999938964844,93.43000030517578,7250300
2026-06-23,94.27999877929688,95.11000061035156,93.5,94.93000030517578,7586600
2026-06-24,95.2300033569336,95.91999816894531,94.44000244140625,95.77999877929688,7483900
2026-06-25,95.7300033569336,96.87000274658203,95.22000122070312,95.91000366210938,7233000
2026-06-26,96.63999938964844,97.22000122070312,96.0999984741211,97.16000366210938,8925300
2026-06-29,97.01000213623047,97.5199966430664,96.4800033569336,96.75,4566900
2026-06-30,96.19999694824219,96.6500015258789,95.36000061035156,95.70999908447266,6910000
2026-07-01,95.87999725341797,96.0199966430664,95.08000183105469,95.12000274658203,4678600
2026-07-02,95.73999786376953,97.9800033569336,95.37999725341797,97.9800033569336,5279800
2026-07-06,97.33999633789062,97.7300033569336,95.7699966430664,95.98999786376953,4922100
2026-07-07,96.91999816894531,99.26000213623047,96.81999969482422,97.29000091552734,7158800
2026-07-08,97.44000244140625,97.62000274658203,96.0,96.37999725341797,5614500
2026-07-09,96.43000030517578,96.68000030517578,94.88999938964844,95.16999816894531,3842800
2026-07-10,95.23999786376953,95.93000030517578,95.12000274658203,95.61000061035156,3096700
2026-07-13,95.80000305175781,96.94999694824219,95.62000274658203,96.47000122070312,2842200
2026-07-14,96.8499984741211,97.25,95.73999786376953,95.95999908447266,2626900
2026-07-15,95.72000122070312,96.4000015258789,94.45999908447266,94.5999984741211,3303700
2026-07-16,94.77999877929688,96.13999938964844,94.77999877929688,96.06999969482422,3664100
2026-07-17,97.30000305175781,98.33999633789062,95.13999938964844,95.30000305175781,4926200
2026-07-20,95.7699966430664,96.37999725341797,94.44999694824219,94.45999908447266,4963800
2026-07-21,94.01000213623047,94.44000244140625,93.20999908447266,93.8499984741211,4622300
2026-07-22,94.80999755859375,95.8499984741211,94.4000015258789,95.80000305175781,4510800
