Date,Open,High,Low,Close,Volume
2018-07-23,56.38999938964844,58.09000015258789,56.29999923706055,58.0,24584100
2018-07-24,58.0,58.689998626708984,57.849998474121094,58.349998474121094,27245000
2018-07-25,58.099998474121094,58.5,57.849998474121094,58.22999954223633,15531100
2018-07-26,58.470001220703125,58.72999954223633,58.20000076293945,58.310001373291016,14165300
2018-07-27,58.380001068115234,58.900001525878906,58.15999984741211,58.630001068115234,17662900
2018-07-30,58.83000183105469,59.27000045776367,58.29999923706055,58.4900016784668,22699900
2018-07-31,58.61000061035156,58.709999084472656,57.20000076293945,57.290000915527344,21633800
2018-08-01,57.959999084472656,58.279998779296875,57.209999084472656,57.650001525878906,19192700
2018-08-02,57.08000183105469,58.45000076293945,57.08000183105469,58.290000915527344,13489100
2018-08-03,58.060001373291016,58.93000030517578,58.029998779296875,58.83000183105469,13720400
2018-08-06,58.58000183105469,59.029998779296875,58.189998626708984,58.88999938964844,13360500
2018-08-07,58.939998626708984,59.15999984741211,58.70000076293945,58.81999969482422,13810900
2018-08-08,58.7599983215332,59.5,58.7599983215332,59.189998626708984,13778600
2018-08-09,58.650001525878906,58.900001525878906,58.400001525878906,58.439998626708984,15859500
2018-08-10,57.380001068115234,58.41999816894531,57.380001068115234,58.04999923706055,16170100
2018-08-13,57.65999984741211,58.11000061035156,57.560001373291016,57.61000061035156,19541100
2018-08-14,57.66999816894531,58.2599983215332,57.66999816894531,58.06999969482422,14860400
2018-08-15,57.68000030517578,58.25,57.650001525878906,57.9900016784668,17378400
2018-08-16,58.13999938964844,58.810001373291016,58.04999923706055,58.65999984741211,19992500
2018-08-17,58.5099983215332,59.040000915527344,58.5099983215332,58.86000061035156,13737600
2018-08-20,58.810001373291016,59.209999084472656,58.66999816894531,59.029998779296875,11403400
2018-08-21,59.0,59.529998779296875,58.939998626708984,58.959999084472656,17943500
2018-08-22,59.040000915527344,59.5,58.83000183105469,59.16999816894531,20829600
2018-08-23,59.0,59.04999923706055,58.56999969482422,58.619998931884766,19655600
2018-08-24,58.900001525878906,58.91999816894531,58.66999816894531,58.689998626708984,14366600
2018-08-27,58.869998931884766,59.47999954223633,58.7599983215332,59.099998474121094,19915200
2018-08-28,59.189998626708984,59.33000183105469,58.9900016784668,59.06999969482422,19330200
2018-08-29,59.04999923706055,59.18000030517578,58.81999969482422,58.959999084472656,14436600
2018-08-30,58.66999816894531,59.08000183105469,58.43000030517578,58.459999084472656,14800900
2018-08-31,58.27000045776367,58.540000915527344,58.06999969482422,58.47999954223633,16720200
2018-09-04,58.45000076293945,58.95000076293945,58.06999969482422,58.79999923706055,19003700
2018-09-05,58.880001068115234,59.20000076293945,58.810001373291016,58.95000076293945,22332300
2018-09-06,58.90999984741211,59.15999984741211,57.93000030517578,57.93000030517578,20756900
2018-09-07,57.91999816894531,58.06999969482422,57.349998474121094,57.400001525878906,21482400
2018-09-10,57.619998931884766,57.84000015258789,57.310001373291016,57.459999084472656,15623000
2018-09-11,57.400001525878906,57.560001373291016,57.31999969482422,57.380001068115234,22160300
2018-09-12,57.33000183105469,57.38999938964844,55.79999923706055,55.939998626708984,23868800
2018-09-13,56.0099983215332,56.25,54.9900016784668,55.0,26954800
2018-09-14,55.189998626708984,55.560001373291016,54.70000076293945,54.72999954223633,20997600
2018-09-17,54.75,54.7599983215332,53.939998626708984,54.310001373291016,21959500
2018-09-18,54.25,54.70000076293945,54.040000915527344,54.5,22055200
2018-09-19,54.4900016784668,55.45000076293945,54.279998779296875,55.220001220703125,17046200
2018-09-20,55.630001068115234,55.810001373291016,54.9900016784668,55.54999923706055,20308000
2018-09-21,55.75,55.810001373291016,54.91999816894531,54.9900016784668,36158500
2018-09-24,54.79999923706055,55.15999984741211,54.2400016784668,54.2599983215332,19604700
2018-09-25,54.29999923706055,54.689998626708984,54.20000076293945,54.22999954223633,15207400
2018-09-26,54.380001068115234,54.45000076293945,53.02000045776367,53.15999984741211,22025100
2018-09-27,53.279998779296875,53.599998474121094,52.7599983215332,52.81999969482422,19991000
2018-09-28,52.689998626708984,52.97999954223633,52.40999984741211,52.560001373291016,18588600
2018-10-01,52.7400016784668,52.79999923706055,52.15999984741211,52.25,17209000
2018-10-02,52.2400016784668,52.349998474121094,51.880001068115234,52.130001068115234,17509600
2018-10-03,52.5,52.91999816894531,52.33000183105469,52.650001525878906,18444900
2018-10-04,52.72999954223633,53.86000061035156,52.72999954223633,53.5099983215332,21417500
2018-10-05,53.70000076293945,53.86000061035156,52.97999954223633,53.189998626708984,14793000
2018-10-08,52.97999954223633,53.959999084472656,52.97999954223633,53.66999816894531,12858200
2018-10-09,53.380001068115234,53.970001220703125,52.97999954223633,53.529998779296875,15918300
2018-10-10,53.70000076293945,54.06999969482422,52.40999984741211,52.43000030517578,21875900
2018-10-11,52.380001068115234,52.84000015258789,51.0099983215332,51.439998626708984,33147900
2018-10-12,52.099998474121094,53.33000183105469,50.869998931884766,52.11000061035156,32067300
2018-10-15,52.5099983215332,53.9900016784668,52.5099983215332,53.2400016784668,34118900
2018-10-16,53.310001373291016,53.790000915527344,52.529998779296875,53.72999954223633,28227200
2018-10-17,53.560001373291016,55.0099983215332,53.189998626708984,54.459999084472656,23524200
2018-10-18,54.16999816894531,54.400001525878906,52.7599983215332,53.099998474121094,22533300
2018-10-19,53.08000183105469,53.630001068115234,52.86000061035156,52.88999938964844,19521000
2018-10-22,53.06999969482422,53.16999816894531,51.560001373291016,51.650001525878906,17621500
2018-10-23,50.84000015258789,51.95000076293945,50.470001220703125,51.560001373291016,25529800
2018-10-24,51.310001373291016,51.4900016784668,50.02000045776367,50.189998626708984,31161500
2018-10-25,50.529998779296875,52.61000061035156,50.41999816894531,51.86000061035156,29366100
2018-10-26,51.31999969482422,51.93000030517578,50.790000915527344,51.25,30053800
2018-10-29,51.880001068115234,53.150001525878906,51.59000015258789,52.22999954223633,30541300
2018-10-30,52.45000076293945,52.90999984741211,51.869998931884766,52.689998626708984,24910900
2018-10-31,53.040000915527344,54.029998779296875,53.029998779296875,53.22999954223633,23667400
2018-11-01,53.43000030517578,53.959999084472656,53.150001525878906,53.560001373291016,17654800
2018-11-02,54.209999084472656,54.630001068115234,53.11000061035156,53.61000061035156,18285600
2018-11-05,53.72999954223633,54.29999923706055,51.15999984741211,53.65999984741211,18990000
2018-11-06,53.36000061035156,53.709999084472656,52.959999084472656,53.54999923706055,20696800
2018-11-07,53.81999969482422,54.18000030517578,52.790000915527344,53.58000183105469,20668500
2018-11-08,52.900001525878906,53.599998474121094,52.86000061035156,53.15999984741211,22429200
2018-11-09,53.09000015258789,53.38999938964844,52.72999954223633,53.040000915527344,18972200
2018-11-12,53.130001068115234,53.58000183105469,52.279998779296875,52.349998474121094,19003300
2018-11-13,52.619998931884766,53.33000183105469,52.619998931884766,52.7400016784668,28102000
2018-11-14,53.13999938964844,53.290000915527344,51.4900016784668,52.150001525878906,24788400
2018-11-15,51.540000915527344,52.90999984741211,51.279998779296875,52.81999969482422,23220100
2018-11-16,52.650001525878906,53.18000030517578,52.47999954223633,52.939998626708984,18872500
2018-11-19,52.970001220703125,53.47999954223633,52.599998474121094,53.31999969482422,20215500
2018-11-20,53.04999923706055,53.2400016784668,52.36000061035156,52.540000915527344,22999200
2018-11-21,52.619998931884766,53.20000076293945,52.27000045776367,52.43000030517578,16946300
2018-11-23,51.970001220703125,52.290000915527344,51.61000061035156,51.83000183105469,11139400
2018-11-26,52.33000183105469,53.18000030517578,52.33000183105469,52.880001068115234,20581700
2018-11-27,52.689998626708984,53.31999969482422,52.45000076293945,53.189998626708984,18044600
2018-11-28,53.150001525878906,54.36000061035156,52.58000183105469,54.349998474121094,23713300
2018-11-29,53.970001220703125,54.41999816894531,53.790000915527344,54.040000915527344,14978400
2018-11-30,54.08000183105469,54.54999923706055,53.869998931884766,54.279998779296875,18939000
2018-12-03,54.779998779296875,55.040000915527344,53.599998474121094,54.2400016784668,21261700
2018-12-04,53.95000076293945,53.9900016784668,51.5099983215332,51.779998779296875,33280500
2018-12-06,50.650001525878906,51.13999938964844,50.02000045776367,51.09000015258789,40310200
2018-12-07,50.88999938964844,51.45000076293945,50.04999923706055,50.2599983215332,28510500
2018-12-10,50.06999969482422,50.06999969482422,48.29999923706055,48.79999923706055,34524600
2018-12-11,49.40999984741211,49.59000015258789,47.54999923706055,47.7599983215332,32388600
2018-12-12,48.290000915527344,48.29999923706055,46.849998474121094,47.7400016784668,42820000
2018-12-13,47.970001220703125,48.119998931884766,46.93000030517578,47.029998779296875,35227100
2018-12-14,46.54999923706055,47.4900016784668,46.380001068115234,46.540000915527344,25913000
2018-12-17,46.220001220703125,47.310001373291016,46.119998931884766,46.61000061035156,29443300
2018-12-18,46.939998626708984,47.52000045776367,46.31999969482422,46.52000045776367,26740000
2018-12-19,46.38999938964844,47.43000030517578,45.29999923706055,45.66999816894531,34287600
2018-12-20,45.400001525878906,46.77000045776367,45.33000183105469,46.040000915527344,43969900
2018-12-21,45.59000015258789,46.529998779296875,44.93000030517578,45.119998931884766,55577900
2018-12-24,44.470001220703125,45.099998474121094,43.599998474121094,43.599998474121094,18049900
2018-12-26,43.84000015258789,45.59000015258789,43.02000045776367,45.59000015258789,27770000
2018-12-27,44.720001220703125,45.529998779296875,43.849998474121094,45.529998779296875,27005300
2018-12-28,45.68000030517578,46.43000030517578,45.529998779296875,45.779998779296875,23635000
2018-12-31,45.97999954223633,46.47999954223633,45.56999969482422,46.08000183105469,16544500
2019-01-02,45.529998779296875,46.95000076293945,45.40999984741211,46.939998626708984,20295200
2019-01-03,46.650001525878906,47.349998474121094,46.369998931884766,46.56999969482422,22262000
2019-01-04,47.41999816894531,48.11000061035156,47.20000076293945,47.95000076293945,23343600
2019-01-07,47.779998779296875,48.22999954223633,47.540000915527344,47.63999938964844,21858000
2019-01-08,47.900001525878906,48.15999984741211,46.91999816894531,47.540000915527344,19702900
2019-01-09,47.5099983215332,47.97999954223633,47.08000183105469,47.79999923706055,18837700
2019-01-10,47.5,48.04999923706055,47.310001373291016,47.75,16208400
2019-01-11,47.5,48.09000015258789,47.18000030517578,47.869998931884766,20006900
2019-01-14,47.5099983215332,48.4900016784668,47.400001525878906,48.41999816894531,23827600
2019-01-15,47.599998474121094,48.25,47.0099983215332,47.66999816894531,27447600
2019-01-16,48.150001525878906,49.34000015258789,47.9900016784668,48.939998626708984,32026400
2019-01-17,48.63999938964844,49.36000061035156,48.400001525878906,49.22999954223633,25738800
2019-01-18,49.099998474121094,50.15999984741211,48.86000061035156,50.0099983215332,36380300
2019-01-22,49.77000045776367,50.099998474121094,49.630001068115234,49.86000061035156,33975200
2019-01-23,50.0,50.31999969482422,49.5,50.119998931884766,16806700
2019-01-24,49.790000915527344,50.34000015258789,49.650001525878906,49.97999954223633,17862100
2019-01-25,50.400001525878906,50.540000915527344,49.959999084472656,50.130001068115234,20183400
2019-01-28,49.77000045776367,49.900001525878906,49.20000076293945,49.81999969482422,19913100
2019-01-29,49.779998779296875,50.11000061035156,49.720001220703125,49.849998474121094,11927600
2019-01-30,49.84000015258789,50.349998474121094,49.59000015258789,50.09000015258789,16885100
2019-01-31,49.279998779296875,49.41999816894531,48.65999984741211,48.90999984741211,24934700
2019-02-01,49.0,49.08000183105469,48.790000915527344,48.90999984741211,21123500
2019-02-04,48.849998474121094,49.150001525878906,48.709999084472656,49.060001373291016,17547800
2019-02-05,49.27000045776367,49.31999969482422,48.75,49.27000045776367,14784900
2019-02-06,49.09000015258789,49.529998779296875,49.06999969482422,49.220001220703125,12145700
2019-02-07,49.09000015258789,49.29999923706055,47.709999084472656,48.08000183105469,24189700
2019-02-08,47.939998626708984,48.040000915527344,47.060001373291016,47.650001525878906,20641200
2019-02-11,47.869998931884766,47.959999084472656,47.380001068115234,47.650001525878906,15995900
2019-02-12,48.0099983215332,49.459999084472656,48.0099983215332,49.04999923706055,22033000
2019-02-13,49.2400016784668,49.709999084472656,48.88999938964844,49.02000045776367,13770900
2019-02-14,48.630001068115234,48.90999984741211,48.029998779296875,48.52000045776367,16456500
2019-02-15,49.09000015258789,49.41999816894531,48.4900016784668,49.220001220703125,19346200
2019-02-19,49.029998779296875,49.619998931884766,48.81999969482422,49.380001068115234,15121700
2019-02-20,49.43000030517578,49.880001068115234,49.29999923706055,49.810001373291016,16742600
2019-02-21,49.7599983215332,49.88999938964844,49.369998931884766,49.560001373291016,16938800
2019-02-22,49.599998474121094,49.75,48.95000076293945,49.02000045776367,15848200
2019-02-25,49.2599983215332,50.22999954223633,49.25,49.65999984741211,16564100
2019-02-26,49.4900016784668,50.13999938964844,49.34000015258789,49.59000015258789,16997800
2019-02-27,49.59000015258789,50.029998779296875,49.36000061035156,49.900001525878906,17455000
2019-02-28,49.97999954223633,50.130001068115234,49.72999954223633,49.88999938964844,17786600
2019-03-01,50.22999954223633,50.84000015258789,49.869998931884766,50.029998779296875,19051400
2019-03-04,50.290000915527344,50.900001525878906,49.689998626708984,50.11000061035156,16697000
2019-03-05,50.029998779296875,50.04999923706055,49.33000183105469,49.88999938964844,14235400
2019-03-06,49.970001220703125,50.220001220703125,49.68000030517578,49.81999969482422,14211000
2019-03-07,49.709999084472656,49.849998474121094,49.290000915527344,49.68000030517578,19047300
2019-03-08,49.2599983215332,49.900001525878906,49.16999816894531,49.79999923706055,17400000
2019-03-11,50.0,50.099998474121094,49.630001068115234,49.7599983215332,19471500
2019-03-12,49.779998779296875,50.04999923706055,49.540000915527344,49.650001525878906,18299300
2019-03-13,49.869998931884766,50.08000183105469,49.61000061035156,49.91999816894531,21647300
2019-03-14,50.06999969482422,50.790000915527344,49.93000030517578,50.349998474121094,20160700
2019-03-15,50.220001220703125,50.79999923706055,50.0,50.65999984741211,46117300
2019-03-18,50.84000015258789,52.06999969482422,50.83000183105469,51.72999954223633,23843300
2019-03-19,52.41999816894531,52.41999816894531,51.34000015258789,51.40999984741211,19911900
2019-03-20,51.189998626708984,51.56999969482422,50.33000183105469,50.400001525878906,20632400
2019-03-21,49.97999954223633,50.13999938964844,49.16999816894531,49.86000061035156,24132800
2019-03-22,49.25,49.470001220703125,48.0,48.310001373291016,27975800
2019-03-25,48.41999816894531,48.88999938964844,47.849998474121094,48.08000183105469,17227600
2019-03-26,48.52000045776367,49.040000915527344,48.40999984741211,49.0099983215332,16989600
2019-03-27,48.939998626708984,49.189998626708984,48.45000076293945,48.77000045776367,16912000
2019-03-28,48.72999954223633,49.220001220703125,48.349998474121094,49.09000015258789,15881600
2019-03-29,49.79999923706055,49.79999923706055,47.79999923706055,48.31999969482422,53590800
2019-04-01,48.43000030517578,48.900001525878906,48.16999816894531,48.810001373291016,42015500
2019-04-02,48.56999969482422,48.880001068115234,47.959999084472656,48.209999084472656,35393600
2019-04-03,48.470001220703125,48.869998931884766,48.08000183105469,48.86000061035156,30366300
2019-04-04,48.95000076293945,49.68000030517578,48.880001068115234,49.16999816894531,19260100
2019-04-05,49.2599983215332,49.40999984741211,48.599998474121094,48.779998779296875,23734900
2019-04-08,48.63999938964844,49.099998474121094,48.58000183105469,48.880001068115234,18875200
2019-04-09,48.68000030517578,48.70000076293945,48.02000045776367,48.13999938964844,22903500
2019-04-10,48.08000183105469,48.189998626708984,47.400001525878906,47.790000915527344,30977800
2019-04-11,47.970001220703125,48.2599983215332,47.380001068115234,47.7400016784668,33662700
2019-04-12,47.75,48.81999969482422,46.060001373291016,46.4900016784668,70271400
2019-04-15,45.869998931884766,47.060001373291016,45.65999984741211,46.77000045776367,34954000
2019-04-16,46.880001068115234,47.869998931884766,46.869998931884766,47.650001525878906,25217100
2019-04-17,47.959999084472656,47.959999084472656,46.91999816894531,47.54999923706055,25144000
2019-04-18,47.439998626708984,47.869998931884766,47.119998931884766,47.58000183105469,22416800
2019-04-22,47.40999984741211,47.5,47.099998474121094,47.2599983215332,15972600
2019-04-23,47.20000076293945,47.439998626708984,46.95000076293945,47.349998474121094,16434300
2019-04-24,47.060001373291016,47.689998626708984,47.029998779296875,47.47999954223633,17831800
2019-04-25,47.16999816894531,47.959999084472656,46.90999984741211,47.5099983215332,23042800
2019-04-26,47.52000045776367,47.97999954223633,47.400001525878906,47.959999084472656,13035500
2019-04-29,47.970001220703125,48.790000915527344,47.959999084472656,48.27000045776367,16918700
2019-04-30,48.349998474121094,48.560001373291016,48.11000061035156,48.40999984741211,18525100
2019-05-01,48.31999969482422,48.849998474121094,47.9900016784668,48.22999954223633,17542100
2019-05-02,48.349998474121094,48.4900016784668,47.849998474121094,48.29999923706055,16883000
2019-05-03,48.52000045776367,48.77000045776367,48.349998474121094,48.650001525878906,16571300
2019-05-06,47.9900016784668,48.72999954223633,47.880001068115234,48.43000030517578,19279900
2019-05-07,48.04999923706055,48.15999984741211,46.90999984741211,47.16999816894531,23919100
2019-05-08,47.060001373291016,47.310001373291016,46.810001373291016,47.0,19814400
2019-05-09,46.0,46.83000183105469,45.779998779296875,46.7400016784668,23246900
2019-05-10,46.40999984741211,47.369998931884766,46.11000061035156,47.150001525878906,19983400
2019-05-13,46.279998779296875,46.9900016784668,46.2599983215332,46.33000183105469,23304700
2019-05-14,46.380001068115234,46.93000030517578,45.97999954223633,46.4900016784668,21267600
2019-05-15,46.02000045776367,46.349998474121094,45.4900016784668,45.84000015258789,20123300
2019-05-16,45.9900016784668,46.529998779296875,45.7599983215332,45.900001525878906,20764100
2019-05-17,45.439998626708984,46.22999954223633,45.40999984741211,45.70000076293945,22273500
2019-05-20,45.619998931884766,45.90999984741211,45.29999923706055,45.45000076293945,18854000
2019-05-21,45.619998931884766,46.36000061035156,45.52000045776367,46.33000183105469,18416300
2019-05-22,46.06999969482422,46.310001373291016,45.959999084472656,46.099998474121094,13155000
2019-05-23,45.83000183105469,45.86000061035156,45.06999969482422,45.560001373291016,17643700
2019-05-24,45.7599983215332,46.349998474121094,45.59000015258789,46.16999816894531,13425500
2019-05-28,46.06999969482422,46.25,45.58000183105469,45.59000015258789,19984600
2019-05-29,45.38999938964844,45.68000030517578,45.130001068115234,45.47999954223633,16058800
2019-05-30,45.689998626708984,45.849998474121094,44.880001068115234,45.04999923706055,13775900
2019-05-31,44.529998779296875,44.86000061035156,44.220001220703125,44.369998931884766,17540500
2019-06-03,44.2400016784668,45.11000061035156,44.20000076293945,44.52000045776367,20172500
2019-06-04,45.15999984741211,45.7599983215332,45.0099983215332,45.68000030517578,21082000
2019-06-05,45.869998931884766,45.900001525878906,45.29999923706055,45.86000061035156,13705400
2019-06-06,45.7400016784668,46.189998626708984,45.45000076293945,45.91999816894531,16020500
2019-06-07,45.900001525878906,46.15999984741211,45.54999923706055,45.630001068115234,14979900
2019-06-10,46.060001373291016,46.810001373291016,46.060001373291016,46.27000045776367,15242700
2019-06-11,45.84000015258789,46.459999084472656,45.77000045776367,46.2599983215332,15078300
2019-06-12,46.0099983215332,46.27000045776367,44.779998779296875,44.90999984741211,22470400
2019-06-13,45.099998474121094,45.630001068115234,44.91999816894531,45.290000915527344,15629400
2019-06-14,45.310001373291016,45.790000915527344,44.84000015258789,45.59000015258789,16147500
2019-06-17,45.58000183105469,46.02000045776367,45.13999938964844,45.27000045776367,13420400
2019-06-18,45.25,46.38999938964844,45.060001373291016,46.099998474121094,18611100
2019-06-19,46.47999954223633,46.75,45.630001068115234,45.650001525878906,17787600
2019-06-20,45.849998474121094,45.9900016784668,45.2400016784668,45.86000061035156,19205200
2019-06-21,45.84000015258789,46.88999938964844,45.790000915527344,46.88999938964844,39186200
2019-06-24,46.54999923706055,46.689998626708984,46.22999954223633,46.27000045776367,21854400
2019-06-25,46.130001068115234,46.529998779296875,45.43000030517578,46.13999938964844,20814000
2019-06-26,46.209999084472656,46.279998779296875,45.779998779296875,45.79999923706055,17106800
2019-06-27,46.220001220703125,46.529998779296875,46.11000061035156,46.290000915527344,13391600
2019-06-28,46.810001373291016,47.70000076293945,46.79999923706055,47.31999969482422,31030900
2019-07-01,47.880001068115234,48.119998931884766,47.400001525878906,47.689998626708984,15089100
2019-07-02,47.52000045776367,47.79999923706055,46.91999816894531,47.22999954223633,12107200
2019-07-03,47.29999923706055,47.790000915527344,46.97999954223633,47.65999984741211,10438400
2019-07-05,48.099998474121094,48.189998626708984,47.66999816894531,47.77000045776367,10801600
2019-07-08,47.400001525878906,47.9900016784668,47.310001373291016,47.529998779296875,13189300
2019-07-09,47.29999923706055,47.88999938964844,47.209999084472656,47.83000183105469,12595000
2019-07-10,47.66999816894531,47.810001373291016,47.040000915527344,47.150001525878906,12784900
2019-07-11,47.209999084472656,47.58000183105469,47.060001373291016,47.13999938964844,19751400
2019-07-12,47.119998931884766,47.41999816894531,46.91999816894531,47.36000061035156,12792600
2019-07-15,47.400001525878906,47.45000076293945,46.439998626708984,46.709999084472656,21338400
2019-07-16,46.720001220703125,46.970001220703125,45.220001220703125,45.29999923706055,37548300
2019-07-17,45.20000076293945,45.75,45.13999938964844,45.209999084472656,24502100
2019-07-18,45.220001220703125,46.02000045776367,45.189998626708984,45.81999969482422,19409100
2019-07-19,45.959999084472656,46.40999984741211,45.86000061035156,46.029998779296875,21847900
2019-07-22,45.88999938964844,46.54999923706055,45.77000045776367,46.47999954223633,17972100
2019-07-23,46.68000030517578,47.59000015258789,46.65999984741211,47.20000076293945,21150200
2019-07-24,47.29999923706055,48.470001220703125,47.279998779296875,48.45000076293945,29357200
2019-07-25,48.52000045776367,48.7400016784668,48.0099983215332,48.09000015258789,20562000
2019-07-26,48.150001525878906,49.310001373291016,48.06999969482422,49.29999923706055,21641500
2019-07-29,49.380001068115234,49.56999969482422,48.18000030517578,48.279998779296875,19148600
2019-07-30,48.0099983215332,48.59000015258789,47.88999938964844,48.54999923706055,14207000
2019-07-31,48.2599983215332,48.97999954223633,48.11000061035156,48.40999984741211,23422800
2019-08-01,48.40999984741211,48.63999938964844,46.95000076293945,47.060001373291016,22668600
2019-08-02,47.11000061035156,47.61000061035156,46.369998931884766,47.439998626708984,20159000
2019-08-05,46.5,46.79999923706055,45.849998474121094,46.13999938964844,27113500
2019-08-06,46.61000061035156,47.029998779296875,45.81999969482422,46.93000030517578,19446100
2019-08-07,46.06999969482422,46.150001525878906,45.22999954223633,45.810001373291016,27830000
2019-08-08,45.689998626708984,46.63999938964844,45.54999923706055,46.400001525878906,20671300
2019-08-09,46.02000045776367,46.65999984741211,45.75,46.29999923706055,19786100
2019-08-12,45.5099983215332,45.90999984741211,45.33000183105469,45.43000030517578,17364400
2019-08-13,45.61000061035156,46.41999816894531,45.2599983215332,45.959999084472656,16649100
2019-08-14,45.02000045776367,45.099998474121094,43.939998626708984,43.970001220703125,28786700
2019-08-15,44.29999923706055,44.5,43.34000015258789,43.380001068115234,27900000
2019-08-16,43.7400016784668,44.540000915527344,43.630001068115234,44.38999938964844,21196600
2019-08-19,45.130001068115234,45.470001220703125,44.93000030517578,45.25,15378100
2019-08-20,45.040000915527344,45.040000915527344,44.630001068115234,44.68000030517578,13345800
2019-08-21,44.959999084472656,45.279998779296875,44.810001373291016,45.0,13513700
2019-08-22,45.33000183105469,45.83000183105469,45.060001373291016,45.619998931884766,14703900
2019-08-23,45.20000076293945,45.650001525878906,44.09000015258789,44.41999816894531,21152500
2019-08-26,44.709999084472656,45.0,44.4900016784668,44.97999954223633,15973100
2019-08-27,45.22999954223633,45.33000183105469,44.43000030517578,44.75,15038200
2019-08-28,44.63999938964844,45.779998779296875,44.4900016784668,45.470001220703125,14740000
2019-08-29,46.0,46.4900016784668,45.779998779296875,46.189998626708984,16196600
2019-08-30,46.540000915527344,46.900001525878906,46.40999984741211,46.56999969482422,15250600
2019-09-03,46.310001373291016,46.34000015258789,45.47999954223633,46.09000015258789,17224200
2019-09-04,46.540000915527344,46.70000076293945,46.279998779296875,46.5,17123100
2019-09-05,47.310001373291016,48.16999816894531,47.29999923706055,47.619998931884766,19243400
2019-09-06,47.58000183105469,47.77000045776367,47.099998474121094,47.150001525878906,18846100
2019-09-09,47.31999969482422,48.63999938964844,46.88999938964844,48.40999984741211,27651400
2019-09-10,48.06999969482422,48.93000030517578,48.06999969482422,48.310001373291016,25822400
2019-09-11,48.290000915527344,48.97999954223633,47.790000915527344,48.849998474121094,19190000
2019-09-12,48.52000045776367,49.08000183105469,48.220001220703125,48.650001525878906,24305900
2019-09-13,49.0099983215332,49.36000061035156,48.65999984741211,48.91999816894531,25142400
2019-09-16,48.459999084472656,49.0,48.400001525878906,48.97999954223633,17759700
2019-09-17,48.70000076293945,48.86000061035156,48.310001373291016,48.7599983215332,18346100
2019-09-18,48.630001068115234,49.209999084472656,48.43000030517578,48.93000030517578,20511700
2019-09-19,48.9900016784668,49.310001373291016,48.869998931884766,48.90999984741211,16887500
2019-09-20,49.06999969482422,49.29999923706055,48.61000061035156,48.630001068115234,30229400
2019-09-23,48.31999969482422,49.09000015258789,48.310001373291016,48.959999084472656,20603400
2019-09-24,48.97999954223633,49.220001220703125,48.470001220703125,48.650001525878906,21629300
2019-09-25,48.72999954223633,49.540000915527344,48.650001525878906,49.2599983215332,21313100
2019-09-26,49.25,49.369998931884766,48.81999969482422,48.869998931884766,19984000
2019-09-27,50.400001525878906,51.40999984741211,50.25,50.709999084472656,59467400
2019-09-30,50.77000045776367,50.849998474121094,50.060001373291016,50.439998626708984,26897100
2019-10-01,50.650001525878906,50.779998779296875,49.0,49.060001373291016,27249300
2019-10-02,48.720001220703125,49.040000915527344,48.369998931884766,48.470001220703125,23515900
2019-10-03,48.29999923706055,48.5099983215332,47.31999969482422,48.47999954223633,20212200
2019-10-04,48.65999984741211,49.25,48.529998779296875,49.209999084472656,15779500
2019-10-07,48.95000076293945,49.290000915527344,48.75,48.810001373291016,15691900
2019-10-08,48.25,48.349998474121094,47.540000915527344,47.81999969482422,19734000
2019-10-09,48.16999816894531,48.41999816894531,48.08000183105469,48.150001525878906,13467800
2019-10-10,48.33000183105469,49.06999969482422,48.15999984741211,48.650001525878906,18267800
2019-10-11,49.459999084472656,49.91999816894531,49.150001525878906,49.209999084472656,23024600
2019-10-14,49.09000015258789,49.45000076293945,48.97999954223633,49.27000045776367,16870500
2019-10-15,49.279998779296875,51.25,48.779998779296875,50.11000061035156,38478400
2019-10-16,50.040000915527344,50.279998779296875,49.45000076293945,49.59000015258789,23728400
2019-10-17,49.97999954223633,50.16999816894531,49.47999954223633,49.61000061035156,20560100
2019-10-18,49.34000015258789,50.220001220703125,49.31999969482422,49.970001220703125,21199500
2019-10-21,50.279998779296875,50.5,50.18000030517578,50.459999084472656,19409100
2019-10-22,50.439998626708984,51.02000045776367,50.22999954223633,50.619998931884766,18526900
2019-10-23,50.720001220703125,50.970001220703125,50.56999969482422,50.93000030517578,14173700
2019-10-24,50.65999984741211,51.20000076293945,50.65999984741211,51.099998474121094,16695400
2019-10-25,51.08000183105469,51.72999954223633,51.0,51.56999969482422,17433300
2019-10-28,51.939998626708984,52.04999923706055,51.56999969482422,51.650001525878906,23914800
2019-10-29,51.5,52.36000061035156,51.5,52.16999816894531,21063000
2019-10-30,51.880001068115234,52.279998779296875,51.619998931884766,52.029998779296875,16155900
2019-10-31,51.77000045776367,52.029998779296875,51.150001525878906,51.630001068115234,18814700
2019-11-01,52.130001068115234,52.290000915527344,51.90999984741211,52.18000030517578,16359300
2019-11-04,52.58000183105469,52.79999923706055,52.2400016784668,52.720001220703125,17559900
2019-11-05,52.7400016784668,53.5,52.7400016784668,53.29999923706055,25965300
2019-11-06,53.290000915527344,53.84000015258789,53.16999816894531,53.79999923706055,22051100
2019-11-07,53.779998779296875,54.400001525878906,53.779998779296875,54.0,23452500
2019-11-08,53.83000183105469,54.22999954223633,53.560001373291016,54.099998474121094,14722100
2019-11-11,53.790000915527344,54.13999938964844,53.72999954223633,54.04999923706055,10659400
2019-11-12,53.75,54.2400016784668,53.619998931884766,54.220001220703125,15187600
2019-11-13,53.810001373291016,53.900001525878906,53.209999084472656,53.290000915527344,16846800
2019-11-14,53.220001220703125,53.560001373291016,53.099998474121094,53.4900016784668,16491400
2019-11-15,53.779998779296875,53.939998626708984,53.43000030517578,53.79999923706055,15225300
2019-11-18,53.84000015258789,54.11000061035156,53.650001525878906,54.0,14374600
2019-11-19,54.099998474121094,54.33000183105469,53.869998931884766,54.029998779296875,14434100
2019-11-20,53.72999954223633,53.86000061035156,53.25,53.540000915527344,14994700
2019-11-21,53.84000015258789,53.93000030517578,53.34000015258789,53.560001373291016,16186100
2019-11-22,53.900001525878906,54.349998474121094,53.810001373291016,54.279998779296875,13823400
2019-11-25,54.529998779296875,54.529998779296875,54.040000915527344,54.209999084472656,15561000
2019-11-26,54.11000061035156,54.119998931884766,53.72999954223633,53.810001373291016,18078900
2019-11-27,54.150001525878906,54.400001525878906,54.0099983215332,54.34000015258789,16352900
2019-11-29,54.06999969482422,54.75,54.06999969482422,54.459999084472656,10508600
2019-12-02,54.310001373291016,54.439998626708984,53.54999923706055,53.619998931884766,20252700
2019-12-03,53.0099983215332,53.04999923706055,52.16999816894531,52.58000183105469,25560700
2019-12-04,52.599998474121094,53.47999954223633,52.540000915527344,53.2400016784668,18867400
2019-12-05,53.40999984741211,53.529998779296875,53.099998474121094,53.22999954223633,13499700
2019-12-06,53.86000061035156,54.40999984741211,53.689998626708984,54.369998931884766,18325700
2019-12-09,54.16999816894531,54.54999923706055,53.90999984741211,53.91999816894531,15070800
2019-12-10,53.4900016784668,53.869998931884766,53.380001068115234,53.689998626708984,15959100
2019-12-11,53.7400016784668,53.97999954223633,53.06999969482422,53.16999816894531,16834200
2019-12-12,53.369998931884766,54.54999923706055,53.099998474121094,54.36000061035156,19119500
2019-12-13,54.04999923706055,54.41999816894531,53.43000030517578,53.790000915527344,19179300
2019-12-16,54.2400016784668,54.560001373291016,54.220001220703125,54.220001220703125,19793500
2019-12-17,54.11000061035156,54.5099983215332,53.9900016784668,54.34000015258789,16723400
2019-12-18,54.459999084472656,54.459999084472656,53.630001068115234,53.66999816894531,18857000
2019-12-19,53.7400016784668,53.83000183105469,53.41999816894531,53.630001068115234,18133300
2019-12-20,54.04999923706055,54.04999923706055,53.06999969482422,53.33000183105469,66318000
2019-12-23,53.34000015258789,54.0,53.25,53.810001373291016,17637700
2019-12-24,53.95000076293945,54.040000915527344,53.7400016784668,53.81999969482422,4635500
2019-12-26,54.04999923706055,54.38999938964844,53.95000076293945,54.150001525878906,12517100
2019-12-27,54.290000915527344,54.31999969482422,53.869998931884766,53.91999816894531,9892000
2019-12-30,54.16999816894531,54.2599983215332,53.5,53.599998474121094,10900500
2019-12-31,53.529998779296875,53.81999969482422,53.459999084472656,53.79999923706055,12566000
2020-01-02,53.849998474121094,54.040000915527344,53.5099983215332,53.75,16803100
2020-01-03,53.11000061035156,53.619998931884766,52.900001525878906,53.41999816894531,15608800
2020-01-06,52.7400016784668,53.20000076293945,52.720001220703125,53.099998474121094,13200300
2020-01-07,53.04999923706055,53.04999923706055,52.470001220703125,52.65999984741211,13278600
2020-01-08,52.84000015258789,53.33000183105469,52.79999923706055,52.81999969482422,16585600
2020-01-09,53.20000076293945,53.20000076293945,52.47999954223633,52.72999954223633,20817400
2020-01-10,52.790000915527344,52.900001525878906,52.47999954223633,52.5,13777600
2020-01-13,52.5,52.5,51.83000183105469,52.11000061035156,25197600
2020-01-14,50.22999954223633,50.7400016784668,49.25,49.29999923706055,56668300
2020-01-15,48.83000183105469,48.84000015258789,47.97999954223633,48.31999969482422,47148000
2020-01-16,48.459999084472656,49.31999969482422,47.84000015258789,49.25,37020200
2020-01-17,49.369998931884766,49.41999816894531,48.529998779296875,49.18000030517578,29669200
2020-01-21,49.09000015258789,49.880001068115234,48.79999923706055,48.939998626708984,30858300
2020-01-22,49.029998779296875,49.09000015258789,48.290000915527344,48.560001373291016,20367700
2020-01-23,48.38999938964844,48.45000076293945,47.97999954223633,48.220001220703125,17297900
2020-01-24,48.189998626708984,48.209999084472656,47.18000030517578,47.56999969482422,21239600
2020-01-27,46.88999938964844,47.41999816894531,46.7400016784668,47.099998474121094,18156200
2020-01-28,47.5099983215332,47.790000915527344,47.279998779296875,47.369998931884766,16673300
2020-01-29,47.41999816894531,47.900001525878906,47.2599983215332,47.27000045776367,16166300
2020-01-30,47.16999816894531,47.95000076293945,47.040000915527344,47.90999984741211,14760200
2020-01-31,47.41999816894531,47.45000076293945,46.75,46.939998626708984,23080400
2020-02-03,47.2400016784668,47.720001220703125,47.029998779296875,47.119998931884766,15471100
2020-02-04,47.70000076293945,47.84000015258789,47.25,47.2599983215332,14973300
2020-02-05,47.900001525878906,48.400001525878906,47.779998779296875,48.310001373291016,20141800
2020-02-06,48.439998626708984,48.5,47.849998474121094,47.97999954223633,18259200
2020-02-07,47.72999954223633,48.0,47.47999954223633,47.84000015258789,13174600
2020-02-10,47.66999816894531,47.86000061035156,47.41999816894531,47.77000045776367,18124800
2020-02-11,48.08000183105469,48.34000015258789,47.939998626708984,47.9900016784668,13686100
2020-02-12,48.220001220703125,48.4900016784668,47.7599983215332,47.790000915527344,16668100
2020-02-13,47.619998931884766,48.18000030517578,47.54999923706055,48.119998931884766,12530000
2020-02-14,48.13999938964844,48.31999969482422,47.75,48.220001220703125,15526400
2020-02-18,47.970001220703125,48.119998931884766,46.529998779296875,46.9900016784668,22423800
2020-02-19,47.25,47.349998474121094,46.97999954223633,47.09000015258789,15602500
2020-02-20,47.0,47.40999984741211,46.68000030517578,47.34000015258789,15965500
2020-02-21,47.47999954223633,47.849998474121094,47.099998474121094,47.70000076293945,21729100
2020-02-24,46.58000183105469,46.95000076293945,46.2599983215332,46.38999938964844,23075900
2020-02-25,46.290000915527344,46.66999816894531,44.959999084472656,45.119998931884766,31110100
2020-02-26,45.47999954223633,45.650001525878906,44.130001068115234,44.13999938964844,27372600
2020-02-27,43.31999969482422,44.31999969482422,42.43000030517578,42.470001220703125,41180000
2020-02-28,41.310001373291016,41.869998931884766,39.75,40.849998474121094,71703000
2020-03-02,40.97999954223633,42.279998779296875,39.459999084472656,42.2599983215332,44231200
2020-03-03,42.060001373291016,42.900001525878906,40.029998779296875,40.529998779296875,45091000
2020-03-04,41.0099983215332,41.43000030517578,39.959999084472656,41.400001525878906,33881500
2020-03-05,40.0,40.0099983215332,38.56999969482422,38.900001525878906,45037900
2020-03-06,37.0,37.68000030517578,36.33000183105469,37.09000015258789,56766500
2020-03-09,33.720001220703125,34.47999954223633,32.220001220703125,32.47999954223633,53277200
2020-03-10,34.630001068115234,35.08000183105469,32.279998779296875,35.08000183105469,40078700
2020-03-11,34.04999923706055,34.27000045776367,32.0099983215332,32.33000183105469,44769500
2020-03-12,29.809999465942383,30.860000610351562,27.1200008392334,27.200000762939453,68447600
2020-03-13,30.149999618530273,31.760000228881836,27.770000457763672,30.889999389648438,78365700
2020-03-16,26.34000015258789,29.229999542236328,26.299999237060547,26.5,57466700
2020-03-17,27.6299991607666,30.6200008392334,25.889999389648438,29.6299991607666,58112800
2020-03-18,27.700000762939453,28.889999389648438,26.899999618530273,28.1200008392334,51904100
2020-03-19,27.65999984741211,29.110000610351562,26.290000915527344,28.290000915527344,53123500
2020-03-20,28.68000030517578,28.75,26.18000030517578,26.5,73915800
2020-03-23,26.260000228881836,26.8700008392334,25.110000610351562,25.25,47064100
2020-03-24,26.959999084472656,29.170000076293945,26.329999923706055,28.920000076293945,48630300
2020-03-25,29.0,30.299999237060547,27.770000457763672,28.969999313354492,53341100
2020-03-26,29.329999923706055,31.389999389648438,29.079999923706055,30.899999618530273,45494700
2020-03-27,30.020000457763672,31.290000915527344,29.079999923706055,30.280000686645508,38942800
2020-03-30,30.360000610351562,30.479999542236328,28.889999389648438,29.920000076293945,41232800
2020-03-31,29.40999984741211,29.75,28.15999984741211,28.700000762939453,36920300
2020-04-01,27.020000457763672,27.3700008392334,26.200000762939453,26.56999969482422,48497400
2020-04-02,26.469999313354492,27.530000686645508,26.3799991607666,27.219999313354492,33113500
2020-04-03,27.0,27.360000610351562,25.90999984741211,26.229999542236328,32735800
2020-04-06,27.40999984741211,28.829999923706055,27.399999618530273,28.6299991607666,36056100
2020-04-07,30.75,30.780000686645508,28.709999084472656,28.770000457763672,39229900
2020-04-08,29.34000015258789,30.479999542236328,28.68000030517578,30.280000686645508,42213700
2020-04-09,31.1200008392334,33.90999984741211,31.100000381469727,33.20000076293945,62462000
2020-04-13,33.220001220703125,33.2400016784668,31.40999984741211,31.43000030517578,36068900
2020-04-14,32.11000061035156,32.5,29.559999465942383,30.18000030517578,64267100
2020-04-15,28.770000457763672,29.110000610351562,28.219999313354492,28.440000534057617,41883900
2020-04-16,28.280000686645508,28.280000686645508,26.65999984741211,26.889999389648438,52962100
2020-04-17,28.149999618530273,28.780000686645508,27.799999237060547,28.3799991607666,46985000
2020-04-20,27.329999923706055,28.889999389648438,26.920000076293945,27.68000030517578,45441600
2020-04-21,26.899999618530273,27.25,26.5,26.84000015258789,41918700
2020-04-22,27.5,27.579999923706055,26.700000762939453,26.799999237060547,28043300
2020-04-23,26.950000762939453,27.209999084472656,26.420000076293945,26.530000686645508,38331500
2020-04-24,26.799999237060547,27.290000915527344,26.3700008392334,26.920000076293945,35135900
2020-04-27,27.3700008392334,28.579999923706055,27.15999984741211,28.40999984741211,39606100
2020-04-28,29.600000381469727,29.920000076293945,28.59000015258789,28.8700008392334,35188000
2020-04-29,30.100000381469727,30.459999084472656,29.649999618530273,30.0,38515200
2020-04-30,29.31999969482422,29.610000610351562,28.600000381469727,29.049999237060547,29506100
2020-05-01,28.5,28.530000686645508,27.280000686645508,27.59000015258789,35197600
2020-05-04,26.959999084472656,27.450000762939453,26.600000381469727,27.350000381469727,34343900
2020-05-05,27.520000457763672,27.799999237060547,26.25,26.31999969482422,56753400
2020-05-06,26.459999084472656,26.649999618530273,25.399999618530273,25.610000610351562,57732900
2020-05-07,25.59000015258789,26.100000381469727,25.139999389648438,25.229999542236328,52387000
2020-05-08,25.639999389648438,25.780000686645508,25.229999542236328,25.43000030517578,53725300
2020-05-11,25.110000610351562,25.229999542236328,24.600000381469727,24.780000686645508,51444200
2020-05-12,24.959999084472656,25.270000457763672,24.0,24.040000915527344,53560500
2020-05-13,23.950000762939453,23.950000762939453,22.0,22.530000686645508,90209900
2020-05-14,22.1299991607666,24.59000015258789,22.020000457763672,24.059999465942383,87965500
2020-05-15,23.690000534057617,23.829999923706055,23.079999923706055,23.360000610351562,51616700
2020-05-18,24.549999237060547,25.59000015258789,24.34000015258789,25.40999984741211,55684400
2020-05-19,25.0,25.149999618530273,23.920000076293945,23.950000762939453,48234300
2020-05-20,24.489999771118164,24.739999771118164,24.360000610351562,24.520000457763672,45297100
2020-05-21,24.389999389648438,24.850000381469727,24.31999969482422,24.459999084472656,28376500
2020-05-22,24.440000534057617,24.489999771118164,23.920000076293945,24.170000076293945,30415300
2020-05-26,25.049999237060547,26.510000228881836,25.040000915527344,26.260000228881836,57720300
2020-05-27,27.799999237060547,28.260000228881836,26.84000015258789,27.950000762939453,61963000
2020-05-28,28.31999969482422,28.3700008392334,27.1200008392334,27.219999313354492,51490200
2020-05-29,26.5,27.06999969482422,26.09000015258789,26.469999313354492,51336900
2020-06-01,26.610000610351562,27.59000015258789,26.3700008392334,27.09000015258789,34201700
2020-06-02,27.579999923706055,27.989999771118164,27.15999984741211,27.399999618530273,39058000
2020-06-03,28.389999389648438,29.190000534057617,28.34000015258789,28.829999923706055,50814000
2020-06-04,29.479999542236328,30.25,28.639999389648438,30.219999313354492,61839200
2020-06-05,33.88999938964844,33.88999938964844,31.459999084472656,31.670000076293945,107651200
2020-06-08,32.900001525878906,33.43000030517578,32.27000045776367,33.31999969482422,69051300
2020-06-09,32.439998626708984,33.08000183105469,31.510000228881836,32.630001068115234,51480400
2020-06-10,32.29999923706055,32.33000183105469,29.649999618530273,29.709999084472656,82090000
2020-06-11,27.200000762939453,28.43000030517578,26.700000762939453,26.790000915527344,75621300
2020-06-12,28.0,28.229999542236328,27.350000381469727,27.969999313354492,51301200
2020-06-15,26.860000610351562,28.389999389648438,26.559999465942383,28.209999084472656,48311400
2020-06-16,29.43000030517578,29.649999618530273,27.770000457763672,28.520000457763672,52985600
2020-06-17,28.5,28.549999237060547,27.350000381469727,27.450000762939453,38660800
2020-06-18,27.100000381469727,27.93000030517578,26.93000030517578,27.549999237060547,33670200
2020-06-19,28.0,28.049999237060547,27.010000228881836,27.600000381469727,71903000
2020-06-22,27.270000457763672,27.6299991607666,26.889999389648438,27.350000381469727,32808300
2020-06-23,27.780000686645508,28.290000915527344,27.190000534057617,27.229999542236328,47279100
2020-06-24,26.959999084472656,27.030000686645508,25.989999771118164,26.1200008392334,57380900
2020-06-25,25.959999084472656,27.40999984741211,25.889999389648438,27.3700008392334,45102200
2020-06-26,26.100000381469727,26.399999618530273,25.25,25.34000015258789,81172300
2020-06-29,25.59000015258789,25.899999618530273,25.260000228881836,25.700000762939453,43769200
2020-06-30,25.209999084472656,25.8700008392334,25.170000076293945,25.600000381469727,46610000
2020-07-01,25.729999542236328,25.959999084472656,24.93000030517578,25.09000015258789,37509300
2020-07-02,25.75,26.170000076293945,25.100000381469727,25.34000015258789,37013300
2020-07-06,25.81999969482422,26.020000457763672,24.979999542236328,25.489999771118164,46983100
2020-07-07,25.200000762939453,25.219999313354492,24.34000015258789,24.459999084472656,36920500
2020-07-08,24.440000534057617,24.780000686645508,24.06999969482422,24.549999237060547,38413400
2020-07-09,24.5,24.780000686645508,23.709999084472656,24.040000915527344,38118900
2020-07-10,24.18000030517578,25.530000686645508,24.149999618530273,25.469999313354492,56483300
2020-07-13,25.81999969482422,26.040000915527344,24.940000534057617,25.40999984741211,51038800
2020-07-14,23.920000076293945,24.389999389648438,23.329999923706055,24.25,118952600
2020-07-15,24.979999542236328,25.549999237060547,24.84000015258789,25.350000381469727,61714300
2020-07-16,24.90999984741211,26.09000015258789,24.81999969482422,25.459999084472656,48676800
2020-07-17,25.489999771118164,25.639999389648438,24.860000610351562,24.950000762939453,39184100
2020-07-20,24.719999313354492,24.8799991607666,24.399999618530273,24.56999969482422,38682200
2020-07-21,24.75,26.280000686645508,24.709999084472656,26.200000762939453,58395200
2020-07-22,26.1299991607666,26.350000381469727,25.81999969482422,26.260000228881836,41030500
2020-07-23,26.15999984741211,26.510000228881836,25.700000762939453,26.350000381469727,50791000
2020-07-24,26.469999313354492,26.850000381469727,26.200000762939453,26.260000228881836,39357000
2020-07-27,26.020000457763672,26.020000457763672,25.25,25.489999771118164,34761000
2020-07-28,25.329999923706055,25.700000762939453,25.329999923706055,25.530000686645508,30505200
2020-07-29,25.450000762939453,25.81999969482422,25.0,25.780000686645508,31442100
2020-07-30,25.190000534057617,25.239999771118164,24.5,24.649999618530273,51019200
2020-07-31,24.5,24.65999984741211,24.079999923706055,24.260000228881836,45537900
2020-08-03,24.25,24.5,23.899999618530273,24.290000915527344,27863700
2020-08-04,24.200000762939453,24.290000915527344,24.030000686645508,24.219999313354492,28106900
2020-08-05,24.399999618530273,24.75,24.34000015258789,24.399999618530273,32935400
2020-08-06,24.200000762939453,24.5,24.1200008392334,24.239999771118164,44670300
2020-08-07,24.1299991607666,25.219999313354492,24.0,25.06999969482422,46272400
2020-08-10,25.219999313354492,25.479999542236328,24.219999313354492,24.700000762939453,50602600
2020-08-11,25.290000915527344,26.139999389648438,25.200000762939453,25.31999969482422,55000100
2020-08-12,25.979999542236328,26.139999389648438,24.719999313354492,25.190000534057617,42868500
2020-08-13,24.950000762939453,25.229999542236328,24.68000030517578,25.020000457763672,27387800
2020-08-14,24.790000915527344,25.489999771118164,24.639999389648438,25.299999237060547,26743400
2020-08-17,25.030000686645508,25.139999389648438,24.440000534057617,24.469999313354492,36661700
2020-08-18,24.420000076293945,24.450000762939453,24.010000228881836,24.040000915527344,29680700
2020-08-19,24.010000228881836,24.389999389648438,23.84000015258789,24.06999969482422,33667800
2020-08-20,23.739999771118164,23.940000534057617,23.600000381469727,23.75,36022100
2020-08-21,23.639999389648438,23.90999984741211,23.520000457763672,23.639999389648438,27198000
2020-08-24,23.799999237060547,24.510000228881836,23.610000610351562,24.489999771118164,36906700
2020-08-25,24.739999771118164,24.889999389648438,24.299999237060547,24.610000610351562,35077300
2020-08-26,24.510000228881836,24.579999923706055,24.040000915527344,24.040000915527344,28348200
2020-08-27,23.989999771118164,24.780000686645508,23.969999313354492,24.59000015258789,36706600
2020-08-28,24.75,24.770000457763672,24.350000381469727,24.690000534057617,25797300
2020-08-31,24.489999771118164,24.510000228881836,24.09000015258789,24.149999618530273,27615500
2020-09-01,24.020000457763672,24.34000015258789,23.739999771118164,24.049999237060547,30508800
2020-09-02,24.010000228881836,24.65999984741211,23.93000030517578,24.56999969482422,40334000
2020-09-03,24.799999237060547,25.360000610351562,24.299999237060547,24.520000457763672,42349300
2020-09-04,25.0,25.190000534057617,24.25,24.790000915527344,48745000
2020-09-08,24.280000686645508,24.549999237060547,23.739999771118164,23.969999313354492,49082900
2020-09-09,24.010000228881836,24.06999969482422,23.700000762939453,23.84000015258789,49427900
2020-09-10,24.030000686645508,24.670000076293945,23.860000610351562,23.950000762939453,54211700
2020-09-11,23.920000076293945,24.31999969482422,23.709999084472656,24.270000457763672,34861100
2020-09-14,24.3799991607666,24.969999313354492,24.229999542236328,24.809999465942383,49787100
2020-09-15,24.959999084472656,25.040000915527344,24.559999465942383,24.8799991607666,41954800
2020-09-16,24.8700008392334,26.0,24.75,25.709999084472656,51768200
2020-09-17,25.229999542236328,25.43000030517578,24.899999618530273,25.110000610351562,51531300
2020-09-18,24.940000534057617,25.399999618530273,24.899999618530273,25.1299991607666,115153200
2020-09-21,24.450000762939453,24.520000457763672,23.719999313354492,24.040000915527344,56188400
2020-09-22,23.979999542236328,24.360000610351562,23.530000686645508,23.649999618530273,39839500
2020-09-23,23.780000686645508,24.1299991607666,22.829999923706055,22.829999923706055,45697700
2020-09-24,22.959999084472656,23.719999313354492,22.559999465942383,23.31999969482422,43329100
2020-09-25,23.1200008392334,23.709999084472656,23.010000228881836,23.639999389648438,30229900
2020-09-28,23.989999771118164,24.270000457763672,23.760000228881836,23.81999969482422,41103500
2020-09-29,23.719999313354492,23.719999313354492,23.06999969482422,23.260000228881836,38416300
2020-09-30,23.360000610351562,23.8700008392334,23.25,23.510000228881836,43071500
2020-10-01,23.56999969482422,23.809999465942383,23.15999984741211,23.559999465942383,38879800
2020-10-02,23.149999618530273,24.09000015258789,23.079999923706055,23.989999771118164,26238600
2020-10-05,24.219999313354492,24.600000381469727,24.219999313354492,24.450000762939453,22607500
2020-10-06,24.68000030517578,25.0,24.040000915527344,24.18000030517578,30991300
2020-10-07,24.420000076293945,24.93000030517578,24.389999389648438,24.809999465942383,34647300
2020-10-08,24.8799991607666,25.329999923706055,24.670000076293945,25.299999237060547,26483400
2020-10-09,25.389999389648438,25.510000228881836,25.010000228881836,25.299999237060547,28211300
2020-10-12,25.200000762939453,25.739999771118164,25.149999618530273,25.68000030517578,25855600
2020-10-13,25.420000076293945,25.5,24.700000762939453,24.739999771118164,29939600
2020-10-14,24.270000457763672,24.43000030517578,23.229999542236328,23.25,75388100
2020-10-15,23.059999465942383,23.09000015258789,22.75,22.950000762939453,60328600
2020-10-16,23.010000228881836,23.229999542236328,22.610000610351562,22.860000610351562,43141200
2020-10-19,22.889999389648438,22.90999984741211,22.510000228881836,22.540000915527344,37423600
2020-10-20,22.729999542236328,23.1299991607666,22.690000534057617,22.809999465942383,34751200
2020-10-21,22.81999969482422,22.950000762939453,22.600000381469727,22.700000762939453,29528300
2020-10-22,22.65999984741211,23.31999969482422,22.610000610351562,23.25,32238300
2020-10-23,23.579999923706055,23.59000015258789,23.1200008392334,23.280000686645508,24558300
2020-10-26,22.969999313354492,23.020000457763672,22.600000381469727,22.700000762939453,34034100
2020-10-27,22.610000610351562,22.610000610351562,21.81999969482422,21.81999969482422,49636500
2020-10-28,21.229999542236328,21.479999542236328,20.799999237060547,21.18000030517578,54835900
2020-10-29,21.049999237060547,21.3799991607666,20.760000228881836,21.139999389648438,46184000
2020-10-30,21.100000381469727,21.459999084472656,20.84000015258789,21.450000762939453,34592400
2020-11-02,21.700000762939453,21.979999542236328,21.190000534057617,21.899999618530273,38401200
2020-11-03,22.309999465942383,22.5,21.989999771118164,22.09000015258789,38427000
2020-11-04,21.75,22.559999465942383,21.170000076293945,21.8799991607666,47203200
2020-11-05,21.889999389648438,22.56999969482422,21.860000610351562,22.329999923706055,38319700
2020-11-06,22.5,22.56999969482422,21.84000015258789,21.90999984741211,29502900
2020-11-09,24.030000686645508,24.8700008392334,23.299999237060547,24.219999313354492,102118900
2020-11-10,24.360000610351562,24.3700008392334,23.860000610351562,24.190000534057617,49029100
2020-11-11,24.229999542236328,24.540000915527344,24.010000228881836,24.190000534057617,38309200
2020-11-12,23.90999984741211,24.149999618530273,23.559999465942383,23.809999465942383,34505900
2020-11-13,23.90999984741211,24.18000030517578,23.729999542236328,24.06999969482422,30056100
2020-11-16,24.989999771118164,25.030000686645508,24.389999389648438,24.899999618530273,36954800
2020-11-17,24.530000686645508,25.149999618530273,24.520000457763672,25.040000915527344,29490400
2020-11-18,25.149999618530273,25.950000762939453,25.059999465942383,25.059999465942383,44318300
2020-11-19,25.190000534057617,26.219999313354492,24.969999313354492,26.15999984741211,44560000
2020-11-20,26.040000915527344,26.229999542236328,25.459999084472656,25.479999542236328,38469100
2020-11-23,25.950000762939453,26.440000534057617,25.8700008392334,26.299999237060547,40691400
2020-11-24,27.459999084472656,28.729999542236328,27.34000015258789,28.610000610351562,80523400
2020-11-25,28.329999923706055,28.690000534057617,28.0,28.59000015258789,38875500
2020-11-27,28.59000015258789,28.6299991607666,28.18000030517578,28.459999084472656,20281400
2020-11-30,28.43000030517578,28.559999465942383,27.280000686645508,27.350000381469727,48211000
2020-12-01,28.149999618530273,28.68000030517578,28.040000915527344,28.059999465942383,41924200
2020-12-02,27.989999771118164,28.989999771118164,27.850000381469727,28.8700008392334,35508000
2020-12-03,28.940000534057617,29.489999771118164,28.790000915527344,29.15999984741211,41264600
2020-12-04,29.5,29.969999313354492,29.34000015258789,29.549999237060547,47168800
2020-12-07,29.420000076293945,29.6299991607666,29.06999969482422,29.34000015258789,31713000
2020-12-08,29.030000686645508,29.299999237060547,28.399999618530273,28.940000534057617,32209500
2020-12-09,29.239999771118164,29.239999771118164,28.610000610351562,29.049999237060547,35276000
2020-12-10,28.719999313354492,29.559999465942383,28.540000915527344,29.489999771118164,31730200
2020-12-11,29.020000457763672,29.389999389648438,28.670000076293945,29.079999923706055,29779100
2020-12-14,29.540000915527344,29.780000686645508,28.510000228881836,28.639999389648438,28378000
2020-12-15,29.1299991607666,29.770000457763672,28.899999618530273,29.729999542236328,38866200
2020-12-16,29.639999389648438,29.90999984741211,29.479999542236328,29.649999618530273,35204800
2020-12-17,29.799999237060547,29.899999618530273,29.440000534057617,29.469999313354492,42870500
2020-12-18,29.469999313354492,29.6200008392334,28.799999237060547,29.010000228881836,53716400
2020-12-21,29.56999969482422,29.889999389648438,28.84000015258789,29.549999237060547,52731600
2020-12-22,29.649999618530273,29.719999313354492,28.950000762939453,28.959999084472656,25655900
2020-12-23,29.280000686645508,30.489999771118164,29.270000457763672,30.350000381469727,38383700
2020-12-24,30.290000915527344,30.3799991607666,29.65999984741211,29.84000015258789,14443700
2020-12-28,30.079999923706055,30.479999542236328,29.90999984741211,29.93000030517578,21658500
2020-12-29,30.149999618530273,30.170000076293945,29.75,29.780000686645508,19584400
2020-12-30,29.799999237060547,30.040000915527344,29.649999618530273,29.75,18519300
2020-12-31,29.75,30.239999771118164,29.670000076293945,30.18000030517578,21081200
2021-01-04,30.31999969482422,30.440000534057617,29.399999618530273,29.700000762939453,31421600
2021-01-05,30.09000015258789,30.950000762939453,29.81999969482422,30.530000686645508,37360000
2021-01-06,31.899999618530273,33.0,31.790000915527344,32.689998626708984,73507500
2021-01-07,33.58000183105469,34.20000076293945,33.31999969482422,33.43000030517578,50634100
2021-01-08,33.61000061035156,33.650001525878906,32.66999816894531,33.189998626708984,32324700
2021-01-11,32.63999938964844,33.560001373291016,32.31999969482422,33.2400016784668,33739300
2021-01-12,34.0,34.52000045776367,33.65999984741211,33.939998626708984,59146400
2021-01-13,33.81999969482422,34.2599983215332,33.630001068115234,33.79999923706055,35734800
2021-01-14,34.06999969482422,35.099998474121094,34.0099983215332,34.75,55856900
2021-01-15,33.08000183105469,33.5,31.81999969482422,32.040000915527344,91993100
2021-01-19,32.40999984741211,33.040000915527344,32.279998779296875,32.630001068115234,43806800
2021-01-20,32.779998779296875,32.83000183105469,32.29999923706055,32.459999084472656,29949800
2021-01-21,32.31999969482422,32.43000030517578,31.920000076293945,32.0,28240600
2021-01-22,31.34000015258789,32.060001373291016,31.149999618530273,31.899999618530273,24476100
2021-01-25,31.8799991607666,32.349998474121094,31.6200008392334,32.2400016784668,28515500
2021-01-26,32.4900016784668,32.529998779296875,31.360000610351562,31.3799991607666,28026500
2021-01-27,30.920000076293945,31.030000686645508,29.920000076293945,30.170000076293945,45074900
2021-01-28,30.530000686645508,31.049999237060547,30.309999465942383,30.809999465942383,28770200
2021-01-29,30.770000457763672,31.190000534057617,29.81999969482422,29.8799991607666,39500800
2021-02-01,30.139999389648438,30.219999313354492,29.68000030517578,29.989999771118164,23713400
2021-02-02,30.459999084472656,31.190000534057617,30.3799991607666,30.75,25302900
2021-02-03,30.719999313354492,31.770000457763672,30.610000610351562,31.700000762939453,28507800
2021-02-04,31.8700008392334,32.849998474121094,31.799999237060547,32.65999984741211,30825400
2021-02-05,33.0,33.189998626708984,32.5099983215332,32.560001373291016,24908100
2021-02-08,32.779998779296875,33.56999969482422,30.770000457763672,33.400001525878906,29223800
2021-02-09,33.209999084472656,33.40999984741211,32.90999984741211,33.2599983215332,23539800
2021-02-10,33.47999954223633,33.689998626708984,33.09000015258789,33.20000076293945,22687000
2021-02-11,33.20000076293945,33.34000015258789,32.369998931884766,32.720001220703125,22393200
2021-02-12,32.650001525878906,33.619998931884766,32.650001525878906,33.529998779296875,34473100
2021-02-16,34.06999969482422,34.93000030517578,34.0,34.790000915527344,36468200
2021-02-17,34.34000015258789,37.45000076293945,34.029998779296875,36.59000015258789,80157700
2021-02-18,36.439998626708984,37.36000061035156,36.18000030517578,36.959999084472656,43334700
2021-02-19,37.130001068115234,37.849998474121094,37.029998779296875,37.83000183105469,39023000
2021-02-22,37.66999816894531,37.91999816894531,37.099998474121094,37.2599983215332,34690000
2021-02-23,37.59000015258789,37.77000045776367,36.599998474121094,37.13999938964844,36792500
2021-02-24,37.2400016784668,38.34000015258789,37.13999938964844,38.290000915527344,42764300
2021-02-25,38.68000030517578,38.68000030517578,37.29999923706055,37.560001373291016,37233100
2021-02-26,37.099998474121094,37.40999984741211,35.93000030517578,36.16999816894531,39468000
2021-03-01,37.11000061035156,37.41999816894531,36.7400016784668,37.09000015258789,28066100
2021-03-02,37.150001525878906,37.45000076293945,36.9900016784668,37.13999938964844,19701200
2021-03-03,37.349998474121094,38.65999984741211,37.349998474121094,37.689998626708984,35365100
2021-03-04,37.619998931884766,38.0,36.36000061035156,37.15999984741211,42932500
2021-03-05,37.869998931884766,38.119998931884766,36.34000015258789,37.43000030517578,34558300
2021-03-08,38.130001068115234,38.880001068115234,37.77000045776367,38.66999816894531,38255200
2021-03-09,38.16999816894531,38.79999923706055,37.47999954223633,38.130001068115234,35854100
2021-03-10,38.68000030517578,39.70000076293945,38.279998779296875,39.58000183105469,38437200
2021-03-11,39.220001220703125,39.59000015258789,38.61000061035156,38.880001068115234,30598700
2021-03-12,39.5,40.02000045776367,39.41999816894531,39.970001220703125,28754000
2021-03-15,40.06999969482422,40.22999954223633,39.16999816894531,39.70000076293945,25892200
2021-03-16,39.369998931884766,39.4900016784668,38.720001220703125,39.349998474121094,24668300
2021-03-17,39.68000030517578,40.439998626708984,39.209999084472656,39.84000015258789,33537000
2021-03-18,40.150001525878906,41.540000915527344,40.150001525878906,40.810001373291016,57420600
2021-03-19,39.939998626708984,40.06999969482422,39.220001220703125,39.630001068115234,60291800
2021-03-22,39.279998779296875,39.310001373291016,38.619998931884766,38.970001220703125,32206000
2021-03-23,38.5,39.04999923706055,38.04999923706055,38.2400016784668,32494400
2021-03-24,38.36000061035156,39.02000045776367,38.11000061035156,38.119998931884766,24201700
2021-03-25,37.970001220703125,39.36000061035156,37.779998779296875,39.29999923706055,28773000
2021-03-26,39.900001525878906,40.22999954223633,39.16999816894531,39.7599983215332,29156100
2021-03-29,38.58000183105469,39.349998474121094,37.900001525878906,38.439998626708984,38426900
2021-03-30,38.540000915527344,40.08000183105469,38.470001220703125,39.38999938964844,36134200
2021-03-31,39.27000045776367,39.630001068115234,38.91999816894531,39.06999969482422,25832800
2021-04-01,38.959999084472656,39.650001525878906,38.91999816894531,39.630001068115234,22706900
2021-04-05,40.029998779296875,40.33000183105469,39.31999969482422,39.47999954223633,21293400
2021-04-06,39.41999816894531,39.900001525878906,39.2599983215332,39.849998474121094,20969600
2021-04-07,39.84000015258789,40.09000015258789,39.630001068115234,39.9900016784668,19393200
2021-04-08,39.869998931884766,40.20000076293945,39.33000183105469,40.029998779296875,20845000
2021-04-09,40.34000015258789,40.790000915527344,40.25,40.5,28363600
2021-04-12,40.459999084472656,40.88999938964844,40.400001525878906,40.77000045776367,21093000
2021-04-13,40.5,40.5099983215332,39.70000076293945,39.790000915527344,29333200
2021-04-14,39.70000076293945,42.18000030517578,39.060001373291016,41.9900016784668,64926900
2021-04-15,42.099998474121094,42.2599983215332,41.029998779296875,42.2400016784668,44146300
2021-04-16,42.66999816894531,44.130001068115234,42.58000183105469,43.84000015258789,57060200
2021-04-19,43.61000061035156,44.400001525878906,43.380001068115234,43.880001068115234,39124200
2021-04-20,43.400001525878906,43.400001525878906,42.349998474121094,42.540000915527344,29734000
2021-04-21,42.2400016784668,43.36000061035156,41.77000045776367,43.2400016784668,27258000
2021-04-22,43.2599983215332,43.52000045776367,42.68000030517578,42.70000076293945,24638300
2021-04-23,42.709999084472656,44.18000030517578,42.630001068115234,43.86000061035156,28024200
2021-04-26,44.130001068115234,44.68000030517578,43.9900016784668,44.13999938964844,24606600
2021-04-27,44.38999938964844,45.220001220703125,44.20000076293945,45.09000015258789,29130200
2021-04-28,45.150001525878906,45.66999816894531,44.93000030517578,45.08000183105469,20795100
2021-04-29,45.619998931884766,46.38999938964844,45.52000045776367,46.2400016784668,26880700
2021-04-30,45.79999923706055,46.02000045776367,44.86000061035156,45.04999923706055,34176500
2021-05-03,45.45000076293945,45.650001525878906,45.06999969482422,45.47999954223633,16522700
2021-05-04,45.2599983215332,45.84000015258789,44.66999816894531,45.7400016784668,26137600
2021-05-05,45.93000030517578,46.20000076293945,45.470001220703125,45.939998626708984,19620200
2021-05-06,46.11000061035156,46.689998626708984,45.70000076293945,46.630001068115234,34271500
2021-05-07,45.93000030517578,46.619998931884766,45.54999923706055,46.540000915527344,25140400
2021-05-10,46.84000015258789,47.349998474121094,46.59000015258789,46.599998474121094,28193100
2021-05-11,46.02000045776367,46.880001068115234,45.5099983215332,45.720001220703125,31478500
2021-05-12,46.83000183105469,47.15999984741211,45.47999954223633,45.63999938964844,33392900
2021-05-13,45.4900016784668,46.790000915527344,45.310001373291016,46.400001525878906,23553400
2021-05-14,46.599998474121094,47.11000061035156,46.470001220703125,46.959999084472656,17078500
2021-05-17,46.91999816894531,47.97999954223633,46.79999923706055,47.900001525878906,25212800
2021-05-18,47.900001525878906,48.130001068115234,46.83000183105469,46.86000061035156,24126000
2021-05-19,45.939998626708984,46.31999969482422,45.369998931884766,46.16999816894531,28911100
2021-05-20,46.06999969482422,46.18000030517578,45.27000045776367,45.72999954223633,26107000
2021-05-21,45.970001220703125,46.29999923706055,45.779998779296875,45.880001068115234,27312700
2021-05-24,46.0,46.5099983215332,45.7599983215332,46.2400016784668,25707400
2021-05-25,46.38999938964844,47.02000045776367,46.040000915527344,46.09000015258789,29415300
2021-05-26,46.11000061035156,46.599998474121094,45.599998474121094,46.400001525878906,26170600
2021-05-27,46.9900016784668,47.380001068115234,46.310001373291016,46.7599983215332,42572900
2021-05-28,46.849998474121094,46.880001068115234,46.279998779296875,46.720001220703125,15760100
2021-06-01,47.15999984741211,47.40999984741211,46.790000915527344,47.2599983215332,17878600
2021-06-02,47.380001068115234,47.459999084472656,46.58000183105469,46.810001373291016,18492600
2021-06-03,46.689998626708984,47.0,46.349998474121094,46.459999084472656,20206400
2021-06-04,47.060001373291016,47.099998474121094,46.5099983215332,46.959999084472656,18190300
2021-06-07,47.099998474121094,47.18000030517578,46.779998779296875,47.11000061035156,16644300
2021-06-08,46.7400016784668,47.0099983215332,46.29999923706055,46.61000061035156,21271700
2021-06-09,46.2400016784668,46.34000015258789,45.630001068115234,45.91999816894531,22617500
2021-06-10,46.470001220703125,46.650001525878906,45.0099983215332,45.09000015258789,21640000
2021-06-11,45.18000030517578,45.689998626708984,45.18000030517578,45.68000030517578,19389300
2021-06-14,45.61000061035156,45.880001068115234,44.84000015258789,45.150001525878906,25452300
2021-06-15,45.20000076293945,45.720001220703125,45.0,45.459999084472656,23865400
2021-06-16,44.95000076293945,45.959999084472656,44.31999969482422,45.56999969482422,38287700
2021-06-17,45.790000915527344,45.959999084472656,42.65999984741211,42.790000915527344,48910400
2021-06-18,41.68000030517578,42.310001373291016,41.470001220703125,41.75,61292200
2021-06-21,42.29999923706055,43.310001373291016,42.22999954223633,43.279998779296875,26444700
2021-06-22,43.40999984741211,43.869998931884766,42.86000061035156,43.540000915527344,26455200
2021-06-23,43.5,44.310001373291016,43.5,43.959999084472656,18778500
2021-06-24,44.2599983215332,45.41999816894531,44.209999084472656,45.18000030517578,27951000
2021-06-25,45.56999969482422,46.650001525878906,45.220001220703125,46.380001068115234,49074700
2021-06-28,46.0,46.06999969482422,45.09000015258789,45.790000915527344,27127500
2021-06-29,46.040000915527344,46.380001068115234,44.599998474121094,44.790000915527344,39534000
2021-06-30,44.619998931884766,45.38999938964844,44.45000076293945,45.290000915527344,18168100
2021-07-01,45.47999954223633,45.63999938964844,44.970001220703125,45.40999984741211,18658000
2021-07-02,45.29999923706055,45.40999984741211,44.84000015258789,45.06999969482422,13218500
2021-07-06,44.72999954223633,44.81999969482422,43.29999923706055,43.4900016784668,25486900
2021-07-07,43.279998779296875,43.970001220703125,43.119998931884766,43.400001525878906,21884000
2021-07-08,42.58000183105469,42.95000076293945,41.970001220703125,42.31999969482422,29148700
2021-07-09,43.18000030517578,44.11000061035156,42.849998474121094,43.90999984741211,25055900
2021-07-12,43.279998779296875,44.25,42.959999084472656,44.15999984741211,17618900
2021-07-13,43.790000915527344,44.130001068115234,43.0099983215332,43.22999954223633,25387800
2021-07-14,43.599998474121094,45.130001068115234,42.5099983215332,44.95000076293945,49618000
2021-07-15,44.59000015258789,45.38999938964844,44.369998931884766,45.0,33388100
2021-07-16,45.40999984741211,45.529998779296875,44.11000061035156,44.279998779296875,27838200
2021-07-19,42.709999084472656,43.29999923706055,42.290000915527344,43.04999923706055,43362200
2021-07-20,43.0,45.150001525878906,42.869998931884766,44.84000015258789,34556200
2021-07-21,45.290000915527344,46.150001525878906,45.209999084472656,45.79999923706055,29654600
2021-07-22,45.84000015258789,45.95000076293945,44.79999923706055,45.029998779296875,23309500
2021-07-23,45.099998474121094,45.5099983215332,44.41999816894531,44.59000015258789,23946500
2021-07-26,44.470001220703125,45.2400016784668,44.470001220703125,45.0099983215332,22976700
2021-07-27,44.59000015258789,45.380001068115234,44.27000045776367,45.13999938964844,22124500
2021-07-28,45.380001068115234,46.040000915527344,44.97999954223633,45.5099983215332,23252800
2021-07-29,45.88999938964844,46.709999084472656,45.68000030517578,46.5,24487400
2021-07-30,46.2599983215332,46.849998474121094,45.72999954223633,45.939998626708984,25794000
2021-08-02,46.040000915527344,46.810001373291016,45.56999969482422,45.790000915527344,23960700
2021-08-03,45.97999954223633,46.939998626708984,45.11000061035156,46.83000183105469,24050300
2021-08-04,46.27000045776367,46.970001220703125,46.040000915527344,46.150001525878906,22178000
2021-08-05,46.04999923706055,47.0,46.0099983215332,46.9900016784668,28092600
2021-08-06,47.5,48.9900016784668,47.45000076293945,48.77000045776367,33583900
2021-08-09,48.65999984741211,49.34000015258789,48.290000915527344,48.650001525878906,29795200
2021-08-10,48.72999954223633,49.689998626708984,48.689998626708984,49.630001068115234,28708100
2021-08-11,49.630001068115234,50.72999954223633,49.16999816894531,50.65999984741211,29203900
2021-08-12,50.7599983215332,51.25,50.560001373291016,51.150001525878906,21729900
2021-08-13,51.209999084472656,51.40999984741211,50.18000030517578,50.369998931884766,15843300
2021-08-16,49.93000030517578,49.97999954223633,48.939998626708984,49.40999984741211,22615500
2021-08-17,48.880001068115234,49.369998931884766,48.029998779296875,48.709999084472656,16887000
2021-08-18,48.36000061035156,48.97999954223633,47.900001525878906,47.970001220703125,16319300
2021-08-19,47.349998474121094,47.95000076293945,46.83000183105469,47.25,20259400
2021-08-20,47.130001068115234,47.45000076293945,46.84000015258789,47.41999816894531,15357400
2021-08-23,47.75,47.9900016784668,47.45000076293945,47.61000061035156,15551900
2021-08-24,47.75,48.369998931884766,47.709999084472656,48.36000061035156,15109100
2021-08-25,48.619998931884766,49.619998931884766,48.470001220703125,49.290000915527344,21357400
2021-08-26,49.529998779296875,49.869998931884766,48.88999938964844,49.04999923706055,21627600
2021-08-27,49.220001220703125,49.849998474121094,49.119998931884766,49.810001373291016,16873300
2021-08-30,49.7599983215332,49.810001373291016,48.349998474121094,48.40999984741211,16054100
2021-08-31,48.40999984741211,48.9900016784668,45.209999084472656,45.70000076293945,73514300
2021-09-01,45.70000076293945,45.970001220703125,43.27000045776367,43.45000076293945,84960500
2021-09-02,43.68000030517578,44.880001068115234,43.540000915527344,44.56999969482422,37629000
2021-09-03,44.4900016784668,44.5,43.81999969482422,44.16999816894531,21687500
2021-09-07,44.31999969482422,44.959999084472656,44.25,44.310001373291016,19733500
2021-09-08,44.119998931884766,44.540000915527344,43.630001068115234,43.81999969482422,21252400
2021-09-09,43.849998474121094,44.720001220703125,43.7599983215332,44.36000061035156,19776900
2021-09-10,45.0,45.25,44.189998626708984,44.33000183105469,23367400
2021-09-13,44.560001373291016,45.810001373291016,44.560001373291016,45.7599983215332,28027200
2021-09-14,46.02000045776367,46.939998626708984,45.7599983215332,46.04999923706055,36053200
2021-09-15,45.869998931884766,46.88999938964844,45.849998474121094,46.63999938964844,31535600
2021-09-16,46.900001525878906,47.27000045776367,46.0099983215332,46.279998779296875,24102400
2021-09-17,45.7400016784668,46.689998626708984,45.7400016784668,46.470001220703125,34912100
2021-09-20,45.029998779296875,45.869998931884766,44.84000015258789,45.810001373291016,30603100
2021-09-21,45.97999954223633,46.36000061035156,45.72999954223633,45.849998474121094,23049100
2021-09-22,46.4900016784668,47.689998626708984,46.470001220703125,47.08000183105469,29430700
2021-09-23,47.459999084472656,48.16999816894531,47.15999984741211,47.79999923706055,21852800
2021-09-24,47.779998779296875,48.56999969482422,47.72999954223633,47.91999816894531,20384700
2021-09-27,48.380001068115234,48.939998626708984,46.15999984741211,47.560001373291016,48927500
2021-09-28,47.0099983215332,47.029998779296875,45.06999969482422,45.91999816894531,49349100
2021-09-29,46.45000076293945,47.150001525878906,45.93000030517578,47.029998779296875,21730200
2021-09-30,47.13999938964844,47.150001525878906,46.119998931884766,46.40999984741211,22947500
2021-10-01,46.54999923706055,47.310001373291016,46.4900016784668,47.02000045776367,18021700
2021-10-04,47.02000045776367,47.689998626708984,46.66999816894531,47.02000045776367,22315200
2021-10-05,47.5,48.45000076293945,47.349998474121094,47.959999084472656,20250500
2021-10-06,47.58000183105469,48.09000015258789,47.060001373291016,47.869998931884766,17425700
2021-10-07,48.2599983215332,48.59000015258789,47.540000915527344,47.7599983215332,19272300
2021-10-08,47.869998931884766,48.34000015258789,47.65999984741211,48.0,14295400
2021-10-11,48.20000076293945,48.459999084472656,47.220001220703125,47.279998779296875,15387900
2021-10-12,47.290000915527344,47.529998779296875,46.52000045776367,46.650001525878906,18995700
2021-10-13,46.56999969482422,46.56999969482422,45.220001220703125,46.04999923706055,24150300
2021-10-14,46.68000030517578,46.88999938964844,44.83000183105469,45.310001373291016,53257700
2021-10-15,45.720001220703125,48.7400016784668,45.709999084472656,48.380001068115234,60096600
2021-10-18,48.189998626708984,49.709999084472656,48.13999938964844,49.43000030517578,33842700
2021-10-19,49.63999938964844,50.349998474121094,49.279998779296875,50.34000015258789,26500300
2021-10-20,50.189998626708984,50.38999938964844,49.709999084472656,50.15999984741211,24227900
2021-10-21,49.95000076293945,50.599998474121094,49.7599983215332,50.33000183105469,20448300
2021-10-22,50.540000915527344,51.119998931884766,50.4900016784668,50.65999984741211,21517200
2021-10-25,50.88999938964844,51.119998931884766,50.52000045776367,50.619998931884766,19330300
2021-10-26,50.72999954223633,51.099998474121094,50.36000061035156,50.630001068115234,18196300
2021-10-27,50.2599983215332,50.9900016784668,49.95000076293945,50.04999923706055,21988300
2021-10-28,50.380001068115234,51.400001525878906,50.349998474121094,51.36000061035156,26785500
2021-10-29,51.25,51.63999938964844,51.02000045776367,51.15999984741211,19788500
2021-11-01,51.560001373291016,52.0,51.27000045776367,51.709999084472656,18699000
2021-11-02,51.540000915527344,51.720001220703125,51.220001220703125,51.29999923706055,21672500
2021-11-03,51.040000915527344,52.56999969482422,51.02000045776367,52.0,24225700
2021-11-04,51.54999923706055,51.70000076293945,49.90999984741211,50.619998931884766,32005700
2021-11-05,51.0,51.61000061035156,50.400001525878906,50.439998626708984,23443200
2021-11-08,50.54999923706055,51.369998931884766,50.54999923706055,50.869998931884766,19509500
2021-11-09,50.5,50.560001373291016,49.209999084472656,49.88999938964844,28324800
2021-11-10,49.7400016784668,50.77000045776367,49.68000030517578,50.36000061035156,19827800
2021-11-11,50.41999816894531,50.90999984741211,50.220001220703125,50.59000015258789,16069700
2021-11-12,50.68000030517578,51.0,50.369998931884766,50.959999084472656,17124700
2021-11-15,51.189998626708984,51.70000076293945,50.97999954223633,51.08000183105469,20110200
2021-11-16,51.11000061035156,51.18000030517578,50.16999816894531,50.369998931884766,19244900
2021-11-17,50.41999816894531,50.689998626708984,49.529998779296875,49.84000015258789,17802700
2021-11-18,49.630001068115234,50.18000030517578,49.27000045776367,49.900001525878906,19198200
2021-11-19,49.0,49.2400016784668,47.77000045776367,48.81999969482422,30548400
2021-11-22,50.630001068115234,51.11000061035156,49.72999954223633,50.34000015258789,28549400
2021-11-23,50.709999084472656,51.7400016784668,50.70000076293945,51.400001525878906,28024400
2021-11-24,51.5099983215332,51.7400016784668,51.18000030517578,51.310001373291016,18901900
2021-11-26,49.099998474121094,49.099998474121094,47.689998626708984,48.43000030517578,29919300
2021-11-29,49.66999816894531,49.77000045776367,48.310001373291016,49.15999984741211,27677000
2021-11-30,48.11000061035156,48.5099983215332,47.31999969482422,47.779998779296875,40671700
2021-12-01,48.689998626708984,49.45000076293945,47.18000030517578,47.209999084472656,29365100
2021-12-02,47.72999954223633,49.400001525878906,47.5099983215332,48.90999984741211,29184900
2021-12-03,49.2599983215332,49.2599983215332,47.369998931884766,47.75,29221900
2021-12-06,48.97999954223633,49.900001525878906,48.709999084472656,48.810001373291016,31650100
2021-12-07,49.459999084472656,50.52000045776367,49.34000015258789,50.25,28370200
2021-12-08,50.18000030517578,50.310001373291016,49.31999969482422,49.40999984741211,19990300
2021-12-09,49.02000045776367,50.029998779296875,48.7400016784668,49.689998626708984,16927200
2021-12-10,50.290000915527344,50.599998474121094,49.58000183105469,50.20000076293945,20040900
2021-12-13,49.900001525878906,49.959999084472656,48.43000030517578,48.560001373291016,19598900
2021-12-14,48.61000061035156,49.4900016784668,48.599998474121094,48.88999938964844,17602900
2021-12-15,49.02000045776367,49.27000045776367,48.130001068115234,48.939998626708984,20284300
2021-12-16,49.720001220703125,50.81999969482422,49.310001373291016,50.29999923706055,32781100
2021-12-17,49.70000076293945,49.72999954223633,47.869998931884766,47.95000076293945,74833400
2021-12-20,47.060001373291016,47.16999816894531,46.25,46.849998474121094,29134900
2021-12-21,47.59000015258789,48.13999938964844,47.34000015258789,47.810001373291016,21249400
2021-12-22,47.7400016784668,48.31999969482422,47.619998931884766,48.029998779296875,15688000
2021-12-23,48.400001525878906,48.93000030517578,48.220001220703125,48.36000061035156,16025600
2021-12-27,48.54999923706055,48.81999969482422,48.08000183105469,48.77000045776367,11900400
2021-12-28,48.560001373291016,49.189998626708984,48.36000061035156,48.41999816894531,14320500
2021-12-29,48.599998474121094,48.86000061035156,48.369998931884766,48.45000076293945,14390700
2021-12-30,48.4900016784668,48.90999984741211,48.040000915527344,48.099998474121094,13701300
2021-12-31,48.029998779296875,48.36000061035156,47.84000015258789,47.97999954223633,12649300
2022-01-03,48.93000030517578,50.810001373291016,48.91999816894531,50.72999954223633,38978100
2022-01-04,51.58000183105469,53.150001525878906,51.52000045776367,52.75,43855100
2022-01-05,52.91999816894531,53.13999938964844,52.0,52.290000915527344,35072600
2022-01-06,53.150001525878906,53.66999816894531,52.65999984741211,53.630001068115234,29720800
2022-01-07,53.86000061035156,55.189998626708984,53.79999923706055,54.77000045776367,35149300
2022-01-10,55.5,56.060001373291016,54.47999954223633,55.349998474121094,34733500
2022-01-11,55.560001373291016,56.130001068115234,55.22999954223633,56.060001373291016,25073700
2022-01-12,56.40999984741211,56.709999084472656,55.7599983215332,56.400001525878906,34159400
2022-01-13,56.599998474121094,57.18000030517578,55.7599983215332,56.0,34037300
2022-01-14,56.849998474121094,58.869998931884766,56.38999938964844,58.060001373291016,56739600
2022-01-18,57.720001220703125,58.11000061035156,56.5099983215332,56.689998626708984,41689600
2022-01-19,57.11000061035156,57.68000030517578,55.470001220703125,55.56999969482422,34970200
2022-01-20,55.720001220703125,56.380001068115234,54.90999984741211,55.0,26972800
2022-01-21,54.5,55.0,53.130001068115234,53.66999816894531,38357600
2022-01-24,52.72999954223633,53.4900016784668,51.18000030517578,53.31999969482422,48451400
2022-01-25,52.66999816894531,53.72999954223633,51.54999923706055,53.59000015258789,40858700
2022-01-26,53.90999984741211,54.91999816894531,53.43000030517578,54.13999938964844,39687100
2022-01-27,54.599998474121094,55.5099983215332,53.22999954223633,53.7599983215332,34209200
2022-01-28,53.61000061035156,54.220001220703125,52.77000045776367,54.189998626708984,35519700
2022-01-31,53.81999969482422,54.04999923706055,53.029998779296875,53.79999923706055,34657500
2022-02-01,54.720001220703125,55.810001373291016,53.9900016784668,55.599998474121094,35870200
2022-02-02,55.27000045776367,56.04999923706055,54.959999084472656,55.93000030517578,29037100
2022-02-03,55.84000015258789,56.290000915527344,54.72999954223633,55.16999816894531,25227400
2022-02-04,56.040000915527344,57.040000915527344,55.470001220703125,56.33000183105469,33622100
2022-02-07,56.40999984741211,57.88999938964844,55.90999984741211,57.33000183105469,37480100
2022-02-08,58.0,58.97999954223633,57.79999923706055,58.75,39099600
2022-02-09,58.70000076293945,59.380001068115234,58.34000015258789,59.060001373291016,25883100
2022-02-10,59.54999923706055,60.29999923706055,58.79999923706055,59.04999923706055,36092000
2022-02-11,58.52000045776367,60.2400016784668,57.90999984741211,58.310001373291016,38650500
2022-02-14,58.5099983215332,58.650001525878906,57.18000030517578,57.849998474121094,32680500
2022-02-15,59.119998931884766,59.31999969482422,58.09000015258789,58.380001068115234,18224600
2022-02-16,57.90999984741211,58.880001068115234,57.54999923706055,58.13999938964844,22057200
2022-02-17,57.150001525878906,57.529998779296875,55.7599983215332,56.150001525878906,24946500
2022-02-18,56.150001525878906,56.720001220703125,55.369998931884766,55.630001068115234,22137900
2022-02-22,55.56999969482422,56.119998931884766,54.70000076293945,55.279998779296875,26887800
2022-02-23,55.849998474121094,56.02000045776367,53.7599983215332,53.95000076293945,21860700
2022-02-24,51.7599983215332,52.83000183105469,50.68000030517578,52.709999084472656,40917600
2022-02-25,53.16999816894531,54.439998626708984,53.09000015258789,54.11000061035156,27493500
2022-02-28,52.630001068115234,53.400001525878906,52.209999084472656,53.369998931884766,31094800
2022-03-01,52.439998626708984,52.720001220703125,50.0099983215332,50.290000915527344,54135500
2022-03-02,51.31999969482422,52.81999969482422,51.0,52.220001220703125,34894300
2022-03-03,52.349998474121094,52.560001373291016,50.939998626708984,51.2400016784668,24159700
2022-03-04,50.040000915527344,50.060001373291016,48.18000030517578,48.790000915527344,35871600
2022-03-07,48.58000183105469,48.58000183105469,45.77000045776367,45.810001373291016,56332500
2022-03-08,46.68000030517578,48.20000076293945,46.349998474121094,46.459999084472656,60018100
2022-03-09,48.790000915527344,49.75,48.349998474121094,49.15999984741211,34560200
2022-03-10,48.2599983215332,49.56999969482422,47.849998474121094,49.0099983215332,26178800
2022-03-11,49.66999816894531,50.0,48.43000030517578,48.470001220703125,23707100
2022-03-14,49.65999984741211,50.380001068115234,49.29999923706055,49.86000061035156,28166600
2022-03-15,50.15999984741211,50.630001068115234,49.33000183105469,50.11000061035156,25080600
2022-03-16,51.04999923706055,52.220001220703125,50.72999954223633,51.599998474121094,34672800
2022-03-17,51.02000045776367,51.4900016784668,50.22999954223633,51.47999954223633,29930300
2022-03-18,50.849998474121094,51.540000915527344,50.040000915527344,51.41999816894531,60963400
2022-03-21,51.65999984741211,51.79999923706055,50.61000061035156,51.13999938964844,23411500
2022-03-22,52.40999984741211,54.20000076293945,52.29999923706055,53.38999938964844,28625600
2022-03-23,52.7599983215332,53.04999923706055,51.099998474121094,51.119998931884766,27988700
2022-03-24,51.709999084472656,51.81999969482422,50.90999984741211,51.33000183105469,19677800
2022-03-25,51.470001220703125,52.59000015258789,51.40999984741211,52.560001373291016,19130900
2022-03-28,52.029998779296875,52.11000061035156,50.779998779296875,51.810001373291016,24115400
2022-03-29,53.060001373291016,53.29999923706055,51.52000045776367,51.599998474121094,20915000
2022-03-30,51.529998779296875,51.68000030517578,49.790000915527344,50.11000061035156,30913800
2022-03-31,49.75,50.43000030517578,48.43000030517578,48.459999084472656,31238500
2022-04-01,49.25,49.470001220703125,47.83000183105469,48.709999084472656,29989900
2022-04-04,48.45000076293945,48.65999984741211,47.61000061035156,48.459999084472656,23778300
2022-04-05,47.90999984741211,48.900001525878906,47.77000045776367,48.119998931884766,21757300
2022-04-06,47.689998626708984,48.08000183105469,47.400001525878906,47.88999938964844,26001200
2022-04-07,48.15999984741211,48.29999923706055,46.58000183105469,47.7400016784668,29486500
2022-04-08,48.0,48.88999938964844,47.93000030517578,48.72999954223633,23659800
2022-04-11,48.939998626708984,50.189998626708984,48.91999816894531,49.33000183105469,27041000
2022-04-12,49.68000030517578,49.900001525878906,48.0,48.41999816894531,25791900
2022-04-13,47.540000915527344,48.619998931884766,47.45000076293945,48.540000915527344,20645300
2022-04-14,45.88999938964844,47.81999969482422,45.029998779296875,46.349998474121094,65583200
2022-04-18,46.220001220703125,47.58000183105469,46.150001525878906,47.16999816894531,26120900
2022-04-19,47.38999938964844,48.189998626708984,47.33000183105469,47.83000183105469,19753300
2022-04-20,48.47999954223633,49.369998931884766,48.31999969482422,48.650001525878906,25893000
2022-04-21,49.150001525878906,49.4900016784668,47.599998474121094,47.779998779296875,19027600
2022-04-22,47.689998626708984,47.91999816894531,46.2599983215332,46.34000015258789,21676800
2022-04-25,45.7599983215332,45.970001220703125,44.529998779296875,45.83000183105469,30045500
2022-04-26,45.15999984741211,46.0,44.560001373291016,44.58000183105469,21527400
2022-04-27,44.40999984741211,45.189998626708984,44.13999938964844,44.58000183105469,19520900
2022-04-28,45.040000915527344,45.310001373291016,44.310001373291016,45.16999816894531,17431000
2022-04-29,45.040000915527344,45.400001525878906,43.5099983215332,43.630001068115234,27149400
2022-05-02,43.869998931884766,44.040000915527344,42.61000061035156,43.66999816894531,25009300
2022-05-03,43.900001525878906,44.63999938964844,43.65999984741211,44.15999984741211,21545300
2022-05-04,44.310001373291016,46.130001068115234,44.18000030517578,45.97999954223633,29468000
2022-05-05,45.0,45.060001373291016,43.45000076293945,44.7599983215332,29978600
2022-05-06,44.61000061035156,44.880001068115234,43.52000045776367,44.54999923706055,27035300
2022-05-09,43.970001220703125,44.540000915527344,43.22999954223633,43.959999084472656,27132700
2022-05-10,44.38999938964844,44.709999084472656,42.189998626708984,43.08000183105469,25276100
2022-05-11,43.11000061035156,44.5099983215332,42.4900016784668,42.56999969482422,25291600
2022-05-12,42.22999954223633,42.40999984741211,40.91999816894531,41.810001373291016,30171700
2022-05-13,42.45000076293945,43.189998626708984,42.279998779296875,42.63999938964844,21253200
2022-05-16,42.400001525878906,42.66999816894531,41.70000076293945,42.209999084472656,16837400
2022-05-17,42.9900016784668,43.81999969482422,42.959999084472656,43.709999084472656,23340500
2022-05-18,43.290000915527344,43.310001373291016,41.88999938964844,42.11000061035156,27351300
2022-05-19,41.70000076293945,42.310001373291016,41.56999969482422,42.0,25211900
2022-05-20,42.5099983215332,42.790000915527344,40.7400016784668,41.66999816894531,35410400
2022-05-23,42.72999954223633,44.31999969482422,42.72999954223633,43.81999969482422,27979100
2022-05-24,43.689998626708984,43.77000045776367,42.63999938964844,43.290000915527344,23996000
2022-05-25,43.09000015258789,44.459999084472656,43.029998779296875,44.119998931884766,22343900
2022-05-26,44.83000183105469,45.7599983215332,44.75,45.599998474121094,23502500
2022-05-27,45.70000076293945,46.04999923706055,45.45000076293945,45.88999938964844,19482600
2022-05-31,45.34000015258789,46.27000045776367,45.0,45.77000045776367,40727400
2022-06-01,45.959999084472656,46.06999969482422,44.400001525878906,45.15999984741211,20417900
2022-06-02,45.119998931884766,45.43000030517578,44.5099983215332,45.33000183105469,14633300
2022-06-03,44.83000183105469,45.33000183105469,44.61000061035156,44.81999969482422,12572400
2022-06-06,45.34000015258789,45.88999938964844,44.959999084472656,45.119998931884766,11867200
2022-06-07,44.7599983215332,45.540000915527344,44.630001068115234,45.470001220703125,13281600
2022-06-08,44.880001068115234,45.06999969482422,44.22999954223633,44.630001068115234,12364400
2022-06-09,44.58000183105469,44.630001068115234,42.63999938964844,42.66999816894531,20142400
2022-06-10,41.029998779296875,41.439998626708984,40.02000045776367,40.08000183105469,27619300
2022-06-13,38.97999954223633,39.68000030517578,38.77000045776367,38.9900016784668,27553800
2022-06-14,38.77000045776367,39.29999923706055,37.0099983215332,37.43000030517578,36817600
2022-06-15,38.0,38.65999984741211,37.33000183105469,38.16999816894531,31358100
2022-06-16,37.36000061035156,37.72999954223633,36.540000915527344,37.650001525878906,37991500
2022-06-17,37.83000183105469,38.970001220703125,37.5,38.47999954223633,59114300
2022-06-21,39.86000061035156,39.939998626708984,38.869998931884766,38.9900016784668,24884700
2022-06-22,38.38999938964844,39.06999969482422,38.310001373291016,38.599998474121094,18631700
2022-06-23,38.060001373291016,38.36000061035156,37.150001525878906,37.900001525878906,23143800
2022-06-24,38.68000030517578,41.099998474121094,38.5099983215332,40.7599983215332,39407700
2022-06-27,40.84000015258789,40.9900016784668,39.900001525878906,40.2400016784668,16996800
2022-06-28,40.970001220703125,41.560001373291016,40.08000183105469,40.18000030517578,18136600
2022-06-29,40.27000045776367,40.529998779296875,39.54999923706055,39.709999084472656,15778700
2022-06-30,39.06999969482422,39.709999084472656,38.279998779296875,39.16999816894531,20425700
2022-07-01,38.720001220703125,40.08000183105469,38.459999084472656,39.91999816894531,15333900
2022-07-05,39.0,40.119998931884766,38.5099983215332,40.099998474121094,19144500
2022-07-06,39.61000061035156,40.029998779296875,38.91999816894531,39.5,17014100
2022-07-07,40.209999084472656,40.4900016784668,39.72999954223633,40.119998931884766,21060400
2022-07-08,40.29999923706055,40.70000076293945,39.86000061035156,40.18000030517578,14437500
2022-07-11,39.66999816894531,40.0099983215332,39.2400016784668,39.790000915527344,13111600
2022-07-12,39.08000183105469,40.470001220703125,39.0099983215332,39.599998474121094,15127300
2022-07-13,39.08000183105469,39.349998474121094,38.40999984741211,39.06999969482422,14116800
2022-07-14,38.09000015258789,38.75,37.43000030517578,38.7400016784668,24355300
2022-07-15,39.400001525878906,41.810001373291016,39.22999954223633,41.130001068115234,40328300
2022-07-18,41.93000030517578,42.790000915527344,41.02000045776367,41.189998626708984,17991300
2022-07-19,41.880001068115234,43.06999969482422,41.75,42.900001525878906,25724200
2022-07-20,42.540000915527344,43.029998779296875,42.36000061035156,42.720001220703125,19111200
2022-07-21,42.47999954223633,43.369998931884766,42.279998779296875,43.279998779296875,17809000
2022-07-22,43.16999816894531,43.529998779296875,42.689998626708984,43.16999816894531,15965400
2022-07-25,43.529998779296875,43.90999984741211,43.209999084472656,43.5,20297900
2022-07-26,43.11000061035156,43.68000030517578,42.810001373291016,42.900001525878906,15446700
2022-07-27,42.97999954223633,43.970001220703125,42.689998626708984,43.709999084472656,19498400
2022-07-28,43.54999923706055,43.83000183105469,42.709999084472656,43.31999969482422,14527300
2022-07-29,43.310001373291016,44.349998474121094,43.310001373291016,43.869998931884766,17512700
2022-08-01,43.439998626708984,44.15999984741211,43.15999984741211,43.540000915527344,13668300
2022-08-02,43.4900016784668,43.540000915527344,42.86000061035156,42.880001068115234,17764000
2022-08-03,43.38999938964844,44.56999969482422,43.25,43.88999938964844,17359500
2022-08-04,43.5,43.599998474121094,42.63999938964844,42.77000045776367,15062800
2022-08-05,42.58000183105469,44.29999923706055,42.529998779296875,43.7599983215332,16021000
2022-08-08,43.970001220703125,44.189998626708984,43.130001068115234,43.189998626708984,12879700
2022-08-09,43.220001220703125,43.790000915527344,42.9900016784668,43.400001525878906,10489500
2022-08-10,44.040000915527344,44.70000076293945,44.040000915527344,44.33000183105469,14037600
2022-08-11,45.0,45.61000061035156,44.88999938964844,45.25,14038800
2022-08-12,45.52000045776367,45.959999084472656,45.189998626708984,45.939998626708984,10706000
2022-08-15,45.40999984741211,45.81999969482422,44.90999984741211,45.75,11070300
2022-08-16,45.58000183105469,46.31999969482422,45.349998474121094,46.060001373291016,12234100
2022-08-17,45.720001220703125,46.310001373291016,45.54999923706055,46.13999938964844,13151700
2022-08-18,46.13999938964844,46.20000076293945,45.7599983215332,46.13999938964844,7885900
2022-08-19,45.900001525878906,46.02000045776367,45.040000915527344,45.349998474121094,13142900
2022-08-22,44.599998474121094,44.7400016784668,44.119998931884766,44.40999984741211,12391400
2022-08-23,44.459999084472656,44.959999084472656,44.279998779296875,44.369998931884766,10475100
2022-08-24,44.33000183105469,44.70000076293945,44.02000045776367,44.63999938964844,11706700
2022-08-25,44.790000915527344,45.52000045776367,44.43000030517578,45.38999938964844,11783200
2022-08-26,45.58000183105469,45.720001220703125,43.939998626708984,43.970001220703125,13405200
2022-08-29,43.79999923706055,44.31999969482422,43.58000183105469,43.91999816894531,12504900
2022-08-30,44.2599983215332,44.439998626708984,43.54999923706055,44.13999938964844,14365000
2022-08-31,44.279998779296875,44.59000015258789,43.61000061035156,43.709999084472656,22609100
2022-09-01,43.65999984741211,43.7400016784668,42.79999923706055,43.70000076293945,13173000
2022-09-02,44.29999923706055,44.79999923706055,43.16999816894531,43.380001068115234,13025900
2022-09-06,43.709999084472656,43.880001068115234,42.36000061035156,42.880001068115234,14708700
2022-09-07,42.540000915527344,43.90999984741211,42.25,43.84000015258789,19475800
2022-09-08,43.619998931884766,45.2599983215332,43.34000015258789,45.22999954223633,18500300
2022-09-09,45.5099983215332,45.810001373291016,45.25,45.33000183105469,12875500
2022-09-12,45.68000030517578,46.13999938964844,45.2599983215332,45.529998779296875,12127900
2022-09-13,44.349998474121094,44.529998779296875,43.040000915527344,43.220001220703125,21124900
2022-09-14,43.25,43.61000061035156,42.25,43.279998779296875,15067800
2022-09-15,43.400001525878906,44.689998626708984,43.349998474121094,44.13999938964844,13173200
2022-09-16,43.70000076293945,44.060001373291016,43.33000183105469,43.939998626708984,21238800
2022-09-19,43.43000030517578,44.61000061035156,43.40999984741211,44.31999969482422,11324100
2022-09-20,43.88999938964844,44.290000915527344,43.09000015258789,43.40999984741211,19503900
2022-09-21,43.65999984741211,43.810001373291016,42.2400016784668,42.27000045776367,19207100
2022-09-22,42.4900016784668,42.5099983215332,41.439998626708984,41.52000045776367,15499000
2022-09-23,40.81999969482422,40.97999954223633,39.70000076293945,40.40999984741211,23316200
2022-09-26,40.13999938964844,40.540000915527344,39.34000015258789,40.0099983215332,21420000
2022-09-27,40.209999084472656,40.59000015258789,39.40999984741211,40.029998779296875,17541400
2022-09-28,39.900001525878906,41.060001373291016,39.900001525878906,40.810001373291016,16033500
2022-09-29,40.15999984741211,40.689998626708984,39.77000045776367,40.5,14811300
2022-09-30,40.63999938964844,41.13999938964844,40.18000030517578,40.220001220703125,21182200
2022-10-03,41.290000915527344,41.79999923706055,40.63999938964844,41.58000183105469,16827600
2022-10-04,42.15999984741211,43.59000015258789,42.15999984741211,43.540000915527344,18601300
2022-10-05,42.83000183105469,43.540000915527344,42.560001373291016,43.310001373291016,15873400
2022-10-06,42.869998931884766,43.13999938964844,42.209999084472656,42.2400016784668,15634800
2022-10-07,42.029998779296875,42.119998931884766,41.38999938964844,41.790000915527344,17186700
2022-10-10,41.939998626708984,42.11000061035156,41.150001525878906,41.45000076293945,10973700
2022-10-11,41.220001220703125,41.31999969482422,40.060001373291016,40.22999954223633,19135900
2022-10-12,40.2400016784668,41.220001220703125,39.959999084472656,40.5099983215332,16469900
2022-10-13,39.75,42.66999816894531,39.75,42.380001068115234,23808700
2022-10-14,43.79999923706055,44.93000030517578,43.130001068115234,43.16999816894531,33954200
2022-10-17,44.65999984741211,45.189998626708984,43.88999938964844,43.959999084472656,24507000
2022-10-18,45.11000061035156,45.29999923706055,43.81999969482422,44.66999816894531,24810400
2022-10-19,44.18000030517578,44.52000045776367,43.29999923706055,43.619998931884766,17876800
2022-10-20,43.68000030517578,44.43000030517578,43.5,43.650001525878906,17572700
2022-10-21,43.63999938964844,44.880001068115234,43.56999969482422,44.83000183105469,18632800
2022-10-24,44.95000076293945,45.529998779296875,44.83000183105469,45.20000076293945,16154300
2022-10-25,44.779998779296875,45.599998474121094,44.369998931884766,45.369998931884766,16362200
2022-10-26,45.65999984741211,46.209999084472656,45.470001220703125,45.70000076293945,15010800
2022-10-27,46.02000045776367,46.4900016784668,45.54999923706055,45.650001525878906,14655500
2022-10-28,45.90999984741211,46.4900016784668,45.470001220703125,46.349998474121094,14990400
2022-10-31,46.13999938964844,46.52000045776367,45.97999954223633,45.9900016784668,14000000
2022-11-01,46.58000183105469,47.060001373291016,46.2599983215332,46.95000076293945,22409100
2022-11-02,46.880001068115234,47.54999923706055,46.4900016784668,46.880001068115234,29246700
2022-11-03,46.20000076293945,46.20000076293945,45.40999984741211,45.540000915527344,17140100
2022-11-04,46.33000183105469,46.90999984741211,45.900001525878906,46.7400016784668,27082500
2022-11-07,47.130001068115234,47.81999969482422,46.810001373291016,47.06999969482422,17713300
2022-11-08,47.25,47.470001220703125,46.720001220703125,47.18000030517578,14842700
2022-11-09,46.79999923706055,47.0,45.95000076293945,45.970001220703125,18318700
2022-11-10,47.02000045776367,48.11000061035156,46.93000030517578,47.95000076293945,23091900
2022-11-11,48.099998474121094,48.36000061035156,47.33000183105469,47.54999923706055,18076600
2022-11-14,47.20000076293945,47.56999969482422,46.869998931884766,46.869998931884766,13929900
2022-11-15,47.380001068115234,47.5099983215332,46.2400016784668,46.709999084472656,19076000
2022-11-16,46.66999816894531,46.849998474121094,46.029998779296875,46.209999084472656,14713300
2022-11-17,45.720001220703125,46.16999816894531,45.470001220703125,45.9900016784668,11350900
2022-11-18,46.720001220703125,46.77000045776367,45.970001220703125,46.5,10515300
2022-11-21,46.380001068115234,47.09000015258789,46.380001068115234,46.84000015258789,11656800
2022-11-22,47.130001068115234,47.400001525878906,46.90999984741211,47.11000061035156,11684900
2022-11-23,47.119998931884766,47.5,46.9900016784668,47.33000183105469,10878500
2022-11-25,47.36000061035156,47.63999938964844,47.02000045776367,47.439998626708984,4913300
2022-11-28,47.119998931884766,47.75,46.91999816894531,46.97999954223633,12492600
2022-11-29,47.18000030517578,47.650001525878906,47.040000915527344,47.56999969482422,13344900
2022-11-30,47.31999969482422,47.95000076293945,46.13999938964844,47.95000076293945,26417000
2022-12-01,47.93000030517578,48.18000030517578,46.459999084472656,46.869998931884766,15980300
2022-12-02,46.38999938964844,46.52000045776367,44.880001068115234,45.939998626708984,29820400
2022-12-05,45.70000076293945,45.880001068115234,43.619998931884766,43.65999984741211,32574600
2022-12-06,43.68000030517578,43.849998474121094,42.65999984741211,43.400001525878906,25961400
2022-12-07,43.09000015258789,43.34000015258789,42.439998626708984,42.45000076293945,24114900
2022-12-08,42.709999084472656,42.88999938964844,42.11000061035156,42.58000183105469,17161400
2022-12-09,42.33000183105469,42.91999816894531,42.31999969482422,42.5,16023700
2022-12-12,42.599998474121094,42.93000030517578,42.11000061035156,42.86000061035156,18428900
2022-12-13,43.880001068115234,44.08000183105469,42.11000061035156,42.619998931884766,31496000
2022-12-14,42.59000015258789,43.22999954223633,41.95000076293945,42.18000030517578,22044400
2022-12-15,41.41999816894531,41.709999084472656,41.0099983215332,41.369998931884766,16766600
2022-12-16,41.029998779296875,41.45000076293945,40.849998474121094,41.189998626708984,29836200
2022-12-19,41.34000015258789,41.90999984741211,41.11000061035156,41.81999969482422,17454200
2022-12-20,41.290000915527344,42.560001373291016,40.970001220703125,40.97999954223633,25415400
2022-12-21,41.36000061035156,41.63999938964844,40.91999816894531,41.119998931884766,20170800
2022-12-22,40.709999084472656,40.7400016784668,40.02000045776367,40.68000030517578,17382700
2022-12-23,40.689998626708984,41.0,40.45000076293945,40.97999954223633,10167500
2022-12-27,41.0099983215332,41.13999938964844,40.61000061035156,41.040000915527344,10297400
2022-12-28,40.939998626708984,41.380001068115234,40.86000061035156,41.119998931884766,11889400
2022-12-29,41.150001525878906,41.400001525878906,41.060001373291016,41.33000183105469,11597100
2022-12-30,41.11000061035156,41.43000030517578,40.9900016784668,41.290000915527344,10021500
2023-01-03,41.61000061035156,42.13999938964844,41.45000076293945,41.790000915527344,15944300
2023-01-04,42.2599983215332,43.060001373291016,42.22999954223633,42.650001525878906,18943600
2023-01-05,42.58000183105469,42.630001068115234,41.93000030517578,42.41999816894531,12380700
2023-01-06,42.59000015258789,43.0,42.099998474121094,42.79999923706055,15247000
2023-01-09,43.119998931884766,43.130001068115234,42.15999984741211,42.38999938964844,21225600
2023-01-10,42.66999816894531,42.880001068115234,42.02000045776367,42.36000061035156,18348800
2023-01-11,42.380001068115234,42.83000183105469,42.02000045776367,42.7400016784668,18272100
2023-01-12,43.04999923706055,43.54999923706055,42.79999923706055,42.83000183105469,20940400
2023-01-13,41.380001068115234,44.36000061035156,40.459999084472656,44.220001220703125,41649700
2023-01-17,43.84000015258789,44.369998931884766,43.18000030517578,44.119998931884766,25473900
2023-01-18,43.959999084472656,44.61000061035156,43.29999923706055,43.380001068115234,20278000
2023-01-19,42.90999984741211,43.20000076293945,42.52000045776367,42.95000076293945,18565300
2023-01-20,43.08000183105469,43.939998626708984,42.7599983215332,43.91999816894531,23237200
2023-01-23,43.939998626708984,45.18000030517578,43.869998931884766,45.029998779296875,19692000
2023-01-24,44.90999984741211,45.20000076293945,44.369998931884766,44.45000076293945,13697200
2023-01-25,44.04999923706055,45.41999816894531,44.029998779296875,45.34000015258789,17285300
2023-01-26,45.529998779296875,45.900001525878906,45.15999984741211,45.810001373291016,16724600
2023-01-27,45.810001373291016,46.369998931884766,45.810001373291016,46.119998931884766,18161800
2023-01-30,45.90999984741211,46.650001525878906,45.810001373291016,46.290000915527344,19427400
2023-01-31,46.31999969482422,46.880001068115234,46.060001373291016,46.869998931884766,22840400
2023-02-01,46.65999984741211,47.79999923706055,46.470001220703125,47.33000183105469,21874600
2023-02-02,47.31999969482422,47.56999969482422,46.43000030517578,47.22999954223633,19058000
2023-02-03,47.0,48.040000915527344,46.95000076293945,47.58000183105469,17346900
2023-02-06,47.2599983215332,47.7599983215332,47.150001525878906,47.68000030517578,15948900
2023-02-07,47.439998626708984,48.40999984741211,47.349998474121094,48.130001068115234,21764800
2023-02-08,47.70000076293945,48.61000061035156,47.61000061035156,48.25,18070500
2023-02-09,48.470001220703125,48.630001068115234,47.4900016784668,47.56999969482422,17362100
2023-02-10,47.40999984741211,47.709999084472656,46.97999954223633,47.5099983215332,18929000
2023-02-13,47.34000015258789,48.150001525878906,47.130001068115234,48.130001068115234,16451700
2023-02-14,47.93000030517578,48.84000015258789,47.75,48.5,16844400
2023-02-15,47.91999816894531,48.2599983215332,47.70000076293945,47.970001220703125,12854000
2023-02-16,47.599998474121094,47.810001373291016,47.189998626708984,47.220001220703125,12631700
2023-02-17,47.09000015258789,47.56999969482422,47.02000045776367,47.4900016784668,13463800
2023-02-21,47.06999969482422,47.06999969482422,45.970001220703125,46.2400016784668,13652700
2023-02-22,45.95000076293945,46.22999954223633,45.689998626708984,46.0099983215332,13402900
2023-02-23,46.119998931884766,46.439998626708984,45.790000915527344,46.25,14783600
2023-02-24,45.84000015258789,46.7599983215332,45.70000076293945,46.619998931884766,16040300
2023-02-27,46.939998626708984,47.43000030517578,46.720001220703125,46.779998779296875,15468200
2023-02-28,46.66999816894531,47.029998779296875,46.540000915527344,46.77000045776367,18627200
2023-03-01,46.5,46.91999816894531,46.25,46.68000030517578,13382200
2023-03-02,46.459999084472656,46.619998931884766,45.380001068115234,45.79999923706055,19115000
2023-03-03,46.02000045776367,46.97999954223633,45.90999984741211,46.849998474121094,14947200
2023-03-06,46.880001068115234,47.18000030517578,46.5099983215332,46.630001068115234,14236000
2023-03-07,46.189998626708984,46.27000045776367,44.119998931884766,44.45000076293945,24056800
2023-03-08,44.2599983215332,44.560001373291016,43.599998474121094,43.84000015258789,14852000
2023-03-09,43.439998626708984,43.529998779296875,40.83000183105469,41.130001068115234,33599800
2023-03-10,40.58000183105469,42.36000061035156,39.72999954223633,41.36000061035156,55435400
2023-03-13,39.79999923706055,40.54999923706055,38.209999084472656,38.40999984741211,78806900
2023-03-14,41.5,41.599998474121094,39.369998931884766,40.16999816894531,52855100
2023-03-15,38.29999923706055,38.97999954223633,38.08000183105469,38.849998474121094,47324600
2023-03-16,38.630001068115234,40.060001373291016,38.150001525878906,39.29999923706055,40388800
2023-03-17,38.7599983215332,38.7599983215332,37.529998779296875,37.7599983215332,47403800
2023-03-20,38.119998931884766,38.45000076293945,37.45000076293945,37.47999954223633,34283700
2023-03-21,38.599998474121094,38.959999084472656,38.36000061035156,38.47999954223633,34664700
2023-03-22,38.709999084472656,38.709999084472656,37.189998626708984,37.20000076293945,22994400
2023-03-23,37.4900016784668,37.63999938964844,36.5099983215332,36.61000061035156,30239900
2023-03-24,36.0,36.47999954223633,35.25,36.22999954223633,35694800
2023-03-27,37.02000045776367,37.689998626708984,36.959999084472656,37.470001220703125,27454600
2023-03-28,37.36000061035156,37.59000015258789,36.869998931884766,37.18000030517578,15270000
2023-03-29,37.599998474121094,38.0099983215332,37.29999923706055,37.970001220703125,20789100
2023-03-30,38.29999923706055,38.5,37.16999816894531,37.380001068115234,22340400
2023-03-31,37.72999954223633,37.95000076293945,37.310001373291016,37.380001068115234,30287900
2023-04-03,37.52000045776367,38.15999984741211,37.400001525878906,37.720001220703125,21541000
2023-04-04,37.70000076293945,37.79999923706055,36.38999938964844,36.810001373291016,21942700
2023-04-05,36.5,37.0099983215332,36.27000045776367,36.88999938964844,15486900
2023-04-06,37.11000061035156,38.099998474121094,37.060001373291016,37.900001525878906,23484900
2023-04-10,37.70000076293945,38.709999084472656,37.61000061035156,38.630001068115234,27005800
2023-04-11,38.77000045776367,39.540000915527344,38.709999084472656,39.369998931884766,25116100
2023-04-12,39.41999816894531,39.849998474121094,38.88999938964844,39.189998626708984,20252900
2023-04-13,39.31999969482422,39.68000030517578,39.040000915527344,39.65999984741211,22397800
2023-04-14,39.75,40.5099983215332,39.119998931884766,39.63999938964844,40963100
2023-04-17,39.83000183105469,41.29999923706055,39.560001373291016,41.29999923706055,31445100
2023-04-18,41.209999084472656,42.060001373291016,41.13999938964844,41.869998931884766,27892300
2023-04-19,41.970001220703125,42.40999984741211,41.790000915527344,42.2400016784668,23310500
2023-04-20,41.869998931884766,42.04999923706055,41.45000076293945,41.66999816894531,19265500
2023-04-21,41.209999084472656,41.400001525878906,40.209999084472656,41.2400016784668,23975300
2023-04-24,41.130001068115234,41.599998474121094,41.040000915527344,41.45000076293945,17327800
2023-04-25,40.70000076293945,41.060001373291016,40.38999938964844,40.54999923706055,20728000
2023-04-26,40.2400016784668,40.45000076293945,39.2400016784668,39.459999084472656,26915600
2023-04-27,39.529998779296875,39.779998779296875,39.31999969482422,39.65999984741211,21695800
2023-04-28,39.25,39.91999816894531,38.959999084472656,39.75,20193000
2023-05-01,40.4900016784668,41.18000030517578,40.189998626708984,40.38999938964844,26564300
2023-05-02,40.0099983215332,40.0099983215332,38.31999969482422,38.84000015258789,36239500
2023-05-03,39.029998779296875,39.66999816894531,38.61000061035156,38.650001525878906,25202700
2023-05-04,37.68000030517578,38.08000183105469,36.400001525878906,36.720001220703125,53247000
2023-05-05,37.459999084472656,38.279998779296875,37.33000183105469,37.939998626708984,27039700
2023-05-08,38.43000030517578,38.779998779296875,38.150001525878906,38.380001068115234,22735400
2023-05-09,37.939998626708984,38.66999816894531,37.77000045776367,38.540000915527344,18999100
2023-05-10,39.20000076293945,39.22999954223633,37.900001525878906,38.279998779296875,17941600
2023-05-11,37.7599983215332,38.47999954223633,37.40999984741211,38.33000183105469,18536200
2023-05-12,38.459999084472656,38.529998779296875,37.18000030517578,37.4900016784668,17658600
2023-05-15,37.599998474121094,39.099998474121094,37.459999084472656,38.77000045776367,24405800
2023-05-16,38.68000030517578,38.77000045776367,38.31999969482422,38.38999938964844,21821200
2023-05-17,38.9900016784668,40.61000061035156,38.88999938964844,40.459999084472656,29241600
2023-05-18,40.31999969482422,40.31999969482422,39.56999969482422,40.209999084472656,27213900
2023-05-19,40.33000183105469,40.459999084472656,39.619998931884766,40.029998779296875,19774900
2023-05-22,40.20000076293945,41.22999954223633,40.099998474121094,40.97999954223633,27519400
2023-05-23,41.0099983215332,42.119998931884766,40.97999954223633,41.209999084472656,26116600
2023-05-24,40.88999938964844,41.290000915527344,40.68000030517578,40.869998931884766,21193700
2023-05-25,40.619998931884766,41.290000915527344,40.52000045776367,40.900001525878906,17691800
2023-05-26,40.900001525878906,41.52000045776367,40.7599983215332,41.22999954223633,17399400
2023-05-30,41.2400016784668,41.41999816894531,40.34000015258789,40.97999954223633,14752600
2023-05-31,40.290000915527344,40.470001220703125,39.29999923706055,39.810001373291016,27221100
2023-06-01,40.209999084472656,40.529998779296875,39.68000030517578,40.060001373291016,17079400
2023-06-02,40.619998931884766,41.54999923706055,40.380001068115234,41.2400016784668,16906100
2023-06-05,41.15999984741211,41.15999984741211,40.439998626708984,40.45000076293945,18443900
2023-06-06,40.400001525878906,41.619998931884766,40.2599983215332,41.2599983215332,18825100
2023-06-07,41.45000076293945,42.13999938964844,40.9900016784668,42.06999969482422,17781800
2023-06-08,41.70000076293945,42.400001525878906,41.560001373291016,42.369998931884766,17157300
2023-06-09,42.33000183105469,42.470001220703125,42.029998779296875,42.130001068115234,11098900
2023-06-12,42.11000061035156,42.7599983215332,41.40999984741211,41.83000183105469,19433400
2023-06-13,41.68000030517578,43.34000015258789,41.529998779296875,42.650001525878906,18864000
2023-06-14,42.75,42.9900016784668,41.9900016784668,42.08000183105469,14826100
2023-06-15,41.81999969482422,42.41999816894531,41.619998931884766,42.36000061035156,14188200
2023-06-16,42.58000183105469,42.7400016784668,42.060001373291016,42.18000030517578,36422100
2023-06-20,42.119998931884766,42.13999938964844,41.34000015258789,41.88999938964844,16679600
2023-06-21,41.849998474121094,41.959999084472656,41.529998779296875,41.650001525878906,11686500
2023-06-22,41.54999923706055,41.630001068115234,40.91999816894531,41.060001373291016,11504400
2023-06-23,40.529998779296875,40.7400016784668,40.29999923706055,40.61000061035156,18952000
2023-06-26,40.779998779296875,41.220001220703125,40.459999084472656,40.59000015258789,13618500
2023-06-27,40.619998931884766,41.060001373291016,40.34000015258789,40.90999984741211,11749600
2023-06-28,40.91999816894531,40.939998626708984,40.380001068115234,40.619998931884766,13959600
2023-06-29,41.47999954223633,42.5099983215332,41.369998931884766,42.45000076293945,23956300
2023-06-30,42.95000076293945,43.220001220703125,42.619998931884766,42.68000030517578,20062200
2023-07-03,42.880001068115234,43.599998474121094,42.7400016784668,43.400001525878906,9249100
2023-07-05,43.22999954223633,43.619998931884766,42.77000045776367,43.47999954223633,15722200
2023-07-06,43.220001220703125,43.310001373291016,42.2400016784668,42.88999938964844,14978600
2023-07-07,42.59000015258789,43.43000030517578,42.59000015258789,42.77000045776367,13506500
2023-07-10,42.709999084472656,42.9900016784668,42.279998779296875,42.31999969482422,16675800
2023-07-11,42.349998474121094,42.93000030517578,42.06999969482422,42.7400016784668,15401100
2023-07-12,43.310001373291016,43.849998474121094,43.0099983215332,43.2599983215332,13998300
2023-07-13,43.470001220703125,43.7599983215332,43.29999923706055,43.709999084472656,18034800
2023-07-14,44.75,45.310001373291016,43.29999923706055,43.560001373291016,30897600
2023-07-17,43.560001373291016,45.130001068115234,43.54999923706055,44.7400016784668,25173900
2023-07-18,44.77000045776367,45.70000076293945,44.599998474121094,45.599998474121094,24183200
2023-07-19,45.93000030517578,46.56999969482422,45.540000915527344,46.2599983215332,18932700
2023-07-20,46.369998931884766,47.2400016784668,46.209999084472656,47.130001068115234,18927200
2023-07-21,47.18000030517578,47.209999084472656,45.95000076293945,45.959999084472656,16215400
2023-07-24,45.970001220703125,46.83000183105469,45.959999084472656,46.41999816894531,12053200
2023-07-25,46.38999938964844,46.63999938964844,45.43000030517578,45.47999954223633,13537400
2023-07-26,46.47999954223633,46.83000183105469,46.11000061035156,46.439998626708984,19520900
2023-07-27,46.560001373291016,47.16999816894531,45.58000183105469,45.77000045776367,19509600
2023-07-28,46.04999923706055,46.22999954223633,45.56999969482422,46.13999938964844,12616400
2023-07-31,46.34000015258789,46.68000030517578,45.86000061035156,46.15999984741211,11696600
2023-08-01,46.0099983215332,46.15999984741211,45.34000015258789,45.709999084472656,12699200
2023-08-02,45.099998474121094,45.16999816894531,44.560001373291016,45.099998474121094,13911700
2023-08-03,44.709999084472656,45.38999938964844,44.5099983215332,45.150001525878906,12145400
2023-08-04,45.099998474121094,45.70000076293945,44.709999084472656,44.849998474121094,10840800
2023-08-07,45.18000030517578,45.459999084472656,44.91999816894531,45.060001373291016,10860300
2023-08-08,43.97999954223633,44.54999923706055,43.380001068115234,44.47999954223633,14520000
2023-08-09,44.220001220703125,44.25,43.56999969482422,43.720001220703125,11973800
2023-08-10,44.0,44.38999938964844,43.619998931884766,43.66999816894531,11982200
2023-08-11,43.5099983215332,43.849998474121094,43.380001068115234,43.72999954223633,7316000
2023-08-14,43.529998779296875,43.90999984741211,43.27000045776367,43.7400016784668,10677000
2023-08-15,43.130001068115234,43.2599983215332,42.52000045776367,42.72999954223633,13835900
2023-08-16,42.65999984741211,42.72999954223633,42.13999938964844,42.220001220703125,10076700
2023-08-17,42.470001220703125,42.75,42.2599983215332,42.470001220703125,12686000
2023-08-18,42.099998474121094,42.790000915527344,42.04999923706055,42.5,10797300
2023-08-21,42.650001525878906,42.869998931884766,42.119998931884766,42.4900016784668,12600400
2023-08-22,42.459999084472656,42.56999969482422,41.43000030517578,41.5,13634500
2023-08-23,41.560001373291016,41.63999938964844,41.220001220703125,41.61000061035156,11927400
2023-08-24,41.45000076293945,42.18000030517578,41.38999938964844,41.43000030517578,10363300
2023-08-25,41.63999938964844,41.79999923706055,40.77000045776367,41.22999954223633,12534700
2023-08-28,41.40999984741211,42.06999969482422,41.290000915527344,41.880001068115234,10314500
2023-08-29,41.869998931884766,42.369998931884766,41.650001525878906,42.0,14404800
2023-08-30,42.060001373291016,42.130001068115234,41.470001220703125,41.540000915527344,12536300
2023-08-31,41.68000030517578,41.709999084472656,41.11000061035156,41.290000915527344,21534900
2023-09-01,41.54999923706055,41.9900016784668,41.5099983215332,41.650001525878906,12890300
2023-09-05,41.650001525878906,42.279998779296875,41.310001373291016,41.540000915527344,14337200
2023-09-06,41.209999084472656,41.400001525878906,40.599998474121094,41.02000045776367,18775400
2023-09-07,40.72999954223633,41.02000045776367,40.29999923706055,40.43000030517578,13801000
2023-09-08,40.45000076293945,41.119998931884766,40.33000183105469,41.0,13921200
2023-09-11,41.380001068115234,41.720001220703125,41.209999084472656,41.33000183105469,15053800
2023-09-12,41.40999984741211,42.970001220703125,41.27000045776367,42.540000915527344,18393900
2023-09-13,42.709999084472656,42.880001068115234,42.119998931884766,42.25,15274200
2023-09-14,42.810001373291016,43.38999938964844,42.70000076293945,43.04999923706055,20764500
2023-09-15,42.66999816894531,43.310001373291016,42.61000061035156,42.95000076293945,47371800
2023-09-18,42.9900016784668,43.599998474121094,42.77000045776367,43.43000030517578,15849700
2023-09-19,43.54999923706055,43.7400016784668,42.900001525878906,43.220001220703125,15318100
2023-09-20,43.400001525878906,43.720001220703125,42.81999969482422,42.869998931884766,16788100
2023-09-21,42.75,43.16999816894531,42.290000915527344,42.31999969482422,14990500
2023-09-22,42.33000183105469,42.38999938964844,41.150001525878906,41.22999954223633,16780300
2023-09-25,40.880001068115234,41.619998931884766,40.77000045776367,41.560001373291016,10624000
2023-09-26,41.04999923706055,41.310001373291016,40.36000061035156,40.650001525878906,15219400
2023-09-27,40.630001068115234,41.20000076293945,40.459999084472656,40.86000061035156,11815500
2023-09-28,40.84000015258789,41.20000076293945,40.720001220703125,40.90999984741211,12454600
2023-09-29,41.20000076293945,41.38999938964844,40.58000183105469,40.86000061035156,13124500
2023-10-02,40.70000076293945,40.7599983215332,39.439998626708984,39.61000061035156,15102000
2023-10-03,39.380001068115234,39.470001220703125,38.470001220703125,38.66999816894531,19252900
2023-10-04,38.5099983215332,39.11000061035156,38.38999938964844,38.970001220703125,14343500
2023-10-05,38.7599983215332,39.41999816894531,38.599998474121094,39.29999923706055,11820600
2023-10-06,38.88999938964844,39.88999938964844,38.7599983215332,39.689998626708984,13976800
2023-10-09,39.11000061035156,39.79999923706055,39.099998474121094,39.70000076293945,12096600
2023-10-10,39.91999816894531,40.380001068115234,39.720001220703125,39.81999969482422,14429700
2023-10-11,40.0099983215332,40.209999084472656,39.25,39.689998626708984,14835900
2023-10-12,39.689998626708984,40.0099983215332,39.31999969482422,39.7400016784668,14878100
2023-10-13,40.83000183105469,41.63999938964844,40.470001220703125,40.959999084472656,28077900
2023-10-16,41.470001220703125,42.16999816894531,41.400001525878906,41.650001525878906,18419000
2023-10-17,41.43000030517578,42.369998931884766,41.43000030517578,41.97999954223633,16982300
2023-10-18,41.70000076293945,41.939998626708984,41.349998474121094,41.529998779296875,16053200
2023-10-19,41.47999954223633,42.220001220703125,41.15999984741211,41.18000030517578,16120300
2023-10-20,41.04999923706055,41.09000015258789,39.939998626708984,40.27000045776367,17498900
2023-10-23,40.2599983215332,40.380001068115234,39.41999816894531,39.47999954223633,13785800
2023-10-24,39.619998931884766,39.83000183105469,39.2400016784668,39.279998779296875,15097800
2023-10-25,39.06999969482422,39.209999084472656,38.58000183105469,39.029998779296875,13849000
2023-10-26,39.02000045776367,39.97999954223633,38.97999954223633,39.650001525878906,15480300
2023-10-27,39.380001068115234,39.40999984741211,38.619998931884766,38.7599983215332,13582800
2023-10-30,39.099998474121094,39.59000015258789,38.689998626708984,39.43000030517578,14141900
2023-10-31,39.63999938964844,39.810001373291016,39.2400016784668,39.77000045776367,11919200
2023-11-01,39.959999084472656,39.97999954223633,39.279998779296875,39.61000061035156,19850300
2023-11-02,39.7400016784668,40.540000915527344,39.38999938964844,40.5099983215332,19998500
2023-11-03,41.16999816894531,41.86000061035156,41.06999969482422,41.619998931884766,16147500
2023-11-06,41.790000915527344,41.790000915527344,41.150001525878906,41.34000015258789,15148600
2023-11-07,41.18000030517578,41.20000076293945,40.7400016784668,41.040000915527344,13796900
2023-11-08,41.06999969482422,41.189998626708984,40.43000030517578,40.97999954223633,19418700
2023-11-09,41.29999923706055,41.380001068115234,40.27000045776367,40.400001525878906,14006500
2023-11-10,40.630001068115234,40.95000076293945,40.36000061035156,40.88999938964844,14706600
2023-11-13,40.7400016784668,41.060001373291016,40.529998779296875,40.77000045776367,12159700
2023-11-14,41.5,42.380001068115234,41.459999084472656,42.08000183105469,20183800
2023-11-15,42.06999969482422,43.029998779296875,42.06999969482422,42.84000015258789,17268100
2023-11-16,42.81999969482422,42.959999084472656,41.9900016784668,42.529998779296875,16931200
2023-11-17,42.83000183105469,42.9900016784668,42.439998626708984,42.959999084472656,13893800
2023-11-20,42.86000061035156,42.95000076293945,42.5099983215332,42.790000915527344,10369100
2023-11-21,42.63999938964844,42.72999954223633,42.150001525878906,42.599998474121094,16078400
2023-11-22,42.65999984741211,42.83000183105469,42.400001525878906,42.779998779296875,11862200
2023-11-24,42.79999923706055,43.11000061035156,42.72999954223633,42.91999816894531,5287200
2023-11-27,42.63999938964844,43.029998779296875,42.52000045776367,43.02000045776367,15715000
2023-11-28,42.970001220703125,43.45000076293945,42.790000915527344,43.369998931884766,15332900
2023-11-29,43.689998626708984,44.13999938964844,43.630001068115234,43.779998779296875,16746000
2023-11-30,43.810001373291016,44.75,43.47999954223633,44.59000015258789,23247500
2023-12-01,44.5099983215332,45.2400016784668,44.380001068115234,45.02000045776367,18116100
2023-12-04,44.709999084472656,45.33000183105469,44.52000045776367,45.119998931884766,13424000
2023-12-05,44.95000076293945,44.970001220703125,44.40999984741211,44.4900016784668,14531700
2023-12-06,44.79999923706055,45.25,44.43000030517578,44.5,18923800
2023-12-07,44.790000915527344,45.439998626708984,44.650001525878906,45.400001525878906,18787800
2023-12-08,45.36000061035156,46.34000015258789,45.119998931884766,46.099998474121094,20238400
2023-12-11,45.900001525878906,46.220001220703125,45.56999969482422,46.0,21116900
2023-12-12,45.939998626708984,46.7599983215332,45.810001373291016,46.470001220703125,19787100
2023-12-13,46.5,47.779998779296875,46.349998474121094,47.7599983215332,26549100
2023-12-14,48.439998626708984,50.54999923706055,48.439998626708984,50.5099983215332,41115400
2023-12-15,50.099998474121094,50.77000045776367,49.91999816894531,50.310001373291016,44099200
2023-12-18,50.40999984741211,50.47999954223633,49.529998779296875,49.65999984741211,20531700
2023-12-19,49.66999816894531,50.31999969482422,49.310001373291016,50.09000015258789,20556400
2023-12-20,49.83000183105469,50.56999969482422,49.290000915527344,49.34000015258789,20481500
2023-12-21,49.619998931884766,49.83000183105469,49.130001068115234,49.45000076293945,11127700
2023-12-22,49.65999984741211,49.86000061035156,49.09000015258789,49.18000030517578,10450400
2023-12-26,49.15999984741211,49.66999816894531,49.029998779296875,49.63999938964844,8856600
2023-12-27,49.40999984741211,49.56999969482422,49.150001525878906,49.33000183105469,12536700
2023-12-28,49.13999938964844,49.650001525878906,49.09000015258789,49.47999954223633,9872600
2023-12-29,49.349998474121094,49.58000183105469,49.209999084472656,49.220001220703125,11733600
2024-01-02,49.04999923706055,49.7599983215332,48.81999969482422,49.33000183105469,14916000
2024-01-03,49.09000015258789,49.09000015258789,48.31999969482422,48.68000030517578,21653600
2024-01-04,48.81999969482422,49.86000061035156,48.77000045776367,49.279998779296875,15917500
2024-01-05,49.400001525878906,50.470001220703125,49.290000915527344,49.91999816894531,15074800
2024-01-08,49.380001068115234,49.9900016784668,49.150001525878906,49.91999816894531,15119700
2024-01-09,49.439998626708984,49.459999084472656,49.04999923706055,49.290000915527344,13625200
2024-01-10,49.0,49.119998931884766,48.61000061035156,49.08000183105469,11849800
2024-01-11,48.88999938964844,49.08000183105469,48.34000015258789,49.040000915527344,21049200
2024-01-12,47.95000076293945,48.779998779296875,47.0,47.400001525878906,30454100
2024-01-16,46.77000045776367,47.060001373291016,46.220001220703125,46.81999969482422,25209900
2024-01-17,46.2400016784668,47.060001373291016,46.209999084472656,46.66999816894531,17445600
2024-01-18,46.54999923706055,46.619998931884766,46.119998931884766,46.439998626708984,17901300
2024-01-19,46.630001068115234,48.18000030517578,46.380001068115234,48.119998931884766,25606900
2024-01-22,48.22999954223633,48.93000030517578,48.15999984741211,48.529998779296875,19372200
2024-01-23,48.650001525878906,49.220001220703125,48.400001525878906,49.119998931884766,16422100
2024-01-24,49.369998931884766,50.09000015258789,49.25,49.4900016784668,17776000
2024-01-25,49.68000030517578,49.939998626708984,49.5,49.880001068115234,17979600
2024-01-26,49.84000015258789,50.5,49.77000045776367,50.31999969482422,19211100
2024-01-29,50.15999984741211,50.66999816894531,49.9900016784668,50.349998474121094,16725200
2024-01-30,50.630001068115234,51.27000045776367,50.619998931884766,51.189998626708984,14736800
2024-01-31,51.0099983215332,51.439998626708984,50.15999984741211,50.18000030517578,20394400
2024-02-01,49.81999969482422,49.970001220703125,47.880001068115234,48.72999954223633,27566100
2024-02-02,48.5,49.56999969482422,48.060001373291016,49.15999984741211,19329000
2024-02-05,48.61000061035156,48.91999816894531,48.2400016784668,48.70000076293945,14202700
2024-02-06,48.52000045776367,49.119998931884766,48.0099983215332,48.290000915527344,13926600
2024-02-07,48.45000076293945,48.599998474121094,47.45000076293945,48.47999954223633,15839600
2024-02-08,48.18000030517578,48.5,48.060001373291016,48.349998474121094,10839200
2024-02-09,48.220001220703125,48.27000045776367,47.470001220703125,48.060001373291016,16594000
2024-02-12,48.0,49.290000915527344,47.880001068115234,48.91999816894531,14101900
2024-02-13,48.400001525878906,48.709999084472656,47.59000015258789,48.2400016784668,13660100
2024-02-14,48.599998474121094,48.720001220703125,47.959999084472656,48.529998779296875,12683400
2024-02-15,48.72999954223633,52.45000076293945,48.619998931884766,52.040000915527344,46473600
2024-02-16,51.939998626708984,52.31999969482422,51.31999969482422,51.90999984741211,24359700
2024-02-20,51.5,52.2400016784668,51.27000045776367,51.77000045776367,19839100
2024-02-21,51.63999938964844,52.68000030517578,51.130001068115234,52.65999984741211,18562500
2024-02-22,52.83000183105469,53.90999984741211,52.75,53.369998931884766,20467900
2024-02-23,53.529998779296875,54.02000045776367,53.41999816894531,53.86000061035156,20863500
2024-02-26,53.75,54.560001373291016,53.68000030517578,54.130001068115234,18099900
2024-02-27,54.279998779296875,54.88999938964844,54.2400016784668,54.810001373291016,19548200
2024-02-28,54.7400016784668,55.41999816894531,54.56999969482422,54.720001220703125,20045200
2024-02-29,55.040000915527344,55.70000076293945,54.939998626708984,55.59000015258789,28335600
2024-03-01,55.400001525878906,55.75,54.900001525878906,55.060001373291016,17761000
2024-03-04,54.869998931884766,56.560001373291016,54.72999954223633,55.810001373291016,19483500
2024-03-05,55.709999084472656,57.099998474121094,55.43000030517578,56.599998474121094,21786100
2024-03-06,56.81999969482422,57.38999938964844,56.27000045776367,57.11000061035156,25418600
2024-03-07,57.04999923706055,57.68000030517578,56.869998931884766,57.0,18116300
2024-03-08,57.209999084472656,57.540000915527344,56.880001068115234,57.06999969482422,17872500
2024-03-11,56.779998779296875,57.349998474121094,56.52000045776367,57.09000015258789,16622000
2024-03-12,57.25,58.11000061035156,57.099998474121094,57.61000061035156,23622800
2024-03-13,57.619998931884766,58.439998626708984,57.619998931884766,57.81999969482422,17444900
2024-03-14,57.869998931884766,58.130001068115234,57.119998931884766,57.369998931884766,24851100
2024-03-15,56.86000061035156,58.29999923706055,56.86000061035156,57.5099983215332,40782800
2024-03-18,57.599998474121094,57.83000183105469,57.11000061035156,57.77000045776367,16376500
2024-03-19,57.650001525878906,57.939998626708984,56.91999816894531,57.0099983215332,14504800
2024-03-20,56.619998931884766,57.5099983215332,56.279998779296875,57.29999923706055,22841600
2024-03-21,57.59000015258789,58.119998931884766,57.45000076293945,57.849998474121094,18141700
2024-03-22,57.810001373291016,58.02000045776367,57.119998931884766,57.130001068115234,13736600
2024-03-25,57.08000183105469,57.33000183105469,56.369998931884766,56.72999954223633,15028200
2024-03-26,57.13999938964844,57.150001525878906,56.59000015258789,56.68000030517578,11445900
2024-03-27,56.380001068115234,57.63999938964844,56.380001068115234,57.61000061035156,13762800
2024-03-28,57.65999984741211,58.08000183105469,57.560001373291016,57.959999084472656,14619000
2024-04-01,57.880001068115234,57.880001068115234,57.2599983215332,57.61000061035156,11039500
2024-04-02,57.36000061035156,58.0,57.189998626708984,57.349998474121094,14632900
2024-04-03,57.20000076293945,57.959999084472656,56.849998474121094,57.130001068115234,13226500
2024-04-04,57.72999954223633,58.0,56.540000915527344,56.68000030517578,12361900
2024-04-05,56.630001068115234,57.619998931884766,56.56999969482422,57.400001525878906,11081000
2024-04-08,57.380001068115234,57.97999954223633,57.310001373291016,57.790000915527344,15308800
2024-04-09,57.70000076293945,57.9900016784668,56.869998931884766,57.58000183105469,10643800
2024-04-10,56.790000915527344,57.29999923706055,56.41999816894531,56.939998626708984,16475200
2024-04-11,56.97999954223633,57.0,55.630001068115234,56.689998626708984,18995600
2024-04-12,55.970001220703125,57.0,55.34000015258789,56.470001220703125,27876700
2024-04-15,57.61000061035156,57.97999954223633,56.7400016784668,56.970001220703125,19407500
2024-04-16,56.900001525878906,56.959999084472656,55.65999984741211,56.40999984741211,25620000
2024-04-17,56.880001068115234,57.630001068115234,56.650001525878906,57.18000030517578,18867700
2024-04-18,57.630001068115234,59.130001068115234,57.220001220703125,58.7400016784668,24468500
2024-04-19,59.0,60.849998474121094,58.86000061035156,60.349998474121094,34334300
2024-04-22,60.400001525878906,61.4900016784668,60.34000015258789,61.099998474121094,21753400
2024-04-23,61.16999816894531,61.7599983215332,60.810001373291016,60.939998626708984,21731200
2024-04-24,60.599998474121094,60.95000076293945,60.04999923706055,60.599998474121094,19731600
2024-04-25,60.61000061035156,60.959999084472656,59.599998474121094,59.93000030517578,24002500
2024-04-26,59.779998779296875,60.43000030517578,59.380001068115234,59.90999984741211,18785900
2024-04-29,59.86000061035156,60.29999923706055,59.36000061035156,59.79999923706055,15338400
2024-04-30,59.599998474121094,59.9900016784668,59.29999923706055,59.31999969482422,18007700
2024-05-01,59.58000183105469,60.150001525878906,59.33000183105469,59.52000045776367,16365400
2024-05-02,60.119998931884766,60.150001525878906,59.31999969482422,59.83000183105469,15329500
2024-05-03,60.029998779296875,60.2599983215332,59.119998931884766,59.939998626708984,17298500
2024-05-06,60.470001220703125,60.880001068115234,59.84000015258789,60.189998626708984,16240100
2024-05-07,60.279998779296875,60.61000061035156,60.060001373291016,60.2599983215332,16268200
2024-05-08,60.150001525878906,61.43000030517578,60.099998474121094,61.22999954223633,18718400
2024-05-09,60.7400016784668,61.369998931884766,60.47999954223633,61.279998779296875,14224300
2024-05-10,61.459999084472656,61.970001220703125,61.459999084472656,61.88999938964844,14428200
2024-05-13,61.959999084472656,62.16999816894531,61.209999084472656,61.2599983215332,15203500
2024-05-14,61.560001373291016,61.9900016784668,61.02000045776367,61.88999938964844,14499600
2024-05-15,62.20000076293945,62.54999923706055,61.869998931884766,62.34000015258789,17489600
2024-05-16,62.45000076293945,62.47999954223633,60.970001220703125,61.060001373291016,21104100
2024-05-17,61.40999984741211,61.630001068115234,60.88999938964844,61.08000183105469,15795800
2024-05-20,60.97999954223633,61.790000915527344,60.59000015258789,60.70000076293945,15029000
2024-05-21,60.81999969482422,61.70000076293945,60.779998779296875,61.459999084472656,18422100
2024-05-22,61.29999923706055,61.45000076293945,60.5099983215332,60.93000030517578,10340500
2024-05-23,60.75,60.779998779296875,59.36000061035156,59.68000030517578,13056100
2024-05-24,60.040000915527344,60.38999938964844,59.869998931884766,60.209999084472656,9913000
2024-05-28,59.970001220703125,60.18000030517578,59.189998626708984,59.47999954223633,11276300
2024-05-29,58.869998931884766,58.939998626708984,58.41999816894531,58.75,12835000
2024-05-30,58.81999969482422,59.38999938964844,58.599998474121094,59.209999084472656,13580800
2024-05-31,59.27000045776367,59.9900016784668,58.970001220703125,59.91999816894531,25386600
2024-06-03,60.20000076293945,60.20000076293945,58.599998474121094,59.34000015258789,13206500
2024-06-04,58.81999969482422,59.47999954223633,58.34000015258789,58.70000076293945,12520700
2024-06-05,58.86000061035156,58.91999816894531,58.130001068115234,58.68000030517578,11199100
2024-06-06,58.779998779296875,59.0,57.5,57.72999954223633,18587400
2024-06-07,57.56999969482422,58.68000030517578,57.56999969482422,58.36000061035156,14466700
2024-06-10,57.900001525878906,58.130001068115234,57.369998931884766,57.93000030517578,12787500
2024-06-11,57.75,57.75,56.5099983215332,57.130001068115234,19197800
2024-06-12,58.279998779296875,58.45000076293945,57.15999984741211,57.29999923706055,16929800
2024-06-13,57.45000076293945,57.619998931884766,56.689998626708984,57.27000045776367,15963700
2024-06-14,56.9900016784668,57.61000061035156,56.619998931884766,57.400001525878906,15375400
2024-06-17,57.209999084472656,58.25,57.06999969482422,58.2400016784668,18361100
2024-06-18,58.209999084472656,59.04999923706055,57.900001525878906,59.04999923706055,15547400
2024-06-20,58.7400016784668,59.20000076293945,58.59000015258789,58.959999084472656,11985500
2024-06-21,58.29999923706055,58.459999084472656,57.31999969482422,58.099998474121094,62732600
2024-06-24,58.4900016784668,59.459999084472656,58.27000045776367,59.0099983215332,16198300
2024-06-25,58.77000045776367,59.0,57.18000030517578,57.20000076293945,26726900
2024-06-26,57.220001220703125,57.79999923706055,56.83000183105469,57.0099983215332,30425700
2024-06-27,56.40999984741211,57.470001220703125,56.33000183105469,57.41999816894531,13832200
2024-06-28,58.09000015258789,59.45000076293945,58.09000015258789,59.38999938964844,31074500
2024-07-01,59.61000061035156,60.61000061035156,59.56999969482422,60.59000015258789,14470200
2024-07-02,60.4900016784668,61.18000030517578,60.13999938964844,60.970001220703125,9543700
2024-07-03,61.0,61.13999938964844,60.15999984741211,60.65999984741211,6698800
2024-07-05,60.5,60.65999984741211,59.11000061035156,59.619998931884766,11436300
2024-07-08,59.970001220703125,60.40999984741211,58.65999984741211,59.0099983215332,12480000
2024-07-09,59.08000183105469,60.41999816894531,58.91999816894531,59.880001068115234,12233800
2024-07-10,59.540000915527344,59.9900016784668,59.380001068115234,59.720001220703125,12097200
2024-07-11,59.400001525878906,60.709999084472656,59.279998779296875,60.15999984741211,16852800
2024-07-12,56.20000076293945,56.91999816894531,55.599998474121094,56.540000915527344,53042800
2024-07-15,57.04999923706055,58.2400016784668,57.040000915527344,57.72999954223633,27277300
2024-07-16,58.040000915527344,60.619998931884766,57.529998779296875,60.2400016784668,25577300
2024-07-17,60.15999984741211,61.0,59.88999938964844,60.90999984741211,17371100
2024-07-18,60.619998931884766,60.81999969482422,58.9900016784668,59.2400016784668,17739000
2024-07-19,59.29999923706055,59.77000045776367,59.11000061035156,59.22999954223633,12362800
2024-07-22,59.2599983215332,59.38999938964844,58.540000915527344,59.13999938964844,13638600
2024-07-23,59.20000076293945,59.90999984741211,59.040000915527344,59.66999816894531,10927800
2024-07-24,59.77000045776367,60.209999084472656,59.369998931884766,59.439998626708984,10777100
2024-07-25,59.560001373291016,60.72999954223633,59.45000076293945,59.70000076293945,14119600
2024-07-26,59.849998474121094,60.45000076293945,59.56999969482422,60.38999938964844,12538900
2024-07-29,60.7400016784668,60.83000183105469,59.349998474121094,59.59000015258789,8986200
2024-07-30,60.459999084472656,60.72999954223633,59.88999938964844,60.0099983215332,11503900
2024-07-31,59.81999969482422,60.119998931884766,59.20000076293945,59.34000015258789,11535800
2024-08-01,59.2599983215332,59.34000015258789,56.52000045776367,56.880001068115234,17752700
2024-08-02,55.18000030517578,55.56999969482422,52.79999923706055,53.2599983215332,27642600
2024-08-05,51.29999923706055,52.400001525878906,50.150001525878906,52.119998931884766,28594000
2024-08-06,52.279998779296875,52.959999084472656,52.04999923706055,52.36000061035156,18723500
2024-08-07,53.150001525878906,53.4900016784668,52.150001525878906,52.290000915527344,18407500
2024-08-08,52.970001220703125,53.31999969482422,52.650001525878906,52.7599983215332,16176000
2024-08-09,52.29999923706055,52.83000183105469,52.06999969482422,52.7599983215332,11669000
2024-08-12,52.90999984741211,53.470001220703125,51.68000030517578,52.060001373291016,18090100
2024-08-13,52.36000061035156,52.959999084472656,51.810001373291016,52.869998931884766,12268600
2024-08-14,53.029998779296875,53.779998779296875,52.720001220703125,53.65999984741211,13217200
2024-08-15,54.5,55.16999816894531,54.43000030517578,54.56999969482422,16549400
2024-08-16,54.779998779296875,55.43000030517578,54.61000061035156,55.33000183105469,19173900
2024-08-19,55.349998474121094,56.459999084472656,55.2599983215332,56.45000076293945,12792900
2024-08-20,56.029998779296875,56.720001220703125,55.91999816894531,56.150001525878906,12533500
2024-08-21,56.439998626708984,56.45000076293945,55.20000076293945,55.459999084472656,13691700
2024-08-22,55.70000076293945,56.369998931884766,55.65999984741211,55.959999084472656,15683000
2024-08-23,56.41999816894531,57.400001525878906,56.31999969482422,56.70000076293945,17074400
2024-08-26,57.02000045776367,57.150001525878906,56.540000915527344,56.720001220703125,9478800
2024-08-27,56.709999084472656,56.91999816894531,56.15999984741211,56.2599983215332,7638500
2024-08-28,56.060001373291016,57.36000061035156,56.029998779296875,57.06999969482422,11905200
2024-08-29,57.310001373291016,57.77000045776367,56.5099983215332,57.349998474121094,9283300
2024-08-30,57.45000076293945,58.58000183105469,57.380001068115234,58.470001220703125,20377300
2024-09-03,58.619998931884766,58.95000076293945,57.900001525878906,58.369998931884766,15933600
2024-09-04,58.4900016784668,59.0,57.720001220703125,58.119998931884766,10985800
2024-09-05,58.619998931884766,58.68000030517578,56.540000915527344,56.86000061035156,18301000
2024-09-06,56.68000030517578,56.779998779296875,53.689998626708984,54.0,21853800
2024-09-09,54.72999954223633,55.08000183105469,54.43000030517578,54.59000015258789,17134800
2024-09-10,56.0,56.099998474121094,53.380001068115234,53.95000076293945,24650000
2024-09-11,53.720001220703125,53.86000061035156,52.43000030517578,53.72999954223633,17322000
2024-09-12,53.72999954223633,54.34000015258789,50.220001220703125,51.56999969482422,42594200
2024-09-13,51.86000061035156,53.040000915527344,51.75,52.779998779296875,24762000
2024-09-16,52.810001373291016,53.93000030517578,52.810001373291016,53.790000915527344,18066200
2024-09-17,53.970001220703125,55.06999969482422,53.970001220703125,54.5099983215332,15885200
2024-09-18,54.459999084472656,55.189998626708984,54.099998474121094,54.2599983215332,20109000
2024-09-19,55.0099983215332,56.0099983215332,54.650001525878906,55.79999923706055,21399000
2024-09-20,55.349998474121094,56.290000915527344,54.880001068115234,56.290000915527344,45276000
2024-09-23,56.2599983215332,56.52000045776367,54.900001525878906,55.11000061035156,14759300
2024-09-24,55.119998931884766,55.189998626708984,53.790000915527344,54.15999984741211,16365600
2024-09-25,54.279998779296875,54.33000183105469,53.40999984741211,53.61000061035156,10555700
2024-09-26,54.040000915527344,57.11000061035156,53.31999969482422,56.38999938964844,34463400
2024-09-27,56.619998931884766,56.619998931884766,55.79999923706055,55.900001525878906,13530400
2024-09-30,55.65999984741211,56.52000045776367,55.47999954223633,56.4900016784668,16284200
2024-10-01,56.0,56.029998779296875,55.20000076293945,55.38999938964844,11069400
2024-10-02,55.33000183105469,55.810001373291016,54.91999816894531,55.29999923706055,9007200
2024-10-03,55.08000183105469,55.209999084472656,54.40999984741211,54.97999954223633,8135300
2024-10-04,55.9900016784668,57.130001068115234,55.97999954223633,56.959999084472656,14582800
2024-10-07,57.22999954223633,57.630001068115234,56.79999923706055,57.15999984741211,11177800
2024-10-08,58.279998779296875,58.279998779296875,57.27000045776367,57.29999923706055,12073000
2024-10-09,57.31999969482422,57.72999954223633,57.06999969482422,57.540000915527344,12415300
2024-10-10,57.720001220703125,58.38999938964844,57.349998474121094,57.75,12744000
2024-10-11,59.959999084472656,61.720001220703125,59.91999816894531,60.9900016784668,37049200
2024-10-14,61.27000045776367,63.349998474121094,60.939998626708984,62.15999984741211,30758800
2024-10-15,62.90999984741211,63.81999969482422,62.22999954223633,63.029998779296875,24693400
2024-10-16,63.2400016784668,64.08000183105469,63.119998931884766,63.88999938964844,17412600
2024-10-17,64.48999786376953,64.72000122070312,63.5,64.37999725341797,15073500
2024-10-18,64.41000366210938,64.77999877929688,63.83000183105469,64.36000061035156,19234000
2024-10-21,64.4800033569336,64.69000244140625,63.91999816894531,64.0199966430664,15603400
2024-10-22,64.0199966430664,65.20999908447266,64.0,64.80999755859375,26164900
2024-10-23,64.7699966430664,65.05000305175781,63.86000061035156,64.55999755859375,18380900
2024-10-24,64.61000061035156,65.56999969482422,64.33000183105469,65.43000030517578,18393300
2024-10-25,65.8499984741211,65.94999694824219,64.25,64.52999877929688,14855500
2024-10-28,65.0,65.75,64.80999755859375,65.61000061035156,16158900
2024-10-29,65.48999786376953,66.0,65.23999786376953,65.30000305175781,13205500
2024-10-30,65.12999725341797,66.4000015258789,65.12999725341797,65.41000366210938,16021700
2024-10-31,65.0999984741211,65.75,64.62999725341797,64.91999816894531,12963200
2024-11-01,65.22000122070312,65.58000183105469,64.62000274658203,64.68000030517578,13313900
2024-11-04,64.55999755859375,64.6500015258789,63.04999923706055,63.70000076293945,12607400
2024-11-05,64.0,64.5,63.619998931884766,64.06999969482422,13447200
2024-11-06,73.30000305175781,74.2699966430664,69.94999694824219,72.47000122070312,63689100
2024-11-07,71.63999938964844,71.66999816894531,69.73999786376953,69.81999969482422,18681200
2024-11-08,70.01000213623047,70.12999725341797,69.36000061035156,70.04000091552734,14270900
2024-11-11,71.0199966430664,73.25,71.0199966430664,72.55999755859375,17117800
2024-11-12,72.77999877929688,73.37000274658203,72.11000061035156,72.5999984741211,17848200
2024-11-13,72.75,73.95999908447266,72.66000366210938,72.7699966430664,18823000
2024-11-14,72.8499984741211,73.47000122070312,72.51000213623047,72.80000305175781,13654800
2024-11-15,73.0,74.41000366210938,72.88999938964844,74.33999633789062,18837000
2024-11-18,74.5,74.69999694824219,73.72000122070312,74.08999633789062,18439600
2024-11-19,73.62000274658203,74.16000366210938,73.12999725341797,73.43000030517578,15412900
2024-11-20,73.66999816894531,73.77999877929688,72.43000030517578,73.58000183105469,14415400
2024-11-21,73.94000244140625,76.04000091552734,73.94000244140625,74.83000183105469,20068200
2024-11-22,74.56999969482422,76.08000183105469,74.55000305175781,75.95999908447266,14997400
2024-11-25,76.19999694824219,77.30999755859375,75.97000122070312,76.9000015258789,28636600
2024-11-26,77.5,78.12999725341797,76.36000061035156,77.3499984741211,19139100
2024-11-27,77.37000274658203,77.79000091552734,76.43000030517578,77.20999908447266,19793900
2024-11-29,77.69000244140625,78.04000091552734,76.13999938964844,76.16999816894531,9785000
2024-12-02,76.94999694824219,76.94999694824219,74.80000305175781,75.27999877929688,18274500
2024-12-03,75.80999755859375,75.8499984741211,74.0199966430664,74.13999938964844,15047900
2024-12-04,74.05000305175781,74.25,72.70999908447266,73.05999755859375,14301100
2024-12-05,73.4000015258789,74.61000061035156,73.0999984741211,73.66000366210938,17766700
2024-12-06,73.98999786376953,74.72000122070312,73.7300033569336,74.33000183105469,14798100
2024-12-09,74.30999755859375,74.55000305175781,72.41999816894531,72.62000274658203,15517500
2024-12-10,73.5,73.5,71.9000015258789,72.05000305175781,12277100
2024-12-11,72.58999633789062,72.91999816894531,71.44999694824219,71.5999984741211,11867400
2024-12-12,71.87999725341797,72.05999755859375,70.79000091552734,70.80000305175781,12446700
2024-12-13,70.8499984741211,71.05000305175781,70.0199966430664,70.44000244140625,16794500
2024-12-16,70.47000122070312,72.29000091552734,69.81999969482422,71.9800033569336,24602500
2024-12-17,71.05000305175781,71.54000091552734,70.37999725341797,70.80999755859375,15595900
2024-12-18,70.61000061035156,71.5,68.61000061035156,68.76000213623047,21201200
2024-12-19,69.4000015258789,70.69000244140625,68.66999816894531,68.8499984741211,16444600
2024-12-20,69.16999816894531,71.04000091552734,68.7699966430664,70.33999633789062,50113400
2024-12-23,69.72000122070312,70.69000244140625,69.62000274658203,70.54000091552734,11817000
2024-12-24,70.66999816894531,71.58999633789062,70.54000091552734,71.58999633789062,4442700
2024-12-26,71.43000030517578,71.83999633789062,71.11000061035156,71.76000213623047,6964300
2024-12-27,71.18000030517578,71.73999786376953,70.62999725341797,71.11000061035156,7219500
2024-12-30,70.41000366210938,70.80000305175781,69.7699966430664,70.41000366210938,8443800
2024-12-31,70.52999877929688,70.91999816894531,70.05999755859375,70.23999786376953,7031500
2025-01-02,70.4800033569336,71.20999908447266,69.76000213623047,70.19000244140625,8303300
2025-01-03,70.3499984741211,71.41999816894531,69.73999786376953,71.30999755859375,9152800
2025-01-06,71.93000030517578,73.25,71.52999877929688,72.02999877929688,15565600
2025-01-07,72.97000122070312,73.12999725341797,71.51000213623047,71.58999633789062,13522000
2025-01-08,71.51000213623047,72.08000183105469,71.05999755859375,71.56999969482422,16544700
2025-01-10,70.9000015258789,70.93000030517578,69.33999633789062,69.95999908447266,14466600
2025-01-13,69.9000015258789,70.61000061035156,69.55999755859375,70.52999877929688,10439800
2025-01-14,71.45999908447266,71.45999908447266,70.29000091552734,71.19000244140625,21909800
2025-01-15,75.36000061035156,76.81999969482422,73.6500015258789,75.94999694824219,33482900
2025-01-16,75.8499984741211,76.44000244140625,74.69000244140625,75.94999694824219,22897900
2025-01-17,75.9800033569336,77.25,75.5,77.08000183105469,20673700
2025-01-21,77.69000244140625,78.29000091552734,77.33000183105469,77.8499984741211,21057700
2025-01-22,77.56999969482422,77.80999755859375,76.86000061035156,77.54000091552734,11669500
2025-01-23,77.70999908447266,78.30000305175781,77.02999877929688,77.43000030517578,12981800
2025-01-24,77.0,77.6500015258789,77.0,77.31999969482422,10393200
2025-01-27,77.4000015258789,78.04000091552734,76.88999938964844,77.94000244140625,10637100
2025-01-28,77.87000274658203,78.1500015258789,77.16999816894531,77.87999725341797,11562000
2025-01-29,77.75,78.9800033569336,77.61000061035156,78.37000274658203,9175400
2025-01-30,79.1500015258789,79.23999786376953,78.08000183105469,78.81999969482422,11276000
2025-01-31,78.69000244140625,79.29000091552734,78.30999755859375,78.80000305175781,14980600
2025-02-03,77.2300033569336,78.51000213623047,77.0199966430664,78.13999938964844,12395200
2025-02-04,79.83999633789062,79.8499984741211,78.44000244140625,79.47000122070312,14665200
2025-02-05,79.66000366210938,80.3499984741211,79.18000030517578,80.05000305175781,17931000
2025-02-06,80.5,81.5,79.91000366210938,81.41999816894531,16988900
2025-02-07,81.2699966430664,81.30000305175781,79.08999633789062,80.66999816894531,17951400
2025-02-10,80.45999908447266,80.56999969482422,78.25,79.0999984741211,18357400
2025-02-11,78.7699966430664,79.97000122070312,77.80999755859375,79.63999938964844,16682800
2025-02-12,79.19999694824219,79.72000122070312,78.83000183105469,79.25,13440500
2025-02-13,79.43000030517578,79.66000366210938,78.61000061035156,78.8499984741211,10093400
2025-02-14,79.2300033569336,80.33999633789062,78.88999938964844,79.9800033569336,17521300
2025-02-18,79.98999786376953,80.94999694824219,79.48999786376953,80.77999877929688,15318300
2025-02-19,80.31999969482422,80.6500015258789,79.97000122070312,80.3499984741211,13917400
2025-02-20,80.11000061035156,80.27999877929688,78.0199966430664,78.62999725341797,14807100
2025-02-21,78.91000366210938,79.44999694824219,77.33000183105469,77.5,18205400
2025-02-24,77.97000122070312,78.5199966430664,76.41000366210938,77.22000122070312,12989700
2025-02-25,77.87000274658203,78.04000091552734,74.93000030517578,76.0,15683000
2025-02-26,76.3499984741211,77.7699966430664,76.2699966430664,76.44999694824219,13466800
2025-02-27,76.98999786376953,77.91999816894531,76.37999725341797,76.62000274658203,13744400
2025-02-28,77.04000091552734,78.41999816894531,76.58999633789062,78.31999969482422,24698800
2025-03-03,78.86000061035156,78.9800033569336,76.31999969482422,77.02999877929688,18013400
2025-03-04,75.47000122070312,75.6500015258789,71.33999633789062,73.30000305175781,28858200
2025-03-05,73.20999908447266,74.62999725341797,72.44000244140625,74.16000366210938,20422000
2025-03-06,73.79000091552734,73.88999938964844,71.62999725341797,72.6500015258789,19460400
2025-03-07,72.25,72.25,68.0999984741211,71.05000305175781,21256900
2025-03-10,69.55000305175781,69.55000305175781,65.5199966430664,66.77999877929688,27582900
2025-03-11,66.83000183105469,68.01000213623047,65.79000091552734,67.27999877929688,24310700
2025-03-12,68.80000305175781,69.48999786376953,67.69999694824219,68.93000030517578,18462300
2025-03-13,69.62999725341797,69.72000122070312,68.30999755859375,68.45999908447266,17471500
2025-03-14,69.45999908447266,71.06999969482422,69.25,70.8499984741211,15762300
2025-03-17,70.47000122070312,71.55999755859375,70.08000183105469,70.83999633789062,11185000
2025-03-18,71.01000213623047,71.4800033569336,70.38999938964844,71.11000061035156,11102100
2025-03-19,71.13999938964844,73.83000183105469,70.83000183105469,72.76000213623047,14453200
2025-03-20,71.83999633789062,73.37000274658203,71.77999877929688,72.5199966430664,12388300
2025-03-21,71.95999908447266,72.77999877929688,71.1500015258789,72.5199966430664,32647100
2025-03-24,73.63999938964844,74.52999877929688,73.33999633789062,74.27999877929688,10688900
2025-03-25,74.47000122070312,74.66000366210938,73.83000183105469,74.23999786376953,9499100
2025-03-26,74.38999938964844,75.37999725341797,73.12000274658203,73.47000122070312,10848100
2025-03-27,73.56999969482422,73.56999969482422,72.22000122070312,72.27999877929688,10457600
2025-03-28,72.2699966430664,72.55000305175781,69.94999694824219,70.69000244140625,13555200
2025-03-31,69.9000015258789,72.06999969482422,69.55999755859375,71.79000091552734,14855300
2025-04-01,70.83999633789062,71.62999725341797,70.11000061035156,71.30999755859375,10661000
2025-04-02,70.55999755859375,72.47000122070312,70.22000122070312,72.26000213623047,8854100
2025-04-03,67.77999877929688,68.72000122070312,65.41000366210938,65.66999816894531,25880300
2025-04-04,62.75,63.56999969482422,59.709999084472656,60.97999954223633,31050800
2025-04-07,60.689998626708984,64.33000183105469,58.41999816894531,62.16999816894531,41305800
2025-04-08,64.69000244140625,65.62999725341797,60.880001068115234,62.08000183105469,27374200
2025-04-09,60.63999938964844,67.19000244140625,59.43000030517578,66.33000183105469,42744800
2025-04-10,64.94999694824219,65.0,61.4900016784668,63.11000061035156,29026000
2025-04-11,61.540000915527344,63.619998931884766,59.650001525878906,62.5099983215332,33867000
2025-04-14,63.15999984741211,64.01000213623047,62.400001525878906,63.099998474121094,28057800
2025-04-15,63.439998626708984,65.41999816894531,63.29999923706055,64.54000091552734,20903300
2025-04-16,63.88999938964844,64.9800033569336,63.369998931884766,63.97999954223633,17351000
2025-04-17,64.37999725341797,65.70999908447266,64.06999969482422,64.70999908447266,18961800
2025-04-21,64.19999694824219,65.16000366210938,63.400001525878906,64.01000213623047,17859100
2025-04-22,64.70999908447266,66.41000366210938,64.70999908447266,66.2300033569336,17536600
2025-04-23,67.44000244140625,69.5,67.44000244140625,67.94000244140625,20678800
2025-04-24,67.69999694824219,69.8499984741211,67.5,69.55999755859375,18420900
2025-04-25,69.06999969482422,70.19000244140625,69.0,69.7300033569336,17775900
2025-04-28,69.80999755859375,70.55999755859375,68.66999816894531,69.43000030517578,16694100
2025-04-29,68.94999694824219,71.33999633789062,68.94999694824219,71.0999984741211,24563600
2025-04-30,69.66999816894531,71.41000366210938,69.33000183105469,71.01000213623047,23953000
2025-05-01,70.76000213623047,72.47000122070312,70.43000030517578,71.80999755859375,19672500
2025-05-02,73.0,74.16000366210938,72.87000274658203,73.80000305175781,18347400
2025-05-05,73.3499984741211,74.88999938964844,73.04000091552734,73.8499984741211,16070400
2025-05-06,73.13999938964844,74.19000244140625,72.55999755859375,73.4800033569336,18095100
2025-05-07,73.5999984741211,74.30000305175781,72.9800033569336,73.18000030517578,14310300
2025-05-08,73.69000244140625,73.98999786376953,72.62999725341797,73.30999755859375,19957500
2025-05-09,73.13999938964844,73.23999786376953,72.02999877929688,72.44999694824219,11136900
2025-05-12,74.98999786376953,75.25,74.06999969482422,74.87999725341797,20425500
2025-05-13,75.44000244140625,76.58000183105469,74.97000122070312,75.98999786376953,13635100
2025-05-14,76.23999786376953,76.48999786376953,75.83000183105469,76.27999877929688,14067100
2025-05-15,76.05999755859375,76.5199966430664,75.31999969482422,75.58999633789062,15303900
2025-05-16,75.55999755859375,76.3499984741211,75.37000274658203,76.18000030517578,13864600
2025-05-19,75.5999984741211,76.41000366210938,75.43000030517578,76.05999755859375,12720500
2025-05-20,75.4800033569336,75.87000274658203,75.06999969482422,75.5199966430664,10655600
2025-05-21,74.94000244140625,75.12999725341797,73.08999633789062,73.19000244140625,17711300
2025-05-22,73.13999938964844,73.88999938964844,72.4800033569336,73.38999938964844,9717000
2025-05-23,71.9000015258789,73.19000244140625,71.9000015258789,72.83000183105469,9260900
2025-05-27,73.61000061035156,74.08999633789062,73.05000305175781,73.98999786376953,11014100
2025-05-28,74.19999694824219,74.36000061035156,73.33000183105469,73.7300033569336,8711100
2025-05-29,74.41000366210938,75.08000183105469,73.33000183105469,74.51000213623047,14016600
2025-05-30,74.19999694824219,74.80000305175781,73.7300033569336,74.77999877929688,17042000
2025-06-02,74.26000213623047,74.75,73.2699966430664,74.72000122070312,11237500
2025-06-03,74.72000122070312,75.83000183105469,74.37000274658203,75.6500015258789,13193500
2025-06-04,77.69999694824219,78.80000305175781,75.37999725341797,75.37999725341797,29578000
2025-06-05,75.61000061035156,75.76000213623047,74.18000030517578,74.9000015258789,20138400
2025-06-06,76.1500015258789,76.76000213623047,75.83000183105469,76.33000183105469,10988000
2025-06-09,76.55000305175781,76.69999694824219,75.93000030517578,76.45999908447266,13453200
2025-06-10,76.16000366210938,76.3499984741211,75.12999725341797,75.44999694824219,14892900
2025-06-11,75.54000091552734,75.72000122070312,74.56999969482422,74.93000030517578,16442400
2025-06-12,74.33000183105469,74.5199966430664,73.16999816894531,74.01000213623047,14522500
2025-06-13,72.91999816894531,73.79000091552734,71.93000030517578,72.36000061035156,21168300
2025-06-16,73.4000015258789,73.72000122070312,72.93000030517578,73.1500015258789,16231500
2025-06-17,72.77999877929688,73.20999908447266,72.30000305175781,72.5,14156800
2025-06-18,72.6500015258789,75.13999938964844,72.56999969482422,74.73999786376953,23498300
2025-06-20,75.23999786376953,75.77999877929688,75.06999969482422,75.4000015258789,27677500
2025-06-23,75.12999725341797,77.02999877929688,74.81999969482422,77.01000213623047,17375700
2025-06-24,77.72000122070312,78.75,77.72000122070312,78.11000061035156,16342300
2025-06-25,78.27999877929688,79.30999755859375,77.98999786376953,79.06999969482422,13954500
2025-06-26,79.44000244140625,80.0999984741211,79.19000244140625,79.95999908447266,18214800
2025-06-27,80.0,80.1500015258789,78.95999908447266,79.5,21324200
2025-06-30,80.4800033569336,81.0999984741211,79.91000366210938,80.12000274658203,21685800
2025-07-01,80.05000305175781,81.51000213623047,79.91000366210938,81.48999786376953,20967100
2025-07-02,81.91999816894531,82.4000015258789,81.25,82.36000061035156,15195100
2025-07-03,82.63999938964844,83.94999694824219,82.5,83.5999984741211,11237300
2025-07-07,82.97000122070312,83.58999633789062,81.5,82.33999633789062,18156000
2025-07-08,82.30000305175781,82.41999816894531,81.02999877929688,81.58999633789062,18303400
2025-07-09,82.43000030517578,82.5199966430664,81.45999908447266,81.79000091552734,16135400
2025-07-10,81.61000061035156,82.73999786376953,81.61000061035156,82.36000061035156,14348100
2025-07-11,81.75,82.68000030517578,81.43000030517578,82.55000305175781,12583100
2025-07-14,82.19999694824219,83.5199966430664,82.12000274658203,83.43000030517578,20194200
2025-07-15,80.75,81.08000183105469,77.72000122070312,78.86000061035156,53938000
2025-07-16,78.88999938964844,80.08000183105469,78.20999908447266,79.91000366210938,30567500
2025-07-17,79.45999908447266,80.6500015258789,79.0999984741211,79.70999908447266,21837600
2025-07-18,79.8499984741211,80.7699966430664,78.87999725341797,80.63999938964844,21236000
2025-07-21,80.75,81.45999908447266,80.16999816894531,80.27999877929688,14506600
2025-07-22,80.27999877929688,82.58999633789062,80.27999877929688,82.37999725341797,22437000
2025-07-23,83.0,83.93000030517578,82.61000061035156,83.69999694824219,19379200
2025-07-24,83.83999633789062,84.83000183105469,83.12000274658203,83.87000274658203,19031200
2025-07-25,84.12000274658203,84.45999908447266,83.2300033569336,84.31999969482422,14072400
2025-07-28,84.31999969482422,84.5,82.70999908447266,83.06999969482422,10627100
2025-07-29,83.62999725341797,83.69999694824219,82.19999694824219,82.6500015258789,12478200
2025-07-30,82.98999786376953,83.08999633789062,81.30999755859375,81.77999877929688,15579100
2025-07-31,81.3499984741211,81.93000030517578,80.33000183105469,80.62999725341797,14813900
2025-08-01,79.19000244140625,79.3499984741211,77.4000015258789,77.77999877929688,16071300
2025-08-04,78.5199966430664,78.52999877929688,76.91000366210938,77.58000183105469,13892100
2025-08-05,78.33999633789062,78.3499984741211,76.16000366210938,77.95999908447266,15765100
2025-08-06,77.91000366210938,78.81999969482422,77.55999755859375,77.61000061035156,14157000
2025-08-07,78.27999877929688,78.30000305175781,76.77999877929688,77.05000305175781,13105600
2025-08-08,77.11000061035156,78.18000030517578,76.3499984741211,77.8499984741211,14123000
2025-08-11,78.01000213623047,78.08999633789062,77.2300033569336,77.58999633789062,14408100
2025-08-12,78.22000122070312,79.55999755859375,78.1500015258789,79.4800033569336,14365200
2025-08-13,79.68000030517578,79.72000122070312,77.0999984741211,77.88999938964844,14415100
2025-08-14,78.27999877929688,79.58000183105469,77.70999908447266,79.41000366210938,16051500
2025-08-15,79.54000091552734,79.6500015258789,77.01000213623047,77.0999984741211,15380400
2025-08-18,76.98999786376953,77.5999984741211,76.91000366210938,77.44000244140625,11660900
2025-08-19,77.16000366210938,77.7699966430664,77.02999877929688,77.52999877929688,10118500
2025-08-20,77.47000122070312,78.4800033569336,76.58999633789062,78.16000366210938,12101900
2025-08-21,77.87999725341797,78.06999969482422,77.08000183105469,77.83000183105469,9102700
2025-08-22,78.33999633789062,79.30999755859375,78.12999725341797,79.0999984741211,11282600
2025-08-25,78.87999725341797,80.5,78.87000274658203,80.19000244140625,12017000
2025-08-26,79.81999969482422,81.62999725341797,79.77999877929688,81.51000213623047,14936600
2025-08-27,81.26000213623047,83.20999908447266,81.23999786376953,82.5,15567700
2025-08-28,82.87999725341797,83.12999725341797,81.91999816894531,81.9800033569336,13963200
2025-08-29,81.97000122070312,82.80999755859375,81.80000305175781,82.18000030517578,12041200
2025-09-02,81.70999908447266,81.81999969482422,80.44000244140625,81.77999877929688,13326000
2025-09-03,81.7300033569336,82.01000213623047,80.0199966430664,80.51000213623047,11174000
2025-09-04,80.75,82.12999725341797,80.22000122070312,81.83000183105469,10822300
2025-09-05,81.63999938964844,82.0199966430664,78.69999694824219,78.95999908447266,20661400
2025-09-08,78.98999786376953,79.79000091552734,78.55999755859375,79.13999938964844,17107000
2025-09-09,79.30999755859375,81.45999908447266,79.0,80.76000213623047,17157300
2025-09-10,80.66000366210938,81.23999786376953,79.91000366210938,80.30000305175781,16460200
2025-09-11,80.19999694824219,81.38999938964844,79.77999877929688,81.25,17785800
2025-09-12,81.0999984741211,81.63999938964844,80.79000091552734,81.45999908447266,10498300
2025-09-15,81.61000061035156,81.81999969482422,81.12999725341797,81.41000366210938,9563200
2025-09-16,81.55999755859375,81.61000061035156,80.08000183105469,81.38999938964844,10705900
2025-09-17,81.22000122070312,82.72000122070312,80.54000091552734,82.4800033569336,14746100
2025-09-18,82.56999969482422,83.5199966430664,81.94000244140625,83.5,13021100
2025-09-19,83.83000183105469,84.93000030517578,82.93000030517578,84.63999938964844,36482400
2025-09-22,83.87999725341797,85.27999877929688,83.73999786376953,85.16000366210938,14545000
2025-09-23,85.1500015258789,86.66000366210938,83.66999816894531,84.37000274658203,14818500
2025-09-24,84.6500015258789,85.37000274658203,83.66000366210938,84.11000061035156,9478700
2025-09-25,83.69000244140625,84.66000366210938,83.55999755859375,84.31999969482422,8514900
2025-09-26,84.69000244140625,85.63999938964844,84.55999755859375,85.01000213623047,8502600
2025-09-29,84.69999694824219,85.19000244140625,84.04000091552734,84.6500015258789,9833700
2025-09-30,84.66000366210938,85.12000274658203,82.66000366210938,83.81999969482422,11429000
2025-10-01,83.0999984741211,83.5999984741211,80.7699966430664,80.87000274658203,16961900
2025-10-02,80.69999694824219,81.05000305175781,80.04000091552734,80.5,11420000
2025-10-03,81.0199966430664,81.69000244140625,80.44000244140625,80.66999816894531,10124900
2025-10-06,80.55999755859375,81.45999908447266,79.56999969482422,80.69000244140625,12837700
2025-10-07,80.87000274658203,81.36000061035156,80.54000091552734,81.13999938964844,10371300
2025-10-08,81.26000213623047,81.33000183105469,79.54000091552734,79.7300033569336,11277400
2025-10-09,79.91000366210938,80.75,79.41999816894531,79.88999938964844,8432200
2025-10-10,79.61000061035156,80.44000244140625,77.62000274658203,77.62000274658203,16004300
2025-10-13,78.73999786376953,79.2300033569336,78.27999877929688,78.91999816894531,14229300
2025-10-14,82.5199966430664,86.05999755859375,80.38999938964844,84.55999755859375,36260600
2025-10-15,85.16999816894531,87.47000122070312,85.16000366210938,86.45999908447266,22909400
2025-10-16,86.98999786376953,87.43000030517578,83.0,84.0,22715600
2025-10-17,84.44999694824219,84.52999877929688,82.30999755859375,83.27999877929688,18799000
2025-10-20,83.62000274658203,86.13999938964844,83.08999633789062,86.0199966430664,15777200
2025-10-21,86.12000274658203,87.30999755859375,84.66000366210938,84.76000213623047,20101100
2025-10-22,85.1500015258789,85.16000366210938,83.13999938964844,83.87999725341797,18955000
2025-10-23,84.30999755859375,85.4800033569336,83.75,84.45999908447266,14157800
2025-10-24,84.80000305175781,86.87999725341797,84.76000213623047,86.41000366210938,14011400
2025-10-27,86.9000015258789,87.33999633789062,86.30999755859375,87.01000213623047,11682000
2025-10-28,87.05999755859375,87.30000305175781,85.77999877929688,86.9000015258789,13201000
2025-10-29,86.81999969482422,87.23999786376953,85.66999816894531,86.0,16444400
2025-10-30,86.08000183105469,87.26000213623047,85.87999725341797,85.98999786376953,14830000
2025-10-31,85.4800033569336,87.3499984741211,85.01000213623047,86.97000122070312,14776700
2025-11-03,87.13999938964844,87.88999938964844,85.8499984741211,87.30000305175781,12769300
2025-11-04,87.0,88.5,85.87999725341797,87.12999725341797,16737700
2025-11-05,87.37999725341797,88.30000305175781,85.91000366210938,86.94999694824219,15609400
2025-11-06,86.9000015258789,87.33999633789062,85.5199966430664,86.04000091552734,16800200
2025-11-07,85.11000061035156,86.08999633789062,84.04000091552734,86.04000091552734,15612100
2025-11-10,86.29000091552734,87.0,85.44999694824219,86.0999984741211,13138200
2025-11-11,86.11000061035156,87.05999755859375,86.05000305175781,86.19000244140625,13851500
2025-11-12,86.30999755859375,88.63999938964844,85.94000244140625,86.26000213623047,16775200
2025-11-13,86.16000366210938,86.88999938964844,84.47000122070312,84.69999694824219,15708000
2025-11-14,84.44999694824219,85.3499984741211,82.95999908447266,85.05000305175781,15397300
2025-11-17,84.69000244140625,85.05000305175781,82.54000091552734,83.41999816894531,14457100
2025-11-18,83.41999816894531,84.76000213623047,82.93000030517578,83.86000061035156,14233900
2025-11-19,83.9800033569336,84.81999969482422,83.61000061035156,84.16000366210938,10959600
2025-11-20,85.05999755859375,86.04000091552734,82.31999969482422,82.4000015258789,12135800
2025-11-21,82.7699966430664,83.62999725341797,81.05000305175781,83.11000061035156,16169500
2025-11-24,83.08999633789062,85.08999633789062,82.41000366210938,84.66000366210938,27574500
2025-11-25,84.52999877929688,85.54000091552734,83.61000061035156,85.0999984741211,12966400
2025-11-26,85.41999816894531,86.38999938964844,85.12999725341797,85.55999755859375,9304300
2025-11-28,85.63999938964844,86.5199966430664,85.30999755859375,85.8499984741211,6545000
2025-12-01,85.83000183105469,86.55999755859375,85.16999816894531,85.4000015258789,9794000
2025-12-02,85.69000244140625,86.79000091552734,85.27999877929688,86.31999969482422,9484000
2025-12-03,86.26000213623047,89.38999938964844,86.26000213623047,89.3499984741211,14439300
2025-12-04,89.4000015258789,90.62999725341797,89.31999969482422,90.20999908447266,13433000
2025-12-05,89.98999786376953,91.11000061035156,89.55000305175781,89.83000183105469,11210900
2025-12-08,89.83000183105469,91.0199966430664,89.1500015258789,90.05999755859375,13267300
2025-12-09,90.23999786376953,90.25,88.77999877929688,88.88999938964844,17101700
2025-12-10,88.94000244140625,90.87000274658203,88.19000244140625,90.69000244140625,22729100
2025-12-11,90.54000091552734,93.41999816894531,90.22000122070312,92.58999633789062,15505100
2025-12-12,93.12000274658203,93.41999816894531,92.12000274658203,92.76000213623047,12532800
2025-12-15,93.58000183105469,94.26000213623047,92.48999786376953,92.9000015258789,13885200
2025-12-16,93.08000183105469,93.16999816894531,91.43000030517578,92.19000244140625,12981100
2025-12-17,92.76000213623047,93.33000183105469,92.47000122070312,92.58999633789062,14819000
2025-12-18,93.02999877929688,93.88999938964844,91.29000091552734,91.4800033569336,11844100
2025-12-19,91.61000061035156,93.12999725341797,91.5999984741211,93.01000213623047,37783900
2025-12-22,93.19999694824219,94.38999938964844,93.05000305175781,94.27999877929688,9512300
2025-12-23,94.23999786376953,94.68000030517578,94.02999877929688,94.47000122070312,8642100
2025-12-24,94.6500015258789,95.8499984741211,94.47000122070312,95.30000305175781,5506800
2025-12-26,95.36000061035156,95.47000122070312,94.72000122070312,95.26000213623047,5169400
2025-12-29,95.36000061035156,95.61000061035156,94.37000274658203,94.5199966430664,8624200
2025-12-30,94.7300033569336,94.87999725341797,93.98999786376953,94.30999755859375,6417800
2025-12-31,94.5,94.68000030517578,93.12000274658203,93.19999694824219,7919300
2026-01-02,93.30000305175781,95.3499984741211,92.80999755859375,95.19999694824219,9242600
2026-01-05,95.08999633789062,97.76000213623047,94.9800033569336,96.37999725341797,14384000
2026-01-06,95.4000015258789,96.55000305175781,95.06999969482422,96.38999938964844,12329200
2026-01-07,95.70999908447266,95.88999938964844,93.6500015258789,94.29000091552734,14589500
2026-01-08,94.26000213623047,96.16000366210938,94.19000244140625,95.5999984741211,12406000
2026-01-09,95.80999755859375,96.56999969482422,95.26000213623047,95.94999694824219,10261300
2026-01-12,94.83000183105469,95.54000091552734,93.88999938964844,94.95999908447266,15958100
2026-01-13,95.29000091552734,95.75,93.05999755859375,93.55999755859375,21998600
2026-01-14,90.75,90.80000305175781,88.05999755859375,89.25,33803900
2026-01-15,89.33999633789062,89.91000366210938,88.36000061035156,88.95999908447266,21738600
2026-01-16,88.95999908447266,89.69000244140625,88.08000183105469,88.37999725341797,26981600
2026-01-20,87.26000213623047,88.63999938964844,86.27999877929688,86.66000366210938,19353500
2026-01-21,86.5,87.55999755859375,86.02999877929688,86.12000274658203,17606700
2026-01-22,86.43000030517578,89.0,86.43000030517578,88.04000091552734,19668900
2026-01-23,87.5,87.70999908447266,86.02999877929688,86.95999908447266,15227500
2026-01-26,87.0999984741211,88.29000091552734,87.0999984741211,88.05000305175781,13047400
2026-01-27,88.1500015258789,89.06999969482422,87.4800033569336,88.70999908447266,15105000
2026-01-28,88.62000274658203,89.05999755859375,86.83999633789062,88.02999877929688,16395700
2026-01-29,88.69000244140625,90.63999938964844,88.54000091552734,90.63999938964844,21497000
2026-01-30,90.20999908447266,91.05000305175781,89.75,90.48999786376953,18306900
2026-02-02,90.16000366210938,92.80000305175781,89.9000015258789,92.2699966430664,13835200
2026-02-03,92.70999908447266,94.79000091552734,91.9000015258789,92.30999755859375,18099000
2026-02-04,92.6500015258789,93.91000366210938,92.52999877929688,93.13999938964844,12382800
2026-02-05,92.8499984741211,93.05999755859375,90.91000366210938,92.01000213623047,12641300
2026-02-06,92.75,94.6500015258789,92.55999755859375,93.97000122070312,13205700
2026-02-09,93.75,95.08999633789062,89.0,94.61000061035156,20544800
2026-02-10,94.30999755859375,95.01000213623047,89.75,91.91000366210938,20148400
2026-02-11,92.6500015258789,93.08000183105469,88.5,88.94999694824219,15461700
2026-02-12,89.30999755859375,89.97000122070312,85.83000183105469,86.29000091552734,16858200
2026-02-13,85.68000030517578,87.44999694824219,85.08999633789062,86.9800033569336,12425000
2026-02-17,87.83000183105469,88.83999633789062,87.30999755859375,87.4000015258789,12361900
2026-02-18,87.81999969482422,89.4000015258789,87.6500015258789,88.55999755859375,8250900
2026-02-19,87.83999633789062,88.16000366210938,86.5999984741211,87.56999969482422,10427300
2026-02-20,87.36000061035156,88.70999908447266,86.13999938964844,88.69999694824219,14255000
2026-02-23,88.16999816894531,88.5999984741211,83.77999877929688,85.1500015258789,20607000
2026-02-24,84.4000015258789,85.19000244140625,82.47000122070312,84.56999969482422,18817700
2026-02-25,85.19000244140625,86.91999816894531,84.97000122070312,86.76000213623047,16620700
2026-02-26,86.88999938964844,88.31999969482422,85.58000183105469,86.30000305175781,18768400
2026-02-27,84.66999816894531,84.81999969482422,80.44999694824219,81.44999694824219,29145000
2026-03-02,79.1500015258789,83.06999969482422,78.94000244140625,82.58000183105469,21834300
2026-03-03,81.0,83.48999786376953,79.8499984741211,82.52999877929688,19018600
2026-03-04,82.69000244140625,84.04000091552734,82.02999877929688,83.93000030517578,18061200
2026-03-05,83.6500015258789,83.80000305175781,81.19000244140625,82.11000061035156,20939200
2026-03-06,80.26000213623047,80.56999969482422,77.94000244140625,80.41999816894531,16798900
2026-03-09,79.43000030517578,79.79000091552734,76.86000061035156,78.83000183105469,24959500
2026-03-10,78.94999694824219,79.80000305175781,77.44999694824219,78.30000305175781,18481700
2026-03-11,78.05000305175781,78.2300033569336,76.5,76.87999725341797,17497300
2026-03-12,75.4800033569336,75.54000091552734,74.6500015258789,75.25,24794100
2026-03-13,75.6500015258789,76.20999908447266,74.02999877929688,74.0999984741211,15496900
2026-03-16,74.83000183105469,75.88999938964844,74.37000274658203,75.75,17836300
2026-03-17,76.5,77.16999816894531,75.81999969482422,76.2300033569336,18173400
2026-03-18,75.80999755859375,76.88999938964844,75.80999755859375,76.19000244140625,12951200
2026-03-19,75.68000030517578,76.80000305175781,74.68000030517578,76.38999938964844,18744400
2026-03-20,76.4000015258789,77.91999816894531,76.20999908447266,77.5999984741211,40461100
2026-03-23,79.48999786376953,79.80000305175781,78.12000274658203,78.27999877929688,15320800
2026-03-24,77.62999725341797,80.47000122070312,77.58000183105469,79.61000061035156,19134300
2026-03-25,79.51000213623047,80.79000091552734,79.33000183105469,80.26000213623047,17213400
2026-03-26,79.88999938964844,80.30000305175781,78.72000122070312,79.0199966430664,15430500
2026-03-27,78.62000274658203,78.62999725341797,76.86000061035156,77.19000244140625,13674900
2026-03-30,77.87999725341797,78.22000122070312,76.48999786376953,76.80000305175781,14311500
2026-03-31,77.83000183105469,79.73999786376953,77.44999694824219,79.61000061035156,19097600
2026-04-01,81.19000244140625,81.69999694824219,80.18000030517578,80.56999969482422,14979400
2026-04-02,79.41000366210938,80.83999633789062,78.69000244140625,80.5999984741211,10001800
2026-04-06,80.95999908447266,81.87000274658203,80.76000213623047,81.8499984741211,7069200
2026-04-07,81.41000366210938,82.08999633789062,80.9000015258789,81.75,8820900
2026-04-08,84.5,85.7300033569336,84.25,84.66000366210938,15130300
2026-04-09,84.44999694824219,86.1500015258789,84.44000244140625,86.0199966430664,10496100
2026-04-10,85.83000183105469,85.9000015258789,84.98999786376953,85.4000015258789,7946200
2026-04-13,84.58999633789062,86.69999694824219,84.06999969482422,86.63999938964844,14506600
2026-04-14,83.0199966430664,83.16000366210938,80.31999969482422,81.69999694824219,32845600
2026-04-15,80.91999816894531,81.69000244140625,80.1500015258789,80.29000091552734,31494000
2026-04-16,80.08999633789062,81.87000274658203,80.0,81.25,20713300
2026-04-17,82.12999725341797,82.5999984741211,81.02999877929688,81.41000366210938,24033900
2026-04-20,81.55000305175781,82.41000366210938,81.23999786376953,81.97000122070312,14240500
2026-04-21,82.1500015258789,83.0999984741211,81.19999694824219,81.55000305175781,17387300
2026-04-22,81.55000305175781,81.87999725341797,80.16999816894531,80.58000183105469,13724200
2026-04-23,80.55999755859375,81.37000274658203,79.73999786376953,80.51000213623047,13906500
2026-04-24,80.11000061035156,80.37000274658203,79.25,79.41999816894531,15419600
2026-04-27,79.38999938964844,80.88999938964844,79.33999633789062,80.55999755859375,20114400
2026-04-28,81.31999969482422,81.94999694824219,80.94000244140625,81.5,14826700
2026-04-29,81.23999786376953,82.0,80.69999694824219,81.51000213623047,19930700
2026-04-30,80.81999969482422,82.62999725341797,80.01000213623047,82.2300033569336,13535900
2026-05-01,82.25,82.66000366210938,80.80999755859375,80.80999755859375,14632700
2026-05-04,80.58000183105469,80.87000274658203,79.18000030517578,79.18000030517578,12968800
2026-05-05,79.4000015258789,80.11000061035156,79.01000213623047,79.88999938964844,11379900
2026-05-06,80.79000091552734,81.4800033569336,80.3499984741211,80.41999816894531,14347500
2026-05-07,80.69000244140625,81.01000213623047,78.69000244140625,79.16000366210938,19094800
2026-05-08,79.0,79.02999877929688,75.55000305175781,75.63999938964844,31062100
2026-05-11,75.66999816894531,75.72000122070312,73.19000244140625,73.58000183105469,25403900
2026-05-12,73.9000015258789,75.25,72.87000274658203,75.18000030517578,21003400
2026-05-13,74.1500015258789,74.76000213623047,73.27999877929688,73.52999877929688,16343900
2026-05-14,73.9800033569336,74.48999786376953,73.22000122070312,73.79000091552734,19388500
2026-05-15,73.94000244140625,74.05999755859375,72.77999877929688,73.41999816894531,16479000
2026-05-18,73.33000183105469,74.7699966430664,73.33000183105469,74.37000274658203,16934200
2026-05-19,74.4800033569336,75.3499984741211,73.8499984741211,74.55000305175781,18649800
2026-05-20,74.88999938964844,76.30000305175781,73.9800033569336,75.80999755859375,14695300
2026-05-21,75.58999633789062,76.05999755859375,74.91000366210938,75.91999816894531,9433400
2026-05-22,76.36000061035156,76.8499984741211,76.12000274658203,76.4000015258789,8728900
2026-05-26,76.91000366210938,77.66999816894531,76.7699966430664,77.5199966430664,21956700
2026-05-27,77.12999725341797,77.70999908447266,75.18000030517578,76.11000061035156,15575700
2026-05-28,75.83999633789062,77.62000274658203,75.3499984741211,76.6500015258789,14146700
2026-05-29,76.62000274658203,77.75,76.33999633789062,77.54000091552734,22322900
2026-06-01,76.75,78.0199966430664,76.5,77.16999816894531,15566900
2026-06-02,76.80999755859375,79.54000091552734,76.72000122070312,79.44000244140625,19447400
2026-06-03,78.87999725341797,79.12999725341797,77.4000015258789,78.68000030517578,15236600
2026-06-04,79.97000122070312,81.88999938964844,79.72000122070312,81.62000274658203,19452100
2026-06-05,82.1500015258789,82.44999694824219,81.44999694824219,81.94000244140625,15110600
2026-06-08,81.80999755859375,82.54000091552734,80.83000183105469,80.95999908447266,11481200
2026-06-09,81.25,82.55999755859375,80.93000030517578,82.0,15565500
2026-06-10,81.8499984741211,83.18000030517578,81.44999694824219,81.97000122070312,12580800
2026-06-11,82.55000305175781,82.91000366210938,80.83000183105469,82.4000015258789,10929900
2026-06-12,82.93000030517578,84.0999984741211,82.62000274658203,83.7300033569336,10526000
2026-06-15,84.41999816894531,84.93000030517578,83.02999877929688,83.13999938964844,14526900
2026-06-16,84.0,85.05999755859375,83.94000244140625,85.05000305175781,12400500
2026-06-17,85.12999725341797,87.08000183105469,83.58999633789062,83.80999755859375,19403500
2026-06-18,84.93000030517578,85.56999969482422,81.94999694824219,82.19999694824219,36738600
2026-06-22,82.72000122070312,84.12999725341797,82.69000244140625,83.83999633789062,18657600
2026-06-23,84.01000213623047,84.33000183105469,83.05000305175781,84.12999725341797,11612300
2026-06-24,84.19000244140625,84.48999786376953,83.51000213623047,84.30000305175781,11424900
2026-06-25,84.27999877929688,86.30000305175781,84.27999877929688,84.73999786376953,11403800
2026-06-26,84.83000183105469,85.16000366210938,83.0999984741211,83.86000061035156,20829300
2026-06-29,83.76000213623047,84.58000183105469,83.47000122070312,83.51000213623047,16658300
2026-06-30,83.69999694824219,83.80000305175781,82.5199966430664,82.63999938964844,17283400
2026-07-01,82.83000183105469,86.05000305175781,82.75,85.94000244140625,14670600
2026-07-02,86.61000061035156,86.80000305175781,85.08999633789062,85.51000213623047,10782000
2026-07-06,86.0,87.62999725341797,85.91999816894531,87.44999694824219,9914200
2026-07-07,88.02999877929688,88.56999969482422,86.88999938964844,87.18000030517578,10029500
2026-07-08,86.5199966430664,86.7699966430664,85.0999984741211,85.55999755859375,9978600
2026-07-09,85.8499984741211,87.44999694824219,85.6500015258789,86.91000366210938,13324900
2026-07-10,87.5,87.83999633789062,86.6500015258789,87.16000366210938,14054800
2026-07-13,87.88999938964844,88.01000213623047,86.11000061035156,87.66999816894531,15026800
2026-07-14,84.8499984741211,88.68000030517578,83.83000183105469,85.29000091552734,38943000
2026-07-15,85.94000244140625,87.62999725341797,85.69999694824219,87.51000213623047,28730300
2026-07-16,87.94999694824219,88.9000015258789,87.20999908447266,88.06999969482422,20161000
2026-07-17,87.73999786376953,89.79000091552734,86.5,87.51000213623047,22762700
2026-07-20,87.87999725341797,88.56999969482422,86.05999755859375,86.33000183105469,17536100
2026-07-21,86.68000030517578,88.26000213623047,85.88999938964844,87.73999786376953,17605300
2026-07-22,88.19000244140625,88.19000244140625,86.25,86.41999816894531,15478700
