Date,Open,High,Low,Close,Volume
2018-07-23,74.26000213623047,74.29000091552734,73.83999633789062,73.9800033569336,7822000.0
2018-07-24,74.36000061035156,74.72000122070312,73.95999908447266,74.29000091552734,12140400.0
2018-07-25,74.06999969482422,75.41999816894531,73.94999694824219,75.41999816894531,17949600.0
2018-07-26,75.26000213623047,76.1500015258789,75.25,76.0,15115200.0
2018-07-27,76.1500015258789,76.33999633789062,75.6500015258789,76.01000213623047,11281500.0
2018-07-30,76.11000061035156,76.5,75.18000030517578,75.26000213623047,13423600.0
2018-07-31,75.83000183105469,76.98999786376953,75.69000244140625,76.91999816894531,17709500.0
2018-08-01,76.62999725341797,76.68000030517578,75.69000244140625,75.87999725341797,14214600.0
2018-08-02,75.33999633789062,75.87999725341797,75.11000061035156,75.77999877929688,10812400.0
2018-08-03,75.72000122070312,75.9000015258789,75.37999725341797,75.8499984741211,11021500.0
2018-08-06,75.80999755859375,75.98999786376953,75.5,75.95999908447266,5460300.0
2018-08-07,76.22000122070312,76.61000061035156,76.01000213623047,76.5,8381900.0
2018-08-08,76.44999694824219,76.51000213623047,76.05999755859375,76.16000366210938,4745200.0
2018-08-09,76.13999938964844,76.33999633789062,75.69000244140625,75.73999786376953,13085900.0
2018-08-10,75.30000305175781,75.43000030517578,74.86000061035156,75.06999969482422,10684800.0
2018-08-13,75.37999725341797,75.41000366210938,74.51000213623047,74.70999908447266,13471800.0
2018-08-14,75.0,75.52999877929688,74.94000244140625,75.2300033569336,8500500.0
2018-08-15,74.61000061035156,74.98999786376953,73.98999786376953,74.87000274658203,20329400.0
2018-08-16,75.45999908447266,76.0,75.25,75.81999969482422,10447200.0
2018-08-17,75.63999938964844,76.44000244140625,75.61000061035156,76.27999877929688,13993100.0
2018-08-20,76.44000244140625,76.94000244140625,76.4000015258789,76.79000091552734,8239300.0
2018-08-21,76.87999725341797,77.45999908447266,76.87999725341797,77.36000061035156,10034000.0
2018-08-22,77.16000366210938,77.25,76.61000061035156,76.61000061035156,7149700.0
2018-08-23,76.6500015258789,76.6500015258789,76.20999908447266,76.38999938964844,8336500.0
2018-08-24,76.56999969482422,76.7699966430664,76.36000061035156,76.72000122070312,6411600.0
2018-08-27,77.0999984741211,77.70999908447266,77.01000213623047,77.69000244140625,9767500.0
2018-08-28,77.83999633789062,77.91999816894531,77.47000122070312,77.52999877929688,8440600.0
2018-08-29,77.58999633789062,77.7300033569336,77.36000061035156,77.58999633789062,6339000.0
2018-08-30,77.41999816894531,77.61000061035156,76.86000061035156,77.05000305175781,10145600.0
2018-08-31,76.86000061035156,77.23999786376953,76.79000091552734,77.0999984741211,7192400.0
2018-09-04,76.80999755859375,77.0999984741211,76.6500015258789,77.04000091552734,8597700.0
2018-09-05,76.91000366210938,77.61000061035156,76.70999908447266,77.58999633789062,10761300.0
2018-09-06,77.63999938964844,78.05999755859375,77.5,77.83000183105469,8083000.0
2018-09-07,77.62000274658203,77.94999694824219,77.18000030517578,77.58999633789062,11039700.0
2018-09-10,77.88999938964844,78.30000305175781,77.88999938964844,77.98999786376953,9550200.0
2018-09-11,77.6500015258789,78.19999694824219,77.47000122070312,77.97000122070312,6945600.0
2018-09-12,77.93000030517578,78.52999877929688,77.7699966430664,78.20999908447266,10906200.0
2018-09-13,78.58999633789062,78.95999908447266,78.38999938964844,78.68000030517578,8849000.0
2018-09-14,78.69999694824219,79.12999725341797,78.44000244140625,79.06999969482422,8478500.0
2018-09-17,79.02999877929688,79.44000244140625,78.95999908447266,79.0999984741211,8368500.0
2018-09-18,79.27999877929688,80.0,78.93000030517578,79.81999969482422,8691000.0
2018-09-19,79.73999786376953,80.25,79.6500015258789,79.75,7938300.0
2018-09-20,80.12000274658203,80.41000366210938,79.54000091552734,79.87000274658203,11466900.0
2018-09-21,79.75,80.0,79.62999725341797,80.0,15133900.0
2018-09-24,79.5,79.5999984741211,78.55000305175781,78.62999725341797,11999600.0
2018-09-25,78.7300033569336,78.83000183105469,78.30999755859375,78.38999938964844,12369600.0
2018-09-26,78.55999755859375,78.83999633789062,78.19000244140625,78.33999633789062,11426200.0
2018-09-27,78.54000091552734,78.81999969482422,78.19000244140625,78.44999694824219,8504200.0
2018-09-28,78.2699966430664,78.58000183105469,78.12999725341797,78.4000015258789,7545400.0
2018-10-01,79.36000061035156,79.55000305175781,78.80999755859375,79.08999633789062,16832100.0
2018-10-02,79.05000305175781,79.41000366210938,78.80000305175781,79.2699966430664,8523700.0
2018-10-03,79.5999984741211,80.0199966430664,79.43000030517578,79.5999984741211,10534900.0
2018-10-04,79.43000030517578,79.75,78.73999786376953,79.33999633789062,12520900.0
2018-10-05,79.38999938964844,79.75,78.5199966430664,78.93000030517578,14165500.0
2018-10-08,78.9000015258789,79.19999694824219,78.30999755859375,79.12999725341797,9359700.0
2018-10-09,78.9000015258789,79.0199966430664,77.9000015258789,77.91000366210938,11606800.0
2018-10-10,77.7699966430664,77.7699966430664,75.19000244140625,75.4000015258789,34050400.0
2018-10-11,74.91000366210938,75.56999969482422,73.19999694824219,73.41000366210938,54550500.0
2018-10-12,74.69999694824219,74.80999755859375,73.05000305175781,73.9000015258789,29409800.0
2018-10-15,73.8499984741211,74.62999725341797,73.79000091552734,74.04000091552734,15201200.0
2018-10-16,74.31999969482422,75.36000061035156,74.0,75.29000091552734,12547300.0
2018-10-17,75.30999755859375,75.55000305175781,74.33999633789062,74.73999786376953,15610600.0
2018-10-18,74.27999877929688,74.58000183105469,73.0,73.44999694824219,19139300.0
2018-10-19,73.41000366210938,73.88999938964844,72.91999816894531,73.18000030517578,17152400.0
2018-10-22,73.29000091552734,73.47000122070312,72.58999633789062,72.93000030517578,13675500.0
2018-10-23,71.23999786376953,72.25,70.66999816894531,71.7300033569336,25139900.0
2018-10-24,71.94999694824219,72.1500015258789,69.16999816894531,69.30000305175781,22170900.0
2018-10-25,69.5999984741211,70.30999755859375,69.25,69.79000091552734,23871500.0
2018-10-26,69.08000183105469,69.86000061035156,68.12000274658203,69.0999984741211,34330800.0
2018-10-29,70.05999755859375,70.22000122070312,66.98999786376953,67.94999694824219,23645600.0
2018-10-30,67.87999725341797,69.43000030517578,67.61000061035156,69.3499984741211,23445800.0
2018-10-31,70.01000213623047,70.73999786376953,69.83999633789062,69.87999725341797,14205500.0
2018-11-01,70.16999816894531,71.3499984741211,70.0199966430664,71.11000061035156,22653800.0
2018-11-02,71.75,71.93000030517578,70.55000305175781,70.98999786376953,23216400.0
2018-11-05,71.05999755859375,71.63999938964844,70.86000061035156,71.36000061035156,17524400.0
2018-11-06,71.29000091552734,72.16000366210938,71.19000244140625,72.11000061035156,15588600.0
2018-11-07,72.79000091552734,73.33999633789062,72.0,73.27999877929688,14217700.0
2018-11-08,73.12000274658203,73.54000091552734,72.86000061035156,73.16000366210938,11967400.0
2018-11-09,72.6500015258789,72.9000015258789,71.91000366210938,72.41999816894531,23409100.0
2018-11-12,72.37000274658203,72.41999816894531,70.87999725341797,70.98999786376953,10822300.0
2018-11-13,71.05999755859375,72.22000122070312,70.86000061035156,71.30999755859375,16032200.0
2018-11-14,71.79000091552734,72.2699966430664,70.5999984741211,71.06999969482422,18374100.0
2018-11-15,70.52999877929688,72.38999938964844,70.2699966430664,72.01000213623047,24411600.0
2018-11-16,71.80000305175781,72.33999633789062,71.36000061035156,71.98999786376953,15156000.0
2018-11-19,71.87000274658203,71.94999694824219,70.56999969482422,70.8499984741211,14365300.0
2018-11-20,69.68000030517578,70.05999755859375,69.08000183105469,69.37999725341797,18024900.0
2018-11-21,69.91000366210938,70.41999816894531,69.73999786376953,69.87000274658203,10846000.0
2018-11-23,69.3499984741211,70.20999908447266,69.33999633789062,69.7300033569336,6205500.0
2018-11-26,70.2699966430664,70.66000366210938,69.7300033569336,70.23999786376953,12896300.0
2018-11-27,69.91000366210938,70.19999694824219,69.43000030517578,70.12000274658203,14430900.0
2018-11-28,70.5,71.80000305175781,69.9800033569336,71.80000305175781,14139400.0
2018-11-29,71.63999938964844,72.18000030517578,71.12999725341797,71.83999633789062,12997900.0
2018-11-30,71.76000213623047,72.6500015258789,71.5999984741211,72.54000091552734,16428000.0
2018-12-03,73.91000366210938,74.45999908447266,73.06999969482422,73.37999725341797,19554600.0
2018-12-04,73.13999938964844,73.13999938964844,70.16000366210938,70.26000213623047,20580300.0
2018-12-06,68.95999908447266,69.87999725341797,67.80000305175781,69.87000274658203,28325800.0
2018-12-07,69.69999694824219,70.5,67.80000305175781,68.02999877929688,19238300.0
2018-12-10,67.95999908447266,68.44000244140625,66.69999694824219,68.19999694824219,25360000.0
2018-12-11,69.30000305175781,69.44000244140625,67.38999938964844,67.80000305175781,18475700.0
2018-12-12,68.69999694824219,69.19999694824219,68.12999725341797,68.18000030517578,14776400.0
2018-12-13,68.69999694824219,68.80999755859375,67.72000122070312,67.98999786376953,15917800.0
2018-12-14,67.26000213623047,67.94000244140625,66.83000183105469,67.05000305175781,14806200.0
2018-12-17,66.87999725341797,67.30000305175781,65.54000091552734,65.94999694824219,19796800.0
2018-12-18,66.62999725341797,67.13999938964844,65.9000015258789,66.27999877929688,15665200.0
2018-12-19,66.19999694824219,67.5999984741211,64.58999633789062,65.02999877929688,23552900.0
2018-12-20,64.5999984741211,65.18000030517578,63.130001068115234,63.84000015258789,25709900.0
2018-12-21,63.61000061035156,64.22000122070312,62.11000061035156,62.25,28744200.0
2018-12-24,61.66999816894531,61.95000076293945,60.290000915527344,60.34000015258789,15800200.0
2018-12-26,60.58000183105469,63.220001220703125,59.91999816894531,63.150001525878906,17549000.0
2018-12-27,62.220001220703125,63.970001220703125,61.529998779296875,63.939998626708984,13980700.0
2018-12-28,64.16999816894531,64.69999694824219,63.54999923706055,63.77000045776367,15917200.0
2018-12-31,64.1500015258789,64.54000091552734,63.72999954223633,64.41000366210938,10068900.0
2019-01-02,63.459999084472656,64.79000091552734,63.09000015258789,64.73999786376953,14687500.0
2019-01-03,64.29000091552734,64.29000091552734,62.4900016784668,62.77000045776367,25976200.0
2019-01-04,63.689998626708984,65.2699966430664,63.689998626708984,65.1500015258789,19883600.0
2019-01-07,65.41999816894531,66.11000061035156,64.80000305175781,65.68000030517578,15193100.0
2019-01-08,66.58000183105469,66.98999786376953,65.94999694824219,66.58000183105469,23069500.0
2019-01-09,66.83999633789062,67.33999633789062,66.5999984741211,67.02999877929688,10036600.0
2019-01-10,66.79000091552734,68.0199966430664,66.48999786376953,67.94000244140625,8900400.0
2019-01-11,67.4800033569336,67.91000366210938,67.23999786376953,67.87000274658203,10691300.0
2019-01-14,67.37000274658203,68.16999816894531,67.16000366210938,67.86000061035156,10105500.0
2019-01-15,67.80000305175781,68.08999633789062,67.2699966430664,67.6500015258789,12517400.0
2019-01-16,67.73999786376953,68.05999755859375,67.62000274658203,67.72000122070312,12029900.0
2019-01-17,67.44000244140625,69.26000213623047,67.3499984741211,68.87999725341797,22922500.0
2019-01-18,69.4800033569336,70.44000244140625,69.2699966430664,70.19000244140625,20020200.0
2019-01-22,69.58999633789062,69.61000061035156,68.27999877929688,68.73999786376953,15935300.0
2019-01-23,69.19000244140625,69.55000305175781,68.06999969482422,68.83999633789062,13243800.0
2019-01-24,69.08999633789062,69.5,68.80000305175781,69.19000244140625,10361800.0
2019-01-25,69.8499984741211,70.36000061035156,69.66000366210938,70.06999969482422,13065900.0
2019-01-28,69.06999969482422,69.44000244140625,68.77999877929688,69.4000015258789,13144000.0
2019-01-29,69.69999694824219,70.48999786376953,69.68000030517578,70.36000061035156,12384000.0
2019-01-30,71.08999633789062,71.80000305175781,70.29000091552734,71.45999908447266,16892500.0
2019-01-31,71.58999633789062,72.11000061035156,71.30000305175781,71.7699966430664,13867100.0
2019-02-01,71.9800033569336,72.41000366210938,71.69000244140625,71.87999725341797,11845000.0
2019-02-04,71.9800033569336,72.8499984741211,71.79000091552734,72.80999755859375,7688400.0
2019-02-05,72.93000030517578,73.4800033569336,72.69999694824219,73.44000244140625,9079100.0
2019-02-06,73.31999969482422,73.80999755859375,73.20999908447266,73.45999908447266,15557600.0
2019-02-07,72.98999786376953,73.37999725341797,72.4000015258789,72.95999908447266,15611400.0
2019-02-08,72.5,73.06999969482422,72.1500015258789,73.06999969482422,15977000.0
2019-02-11,73.27999877929688,73.63999938964844,73.23999786376953,73.45999908447266,7909800.0
2019-02-12,74.0199966430664,74.76000213623047,73.87000274658203,74.5999984741211,8909700.0
2019-02-13,74.87000274658203,75.2699966430664,74.66999816894531,75.04000091552734,8134200.0
2019-02-14,74.61000061035156,75.0,74.41000366210938,74.69000244140625,11703600.0
2019-02-15,75.1500015258789,75.69999694824219,74.98999786376953,75.69000244140625,9593200.0
2019-02-19,75.45999908447266,75.9000015258789,75.22000122070312,75.66000366210938,7994800.0
2019-02-20,75.62999725341797,76.05999755859375,75.54000091552734,76.0199966430664,8911400.0
2019-02-21,75.83999633789062,76.02999877929688,75.45999908447266,75.70999908447266,6782700.0
2019-02-22,75.9800033569336,76.25,75.68000030517578,76.20999908447266,9816900.0
2019-02-25,77.0,77.12999725341797,76.4800033569336,76.51000213623047,10108500.0
2019-02-26,76.30999755859375,82.66000366210938,76.27999877929688,76.30000305175781,11730800.0
2019-02-27,76.16999816894531,76.66999816894531,75.88999938964844,76.5999984741211,8033300.0
2019-02-28,76.61000061035156,76.6500015258789,76.29000091552734,76.33999633789062,8531300.0
2019-03-01,76.91000366210938,77.0999984741211,76.01000213623047,76.41000366210938,12786600.0
2019-03-04,76.7699966430664,77.0999984741211,75.4800033569336,76.06999969482422,19150400.0
2019-03-05,76.11000061035156,76.27999877929688,75.55999755859375,75.58000183105469,13820500.0
2019-03-06,75.47000122070312,75.61000061035156,74.8499984741211,74.87000274658203,18468400.0
2019-03-07,74.68000030517578,74.80000305175781,73.7699966430664,74.41999816894531,19104700.0
2019-03-08,73.70999908447266,74.30000305175781,73.61000061035156,74.2699966430664,14341300.0
2019-03-11,73.20999908447266,74.93000030517578,73.04000091552734,74.9000015258789,15298200.0
2019-03-12,74.80000305175781,74.88999938964844,74.13999938964844,74.27999877929688,17995800.0
2019-03-13,74.55000305175781,75.18000030517578,74.45999908447266,74.93000030517578,13387900.0
2019-03-14,74.91999816894531,75.11000061035156,74.48999786376953,74.68000030517578,9636500.0
2019-03-15,74.33999633789062,74.5199966430664,73.8499984741211,73.98999786376953,24900000.0
2019-03-18,73.87999725341797,74.7699966430664,73.80000305175781,74.70999908447266,10313900.0
2019-03-19,74.95999908447266,75.22000122070312,74.16000366210938,74.44000244140625,10778100.0
2019-03-20,74.25,74.52999877929688,73.5199966430664,73.93000030517578,11259400.0
2019-03-21,73.70999908447266,74.80000305175781,73.6500015258789,74.63999938964844,10638600.0
2019-03-22,74.22000122070312,74.2699966430664,72.9000015258789,72.94999694824219,18004400.0
2019-03-25,72.97000122070312,73.51000213623047,72.79000091552734,73.12000274658203,12372800.0
2019-03-26,73.63999938964844,73.91000366210938,73.16000366210938,73.61000061035156,10524000.0
2019-03-27,73.62999725341797,74.02999877929688,73.13999938964844,73.69000244140625,10556100.0
2019-03-28,73.9000015258789,74.33000183105469,73.69000244140625,74.2300033569336,10030100.0
2019-03-29,74.72000122070312,75.08999633789062,74.66000366210938,75.02999877929688,10138800.0
2019-04-01,75.72000122070312,76.69999694824219,75.66999816894531,76.58000183105469,15531000.0
2019-04-02,76.62000274658203,76.81999969482422,76.36000061035156,76.55000305175781,10397600.0
2019-04-03,76.86000061035156,76.95999908447266,76.12000274658203,76.31999969482422,12726000.0
2019-04-04,76.27999877929688,77.05999755859375,76.2699966430664,76.79000091552734,9236600.0
2019-04-05,77.08000183105469,77.25,76.88999938964844,77.01000213623047,7531000.0
2019-04-08,76.43000030517578,76.69999694824219,76.0999984741211,76.68000030517578,8819100.0
2019-04-09,76.1500015258789,76.18000030517578,75.51000213623047,75.63999938964844,9814500.0
2019-04-10,75.69999694824219,75.77999877929688,75.16000366210938,75.62000274658203,13974700.0
2019-04-11,75.63999938964844,76.3499984741211,75.58999633789062,76.2699966430664,9532200.0
2019-04-12,77.01000213623047,77.27999877929688,76.73999786376953,77.27999877929688,11175100.0
2019-04-15,77.16999816894531,77.33000183105469,76.73999786376953,76.8499984741211,7368100.0
2019-04-16,77.11000061035156,77.41999816894531,76.93000030517578,77.31999969482422,7101600.0
2019-04-17,77.77999877929688,77.98999786376953,77.4000015258789,77.41999816894531,10363900.0
2019-04-18,77.73999786376953,78.41999816894531,77.73999786376953,78.30999755859375,13192700.0
2019-04-22,78.01000213623047,78.25,77.69000244140625,78.06999969482422,6477700.0
2019-04-23,78.30000305175781,78.91000366210938,78.05999755859375,78.75,13760500.0
2019-04-24,78.75,78.94999694824219,78.48999786376953,78.5199966430664,7718000.0
2019-04-25,77.63999938964844,77.66000366210938,76.58999633789062,76.94000244140625,12555900.0
2019-04-26,76.9800033569336,77.5199966430664,76.83999633789062,77.5199966430664,12262600.0
2019-04-29,77.5199966430664,77.94999694824219,77.43000030517578,77.69999694824219,8759000.0
2019-04-30,78.0199966430664,78.22000122070312,77.3499984741211,78.01000213623047,9546700.0
2019-05-01,78.25,78.5,77.5,77.5,16918700.0
2019-05-02,77.30999755859375,77.62999725341797,76.80999755859375,77.45999908447266,16360900.0
2019-05-03,77.7300033569336,78.47000122070312,77.7300033569336,78.4000015258789,12904100.0
2019-05-06,76.76000213623047,77.79000091552734,76.69999694824219,77.6500015258789,11928800.0
2019-05-07,76.69999694824219,76.8499984741211,75.48999786376953,76.08000183105469,18355800.0
2019-05-08,75.94000244140625,76.61000061035156,75.83000183105469,76.08000183105469,16464800.0
2019-05-09,75.27999877929688,76.0999984741211,74.83000183105469,75.97000122070312,14923700.0
2019-05-10,75.47000122070312,76.45999908447266,74.58999633789062,76.2699966430664,17419800.0
2019-05-13,74.5,74.79000091552734,73.5999984741211,74.0999984741211,20011000.0
2019-05-14,74.37000274658203,75.44000244140625,74.2699966430664,74.87000274658203,11317900.0
2019-05-15,74.19999694824219,75.27999877929688,74.02999877929688,74.97000122070312,12290000.0
2019-05-16,75.30999755859375,75.91000366210938,75.16000366210938,75.66000366210938,7450000.0
2019-05-17,74.83999633789062,75.63999938964844,74.7300033569336,74.81999969482422,16305500.0
2019-05-20,74.3499984741211,74.91000366210938,74.27999877929688,74.62999725341797,11638300.0
2019-05-21,75.2699966430664,75.5999984741211,75.06999969482422,75.51000213623047,10612300.0
2019-05-22,75.25,75.33999633789062,74.88999938964844,74.88999938964844,9114700.0
2019-05-23,74.06999969482422,74.18000030517578,73.29000091552734,73.75,16205600.0
2019-05-24,74.23999786376953,74.37000274658203,73.58000183105469,73.77999877929688,11127400.0
2019-05-28,73.87000274658203,74.1500015258789,73.08999633789062,73.0999984741211,11263100.0
2019-05-29,72.77999877929688,73.0999984741211,72.08000183105469,72.7699966430664,14257100.0
2019-05-30,73.08999633789062,73.41000366210938,72.80000305175781,73.05000305175781,10103500.0
2019-05-31,72.2699966430664,72.55000305175781,71.98999786376953,72.05000305175781,13718400.0
2019-06-03,71.93000030517578,72.94000244140625,71.91000366210938,72.54000091552734,17515000.0
2019-06-04,73.23999786376953,74.30000305175781,73.11000061035156,74.2699966430664,16424700.0
2019-06-05,74.66000366210938,75.08000183105469,74.4000015258789,74.98999786376953,12865600.0
2019-06-06,75.06999969482422,75.31999969482422,74.44000244140625,75.12000274658203,11387300.0
2019-06-07,75.4000015258789,76.02999877929688,75.3499984741211,75.72000122070312,9234300.0
2019-06-10,76.44000244140625,76.6500015258789,75.80000305175781,75.81999969482422,9513900.0
2019-06-11,76.2699966430664,76.44999694824219,74.87000274658203,75.16999816894531,11936300.0
2019-06-12,75.11000061035156,75.37000274658203,74.93000030517578,75.33000183105469,5612300.0
2019-06-13,75.45999908447266,75.76000213623047,75.26000213623047,75.70999908447266,6987000.0
2019-06-14,75.62000274658203,75.70999908447266,75.08999633789062,75.41000366210938,5966600.0
2019-06-17,75.44999694824219,75.56999969482422,75.08999633789062,75.1500015258789,7708800.0
2019-06-18,75.54000091552734,76.70999908447266,75.54000091552734,76.61000061035156,12506300.0
2019-06-19,76.73999786376953,76.76000213623047,76.19000244140625,76.55000305175781,11171700.0
2019-06-20,77.44999694824219,77.93000030517578,76.95999908447266,77.83000183105469,14503200.0
2019-06-21,77.48999786376953,77.80999755859375,77.05000305175781,77.08000183105469,11526800.0
2019-06-24,77.11000061035156,77.38999938964844,76.9000015258789,76.93000030517578,8388300.0
2019-06-25,76.93000030517578,76.95999908447266,76.29000091552734,76.3499984741211,9267600.0
2019-06-26,76.55999755859375,76.76000213623047,76.3499984741211,76.54000091552734,7262700.0
2019-06-27,76.5999984741211,76.87000274658203,76.29000091552734,76.61000061035156,7573800.0
2019-06-28,76.72000122070312,77.47000122070312,76.72000122070312,77.41999816894531,11152300.0
2019-07-01,78.05000305175781,78.44000244140625,77.16000366210938,77.48999786376953,10300100.0
2019-07-02,77.56999969482422,77.68000030517578,77.20999908447266,77.38999938964844,9237200.0
2019-07-03,77.63999938964844,77.8499984741211,77.36000061035156,77.81999969482422,8091400.0
2019-07-05,77.45999908447266,77.51000213623047,76.44999694824219,77.51000213623047,6389000.0
2019-07-08,77.04000091552734,77.2699966430664,76.66999816894531,76.87000274658203,6039900.0
2019-07-09,76.4000015258789,76.79000091552734,76.27999877929688,76.69999694824219,10137500.0
2019-07-10,76.91999816894531,77.26000213623047,76.44999694824219,76.5199966430664,10124800.0
2019-07-11,76.5,77.05000305175781,76.37999725341797,77.04000091552734,7393900.0
2019-07-12,77.30000305175781,78.41000366210938,77.30000305175781,78.38999938964844,12152800.0
2019-07-15,78.38999938964844,78.38999938964844,77.95999908447266,78.06999969482422,4452300.0
2019-07-16,78.05999755859375,78.77999877929688,78.05999755859375,78.56999969482422,8115300.0
2019-07-17,78.12000274658203,78.19000244140625,76.86000061035156,76.88999938964844,11235100.0
2019-07-18,76.94000244140625,77.13999938964844,76.55999755859375,77.02999877929688,6647900.0
2019-07-19,77.52999877929688,77.91999816894531,77.4000015258789,77.44999694824219,7601700.0
2019-07-22,77.58999633789062,77.91000366210938,77.26000213623047,77.51000213623047,8448200.0
2019-07-23,78.08000183105469,78.5199966430664,77.76000213623047,78.48999786376953,10284200.0
2019-07-24,77.8499984741211,79.0199966430664,77.83000183105469,78.83000183105469,8692500.0
2019-07-25,78.83000183105469,79.06999969482422,78.31999969482422,78.66999816894531,8759000.0
2019-07-26,78.5199966430664,78.70999908447266,78.23999786376953,78.5,6147900.0
2019-07-29,78.41000366210938,78.55000305175781,78.2300033569336,78.36000061035156,5387500.0
2019-07-30,77.87000274658203,78.69999694824219,77.5999984741211,78.69999694824219,7071100.0
2019-07-31,78.73999786376953,78.9000015258789,77.22000122070312,77.81999969482422,12485300.0
2019-08-01,77.68000030517578,78.27999877929688,76.16999816894531,76.30999755859375,18665700.0
2019-08-02,76.05000305175781,76.20999908447266,75.30000305175781,75.81999969482422,12992400.0
2019-08-05,74.62000274658203,74.62999725341797,73.08000183105469,73.72000122070312,14505200.0
2019-08-06,74.2300033569336,74.88999938964844,73.87999725341797,74.83000183105469,11758600.0
2019-08-07,73.86000061035156,74.93000030517578,73.31999969482422,74.79000091552734,15604300.0
2019-08-08,75.12000274658203,76.11000061035156,75.02999877929688,76.05999755859375,9353100.0
2019-08-09,75.77999877929688,75.86000061035156,74.9800033569336,75.41999816894531,8213600.0
2019-08-12,74.88999938964844,75.1500015258789,74.13999938964844,74.37999725341797,15560600.0
2019-08-13,74.29000091552734,76.02999877929688,74.1500015258789,75.2699966430664,14379300.0
2019-08-14,74.12000274658203,74.2699966430664,72.88999938964844,72.97000122070312,13653800.0
2019-08-15,73.08999633789062,73.0999984741211,72.19000244140625,72.88999938964844,11974400.0
2019-08-16,73.48999786376953,74.44999694824219,73.41000366210938,74.30000305175781,9575500.0
2019-08-19,75.18000030517578,75.31999969482422,74.87000274658203,75.0,4260500.0
2019-08-20,74.86000061035156,75.02999877929688,74.5,74.55999755859375,4695400.0
2019-08-21,75.12999725341797,75.3499984741211,74.9000015258789,75.0199966430664,5399200.0
2019-08-22,75.2300033569336,75.54000091552734,74.56999969482422,75.12999725341797,7692400.0
2019-08-23,74.66000366210938,75.22000122070312,72.7699966430664,73.12000274658203,26474900.0
2019-08-26,73.97000122070312,74.08999633789062,73.0199966430664,73.66000366210938,14041900.0
2019-08-27,74.05000305175781,74.08000183105469,73.11000061035156,73.27999877929688,9943300.0
2019-08-28,73.08000183105469,74.18000030517578,72.7699966430664,74.18000030517578,11921300.0
2019-08-29,75.0,75.62000274658203,74.69999694824219,75.44999694824219,10651000.0
2019-08-30,75.94999694824219,76.26000213623047,75.61000061035156,75.76000213623047,7500200.0
2019-09-03,75.04000091552734,75.80000305175781,74.26000213623047,74.7300033569336,12787100.0
2019-09-04,75.33000183105469,75.76000213623047,74.7300033569336,75.68000030517578,9265600.0
2019-09-05,76.58999633789062,77.5999984741211,76.54000091552734,77.04000091552734,14266800.0
2019-09-06,77.33000183105469,77.45999908447266,76.97000122070312,77.19999694824219,6940300.0
2019-09-09,77.37999725341797,77.77999877929688,77.25,77.43000030517578,8081000.0
2019-09-10,77.2300033569336,78.16000366210938,76.95999908447266,78.13999938964844,9487400.0
2019-09-11,78.30000305175781,78.91999816894531,77.87999725341797,78.87000274658203,14262600.0
2019-09-12,79.08999633789062,79.30000305175781,78.56999969482422,78.91999816894531,18667600.0
2019-09-13,79.27999877929688,79.79000091552734,79.25,79.3499984741211,9357700.0
2019-09-16,79.12000274658203,79.41000366210938,78.94000244140625,79.27999877929688,8011700.0
2019-09-17,79.08999633789062,79.30999755859375,78.66999816894531,79.23999786376953,6249300.0
2019-09-18,78.77999877929688,79.16000366210938,78.23999786376953,79.12000274658203,8089600.0
2019-09-19,79.08999633789062,79.3499984741211,78.68000030517578,78.72000122070312,5076800.0
2019-09-20,78.38999938964844,78.66000366210938,77.58999633789062,77.80999755859375,10478700.0
2019-09-23,77.5,77.94000244140625,77.22000122070312,77.66000366210938,14475100.0
2019-09-24,78.0,78.19000244140625,76.83000183105469,77.22000122070312,11798600.0
2019-09-25,77.33999633789062,77.87000274658203,77.06999969482422,77.72000122070312,10000200.0
2019-09-26,77.8499984741211,78.08000183105469,77.41999816894531,77.83000183105469,9083000.0
2019-09-27,78.08999633789062,78.18000030517578,77.16000366210938,77.5199966430664,10226900.0
2019-09-30,77.61000061035156,77.88999938964844,77.61000061035156,77.62999725341797,6225100.0
2019-10-01,77.91000366210938,78.23999786376953,75.69000244140625,75.7699966430664,15968900.0
2019-10-02,75.12000274658203,75.12999725341797,73.79000091552734,74.33999633789062,12341200.0
2019-10-03,74.16999816894531,74.8499984741211,73.18000030517578,74.83000183105469,16621700.0
2019-10-04,74.87999725341797,75.69999694824219,74.80000305175781,75.61000061035156,9175800.0
2019-10-07,75.37999725341797,75.87000274658203,75.06999969482422,75.2300033569336,6505400.0
2019-10-08,74.47000122070312,74.87000274658203,74.0199966430664,74.06999969482422,11579500.0
2019-10-09,74.68000030517578,75.0,74.27999877929688,74.69999694824219,6271500.0
2019-10-10,74.55000305175781,75.6500015258789,74.55000305175781,75.37999725341797,9321000.0
2019-10-11,76.37999725341797,77.4800033569336,76.18000030517578,76.80000305175781,16243500.0
2019-10-14,76.6500015258789,76.87000274658203,76.41000366210938,76.6500015258789,4829300.0
2019-10-15,76.79000091552734,77.56999969482422,76.62999725341797,77.2699966430664,8973800.0
2019-10-16,77.12999725341797,77.62000274658203,77.08999633789062,77.2300033569336,8786300.0
2019-10-17,77.66999816894531,78.19000244140625,77.54000091552734,77.61000061035156,7976200.0
2019-10-18,77.44000244140625,77.5999984741211,76.86000061035156,76.94000244140625,9694500.0
2019-10-21,77.2300033569336,77.56999969482422,77.11000061035156,77.4000015258789,8419400.0
2019-10-22,77.48999786376953,78.23999786376953,77.19999694824219,78.01000213623047,11351500.0
2019-10-23,77.9800033569336,78.05000305175781,77.66999816894531,78.0,7370300.0
2019-10-24,78.12999725341797,78.22000122070312,77.55000305175781,78.11000061035156,8355700.0
2019-10-25,78.08999633789062,78.77999877929688,78.05000305175781,78.5999984741211,7718500.0
2019-10-28,78.7699966430664,79.2300033569336,78.76000213623047,78.81999969482422,8138200.0
2019-10-29,78.5,79.29000091552734,78.4000015258789,79.08000183105469,10429100.0
2019-10-30,79.2300033569336,79.43000030517578,78.80000305175781,79.36000061035156,9208200.0
2019-10-31,79.12000274658203,79.12000274658203,78.11000061035156,78.51000213623047,10693200.0
2019-11-01,79.05999755859375,80.22000122070312,79.01000213623047,80.22000122070312,19657900.0
2019-11-04,80.66000366210938,81.18000030517578,80.66000366210938,81.1500015258789,15286500.0
2019-11-05,81.30000305175781,81.68000030517578,81.08000183105469,81.31999969482422,14923700.0
2019-11-06,81.25,81.37999725341797,80.9000015258789,81.37000274658203,12253200.0
2019-11-07,81.80000305175781,82.18000030517578,81.5199966430664,81.6500015258789,10297000.0
2019-11-08,81.4800033569336,81.76000213623047,81.2300033569336,81.76000213623047,6323400.0
2019-11-11,81.26000213623047,81.93000030517578,81.12999725341797,81.80000305175781,5801500.0
2019-11-12,81.93000030517578,82.16999816894531,81.62000274658203,81.79000091552734,8293500.0
2019-11-13,81.45999908447266,81.75,81.19999694824219,81.44999694824219,9885400.0
2019-11-14,81.29000091552734,81.87999725341797,81.27999877929688,81.70999908447266,7355000.0
2019-11-15,82.16999816894531,82.4800033569336,82.0999984741211,82.30999755859375,6150700.0
2019-11-18,82.16000366210938,82.16000366210938,81.83000183105469,82.0,5119400.0
2019-11-19,82.26000213623047,82.33000183105469,81.75,81.93000030517578,9192800.0
2019-11-20,81.66999816894531,81.86000061035156,80.95999908447266,81.27999877929688,14726700.0
2019-11-21,81.29000091552734,81.51000213623047,81.0,81.25,6094800.0
2019-11-22,81.44999694824219,81.69000244140625,81.19000244140625,81.66999816894531,5205100.0
2019-11-25,81.97000122070312,82.41999816894531,81.76000213623047,82.26000213623047,9190000.0
2019-11-26,82.33999633789062,82.6500015258789,82.18000030517578,82.5,6069400.0
2019-11-27,82.44000244140625,82.44999694824219,82.0999984741211,82.41999816894531,9186200.0
2019-11-29,82.31999969482422,82.31999969482422,81.9000015258789,82.04000091552734,5645400.0
2019-12-02,82.02999877929688,82.1500015258789,80.6500015258789,80.69000244140625,18275700.0
2019-12-03,79.83999633789062,79.87999725341797,79.26000213623047,79.80999755859375,20384400.0
2019-12-04,80.2300033569336,80.9000015258789,80.04000091552734,80.12000274658203,16090300.0
2019-12-05,80.2699966430664,80.33000183105469,79.79000091552734,80.13999938964844,18539400.0
2019-12-06,80.88999938964844,81.26000213623047,80.86000061035156,81.11000061035156,8966700.0
2019-12-09,80.87999725341797,81.0999984741211,80.76000213623047,80.80000305175781,6951300.0
2019-12-10,80.79000091552734,81.02999877929688,80.55999755859375,80.69999694824219,9046900.0
2019-12-11,80.77999877929688,81.27999877929688,80.58000183105469,81.20999908447266,9070300.0
2019-12-12,81.25,82.19000244140625,81.04000091552734,81.93000030517578,15561500.0
2019-12-13,81.88999938964844,82.54000091552734,81.44000244140625,81.70999908447266,11754800.0
2019-12-16,81.98999786376953,82.12000274658203,81.66000366210938,81.66999816894531,8046500.0
2019-12-17,81.68000030517578,81.86000061035156,81.54000091552734,81.58999633789062,5949600.0
2019-12-18,81.5999984741211,81.62000274658203,81.0999984741211,81.25,6679300.0
2019-12-19,81.26000213623047,81.55999755859375,81.16999816894531,81.47000122070312,5744000.0
2019-12-20,81.33999633789062,81.62999725341797,81.16000366210938,81.44000244140625,8913300.0
2019-12-23,81.93000030517578,82.19999694824219,81.79000091552734,82.11000061035156,5675700.0
2019-12-24,82.08999633789062,82.19999694824219,81.69000244140625,81.77999877929688,4451600.0
2019-12-26,81.95999908447266,81.9800033569336,81.58000183105469,81.97000122070312,3914200.0
2019-12-27,82.2300033569336,82.2300033569336,81.79000091552734,81.9000015258789,5300700.0
2019-12-30,81.98999786376953,81.98999786376953,81.36000061035156,81.5199966430664,7716400.0
2019-12-31,81.31999969482422,81.69000244140625,81.18000030517578,81.47000122070312,6458200.0
2020-01-02,82.05000305175781,83.01000213623047,81.83000183105469,83.01000213623047,16121300.0
2020-01-03,82.05999755859375,82.94999694824219,81.98999786376953,82.8499984741211,17571300.0
2020-01-06,82.45999908447266,82.88999938964844,82.2699966430664,82.87999725341797,16153100.0
2020-01-07,82.56999969482422,83.0199966430664,82.29000091552734,82.70999908447266,16675400.0
2020-01-08,82.7699966430664,83.36000061035156,82.62999725341797,82.98999786376953,10677700.0
2020-01-09,83.33999633789062,83.43000030517578,83.08000183105469,83.33999633789062,7407200.0
2020-01-10,83.51000213623047,83.51000213623047,82.61000061035156,82.75,8856800.0
2020-01-13,83.01000213623047,83.5199966430664,82.8499984741211,83.43000030517578,7893800.0
2020-01-14,83.4800033569336,83.9800033569336,83.33000183105469,83.44000244140625,9649400.0
2020-01-15,83.44999694824219,83.91999816894531,83.37999725341797,83.56999969482422,12014500.0
2020-01-16,84.0,84.44000244140625,83.93000030517578,84.4000015258789,9493300.0
2020-01-17,84.45999908447266,84.80999755859375,84.30000305175781,84.41000366210938,7013400.0
2020-01-21,84.02999877929688,84.2699966430664,83.11000061035156,83.4800033569336,13005000.0
2020-01-22,83.70999908447266,83.9000015258789,82.9800033569336,83.04000091552734,7490500.0
2020-01-23,82.93000030517578,84.05000305175781,82.62999725341797,83.94000244140625,10758500.0
2020-01-24,84.0999984741211,84.16999816894531,82.93000030517578,83.55000305175781,13402200.0
2020-01-27,82.05999755859375,82.5199966430664,81.97000122070312,81.97000122070312,15013800.0
2020-01-28,82.23999786376953,82.91000366210938,81.86000061035156,82.5,14918000.0
2020-01-29,83.33000183105469,83.56999969482422,82.8499984741211,82.94000244140625,10355100.0
2020-01-30,82.13999938964844,83.12000274658203,81.97000122070312,83.02999877929688,13158200.0
2020-01-31,82.58000183105469,82.69999694824219,80.80000305175781,81.11000061035156,19083600.0
2020-02-03,81.55000305175781,82.2300033569336,80.98999786376953,81.08000183105469,15676600.0
2020-02-04,82.31999969482422,82.80999755859375,82.23999786376953,82.61000061035156,13597200.0
2020-02-05,83.54000091552734,84.0,83.11000061035156,83.98999786376953,12835800.0
2020-02-06,84.33000183105469,84.4000015258789,83.72000122070312,84.26000213623047,8627600.0
2020-02-07,83.94000244140625,84.1500015258789,83.58000183105469,83.6500015258789,12394500.0
2020-02-10,83.5199966430664,84.13999938964844,83.41999816894531,84.12000274658203,8074200.0
2020-02-11,84.55000305175781,84.83999633789062,84.2300033569336,84.44000244140625,6291400.0
2020-02-12,84.9000015258789,85.33000183105469,84.69999694824219,85.2300033569336,7808900.0
2020-02-13,84.79000091552734,85.11000061035156,84.45999908447266,84.75,8231500.0
2020-02-14,84.7300033569336,84.88999938964844,84.30000305175781,84.63999938964844,5319300.0
2020-02-18,84.29000091552734,84.52999877929688,83.7699966430664,84.16000366210938,10399700.0
2020-02-19,84.33000183105469,84.56999969482422,84.08999633789062,84.12999725341797,4638700.0
2020-02-20,83.9800033569336,84.58999633789062,83.4000015258789,84.01000213623047,9518700.0
2020-02-21,83.55999755859375,83.83999633789062,83.20999908447266,83.58999633789062,13184800.0
2020-02-24,81.20999908447266,81.72000122070312,80.70999908447266,81.20999908447266,18010100.0
2020-02-25,81.37999725341797,81.62000274658203,77.69000244140625,77.9000015258789,33000700.0
2020-02-26,78.38999938964844,79.38999938964844,77.13999938964844,77.30999755859375,32619800.0
2020-02-27,75.79000091552734,77.4000015258789,74.38999938964844,74.44000244140625,42597300.0
2020-02-28,72.16999816894531,73.66999816894531,71.30000305175781,73.08000183105469,79118200.0
2020-03-02,73.94999694824219,75.83000183105469,72.58999633789062,75.6500015258789,44798900.0
2020-03-03,75.8499984741211,77.52999877929688,73.3499984741211,73.80000305175781,53823900.0
2020-03-04,74.95999908447266,76.94999694824219,74.26000213623047,76.8499984741211,32387800.0
2020-03-05,74.66999816894531,75.22000122070312,72.7699966430664,73.08999633789062,28762200.0
2020-03-06,70.66000366210938,72.73999786376953,70.44999694824219,72.44999694824219,40681300.0
2020-03-09,66.69999694824219,68.3499984741211,65.08000183105469,65.7699966430664,24792500.0
2020-03-10,68.04000091552734,69.2300033569336,65.3499984741211,69.18000030517578,18385600.0
2020-03-11,67.04000091552734,67.6500015258789,64.4000015258789,65.12000274658203,28414900.0
2020-03-12,59.59000015258789,63.0,54.099998474121094,58.380001068115234,23659800.0
2020-03-13,61.83000183105469,62.9900016784668,58.59000015258789,62.939998626708984,18660300.0
2020-03-16,56.220001220703125,59.88999938964844,55.56999969482422,55.79999923706055,18656400.0
2020-03-17,56.68000030517578,58.66999816894531,54.61000061035156,58.369998931884766,24962200.0
2020-03-18,54.29999923706055,54.9900016784668,50.36000061035156,54.06999969482422,26018900.0
2020-03-19,53.400001525878906,54.959999084472656,51.290000915527344,54.11000061035156,16868000.0
2020-03-20,54.5099983215332,55.15999984741211,51.18000030517578,51.400001525878906,22341700.0
2020-03-23,50.83000183105469,50.83000183105469,47.709999084472656,48.77000045776367,34346400.0
2020-03-24,51.7400016784668,55.119998931884766,51.61000061035156,54.939998626708984,29349700.0
2020-03-25,55.9900016784668,60.04999923706055,54.63999938964844,57.83000183105469,27753000.0
2020-03-26,58.93000030517578,61.83000183105469,58.40999984741211,61.47999954223633,22110200.0
2020-03-27,59.130001068115234,61.56999969482422,57.970001220703125,58.88999938964844,22486700.0
2020-03-30,58.91999816894531,60.040000915527344,57.97999954223633,59.75,15759000.0
2020-03-31,59.25,60.25,58.7599983215332,59.0099983215332,12883900.0
2020-04-01,56.380001068115234,57.060001373291016,55.540000915527344,56.349998474121094,16057100.0
2020-04-02,55.849998474121094,57.869998931884766,55.630001068115234,57.099998474121094,23895100.0
2020-04-03,56.939998626708984,57.529998779296875,55.720001220703125,56.34000015258789,15912400.0
2020-04-06,58.880001068115234,60.59000015258789,58.810001373291016,60.2400016784668,19306700.0
2020-04-07,62.5,63.189998626708984,60.060001373291016,60.099998474121094,18391000.0
2020-04-08,60.93000030517578,62.619998931884766,60.43000030517578,62.279998779296875,11986700.0
2020-04-09,63.470001220703125,64.33000183105469,62.650001525878906,63.220001220703125,21132300.0
2020-04-13,62.81999969482422,62.86000061035156,60.79999923706055,61.369998931884766,11086600.0
2020-04-14,62.720001220703125,63.18000030517578,61.91999816894531,62.540000915527344,15293600.0
2020-04-15,61.16999816894531,61.290000915527344,59.790000915527344,60.810001373291016,12758400.0
2020-04-16,60.720001220703125,60.7400016784668,59.369998931884766,60.27000045776367,16117600.0
2020-04-17,62.33000183105469,63.310001373291016,62.11000061035156,63.099998474121094,18372500.0
2020-04-20,61.900001525878906,62.63999938964844,61.220001220703125,61.41999816894531,10475100.0
2020-04-21,60.09000015258789,60.77000045776367,59.72999954223633,59.970001220703125,9553300.0
2020-04-22,61.13999938964844,61.29999923706055,60.22999954223633,60.599998474121094,9185000.0
2020-04-23,61.06999969482422,62.349998474121094,61.060001373291016,61.08000183105469,14256500.0
2020-04-24,61.61000061035156,61.779998779296875,60.58000183105469,61.56999969482422,7139000.0
2020-04-27,62.0,63.4900016784668,61.880001068115234,63.099998474121094,9323200.0
2020-04-28,64.33999633789062,65.01000213623047,63.61000061035156,64.27999877929688,9938600.0
2020-04-29,65.56999969482422,66.22000122070312,64.91999816894531,65.51000213623047,12757000.0
2020-04-30,64.5999984741211,64.72000122070312,63.7400016784668,64.20999908447266,14309800.0
2020-05-01,63.08000183105469,63.25,61.86000061035156,62.27000045776367,9019200.0
2020-05-04,61.38999938964844,61.4900016784668,60.599998474121094,61.47999954223633,8551700.0
2020-05-05,62.04999923706055,62.560001373291016,61.650001525878906,61.720001220703125,8691200.0
2020-05-06,62.060001373291016,62.11000061035156,60.790000915527344,60.869998931884766,7048100.0
2020-05-07,61.689998626708984,62.369998931884766,61.34000015258789,61.58000183105469,8144500.0
2020-05-08,62.33000183105469,63.2400016784668,62.310001373291016,63.11000061035156,8661500.0
2020-05-11,62.47999954223633,62.79999923706055,61.88999938964844,62.31999969482422,8407700.0
2020-05-12,62.470001220703125,62.709999084472656,60.560001373291016,60.56999969482422,12329000.0
2020-05-13,60.209999084472656,60.279998779296875,58.5,59.04999923706055,15434500.0
2020-05-14,58.18000030517578,59.66999816894531,56.970001220703125,59.66999816894531,14221100.0
2020-05-15,58.970001220703125,59.83000183105469,58.70000076293945,59.459999084472656,17398000.0
2020-05-18,61.81999969482422,63.779998779296875,61.650001525878906,63.380001068115234,22117500.0
2020-05-19,63.2599983215332,63.869998931884766,62.560001373291016,62.56999969482422,12447700.0
2020-05-20,63.560001373291016,64.3499984741211,63.470001220703125,63.7400016784668,8644000.0
2020-05-21,63.75,64.4000015258789,63.40999984741211,63.88999938964844,7682300.0
2020-05-22,64.01000213623047,64.05999755859375,63.27000045776367,63.84000015258789,7113000.0
2020-05-26,65.8499984741211,67.02999877929688,65.81999969482422,66.5199966430664,14908000.0
2020-05-27,67.95999908447266,68.79000091552734,67.29000091552734,68.73999786376953,21918500.0
2020-05-28,69.43000030517578,69.6500015258789,67.97000122070312,68.08999633789062,17490200.0
2020-05-29,67.45999908447266,68.12999725341797,66.75,67.66999816894531,18881500.0
2020-06-01,67.5999984741211,68.33000183105469,67.33999633789062,67.81999969482422,12919200.0
2020-06-02,68.33000183105469,68.87999725341797,68.04000091552734,68.69999694824219,10852400.0
2020-06-03,69.69999694824219,71.56999969482422,69.66999816894531,71.37999725341797,16253300.0
2020-06-04,71.22000122070312,72.16999816894531,71.04000091552734,72.13999938964844,17880500.0
2020-06-05,75.16000366210938,76.20999908447266,74.48999786376953,74.79000091552734,19564100.0
2020-06-08,75.75,76.52999877929688,75.72000122070312,76.29000091552734,18906200.0
2020-06-09,74.9000015258789,75.0,74.05999755859375,74.38999938964844,15074600.0
2020-06-10,74.04000091552734,74.13999938964844,72.37999725341797,72.61000061035156,16694200.0
2020-06-11,69.5199966430664,70.08999633789062,67.41000366210938,67.51000213623047,26054800.0
2020-06-12,69.94999694824219,70.13999938964844,67.13999938964844,68.81999969482422,29161900.0
2020-06-15,66.62999725341797,69.93000030517578,66.36000061035156,69.5,18116200.0
2020-06-16,72.41000366210938,72.48999786376953,69.58999633789062,70.86000061035156,20563200.0
2020-06-17,71.0199966430664,71.16000366210938,70.18000030517578,70.3499984741211,9448200.0
2020-06-18,69.69000244140625,70.72000122070312,69.55000305175781,70.08999633789062,8632800.0
2020-06-19,71.12999725341797,71.20999908447266,68.76000213623047,69.2300033569336,15601300.0
2020-06-22,68.51000213623047,69.26000213623047,67.94000244140625,69.04000091552734,7932000.0
2020-06-23,69.73999786376953,69.83000183105469,68.87999725341797,69.05000305175781,8849600.0
2020-06-24,68.11000061035156,68.33999633789062,66.4800033569336,66.6500015258789,16922800.0
2020-06-25,66.20999908447266,67.44999694824219,65.62999725341797,67.38999938964844,11623700.0
2020-06-26,67.12000274658203,67.37000274658203,65.8499984741211,66.13999938964844,21429900.0
2020-06-29,67.12000274658203,68.30999755859375,66.69000244140625,68.30999755859375,10864700.0
2020-06-30,67.79000091552734,69.08999633789062,67.58999633789062,68.69999694824219,8868500.0
2020-07-01,69.37999725341797,69.94000244140625,68.33000183105469,68.38999938964844,9789000.0
2020-07-02,69.48999786376953,70.0,68.80999755859375,68.9800033569336,8279800.0
2020-07-06,70.05000305175781,70.33999633789062,69.45999908447266,69.97000122070312,10815400.0
2020-07-07,69.29000091552734,69.58999633789062,68.55000305175781,68.62999725341797,6111800.0
2020-07-08,68.5999984741211,69.05999755859375,68.05000305175781,68.62999725341797,8576500.0
2020-07-09,68.51000213623047,68.58999633789062,66.91999816894531,67.13999938964844,16782900.0
2020-07-10,67.08000183105469,68.06999969482422,67.08000183105469,68.01000213623047,9255300.0
2020-07-13,68.5999984741211,69.45999908447266,67.93000030517578,68.29000091552734,14570100.0
2020-07-14,68.05000305175781,69.8499984741211,67.7699966430664,69.7699966430664,12689500.0
2020-07-15,71.05999755859375,71.87000274658203,70.66000366210938,71.55000305175781,15472400.0
2020-07-16,71.22000122070312,71.91999816894531,70.88999938964844,71.56999969482422,13017100.0
2020-07-17,71.88999938964844,72.1500015258789,71.5199966430664,72.0,8605200.0
2020-07-20,71.58999633789062,71.76000213623047,70.91000366210938,71.12000274658203,9404600.0
2020-07-21,71.76000213623047,72.58000183105469,71.62999725341797,72.05999755859375,9344300.0
2020-07-22,71.77999877929688,72.73999786376953,71.76000213623047,72.63999938964844,7620200.0
2020-07-23,72.55000305175781,73.08999633789062,72.13999938964844,72.41999816894531,7538000.0
2020-07-24,72.30999755859375,72.70999908447266,71.62999725341797,71.83999633789062,10061400.0
2020-07-27,71.81999969482422,72.23999786376953,71.4000015258789,72.13999938964844,6198400.0
2020-07-28,71.80000305175781,72.23999786376953,71.58000183105469,71.63999938964844,5964500.0
2020-07-29,72.01000213623047,72.88999938964844,71.95999908447266,72.7300033569336,6935400.0
2020-07-30,72.22000122070312,72.41000366210938,71.47000122070312,72.0,9118700.0
2020-07-31,71.70999908447266,71.87999725341797,70.52999877929688,71.7300033569336,9836300.0
2020-08-03,71.81999969482422,72.27999877929688,71.37000274658203,72.02999877929688,12737000.0
2020-08-04,71.7699966430664,72.25,71.75,72.20999908447266,6560900.0
2020-08-05,72.69999694824219,73.68000030517578,72.61000061035156,73.58999633789062,8520900.0
2020-08-06,73.5,73.87999725341797,73.4000015258789,73.87000274658203,5880600.0
2020-08-07,73.81999969482422,75.16000366210938,73.70999908447266,75.12999725341797,12952100.0
2020-08-10,75.4000015258789,77.05000305175781,75.36000061035156,76.9800033569336,15626800.0
2020-08-11,78.05999755859375,78.66999816894531,77.2300033569336,77.38999938964844,17263700.0
2020-08-12,78.12000274658203,78.20999908447266,77.33999633789062,77.63999938964844,12587200.0
2020-08-13,77.22000122070312,77.75,76.93000030517578,77.2300033569336,13298800.0
2020-08-14,76.83999633789062,77.91999816894531,76.72000122070312,77.52999877929688,5909700.0
2020-08-17,77.68000030517578,77.83999633789062,77.02999877929688,77.16999816894531,5898700.0
2020-08-18,77.12000274658203,77.36000061035156,76.63999938964844,76.75,5145500.0
2020-08-19,76.83999633789062,77.23999786376953,76.37999725341797,76.55000305175781,6297900.0
2020-08-20,75.94999694824219,76.31999969482422,75.70999908447266,76.13999938964844,10529300.0
2020-08-21,76.06999969482422,76.66000366210938,76.0199966430664,76.44999694824219,7113600.0
2020-08-24,76.95999908447266,77.83000183105469,76.61000061035156,77.83000183105469,10171400.0
2020-08-25,78.36000061035156,78.36000061035156,77.31999969482422,77.7300033569336,12076100.0
2020-08-26,77.58000183105469,78.04000091552734,77.19999694824219,77.7699966430664,6538500.0
2020-08-27,78.20999908447266,78.70999908447266,77.79000091552734,78.05000305175781,10260100.0
2020-08-28,78.31999969482422,78.83000183105469,77.94999694824219,78.79000091552734,10323900.0
2020-08-31,78.56999969482422,78.86000061035156,77.80999755859375,77.80999755859375,9908100.0
2020-09-01,77.55999755859375,78.66999816894531,77.27999877929688,78.5999984741211,14431600.0
2020-09-02,78.87999725341797,80.12000274658203,78.66000366210938,79.9000015258789,15333500.0
2020-09-03,79.95999908447266,80.26000213623047,77.16000366210938,77.66000366210938,19995100.0
2020-09-04,78.3499984741211,78.87999725341797,76.80999755859375,77.83999633789062,21632400.0
2020-09-08,77.30999755859375,77.4000015258789,76.16999816894531,76.37999725341797,14913700.0
2020-09-09,77.08000183105469,78.19999694824219,76.87999725341797,77.55999755859375,16222000.0
2020-09-10,77.81999969482422,78.05999755859375,76.33000183105469,76.56999969482422,16547200.0
2020-09-11,76.86000061035156,77.9800033569336,76.80000305175781,77.61000061035156,16124400.0
2020-09-14,78.33999633789062,78.91000366210938,77.97000122070312,78.66000366210938,9641800.0
2020-09-15,78.9800033569336,79.18000030517578,78.58000183105469,78.70999908447266,13583700.0
2020-09-16,79.33000183105469,80.30999755859375,78.88999938964844,79.51000213623047,10296200.0
2020-09-17,78.37000274658203,80.16000366210938,78.01000213623047,79.66999816894531,19265500.0
2020-09-18,79.91999816894531,80.22000122070312,78.72000122070312,78.77999877929688,13358700.0
2020-09-21,77.05999755859375,77.2300033569336,75.11000061035156,75.87000274658203,23188100.0
2020-09-22,75.83999633789062,76.7699966430664,75.7699966430664,76.62000274658203,7512500.0
2020-09-23,76.77999877929688,77.58999633789062,75.16999816894531,75.25,16388700.0
2020-09-24,75.12999725341797,76.20999908447266,74.3499984741211,75.36000061035156,12111100.0
2020-09-25,74.9000015258789,76.75,74.9000015258789,76.48999786376953,7346900.0
2020-09-28,77.44999694824219,78.48999786376953,77.44999694824219,77.87000274658203,7409600.0
2020-09-29,77.7300033569336,78.05000305175781,76.95999908447266,77.18000030517578,9633000.0
2020-09-30,77.4800033569336,78.38999938964844,76.41000366210938,76.9800033569336,12184900.0
2020-10-01,77.5199966430664,77.87000274658203,76.20999908447266,76.75,14045400.0
2020-10-02,75.5,78.05999755859375,75.47000122070312,77.61000061035156,17895400.0
2020-10-05,78.2699966430664,79.02999877929688,78.2699966430664,78.86000061035156,8880800.0
2020-10-06,79.19000244140625,79.72000122070312,77.81999969482422,77.9000015258789,12587300.0
2020-10-07,78.81999969482422,79.86000061035156,78.79000091552734,79.62000274658203,10049900.0
2020-10-08,80.1500015258789,80.41999816894531,79.44000244140625,80.41000366210938,16341600.0
2020-10-09,80.91000366210938,81.26000213623047,80.45999908447266,80.70999908447266,12603500.0
2020-10-12,81.06999969482422,81.45999908447266,80.83000183105469,81.16999816894531,8662000.0
2020-10-13,80.5999984741211,81.08999633789062,80.02999877929688,80.2699966430664,11004600.0
2020-10-14,80.4000015258789,81.33000183105469,80.38999938964844,80.72000122070312,10052300.0
2020-10-15,79.8499984741211,81.05000305175781,79.72000122070312,81.01000213623047,12063800.0
2020-10-16,81.51000213623047,82.0999984741211,81.38999938964844,81.5999984741211,9422400.0
2020-10-19,81.66000366210938,82.12999725341797,80.29000091552734,80.58999633789062,8531000.0
2020-10-20,81.01000213623047,82.04000091552734,80.81999969482422,81.01000213623047,9806800.0
2020-10-21,80.70999908447266,81.37999725341797,80.19000244140625,80.19000244140625,8009000.0
2020-10-22,80.37000274658203,80.98999786376953,80.12000274658203,80.8499984741211,6878200.0
2020-10-23,81.2699966430664,81.5199966430664,80.55000305175781,81.16999816894531,8038300.0
2020-10-26,80.0999984741211,80.19000244140625,78.27999877929688,79.13999938964844,10692400.0
2020-10-27,78.91000366210938,79.0,77.38999938964844,77.41000366210938,8736000.0
2020-10-28,75.83000183105469,76.68000030517578,74.77999877929688,74.87000274658203,17321800.0
2020-10-29,74.81999969482422,76.61000061035156,74.63999938964844,75.95999908447266,14272900.0
2020-10-30,75.55999755859375,76.18000030517578,74.72000122070312,75.87000274658203,15374700.0
2020-11-02,77.0,78.06999969482422,76.44000244140625,77.91999816894531,14166800.0
2020-11-03,78.9800033569336,80.66999816894531,78.80000305175781,80.22000122070312,16357500.0
2020-11-04,79.55999755859375,81.19000244140625,78.87000274658203,79.38999938964844,23229800.0
2020-11-05,80.47000122070312,81.79000091552734,80.41999816894531,81.26000213623047,12159300.0
2020-11-06,81.11000061035156,81.69999694824219,80.76000213623047,81.33999633789062,10091600.0
2020-11-09,86.87000274658203,87.87999725341797,84.05000305175781,84.11000061035156,25393800.0
2020-11-10,84.38999938964844,85.93000030517578,84.12999725341797,85.58999633789062,18983800.0
2020-11-11,86.12999725341797,86.13999938964844,84.44000244140625,84.87000274658203,11081400.0
2020-11-12,84.01000213623047,84.80999755859375,83.33000183105469,83.9000015258789,10776400.0
2020-11-13,84.61000061035156,85.86000061035156,84.55000305175781,85.76000213623047,9280200.0
2020-11-16,87.66000366210938,87.98999786376953,86.43000030517578,87.8499984741211,14364100.0
2020-11-17,87.19000244140625,87.91000366210938,86.31999969482422,87.62000274658203,11029700.0
2020-11-18,88.30999755859375,88.68000030517578,87.16999816894531,87.2300033569336,11882700.0
2020-11-19,87.01000213623047,87.52999877929688,86.44000244140625,87.44999694824219,8451900.0
2020-11-20,87.23999786376953,87.58999633789062,86.45999908447266,86.66000366210938,7288200.0
2020-11-23,87.4000015258789,88.27999877929688,87.4000015258789,88.11000061035156,11396000.0
2020-11-24,89.45999908447266,90.16000366210938,89.0199966430664,89.6500015258789,13977000.0
2020-11-25,89.58000183105469,89.5999984741211,88.52999877929688,88.97000122070312,9382800.0
2020-11-27,89.20999908447266,89.5,88.55999755859375,88.81999969482422,5023100.0
2020-11-30,88.62000274658203,88.72000122070312,87.52999877929688,88.02999877929688,10379800.0
2020-12-01,89.01000213623047,89.43000030517578,87.7699966430664,87.80999755859375,14520400.0
2020-12-02,87.4800033569336,88.1500015258789,87.37999725341797,87.93000030517578,13219800.0
2020-12-03,88.05000305175781,88.95999908447266,87.98999786376953,88.16000366210938,11677400.0
2020-12-04,88.44999694824219,89.37999725341797,88.41999816894531,89.20999908447266,11754100.0
2020-12-07,89.16000366210938,89.26000213623047,88.5199966430664,88.77999877929688,7599000.0
2020-12-08,88.5,89.37000274658203,88.47000122070312,89.20999908447266,5038200.0
2020-12-09,89.5199966430664,89.7300033569336,88.7699966430664,89.41000366210938,12047100.0
2020-12-10,88.79000091552734,89.22000122070312,88.16999816894531,88.55999755859375,11628000.0
2020-12-11,88.01000213623047,88.95999908447266,88.0,88.7699966430664,6577500.0
2020-12-14,89.62999725341797,89.69999694824219,87.5999984741211,87.62000274658203,6841800.0
2020-12-15,88.26000213623047,89.19000244140625,87.7300033569336,88.83999633789062,7351300.0
2020-12-16,88.91999816894531,88.97000122070312,88.0999984741211,88.29000091552734,6805000.0
2020-12-17,88.80999755859375,88.94000244140625,88.31999969482422,88.83000183105469,9088500.0
2020-12-18,88.95999908447266,89.05999755859375,88.13999938964844,88.83999633789062,8640000.0
2020-12-21,86.70999908447266,88.3499984741211,86.38999938964844,87.94000244140625,9071100.0
2020-12-22,87.9000015258789,87.98999786376953,86.87999725341797,87.52999877929688,11451100.0
2020-12-23,87.9800033569336,88.45999908447266,87.87000274658203,87.98999786376953,8939400.0
2020-12-24,88.12000274658203,88.13999938964844,87.5,88.0,2367400.0
2020-12-28,88.58000183105469,88.87000274658203,88.01000213623047,88.11000061035156,4849900.0
2020-12-29,88.55999755859375,88.68000030517578,86.98999786376953,87.58000183105469,6729500.0
2020-12-30,87.7300033569336,88.37999725341797,87.68000030517578,88.13999938964844,5019300.0
2020-12-31,88.11000061035156,88.72000122070312,87.66000366210938,88.55000305175781,6761600.0
2021-01-04,88.66000366210938,88.73999786376953,85.91999816894531,86.41000366210938,16200700.0
2021-01-05,86.25,87.58999633789062,86.23999786376953,87.26000213623047,16004600.0
2021-01-06,87.81999969482422,90.06999969482422,87.55000305175781,89.33999633789062,19500600.0
2021-01-07,89.83999633789062,90.18000030517578,89.0999984741211,89.83000183105469,10114900.0
2021-01-08,90.02999877929688,90.27999877929688,88.70999908447266,89.61000061035156,11043300.0
2021-01-11,88.66999816894531,89.83999633789062,88.5999984741211,89.58000183105469,11911100.0
2021-01-12,89.55999755859375,90.69000244140625,89.05000305175781,90.47000122070312,10408000.0
2021-01-13,90.31999969482422,90.44999694824219,89.55000305175781,89.69000244140625,9230300.0
2021-01-14,90.1500015258789,90.6500015258789,89.83999633789062,90.0,10669800.0
2021-01-15,89.4000015258789,89.61000061035156,88.08000183105469,88.83000183105469,12924800.0
2021-01-19,89.58999633789062,89.88999938964844,89.08999633789062,89.12000274658203,8933700.0
2021-01-20,89.58999633789062,89.87999725341797,89.08999633789062,89.66999816894531,8374300.0
2021-01-21,89.47000122070312,89.68000030517578,88.83999633789062,88.97000122070312,9601500.0
2021-01-22,88.38999938964844,88.87999725341797,87.7699966430664,88.51000213623047,9728800.0
2021-01-25,88.0999984741211,88.3499984741211,87.04000091552734,87.91000366210938,18249000.0
2021-01-26,88.66999816894531,88.80999755859375,87.05000305175781,87.0999984741211,10480800.0
2021-01-27,85.93000030517578,86.1500015258789,84.72000122070312,85.37000274658203,23140100.0
2021-01-28,86.19999694824219,87.66999816894531,86.11000061035156,86.63999938964844,17928300.0
2021-01-29,86.08000183105469,86.51000213623047,84.51000213623047,84.7699966430664,20895000.0
2021-02-01,85.61000061035156,85.88999938964844,84.94000244140625,85.6500015258789,11318700.0
2021-02-02,86.66000366210938,87.86000061035156,86.56999969482422,87.47000122070312,10443800.0
2021-02-03,87.37000274658203,87.69000244140625,86.79000091552734,87.52999877929688,9662900.0
2021-02-04,87.83000183105469,88.62000274658203,87.70999908447266,88.47000122070312,7113900.0
2021-02-05,89.16000366210938,89.41999816894531,88.76000213623047,88.98999786376953,7481900.0
2021-02-08,89.3499984741211,89.79000091552734,89.1500015258789,89.75,8848000.0
2021-02-09,89.66999816894531,90.27999877929688,89.05999755859375,89.9800033569336,8298500.0
2021-02-10,90.37999725341797,90.41000366210938,89.43000030517578,89.83999633789062,10982400.0
2021-02-11,90.06999969482422,90.19999694824219,88.73999786376953,89.6500015258789,8868500.0
2021-02-12,89.44999694824219,90.37000274658203,89.3499984741211,90.30000305175781,7983500.0
2021-02-16,90.51000213623047,90.87999725341797,90.01000213623047,90.20999908447266,8227600.0
2021-02-17,89.81999969482422,90.02999877929688,89.26000213623047,89.95999908447266,7266000.0
2021-02-18,89.5,89.72000122070312,88.83999633789062,89.51000213623047,6409500.0
2021-02-19,90.1500015258789,91.25,90.08000183105469,90.9800033569336,8737200.0
2021-02-22,90.5199966430664,91.94000244140625,90.44000244140625,91.2699966430664,10552200.0
2021-02-23,91.44000244140625,91.77999877929688,90.19000244140625,91.55000305175781,16573400.0
2021-02-24,91.7699966430664,93.66000366210938,91.36000061035156,93.27999877929688,16795900.0
2021-02-25,93.2699966430664,93.37999725341797,91.18000030517578,91.55999755859375,19945300.0
2021-02-26,91.77999877929688,92.05000305175781,90.36000061035156,90.61000061035156,18163400.0
2021-03-01,91.93000030517578,93.62000274658203,91.80000305175781,92.93000030517578,11494000.0
2021-03-02,92.9800033569336,93.12999725341797,92.26000213623047,92.66000366210938,11530700.0
2021-03-03,92.73999786376953,93.8499984741211,92.52999877929688,92.76000213623047,17497800.0
2021-03-04,92.88999938964844,93.2300033569336,89.8499984741211,91.27999877929688,27730400.0
2021-03-05,92.1500015258789,93.75,90.2699966430664,93.44000244140625,22816300.0
2021-03-08,94.06999969482422,95.88999938964844,93.80999755859375,94.41999816894531,16782400.0
2021-03-09,94.9000015258789,95.38999938964844,94.0199966430664,94.02999877929688,12484800.0
2021-03-10,94.29000091552734,95.91000366210938,94.16000366210938,95.41999816894531,17276200.0
2021-03-11,95.69999694824219,96.30999755859375,94.91999816894531,95.48999786376953,12211100.0
2021-03-12,95.83999633789062,96.8499984741211,95.75,96.7699966430664,10112800.0
2021-03-15,97.16000366210938,97.61000061035156,96.19000244140625,97.58000183105469,11390900.0
2021-03-16,97.37000274658203,97.43000030517578,96.08000183105469,96.19000244140625,12538800.0
2021-03-17,96.37999725341797,97.5,96.12999725341797,97.30000305175781,14844000.0
2021-03-18,97.19999694824219,98.5199966430664,97.0199966430664,97.20999908447266,16893400.0
2021-03-19,97.2699966430664,97.30999755859375,95.93000030517578,96.47000122070312,18430600.0
2021-03-22,96.36000061035156,96.52999877929688,95.44999694824219,96.12000274658203,12319900.0
2021-03-23,95.47000122070312,96.33999633789062,94.08999633789062,94.44000244140625,16949000.0
2021-03-24,94.93000030517578,96.62000274658203,94.88999938964844,95.12999725341797,14581900.0
2021-03-25,94.87999725341797,96.80000305175781,93.94999694824219,96.6500015258789,18519500.0
2021-03-26,97.19000244140625,98.37999725341797,96.80999755859375,98.31999969482422,14396000.0
2021-03-29,98.20999908447266,98.91999816894531,97.83999633789062,98.33999633789062,12712800.0
2021-03-30,98.33999633789062,99.01000213623047,98.1500015258789,98.7699966430664,10180500.0
2021-03-31,99.0,99.26000213623047,98.12000274658203,98.44999694824219,12291300.0
2021-04-01,98.62000274658203,98.86000061035156,98.13999938964844,98.77999877929688,11189300.0
2021-04-05,99.73999786376953,100.33999633789062,99.55999755859375,100.0,10789200.0
2021-04-06,99.91000366210938,100.56999969482422,99.66000366210938,99.76000213623047,8203000.0
2021-04-07,99.77999877929688,100.02999877929688,98.98999786376953,99.30000305175781,8865800.0
2021-04-08,99.16000366210938,99.58000183105469,98.61000061035156,99.54000091552734,9151600.0
2021-04-09,99.72000122070312,100.55999755859375,99.58000183105469,100.51000213623047,9655900.0
2021-04-12,100.37000274658203,100.94000244140625,100.30999755859375,100.87999725341797,7704800.0
2021-04-13,100.41000366210938,100.69999694824219,99.68000030517578,100.38999938964844,10612000.0
2021-04-14,100.45999908447266,101.19999694824219,100.4000015258789,100.5199966430664,9331900.0
2021-04-15,100.86000061035156,101.05999755859375,100.19000244140625,100.91999816894531,12631200.0
2021-04-16,101.5199966430664,101.80000305175781,100.69999694824219,101.13999938964844,10221900.0
2021-04-19,100.9800033569336,101.0,100.22000122070312,100.72000122070312,8140900.0
2021-04-20,100.5,100.68000030517578,99.0,99.61000061035156,13622200.0
2021-04-21,99.4800033569336,101.01000213623047,99.27999877929688,100.97000122070312,11352800.0
2021-04-22,101.05999755859375,101.69999694824219,100.36000061035156,100.45999908447266,11778700.0
2021-04-23,100.58000183105469,101.81999969482422,100.4000015258789,101.55999755859375,8126800.0
2021-04-26,101.91000366210938,102.41999816894531,101.19999694824219,101.26000213623047,7824800.0
2021-04-27,101.66000366210938,102.26000213623047,101.30999755859375,102.0999984741211,13774800.0
2021-04-28,102.05999755859375,102.41000366210938,101.76000213623047,101.88999938964844,7877900.0
2021-04-29,102.5,102.73999786376953,101.86000061035156,102.61000061035156,11035300.0
2021-04-30,102.01000213623047,102.33000183105469,101.56999969482422,101.93000030517578,9861200.0
2021-05-03,102.69999694824219,103.26000213623047,102.31999969482422,102.9800033569336,9445300.0
2021-05-04,102.6500015258789,103.44999694824219,102.18000030517578,103.43000030517578,11677400.0
2021-05-05,103.69000244140625,104.0199966430664,103.41999816894531,103.52999877929688,9989000.0
2021-05-06,103.80000305175781,104.27999877929688,103.33999633789062,104.25,18276400.0
2021-05-07,104.0,105.5999984741211,103.62000274658203,105.3499984741211,19343000.0
2021-05-10,105.91999816894531,106.80999755859375,105.4000015258789,105.44999694824219,16335500.0
2021-05-11,104.4000015258789,104.66999816894531,102.83999633789062,103.88999938964844,25425800.0
2021-05-12,103.58000183105469,103.95999908447266,101.33000183105469,101.4000015258789,18125700.0
2021-05-13,101.45999908447266,103.79000091552734,101.4000015258789,103.30000305175781,16457900.0
2021-05-14,104.0999984741211,105.0,103.73999786376953,104.7300033569336,11217700.0
2021-05-17,104.41000366210938,104.77999877929688,103.6500015258789,104.41000366210938,11547700.0
2021-05-18,104.38999938964844,104.55999755859375,102.8499984741211,102.88999938964844,11195500.0
2021-05-19,101.75,102.31999969482422,100.66999816894531,102.30999755859375,16656400.0
2021-05-20,102.4800033569336,102.9000015258789,101.91999816894531,102.54000091552734,11635300.0
2021-05-21,103.12000274658203,103.87999725341797,102.68000030517578,103.04000091552734,13420200.0
2021-05-24,103.66999816894531,103.9000015258789,103.12000274658203,103.68000030517578,7097900.0
2021-05-25,103.95999908447266,104.44999694824219,103.2300033569336,103.37000274658203,8574700.0
2021-05-26,103.5199966430664,103.83999633789062,103.12000274658203,103.69999694824219,7615800.0
2021-05-27,104.63999938964844,105.30000305175781,104.54000091552734,105.12000274658203,11467400.0
2021-05-28,105.44000244140625,105.44999694824219,104.76000213623047,105.12000274658203,7606300.0
2021-06-01,106.13999938964844,106.30999755859375,105.31999969482422,105.52999877929688,9456900.0
2021-06-02,105.62000274658203,105.7300033569336,105.06999969482422,105.2300033569336,7547800.0
2021-06-03,104.68000030517578,105.58999633789062,104.25,105.0,10342300.0
2021-06-04,105.38999938964844,105.56999969482422,104.80000305175781,105.33999633789062,7118200.0
2021-06-07,105.54000091552734,105.55999755859375,104.33000183105469,104.61000061035156,8298700.0
2021-06-08,104.66999816894531,105.11000061035156,104.16000366210938,104.87999725341797,8847800.0
2021-06-09,104.80999755859375,104.80999755859375,103.7699966430664,103.80999755859375,10967100.0
2021-06-10,104.4800033569336,104.68000030517578,103.25,103.30000305175781,10645200.0
2021-06-11,103.69999694824219,104.0199966430664,102.97000122070312,103.51000213623047,10113500.0
2021-06-14,103.41000366210938,103.55000305175781,102.47000122070312,103.04000091552734,11312100.0
2021-06-15,103.19000244140625,103.69999694824219,102.7699966430664,103.4800033569336,8948600.0
2021-06-16,103.37999725341797,103.5,102.18000030517578,102.5,13977900.0
2021-06-17,102.44000244140625,102.69999694824219,99.97000122070312,100.91999816894531,20842900.0
2021-06-18,99.7300033569336,100.45999908447266,99.48999786376953,99.61000061035156,21546100.0
2021-06-21,100.0999984741211,101.61000061035156,100.01000213623047,101.4800033569336,15499900.0
2021-06-22,101.5199966430664,101.97000122070312,100.9000015258789,101.58999633789062,10646400.0
2021-06-23,101.79000091552734,102.06999969482422,101.33000183105469,101.36000061035156,9136300.0
2021-06-24,101.95999908447266,102.30999755859375,101.41999816894531,102.1500015258789,11687400.0
2021-06-25,102.2300033569336,102.72000122070312,102.06999969482422,102.3499984741211,13039300.0
2021-06-28,102.30999755859375,102.38999938964844,101.3499984741211,101.80999755859375,11997600.0
2021-06-29,102.13999938964844,102.56999969482422,101.51000213623047,101.61000061035156,11134200.0
2021-06-30,101.52999877929688,102.58999633789062,101.51000213623047,102.4000015258789,13677200.0
2021-07-01,103.0,103.19000244140625,102.58999633789062,103.12999725341797,13858600.0
2021-07-02,103.1500015258789,103.47000122070312,102.69999694824219,103.29000091552734,9911600.0
2021-07-06,103.05000305175781,103.19000244140625,101.18000030517578,102.30000305175781,11564100.0
2021-07-07,102.06999969482422,103.47000122070312,101.97000122070312,103.31999969482422,14971800.0
2021-07-08,101.69000244140625,102.52999877929688,101.02999877929688,101.87999725341797,17419300.0
2021-07-09,102.97000122070312,103.6500015258789,102.87000274658203,103.48999786376953,13341900.0
2021-07-12,102.97000122070312,103.75,102.5999984741211,103.62999725341797,10846500.0
2021-07-13,103.41000366210938,103.5,102.58000183105469,102.62999725341797,14881700.0
2021-07-14,102.88999938964844,103.29000091552734,102.26000213623047,102.62000274658203,10140000.0
2021-07-15,102.04000091552734,103.23999786376953,101.98999786376953,102.81999969482422,11071600.0
2021-07-16,103.16999816894531,103.19000244140625,101.77999877929688,101.91000366210938,17307200.0
2021-07-19,100.27999877929688,100.48999786376953,98.7699966430664,99.77999877929688,23792700.0
2021-07-20,100.08000183105469,102.69999694824219,99.94000244140625,102.56999969482422,20937100.0
2021-07-21,102.94000244140625,103.9000015258789,102.9000015258789,103.55000305175781,14449600.0
2021-07-22,103.73999786376953,103.75,103.01000213623047,103.16999816894531,6318700.0
2021-07-23,103.54000091552734,103.80999755859375,103.0999984741211,103.61000061035156,8055800.0
2021-07-26,103.33000183105469,103.91000366210938,102.88999938964844,103.55999755859375,7488800.0
2021-07-27,102.9000015258789,103.54000091552734,102.4000015258789,102.98999786376953,12402200.0
2021-07-28,103.31999969482422,103.55000305175781,102.20999908447266,102.75,11996500.0
2021-07-29,103.55000305175781,103.86000061035156,102.9800033569336,103.55999755859375,9767700.0
2021-07-30,103.04000091552734,103.58000183105469,102.86000061035156,103.36000061035156,12824400.0
2021-08-02,103.76000213623047,104.62999725341797,102.55999755859375,102.6500015258789,15925500.0
2021-08-03,102.8499984741211,104.04000091552734,101.97000122070312,103.98999786376953,14814100.0
2021-08-04,103.27999877929688,103.80999755859375,102.55999755859375,102.58000183105469,16180900.0
2021-08-05,103.0,103.41000366210938,102.66999816894531,103.05999755859375,12561500.0
2021-08-06,103.4800033569336,103.9800033569336,103.3499984741211,103.54000091552734,8677100.0
2021-08-09,103.08000183105469,103.37999725341797,102.62999725341797,103.12999725341797,7469700.0
2021-08-10,103.31999969482422,104.47000122070312,103.19999694824219,104.18000030517578,12730900.0
2021-08-11,104.38999938964844,105.54000091552734,104.01000213623047,105.52999877929688,12817200.0
2021-08-12,105.52999877929688,105.7300033569336,104.79000091552734,105.33000183105469,9265300.0
2021-08-13,105.33999633789062,105.5,104.86000061035156,105.0,8909300.0
2021-08-16,104.69000244140625,105.37000274658203,104.0,105.36000061035156,10231100.0
2021-08-17,104.7300033569336,104.77999877929688,103.2300033569336,104.22000122070312,15569900.0
2021-08-18,103.80999755859375,104.4000015258789,103.05000305175781,103.08000183105469,11955100.0
2021-08-19,102.30999755859375,103.05999755859375,101.77999877929688,102.36000061035156,17529700.0
2021-08-20,102.41000366210938,102.94000244140625,102.13999938964844,102.62999725341797,11753000.0
2021-08-23,103.11000061035156,103.91999816894531,103.05999755859375,103.47000122070312,8471000.0
2021-08-24,103.66999816894531,104.44999694824219,103.6500015258789,103.98999786376953,7593200.0
2021-08-25,104.06999969482422,105.0,103.75,104.66000366210938,9404200.0
2021-08-26,104.54000091552734,104.61000061035156,103.98999786376953,104.19999694824219,9951100.0
2021-08-27,104.55000305175781,105.20999908447266,104.31999969482422,104.91999816894531,10484200.0
2021-08-30,105.0999984741211,105.27999877929688,104.55000305175781,104.80000305175781,6528200.0
2021-08-31,104.7300033569336,104.94999694824219,104.27999877929688,104.51000213623047,9621200.0
2021-09-01,104.7300033569336,104.7300033569336,103.72000122070312,104.11000061035156,13116800.0
2021-09-02,104.54000091552734,105.23999786376953,104.5199966430664,105.2300033569336,9633500.0
2021-09-03,104.94000244140625,105.13999938964844,104.5199966430664,104.58999633789062,9855000.0
2021-09-07,104.2300033569336,104.30000305175781,102.70999908447266,102.77999877929688,17842300.0
2021-09-08,102.56999969482422,103.12000274658203,102.13999938964844,102.91999816894531,13561600.0
2021-09-09,102.75,103.4800033569336,102.16999816894531,102.41999816894531,9406200.0
2021-09-10,102.91000366210938,103.12000274658203,101.91999816894531,101.95999908447266,9547800.0
2021-09-13,102.73999786376953,103.0,101.45999908447266,102.2300033569336,12451000.0
2021-09-14,102.51000213623047,102.5999984741211,100.7699966430664,101.0,11493500.0
2021-09-15,101.05000305175781,102.37000274658203,100.83000183105469,102.11000061035156,9175000.0
2021-09-16,102.0999984741211,102.3499984741211,101.23999786376953,101.41000366210938,10516200.0
2021-09-17,101.05999755859375,101.30000305175781,100.18000030517578,100.33000183105469,16250700.0
2021-09-20,98.54000091552734,99.05999755859375,97.77999877929688,98.86000061035156,21453500.0
2021-09-21,99.33999633789062,99.4000015258789,97.88999938964844,98.33999633789062,14345200.0
2021-09-22,98.62999725341797,99.79000091552734,98.62999725341797,99.12000274658203,13079900.0
2021-09-23,99.58999633789062,101.19000244140625,99.55000305175781,100.63999938964844,11439900.0
2021-09-24,100.37999725341797,101.12999725341797,100.30999755859375,100.8499984741211,8254500.0
2021-09-27,100.98999786376953,101.8499984741211,100.88999938964844,100.94999694824219,9338000.0
2021-09-28,100.66999816894531,100.93000030517578,99.55000305175781,99.77999877929688,17057300.0
2021-09-29,100.22000122070312,100.41000366210938,99.73999786376953,99.88999938964844,12148200.0
2021-09-30,100.20999908447266,100.29000091552734,97.7300033569336,97.83999633789062,24624300.0
2021-10-01,98.45999908447266,99.70999908447266,97.4800033569336,99.18000030517578,17051800.0
2021-10-04,99.01000213623047,99.63999938964844,98.0199966430664,98.63999938964844,20182900.0
2021-10-05,98.81999969482422,100.25,98.38999938964844,99.73999786376953,12987900.0
2021-10-06,98.66999816894531,100.22000122070312,98.20999908447266,100.18000030517578,14702500.0
2021-10-07,100.94999694824219,101.69000244140625,100.87000274658203,100.95999908447266,9669700.0
2021-10-08,100.86000061035156,101.19999694824219,100.5199966430664,100.94999694824219,8565100.0
2021-10-11,100.81999969482422,101.45999908447266,100.12999725341797,100.13999938964844,9984000.0
2021-10-12,100.26000213623047,100.61000061035156,99.61000061035156,99.80999755859375,10048700.0
2021-10-13,99.98999786376953,100.44000244140625,98.93000030517578,100.0199966430664,12416600.0
2021-10-14,100.83000183105469,101.94000244140625,100.62000274658203,101.91000366210938,9752800.0
2021-10-15,102.61000061035156,103.33000183105469,102.47000122070312,102.88999938964844,11775100.0
2021-10-18,102.30000305175781,103.06999969482422,101.9000015258789,102.95999908447266,6780200.0
2021-10-19,103.47000122070312,103.61000061035156,102.86000061035156,103.56999969482422,6911200.0
2021-10-20,103.58999633789062,104.33000183105469,103.3499984741211,104.22000122070312,9258500.0
2021-10-21,104.0,104.4800033569336,103.73999786376953,104.43000030517578,7824900.0
2021-10-22,104.63999938964844,105.19000244140625,104.4800033569336,104.80000305175781,9826300.0
2021-10-25,104.63999938964844,105.44000244140625,104.30000305175781,105.04000091552734,8093600.0
2021-10-26,104.93000030517578,105.37000274658203,104.37999725341797,104.38999938964844,12314000.0
2021-10-27,104.58999633789062,104.66000366210938,103.1500015258789,103.16999816894531,9015100.0
2021-10-28,103.31999969482422,104.5199966430664,103.31999969482422,104.45999908447266,9260400.0
2021-10-29,104.2699966430664,104.87000274658203,104.06999969482422,104.48999786376953,6831600.0
2021-11-01,104.69999694824219,104.98999786376953,104.2699966430664,104.77999877929688,10775200.0
2021-11-02,104.93000030517578,105.2300033569336,104.62999725341797,105.12999725341797,8833600.0
2021-11-03,104.54000091552734,104.97000122070312,103.98999786376953,104.9000015258789,11567300.0
2021-11-04,105.19999694824219,105.69999694824219,105.08000183105469,105.31999969482422,10201200.0
2021-11-05,106.54000091552734,107.05000305175781,106.04000091552734,106.38999938964844,12906400.0
2021-11-08,107.33000183105469,107.58000183105469,106.41999816894531,106.83000183105469,8928900.0
2021-11-09,107.02999877929688,107.36000061035156,106.51000213623047,107.0999984741211,10637300.0
2021-11-10,106.94999694824219,107.29000091552734,106.20999908447266,106.5,10326000.0
2021-11-11,106.70999908447266,106.70999908447266,105.94999694824219,106.05999755859375,5921200.0
2021-11-12,106.36000061035156,107.08000183105469,106.0199966430664,106.9000015258789,7929000.0
2021-11-15,107.33000183105469,107.44999694824219,106.86000061035156,107.0999984741211,7672400.0
2021-11-16,107.11000061035156,107.6500015258789,107.0199966430664,107.12000274658203,6625000.0
2021-11-17,107.13999938964844,107.27999877929688,106.11000061035156,106.4800033569336,8164300.0
2021-11-18,106.83000183105469,106.83000183105469,105.70999908447266,106.26000213623047,9806200.0
2021-11-19,106.20999908447266,106.29000091552734,105.58000183105469,105.7300033569336,8935600.0
2021-11-22,106.06999969482422,107.01000213623047,105.80999755859375,106.0199966430664,11911200.0
2021-11-23,106.13999938964844,106.58000183105469,105.6500015258789,106.19999694824219,14090400.0
2021-11-24,105.8499984741211,106.30000305175781,105.70999908447266,106.08000183105469,10760400.0
2021-11-26,103.3499984741211,103.77999877929688,102.4800033569336,103.20999908447266,14694100.0
2021-11-29,104.26000213623047,104.27999877929688,102.83999633789062,103.38999938964844,11693000.0
2021-11-30,102.61000061035156,102.93000030517578,100.66999816894531,100.7699966430664,21058800.0
2021-12-01,102.30000305175781,102.70999908447266,99.33000183105469,99.37000274658203,19783600.0
2021-12-02,100.12999725341797,102.66999816894531,99.79000091552734,102.31999969482422,21919300.0
2021-12-03,102.5199966430664,102.77999877929688,101.16999816894531,102.19999694824219,19584900.0
2021-12-06,103.22000122070312,104.58000183105469,103.05000305175781,103.93000030517578,14457500.0
2021-12-07,104.72000122070312,105.86000061035156,104.68000030517578,104.98999786376953,10563300.0
2021-12-08,105.04000091552734,105.44000244140625,104.7300033569336,105.25,10419600.0
2021-12-09,104.83000183105469,105.45999908447266,104.55999755859375,104.91999816894531,7325800.0
2021-12-10,105.38999938964844,105.56999969482422,104.83999633789062,105.3499984741211,8304100.0
2021-12-13,105.11000061035156,105.30999755859375,104.08000183105469,104.26000213623047,12690200.0
2021-12-14,103.69999694824219,104.70999908447266,102.86000061035156,103.2699966430664,13174200.0
2021-12-15,103.55000305175781,104.30999755859375,102.86000061035156,104.16999816894531,16908600.0
2021-12-16,104.83999633789062,105.30000305175781,103.8499984741211,104.22000122070312,11866200.0
2021-12-17,104.19999694824219,104.31999969482422,102.41000366210938,102.44000244140625,19332600.0
2021-12-20,100.80999755859375,100.83000183105469,99.55999755859375,100.41999816894531,17968300.0
2021-12-21,101.16999816894531,102.62999725341797,101.12999725341797,102.41999816894531,10497400.0
2021-12-22,102.37000274658203,102.88999938964844,102.19999694824219,102.70999908447266,8297000.0
2021-12-23,103.08000183105469,104.26000213623047,103.05999755859375,103.91999816894531,7047000.0
2021-12-27,104.08000183105469,105.05999755859375,103.93000030517578,105.0199966430664,5196000.0
2021-12-28,104.91999816894531,105.81999969482422,104.86000061035156,105.55000305175781,5368600.0
2021-12-29,105.38999938964844,105.97000122070312,105.26000213623047,105.73999786376953,5922300.0
2021-12-30,105.8499984741211,106.37000274658203,105.27999877929688,105.36000061035156,6190400.0
2021-12-31,105.18000030517578,106.2300033569336,105.05999755859375,105.80999755859375,7726100.0
2022-01-03,106.02999877929688,106.26000213623047,104.4000015258789,104.94000244140625,10188300.0
2022-01-04,105.62000274658203,107.25,105.5,107.05000305175781,14572600.0
2022-01-05,107.33000183105469,107.87999725341797,105.98999786376953,106.02999877929688,16196100.0
2022-01-06,106.4000015258789,106.91000366210938,105.9800033569336,106.5199966430664,10437800.0
2022-01-07,106.55000305175781,107.19999694824219,106.44999694824219,106.48999786376953,11614900.0
2022-01-10,106.2300033569336,106.31999969482422,104.47000122070312,105.29000091552734,15670900.0
2022-01-11,105.4000015258789,106.04000091552734,104.26000213623047,105.91999816894531,11966500.0
2022-01-12,106.37000274658203,106.80000305175781,105.91999816894531,106.26000213623047,9938000.0
2022-01-13,106.55000305175781,107.44000244140625,106.12000274658203,106.48999786376953,10995400.0
2022-01-14,105.5199966430664,105.94000244140625,104.77999877929688,105.8499984741211,14758600.0
2022-01-18,104.86000061035156,105.06999969482422,104.02999877929688,104.62999725341797,13878100.0
2022-01-19,104.91000366210938,105.05000305175781,103.37999725341797,103.45999908447266,13367000.0
2022-01-20,103.66000366210938,104.7300033569336,102.01000213623047,102.13999938964844,16726100.0
2022-01-21,102.1500015258789,102.91999816894531,100.80000305175781,101.19999694824219,33329600.0
2022-01-24,99.51000213623047,101.93000030517578,98.05000305175781,101.77999877929688,37356500.0
2022-01-25,100.01000213623047,101.62000274658203,98.37000274658203,100.77999877929688,28146300.0
2022-01-26,101.36000061035156,102.48999786376953,98.87999725341797,99.9000015258789,27633700.0
2022-01-27,100.7300033569336,101.55999755859375,98.36000061035156,99.01000213623047,23186100.0
2022-01-28,98.58999633789062,99.70999908447266,96.94000244140625,99.69999694824219,22967200.0
2022-01-31,99.02999877929688,100.8499984741211,98.80000305175781,100.73999786376953,12183200.0
2022-02-01,101.37000274658203,102.45999908447266,100.76000213623047,102.12999725341797,17200700.0
2022-02-02,102.0,103.05000305175781,101.58000183105469,102.83999633789062,14199200.0
2022-02-03,102.13999938964844,102.62000274658203,101.05999755859375,101.19999694824219,14007400.0
2022-02-04,100.63999938964844,101.0999984741211,99.27999877929688,100.11000061035156,16025200.0
2022-02-07,100.37000274658203,100.97000122070312,99.83999633789062,100.19000244140625,10452100.0
2022-02-08,100.44999694824219,101.38999938964844,100.05000305175781,101.19000244140625,10376500.0
2022-02-09,102.04000091552734,102.72000122070312,102.01000213623047,102.58000183105469,13166200.0
2022-02-10,101.37000274658203,102.76000213623047,100.37999725341797,100.9000015258789,15560000.0
2022-02-11,100.93000030517578,101.4000015258789,98.87000274658203,99.36000061035156,18726900.0
2022-02-14,99.5,99.77999877929688,98.19999694824219,98.98999786376953,15297400.0
2022-02-15,99.97000122070312,100.91000366210938,99.91000366210938,100.4800033569336,10542100.0
2022-02-16,100.20999908447266,101.36000061035156,99.95999908447266,101.01000213623047,8222600.0
2022-02-17,100.20999908447266,100.43000030517578,98.98999786376953,99.16000366210938,10912200.0
2022-02-18,98.9800033569336,99.7300033569336,98.0199966430664,98.33999633789062,11969700.0
2022-02-22,98.2699966430664,98.83999633789062,96.86000061035156,97.38999938964844,16809500.0
2022-02-23,97.80999755859375,97.97000122070312,95.44999694824219,95.5999984741211,16296200.0
2022-02-24,94.19000244140625,97.02999877929688,93.4000015258789,96.81999969482422,27356100.0
2022-02-25,97.05000305175781,99.45999908447266,97.0,99.12999725341797,13511700.0
2022-02-28,98.20999908447266,100.08999633789062,98.16000366210938,99.88999938964844,18310700.0
2022-03-01,99.52999877929688,100.16000366210938,97.76000213623047,98.4000015258789,21884800.0
2022-03-02,98.87999725341797,100.9800033569336,98.73999786376953,100.5,16881400.0
2022-03-03,101.23999786376953,101.51000213623047,100.16999816894531,100.61000061035156,14831600.0
2022-03-04,99.58999633789062,100.51000213623047,99.0,100.38999938964844,17167400.0
2022-03-07,100.06999969482422,100.80000305175781,97.66999816894531,97.69999694824219,16533900.0
2022-03-08,97.94000244140625,99.70999908447266,97.01000213623047,97.0999984741211,22316800.0
2022-03-09,98.80999755859375,99.61000061035156,98.41000366210938,98.86000061035156,18757400.0
2022-03-10,97.62000274658203,98.91999816894531,97.52999877929688,98.7300033569336,13317200.0
2022-03-11,99.30000305175781,99.91000366210938,97.87999725341797,97.94000244140625,10695200.0
2022-03-14,98.52999877929688,99.33999633789062,97.58000183105469,98.2699966430664,12988000.0
2022-03-15,99.16999816894531,100.02999877929688,98.56999969482422,99.83000183105469,11204900.0
2022-03-16,100.45999908447266,101.33000183105469,99.1500015258789,101.1500015258789,15840900.0
2022-03-17,100.5,102.5,100.5,102.44999694824219,10897900.0
2022-03-18,102.2699966430664,102.93000030517578,101.51000213623047,102.83999633789062,14921800.0
2022-03-21,102.26000213623047,103.11000061035156,102.08999633789062,102.7300033569336,10821400.0
2022-03-22,103.05000305175781,103.55000305175781,102.75,103.29000091552734,8292000.0
2022-03-23,102.86000061035156,103.06999969482422,102.27999877929688,102.30000305175781,10475400.0
2022-03-24,102.81999969482422,103.12999725341797,102.29000091552734,103.08000183105469,7698900.0
2022-03-25,103.30000305175781,103.76000213623047,102.83999633789062,103.72000122070312,7350200.0
2022-03-28,103.62999725341797,103.77999877929688,102.80000305175781,103.75,7940900.0
2022-03-29,104.43000030517578,104.7699966430664,103.69999694824219,104.70999908447266,12157500.0
2022-03-30,104.5999984741211,105.2300033569336,104.12999725341797,104.58999633789062,8731200.0
2022-03-31,104.31999969482422,104.95999908447266,102.95999908447266,102.9800033569336,9441900.0
2022-04-01,103.41999816894531,103.51000213623047,101.43000030517578,102.18000030517578,11182200.0
2022-04-04,101.9800033569336,102.12999725341797,100.79000091552734,102.05000305175781,10436500.0
2022-04-05,101.6500015258789,102.47000122070312,100.38999938964844,100.5999984741211,15332800.0
2022-04-06,99.76000213623047,100.11000061035156,99.13999938964844,99.81999969482422,15573200.0
2022-04-07,99.45999908447266,100.5199966430664,98.55999755859375,100.16000366210938,12381300.0
2022-04-08,100.0,100.48999786376953,99.37000274658203,99.5999984741211,12923200.0
2022-04-11,99.27999877929688,100.4000015258789,99.0999984741211,99.27999877929688,11246300.0
2022-04-12,99.58000183105469,100.55999755859375,98.69000244140625,99.12000274658203,11473900.0
2022-04-13,99.31999969482422,100.16000366210938,99.30999755859375,100.05000305175781,7661100.0
2022-04-14,100.37000274658203,100.91000366210938,99.91999816894531,99.94000244140625,8252400.0
2022-04-18,99.66000366210938,100.5999984741211,99.16999816894531,99.58999633789062,8701000.0
2022-04-19,99.91999816894531,101.54000091552734,99.87000274658203,101.4000015258789,10920100.0
2022-04-20,102.26000213623047,102.6500015258789,101.80999755859375,101.94999694824219,8623000.0
2022-04-21,102.95999908447266,103.12000274658203,100.66999816894531,100.91000366210938,11117200.0
2022-04-22,100.4000015258789,100.45999908447266,98.33999633789062,98.43000030517578,12030400.0
2022-04-25,97.86000061035156,98.58000183105469,96.19000244140625,98.43000030517578,16391100.0
2022-04-26,97.69999694824219,98.06999969482422,96.25,96.27999877929688,14594100.0
2022-04-27,96.2300033569336,97.51000213623047,95.77999877929688,96.63999938964844,13363100.0
2022-04-28,96.91000366210938,98.11000061035156,95.7300033569336,97.7300033569336,13461600.0
2022-04-29,97.58000183105469,98.08000183105469,94.94999694824219,95.13999938964844,15135400.0
2022-05-02,95.04000091552734,96.19000244140625,93.5,95.33999633789062,19101300.0
2022-05-03,95.54000091552734,96.5999984741211,95.13999938964844,95.97000122070312,13315900.0
2022-05-04,95.91999816894531,98.9800033569336,95.66000366210938,98.75,18468900.0
2022-05-05,97.80000305175781,98.27999877929688,95.4000015258789,96.16999816894531,24943700.0
2022-05-06,95.77999877929688,95.81999969482422,93.95999908447266,95.5199966430664,24153900.0
2022-05-09,94.41000366210938,94.77999877929688,92.83000183105469,93.20999908447266,21188700.0
2022-05-10,94.22000122070312,94.5,91.68000030517578,92.5999984741211,22935000.0
2022-05-11,92.52999877929688,94.13999938964844,91.61000061035156,91.76000213623047,21838600.0
2022-05-12,91.29000091552734,92.51000213623047,90.19000244140625,91.93000030517578,18517400.0
2022-05-13,92.75,93.62999725341797,92.1500015258789,93.0999984741211,12837800.0
2022-05-16,92.83000183105469,93.70999908447266,92.19999694824219,92.97000122070312,10865900.0
2022-05-17,94.47000122070312,95.22000122070312,93.68000030517578,95.08000183105469,9490500.0
2022-05-18,94.2300033569336,94.4000015258789,91.2699966430664,91.54000091552734,11173000.0
2022-05-19,90.58000183105469,91.87999725341797,89.68000030517578,90.72000122070312,14482000.0
2022-05-20,91.0,91.19000244140625,88.04000091552734,89.73999786376953,15695100.0
2022-05-23,90.61000061035156,91.44000244140625,90.16000366210938,91.20999908447266,11989100.0
2022-05-24,90.73999786376953,91.37000274658203,89.23999786376953,91.16000366210938,9917000.0
2022-05-25,90.86000061035156,92.04000091552734,90.54000091552734,91.69000244140625,9460100.0
2022-05-26,92.5199966430664,94.01000213623047,92.33000183105469,93.55000305175781,8028100.0
2022-05-27,94.29000091552734,95.48999786376953,94.16999816894531,95.47000122070312,8669600.0
2022-05-31,94.47000122070312,95.36000061035156,93.80000305175781,94.69999694824219,14498300.0
2022-06-01,95.26000213623047,95.48999786376953,93.3499984741211,94.12000274658203,8713700.0
2022-06-02,94.7699966430664,95.97000122070312,93.93000030517578,95.91999816894531,8432500.0
2022-06-03,95.05999755859375,95.80000305175781,94.94999694824219,95.55000305175781,6828800.0
2022-06-06,96.23999786376953,96.54000091552734,95.75,95.94999694824219,8334500.0
2022-06-07,95.0999984741211,97.33999633789062,94.77999877929688,97.23999786376953,7427700.0
2022-06-08,96.51000213623047,96.75,95.26000213623047,95.4800033569336,7028700.0
2022-06-09,95.08000183105469,95.45999908447266,93.5999984741211,93.5999984741211,6737800.0
2022-06-10,91.94000244140625,92.1500015258789,90.80999755859375,90.83999633789062,10416600.0
2022-06-13,89.05000305175781,89.18000030517578,87.55999755859375,88.11000061035156,18353300.0
2022-06-14,88.48999786376953,89.1500015258789,87.16000366210938,87.88999938964844,10512800.0
2022-06-15,88.58000183105469,89.80000305175781,87.37000274658203,88.73999786376953,13335200.0
2022-06-16,87.01000213623047,87.05999755859375,85.33000183105469,85.77999877929688,13500700.0
2022-06-17,85.68000030517578,86.41000366210938,84.56999969482422,85.55999755859375,14253500.0
2022-06-21,86.52999877929688,87.06999969482422,85.93000030517578,86.73999786376953,9161600.0
2022-06-22,85.5199966430664,86.95999908447266,85.3499984741211,86.26000213623047,11136800.0
2022-06-23,86.22000122070312,86.55999755859375,84.75,85.81999969482422,9744400.0
2022-06-24,86.63999938964844,88.83000183105469,86.5999984741211,88.81999969482422,9634000.0
2022-06-27,89.29000091552734,89.29000091552734,88.20999908447266,88.61000061035156,6361300.0
2022-06-28,89.19999694824219,90.19999694824219,87.51000213623047,87.58000183105469,6476300.0
2022-06-29,87.75,87.76000213623047,86.37999725341797,87.06999969482422,6818200.0
2022-06-30,86.01000213623047,87.72000122070312,85.61000061035156,87.33999633789062,8708500.0
2022-07-01,87.18000030517578,88.38999938964844,86.51000213623047,88.0999984741211,11717900.0
2022-07-05,86.62000274658203,86.81999969482422,85.2699966430664,86.77999877929688,10994500.0
2022-07-06,86.9800033569336,87.81999969482422,86.16000366210938,87.27999877929688,9781700.0
2022-07-07,87.88999938964844,88.52999877929688,87.30999755859375,88.30999755859375,5865600.0
2022-07-08,88.08000183105469,88.47000122070312,87.2300033569336,87.91000366210938,4912800.0
2022-07-11,87.4000015258789,87.91000366210938,87.12000274658203,87.31999969482422,7985000.0
2022-07-12,86.91999816894531,88.2300033569336,86.73999786376953,87.05000305175781,8018000.0
2022-07-13,85.66000366210938,86.72000122070312,85.44000244140625,85.98999786376953,9498600.0
2022-07-14,84.76000213623047,85.5999984741211,84.27999877929688,85.5,6825200.0
2022-07-15,86.69999694824219,86.97000122070312,85.79000091552734,86.83999633789062,7855600.0
2022-07-18,87.61000061035156,87.94999694824219,86.05000305175781,86.31999969482422,6282000.0
2022-07-19,87.02999877929688,89.55999755859375,87.01000213623047,89.4000015258789,7326900.0
2022-07-20,89.43000030517578,90.33000183105469,89.11000061035156,90.08999633789062,8260600.0
2022-07-21,89.83000183105469,90.76000213623047,89.4800033569336,90.73999786376953,5899300.0
2022-07-22,91.04000091552734,91.33000183105469,90.02999877929688,90.44999694824219,5969800.0
2022-07-25,90.55000305175781,91.13999938964844,90.0,90.87999725341797,6154900.0
2022-07-26,90.58999633789062,91.22000122070312,90.18000030517578,90.38999938964844,5522200.0
2022-07-27,90.9800033569336,92.23999786376953,90.37999725341797,91.79000091552734,8662100.0
2022-07-28,92.25,93.80999755859375,91.98999786376953,93.70999908447266,8668500.0
2022-07-29,93.73999786376953,95.83999633789062,93.73999786376953,95.63999938964844,9000600.0
2022-08-01,95.04000091552734,96.05000305175781,94.86000061035156,95.73999786376953,8599400.0
2022-08-02,95.37999725341797,95.91000366210938,94.55000305175781,94.7300033569336,10039900.0
2022-08-03,95.13999938964844,95.91999816894531,94.4800033569336,95.62000274658203,5509400.0
2022-08-04,95.63999938964844,96.25,95.41999816894531,95.97000122070312,5339300.0
2022-08-05,94.98999786376953,96.19000244140625,94.98999786376953,96.12000274658203,7857300.0
2022-08-08,96.87000274658203,97.13999938964844,95.83999633789062,96.08999633789062,5606000.0
2022-08-09,96.08000183105469,96.2300033569336,95.54000091552734,95.73999786376953,4398000.0
2022-08-10,97.26000213623047,98.1500015258789,97.05000305175781,97.83999633789062,5967000.0
2022-08-11,98.4800033569336,99.2300033569336,98.16999816894531,98.36000061035156,5711600.0
2022-08-12,98.80999755859375,99.87000274658203,98.45999908447266,99.83999633789062,7808200.0
2022-08-15,99.1500015258789,100.22000122070312,99.0,100.08000183105469,6558400.0
2022-08-16,99.5999984741211,100.97000122070312,99.5999984741211,100.52999877929688,5564200.0
2022-08-17,99.3499984741211,100.19000244140625,99.19999694824219,99.7300033569336,6578800.0
2022-08-18,99.91000366210938,100.27999877929688,99.56999969482422,100.12999725341797,7003400.0
2022-08-19,99.51000213623047,99.54000091552734,98.58000183105469,98.83999633789062,6893400.0
2022-08-22,97.62999725341797,97.77999877929688,96.83000183105469,96.95999908447266,5804800.0
2022-08-23,97.0,97.77999877929688,96.83999633789062,97.13999938964844,9874700.0
2022-08-24,97.23999786376953,97.75,97.05000305175781,97.45999908447266,6443800.0
2022-08-25,97.9000015258789,98.9800033569336,97.80999755859375,98.94999694824219,6045900.0
2022-08-26,99.13999938964844,99.19000244140625,95.44999694824219,95.5199966430664,8006200.0
2022-08-29,94.91000366210938,95.8499984741211,94.54000091552734,95.08999633789062,6386900.0
2022-08-30,95.30000305175781,95.43000030517578,93.33000183105469,93.72000122070312,9546600.0
2022-08-31,94.0999984741211,94.2699966430664,92.83000183105469,92.93000030517578,9683700.0
2022-09-01,92.31999969482422,93.12000274658203,91.91999816894531,93.05999755859375,8790000.0
2022-09-02,94.0999984741211,94.22000122070312,91.7300033569336,92.16000366210938,9839300.0
2022-09-06,92.19999694824219,92.7699966430664,91.51000213623047,92.30999755859375,11438600.0
2022-09-07,91.9800033569336,94.02999877929688,91.95999908447266,93.79000091552734,7934100.0
2022-09-08,93.22000122070312,94.11000061035156,92.62999725341797,94.06999969482422,6979900.0
2022-09-09,94.68000030517578,95.48999786376953,94.63999938964844,95.29000091552734,7440000.0
2022-09-12,95.83999633789062,96.3499984741211,95.36000061035156,95.86000061035156,5874000.0
2022-09-13,93.80000305175781,94.54000091552734,91.9000015258789,92.25,11236300.0
2022-09-14,92.19999694824219,92.4800033569336,90.91999816894531,92.06999969482422,8889400.0
2022-09-15,92.0,92.6500015258789,90.81999969482422,91.11000061035156,10688800.0
2022-09-16,89.06999969482422,89.61000061035156,88.44000244140625,89.20999908447266,19141400.0
2022-09-19,88.16999816894531,90.12000274658203,88.11000061035156,89.98999786376953,8455400.0
2022-09-20,89.31999969482422,89.37999725341797,88.12999725341797,88.87000274658203,6652500.0
2022-09-21,89.66000366210938,90.36000061035156,87.68000030517578,87.69000244140625,10846700.0
2022-09-22,87.4800033569336,87.61000061035156,86.23999786376953,86.37000274658203,8925600.0
2022-09-23,85.51000213623047,85.5999984741211,83.70999908447266,84.75,13831600.0
2022-09-26,84.48999786376953,85.20999908447266,83.4800033569336,83.86000061035156,9241600.0
2022-09-27,84.62000274658203,84.88999938964844,82.87000274658203,83.58000183105469,12179600.0
2022-09-28,83.94000244140625,85.88999938964844,83.66999816894531,85.41999816894531,11920100.0
2022-09-29,84.66999816894531,84.75,83.16000366210938,83.94000244140625,9357400.0
2022-09-30,83.69999694824219,84.44999694824219,82.75,82.83999633789062,8935700.0
2022-10-03,83.76000213623047,86.01000213623047,83.5,85.33999633789062,8612500.0
2022-10-04,86.63999938964844,88.33000183105469,86.63999938964844,88.30999755859375,9676100.0
2022-10-05,87.3499984741211,88.58000183105469,86.93000030517578,87.83000183105469,7055800.0
2022-10-06,87.37999725341797,88.02999877929688,86.5999984741211,86.81999969482422,8813300.0
2022-10-07,85.98999786376953,86.12999725341797,84.63999938964844,85.16000366210938,7415200.0
2022-10-10,85.87000274658203,86.33000183105469,84.73999786376953,85.45999908447266,7564300.0
2022-10-11,85.12000274658203,86.5999984741211,84.88999938964844,85.44000244140625,8661700.0
2022-10-12,85.38999938964844,85.79000091552734,84.7300033569336,84.7699966430664,6727400.0
2022-10-13,82.8499984741211,87.08999633789062,82.76000213623047,86.63999938964844,18956100.0
2022-10-14,87.25,87.4000015258789,84.55999755859375,84.73999786376953,9432900.0
2022-10-17,86.23999786376953,87.05999755859375,86.13999938964844,86.58999633789062,9541100.0
2022-10-18,88.45999908447266,88.91000366210938,87.44000244140625,88.68000030517578,10160500.0
2022-10-19,88.25,88.8499984741211,87.3499984741211,88.05000305175781,7705500.0
2022-10-20,87.79000091552734,88.30999755859375,86.16999816894531,86.31999969482422,8773200.0
2022-10-21,86.4000015258789,88.87000274658203,86.08999633789062,88.69000244140625,13148200.0
2022-10-24,89.31999969482422,90.20999908447266,89.06999969482422,89.87000274658203,9388700.0
2022-10-25,89.7699966430664,91.1500015258789,89.72000122070312,91.08000183105469,9807900.0
2022-10-26,91.91000366210938,92.70999908447266,91.06999969482422,91.4000015258789,10250400.0
2022-10-27,92.29000091552734,93.58000183105469,92.27999877929688,92.47000122070312,9223900.0
2022-10-28,92.66000366210938,94.69999694824219,92.41999816894531,94.62000274658203,9161700.0
2022-10-31,94.16000366210938,94.94999694824219,93.88999938964844,94.3499984741211,9144900.0
2022-11-01,95.05000305175781,95.16999816894531,93.66999816894531,94.26000213623047,9673000.0
2022-11-02,93.79000091552734,95.72000122070312,92.55000305175781,92.5999984741211,13884600.0
2022-11-03,91.66000366210938,94.41000366210938,91.5999984741211,93.56999969482422,13331000.0
2022-11-04,94.87000274658203,95.33999633789062,93.5,95.06999969482422,11497500.0
2022-11-07,95.5,96.23999786376953,94.9000015258789,96.08999633789062,8286900.0
2022-11-08,96.4000015258789,97.37999725341797,95.7699966430664,96.93000030517578,8951500.0
2022-11-09,96.3499984741211,97.0,95.45999908447266,95.58000183105469,9217600.0
2022-11-10,98.30000305175781,99.72000122070312,97.83999633789062,99.58999633789062,18633600.0
2022-11-11,99.83000183105469,100.23999786376953,99.12000274658203,99.52999877929688,9975400.0
2022-11-14,99.23999786376953,100.26000213623047,98.88999938964844,98.91999816894531,8854100.0
2022-11-15,99.98999786376953,100.18000030517578,98.73999786376953,99.5999984741211,10514100.0
2022-11-16,99.4800033569336,99.68000030517578,98.66000366210938,98.87999725341797,9612000.0
2022-11-17,97.61000061035156,98.75,97.0999984741211,98.70999908447266,8753800.0
2022-11-18,99.5999984741211,99.88999938964844,98.80000305175781,99.44000244140625,7661500.0
2022-11-21,99.18000030517578,100.05999755859375,99.1500015258789,99.76000213623047,7072600.0
2022-11-22,100.19999694824219,100.76000213623047,100.0999984741211,100.52999877929688,7470200.0
2022-11-23,100.6500015258789,101.29000091552734,100.58000183105469,100.91000366210938,5649000.0
2022-11-25,101.12999725341797,101.5,101.01000213623047,101.30000305175781,2665900.0
2022-11-28,100.8499984741211,100.94000244140625,99.13999938964844,99.45999908447266,7870200.0
2022-11-29,99.68000030517578,100.2300033569336,99.37999725341797,100.06999969482422,5563400.0
2022-11-30,100.05000305175781,101.73999786376953,98.94000244140625,101.72000122070312,18295400.0
2022-12-01,102.0999984741211,102.36000061035156,100.97000122070312,101.75,13848600.0
2022-12-02,100.66000366210938,102.69000244140625,100.66000366210938,102.33000183105469,10767900.0
2022-12-05,101.4000015258789,101.5199966430664,100.44000244140625,100.62000274658203,11070700.0
2022-12-06,100.8499984741211,100.9000015258789,98.68000030517578,99.43000030517578,8854500.0
2022-12-07,99.25,100.0,99.11000061035156,99.30000305175781,7173700.0
2022-12-08,99.66000366210938,100.5,99.52999877929688,99.88999938964844,6462400.0
2022-12-09,99.83999633789062,100.26000213623047,99.04000091552734,99.06999969482422,7208000.0
2022-12-12,99.30000305175781,100.80000305175781,99.22000122070312,100.7699966430664,7043300.0
2022-12-13,103.2300033569336,103.30999755859375,100.41000366210938,101.1500015258789,17589500.0
2022-12-14,101.2699966430664,102.27999877929688,100.37999725341797,100.95999908447266,10428900.0
2022-12-15,99.5999984741211,100.05000305175781,98.01000213623047,98.5199966430664,11588400.0
2022-12-16,97.58999633789062,98.30999755859375,97.13999938964844,98.0999984741211,17357100.0
2022-12-19,97.37000274658203,98.2699966430664,96.6500015258789,97.12000274658203,8814700.0
2022-12-20,96.91000366210938,97.87000274658203,96.80000305175781,97.23999786376953,9294200.0
2022-12-21,98.37999725341797,99.23999786376953,98.05000305175781,99.06999969482422,8220700.0
2022-12-22,98.38999938964844,98.47000122070312,96.30000305175781,97.80999755859375,11024700.0
2022-12-23,97.80000305175781,98.52999877929688,97.37000274658203,98.38999938964844,6142400.0
2022-12-27,98.54000091552734,99.18000030517578,98.16000366210938,98.69000244140625,5213800.0
2022-12-28,98.87000274658203,99.0999984741211,97.37999725341797,97.4000015258789,6803900.0
2022-12-29,97.8499984741211,98.9000015258789,97.7699966430664,98.5999984741211,8309000.0
2022-12-30,98.01000213623047,98.4000015258789,97.29000091552734,98.20999908447266,6874400.0
2023-01-03,98.77999877929688,98.94000244140625,97.51000213623047,98.41999816894531,11407700.0
2023-01-04,98.73999786376953,99.61000061035156,98.5199966430664,99.29000091552734,12236000.0
2023-01-05,98.7300033569336,98.95999908447266,97.94999694824219,98.22000122070312,9649600.0
2023-01-06,99.20999908447266,101.19000244140625,99.02999877929688,100.91000366210938,16270200.0
2023-01-09,101.16000366210938,102.06999969482422,100.33000183105469,100.45999908447266,12846700.0
2023-01-10,100.12999725341797,101.06999969482422,100.06999969482422,101.01000213623047,9166200.0
2023-01-11,101.5999984741211,102.0,101.04000091552734,101.9800033569336,7395400.0
2023-01-12,102.3499984741211,102.9800033569336,101.48999786376953,102.58000183105469,9883200.0
2023-01-13,101.70999908447266,102.54000091552734,101.44999694824219,102.45999908447266,14206900.0
2023-01-17,102.4000015258789,102.54000091552734,101.4800033569336,101.58999633789062,9274900.0
2023-01-18,101.94000244140625,102.16999816894531,99.62000274658203,99.68000030517578,15026000.0
2023-01-19,99.06999969482422,99.31999969482422,97.62000274658203,97.62999725341797,17155600.0
2023-01-20,97.70999908447266,99.0199966430664,97.30999755859375,98.98999786376953,12816500.0
2023-01-23,99.30000305175781,100.61000061035156,98.87999725341797,100.06999969482422,11113600.0
2023-01-24,99.51000213623047,101.02999877929688,98.98999786376953,100.7300033569336,11341200.0
2023-01-25,99.62999725341797,100.44000244140625,98.80000305175781,100.16999816894531,11728300.0
2023-01-26,100.87999725341797,100.87999725341797,99.47000122070312,100.72000122070312,14985500.0
2023-01-27,100.5,101.62000274658203,100.41999816894531,101.13999938964844,14187300.0
2023-01-30,100.51000213623047,101.48999786376953,100.06999969482422,100.1500015258789,10057900.0
2023-01-31,100.44999694824219,101.87999725341797,100.08999633789062,101.8499984741211,10367500.0
2023-02-01,101.44000244140625,103.33000183105469,100.9800033569336,102.58999633789062,16673700.0
2023-02-02,102.97000122070312,103.98999786376953,102.33000183105469,103.38999938964844,13459800.0
2023-02-03,102.72000122070312,103.69999694824219,102.58000183105469,102.8499984741211,13567600.0
2023-02-06,102.3499984741211,102.98999786376953,102.19000244140625,102.5999984741211,10260900.0
2023-02-07,102.30000305175781,103.19000244140625,101.25,102.91999816894531,10946100.0
2023-02-08,102.38999938964844,102.83000183105469,102.0,102.33999633789062,7429700.0
2023-02-09,102.83999633789062,103.08000183105469,101.13999938964844,101.41999816894531,8882400.0
2023-02-10,101.19000244140625,102.22000122070312,101.08000183105469,102.13999938964844,7710500.0
2023-02-13,102.33999633789062,103.12999725341797,102.16000366210938,103.06999969482422,5781400.0
2023-02-14,102.70999908447266,103.26000213623047,101.7300033569336,102.79000091552734,7722200.0
2023-02-15,102.22000122070312,103.45999908447266,102.0199966430664,103.43000030517578,6005600.0
2023-02-16,102.0999984741211,103.13999938964844,101.91999816894531,102.36000061035156,8838600.0
2023-02-17,102.29000091552734,103.08999633789062,101.88999938964844,103.02999877929688,8779000.0
2023-02-21,102.26000213623047,102.58000183105469,100.56999969482422,100.66999816894531,9805000.0
2023-02-22,100.76000213623047,101.25,100.0,100.41999816894531,8867100.0
2023-02-23,100.93000030517578,101.5,99.81999969482422,100.88999938964844,8995600.0
2023-02-24,99.8499984741211,100.47000122070312,99.4000015258789,100.30999755859375,9288400.0
2023-02-27,101.5199966430664,101.97000122070312,100.97000122070312,101.19999694824219,8677600.0
2023-02-28,101.06999969482422,101.5999984741211,100.87000274658203,100.97000122070312,10854200.0
2023-03-01,100.87999725341797,101.9000015258789,100.69999694824219,101.37000274658203,10365100.0
2023-03-02,100.76000213623047,102.76000213623047,100.76000213623047,102.55999755859375,10570200.0
2023-03-03,102.97000122070312,103.83999633789062,102.38999938964844,103.66999816894531,12097400.0
2023-03-06,103.73999786376953,104.18000030517578,103.33000183105469,103.4800033569336,9715000.0
2023-03-07,103.48999786376953,103.63999938964844,102.06999969482422,102.1500015258789,11034200.0
2023-03-08,102.2300033569336,102.63999938964844,101.6500015258789,102.38999938964844,11508800.0
2023-03-09,102.97000122070312,103.30000305175781,100.7300033569336,100.87999725341797,11018100.0
2023-03-10,100.72000122070312,101.2300033569336,98.69000244140625,99.0,27405100.0
2023-03-13,97.98999786376953,99.36000061035156,97.58999633789062,98.44000244140625,28616500.0
2023-03-14,99.69999694824219,100.48999786376953,98.31999969482422,99.4800033569336,15383900.0
2023-03-15,97.66999816894531,97.81999969482422,95.5,97.02999877929688,34251600.0
2023-03-16,96.4000015258789,98.56999969482422,96.12999725341797,98.27999877929688,24105200.0
2023-03-17,97.8499984741211,98.0199966430664,96.20999908447266,96.66999816894531,23170200.0
2023-03-20,96.70999908447266,97.79000091552734,96.70999908447266,97.55000305175781,14476200.0
2023-03-21,98.69000244140625,99.08999633789062,98.16999816894531,98.68000030517578,11495200.0
2023-03-22,98.6500015258789,99.13999938964844,96.75,96.79000091552734,14178400.0
2023-03-23,96.94000244140625,98.1500015258789,95.91000366210938,96.51000213623047,15857500.0
2023-03-24,95.79000091552734,96.9800033569336,95.19000244140625,96.91000366210938,15993200.0
2023-03-27,97.69000244140625,98.05000305175781,97.08000183105469,97.72000122070312,7668400.0
2023-03-28,97.52999877929688,98.61000061035156,97.52999877929688,98.22000122070312,9909000.0
2023-03-29,99.11000061035156,99.69999694824219,98.91999816894531,99.6500015258789,9387900.0
2023-03-30,100.13999938964844,100.33999633789062,99.54000091552734,99.86000061035156,8160100.0
2023-03-31,100.44999694824219,101.23999786376953,100.23999786376953,101.18000030517578,12006400.0
2023-04-03,100.95999908447266,101.7699966430664,100.62999725341797,101.36000061035156,11174100.0
2023-04-04,101.41999816894531,101.41999816894531,98.72000122070312,99.08999633789062,18801900.0
2023-04-05,98.58000183105469,99.0199966430664,97.5,97.80000305175781,16606700.0
2023-04-06,97.83000183105469,98.16999816894531,97.33999633789062,97.7699966430664,10886000.0
2023-04-10,97.38999938964844,98.68000030517578,97.38999938964844,98.66000366210938,10568900.0
2023-04-11,98.94999694824219,99.70999908447266,98.87000274658203,99.25,9753200.0
2023-04-12,99.79000091552734,100.16999816894531,99.30999755859375,99.58000183105469,11277200.0
2023-04-13,99.62000274658203,100.13999938964844,98.55999755859375,99.94999694824219,12289300.0
2023-04-14,99.61000061035156,100.37999725341797,99.23999786376953,99.83000183105469,9255000.0
2023-04-17,100.08000183105469,100.6500015258789,99.94000244140625,100.62000274658203,8007100.0
2023-04-18,101.11000061035156,101.69999694824219,100.7300033569336,101.0999984741211,9924700.0
2023-04-19,100.73999786376953,101.19000244140625,100.56999969482422,101.0199966430664,7734400.0
2023-04-20,100.43000030517578,101.2300033569336,100.43000030517578,100.83999633789062,9265100.0
2023-04-21,101.0199966430664,101.16999816894531,100.22000122070312,100.61000061035156,10668600.0
2023-04-24,100.61000061035156,101.19999694824219,100.44999694824219,100.8499984741211,6942000.0
2023-04-25,100.25,100.29000091552734,98.91999816894531,98.98999786376953,12306900.0
2023-04-26,98.3499984741211,98.61000061035156,96.91999816894531,97.12000274658203,16058800.0
2023-04-27,97.41000366210938,99.16000366210938,97.26000213623047,99.04000091552734,14421500.0
2023-04-28,98.91999816894531,100.16000366210938,98.91999816894531,100.0,10714800.0
2023-05-01,100.01000213623047,101.11000061035156,100.0,100.54000091552734,8551100.0
2023-05-02,100.18000030517578,100.36000061035156,98.36000061035156,99.48999786376953,12240400.0
2023-05-03,99.81999969482422,100.51000213623047,99.04000091552734,99.11000061035156,13371600.0
2023-05-04,99.01000213623047,99.22000122070312,97.48999786376953,98.02999877929688,15150000.0
2023-05-05,98.93000030517578,99.80999755859375,98.80999755859375,99.51000213623047,9231300.0
2023-05-08,99.9000015258789,100.06999969482422,98.79000091552734,99.1500015258789,7610200.0
2023-05-09,98.91000366210938,99.5199966430664,98.70999908447266,99.37000274658203,8068100.0
2023-05-10,100.0,100.12000274658203,97.87999725341797,99.01000213623047,12580500.0
2023-05-11,98.48999786376953,98.62000274658203,97.86000061035156,98.41000366210938,11573800.0
2023-05-12,98.83999633789062,99.1500015258789,97.75,98.4800033569336,8552400.0
2023-05-15,98.44000244140625,99.30000305175781,98.08999633789062,98.95999908447266,8433600.0
2023-05-16,98.48999786376953,98.58999633789062,97.62000274658203,97.62000274658203,9416200.0
2023-05-17,98.2300033569336,99.62000274658203,98.18000030517578,99.30000305175781,12387400.0
2023-05-18,99.13999938964844,100.18000030517578,98.86000061035156,100.0199966430664,10813000.0
2023-05-19,100.79000091552734,100.88999938964844,99.2699966430664,99.77999877929688,10028200.0
2023-05-22,99.81999969482422,100.37999725341797,98.94999694824219,99.76000213623047,9038600.0
2023-05-23,99.31999969482422,99.5999984741211,98.38999938964844,98.55999755859375,11744600.0
2023-05-24,98.2699966430664,98.30000305175781,97.1500015258789,97.29000091552734,11654900.0
2023-05-25,97.36000061035156,97.8499984741211,96.73999786376953,97.61000061035156,14259300.0
2023-05-26,97.9000015258789,98.72000122070312,97.77999877929688,98.33999633789062,10790500.0
2023-05-30,98.4800033569336,98.72000122070312,97.69999694824219,98.19000244140625,9828300.0
2023-05-31,97.80999755859375,97.94999694824219,96.52999877929688,96.8499984741211,13021500.0
2023-06-01,97.08000183105469,98.30999755859375,96.75,98.08999633789062,12573600.0
2023-06-02,99.12000274658203,101.23999786376953,99.05999755859375,100.94000244140625,21451300.0
2023-06-05,101.1500015258789,101.1500015258789,100.11000061035156,100.23999786376953,9655500.0
2023-06-06,100.0,101.02999877929688,99.91000366210938,100.87000274658203,10509400.0
2023-06-07,100.93000030517578,102.55999755859375,100.58000183105469,102.48999786376953,13384300.0
2023-06-08,102.30999755859375,102.91000366210938,101.83000183105469,102.66999816894531,10074600.0
2023-06-09,102.69000244140625,102.76000213623047,101.7300033569336,102.4000015258789,9870800.0
2023-06-12,102.5,103.30999755859375,102.12000274658203,103.12999725341797,9905000.0
2023-06-13,103.31999969482422,104.41999816894531,103.19000244140625,104.33000183105469,14474000.0
2023-06-14,104.62000274658203,104.87000274658203,103.5999984741211,104.05000305175781,14953600.0
2023-06-15,104.01000213623047,105.83000183105469,103.94999694824219,105.62000274658203,12776600.0
2023-06-16,105.94999694824219,106.5999984741211,105.29000091552734,105.44999694824219,14448400.0
2023-06-20,104.36000061035156,104.66000366210938,103.83999633789062,104.25,9527500.0
2023-06-21,103.70999908447266,105.12999725341797,103.48999786376953,104.83000183105469,12206200.0
2023-06-22,104.43000030517578,104.55000305175781,103.88999938964844,104.06999969482422,11641800.0
2023-06-23,103.16999816894531,103.68000030517578,102.91000366210938,103.27999877929688,11246200.0
2023-06-26,103.23999786376953,104.33999633789062,103.11000061035156,104.13999938964844,7639200.0
2023-06-27,104.36000061035156,105.51000213623047,104.18000030517578,105.38999938964844,8210200.0
2023-06-28,105.41999816894531,105.5999984741211,105.02999877929688,105.38999938964844,7866600.0
2023-06-29,105.2699966430664,106.44000244140625,105.19000244140625,106.41000366210938,10236000.0
2023-06-30,107.05999755859375,107.62000274658203,106.5999984741211,107.31999969482422,11431400.0
2023-07-03,106.91000366210938,107.55000305175781,106.47000122070312,107.33999633789062,6786800.0
2023-07-05,106.68000030517578,107.12000274658203,106.41000366210938,106.76000213623047,9504700.0
2023-07-06,105.91999816894531,106.29000091552734,105.33999633789062,105.95999908447266,11209500.0
2023-07-07,105.6500015258789,107.22000122070312,105.62000274658203,106.19999694824219,9359300.0
2023-07-10,106.2300033569336,107.70999908447266,106.22000122070312,107.70999908447266,11765400.0
2023-07-11,107.95999908447266,109.13999938964844,107.93000030517578,108.9800033569336,10283200.0
2023-07-12,109.86000061035156,109.87999725341797,108.66999816894531,108.79000091552734,13492900.0
2023-07-13,108.88999938964844,109.18000030517578,108.4800033569336,108.93000030517578,8964900.0
2023-07-14,108.8499984741211,108.88999938964844,108.05999755859375,108.61000061035156,9288100.0
2023-07-17,108.41999816894531,109.37999725341797,108.16999816894531,109.0199966430664,6517700.0
2023-07-18,109.06999969482422,110.0,109.0199966430664,109.62999725341797,8098000.0
2023-07-19,109.37000274658203,109.9000015258789,108.93000030517578,109.58000183105469,8563500.0
2023-07-20,109.76000213623047,110.3499984741211,109.37000274658203,110.06999969482422,10643900.0
2023-07-21,109.94999694824219,110.19000244140625,109.52999877929688,109.55000305175781,8993400.0
2023-07-24,109.51000213623047,110.16000366210938,109.44000244140625,109.80000305175781,6754800.0
2023-07-25,108.80999755859375,109.75,108.58999633789062,109.66000366210938,8768400.0
2023-07-26,110.04000091552734,110.54000091552734,109.87000274658203,110.43000030517578,10555200.0
2023-07-27,110.47000122070312,110.47000122070312,109.19999694824219,109.4800033569336,11837800.0
2023-07-28,110.3499984741211,110.37000274658203,109.73999786376953,110.16000366210938,7466600.0
2023-07-31,110.30000305175781,110.58999633789062,110.0,110.41999816894531,6587200.0
2023-08-01,110.23999786376953,111.12000274658203,110.05999755859375,110.75,9003600.0
2023-08-02,110.12000274658203,110.5999984741211,109.4000015258789,109.58999633789062,9905900.0
2023-08-03,109.19000244140625,109.44999694824219,108.7300033569336,108.9000015258789,7991700.0
2023-08-04,109.31999969482422,109.4000015258789,108.06999969482422,108.23999786376953,10631100.0
2023-08-07,108.6500015258789,109.72000122070312,108.5999984741211,109.56999969482422,8462600.0
2023-08-08,108.9000015258789,109.27999877929688,108.16000366210938,109.06999969482422,7669100.0
2023-08-09,109.08000183105469,109.5,108.5999984741211,109.01000213623047,7881500.0
2023-08-10,109.16000366210938,109.94999694824219,108.47000122070312,108.70999908447266,7259200.0
2023-08-11,108.4800033569336,109.16999816894531,108.41999816894531,108.88999938964844,5720300.0
2023-08-14,108.80999755859375,108.98999786376953,108.5,108.93000030517578,6113000.0
2023-08-15,108.22000122070312,108.33999633789062,107.41999816894531,107.54000091552734,6911700.0
2023-08-16,107.33999633789062,108.19999694824219,106.8499984741211,106.94000244140625,10281000.0
2023-08-17,107.31999969482422,107.5,106.01000213623047,106.04000091552734,10867800.0
2023-08-18,105.41999816894531,106.58000183105469,105.3499984741211,106.23999786376953,10763900.0
2023-08-21,106.22000122070312,106.44999694824219,105.36000061035156,106.11000061035156,6464700.0
2023-08-22,106.44000244140625,106.69999694824219,105.61000061035156,105.86000061035156,8152300.0
2023-08-23,105.86000061035156,107.06999969482422,105.86000061035156,106.94999694824219,7643300.0
2023-08-24,106.54000091552734,107.30000305175781,105.61000061035156,105.6500015258789,9483700.0
2023-08-25,106.19999694824219,106.91000366210938,105.30999755859375,106.54000091552734,13142500.0
2023-08-28,107.05999755859375,107.7699966430664,107.0199966430664,107.41000366210938,7673700.0
2023-08-29,107.33000183105469,108.29000091552734,107.01000213623047,108.2300033569336,9326500.0
2023-08-30,108.36000061035156,109.08000183105469,108.27999877929688,108.72000122070312,7849600.0
2023-08-31,108.9000015258789,109.1500015258789,108.20999908447266,108.2300033569336,5593400.0
2023-09-01,108.9800033569336,109.13999938964844,108.3499984741211,108.80000305175781,7034200.0
2023-09-05,108.61000061035156,108.63999938964844,106.93000030517578,106.97000122070312,8452200.0
2023-09-06,106.66000366210938,107.30999755859375,105.91000366210938,106.51000213623047,8586600.0
2023-09-07,106.11000061035156,106.62000274658203,105.5,106.16000366210938,7561200.0
2023-09-08,106.19999694824219,106.33000183105469,105.41000366210938,105.62999725341797,6828700.0
2023-09-11,105.88999938964844,106.0999984741211,105.08000183105469,105.66000366210938,6308000.0
2023-09-12,105.12000274658203,105.87000274658203,105.01000213623047,105.27999877929688,8099500.0
2023-09-13,105.13999938964844,105.4800033569336,104.0999984741211,104.58000183105469,10646100.0
2023-09-14,105.22000122070312,105.62999725341797,104.98999786376953,105.61000061035156,10123900.0
2023-09-15,105.20999908447266,105.6500015258789,104.69999694824219,105.0,11446100.0
2023-09-18,104.56999969482422,105.29000091552734,104.3499984741211,104.69000244140625,6446700.0
2023-09-19,104.43000030517578,104.5999984741211,103.5,104.25,7360600.0
2023-09-20,104.8499984741211,105.33000183105469,103.77999877929688,103.83999633789062,8286700.0
2023-09-21,103.45999908447266,103.5,102.0999984741211,102.13999938964844,8931200.0
2023-09-22,101.94999694824219,102.44000244140625,101.73999786376953,101.79000091552734,10971200.0
2023-09-25,101.3499984741211,102.33999633789062,101.31999969482422,102.30000305175781,7355500.0
2023-09-26,101.63999938964844,101.95999908447266,100.62000274658203,100.73999786376953,11490500.0
2023-09-27,101.3499984741211,101.80999755859375,100.69000244140625,101.48999786376953,12676700.0
2023-09-28,101.41999816894531,102.62999725341797,101.29000091552734,101.91999816894531,9804800.0
2023-09-29,102.54000091552734,102.62999725341797,101.04000091552734,101.37999725341797,11041900.0
2023-10-02,101.08999633789062,101.37000274658203,99.93000030517578,100.38999938964844,11079200.0
2023-10-03,100.04000091552734,100.77999877929688,99.27999877929688,99.69000244140625,12055500.0
2023-10-04,99.66000366210938,100.19000244140625,98.91000366210938,100.01000213623047,11394500.0
2023-10-05,99.87000274658203,100.12999725341797,99.01000213623047,99.41999816894531,10336400.0
2023-10-06,99.04000091552734,101.36000061035156,98.69000244140625,100.77999877929688,13842700.0
2023-10-09,101.16999816894531,102.4800033569336,100.9800033569336,102.36000061035156,11059700.0
2023-10-10,102.7699966430664,103.58999633789062,102.36000061035156,102.9800033569336,9658200.0
2023-10-11,103.25,103.6500015258789,102.79000091552734,103.5999984741211,7806500.0
2023-10-12,103.91999816894531,103.91999816894531,101.87999725341797,102.66000366210938,8102200.0
2023-10-13,102.7699966430664,103.1500015258789,101.30000305175781,101.75,9598000.0
2023-10-16,102.66999816894531,103.4000015258789,102.27999877929688,102.83000183105469,8344100.0
2023-10-17,102.37000274658203,103.81999969482422,102.33000183105469,103.1500015258789,10707200.0
2023-10-18,102.47000122070312,102.5199966430664,100.48999786376953,100.66000366210938,13582700.0
2023-10-19,100.86000061035156,101.44999694824219,99.5199966430664,99.7300033569336,12535100.0
2023-10-20,99.83999633789062,100.04000091552734,98.66000366210938,98.69999694824219,13641000.0
2023-10-23,98.55000305175781,99.62000274658203,98.19000244140625,98.23999786376953,12076800.0
2023-10-24,99.48999786376953,99.66000366210938,98.52999877929688,98.9800033569336,9324300.0
2023-10-25,98.83000183105469,98.91999816894531,97.66999816894531,97.70999908447266,10996000.0
2023-10-26,97.7699966430664,98.45999908447266,97.23999786376953,97.30000305175781,15387400.0
2023-10-27,97.3499984741211,97.51000213623047,96.12000274658203,96.44000244140625,13062000.0
2023-10-30,97.08000183105469,97.97000122070312,96.70999908447266,97.63999938964844,11242700.0
2023-10-31,97.41999816894531,98.47000122070312,97.2699966430664,98.36000061035156,10540200.0
2023-11-01,98.45999908447266,98.87999725341797,97.79000091552734,98.68000030517578,14715300.0
2023-11-02,99.7699966430664,100.80999755859375,99.55000305175781,100.70999908447266,10739800.0
2023-11-03,101.62999725341797,102.1500015258789,101.55000305175781,101.5999984741211,10001200.0
2023-11-06,101.68000030517578,101.7300033569336,100.8499984741211,101.33000183105469,6899400.0
2023-11-07,100.63999938964844,101.23999786376953,100.4000015258789,101.08000183105469,7244500.0
2023-11-08,101.30000305175781,101.62999725341797,100.9000015258789,101.30999755859375,7494200.0
2023-11-09,101.94999694824219,102.12000274658203,100.9000015258789,101.08999633789062,12232900.0
2023-11-10,101.6500015258789,102.66000366210938,101.29000091552734,102.55000305175781,9576200.0
2023-11-13,102.30999755859375,102.87000274658203,102.12999725341797,102.63999938964844,6598000.0
2023-11-14,103.88999938964844,105.12000274658203,103.88999938964844,104.69999694824219,12873000.0
2023-11-15,104.98999786376953,105.72000122070312,104.83999633789062,104.91999816894531,8516300.0
2023-11-16,105.02999877929688,105.5199966430664,104.5199966430664,104.94000244140625,8611100.0
2023-11-17,105.47000122070312,105.6500015258789,105.13999938964844,105.61000061035156,8034400.0
2023-11-20,105.5,106.20999908447266,105.05999755859375,105.93000030517578,7338700.0
2023-11-21,105.76000213623047,106.05000305175781,105.41000366210938,105.8499984741211,7676500.0
2023-11-22,105.81999969482422,106.41000366210938,105.61000061035156,106.08000183105469,9059700.0
2023-11-24,106.12000274658203,106.54000091552734,106.06999969482422,106.33999633789062,4439200.0
2023-11-27,106.0,106.08999633789062,105.58000183105469,105.73999786376953,9157900.0
2023-11-28,105.88999938964844,106.37999725341797,105.33999633789062,105.48999786376953,7976000.0
2023-11-29,106.08000183105469,106.41999816894531,105.68000030517578,105.88999938964844,9101400.0
2023-11-30,106.08999633789062,107.11000061035156,105.76000213623047,107.05000305175781,14101600.0
2023-12-01,107.1500015258789,108.80999755859375,107.06999969482422,108.73999786376953,13279800.0
2023-12-04,107.88999938964844,108.97000122070312,107.88999938964844,108.91999816894531,11010900.0
2023-12-05,108.45999908447266,108.62999725341797,107.9000015258789,108.04000091552734,10056300.0
2023-12-06,108.52999877929688,109.16999816894531,108.3499984741211,108.5199966430664,8336300.0
2023-12-07,108.76000213623047,108.94000244140625,108.30999755859375,108.62000274658203,8457600.0
2023-12-08,108.66000366210938,109.48999786376953,108.62000274658203,108.95999908447266,7150000.0
2023-12-11,109.23999786376953,110.12999725341797,109.18000030517578,110.0,9380200.0
2023-12-12,110.16000366210938,110.7300033569336,109.80000305175781,110.5,6524600.0
2023-12-13,110.5,111.94000244140625,109.91999816894531,111.7300033569336,12976800.0
2023-12-14,112.5,113.44000244140625,112.3499984741211,113.16999816894531,15473800.0
2023-12-15,112.9000015258789,113.37999725341797,112.47000122070312,113.0199966430664,13800900.0
2023-12-18,112.68000030517578,112.76000213623047,112.27999877929688,112.4000015258789,6977200.0
2023-12-19,112.72000122070312,113.38999938964844,112.6500015258789,113.2699966430664,5249400.0
2023-12-20,112.45999908447266,113.38999938964844,111.37000274658203,111.44000244140625,8329600.0
2023-12-21,112.2300033569336,112.63999938964844,111.72000122070312,112.58999633789062,6962100.0
2023-12-22,112.81999969482422,113.52999877929688,112.68000030517578,113.12999725341797,5500100.0
2023-12-26,113.22000122070312,114.19999694824219,113.05000305175781,113.93000030517578,5181600.0
2023-12-27,113.91000366210938,114.37000274658203,113.72000122070312,114.0999984741211,5893900.0
2023-12-28,113.97000122070312,114.37000274658203,113.81999969482422,114.12999725341797,8240700.0
2023-12-29,113.9800033569336,114.4000015258789,113.51000213623047,113.98999786376953,7936300.0
2024-01-02,113.2300033569336,113.94000244140625,112.48999786376953,112.83999633789062,8558700.0
2024-01-03,112.22000122070312,112.41999816894531,111.08999633789062,111.16000366210938,18631200.0
2024-01-04,111.36000061035156,112.23999786376953,111.2300033569336,111.30000305175781,10715900.0
2024-01-05,111.22000122070312,111.94000244140625,111.02999877929688,111.43000030517578,7888100.0
2024-01-08,111.12999725341797,112.16000366210938,110.63999938964844,112.16000366210938,10855900.0
2024-01-09,111.4000015258789,111.94000244140625,110.98999786376953,111.80999755859375,8452000.0
2024-01-10,111.83000183105469,112.5199966430664,111.7300033569336,112.37999725341797,9109100.0
2024-01-11,112.41000366210938,112.56999969482422,111.19999694824219,112.12000274658203,9081700.0
2024-01-12,112.5,112.75,111.66999816894531,112.11000061035156,6631000.0
2024-01-16,111.55000305175781,111.63999938964844,110.61000061035156,110.9800033569336,10834200.0
2024-01-17,110.19000244140625,110.94000244140625,109.94999694824219,110.2300033569336,7604700.0
2024-01-18,110.63999938964844,111.9000015258789,110.5,111.72000122070312,9060600.0
2024-01-19,111.9800033569336,112.73999786376953,111.0999984741211,112.44999694824219,10355700.0
2024-01-22,112.83999633789062,113.61000061035156,112.83999633789062,113.31999969482422,9912900.0
2024-01-23,113.3499984741211,113.72000122070312,112.73999786376953,113.2300033569336,10275200.0
2024-01-24,113.69000244140625,113.70999908447266,112.47000122070312,112.52999877929688,9638600.0
2024-01-25,113.08999633789062,113.62999725341797,112.80000305175781,113.61000061035156,9898900.0
2024-01-26,113.7300033569336,114.11000061035156,113.11000061035156,113.43000030517578,7031100.0
2024-01-29,113.31999969482422,114.18000030517578,113.16999816894531,114.16999816894531,5849900.0
2024-01-30,113.36000061035156,114.37000274658203,113.36000061035156,114.20999908447266,8300000.0
2024-01-31,114.12999725341797,114.33999633789062,112.87000274658203,112.88999938964844,14462300.0
2024-02-01,113.5999984741211,114.83999633789062,112.9800033569336,114.80999755859375,13946100.0
2024-02-02,114.56999969482422,116.08000183105469,114.12999725341797,115.58000183105469,12830200.0
2024-02-05,115.12000274658203,115.36000061035156,114.30000305175781,114.94999694824219,9536700.0
2024-02-06,115.08999633789062,116.04000091552734,114.81999969482422,115.9800033569336,8722800.0
2024-02-07,116.37000274658203,117.0999984741211,116.31999969482422,116.75,7557100.0
2024-02-08,117.02999877929688,117.0999984741211,116.29000091552734,116.7699966430664,8532300.0
2024-02-09,116.93000030517578,116.95999908447266,116.30000305175781,116.94999694824219,10106000.0
2024-02-12,116.87999725341797,117.44000244140625,116.7699966430664,117.12000274658203,8383200.0
2024-02-13,116.11000061035156,116.13999938964844,115.08999633789062,115.91999816894531,14054200.0
2024-02-14,116.80999755859375,117.91000366210938,116.68000030517578,117.86000061035156,11889500.0
2024-02-15,118.0,118.80999755859375,117.83000183105469,118.73999786376953,11644100.0
2024-02-16,118.47000122070312,118.86000061035156,117.9000015258789,118.02999877929688,8740900.0
2024-02-20,117.62000274658203,118.04000091552734,117.37999725341797,117.66000366210938,7392100.0
2024-02-21,117.68000030517578,118.18000030517578,117.3499984741211,118.12999725341797,8873000.0
2024-02-22,118.81999969482422,119.80999755859375,118.73999786376953,119.58999633789062,10604300.0
2024-02-23,119.86000061035156,120.4800033569336,119.76000213623047,120.22000122070312,8757400.0
2024-02-26,120.20999908447266,120.4800033569336,119.91000366210938,120.04000091552734,7951300.0
2024-02-27,120.30000305175781,120.33999633789062,119.72000122070312,120.22000122070312,6275500.0
2024-02-28,120.0999984741211,120.94000244140625,120.0,120.62999725341797,8324000.0
2024-02-29,121.0,121.2699966430664,120.41000366210938,121.0,9662100.0
2024-03-01,120.95999908447266,121.58999633789062,120.61000061035156,121.5199966430664,10782400.0
2024-03-04,121.5199966430664,122.30999755859375,121.5199966430664,121.95999908447266,11886600.0
2024-03-05,121.69000244140625,122.0199966430664,120.44999694824219,120.95999908447266,11999000.0
2024-03-06,121.44000244140625,122.2699966430664,121.30999755859375,121.58999633789062,8644800.0
2024-03-07,122.37000274658203,122.7300033569336,122.06999969482422,122.56999969482422,7936800.0
2024-03-08,122.86000061035156,123.5,121.95999908447266,122.30000305175781,10157100.0
2024-03-11,121.91999816894531,122.18000030517578,120.81999969482422,121.66999816894531,9179300.0
2024-03-12,121.66000366210938,122.33000183105469,121.0999984741211,122.20999908447266,9125300.0
2024-03-13,122.0199966430664,122.81999969482422,122.0199966430664,122.54000091552734,8009300.0
2024-03-14,122.7300033569336,122.86000061035156,121.22000122070312,122.0199966430664,9684800.0
2024-03-15,121.52999877929688,122.52999877929688,121.47000122070312,122.04000091552734,10739900.0
2024-03-18,122.0999984741211,122.37999725341797,121.73999786376953,121.87999725341797,7178800.0
2024-03-19,121.93000030517578,122.94000244140625,121.86000061035156,122.93000030517578,8842400.0
2024-03-20,122.7699966430664,124.58999633789062,122.63999938964844,124.41000366210938,10400900.0
2024-03-21,124.98999786376953,125.94000244140625,124.79000091552734,125.63999938964844,9965100.0
2024-03-22,126.0,126.0999984741211,125.18000030517578,125.20999908447266,6771100.0
2024-03-25,125.18000030517578,125.2699966430664,124.31999969482422,124.4000015258789,7658200.0
2024-03-26,124.4000015258789,124.7300033569336,123.9000015258789,123.94999694824219,7292700.0
2024-03-27,124.75,125.94999694824219,124.68000030517578,125.94000244140625,7162900.0
2024-03-28,126.0999984741211,126.29000091552734,125.72000122070312,125.95999908447266,7287000.0
2024-04-01,126.08999633789062,126.16000366210938,124.91000366210938,124.98999786376953,6905300.0
2024-04-02,124.48999786376953,124.9000015258789,124.1500015258789,124.41000366210938,11049400.0
2024-04-03,124.31999969482422,125.4000015258789,124.31999969482422,125.05000305175781,7589900.0
2024-04-04,125.87000274658203,126.38999938964844,123.58000183105469,123.94999694824219,10659800.0
2024-04-05,124.3499984741211,126.0,124.29000091552734,125.66999816894531,10718600.0
2024-04-08,125.8499984741211,126.05999755859375,125.36000061035156,125.44999694824219,6096100.0
2024-04-09,125.62000274658203,125.95999908447266,123.7300033569336,125.16000366210938,9042200.0
2024-04-10,123.61000061035156,124.47000122070312,123.18000030517578,124.08999633789062,14119500.0
2024-04-11,124.1500015258789,124.73999786376953,123.19999694824219,124.2300033569336,8228700.0
2024-04-12,123.44999694824219,123.88999938964844,122.37999725341797,122.9000015258789,11604300.0
2024-04-15,124.58000183105469,124.76000213623047,121.6500015258789,122.0199966430664,10374500.0
2024-04-16,121.9800033569336,122.31999969482422,121.12000274658203,121.73999786376953,11046200.0
2024-04-17,122.41999816894531,122.44999694824219,120.36000061035156,121.11000061035156,11084200.0
2024-04-18,121.69000244140625,122.19000244140625,120.51000213623047,120.69000244140625,9195800.0
2024-04-19,120.94999694824219,121.62000274658203,120.16999816894531,120.47000122070312,10832100.0
2024-04-22,121.19999694824219,122.19000244140625,120.62999725341797,121.37999725341797,10484900.0
2024-04-23,122.23999786376953,123.23999786376953,122.05999755859375,123.06999969482422,9870000.0
2024-04-24,122.95999908447266,123.18000030517578,121.06999969482422,122.08999633789062,11063800.0
2024-04-25,121.41000366210938,122.75,120.5999984741211,122.45999908447266,10321200.0
2024-04-26,122.1500015258789,123.02999877929688,122.12999725341797,122.66000366210938,6958100.0
2024-04-29,122.91000366210938,123.58999633789062,122.87000274658203,123.4800033569336,6339800.0
2024-04-30,123.30000305175781,123.4800033569336,121.47000122070312,121.5199966430664,15475900.0
2024-05-01,121.33000183105469,122.8499984741211,120.91999816894531,121.22000122070312,15569500.0
2024-05-02,121.80000305175781,122.16000366210938,120.55999755859375,121.91999816894531,11999600.0
2024-05-03,123.06999969482422,123.20999908447266,122.19999694824219,122.7699966430664,9068500.0
2024-05-06,123.58000183105469,124.11000061035156,123.47000122070312,124.01000213623047,7157300.0
2024-05-07,124.23999786376953,124.70999908447266,124.02999877929688,124.3499984741211,5244200.0
2024-05-08,123.61000061035156,124.5199966430664,123.58999633789062,124.3499984741211,5062500.0
2024-05-09,124.58999633789062,125.58999633789062,124.44999694824219,125.58999633789062,6682000.0
2024-05-10,126.13999938964844,126.22000122070312,125.44000244140625,125.68000030517578,6038500.0
2024-05-13,125.95999908447266,126.0999984741211,125.08000183105469,125.1500015258789,5946900.0
2024-05-14,125.38999938964844,125.61000061035156,124.8499984741211,125.12000274658203,5105700.0
2024-05-15,125.77999877929688,126.02999877929688,125.55999755859375,125.94000244140625,8404100.0
2024-05-16,125.72000122070312,125.95999908447266,125.13999938964844,125.19000244140625,7135900.0
2024-05-17,125.29000091552734,125.4800033569336,124.70999908447266,125.33000183105469,5714100.0
2024-05-20,125.36000061035156,126.02999877929688,125.23999786376953,125.56999969482422,4337600.0
2024-05-21,125.33999633789062,125.36000061035156,124.83999633789062,125.16000366210938,6010000.0
2024-05-22,124.97000122070312,125.62999725341797,124.62999725341797,125.30999755859375,7910500.0
2024-05-23,125.61000061035156,125.68000030517578,123.5999984741211,123.83000183105469,9078200.0
2024-05-24,124.30000305175781,124.7300033569336,123.79000091552734,124.45999908447266,7556800.0
2024-05-28,124.41000366210938,124.41000366210938,122.52999877929688,122.94000244140625,8525400.0
2024-05-29,121.9000015258789,121.98999786376953,121.0999984741211,121.19999694824219,16725400.0
2024-05-30,121.36000061035156,122.12000274658203,121.33000183105469,122.02999877929688,7816300.0
2024-05-31,122.31999969482422,123.55999755859375,121.33000183105469,123.51000213623047,9703500.0
2024-06-03,123.91000366210938,123.95999908447266,120.87000274658203,122.0,15241000.0
2024-06-04,121.75,122.2300033569336,121.01000213623047,121.69999694824219,10061500.0
2024-06-05,122.16000366210938,122.94999694824219,121.44000244140625,122.93000030517578,8666000.0
2024-06-06,122.79000091552734,123.08999633789062,121.72000122070312,122.19999694824219,6523900.0
2024-06-07,121.88999938964844,123.13999938964844,121.58000183105469,122.33000183105469,7036200.0
2024-06-10,122.1500015258789,122.87999725341797,122.08999633789062,122.70999908447266,6642600.0
2024-06-11,122.05000305175781,122.16999816894531,121.19999694824219,122.01000213623047,11217000.0
2024-06-12,123.13999938964844,123.88999938964844,122.62999725341797,123.16999816894531,11106700.0
2024-06-13,123.0,123.06999969482422,121.33999633789062,122.37999725341797,8056100.0
2024-06-14,121.33000183105469,121.33000183105469,119.66000366210938,121.1500015258789,15315800.0
2024-06-17,120.7300033569336,122.69000244140625,120.54000091552734,122.48999786376953,12522100.0
2024-06-18,122.45999908447266,123.16000366210938,122.2300033569336,123.1500015258789,8176500.0
2024-06-20,123.01000213623047,123.55999755859375,122.73999786376953,123.2300033569336,6350700.0
2024-06-21,123.20999908447266,123.27999877929688,121.91999816894531,122.97000122070312,8231000.0
2024-06-24,122.87999725341797,124.20999908447266,122.61000061035156,123.06999969482422,8650600.0
2024-06-25,122.97000122070312,122.97000122070312,121.44999694824219,122.0199966430664,11365300.0
2024-06-26,121.86000061035156,121.87999725341797,121.20999908447266,121.69000244140625,7350500.0
2024-06-27,121.80999755859375,122.05000305175781,121.37999725341797,121.81999969482422,4804100.0
2024-06-28,122.16000366210938,122.95999908447266,121.27999877929688,121.87000274658203,9796400.0
2024-07-01,122.44000244140625,122.69000244140625,120.29000091552734,120.55999755859375,10008500.0
2024-07-02,120.37999725341797,121.26000213623047,120.29000091552734,121.22000122070312,6789000.0
2024-07-03,121.36000061035156,122.0999984741211,121.1500015258789,121.66000366210938,5467700.0
2024-07-05,121.62999725341797,121.62999725341797,120.25,121.22000122070312,6367100.0
2024-07-08,121.55999755859375,122.20999908447266,121.0,121.37000274658203,7405600.0
2024-07-09,121.43000030517578,121.62000274658203,120.80999755859375,120.83999633789062,4617900.0
2024-07-10,121.01000213623047,121.95999908447266,120.76000213623047,121.91999816894531,6930900.0
2024-07-11,122.23999786376953,123.91000366210938,122.05999755859375,123.47000122070312,11113900.0
2024-07-12,124.18000030517578,124.91000366210938,123.87000274658203,124.18000030517578,10565200.0
2024-07-15,124.55000305175781,125.66000366210938,124.27999877929688,125.06999969482422,9680800.0
2024-07-16,125.44000244140625,128.30999755859375,125.43000030517578,128.19000244140625,15501400.0
2024-07-17,127.62999725341797,127.9000015258789,126.5199966430664,126.55000305175781,14511200.0
2024-07-18,126.54000091552734,127.80999755859375,125.37999725341797,125.55999755859375,9267900.0
2024-07-19,125.83999633789062,126.0999984741211,124.58999633789062,124.87000274658203,9955300.0
2024-07-22,125.45999908447266,126.2300033569336,124.4800033569336,126.13999938964844,8334900.0
2024-07-23,125.51000213623047,126.58999633789062,125.44000244140625,125.9000015258789,9432900.0
2024-07-24,125.27999877929688,125.52999877929688,123.06999969482422,123.19000244140625,11370800.0
2024-07-25,123.3499984741211,126.0999984741211,123.02999877929688,124.18000030517578,14738900.0
2024-07-26,125.5999984741211,127.19000244140625,125.38999938964844,126.30000305175781,10620800.0
2024-07-29,126.69999694824219,126.69999694824219,125.68000030517578,126.08000183105469,8946500.0
2024-07-30,126.62000274658203,127.33999633789062,125.94000244140625,126.44999694824219,7811200.0
2024-07-31,127.91999816894531,129.07000732421875,127.29000091552734,127.86000061035156,10947600.0
2024-08-01,127.54000091552734,128.55999755859375,124.7300033569336,125.48999786376953,17283200.0
2024-08-02,124.12999725341797,124.3499984741211,121.56999969482422,122.7300033569336,16916300.0
2024-08-05,120.37999725341797,121.83999633789062,119.16999816894531,120.5999984741211,20012000.0
2024-08-06,121.30999755859375,123.77999877929688,120.77999877929688,122.05000305175781,13732600.0
2024-08-07,123.19999694824219,124.2300033569336,121.38999938964844,121.45999908447266,8307700.0
2024-08-08,122.36000061035156,124.3499984741211,122.33999633789062,124.26000213623047,7976800.0
2024-08-09,124.0999984741211,124.52999877929688,123.0,124.27999877929688,5891400.0
2024-08-12,124.29000091552734,124.4800033569336,123.25,123.6500015258789,5733400.0
2024-08-13,124.2300033569336,125.05000305175781,123.33999633789062,124.94999694824219,7808300.0
2024-08-14,124.91000366210938,125.68000030517578,124.83999633789062,125.45999908447266,5506400.0
2024-08-15,126.6500015258789,127.51000213623047,126.30000305175781,127.1500015258789,5717400.0
2024-08-16,126.98999786376953,127.33000183105469,126.41000366210938,126.97000122070312,5448600.0
2024-08-19,127.08000183105469,127.77999877929688,126.94000244140625,127.73999786376953,3482900.0
2024-08-20,127.68000030517578,127.8499984741211,127.01000213623047,127.38999938964844,6443300.0
2024-08-21,127.69000244140625,128.3800048828125,127.54000091552734,128.16000366210938,4989200.0
2024-08-22,128.3800048828125,128.6699981689453,127.5999984741211,128.0,6355600.0
2024-08-23,128.44000244140625,129.5800018310547,128.19000244140625,129.27999877929688,5888000.0
2024-08-26,129.55999755859375,130.0,128.8699951171875,129.13999938964844,6226600.0
2024-08-27,128.9499969482422,129.2899932861328,128.50999450683594,129.22000122070312,4000900.0
2024-08-28,129.27999877929688,129.9499969482422,128.50999450683594,129.16000366210938,4336300.0
2024-08-29,129.75999450683594,131.1999969482422,129.10000610351562,130.07000732421875,8226000.0
2024-08-30,130.52999877929688,131.58999633789062,129.58999633789062,131.4600067138672,8347900.0
2024-09-03,130.80999755859375,131.02000427246094,128.05999755859375,128.5500030517578,9332600.0
2024-09-04,128.47000122070312,129.4600067138672,128.19000244140625,128.67999267578125,7809700.0
2024-09-05,128.41000366210938,128.55999755859375,126.47000122070312,127.18000030517578,8044500.0
2024-09-06,127.33999633789062,128.27000427246094,125.63999938964844,125.88999938964844,9567300.0
2024-09-09,126.95999908447266,128.3300018310547,126.91999816894531,127.81999969482422,7283100.0
2024-09-10,128.32000732421875,128.32000732421875,126.97000122070312,128.0399932861328,6270200.0
2024-09-11,127.7300033569336,128.42999267578125,125.11000061035156,128.27000427246094,7969700.0
2024-09-12,128.3000030517578,129.27000427246094,127.58999633789062,129.25999450683594,7012600.0
2024-09-13,129.82000732421875,131.05999755859375,129.55999755859375,130.57000732421875,7913800.0
2024-09-16,131.13999938964844,132.02999877929688,130.4499969482422,131.24000549316406,6400800.0
2024-09-17,131.5,132.42999267578125,131.22000122070312,131.9600067138672,7820700.0
2024-09-18,132.1699981689453,133.6699981689453,131.64999389648438,131.85000610351562,9191600.0
2024-09-19,134.00999450683594,134.3699951171875,132.97000122070312,134.1199951171875,8957800.0
2024-09-20,133.0800018310547,133.4600067138672,132.44000244140625,133.17999267578125,10907500.0
2024-09-23,133.25999450683594,133.85000610351562,132.75999450683594,133.63999938964844,8284000.0
2024-09-24,134.00999450683594,134.63999938964844,133.6999969482422,134.60000610351562,7507900.0
2024-09-25,135.00999450683594,135.14999389648438,133.8699951171875,133.97000122070312,4422400.0
2024-09-26,135.05999755859375,135.47000122070312,134.47000122070312,134.63999938964844,6620700.0
2024-09-27,135.0500030517578,135.6999969482422,134.6199951171875,134.8300018310547,5859200.0
2024-09-30,134.8300018310547,135.57000732421875,134.0399932861328,135.44000244140625,5321200.0
2024-10-01,135.3699951171875,136.16000366210938,134.2899932861328,135.50999450683594,9398600.0
2024-10-02,135.25999450683594,135.77999877929688,134.69000244140625,135.25999450683594,5189700.0
2024-10-03,134.8699951171875,135.25999450683594,134.07000732421875,134.57000732421875,6361400.0
2024-10-04,135.6300048828125,135.9199981689453,134.27000427246094,135.50999450683594,5797100.0
2024-10-07,134.83999633789062,135.74000549316406,134.50999450683594,135.17999267578125,5737800.0
2024-10-08,135.6999969482422,135.89999389648438,134.9600067138672,135.47999572753906,4980600.0
2024-10-09,135.49000549316406,136.77999877929688,135.3000030517578,136.69000244140625,5064800.0
2024-10-10,136.14999389648438,136.3699951171875,135.52999877929688,135.99000549316406,5495600.0
2024-10-11,136.49000549316406,138.47000122070312,136.49000549316406,138.4199981689453,8764800.0
2024-10-14,138.38999938964844,139.32000732421875,137.85000610351562,139.25,6817400.0
2024-10-15,139.39999389648438,139.77000427246094,138.05999755859375,138.17999267578125,7808900.0
2024-10-16,138.39999389648438,139.5500030517578,138.33999633789062,139.25,8207800.0
2024-10-17,139.27000427246094,139.47000122070312,138.60000610351562,138.85000610351562,5065100.0
2024-10-18,139.2100067138672,139.3300018310547,138.42999267578125,139.27000427246094,4782100.0
2024-10-21,139.25,139.4499969482422,138.22000122070312,138.77999877929688,5216700.0
2024-10-22,138.1699981689453,138.27999877929688,136.38999938964844,137.10000610351562,8579700.0
2024-10-23,136.9600067138672,137.5399932861328,136.0,136.6999969482422,8480700.0
2024-10-24,136.49000549316406,136.49000549316406,135.3699951171875,135.75999450683594,6720400.0
2024-10-25,136.3800048828125,136.75,135.1199951171875,135.39999389648438,6399300.0
2024-10-28,136.0800018310547,136.39999389648438,135.75999450683594,135.8000030517578,7132200.0
2024-10-29,135.38999938964844,136.14999389648438,134.58999633789062,135.6199951171875,11192300.0
2024-10-30,135.02000427246094,136.1199951171875,134.7899932861328,135.38999938964844,10469000.0
2024-10-31,134.32000732421875,134.6699981689453,133.41000366210938,133.8300018310547,16640000.0
2024-11-01,134.50999450683594,135.24000549316406,133.97999572753906,134.00999450683594,7482300.0
2024-11-04,134.14999389648438,134.8800048828125,133.49000549316406,133.86000061035156,6744400.0
2024-11-05,134.3300018310547,136.1300048828125,133.99000549316406,136.10000610351562,7469400.0
2024-11-06,140.6699981689453,141.67999267578125,139.1699981689453,141.42999267578125,17738800.0
2024-11-07,141.8300018310547,141.88999938964844,140.38999938964844,140.5800018310547,10062400.0
2024-11-08,140.99000549316406,142.52999877929688,140.72000122070312,142.08999633789062,8270000.0
2024-11-11,142.88999938964844,143.72000122070312,142.86000061035156,143.19000244140625,8237000.0
2024-11-12,143.52999877929688,143.6699981689453,141.3800048828125,141.9600067138672,7161100.0
2024-11-13,142.11000061035156,143.05999755859375,142.07000732421875,142.25999450683594,6033400.0
2024-11-14,142.1199951171875,142.30999755859375,139.7100067138672,139.86000061035156,9977100.0
2024-11-15,139.3699951171875,140.2100067138672,138.75,139.11000061035156,6628500.0
2024-11-18,139.08999633789062,139.49000549316406,138.5800018310547,138.9199981689453,6414200.0
2024-11-19,138.05999755859375,139.16000366210938,137.82000732421875,138.8000030517578,5554700.0
2024-11-20,139.1300048828125,139.27999877929688,137.92999267578125,138.9499969482422,6527600.0
2024-11-21,139.6199951171875,141.17999267578125,139.0800018310547,140.69000244140625,9677300.0
2024-11-22,141.05999755859375,142.69000244140625,140.92999267578125,142.64999389648438,7924300.0
2024-11-25,143.3800048828125,143.92999267578125,142.9199981689453,143.5399932861328,7411700.0
2024-11-26,143.3699951171875,143.97000122070312,142.8300018310547,143.7100067138672,6524900.0
2024-11-27,144.14999389648438,144.50999450683594,143.13999938964844,143.17999267578125,5561100.0
2024-11-29,143.39999389648438,144.25999450683594,143.39999389648438,143.99000549316406,3091500.0
2024-12-02,143.89999389648438,144.11000061035156,142.74000549316406,142.92999267578125,6217500.0
2024-12-03,142.97999572753906,143.22000122070312,141.55999755859375,142.02999877929688,4528000.0
2024-12-04,142.0500030517578,142.66000366210938,141.66000366210938,142.64999389648438,5727700.0
2024-12-05,142.64999389648438,142.77000427246094,140.88999938964844,140.9199981689453,5233900.0
2024-12-06,141.33999633789062,141.66000366210938,140.3300018310547,140.55999755859375,5432800.0
2024-12-09,140.58999633789062,140.75,139.25999450683594,139.33999633789062,7434200.0
2024-12-10,139.1699981689453,139.52000427246094,138.19000244140625,139.0,7382800.0
2024-12-11,139.72000122070312,139.92999267578125,138.6199951171875,138.67999267578125,6168900.0
2024-12-12,138.75,138.9499969482422,137.72000122070312,137.7899932861328,7081600.0
2024-12-13,137.9499969482422,138.10000610351562,137.2899932861328,137.42999267578125,6709900.0
2024-12-16,137.5800018310547,138.05999755859375,137.11000061035156,137.5500030517578,6573400.0
2024-12-17,136.9600067138672,137.27000427246094,135.97000122070312,136.2899932861328,6861700.0
2024-12-18,136.47999572753906,136.7899932861328,132.35000610351562,132.44000244140625,13428100.0
2024-12-19,133.0800018310547,134.0500030517578,132.22000122070312,132.27000427246094,12507400.0
2024-12-20,132.13999938964844,134.80999755859375,131.80999755859375,133.82000732421875,11849600.0
2024-12-23,132.99000549316406,133.32000732421875,132.00999450683594,133.1199951171875,8022300.0
2024-12-24,132.97999572753906,134.22000122070312,132.72999572753906,134.16000366210938,2972900.0
2024-12-26,133.85000610351562,134.58999633789062,133.50999450683594,134.25999450683594,4749500.0
2024-12-27,133.49000549316406,134.25999450683594,132.49000549316406,133.25999450683594,6060000.0
2024-12-30,131.80999755859375,132.5399932861328,130.63999938964844,131.9199981689453,8725500.0
2024-12-31,132.3300018310547,132.52999877929688,131.36000061035156,131.75999450683594,6009800.0
2025-01-02,132.72999572753906,132.9499969482422,130.7100067138672,131.3000030517578,7227600.0
2025-01-03,131.75999450683594,133.0,131.3300018310547,132.72000122070312,7676100.0
2025-01-06,133.39999389648438,133.82000732421875,132.19000244140625,132.42999267578125,6899500.0
2025-01-07,132.72999572753906,133.16000366210938,131.85000610351562,132.3000030517578,6841200.0
2025-01-08,132.0500030517578,132.9499969482422,131.25,132.82000732421875,8277600.0
2025-01-10,132.1300048828125,132.25,131.0500030517578,131.3300018310547,9997300.0
2025-01-13,130.58999633789062,132.9499969482422,130.4499969482422,132.8699951171875,8365400.0
2025-01-14,133.80999755859375,134.63999938964844,133.2100067138672,134.44000244140625,6746700.0
2025-01-15,136.42999267578125,136.63999938964844,135.0399932861328,135.2899932861328,9184200.0
2025-01-16,135.66000366210938,137.1300048828125,135.50999450683594,136.92999267578125,6556500.0
2025-01-17,137.80999755859375,138.25999450683594,137.2100067138672,137.75,6869200.0
2025-01-21,138.9600067138672,140.5800018310547,138.9600067138672,140.5800018310547,12177700.0
2025-01-22,141.02000427246094,141.1699981689453,140.19000244140625,140.25,7206000.0
2025-01-23,141.13999938964844,141.89999389648438,140.55999755859375,141.6699981689453,7353400.0
2025-01-24,141.60000610351562,141.64999389648438,140.7899932861328,141.07000732421875,6457700.0
2025-01-27,138.92999267578125,139.50999450683594,138.5,139.17999267578125,10909300.0
2025-01-28,139.50999450683594,139.6300048828125,137.85000610351562,138.25999450683594,8900000.0
2025-01-29,138.35000610351562,139.22999572753906,137.7100067138672,137.7899932861328,9100900.0
2025-01-30,137.58999633789062,139.58999633789062,137.58999633789062,139.3300018310547,8169600.0
2025-01-31,139.2899932861328,139.74000549316406,138.19000244140625,138.35000610351562,10144700.0
2025-02-03,135.92999267578125,137.97000122070312,135.3300018310547,136.97999572753906,13906700.0
2025-02-04,137.11000061035156,137.75,136.72000122070312,137.02000427246094,7577200.0
2025-02-05,137.5,137.74000549316406,136.16000366210938,137.1199951171875,8179200.0
2025-02-06,137.38999938964844,137.8800048828125,136.7899932861328,137.74000549316406,7368300.0
2025-02-07,138.3699951171875,138.5399932861328,137.0500030517578,137.3300018310547,10408900.0
2025-02-10,138.22000122070312,138.61000061035156,137.6300048828125,138.55999755859375,5446400.0
2025-02-11,138.10000610351562,138.67999267578125,137.6999969482422,138.61000061035156,5787700.0
2025-02-12,136.6300048828125,138.24000549316406,136.41000366210938,137.75,7694300.0
2025-02-13,137.74000549316406,138.25,137.30999755859375,137.88999938964844,8539100.0
2025-02-14,138.0800018310547,138.25,137.38999938964844,137.5500030517578,5800000.0
2025-02-18,138.02000427246094,138.88999938964844,137.8800048828125,138.6300048828125,7226600.0
2025-02-19,138.2899932861328,139.0800018310547,138.07000732421875,138.77000427246094,9454100.0
2025-02-20,138.61000061035156,138.6300048828125,136.8699951171875,137.86000061035156,9306700.0
2025-02-21,138.0,138.0,134.30999755859375,134.83999633789062,14561200.0
2025-02-24,135.36000061035156,135.60000610351562,134.0500030517578,134.22999572753906,10876100.0
2025-02-25,134.24000549316406,135.39999389648438,133.49000549316406,134.9199981689453,9898500.0
2025-02-26,135.61000061035156,136.36000061035156,134.82000732421875,135.0,8330400.0
2025-02-27,135.30999755859375,136.42999267578125,134.35000610351562,134.52999877929688,9624600.0
2025-02-28,134.89999389648438,136.4600067138672,134.24000549316406,136.3300018310547,9888000.0
2025-03-03,137.1199951171875,137.63999938964844,133.6699981689453,134.38999938964844,12683000.0
2025-03-04,132.91000366210938,134.0,130.7899932861328,131.77000427246094,15191300.0
2025-03-05,132.24000549316406,134.39999389648438,132.10000610351562,133.85000610351562,12117600.0
2025-03-06,132.47000122070312,133.60000610351562,131.74000549316406,132.6999969482422,12029100.0
2025-03-07,131.9499969482422,134.60000610351562,131.52999877929688,134.25,17504500.0
2025-03-10,132.5399932861328,134.0800018310547,131.10000610351562,132.14999389648438,15123900.0
2025-03-11,131.85000610351562,132.02000427246094,129.4199981689453,130.1199951171875,13176800.0
2025-03-12,131.30999755859375,131.49000549316406,128.99000549316406,130.11000061035156,12728100.0
2025-03-13,129.8000030517578,130.39999389648438,128.25999450683594,128.77999877929688,10596900.0
2025-03-14,130.00999450683594,131.3800048828125,129.47000122070312,131.1300048828125,8920000.0
2025-03-17,130.94000244140625,133.5500030517578,130.8000030517578,132.94000244140625,6918300.0
2025-03-18,132.3800048828125,132.5800018310547,131.1300048828125,131.8800048828125,8051800.0
2025-03-19,132.30999755859375,134.38999938964844,132.14999389648438,133.6300048828125,8274900.0
2025-03-20,132.57000732421875,133.94000244140625,132.32000732421875,132.9600067138672,8078300.0
2025-03-21,131.80999755859375,132.41000366210938,130.97999572753906,132.25,10036500.0
2025-03-24,133.42999267578125,134.52000427246094,133.10000610351562,134.2899932861328,8446800.0
2025-03-25,134.55999755859375,134.94000244140625,133.83999633789062,134.49000549316406,5337100.0
2025-03-26,134.6999969482422,135.3800048828125,133.1999969482422,133.60000610351562,6899300.0
2025-03-27,133.55999755859375,134.00999450683594,132.27000427246094,132.88999938964844,8414000.0
2025-03-28,132.4499969482422,132.8000030517578,130.0800018310547,130.14999389648438,10196800.0
2025-03-31,129.13999938964844,131.85000610351562,128.4199981689453,131.07000732421875,9650200.0
2025-04-01,130.77000427246094,132.08999633789062,129.64999389648438,131.80999755859375,8722200.0
2025-04-02,130.30999755859375,133.50999450683594,130.25999450683594,133.0500030517578,6398000.0
2025-04-03,128.58999633789062,129.7100067138672,125.76000213623047,125.8499984741211,15962200.0
2025-04-04,122.25,122.68000030517578,117.79000091552734,117.94000244140625,28516400.0
2025-04-07,114.6500015258789,121.80000305175781,112.75,117.38999938964844,42518300.0
2025-04-08,121.04000091552734,121.66999816894531,114.63999938964844,116.41999816894531,21272000.0
2025-04-09,115.2300033569336,127.55000305175781,115.2300033569336,126.76000213623047,36610700.0
2025-04-10,124.45999908447266,124.9800033569336,119.91000366210938,123.48999786376953,26234000.0
2025-04-11,123.20999908447266,126.31999969482422,121.98999786376953,125.66999816894531,13750300.0
2025-04-14,127.19000244140625,127.81999969482422,125.91999816894531,126.9800033569336,8060500.0
2025-04-15,126.7699966430664,127.80999755859375,126.16000366210938,126.3499984741211,6230200.0
2025-04-16,125.73999786376953,126.43000030517578,123.63999938964844,124.62000274658203,8043500.0
2025-04-17,124.70999908447266,126.48999786376953,124.66999816894531,125.30000305175781,7850400.0
2025-04-21,124.08999633789062,124.3499984741211,121.13999938964844,122.48999786376953,9083500.0
2025-04-22,123.48999786376953,125.18000030517578,123.12000274658203,124.62999725341797,7493200.0
2025-04-23,128.02999877929688,129.1300048828125,125.81999969482422,126.19000244140625,9718300.0
2025-04-24,126.13999938964844,129.25999450683594,125.76000213623047,129.02000427246094,7145400.0
2025-04-25,128.7100067138672,129.5,128.10000610351562,129.00999450683594,5826900.0
2025-04-28,129.22999572753906,130.3000030517578,128.22000122070312,129.44000244140625,6202200.0
2025-04-29,129.0500030517578,130.5399932861328,128.94000244140625,130.27999877929688,5040600.0
2025-04-30,129.41000366210938,131.58999633789062,127.8499984741211,131.22000122070312,7532300.0
2025-05-01,131.77999877929688,133.16000366210938,131.25,132.2100067138672,9338700.0
2025-05-02,133.88999938964844,135.11000061035156,133.6999969482422,134.5800018310547,7227600.0
2025-05-05,133.75999450683594,135.4499969482422,133.6699981689453,134.64999389648438,4523400.0
2025-05-06,133.24000549316406,134.22999572753906,132.9600067138672,133.47000122070312,5404100.0
2025-05-07,133.8699951171875,134.74000549316406,133.4199981689453,134.14999389648438,5304600.0
2025-05-08,135.19000244140625,137.35000610351562,134.94000244140625,136.0,7914800.0
2025-05-09,136.27000427246094,136.55999755859375,135.1999969482422,136.11000061035156,4541200.0
2025-05-12,140.30999755859375,140.35000610351562,138.97999572753906,140.3000030517578,8321800.0
2025-05-13,140.75,142.17999267578125,140.58999633789062,141.27999877929688,9795200.0
2025-05-14,141.19000244140625,141.4199981689453,140.1999969482422,140.60000610351562,6517700.0
2025-05-15,141.0,142.3800048828125,140.8000030517578,142.16000366210938,5761900.0
2025-05-16,142.3800048828125,143.77999877929688,141.91000366210938,143.77999877929688,5384200.0
2025-05-19,142.38999938964844,144.38999938964844,142.38999938964844,144.27000427246094,5459200.0
2025-05-20,143.69000244140625,144.4600067138672,143.19000244140625,143.75,6825700.0
2025-05-21,142.97999572753906,143.38999938964844,141.11000061035156,141.32000732421875,9600200.0
2025-05-22,141.05999755859375,142.16000366210938,140.52999877929688,141.2899932861328,8993200.0
2025-05-23,139.69000244140625,141.33999633789062,139.6300048828125,140.8300018310547,8233100.0
2025-05-27,142.49000549316406,143.42999267578125,141.6999969482422,143.30999755859375,11862100.0
2025-05-28,143.52999877929688,143.7899932861328,142.39999389648438,142.60000610351562,9058300.0
2025-05-29,143.19000244140625,143.2899932861328,141.72000122070312,142.72999572753906,12106600.0
2025-05-30,142.58999633789062,143.32000732421875,141.55999755859375,142.82000732421875,14254700.0
2025-06-02,142.6300048828125,142.6999969482422,140.83999633789062,142.63999938964844,12641300.0
2025-06-03,142.61000061035156,143.8300018310547,142.5500030517578,143.74000549316406,10896800.0
2025-06-04,144.08999633789062,144.57000732421875,143.80999755859375,143.82000732421875,7975800.0
2025-06-05,144.27000427246094,144.35000610351562,143.1699981689453,143.72000122070312,13814300.0
2025-06-06,145.0,145.55999755859375,144.47000122070312,144.92999267578125,11289200.0
2025-06-09,145.30999755859375,145.52000427246094,144.50999450683594,144.8000030517578,9162800.0
2025-06-10,145.0800018310547,145.0800018310547,143.41000366210938,144.1699981689453,15625600.0
2025-06-11,144.3000030517578,144.69000244140625,142.83999633789062,144.24000549316406,15837000.0
2025-06-12,143.1199951171875,143.97999572753906,142.9600067138672,143.86000061035156,13097400.0
2025-06-13,142.83999633789062,143.9199981689453,142.22000122070312,142.64999389648438,14060500.0
2025-06-16,143.5,144.52999877929688,143.3300018310547,143.6300048828125,13711000.0
2025-06-17,143.10000610351562,143.5800018310547,142.35000610351562,142.5500030517578,12654200.0
2025-06-18,142.69000244140625,143.66000366210938,142.1199951171875,142.2100067138672,14008800.0
2025-06-20,143.0800018310547,143.4199981689453,141.88999938964844,142.3699951171875,13985200.0
2025-06-23,142.1999969482422,143.94000244140625,141.27999877929688,143.86000061035156,15902400.0
2025-06-24,144.6300048828125,145.3000030517578,143.82000732421875,145.05999755859375,11518200.0
2025-06-25,145.16000366210938,145.24000549316406,143.4600067138672,143.77999877929688,9751600.0
2025-06-26,144.41000366210938,145.50999450683594,144.10000610351562,145.33999633789062,9728300.0
2025-06-27,145.75999450683594,147.42999267578125,145.42999267578125,146.7899932861328,13380900.0
2025-06-30,147.05999755859375,147.72999572753906,146.5800018310547,147.52000427246094,10914600.0
2025-07-01,147.16000366210938,148.36000061035156,146.91000366210938,148.00999450683594,13189100.0
2025-07-02,147.7899932861328,148.16000366210938,147.3000030517578,148.16000366210938,11061700.0
2025-07-03,148.6699981689453,149.5399932861328,148.5500030517578,149.4199981689453,4864900.0
2025-07-07,149.39999389648438,149.82000732421875,147.8699951171875,148.89999389648438,10687700.0
2025-07-08,148.91000366210938,149.30999755859375,148.13999938964844,148.86000061035156,10845500.0
2025-07-09,149.8699951171875,150.0399932861328,148.89999389648438,149.89999389648438,10173600.0
2025-07-10,150.07000732421875,151.25999450683594,150.00999450683594,150.74000549316406,12385600.0
2025-07-11,149.99000549316406,150.61000061035156,149.6199951171875,150.1999969482422,7065200.0
2025-07-14,150.19000244140625,151.13999938964844,149.89999389648438,151.00999450683594,9069900.0
2025-07-15,151.47999572753906,151.47999572753906,149.86000061035156,149.8800048828125,10278700.0
2025-07-16,150.3000030517578,150.52000427246094,148.38999938964844,150.41000366210938,9998300.0
2025-07-17,150.97999572753906,151.97999572753906,150.80999755859375,151.8000030517578,13374200.0
2025-07-18,152.27000427246094,152.47999572753906,150.7899932861328,151.4600067138672,10201800.0
2025-07-21,151.92999267578125,152.0399932861328,150.60000610351562,150.66000366210938,10089300.0
2025-07-22,150.1300048828125,151.32000732421875,149.7100067138672,151.02000427246094,15053900.0
2025-07-23,152.27999877929688,153.80999755859375,152.0399932861328,153.72999572753906,14747300.0
2025-07-24,153.57000732421875,154.58999633789062,153.0500030517578,153.47000122070312,11695600.0
2025-07-25,153.94000244140625,155.05999755859375,153.36000061035156,154.99000549316406,9376600.0
2025-07-28,155.07000732421875,155.14999389648438,154.07000732421875,154.50999450683594,9214700.0
2025-07-29,154.5500030517578,154.60000610351562,152.24000549316406,152.75,13546500.0
2025-07-30,152.5399932861328,152.83999633789062,151.2899932861328,152.0,13795300.0
2025-07-31,151.50999450683594,153.07000732421875,151.50999450683594,152.00999450683594,16520400.0
2025-08-01,149.9499969482422,150.35000610351562,148.1300048828125,149.74000549316406,19191700.0
2025-08-04,150.25999450683594,151.25999450683594,150.1199951171875,151.1199951171875,11355600.0
2025-08-05,150.88999938964844,151.60000610351562,149.77999877929688,150.80999755859375,12724800.0
2025-08-06,150.9499969482422,151.25,149.80999755859375,150.92999267578125,10736700.0
2025-08-07,151.77999877929688,151.83999633789062,149.7899932861328,150.7100067138672,11095100.0
2025-08-08,151.14999389648438,151.7899932861328,150.44000244140625,150.8300018310547,9124700.0
2025-08-11,150.85000610351562,150.94000244140625,149.97999572753906,150.33999633789062,9643500.0
2025-08-12,150.97000122070312,151.9600067138672,150.67999267578125,151.89999389648438,9518300.0
2025-08-13,152.3300018310547,152.57000732421875,150.74000549316406,152.47999572753906,12786800.0
2025-08-14,151.4499969482422,151.89999389648438,150.85000610351562,151.1300048828125,9516400.0
2025-08-15,150.97999572753906,151.25999450683594,150.3300018310547,150.44000244140625,8796000.0
2025-08-18,150.4499969482422,151.19000244140625,150.3000030517578,151.02999877929688,7342100.0
2025-08-19,151.1999969482422,152.3000030517578,150.75,151.36000061035156,9035200.0
2025-08-20,151.1999969482422,151.57000732421875,150.27000427246094,151.22000122070312,9549500.0
2025-08-21,151.0,151.38999938964844,150.4199981689453,150.67999267578125,7679600.0
2025-08-22,151.5,154.1999969482422,151.4499969482422,153.13999938964844,9298800.0
2025-08-25,152.8800048828125,153.38999938964844,151.58999633789062,151.61000061035156,6869000.0
2025-08-26,151.6699981689453,153.32000732421875,151.61000061035156,153.1699981689453,6927500.0
2025-08-27,153.10000610351562,153.39999389648438,152.85000610351562,153.14999389648438,5876400.0
2025-08-28,153.64999389648438,153.75,152.83999633789062,153.4199981689453,7166700.0
2025-08-29,153.19000244140625,153.30999755859375,151.41000366210938,152.00999450683594,8806100.0
2025-09-02,150.4199981689453,150.72000122070312,149.61000061035156,150.55999755859375,9798600.0
2025-09-03,150.52000427246094,150.6199951171875,149.10000610351562,149.8000030517578,12036200.0
2025-09-04,150.0800018310547,151.52000427246094,149.67999267578125,151.49000549316406,10148800.0
2025-09-05,151.75,152.0800018310547,149.39999389648438,150.92999267578125,16781000.0
2025-09-08,151.1300048828125,151.5399932861328,150.11000061035156,151.27000427246094,11647200.0
2025-09-09,151.0,151.00999450683594,149.32000732421875,150.25,12179400.0
2025-09-10,150.5,151.83999633789062,150.47000122070312,151.36000061035156,16515000.0
2025-09-11,151.44000244140625,153.27000427246094,151.22000122070312,152.8000030517578,17820600.0
2025-09-12,152.47999572753906,152.83999633789062,151.49000549316406,151.5800018310547,8907500.0
2025-09-15,151.92999267578125,152.67999267578125,151.6999969482422,152.27999877929688,9412900.0
2025-09-16,152.50999450683594,152.67999267578125,151.33999633789062,151.8300018310547,10336100.0
2025-09-17,151.88999938964844,152.6999969482422,150.14999389648438,151.13999938964844,12549500.0
2025-09-18,151.50999450683594,153.10000610351562,151.19000244140625,152.75,13071800.0
2025-09-19,153.25,153.4600067138672,151.91000366210938,153.1199951171875,8778300.0
2025-09-22,152.0,153.24000549316406,151.69000244140625,153.0,5688500.0
2025-09-23,153.35000610351562,154.25999450683594,152.42999267578125,153.0399932861328,8589300.0
2025-09-24,153.3699951171875,153.6999969482422,152.22000122070312,152.25,5938400.0
2025-09-25,151.74000549316406,151.77000427246094,150.6199951171875,151.22000122070312,7145800.0
2025-09-26,152.05999755859375,153.2100067138672,152.02000427246094,152.5800018310547,6958900.0
2025-09-29,153.77000427246094,153.9199981689453,152.52999877929688,153.0500030517578,7177600.0
2025-09-30,152.8699951171875,154.3800048828125,152.83999633789062,154.22999572753906,8211200.0
2025-10-01,153.47999572753906,154.11000061035156,153.11000061035156,153.8000030517578,8753400.0
2025-10-02,153.9600067138672,154.8000030517578,153.27999877929688,154.1999969482422,8495400.0
2025-10-03,154.41000366210938,155.41000366210938,153.94000244140625,154.41000366210938,7430000.0
2025-10-06,154.91000366210938,155.44000244140625,154.1699981689453,155.1300048828125,6861000.0
2025-10-07,155.36000061035156,155.77000427246094,153.89999389648438,154.25,11204100.0
2025-10-08,154.63999938964844,155.82000732421875,153.9600067138672,155.58999633789062,9686000.0
2025-10-09,155.75,155.94000244140625,153.07000732421875,153.2899932861328,9751200.0
2025-10-10,153.6999969482422,154.1999969482422,149.88999938964844,149.89999389648438,24285300.0
2025-10-13,151.0,152.0399932861328,150.69000244140625,151.4600067138672,11014200.0
2025-10-14,150.0800018310547,153.92999267578125,149.97999572753906,153.24000549316406,11015600.0
2025-10-15,153.7899932861328,154.64999389648438,151.25999450683594,152.60000610351562,10338300.0
2025-10-16,153.0500030517578,153.30999755859375,150.83999633789062,151.60000610351562,13796400.0
2025-10-17,151.44000244140625,152.35000610351562,150.99000549316406,151.72999572753906,10806300.0
2025-10-20,152.5399932861328,153.85000610351562,152.47999572753906,153.52000427246094,8192600.0
2025-10-21,153.82000732421875,155.64999389648438,153.72000122070312,154.8800048828125,11589400.0
2025-10-22,155.22000122070312,155.4600067138672,152.41000366210938,152.8699951171875,13612300.0
2025-10-23,153.1999969482422,155.00999450683594,153.1999969482422,154.77999877929688,8035200.0
2025-10-24,156.0,156.0399932861328,154.83999633789062,154.91000366210938,7502400.0
2025-10-27,155.97000122070312,156.0500030517578,155.08999633789062,155.7899932861328,5828900.0
2025-10-28,155.89999389648438,156.2899932861328,154.66000366210938,154.67999267578125,9022200.0
2025-10-29,154.8000030517578,156.27000427246094,154.35000610351562,155.0800018310547,16439600.0
2025-10-30,154.49000549316406,156.99000549316406,154.30999755859375,154.69000244140625,11840000.0
2025-10-31,154.5,155.6300048828125,154.2899932861328,155.05999755859375,10414800.0
2025-11-03,155.0500030517578,155.0500030517578,153.25,154.39999389648438,9797400.0
2025-11-04,152.75999450683594,153.0,151.80999755859375,152.61000061035156,13391600.0
2025-11-05,152.2100067138672,154.0399932861328,152.02999877929688,153.1999969482422,11121900.0
2025-11-06,153.25,153.77000427246094,152.2100067138672,152.58999633789062,11735400.0
2025-11-07,152.02999877929688,153.5500030517578,151.13999938964844,153.3300018310547,13518600.0
2025-11-10,154.0,154.6300048828125,152.52999877929688,154.1999969482422,10900400.0
2025-11-11,154.2100067138672,154.69000244140625,153.35000610351562,154.24000549316406,8652400.0
2025-11-12,154.52000427246094,155.5399932861328,154.2899932861328,154.38999938964844,9583300.0
2025-11-13,154.32000732421875,154.8300018310547,151.67999267578125,152.0,15475400.0
2025-11-14,151.14999389648438,152.8800048828125,150.7899932861328,152.00999450683594,13433100.0
2025-11-17,152.00999450683594,152.2899932861328,149.8800048828125,150.52000427246094,15294100.0
2025-11-18,149.86000061035156,150.75999450683594,149.10000610351562,149.85000610351562,19820200.0
2025-11-19,150.0,150.86000061035156,149.60000610351562,150.35000610351562,12575500.0
2025-11-20,152.35000610351562,152.72000122070312,147.72000122070312,147.8300018310547,27790800.0
2025-11-21,148.47999572753906,150.2899932861328,147.13999938964844,149.6300048828125,20982900.0
2025-11-24,149.82000732421875,150.61000061035156,148.92999267578125,150.0,12658900.0
2025-11-25,150.36000061035156,152.17999267578125,149.30999755859375,151.9199981689453,13636100.0
2025-11-26,152.02999877929688,153.57000732421875,151.89999389648438,152.8000030517578,10206200.0
2025-11-28,153.05999755859375,153.86000061035156,152.77000427246094,153.69000244140625,3507600.0
2025-12-01,152.5399932861328,153.00999450683594,151.3699951171875,151.44000244140625,10704600.0
2025-12-02,152.24000549316406,153.2100067138672,151.69000244140625,152.75999450683594,9712300.0
2025-12-03,152.94000244140625,154.25,152.5500030517578,154.2100067138672,9128800.0
2025-12-04,154.2899932861328,155.47000122070312,154.11000061035156,155.00999450683594,9249400.0
2025-12-05,155.02999877929688,155.3300018310547,154.11000061035156,154.5800018310547,8228800.0
2025-12-08,154.77000427246094,155.00999450683594,154.02000427246094,154.38999938964844,6721600.0
2025-12-09,154.0,155.02000427246094,153.19000244140625,153.25999450683594,7375100.0
2025-12-10,154.0800018310547,156.72000122070312,153.83999633789062,156.05999755859375,13463300.0
2025-12-11,155.89999389648438,157.8800048828125,155.75999450683594,157.72999572753906,9999300.0
2025-12-12,158.22000122070312,158.4600067138672,156.25999450683594,156.74000549316406,12062900.0
2025-12-15,157.5800018310547,157.74000549316406,156.61000061035156,156.99000549316406,10889500.0
2025-12-16,156.85000610351562,157.2899932861328,155.41000366210938,156.05999755859375,10277500.0
2025-12-17,155.77000427246094,156.4499969482422,153.3699951171875,153.52999877929688,11612500.0
2025-12-18,154.88999938964844,155.77999877929688,154.05999755859375,154.52999877929688,10021200.0
2025-12-19,154.69000244140625,156.1199951171875,154.58999633789062,155.86000061035156,6957800.0
2025-12-22,156.07000732421875,157.17999267578125,155.7100067138672,157.0500030517578,5369000.0
2025-12-23,157.02000427246094,157.3699951171875,156.67999267578125,156.99000549316406,5044600.0
2025-12-24,156.99000549316406,157.69000244140625,156.8000030517578,157.5,2238500.0
2025-12-26,157.36000061035156,157.4199981689453,156.7899932861328,157.2100067138672,4155300.0
2025-12-29,156.91000366210938,157.57000732421875,156.52999877929688,156.8699951171875,4455400.0
2025-12-30,156.88999938964844,157.07000732421875,156.38999938964844,156.4199981689453,3810500.0
2025-12-31,156.49000549316406,156.55999755859375,155.05999755859375,155.1199951171875,3691800.0
2026-01-02,155.6199951171875,158.00999450683594,154.97999572753906,157.97999572753906,10122900.0
2026-01-05,158.3000030517578,160.57000732421875,158.3000030517578,159.85000610351562,16194200.0
2026-01-06,159.44000244140625,162.16000366210938,159.17999267578125,162.02000427246094,12757200.0
2026-01-07,162.49000549316406,162.60000610351562,158.8699951171875,158.97000122070312,12333000.0
2026-01-08,160.02000427246094,161.36000061035156,159.75999450683594,160.1699981689453,11555400.0
2026-01-09,160.6300048828125,162.22000122070312,160.6300048828125,161.92999267578125,9439600.0
2026-01-12,161.6300048828125,163.25,161.3699951171875,163.1699981689453,7420500.0
2026-01-13,163.8800048828125,164.5399932861328,163.4199981689453,164.00999450683594,9580400.0
2026-01-14,163.77999877929688,164.3000030517578,162.80999755859375,164.27000427246094,10727100.0
2026-01-15,165.07000732421875,166.0500030517578,164.99000549316406,165.77999877929688,9197400.0
2026-01-16,166.39999389648438,167.1999969482422,166.1199951171875,166.89999389648438,13483100.0
2026-01-20,164.75999450683594,165.7100067138672,163.17999267578125,163.52999877929688,14435200.0
2026-01-21,164.3800048828125,167.00999450683594,164.1699981689453,166.36000061035156,14068600.0
2026-01-22,166.55999755859375,167.00999450683594,165.19000244140625,165.5,9937200.0
2026-01-23,165.5,165.82000732421875,163.7100067138672,164.22000122070312,11673600.0
2026-01-26,164.22000122070312,164.6699981689453,163.85000610351562,164.3800048828125,8231500.0
2026-01-27,164.66000366210938,165.3800048828125,163.7100067138672,165.05999755859375,9439300.0
2026-01-28,164.4199981689453,165.27999877929688,163.52000427246094,164.13999938964844,10144900.0
2026-01-29,165.25,166.91000366210938,164.0500030517578,165.86000061035156,16332500.0
2026-01-30,164.66000366210938,166.30999755859375,163.72999572753906,165.44000244140625,11612500.0
2026-02-02,165.22000122070312,167.6199951171875,165.05999755859375,167.52999877929688,11466600.0
2026-02-03,167.52999877929688,169.8000030517578,166.9199981689453,168.94000244140625,16444000.0
2026-02-04,169.97999572753906,170.77000427246094,167.85000610351562,169.38999938964844,21338400.0
2026-02-05,168.25,169.32000732421875,167.4499969482422,168.3699951171875,18699300.0
2026-02-06,169.88999938964844,173.38999938964844,169.80999755859375,173.17999267578125,11992100.0
2026-02-09,172.80999755859375,174.1300048828125,172.63999938964844,173.6999969482422,9472200.0
2026-02-10,173.7100067138672,174.85000610351562,173.42999267578125,173.91000366210938,8820200.0
2026-02-11,175.4199981689453,176.75,174.0800018310547,174.83999633789062,12551900.0
2026-02-12,175.77999877929688,177.75999450683594,172.4499969482422,172.75,18157000.0
2026-02-13,173.10000610351562,175.30999755859375,172.63999938964844,174.1699981689453,13617900.0
2026-02-17,173.9199981689453,175.97000122070312,173.39999389648438,175.0800018310547,13810800.0
2026-02-18,175.3800048828125,176.0,174.3800048828125,175.0399932861328,10623800.0
2026-02-19,175.05999755859375,176.94000244140625,174.75,176.33999633789062,13431100.0
2026-02-20,176.1300048828125,178.22000122070312,175.61000061035156,177.22999572753906,13104100.0
2026-02-23,176.41000366210938,176.9199981689453,174.35000610351562,174.8300018310547,10566600.0
2026-02-24,174.5800018310547,177.22000122070312,174.3699951171875,176.97999572753906,9756500.0
2026-02-25,177.55999755859375,177.75999450683594,174.44000244140625,175.60000610351562,11757700.0
2026-02-26,176.13999938964844,176.97000122070312,173.91000366210938,176.6999969482422,13764500.0
2026-02-27,175.3699951171875,177.22999572753906,175.02999877929688,177.13999938964844,9692600.0
2026-03-02,176.5,179.30999755859375,175.66000366210938,178.89999389648438,21918000.0
2026-03-03,176.02000427246094,176.19000244140625,172.6699981689453,175.44000244140625,20481300.0
2026-03-04,176.3300018310547,176.92999267578125,174.69000244140625,175.97000122070312,13604000.0
2026-03-05,174.80999755859375,175.24000549316406,170.2100067138672,172.05999755859375,21308200.0
2026-03-06,169.75999450683594,170.66000366210938,168.25999450683594,169.94000244140625,22680300.0
2026-03-09,168.13999938964844,171.39999389648438,166.1699981689453,170.94000244140625,19492500.0
2026-03-10,170.6699981689453,172.3800048828125,169.82000732421875,170.02000427246094,16791100.0
2026-03-11,169.72999572753906,170.32000732421875,168.3699951171875,169.49000549316406,14287600.0
2026-03-12,167.97999572753906,168.1199951171875,165.16000366210938,165.24000549316406,15925600.0
2026-03-13,166.2899932861328,166.82000732421875,163.72999572753906,164.64999389648438,15836200.0
2026-03-16,166.1699981689453,167.13999938964844,165.33999633789062,166.05999755859375,11091300.0
2026-03-17,167.22000122070312,167.55999755859375,165.0500030517578,166.5,12772600.0
2026-03-18,166.1699981689453,167.1699981689453,165.05999755859375,165.17999267578125,11872400.0
2026-03-19,163.4600067138672,164.99000549316406,162.25,164.05999755859375,17989900.0
2026-03-20,164.02000427246094,164.64999389648438,160.30999755859375,161.6699981689453,19199200.0
2026-03-23,164.10000610351562,166.17999267578125,163.02000427246094,163.0500030517578,18508400.0
2026-03-24,161.3699951171875,164.55999755859375,161.13999938964844,164.0,14110200.0
2026-03-25,165.86000061035156,166.32000732421875,164.32000732421875,165.10000610351562,12205600.0
2026-03-26,163.72999572753906,164.61000061035156,161.08999633789062,161.27000427246094,15416400.0
2026-03-27,160.58999633789062,161.2899932861328,158.85000610351562,159.1999969482422,13923700.0
2026-03-30,160.5500030517578,160.74000549316406,156.0800018310547,156.61000061035156,17459600.0
2026-03-31,158.6999969482422,162.24000549316406,158.0500030517578,161.72999572753906,15855900.0
2026-04-01,163.49000549316406,165.77000427246094,163.27000427246094,164.42999267578125,17035300.0
2026-04-02,161.72000122070312,165.74000549316406,161.13999938964844,163.77000427246094,11097200.0
2026-04-06,163.5399932861328,164.63999938964844,162.77000427246094,164.61000061035156,7105500.0
2026-04-07,163.64999389648438,164.67999267578125,162.8000030517578,164.27999877929688,10068200.0
2026-04-08,169.60000610351562,171.05999755859375,169.11000061035156,170.44000244140625,12808600.0
2026-04-09,169.8800048828125,173.16000366210938,169.8000030517578,172.19000244140625,8180000.0
2026-04-10,172.49000549316406,172.6999969482422,171.2100067138672,171.52000427246094,5169700.0
2026-04-13,170.99000549316406,172.77999877929688,170.61000061035156,172.72999572753906,6814100.0
2026-04-14,173.1300048828125,174.0399932861328,172.02999877929688,173.35000610351562,5490700.0
2026-04-15,173.11000061035156,173.14999389648438,170.0800018310547,171.17999267578125,13548300.0
2026-04-16,171.25,172.05999755859375,169.52000427246094,170.3300018310547,8629200.0
2026-04-17,172.24000549316406,175.1300048828125,172.13999938964844,173.50999450683594,9529000.0
2026-04-20,173.1300048828125,173.97999572753906,172.55999755859375,173.89999389648438,5734900.0
2026-04-21,173.52999877929688,174.69000244140625,170.92999267578125,171.44000244140625,8752700.0
2026-04-22,173.30999755859375,173.9199981689453,170.3300018310547,171.0399932861328,10595400.0
2026-04-23,171.8300018310547,174.7899932861328,171.60000610351562,174.07000732421875,14418800.0
2026-04-24,173.97000122070312,174.17999267578125,171.9600067138672,172.47000122070312,7665200.0
2026-04-27,172.50999450683594,173.50999450683594,171.52000427246094,172.50999450683594,6689500.0
2026-04-28,171.67999267578125,171.86000061035156,169.5399932861328,170.97999572753906,9000000.0
2026-04-29,171.25,171.7100067138672,169.22999572753906,169.92999267578125,9059900.0
2026-04-30,171.49000549316406,174.82000732421875,171.13999938964844,174.5800018310547,12012100.0
2026-05-01,175.22999572753906,175.42999267578125,172.94000244140625,172.9600067138672,6800700.0
2026-05-04,172.5,173.2100067138672,170.66000366210938,170.97999572753906,7618500.0
2026-05-05,172.14999389648438,173.05999755859375,171.1999969482422,172.41000366210938,6189400.0
2026-05-06,175.27999877929688,177.33999633789062,174.25,176.8699951171875,10461300.0
2026-05-07,177.44000244140625,177.72000122070312,173.42999267578125,174.0,10627700.0
2026-05-08,175.14999389648438,175.32000732421875,173.08999633789062,173.1999969482422,5883800.0
2026-05-11,173.24000549316406,175.5500030517578,172.8800048828125,175.0399932861328,6277200.0
2026-05-12,174.42999267578125,174.7899932861328,172.13999938964844,174.35000610351562,7468700.0
2026-05-13,174.24000549316406,174.61000061035156,172.52000427246094,173.6199951171875,6070600.0
2026-05-14,174.1699981689453,174.72999572753906,172.83999633789062,174.50999450683594,7364000.0
2026-05-15,172.8000030517578,172.8000030517578,170.92999267578125,171.39999389648438,7826300.0
2026-05-18,171.55999755859375,171.57000732421875,169.5,170.75,8696000.0
2026-05-19,169.6300048828125,170.17999267578125,168.11000061035156,168.74000549316406,7503400.0
2026-05-20,169.22999572753906,171.47999572753906,168.3699951171875,170.72999572753906,10524700.0
2026-05-21,169.80999755859375,171.3000030517578,168.91000366210938,170.52999877929688,8535000.0
2026-05-22,171.75,172.8800048828125,170.4199981689453,171.77000427246094,6910500.0
2026-05-26,173.19000244140625,174.77999877929688,172.8699951171875,174.3000030517578,6797700.0
2026-05-27,174.5399932861328,174.86000061035156,173.47000122070312,174.3000030517578,7413200.0
2026-05-28,173.49000549316406,174.7100067138672,172.05999755859375,173.8000030517578,8669000.0
2026-05-29,173.57000732421875,173.8800048828125,172.3699951171875,173.1300048828125,7054700.0
2026-06-01,171.58999633789062,172.86000061035156,170.38999938964844,172.39999389648438,8235000.0
2026-06-02,172.94000244140625,174.5,172.3699951171875,174.19000244140625,8663800.0
2026-06-03,173.72999572753906,176.10000610351562,173.5500030517578,174.0500030517578,6900600.0
2026-06-04,174.92999267578125,176.47999572753906,174.27999877929688,176.16000366210938,6670100.0
2026-06-05,175.61000061035156,176.3699951171875,173.47999572753906,174.17999267578125,8893400.0
2026-06-08,174.9199981689453,175.3300018310547,173.27000427246094,173.6300048828125,5372100.0
2026-06-09,174.3699951171875,176.58999633789062,171.72999572753906,175.60000610351562,9457400.0
2026-06-10,174.57000732421875,174.5800018310547,169.4499969482422,169.66000366210938,13851900.0
2026-06-11,171.27999877929688,175.67999267578125,170.99000549316406,175.14999389648438,11046100.0
2026-06-12,176.02000427246094,176.61000061035156,174.6300048828125,176.17999267578125,6961600.0
2026-06-15,178.8000030517578,179.97999572753906,178.50999450683594,178.67999267578125,7522100.0
2026-06-16,179.5800018310547,181.10000610351562,179.30999755859375,179.85000610351562,8978400.0
2026-06-17,179.97000122070312,182.3300018310547,179.1300048828125,179.60000610351562,11053200.0
2026-06-18,182.5,182.9199981689453,180.4499969482422,180.91000366210938,8059200.0
2026-06-22,180.77999877929688,182.27999877929688,180.69000244140625,181.8000030517578,6669200.0
2026-06-23,179.16000366210938,180.00999450683594,177.22999572753906,178.14999389648438,8927400.0
2026-06-24,179.07000732421875,181.88999938964844,178.33999633789062,180.2100067138672,7088600.0
2026-06-25,182.24000549316406,186.08999633789062,182.05999755859375,184.1199951171875,7867600.0
2026-06-26,182.63999938964844,183.07000732421875,180.91000366210938,181.1999969482422,8856200.0
2026-06-29,181.50999450683594,183.5800018310547,181.35000610351562,182.75999450683594,7860500.0
2026-06-30,183.32000732421875,185.4499969482422,182.6999969482422,185.22999572753906,6530900.0
2026-07-01,184.3699951171875,185.64999389648438,182.72000122070312,183.36000061035156,8112800.0
2026-07-02,184.7100067138672,185.47999572753906,181.91000366210938,183.91000366210938,6530800.0
2026-07-06,184.6999969482422,186.4499969482422,184.6999969482422,185.55999755859375,6701800.0
2026-07-07,184.5399932861328,184.9199981689453,180.66000366210938,182.3800048828125,7721500.0
2026-07-08,180.75999450683594,181.88999938964844,179.0800018310547,180.4199981689453,7333300.0
2026-07-09,182.42999267578125,182.75,180.72999572753906,181.11000061035156,5381900.0
2026-07-10,181.14999389648438,182.5800018310547,180.16000366210938,181.9199981689453,5315600.0
2026-07-13,181.52000427246094,182.17999267578125,179.8000030517578,180.3699951171875,5384700.0
2026-07-14,181.6699981689453,182.50999450683594,179.86000061035156,180.4499969482422,6672800.0
2026-07-15,180.77999877929688,181.02000427246094,177.77999877929688,180.05999755859375,7491300.0
2026-07-16,178.7899932861328,180.55999755859375,178.5500030517578,180.14999389648438,6093200.0
2026-07-17,178.25999450683594,181.4600067138672,177.60000610351562,179.41000366210938,8061700.0
2026-07-20,180.61000061035156,181.27000427246094,177.58999633789062,178.1199951171875,6044600.0
2026-07-21,179.50999450683594,179.94000244140625,177.75999450683594,178.66000366210938,4836000.0
2026-07-22,178.1999969482422,179.83999633789062,178.13999938964844,178.85000610351562,4350100.0
