Date,Open,High,Low,Close,Volume
2018-07-23,52.7599983215332,52.88999938964844,52.369998931884766,52.529998779296875,13337200.0
2018-07-24,52.40999984741211,52.72999954223633,52.31999969482422,52.630001068115234,15987700.0
2018-07-25,52.70000076293945,53.06999969482422,52.59000015258789,53.029998779296875,15258400.0
2018-07-26,53.2400016784668,53.7599983215332,53.16999816894531,53.310001373291016,15129400.0
2018-07-27,53.279998779296875,53.63999938964844,53.189998626708984,53.380001068115234,13414400.0
2018-07-30,53.2400016784668,53.45000076293945,53.0,53.31999969482422,12143900.0
2018-07-31,53.4900016784668,53.7599983215332,53.18000030517578,53.56999969482422,17898400.0
2018-08-01,53.40999984741211,53.5,53.029998779296875,53.119998931884766,14917600.0
2018-08-02,53.029998779296875,53.72999954223633,53.0,53.65999984741211,15902900.0
2018-08-03,53.790000915527344,54.54999923706055,53.75,54.290000915527344,20418500.0
2018-08-06,54.31999969482422,54.5099983215332,54.220001220703125,54.34000015258789,13412100.0
2018-08-07,54.290000915527344,54.36000061035156,53.81999969482422,54.0099983215332,13766100.0
2018-08-08,53.97999954223633,54.02000045776367,53.58000183105469,53.599998474121094,12591800.0
2018-08-09,53.61000061035156,53.70000076293945,53.369998931884766,53.439998626708984,8047000.0
2018-08-10,53.279998779296875,53.459999084472656,53.130001068115234,53.2400016784668,13459200.0
2018-08-13,53.33000183105469,53.439998626708984,53.0,53.2400016784668,8696600.0
2018-08-14,53.310001373291016,53.65999984741211,53.279998779296875,53.61000061035156,8882500.0
2018-08-15,53.45000076293945,53.869998931884766,53.150001525878906,53.83000183105469,15592600.0
2018-08-16,54.380001068115234,54.7599983215332,54.29999923706055,54.599998474121094,15526100.0
2018-08-17,54.54999923706055,55.08000183105469,54.439998626708984,55.02000045776367,13037600.0
2018-08-20,55.09000015258789,55.310001373291016,54.93000030517578,54.9900016784668,10189600.0
2018-08-21,54.970001220703125,55.04999923706055,54.38999938964844,54.599998474121094,13806200.0
2018-08-22,54.54999923706055,54.65999984741211,54.189998626708984,54.2599983215332,13573900.0
2018-08-23,54.099998474121094,54.2599983215332,53.970001220703125,54.130001068115234,10714300.0
2018-08-24,54.099998474121094,54.209999084472656,53.900001525878906,54.060001373291016,9570500.0
2018-08-27,54.150001525878906,54.31999969482422,53.880001068115234,54.09000015258789,10631600.0
2018-08-28,54.08000183105469,54.2400016784668,53.83000183105469,53.90999984741211,12621500.0
2018-08-29,53.9900016784668,54.06999969482422,53.849998474121094,53.970001220703125,8681000.0
2018-08-30,53.88999938964844,54.06999969482422,53.689998626708984,53.79999923706055,11092500.0
2018-08-31,53.79999923706055,53.970001220703125,53.560001373291016,53.779998779296875,10472900.0
2018-09-04,53.709999084472656,53.939998626708984,53.560001373291016,53.709999084472656,9571100.0
2018-09-05,53.54999923706055,54.33000183105469,53.4900016784668,54.33000183105469,14723800.0
2018-09-06,54.310001373291016,54.5099983215332,54.130001068115234,54.47999954223633,12333800.0
2018-09-07,54.310001373291016,54.40999984741211,53.9900016784668,54.369998931884766,9247300.0
2018-09-10,54.5,54.880001068115234,54.5,54.560001373291016,8361600.0
2018-09-11,54.4900016784668,54.54999923706055,54.2400016784668,54.36000061035156,8121600.0
2018-09-12,54.36000061035156,55.11000061035156,54.33000183105469,54.9900016784668,15220000.0
2018-09-13,55.0099983215332,55.029998779296875,54.599998474121094,54.90999984741211,9746500.0
2018-09-14,54.86000061035156,54.869998931884766,54.47999954223633,54.7599983215332,8925200.0
2018-09-17,54.720001220703125,54.97999954223633,54.599998474121094,54.959999084472656,10279600.0
2018-09-18,54.90999984741211,54.93000030517578,54.5099983215332,54.72999954223633,15638500.0
2018-09-19,54.68000030517578,54.90999984741211,54.54999923706055,54.630001068115234,7791600.0
2018-09-20,54.779998779296875,55.33000183105469,54.779998779296875,55.31999969482422,11817800.0
2018-09-21,55.02000045776367,55.11000061035156,54.90999984741211,55.02000045776367,10307900.0
2018-09-24,54.83000183105469,54.95000076293945,54.13999938964844,54.18000030517578,10648700.0
2018-09-25,54.34000015258789,54.459999084472656,53.83000183105469,53.86000061035156,8348300.0
2018-09-26,54.02000045776367,54.33000183105469,53.849998474121094,53.91999816894531,10369900.0
2018-09-27,53.7400016784668,54.20000076293945,53.59000015258789,53.849998474121094,8892800.0
2018-09-28,53.790000915527344,54.0,53.7400016784668,53.93000030517578,9249700.0
2018-10-01,54.0099983215332,54.09000015258789,53.83000183105469,53.88999938964844,8725500.0
2018-10-02,53.86000061035156,54.31999969482422,53.72999954223633,54.20000076293945,9592400.0
2018-10-03,54.31999969482422,54.380001068115234,53.54999923706055,53.619998931884766,15192700.0
2018-10-04,53.470001220703125,53.56999969482422,53.09000015258789,53.4900016784668,19964000.0
2018-10-05,53.380001068115234,53.650001525878906,53.36000061035156,53.439998626708984,13903100.0
2018-10-08,53.38999938964844,54.25,53.38999938964844,54.18000030517578,14908300.0
2018-10-09,54.20000076293945,54.31999969482422,53.93000030517578,54.060001373291016,13477200.0
2018-10-10,53.880001068115234,54.290000915527344,53.31999969482422,53.40999984741211,26121600.0
2018-10-11,53.2599983215332,53.540000915527344,51.91999816894531,52.09000015258789,44523200.0
2018-10-12,52.310001373291016,52.560001373291016,51.91999816894531,52.380001068115234,26263000.0
2018-10-15,52.22999954223633,53.08000183105469,52.22999954223633,52.70000076293945,15892000.0
2018-10-16,52.83000183105469,53.369998931884766,52.63999938964844,53.290000915527344,15468600.0
2018-10-17,53.2400016784668,53.65999984741211,53.04999923706055,53.540000915527344,15837800.0
2018-10-18,53.599998474121094,54.08000183105469,53.29999923706055,53.470001220703125,19370300.0
2018-10-19,54.08000183105469,54.849998474121094,54.08000183105469,54.689998626708984,28312300.0
2018-10-22,54.790000915527344,54.86000061035156,54.130001068115234,54.279998779296875,16645700.0
2018-10-23,53.959999084472656,54.65999984741211,53.650001525878906,54.52000045776367,30466600.0
2018-10-24,54.560001373291016,55.52000045776367,54.400001525878906,54.75,36761900.0
2018-10-25,54.619998931884766,55.08000183105469,54.150001525878906,54.880001068115234,30018200.0
2018-10-26,54.5,54.650001525878906,53.59000015258789,53.83000183105469,39310600.0
2018-10-29,54.20000076293945,54.83000183105469,53.95000076293945,54.45000076293945,31687500.0
2018-10-30,54.81999969482422,55.58000183105469,54.68000030517578,55.529998779296875,33148100.0
2018-10-31,55.52000045776367,55.52000045776367,54.56999969482422,55.0099983215332,30135100.0
2018-11-01,55.130001068115234,55.56999969482422,54.849998474121094,55.400001525878906,22589800.0
2018-11-02,55.400001525878906,55.470001220703125,54.630001068115234,55.11000061035156,28704100.0
2018-11-05,55.20000076293945,55.95000076293945,55.119998931884766,55.79999923706055,19972200.0
2018-11-06,55.790000915527344,56.15999984741211,55.599998474121094,56.13999938964844,15626500.0
2018-11-07,56.369998931884766,56.47999954223633,55.869998931884766,56.459999084472656,15067100.0
2018-11-08,56.18000030517578,56.58000183105469,56.16999816894531,56.4900016784668,12890200.0
2018-11-09,56.470001220703125,57.0,56.470001220703125,56.81999969482422,18510900.0
2018-11-12,56.65999984741211,56.97999954223633,56.40999984741211,56.52000045776367,15950700.0
2018-11-13,56.54999923706055,56.7599983215332,56.119998931884766,56.38999938964844,23146500.0
2018-11-14,56.4900016784668,56.4900016784668,55.7400016784668,56.0099983215332,17577600.0
2018-11-15,55.81999969482422,55.91999816894531,55.38999938964844,55.91999816894531,25604700.0
2018-11-16,55.88999938964844,56.279998779296875,55.689998626708984,56.060001373291016,15212800.0
2018-11-19,56.08000183105469,56.38999938964844,55.7400016784668,55.970001220703125,16727200.0
2018-11-20,55.79999923706055,56.08000183105469,54.88999938964844,55.040000915527344,33023200.0
2018-11-21,55.0099983215332,55.13999938964844,54.47999954223633,54.599998474121094,16604400.0
2018-11-23,54.54999923706055,55.029998779296875,54.41999816894531,54.790000915527344,8700800.0
2018-11-26,54.869998931884766,55.13999938964844,54.59000015258789,54.86000061035156,13125400.0
2018-11-27,54.77000045776367,55.369998931884766,54.7400016784668,55.349998474121094,15954400.0
2018-11-28,55.2599983215332,55.81999969482422,55.09000015258789,55.810001373291016,21973700.0
2018-11-29,55.720001220703125,56.06999969482422,55.650001525878906,55.900001525878906,13285000.0
2018-11-30,55.88999938964844,56.400001525878906,55.75,56.2599983215332,16551900.0
2018-12-03,56.459999084472656,56.459999084472656,55.72999954223633,56.310001373291016,20855900.0
2018-12-04,56.40999984741211,56.619998931884766,55.33000183105469,55.36000061035156,27634900.0
2018-12-06,55.18000030517578,55.439998626708984,54.25,55.41999816894531,32514000.0
2018-12-07,55.369998931884766,55.56999969482422,54.47999954223633,54.720001220703125,23139500.0
2018-12-10,55.029998779296875,55.029998779296875,53.880001068115234,54.720001220703125,44469000.0
2018-12-11,55.099998474121094,55.56999969482422,54.869998931884766,55.16999816894531,25677400.0
2018-12-12,55.5099983215332,55.68000030517578,55.06999969482422,55.099998474121094,18735200.0
2018-12-13,55.16999816894531,55.619998931884766,55.099998474121094,55.439998626708984,16987800.0
2018-12-14,55.09000015258789,55.15999984741211,54.369998931884766,54.5,20262700.0
2018-12-17,54.369998931884766,54.5,52.91999816894531,53.2400016784668,27324100.0
2018-12-18,53.380001068115234,53.4900016784668,52.310001373291016,52.61000061035156,27349700.0
2018-12-19,52.86000061035156,53.279998779296875,51.86000061035156,52.099998474121094,46289600.0
2018-12-20,51.869998931884766,51.88999938964844,50.68000030517578,51.16999816894531,43415000.0
2018-12-21,50.720001220703125,51.83000183105469,50.18000030517578,50.18000030517578,38484500.0
2018-12-24,50.04999923706055,50.220001220703125,48.689998626708984,48.72999954223633,23086800.0
2018-12-26,48.83000183105469,50.09000015258789,48.33000183105469,50.09000015258789,26670600.0
2018-12-27,49.779998779296875,50.61000061035156,49.040000915527344,50.56999969482422,35926900.0
2018-12-28,50.939998626708984,51.150001525878906,50.369998931884766,50.56999969482422,24436600.0
2018-12-31,50.70000076293945,50.81999969482422,50.310001373291016,50.779998779296875,14959600.0
2019-01-02,50.2400016784668,50.63999938964844,49.95000076293945,50.47999954223633,20459000.0
2019-01-03,50.38999938964844,50.90999984741211,50.11000061035156,50.189998626708984,22074800.0
2019-01-04,50.52000045776367,51.2599983215332,50.40999984741211,51.2599983215332,19003300.0
2019-01-07,51.130001068115234,51.529998779296875,50.72999954223633,51.189998626708984,15143300.0
2019-01-08,51.4900016784668,51.790000915527344,51.2400016784668,51.65999984741211,28273800.0
2019-01-09,51.650001525878906,51.70000076293945,51.060001373291016,51.18000030517578,15684500.0
2019-01-10,51.08000183105469,51.56999969482422,50.939998626708984,51.47999954223633,32431700.0
2019-01-11,51.59000015258789,51.65999984741211,51.349998474121094,51.630001068115234,11732400.0
2019-01-14,51.5,51.61000061035156,51.29999923706055,51.380001068115234,7811500.0
2019-01-15,51.369998931884766,51.939998626708984,51.34000015258789,51.88999938964844,11447700.0
2019-01-16,51.869998931884766,51.869998931884766,51.41999816894531,51.61000061035156,13484700.0
2019-01-17,51.529998779296875,51.939998626708984,51.470001220703125,51.83000183105469,10196400.0
2019-01-18,52.130001068115234,52.61000061035156,52.06999969482422,52.45000076293945,11957600.0
2019-01-22,52.310001373291016,52.40999984741211,51.54999923706055,51.970001220703125,20877700.0
2019-01-23,52.369998931884766,52.7400016784668,52.119998931884766,52.59000015258789,23804700.0
2019-01-24,52.310001373291016,52.31999969482422,51.59000015258789,51.939998626708984,17727200.0
2019-01-25,52.099998474121094,52.310001373291016,51.65999984741211,51.72999954223633,12920300.0
2019-01-28,51.619998931884766,51.970001220703125,51.45000076293945,51.95000076293945,10996700.0
2019-01-29,52.04999923706055,52.18000030517578,51.84000015258789,52.06999969482422,11500400.0
2019-01-30,52.119998931884766,52.540000915527344,52.0,52.41999816894531,13934600.0
2019-01-31,52.43000030517578,53.529998779296875,52.310001373291016,53.38999938964844,17886500.0
2019-02-01,53.54999923706055,53.54999923706055,53.0,53.220001220703125,14423400.0
2019-02-04,53.209999084472656,53.560001373291016,53.11000061035156,53.560001373291016,13367500.0
2019-02-05,53.599998474121094,53.709999084472656,53.41999816894531,53.56999969482422,11296100.0
2019-02-06,53.41999816894531,53.66999816894531,53.41999816894531,53.58000183105469,19006100.0
2019-02-07,53.349998474121094,53.58000183105469,53.16999816894531,53.540000915527344,14519000.0
2019-02-08,53.43000030517578,53.790000915527344,53.22999954223633,53.790000915527344,11100100.0
2019-02-11,53.84000015258789,53.97999954223633,53.689998626708984,53.93000030517578,6876200.0
2019-02-12,54.040000915527344,54.5099983215332,53.959999084472656,54.349998474121094,11694100.0
2019-02-13,54.45000076293945,54.619998931884766,54.33000183105469,54.45000076293945,10809600.0
2019-02-14,53.880001068115234,54.08000183105469,53.54999923706055,53.84000015258789,11388500.0
2019-02-15,54.099998474121094,54.45000076293945,53.84000015258789,54.349998474121094,12635400.0
2019-02-19,54.47999954223633,54.84000015258789,54.36000061035156,54.630001068115234,19831700.0
2019-02-20,54.58000183105469,54.72999954223633,54.36000061035156,54.529998779296875,14478600.0
2019-02-21,54.439998626708984,54.810001373291016,54.279998779296875,54.689998626708984,11711800.0
2019-02-22,54.18000030517578,54.43000030517578,54.040000915527344,54.43000030517578,24758700.0
2019-02-25,54.540000915527344,54.70000076293945,54.060001373291016,54.130001068115234,15162600.0
2019-02-26,54.15999984741211,54.38999938964844,54.040000915527344,54.15999984741211,15114400.0
2019-02-27,54.040000915527344,54.15999984741211,53.86000061035156,54.08000183105469,10811600.0
2019-02-28,54.209999084472656,54.54999923706055,54.08000183105469,54.34000015258789,8469400.0
2019-03-01,54.5,54.52000045776367,53.849998474121094,54.2400016784668,10812200.0
2019-03-04,54.34000015258789,54.439998626708984,53.72999954223633,54.150001525878906,10113600.0
2019-03-05,54.13999938964844,54.290000915527344,54.0099983215332,54.11000061035156,10132400.0
2019-03-06,54.099998474121094,54.25,53.79999923706055,54.029998779296875,12001100.0
2019-03-07,53.939998626708984,54.029998779296875,53.56999969482422,53.68000030517578,14336100.0
2019-03-08,53.72999954223633,53.970001220703125,53.45000076293945,53.709999084472656,11909300.0
2019-03-11,53.79999923706055,54.45000076293945,53.79999923706055,54.40999984741211,10519200.0
2019-03-12,54.41999816894531,54.619998931884766,54.29999923706055,54.43000030517578,10841800.0
2019-03-13,54.470001220703125,54.95000076293945,54.43000030517578,54.7400016784668,11135300.0
2019-03-14,54.7599983215332,54.849998474121094,54.599998474121094,54.689998626708984,8449600.0
2019-03-15,54.58000183105469,54.849998474121094,54.470001220703125,54.70000076293945,21846900.0
2019-03-18,54.709999084472656,54.88999938964844,54.63999938964844,54.779998779296875,8103700.0
2019-03-19,54.900001525878906,55.02000045776367,54.540000915527344,54.7400016784668,13359400.0
2019-03-20,54.709999084472656,54.81999969482422,54.33000183105469,54.5099983215332,19832700.0
2019-03-21,54.40999984741211,55.22999954223633,54.40999984741211,55.150001525878906,12699200.0
2019-03-22,55.06999969482422,55.439998626708984,55.0,55.08000183105469,21007300.0
2019-03-25,54.97999954223633,55.33000183105469,54.849998474121094,55.189998626708984,12538000.0
2019-03-26,55.380001068115234,55.86000061035156,55.34000015258789,55.65999984741211,12808700.0
2019-03-27,55.65999984741211,55.81999969482422,55.189998626708984,55.470001220703125,12740400.0
2019-03-28,55.599998474121094,55.88999938964844,55.58000183105469,55.7400016784668,11920900.0
2019-03-29,55.84000015258789,56.16999816894531,55.689998626708984,56.11000061035156,13888800.0
2019-04-01,56.220001220703125,56.22999954223633,55.83000183105469,55.91999816894531,13799400.0
2019-04-02,55.75,55.75,55.459999084472656,55.459999084472656,13964800.0
2019-04-03,55.36000061035156,55.47999954223633,55.04999923706055,55.189998626708984,18616500.0
2019-04-04,55.22999954223633,55.4900016784668,55.18000030517578,55.400001525878906,10671300.0
2019-04-05,55.47999954223633,55.61000061035156,55.33000183105469,55.59000015258789,9045200.0
2019-04-08,55.560001373291016,55.83000183105469,55.4900016784668,55.81999969482422,6136900.0
2019-04-09,55.689998626708984,55.779998779296875,55.5099983215332,55.75,12062300.0
2019-04-10,55.79999923706055,55.97999954223633,55.75,55.90999984741211,7060800.0
2019-04-11,56.0,56.130001068115234,55.81999969482422,56.02000045776367,6444900.0
2019-04-12,56.060001373291016,56.2400016784668,55.88999938964844,56.20000076293945,7635700.0
2019-04-15,56.18000030517578,56.58000183105469,56.16999816894531,56.529998779296875,6505000.0
2019-04-16,56.630001068115234,56.72999954223633,56.31999969482422,56.540000915527344,9345100.0
2019-04-17,56.84000015258789,56.90999984741211,56.560001373291016,56.81999969482422,12720200.0
2019-04-18,57.04999923706055,57.150001525878906,56.619998931884766,56.869998931884766,10622200.0
2019-04-22,56.86000061035156,57.20000076293945,56.75,56.88999938964844,12432100.0
2019-04-23,56.86000061035156,56.93000030517578,56.599998474121094,56.709999084472656,20408400.0
2019-04-24,56.7400016784668,57.040000915527344,56.70000076293945,56.83000183105469,8221900.0
2019-04-25,56.52000045776367,56.56999969482422,56.27000045776367,56.470001220703125,9992100.0
2019-04-26,56.529998779296875,56.9900016784668,56.5,56.97999954223633,8405700.0
2019-04-29,56.95000076293945,57.08000183105469,56.869998931884766,57.04999923706055,7210800.0
2019-04-30,57.08000183105469,57.77000045776367,57.02000045776367,57.709999084472656,15965900.0
2019-05-01,57.779998779296875,57.81999969482422,57.0,57.0,11992700.0
2019-05-02,56.95000076293945,57.209999084472656,56.689998626708984,56.97999954223633,13925900.0
2019-05-03,57.25,57.540000915527344,57.15999984741211,57.40999984741211,13801300.0
2019-05-06,56.9900016784668,57.41999816894531,56.91999816894531,57.31999969482422,10100300.0
2019-05-07,57.060001373291016,57.16999816894531,56.45000076293945,56.75,20115500.0
2019-05-08,56.709999084472656,57.060001373291016,56.459999084472656,56.7400016784668,11940200.0
2019-05-09,56.5,56.779998779296875,56.189998626708984,56.619998931884766,23531600.0
2019-05-10,56.47999954223633,57.38999938964844,56.2400016784668,57.310001373291016,14029600.0
2019-05-13,56.720001220703125,56.90999984741211,56.560001373291016,56.77000045776367,13081800.0
2019-05-14,56.93000030517578,57.43000030517578,56.84000015258789,57.040000915527344,16497800.0
2019-05-15,56.959999084472656,57.61000061035156,56.849998474121094,57.4900016784668,9681800.0
2019-05-16,57.790000915527344,58.27000045776367,57.630001068115234,57.939998626708984,12859800.0
2019-05-17,57.619998931884766,58.08000183105469,57.61000061035156,57.75,15458700.0
2019-05-20,57.619998931884766,57.939998626708984,57.56999969482422,57.61000061035156,9496800.0
2019-05-21,57.81999969482422,57.84000015258789,57.400001525878906,57.4900016784668,8124100.0
2019-05-22,57.5099983215332,57.880001068115234,57.38999938964844,57.75,11102000.0
2019-05-23,57.529998779296875,57.75,57.40999984741211,57.72999954223633,17398000.0
2019-05-24,57.83000183105469,57.880001068115234,57.349998474121094,57.52000045776367,9530800.0
2019-05-28,57.529998779296875,57.66999816894531,56.540000915527344,56.58000183105469,14043000.0
2019-05-29,56.36000061035156,56.369998931884766,55.880001068115234,56.16999816894531,11455100.0
2019-05-30,56.279998779296875,56.529998779296875,56.150001525878906,56.40999984741211,9770200.0
2019-05-31,55.970001220703125,56.04999923706055,55.52000045776367,55.61000061035156,13450800.0
2019-06-03,55.689998626708984,56.41999816894531,55.68000030517578,56.310001373291016,17060600.0
2019-06-04,56.65999984741211,56.83000183105469,56.47999954223633,56.81999969482422,16546800.0
2019-06-05,57.08000183105469,57.58000183105469,56.86000061035156,57.470001220703125,15069700.0
2019-06-06,57.59000015258789,58.189998626708984,57.4900016784668,58.06999969482422,20769600.0
2019-06-07,58.27000045776367,58.86000061035156,58.27000045776367,58.630001068115234,18860800.0
2019-06-10,58.709999084472656,58.779998779296875,58.470001220703125,58.650001525878906,15341800.0
2019-06-11,58.81999969482422,58.9900016784668,58.689998626708984,58.84000015258789,18109700.0
2019-06-12,58.95000076293945,59.27000045776367,58.84000015258789,58.93000030517578,10921200.0
2019-06-13,59.06999969482422,59.2400016784668,58.720001220703125,59.060001373291016,11564400.0
2019-06-14,59.029998779296875,59.25,58.970001220703125,59.09000015258789,9726100.0
2019-06-17,59.11000061035156,59.16999816894531,58.650001525878906,58.91999816894531,8796600.0
2019-06-18,59.25,59.290000915527344,58.52000045776367,58.599998474121094,18120600.0
2019-06-19,58.560001373291016,58.959999084472656,58.27000045776367,58.84000015258789,13457200.0
2019-06-20,59.09000015258789,59.43000030517578,58.959999084472656,59.36000061035156,13566200.0
2019-06-21,58.84000015258789,59.0099983215332,58.630001068115234,58.720001220703125,15416200.0
2019-06-24,58.810001373291016,59.099998474121094,58.77000045776367,58.869998931884766,17796300.0
2019-06-25,58.880001068115234,58.959999084472656,58.66999816894531,58.84000015258789,11861700.0
2019-06-26,58.56999969482422,58.56999969482422,57.97999954223633,58.0,11672600.0
2019-06-27,58.08000183105469,58.15999984741211,57.779998779296875,58.11000061035156,11524900.0
2019-06-28,58.38999938964844,58.459999084472656,57.95000076293945,58.06999969482422,12409300.0
2019-07-01,58.369998931884766,58.560001373291016,58.08000183105469,58.41999816894531,12628100.0
2019-07-02,58.439998626708984,58.93000030517578,58.400001525878906,58.93000030517578,11913500.0
2019-07-03,59.0099983215332,59.720001220703125,58.959999084472656,59.65999984741211,11995800.0
2019-07-05,59.310001373291016,59.439998626708984,58.869998931884766,59.400001525878906,11008200.0
2019-07-08,59.400001525878906,59.59000015258789,59.310001373291016,59.47999954223633,9257100.0
2019-07-09,59.36000061035156,59.459999084472656,58.90999984741211,59.130001068115234,12499500.0
2019-07-10,59.34000015258789,59.65999984741211,59.290000915527344,59.5099983215332,16804800.0
2019-07-11,59.630001068115234,59.709999084472656,59.34000015258789,59.65999984741211,12575300.0
2019-07-12,59.63999938964844,59.970001220703125,59.63999938964844,59.83000183105469,8732000.0
2019-07-15,59.93000030517578,60.06999969482422,59.77000045776367,59.970001220703125,7212600.0
2019-07-16,59.97999954223633,60.22999954223633,59.779998779296875,59.9900016784668,13579000.0
2019-07-17,59.9900016784668,60.08000183105469,59.779998779296875,59.91999816894531,9049900.0
2019-07-18,59.9900016784668,60.5,59.779998779296875,60.31999969482422,9444300.0
2019-07-19,60.470001220703125,60.560001373291016,59.900001525878906,59.939998626708984,7460400.0
2019-07-22,60.04999923706055,60.04999923706055,59.529998779296875,59.59000015258789,7135100.0
2019-07-23,60.130001068115234,60.2400016784668,59.83000183105469,60.02000045776367,10058100.0
2019-07-24,59.93000030517578,59.97999954223633,59.54999923706055,59.619998931884766,7975900.0
2019-07-25,59.5,59.79999923706055,59.36000061035156,59.70000076293945,9469200.0
2019-07-26,59.79999923706055,60.38999938964844,59.630001068115234,60.369998931884766,14727900.0
2019-07-29,60.369998931884766,60.61000061035156,60.33000183105469,60.47999954223633,6121300.0
2019-07-30,60.720001220703125,61.02000045776367,60.52000045776367,60.65999984741211,14123800.0
2019-07-31,60.470001220703125,60.560001373291016,58.849998474121094,59.43000030517578,16826700.0
2019-08-01,59.599998474121094,60.29999923706055,59.18000030517578,59.220001220703125,30148200.0
2019-08-02,59.130001068115234,59.59000015258789,59.0,59.22999954223633,24368700.0
2019-08-05,58.849998474121094,59.099998474121094,57.369998931884766,57.689998626708984,26364800.0
2019-08-06,57.88999938964844,58.47999954223633,57.66999816894531,58.209999084472656,20126400.0
2019-08-07,57.959999084472656,59.11000061035156,57.349998474121094,58.88999938964844,17550800.0
2019-08-08,58.849998474121094,59.709999084472656,58.56999969482422,59.650001525878906,24011300.0
2019-08-09,59.619998931884766,59.77000045776367,58.900001525878906,59.31999969482422,10590200.0
2019-08-12,59.15999984741211,59.349998474121094,58.720001220703125,58.91999816894531,11774000.0
2019-08-13,58.880001068115234,59.86000061035156,58.779998779296875,59.59000015258789,13199500.0
2019-08-14,59.060001373291016,59.540000915527344,58.61000061035156,58.650001525878906,17281300.0
2019-08-15,59.290000915527344,59.7400016784668,59.0,59.529998779296875,14431100.0
2019-08-16,59.790000915527344,60.45000076293945,59.790000915527344,60.209999084472656,18294300.0
2019-08-19,60.689998626708984,60.93000030517578,60.560001373291016,60.810001373291016,13180800.0
2019-08-20,60.779998779296875,60.849998474121094,60.099998474121094,60.150001525878906,8959300.0
2019-08-21,60.54999923706055,60.599998474121094,60.15999984741211,60.310001373291016,8735900.0
2019-08-22,60.36000061035156,60.7599983215332,60.20000076293945,60.630001068115234,7127600.0
2019-08-23,60.459999084472656,60.709999084472656,59.279998779296875,59.619998931884766,25296100.0
2019-08-26,60.02000045776367,60.40999984741211,59.779998779296875,60.36000061035156,13629800.0
2019-08-27,60.61000061035156,60.77000045776367,60.0,60.189998626708984,13389300.0
2019-08-28,60.16999816894531,60.77000045776367,60.060001373291016,60.77000045776367,12435500.0
2019-08-29,61.130001068115234,61.13999938964844,60.43000030517578,60.79999923706055,9657600.0
2019-08-30,61.0,61.150001525878906,60.529998779296875,60.720001220703125,8567000.0
2019-09-03,60.459999084472656,61.08000183105469,60.349998474121094,61.06999969482422,15551600.0
2019-09-04,61.31999969482422,61.619998931884766,61.08000183105469,61.619998931884766,12200500.0
2019-09-05,61.779998779296875,61.91999816894531,61.150001525878906,61.2400016784668,15719800.0
2019-09-06,61.400001525878906,61.540000915527344,61.25,61.439998626708984,13904200.0
2019-09-09,61.40999984741211,61.470001220703125,61.130001068115234,61.29999923706055,27082400.0
2019-09-10,61.029998779296875,61.029998779296875,60.59000015258789,60.91999816894531,31985000.0
2019-09-11,60.900001525878906,61.189998626708984,60.58000183105469,61.13999938964844,17422200.0
2019-09-12,61.5,61.689998626708984,61.27000045776367,61.38999938964844,18296200.0
2019-09-13,61.11000061035156,61.459999084472656,60.90999984741211,61.040000915527344,17830400.0
2019-09-16,60.75,60.810001373291016,60.31999969482422,60.45000076293945,16741200.0
2019-09-17,60.41999816894531,61.11000061035156,60.41999816894531,60.779998779296875,11681500.0
2019-09-18,60.84000015258789,60.95000076293945,60.36000061035156,60.880001068115234,10968900.0
2019-09-19,60.83000183105469,60.97999954223633,60.75,60.869998931884766,10664100.0
2019-09-20,60.63999938964844,60.779998779296875,60.31999969482422,60.31999969482422,13951100.0
2019-09-23,60.369998931884766,60.810001373291016,60.31999969482422,60.560001373291016,8767800.0
2019-09-24,60.79999923706055,61.209999084472656,60.59000015258789,60.810001373291016,17305900.0
2019-09-25,61.06999969482422,61.150001525878906,60.66999816894531,60.849998474121094,17626600.0
2019-09-26,60.91999816894531,61.369998931884766,60.88999938964844,61.189998626708984,15527300.0
2019-09-27,61.34000015258789,61.36000061035156,60.7599983215332,61.119998931884766,14293900.0
2019-09-30,61.15999984741211,61.689998626708984,61.15999984741211,61.41999816894531,11078800.0
2019-10-01,61.45000076293945,61.619998931884766,61.0099983215332,61.2599983215332,16827400.0
2019-10-02,60.959999084472656,61.02000045776367,59.79999923706055,60.029998779296875,18668200.0
2019-10-03,60.33000183105469,60.65999984741211,59.790000915527344,60.45000076293945,20998100.0
2019-10-04,60.54999923706055,61.40999984741211,60.4900016784668,61.400001525878906,11938600.0
2019-10-07,61.2599983215332,61.34000015258789,60.84000015258789,60.900001525878906,9378900.0
2019-10-08,60.720001220703125,60.88999938964844,60.310001373291016,60.31999969482422,14924100.0
2019-10-09,60.619998931884766,60.93000030517578,60.4900016784668,60.779998779296875,8504600.0
2019-10-10,60.650001525878906,61.08000183105469,60.47999954223633,60.900001525878906,8648000.0
2019-10-11,61.130001068115234,61.209999084472656,60.720001220703125,60.84000015258789,18172100.0
2019-10-14,60.91999816894531,60.97999954223633,60.5099983215332,60.540000915527344,7569500.0
2019-10-15,60.689998626708984,60.72999954223633,60.189998626708984,60.279998779296875,12217700.0
2019-10-16,60.33000183105469,60.40999984741211,60.130001068115234,60.34000015258789,10397700.0
2019-10-17,60.540000915527344,60.790000915527344,60.45000076293945,60.619998931884766,13209800.0
2019-10-18,60.5099983215332,60.970001220703125,60.5099983215332,60.7400016784668,9301200.0
2019-10-21,60.75,60.970001220703125,60.66999816894531,60.939998626708984,9924100.0
2019-10-22,61.380001068115234,61.41999816894531,60.93000030517578,60.959999084472656,12492500.0
2019-10-23,60.93000030517578,61.279998779296875,60.90999984741211,61.2400016784668,7499400.0
2019-10-24,61.36000061035156,61.54999923706055,61.119998931884766,61.45000076293945,9089300.0
2019-10-25,61.38999938964844,61.400001525878906,61.040000915527344,61.09000015258789,7518600.0
2019-10-28,61.09000015258789,61.310001373291016,60.83000183105469,60.970001220703125,11154200.0
2019-10-29,60.86000061035156,61.2599983215332,60.75,60.970001220703125,10072400.0
2019-10-30,61.02000045776367,61.36000061035156,60.849998474121094,61.25,7216400.0
2019-10-31,61.27000045776367,61.4900016784668,60.77000045776367,61.15999984741211,12628100.0
2019-11-01,61.27000045776367,61.380001068115234,61.02000045776367,61.150001525878906,10232000.0
2019-11-04,61.220001220703125,61.25,60.369998931884766,60.560001373291016,17081600.0
2019-11-05,60.47999954223633,60.88999938964844,60.290000915527344,60.7599983215332,17192200.0
2019-11-06,60.86000061035156,61.15999984741211,60.689998626708984,61.0099983215332,8284500.0
2019-11-07,61.08000183105469,61.09000015258789,60.689998626708984,60.79999923706055,9437800.0
2019-11-08,60.77000045776367,60.95000076293945,60.560001373291016,60.7599983215332,7574200.0
2019-11-11,60.790000915527344,60.88999938964844,60.56999969482422,60.66999816894531,5632200.0
2019-11-12,60.7599983215332,60.869998931884766,60.59000015258789,60.869998931884766,7085100.0
2019-11-13,60.959999084472656,61.45000076293945,60.880001068115234,61.33000183105469,9500900.0
2019-11-14,61.599998474121094,61.619998931884766,61.060001373291016,61.310001373291016,8442100.0
2019-11-15,61.400001525878906,61.459999084472656,61.11000061035156,61.33000183105469,7221400.0
2019-11-18,61.27000045776367,61.9900016784668,61.27000045776367,61.650001525878906,8615500.0
2019-11-19,61.7400016784668,61.84000015258789,61.439998626708984,61.56999969482422,8560900.0
2019-11-20,61.56999969482422,61.86000061035156,61.439998626708984,61.709999084472656,11935900.0
2019-11-21,61.599998474121094,61.75,61.2599983215332,61.400001525878906,7611100.0
2019-11-22,61.45000076293945,61.4900016784668,61.060001373291016,61.29999923706055,5517100.0
2019-11-25,61.41999816894531,61.529998779296875,61.06999969482422,61.369998931884766,10396500.0
2019-11-26,61.45000076293945,61.93000030517578,61.34000015258789,61.869998931884766,7354800.0
2019-11-27,61.97999954223633,62.09000015258789,61.810001373291016,62.02000045776367,5483300.0
2019-11-29,62.040000915527344,62.13999938964844,61.880001068115234,62.0,3008500.0
2019-12-02,61.880001068115234,62.16999816894531,61.59000015258789,62.13999938964844,17920100.0
2019-12-03,62.02000045776367,62.09000015258789,61.619998931884766,62.040000915527344,20537000.0
2019-12-04,61.970001220703125,62.4900016784668,61.900001525878906,62.45000076293945,17369100.0
2019-12-05,62.470001220703125,62.47999954223633,62.060001373291016,62.43000030517578,13445200.0
2019-12-06,62.560001373291016,62.90999984741211,62.52000045776367,62.66999816894531,10746700.0
2019-12-09,62.630001068115234,62.880001068115234,62.619998931884766,62.720001220703125,6643000.0
2019-12-10,62.720001220703125,62.790000915527344,62.459999084472656,62.52000045776367,7194300.0
2019-12-11,62.65999984741211,62.7599983215332,62.43000030517578,62.61000061035156,6201700.0
2019-12-12,62.619998931884766,63.02000045776367,62.43000030517578,62.560001373291016,11843600.0
2019-12-13,62.400001525878906,62.880001068115234,62.290000915527344,62.779998779296875,10158300.0
2019-12-16,62.959999084472656,63.150001525878906,62.880001068115234,63.0,10004600.0
2019-12-17,62.91999816894531,63.040000915527344,62.81999969482422,62.900001525878906,8005500.0
2019-12-18,63.0099983215332,63.220001220703125,62.70000076293945,62.79999923706055,5464100.0
2019-12-19,62.88999938964844,63.279998779296875,62.880001068115234,63.13999938964844,9068100.0
2019-12-20,62.81999969482422,63.36000061035156,62.779998779296875,63.099998474121094,15270600.0
2019-12-23,63.220001220703125,63.220001220703125,62.810001373291016,62.83000183105469,6006500.0
2019-12-24,62.900001525878906,62.9900016784668,62.810001373291016,62.90999984741211,1700100.0
2019-12-26,62.97999954223633,63.09000015258789,62.79999923706055,62.970001220703125,8638600.0
2019-12-27,63.099998474121094,63.27000045776367,63.040000915527344,63.25,10314100.0
2019-12-30,63.13999938964844,63.2400016784668,62.83000183105469,62.91999816894531,6238600.0
2019-12-31,62.790000915527344,63.02000045776367,62.65999984741211,62.97999954223633,4985400.0
2020-01-02,63.099998474121094,63.099998474121094,62.310001373291016,62.47999954223633,14460700.0
2020-01-03,62.25,62.650001525878906,62.09000015258789,62.380001068115234,26388900.0
2020-01-06,62.290000915527344,62.59000015258789,62.18000030517578,62.5099983215332,22541700.0
2020-01-07,62.31999969482422,62.380001068115234,61.97999954223633,62.029998779296875,15607600.0
2020-01-08,62.08000183105469,62.52000045776367,61.959999084472656,62.2599983215332,11451400.0
2020-01-09,62.45000076293945,62.709999084472656,62.29999923706055,62.70000076293945,6854500.0
2020-01-10,62.7599983215332,62.849998474121094,62.58000183105469,62.65999984741211,7410800.0
2020-01-13,62.68000030517578,63.08000183105469,62.650001525878906,63.06999969482422,9625700.0
2020-01-14,62.9900016784668,63.119998931884766,62.90999984741211,63.09000015258789,7512300.0
2020-01-15,63.040000915527344,63.66999816894531,63.0099983215332,63.540000915527344,12454300.0
2020-01-16,63.619998931884766,63.7599983215332,63.54999923706055,63.709999084472656,8048600.0
2020-01-17,63.70000076293945,63.959999084472656,63.619998931884766,63.81999969482422,14902700.0
2020-01-21,63.72999954223633,64.06999969482422,63.5099983215332,64.04000091552734,11300300.0
2020-01-22,64.05999755859375,64.23999786376953,64.04000091552734,64.08999633789062,8046500.0
2020-01-23,63.880001068115234,64.19999694824219,63.63999938964844,64.02999877929688,14563100.0
2020-01-24,64.08000183105469,64.16000366210938,63.38999938964844,63.59000015258789,11935100.0
2020-01-27,63.04999923706055,63.689998626708984,63.0099983215332,63.38999938964844,8748400.0
2020-01-28,63.43000030517578,63.65999984741211,63.369998931884766,63.470001220703125,7899500.0
2020-01-29,63.52000045776367,63.56999969482422,63.150001525878906,63.150001525878906,8300800.0
2020-01-30,63.18000030517578,63.95000076293945,63.13999938964844,63.900001525878906,13824800.0
2020-01-31,63.93000030517578,64.20999908447266,63.0,63.18000030517578,15280000.0
2020-02-03,63.40999984741211,63.650001525878906,63.130001068115234,63.18000030517578,21797600.0
2020-02-04,63.68000030517578,63.9900016784668,63.43000030517578,63.560001373291016,14290900.0
2020-02-05,63.77000045776367,64.0999984741211,63.689998626708984,64.06999969482422,20911400.0
2020-02-06,64.13999938964844,64.5199966430664,64.01000213623047,64.18000030517578,9628500.0
2020-02-07,64.18000030517578,64.38999938964844,63.9900016784668,64.26000213623047,14849000.0
2020-02-10,64.29000091552734,64.6500015258789,64.2699966430664,64.52999877929688,7394100.0
2020-02-11,64.62999725341797,64.62999725341797,64.23999786376953,64.29000091552734,8375700.0
2020-02-12,64.37000274658203,64.38999938964844,64.12999725341797,64.26000213623047,8479000.0
2020-02-13,64.12000274658203,64.75,64.02999877929688,64.63999938964844,7950900.0
2020-02-14,64.70999908447266,64.80999755859375,64.58000183105469,64.79000091552734,5421200.0
2020-02-18,64.69999694824219,64.83999633789062,64.43000030517578,64.55999755859375,6902300.0
2020-02-19,64.56999969482422,64.73999786376953,64.45999908447266,64.48999786376953,4971300.0
2020-02-20,64.37999725341797,64.58999633789062,63.939998626708984,64.54000091552734,13397700.0
2020-02-21,64.36000061035156,64.79000091552734,64.33999633789062,64.6500015258789,10027800.0
2020-02-24,63.77000045776367,64.26000213623047,63.09000015258789,63.15999984741211,19892700.0
2020-02-25,63.20000076293945,63.5099983215332,61.810001373291016,62.02000045776367,25721400.0
2020-02-26,62.209999084472656,62.779998779296875,61.63999938964844,61.66999816894531,26066400.0
2020-02-27,61.119998931884766,61.66999816894531,59.150001525878906,59.15999984741211,39092300.0
2020-02-28,57.810001373291016,58.0,56.040000915527344,57.9900016784668,50978800.0
2020-03-02,58.11000061035156,61.13999938964844,58.11000061035156,61.09000015258789,27103100.0
2020-03-03,61.18000030517578,62.20000076293945,59.81999969482422,60.2599983215332,35237500.0
2020-03-04,61.11000061035156,63.25,61.029998779296875,63.220001220703125,26214300.0
2020-03-05,61.83000183105469,62.86000061035156,61.400001525878906,62.029998779296875,16556300.0
2020-03-06,60.38999938964844,61.88999938964844,59.939998626708984,61.540000915527344,24800200.0
2020-03-09,58.13999938964844,60.5,58.0,58.86000061035156,19126300.0
2020-03-10,60.099998474121094,60.650001525878906,57.88999938964844,60.54999923706055,28174800.0
2020-03-11,59.04999923706055,59.36000061035156,56.869998931884766,57.58000183105469,17759800.0
2020-03-12,53.88999938964844,56.709999084472656,51.90999984741211,52.16999816894531,26713800.0
2020-03-13,54.77000045776367,56.630001068115234,52.7599983215332,56.61000061035156,24835800.0
2020-03-16,51.349998474121094,55.56999969482422,50.779998779296875,52.77000045776367,27436800.0
2020-03-17,53.790000915527344,57.45000076293945,53.66999816894531,57.220001220703125,32318100.0
2020-03-18,54.75,57.0,53.29999923706055,55.75,35524900.0
2020-03-19,55.15999984741211,55.439998626708984,53.38999938964844,53.88999938964844,26807900.0
2020-03-20,54.040000915527344,54.060001373291016,49.959999084472656,50.400001525878906,26903700.0
2020-03-23,50.0099983215332,50.599998474121094,47.65999984741211,48.630001068115234,31822200.0
2020-03-24,50.75,51.400001525878906,49.79999923706055,51.11000061035156,28041800.0
2020-03-25,51.0,52.61000061035156,50.08000183105469,50.970001220703125,25526400.0
2020-03-26,51.59000015258789,54.119998931884766,51.380001068115234,53.7599983215332,25754100.0
2020-03-27,52.59000015258789,54.9900016784668,52.5,53.5099983215332,26004700.0
2020-03-30,54.029998779296875,55.7599983215332,54.029998779296875,55.599998474121094,15892600.0
2020-03-31,55.400001525878906,55.66999816894531,54.34000015258789,54.470001220703125,15203200.0
2020-04-01,52.9900016784668,54.380001068115234,52.86000061035156,53.54999923706055,11979800.0
2020-04-02,52.810001373291016,55.22999954223633,52.68000030517578,54.91999816894531,14748100.0
2020-04-03,54.70000076293945,55.52000045776367,54.470001220703125,55.349998474121094,15374100.0
2020-04-06,56.72999954223633,57.810001373291016,55.91999816894531,57.40999984741211,14835200.0
2020-04-07,58.29999923706055,58.7599983215332,56.7400016784668,56.75,22985400.0
2020-04-08,57.16999816894531,57.90999984741211,56.529998779296875,57.59000015258789,13877400.0
2020-04-09,57.75,59.02000045776367,57.61000061035156,58.130001068115234,20376000.0
2020-04-13,57.939998626708984,58.2400016784668,57.13999938964844,57.70000076293945,10679500.0
2020-04-14,58.689998626708984,60.220001220703125,58.459999084472656,60.150001525878906,17745300.0
2020-04-15,59.349998474121094,59.720001220703125,58.7599983215332,59.20000076293945,12553400.0
2020-04-16,59.5099983215332,59.810001373291016,58.75,59.59000015258789,14486100.0
2020-04-17,60.31999969482422,60.70000076293945,59.5099983215332,60.5,12083100.0
2020-04-20,59.900001525878906,60.31999969482422,59.2599983215332,59.310001373291016,9263900.0
2020-04-21,58.470001220703125,58.810001373291016,57.84000015258789,58.04999923706055,13021900.0
2020-04-22,58.75,58.939998626708984,58.13999938964844,58.61000061035156,15086800.0
2020-04-23,58.470001220703125,58.849998474121094,57.9900016784668,58.09000015258789,21074200.0
2020-04-24,58.43000030517578,58.900001525878906,58.22999954223633,58.709999084472656,9638300.0
2020-04-27,59.06999969482422,59.150001525878906,58.650001525878906,58.880001068115234,11024000.0
2020-04-28,59.560001373291016,59.63999938964844,58.959999084472656,59.209999084472656,13608800.0
2020-04-29,59.5099983215332,59.5099983215332,58.400001525878906,58.959999084472656,16038500.0
2020-04-30,58.790000915527344,58.81999969482422,57.91999816894531,58.2599983215332,16397100.0
2020-05-01,57.939998626708984,58.43000030517578,57.380001068115234,57.619998931884766,13023600.0
2020-05-04,57.5099983215332,57.720001220703125,57.02000045776367,57.59000015258789,11314200.0
2020-05-05,57.81999969482422,58.2599983215332,57.56999969482422,57.63999938964844,9705200.0
2020-05-06,57.7400016784668,57.900001525878906,56.959999084472656,57.0099983215332,10700100.0
2020-05-07,57.45000076293945,57.529998779296875,56.72999954223633,56.849998474121094,11203600.0
2020-05-08,57.41999816894531,58.2400016784668,57.38999938964844,58.119998931884766,13405000.0
2020-05-11,57.86000061035156,58.4900016784668,57.79999923706055,58.040000915527344,8807200.0
2020-05-12,58.22999954223633,58.54999923706055,57.54999923706055,57.54999923706055,20587300.0
2020-05-13,57.5,57.81999969482422,56.689998626708984,57.029998779296875,12186800.0
2020-05-14,56.75,57.040000915527344,55.9900016784668,56.88999938964844,11793500.0
2020-05-15,56.880001068115234,57.560001373291016,56.68000030517578,57.38999938964844,20847900.0
2020-05-18,58.29999923706055,58.599998474121094,57.880001068115234,58.29999923706055,15213600.0
2020-05-19,58.380001068115234,58.40999984741211,57.22999954223633,57.22999954223633,15313100.0
2020-05-20,57.709999084472656,57.939998626708984,57.36000061035156,57.90999984741211,8519600.0
2020-05-21,57.81999969482422,57.83000183105469,57.150001525878906,57.27000045776367,13913900.0
2020-05-22,57.290000915527344,57.52000045776367,57.15999984741211,57.470001220703125,7216300.0
2020-05-26,58.279998779296875,58.380001068115234,57.66999816894531,57.779998779296875,10487200.0
2020-05-27,58.2400016784668,58.70000076293945,57.90999984741211,58.650001525878906,10937800.0
2020-05-28,59.099998474121094,59.5,58.849998474121094,59.16999816894531,10184300.0
2020-05-29,58.9900016784668,59.41999816894531,58.459999084472656,59.22999954223633,12890900.0
2020-06-01,59.2599983215332,59.86000061035156,59.22999954223633,59.63999938964844,9101400.0
2020-06-02,59.7400016784668,59.83000183105469,59.34000015258789,59.79999923706055,9837900.0
2020-06-03,60.060001373291016,60.15999984741211,59.86000061035156,59.880001068115234,10155300.0
2020-06-04,59.7599983215332,60.06999969482422,59.27000045776367,59.59000015258789,8973800.0
2020-06-05,60.029998779296875,60.72999954223633,59.86000061035156,60.41999816894531,11502200.0
2020-06-08,60.43000030517578,61.099998474121094,60.220001220703125,61.06999969482422,13094200.0
2020-06-09,60.84000015258789,60.93000030517578,60.20000076293945,60.56999969482422,13735400.0
2020-06-10,60.709999084472656,60.880001068115234,60.279998779296875,60.400001525878906,9877800.0
2020-06-11,59.75,60.119998931884766,58.040000915527344,58.11000061035156,14738500.0
2020-06-12,58.90999984741211,58.91999816894531,57.619998931884766,58.119998931884766,17837500.0
2020-06-15,57.58000183105469,58.869998931884766,57.189998626708984,58.790000915527344,11366700.0
2020-06-16,59.95000076293945,60.02000045776367,58.939998626708984,59.709999084472656,10840300.0
2020-06-17,59.81999969482422,60.06999969482422,59.439998626708984,59.619998931884766,8388400.0
2020-06-18,59.349998474121094,59.9900016784668,59.27000045776367,59.93000030517578,6022600.0
2020-06-19,60.47999954223633,60.66999816894531,59.529998779296875,59.619998931884766,10777200.0
2020-06-22,59.099998474121094,59.220001220703125,58.779998779296875,58.9900016784668,9039600.0
2020-06-23,59.380001068115234,59.59000015258789,58.84000015258789,58.900001525878906,7951000.0
2020-06-24,58.599998474121094,58.599998474121094,57.70000076293945,57.90999984741211,14343200.0
2020-06-25,57.880001068115234,58.38999938964844,57.52000045776367,58.31999969482422,12128900.0
2020-06-26,58.29999923706055,58.459999084472656,57.08000183105469,57.130001068115234,14476500.0
2020-06-29,57.5,58.31999969482422,57.45000076293945,58.209999084472656,9654200.0
2020-06-30,58.220001220703125,58.86000061035156,58.130001068115234,58.63999938964844,7379800.0
2020-07-01,58.75,59.060001373291016,58.65999984741211,58.689998626708984,7261600.0
2020-07-02,59.18000030517578,59.56999969482422,58.869998931884766,58.9900016784668,6857200.0
2020-07-06,59.439998626708984,59.58000183105469,58.95000076293945,59.279998779296875,10091300.0
2020-07-07,58.959999084472656,60.150001525878906,58.91999816894531,59.81999969482422,8161000.0
2020-07-08,59.95000076293945,59.9900016784668,59.41999816894531,59.66999816894531,9328000.0
2020-07-09,59.59000015258789,59.75,58.86000061035156,59.20000076293945,7672500.0
2020-07-10,59.27000045776367,60.40999984741211,59.2599983215332,60.290000915527344,14142800.0
2020-07-13,60.58000183105469,61.0,59.970001220703125,60.20000076293945,10906200.0
2020-07-14,60.029998779296875,61.22999954223633,59.90999984741211,61.08000183105469,14270100.0
2020-07-15,61.38999938964844,61.86000061035156,60.939998626708984,61.130001068115234,14952700.0
2020-07-16,61.099998474121094,61.380001068115234,60.97999954223633,61.2599983215332,7770200.0
2020-07-17,61.540000915527344,61.689998626708984,61.33000183105469,61.59000015258789,6321700.0
2020-07-20,61.459999084472656,61.4900016784668,60.779998779296875,60.970001220703125,6818600.0
2020-07-21,61.400001525878906,62.15999984741211,61.33000183105469,61.5,7847300.0
2020-07-22,61.689998626708984,62.08000183105469,61.060001373291016,61.9900016784668,7022700.0
2020-07-23,62.20000076293945,62.459999084472656,62.0,62.209999084472656,9468000.0
2020-07-24,62.310001373291016,62.83000183105469,61.83000183105469,62.130001068115234,6809200.0
2020-07-27,62.06999969482422,62.45000076293945,61.939998626708984,62.439998626708984,6801900.0
2020-07-28,62.41999816894531,62.97999954223633,62.38999938964844,62.66999816894531,6699300.0
2020-07-29,62.650001525878906,62.959999084472656,62.4900016784668,62.7599983215332,7486400.0
2020-07-30,62.61000061035156,62.97999954223633,62.31999969482422,62.7599983215332,10901300.0
2020-07-31,62.5099983215332,62.709999084472656,61.91999816894531,62.70000076293945,10277200.0
2020-08-03,62.72999954223633,62.7599983215332,62.220001220703125,62.529998779296875,8614400.0
2020-08-04,62.439998626708984,63.33000183105469,62.33000183105469,63.310001373291016,7417400.0
2020-08-05,63.40999984741211,63.540000915527344,63.0,63.18000030517578,7143600.0
2020-08-06,63.029998779296875,63.290000915527344,62.91999816894531,63.16999816894531,11983700.0
2020-08-07,63.06999969482422,63.56999969482422,63.0,63.5099983215332,9175700.0
2020-08-10,63.58000183105469,63.970001220703125,63.439998626708984,63.84000015258789,4345600.0
2020-08-11,64.13999938964844,64.30000305175781,63.220001220703125,63.400001525878906,8633500.0
2020-08-12,63.65999984741211,64.5,63.65999984741211,64.22000122070312,8021600.0
2020-08-13,64.08000183105469,64.36000061035156,63.9900016784668,64.16999816894531,5857100.0
2020-08-14,64.0999984741211,64.37000274658203,63.91999816894531,64.16000366210938,3776300.0
2020-08-17,64.30999755859375,64.7300033569336,64.19000244140625,64.5199966430664,5172900.0
2020-08-18,64.62000274658203,64.95999908447266,64.33000183105469,64.77999877929688,4927300.0
2020-08-19,64.69000244140625,64.77999877929688,64.16000366210938,64.2699966430664,5871600.0
2020-08-20,63.900001525878906,64.22000122070312,63.790000915527344,64.13999938964844,10178600.0
2020-08-21,64.05999755859375,64.38999938964844,63.869998931884766,64.30000305175781,5713900.0
2020-08-24,64.41000366210938,64.8499984741211,64.20999908447266,64.8499984741211,6978500.0
2020-08-25,65.0,65.05000305175781,64.43000030517578,64.70999908447266,4517100.0
2020-08-26,64.58000183105469,64.87999725341797,64.27999877929688,64.79000091552734,5375300.0
2020-08-27,64.91000366210938,65.5,64.9000015258789,65.19000244140625,8711200.0
2020-08-28,65.5,65.80999755859375,64.87999725341797,65.7699966430664,6868200.0
2020-08-31,65.52999877929688,65.7699966430664,65.31999969482422,65.58000183105469,7661200.0
2020-09-01,65.56999969482422,65.68000030517578,65.12999725341797,65.6500015258789,9723000.0
2020-09-02,65.94999694824219,67.11000061035156,65.8499984741211,66.83999633789062,11174600.0
2020-09-03,67.0,67.61000061035156,65.20999908447266,65.69000244140625,26304400.0
2020-09-04,65.87999725341797,66.1500015258789,64.7300033569336,65.54000091552734,15604800.0
2020-09-08,65.37999725341797,65.51000213623047,63.88999938964844,64.16000366210938,16316600.0
2020-09-09,64.52999877929688,65.72000122070312,64.41000366210938,65.08999633789062,12848500.0
2020-09-10,65.08999633789062,65.2699966430664,64.1500015258789,64.29000091552734,11060600.0
2020-09-11,64.48999786376953,64.95999908447266,64.19000244140625,64.6500015258789,10212500.0
2020-09-14,64.97000122070312,65.37000274658203,64.77999877929688,65.06999969482422,6397000.0
2020-09-15,65.2300033569336,65.45999908447266,64.88999938964844,64.9800033569336,5672900.0
2020-09-16,65.26000213623047,65.43000030517578,64.62999725341797,64.69000244140625,7270700.0
2020-09-17,64.1500015258789,64.62000274658203,63.81999969482422,64.27999877929688,10108700.0
2020-09-18,64.37999725341797,64.47000122070312,63.25,63.689998626708984,9988900.0
2020-09-21,62.880001068115234,63.06999969482422,62.11000061035156,62.83000183105469,11326200.0
2020-09-22,62.869998931884766,63.5099983215332,62.810001373291016,63.20000076293945,7148600.0
2020-09-23,63.400001525878906,63.560001373291016,62.18000030517578,62.25,7015900.0
2020-09-24,62.25,63.040000915527344,61.83000183105469,62.709999084472656,9141700.0
2020-09-25,62.38999938964844,63.11000061035156,62.25,63.040000915527344,7432100.0
2020-09-28,63.560001373291016,64.11000061035156,63.529998779296875,63.75,6077600.0
2020-09-29,63.779998779296875,63.93000030517578,63.209999084472656,63.33000183105469,8150400.0
2020-09-30,63.59000015258789,64.5,63.560001373291016,64.0999984741211,8284100.0
2020-10-01,64.47000122070312,64.61000061035156,63.90999984741211,64.45999908447266,9262900.0
2020-10-02,63.81999969482422,64.38999938964844,63.61000061035156,64.0999984741211,7463000.0
2020-10-05,64.25,64.61000061035156,64.1500015258789,64.52999877929688,4501200.0
2020-10-06,64.68000030517578,64.93000030517578,63.91999816894531,64.11000061035156,6552800.0
2020-10-07,64.4800033569336,65.06999969482422,64.3499984741211,64.80000305175781,8073100.0
2020-10-08,65.08999633789062,65.29000091552734,64.81999969482422,65.2300033569336,6659000.0
2020-10-09,65.48999786376953,66.02999877929688,65.41000366210938,65.73999786376953,7894700.0
2020-10-12,66.0199966430664,66.8499984741211,65.9800033569336,66.5,8685600.0
2020-10-13,66.30000305175781,66.6500015258789,66.13999938964844,66.44999694824219,7505700.0
2020-10-14,66.44000244140625,66.70999908447266,65.83999633789062,66.11000061035156,6566200.0
2020-10-15,65.62999725341797,66.33000183105469,65.56999969482422,66.1500015258789,6650000.0
2020-10-16,66.3499984741211,66.70999908447266,66.1500015258789,66.16999816894531,6701200.0
2020-10-19,66.16999816894531,66.44999694824219,65.12999725341797,65.30999755859375,7733900.0
2020-10-20,65.94999694824219,66.08000183105469,65.11000061035156,65.23999786376953,7660200.0
2020-10-21,65.16999816894531,65.66999816894531,65.13999938964844,65.30000305175781,7013900.0
2020-10-22,65.30999755859375,65.48999786376953,64.95999908447266,65.2699966430664,7779700.0
2020-10-23,65.5,65.6500015258789,65.19000244140625,65.38999938964844,5094100.0
2020-10-26,64.88999938964844,65.0199966430664,63.97999954223633,64.55000305175781,9352300.0
2020-10-27,64.58999633789062,64.94000244140625,64.3499984741211,64.37999725341797,5331400.0
2020-10-28,63.459999084472656,63.790000915527344,62.43000030517578,62.5,10980600.0
2020-10-29,62.34000015258789,63.099998474121094,61.720001220703125,62.47999954223633,8942700.0
2020-10-30,62.2400016784668,62.540000915527344,61.4900016784668,62.2599983215332,10093200.0
2020-11-02,63.150001525878906,63.540000915527344,62.7599983215332,63.25,10935100.0
2020-11-03,63.88999938964844,64.87999725341797,63.810001373291016,64.29000091552734,20578800.0
2020-11-04,64.6500015258789,65.41000366210938,64.23999786376953,64.31999969482422,25605800.0
2020-11-05,65.06999969482422,65.4000015258789,64.61000061035156,64.79000091552734,13919500.0
2020-11-06,64.88999938964844,65.41999816894531,64.80999755859375,65.08999633789062,12703600.0
2020-11-09,66.63999938964844,67.27999877929688,64.8499984741211,64.94000244140625,15142600.0
2020-11-10,64.93000030517578,66.4000015258789,64.87999725341797,66.22000122070312,15134300.0
2020-11-11,66.5999984741211,67.08000183105469,66.1500015258789,66.79000091552734,10382100.0
2020-11-12,66.61000061035156,66.79000091552734,66.05000305175781,66.61000061035156,8945500.0
2020-11-13,66.86000061035156,67.62000274658203,66.66000366210938,67.52999877929688,6167300.0
2020-11-16,68.1500015258789,68.18000030517578,67.62999725341797,68.1500015258789,12955900.0
2020-11-17,67.63999938964844,68.06999969482422,67.47000122070312,67.66999816894531,8147900.0
2020-11-18,67.7699966430664,68.01000213623047,66.7300033569336,66.73999786376953,7607700.0
2020-11-19,66.55999755859375,67.0199966430664,66.4000015258789,66.91999816894531,8830200.0
2020-11-20,66.81999969482422,67.11000061035156,66.44000244140625,66.5,4663400.0
2020-11-23,66.62000274658203,66.72000122070312,66.11000061035156,66.5199966430664,5825300.0
2020-11-24,66.91999816894531,67.19999694824219,66.7699966430664,66.97000122070312,6064900.0
2020-11-25,66.94000244140625,67.19999694824219,66.83999633789062,66.93000030517578,5245400.0
2020-11-27,67.0999984741211,67.0999984741211,66.72000122070312,66.91999816894531,3228600.0
2020-11-30,66.75,66.9800033569336,66.2300033569336,66.91000366210938,11581900.0
2020-12-01,67.20999908447266,67.56999969482422,67.08000183105469,67.5,12126200.0
2020-12-02,67.2699966430664,67.58999633789062,66.72000122070312,66.94000244140625,11392100.0
2020-12-03,66.7699966430664,67.2300033569336,66.76000213623047,67.11000061035156,10951400.0
2020-12-04,67.16999816894531,67.63999938964844,67.08999633789062,67.62999725341797,11055800.0
2020-12-07,67.5,67.61000061035156,67.05000305175781,67.37000274658203,9466300.0
2020-12-08,67.12999725341797,67.87999725341797,66.98999786376953,67.73999786376953,7090900.0
2020-12-09,67.83999633789062,67.87000274658203,67.29000091552734,67.47000122070312,10420100.0
2020-12-10,67.44999694824219,67.62000274658203,67.0,67.16999816894531,5723400.0
2020-12-11,66.91000366210938,67.51000213623047,66.88999938964844,67.31999969482422,5000800.0
2020-12-14,67.6500015258789,67.91000366210938,67.04000091552734,67.05999755859375,6663200.0
2020-12-15,67.3499984741211,67.55000305175781,67.13999938964844,67.22000122070312,6121300.0
2020-12-16,67.2699966430664,67.66999816894531,67.11000061035156,67.3499984741211,10505500.0
2020-12-17,67.58999633789062,67.86000061035156,67.56999969482422,67.77999877929688,4673300.0
2020-12-18,67.87999725341797,68.08000183105469,67.41000366210938,67.93000030517578,6980500.0
2020-12-21,66.62000274658203,66.7699966430664,65.94000244140625,66.63999938964844,8255600.0
2020-12-22,66.61000061035156,66.61000061035156,66.05999755859375,66.16999816894531,9107900.0
2020-12-23,66.37000274658203,66.6500015258789,66.23999786376953,66.38999938964844,4302600.0
2020-12-24,66.44000244140625,66.76000213623047,66.27999877929688,66.72000122070312,1954900.0
2020-12-28,66.97000122070312,67.44999694824219,66.9000015258789,67.25,6315400.0
2020-12-29,67.41999816894531,67.61000061035156,66.87999725341797,67.05000305175781,4993600.0
2020-12-30,67.12999725341797,67.20999908447266,66.9000015258789,66.9800033569336,7359900.0
2020-12-31,67.05000305175781,67.55000305175781,66.72000122070312,67.44999694824219,6062200.0
2021-01-04,67.41999816894531,67.44000244140625,65.91999816894531,66.72000122070312,12992600.0
2021-01-05,66.62000274658203,66.86000061035156,66.0999984741211,66.72000122070312,10871900.0
2021-01-06,66.58999633789062,67.0999984741211,66.4800033569336,66.7699966430664,14206600.0
2021-01-07,66.81999969482422,66.9800033569336,66.30000305175781,66.56999969482422,13963500.0
2021-01-08,66.62000274658203,66.95999908447266,66.25,66.9000015258789,17960800.0
2021-01-11,66.52999877929688,66.97000122070312,66.22000122070312,66.33000183105469,9648700.0
2021-01-12,66.33000183105469,66.4800033569336,65.83000183105469,66.11000061035156,11089500.0
2021-01-13,66.04000091552734,66.45999908447266,66.01000213623047,66.20999908447266,8337500.0
2021-01-14,66.2699966430664,66.30000305175781,65.77999877929688,65.86000061035156,11549000.0
2021-01-15,65.62000274658203,65.91999816894531,65.36000061035156,65.62999725341797,13260300.0
2021-01-19,65.8499984741211,65.9800033569336,65.29000091552734,65.33999633789062,8130800.0
2021-01-20,65.31999969482422,65.62000274658203,64.87999725341797,65.45999908447266,10700600.0
2021-01-21,65.36000061035156,65.41000366210938,65.12999725341797,65.23999786376953,8461200.0
2021-01-22,65.19000244140625,65.47000122070312,64.91999816894531,65.06999969482422,8329300.0
2021-01-25,64.87000274658203,65.94000244140625,64.83999633789062,65.72000122070312,17486100.0
2021-01-26,65.80000305175781,66.44000244140625,65.5,66.30999755859375,9304200.0
2021-01-27,65.94000244140625,66.83000183105469,65.02999877929688,65.19000244140625,17826800.0
2021-01-28,65.31999969482422,66.16999816894531,65.12999725341797,65.44000244140625,19925900.0
2021-01-29,65.19000244140625,65.20999908447266,64.05999755859375,64.08999633789062,19374700.0
2021-02-01,64.36000061035156,64.5,63.939998626708984,64.1500015258789,13283300.0
2021-02-02,64.4000015258789,65.0999984741211,64.20999908447266,64.58000183105469,13278400.0
2021-02-03,64.43000030517578,64.83000183105469,64.25,64.68000030517578,9542000.0
2021-02-04,64.73999786376953,65.16999816894531,64.5999984741211,65.1500015258789,7292400.0
2021-02-05,65.55000305175781,65.95999908447266,65.5199966430664,65.76000213623047,8889300.0
2021-02-08,65.97000122070312,66.16000366210938,65.58000183105469,66.01000213623047,9412200.0
2021-02-09,66.0199966430664,66.19000244140625,65.7699966430664,65.94999694824219,12345400.0
2021-02-10,66.26000213623047,66.41000366210938,65.7300033569336,65.87999725341797,6957200.0
2021-02-11,65.94999694824219,65.97000122070312,65.48999786376953,65.58999633789062,7478500.0
2021-02-12,65.52999877929688,65.7699966430664,65.36000061035156,65.69000244140625,7131800.0
2021-02-16,65.80999755859375,65.86000061035156,65.33999633789062,65.56999969482422,9246600.0
2021-02-17,65.31999969482422,65.94000244140625,65.23999786376953,65.80999755859375,8871000.0
2021-02-18,65.22000122070312,65.94000244140625,65.16999816894531,65.7699966430664,7464900.0
2021-02-19,65.81999969482422,65.83000183105469,64.87999725341797,64.94000244140625,10246100.0
2021-02-22,64.7699966430664,65.16999816894531,64.63999938964844,65.0,8649600.0
2021-02-23,65.20999908447266,65.63999938964844,64.86000061035156,65.08999633789062,12743400.0
2021-02-24,64.91999816894531,65.26000213623047,64.7300033569336,65.05000305175781,9103700.0
2021-02-25,64.94999694824219,65.31999969482422,64.19999694824219,64.33999633789062,17558500.0
2021-02-26,64.47000122070312,64.47000122070312,63.279998779296875,63.29999923706055,17718400.0
2021-03-01,63.75,64.45999908447266,63.72999954223633,63.939998626708984,11263900.0
2021-03-02,63.869998931884766,64.31999969482422,63.79999923706055,63.83000183105469,12942700.0
2021-03-03,63.65999984741211,64.02999877929688,63.4900016784668,63.529998779296875,13450900.0
2021-03-04,63.65999984741211,64.43000030517578,62.9900016784668,63.29999923706055,25968700.0
2021-03-05,63.56999969482422,64.88999938964844,63.33000183105469,64.69999694824219,21719300.0
2021-03-08,64.72000122070312,65.66999816894531,64.61000061035156,64.9800033569336,18947000.0
2021-03-09,65.19999694824219,65.51000213623047,64.87000274658203,64.91999816894531,17259600.0
2021-03-10,64.97000122070312,66.05999755859375,64.76000213623047,65.7699966430664,15827600.0
2021-03-11,65.83999633789062,66.04000091552734,65.54000091552734,65.61000061035156,12386500.0
2021-03-12,65.8499984741211,66.23999786376953,65.80000305175781,66.1500015258789,10518200.0
2021-03-15,66.38999938964844,66.5,66.04000091552734,66.44000244140625,8383700.0
2021-03-16,66.36000061035156,66.7300033569336,66.36000061035156,66.5199966430664,13550200.0
2021-03-17,66.55000305175781,66.81999969482422,66.19000244140625,66.41999816894531,12254200.0
2021-03-18,66.25,66.5199966430664,65.83000183105469,66.1500015258789,14497600.0
2021-03-19,66.22000122070312,66.55999755859375,66.05999755859375,66.37999725341797,20807100.0
2021-03-22,65.91000366210938,66.76000213623047,65.86000061035156,66.72000122070312,14499400.0
2021-03-23,66.70999908447266,67.30999755859375,66.52999877929688,67.0,13216300.0
2021-03-24,66.83999633789062,67.16999816894531,66.58000183105469,66.73999786376953,15831000.0
2021-03-25,66.83000183105469,67.47000122070312,66.5,67.38999938964844,14764000.0
2021-03-26,67.47000122070312,68.62000274658203,67.27999877929688,68.58000183105469,15098600.0
2021-03-29,68.37999725341797,69.33000183105469,68.3499984741211,69.2699966430664,11857300.0
2021-03-30,69.13999938964844,69.20999908447266,68.4000015258789,68.52999877929688,14042700.0
2021-03-31,68.5,68.77999877929688,68.16000366210938,68.30999755859375,18241100.0
2021-04-01,68.04000091552734,68.33000183105469,67.52999877929688,67.9800033569336,21191800.0
2021-04-05,68.2699966430664,69.22000122070312,68.1500015258789,68.8499984741211,20093000.0
2021-04-06,68.7300033569336,69.4000015258789,68.68000030517578,69.13999938964844,19302100.0
2021-04-07,69.26000213623047,69.3499984741211,68.87999725341797,68.97000122070312,20763900.0
2021-04-08,68.94000244140625,69.18000030517578,68.86000061035156,69.04000091552734,10244700.0
2021-04-09,69.05000305175781,69.20999908447266,68.5,68.91999816894531,7020400.0
2021-04-12,69.01000213623047,69.30000305175781,68.91999816894531,69.29000091552734,10117800.0
2021-04-13,68.98999786376953,69.18000030517578,68.83000183105469,68.91999816894531,11982600.0
2021-04-14,68.87999725341797,68.95999908447266,68.56999969482422,68.86000061035156,12087500.0
2021-04-15,69.0199966430664,69.5199966430664,69.0199966430664,69.41000366210938,7714900.0
2021-04-16,69.69999694824219,69.94999694824219,69.43000030517578,69.80999755859375,7810000.0
2021-04-19,69.81999969482422,69.95999908447266,69.31999969482422,69.54000091552734,10867400.0
2021-04-20,69.05000305175781,70.13999938964844,68.94999694824219,69.91999816894531,13168800.0
2021-04-21,70.0,70.47000122070312,70.0,70.2699966430664,10794900.0
2021-04-22,70.1500015258789,70.19000244140625,69.5999984741211,69.75,10762900.0
2021-04-23,69.61000061035156,69.79000091552734,69.29000091552734,69.56999969482422,9133800.0
2021-04-26,69.52999877929688,69.52999877929688,68.69000244140625,68.79000091552734,8750100.0
2021-04-27,68.75,68.88999938964844,68.44000244140625,68.73999786376953,10078900.0
2021-04-28,69.0199966430664,69.18000030517578,68.70999908447266,68.79000091552734,7925300.0
2021-04-29,68.76000213623047,69.62999725341797,68.76000213623047,69.5199966430664,9202600.0
2021-04-30,69.5199966430664,69.61000061035156,69.23999786376953,69.58000183105469,10784800.0
2021-05-03,69.7300033569336,70.41000366210938,69.66000366210938,70.1500015258789,12671500.0
2021-05-04,70.0,70.2699966430664,69.56999969482422,69.79000091552734,11147300.0
2021-05-05,69.7699966430664,69.87000274658203,69.5,69.73999786376953,8726200.0
2021-05-06,69.87000274658203,70.66000366210938,69.87000274658203,70.63999938964844,10192000.0
2021-05-07,70.52999877929688,70.86000061035156,70.36000061035156,70.63999938964844,9841800.0
2021-05-10,70.94000244140625,71.63999938964844,70.87999725341797,71.18000030517578,10558400.0
2021-05-11,71.20999908447266,71.36000061035156,70.23999786376953,70.55999755859375,14385700.0
2021-05-12,70.4000015258789,70.4800033569336,69.61000061035156,69.62000274658203,13223100.0
2021-05-13,69.61000061035156,70.91999816894531,69.52999877929688,70.5999984741211,18490900.0
2021-05-14,70.87000274658203,71.33000183105469,70.83000183105469,70.91000366210938,9672600.0
2021-05-17,70.94999694824219,71.26000213623047,70.66000366210938,70.80999755859375,10705800.0
2021-05-18,70.88999938964844,71.16999816894531,70.55000305175781,70.58999633789062,11168900.0
2021-05-19,70.25,70.45999908447266,69.86000061035156,70.36000061035156,13709500.0
2021-05-20,70.37000274658203,71.26000213623047,70.33000183105469,71.01000213623047,11336300.0
2021-05-21,71.19000244140625,71.4800033569336,70.88999938964844,71.0199966430664,7779600.0
2021-05-24,71.11000061035156,71.4800033569336,70.97000122070312,71.2300033569336,6535900.0
2021-05-25,71.27999877929688,71.30999755859375,70.81999969482422,71.25,8271800.0
2021-05-26,71.29000091552734,71.36000061035156,70.97000122070312,71.0999984741211,10622500.0
2021-05-27,71.22000122070312,71.44999694824219,70.58999633789062,70.66000366210938,12693900.0
2021-05-28,70.7699966430664,71.11000061035156,70.76000213623047,70.80999755859375,8476400.0
2021-06-01,71.08000183105469,71.26000213623047,70.33000183105469,70.56999969482422,8893800.0
2021-06-02,70.66999816894531,70.95999908447266,70.5,70.83000183105469,6411300.0
2021-06-03,70.62000274658203,71.33000183105469,70.62000274658203,71.2699966430664,9410000.0
2021-06-04,71.4800033569336,71.69000244140625,71.29000091552734,71.5199966430664,6078200.0
2021-06-07,71.52999877929688,71.62000274658203,71.08000183105469,71.4000015258789,7306900.0
2021-06-08,71.41999816894531,71.51000213623047,70.79000091552734,70.80000305175781,8545200.0
2021-06-09,70.66999816894531,71.0199966430664,70.44000244140625,70.45999908447266,8273800.0
2021-06-10,70.58999633789062,71.08000183105469,70.55999755859375,70.9000015258789,8213000.0
2021-06-11,71.04000091552734,71.06999969482422,70.5999984741211,70.94000244140625,6232300.0
2021-06-14,70.87999725341797,70.91999816894531,70.47000122070312,70.9000015258789,10449400.0
2021-06-15,70.95999908447266,71.12000274658203,70.66000366210938,70.7300033569336,5151600.0
2021-06-16,70.75,70.83000183105469,69.7699966430664,69.79000091552734,10507100.0
2021-06-17,69.80000305175781,70.19000244140625,69.61000061035156,70.04000091552734,9239700.0
2021-06-18,69.55999755859375,69.6500015258789,68.77999877929688,68.80000305175781,16882500.0
2021-06-21,68.76000213623047,69.20999908447266,68.72000122070312,69.13999938964844,14278400.0
2021-06-22,69.1500015258789,69.52999877929688,69.04000091552734,69.23999786376953,8351000.0
2021-06-23,69.18000030517578,69.19000244140625,68.80999755859375,68.80999755859375,7072900.0
2021-06-24,68.83000183105469,69.2300033569336,68.7699966430664,69.1500015258789,6343700.0
2021-06-25,69.19000244140625,69.76000213623047,69.06999969482422,69.68000030517578,9241300.0
2021-06-28,69.7300033569336,69.93000030517578,69.58000183105469,69.73999786376953,7570600.0
2021-06-29,69.77999877929688,69.9000015258789,69.31999969482422,69.43000030517578,13155400.0
2021-06-30,69.58000183105469,70.05999755859375,69.55000305175781,69.97000122070312,8815100.0
2021-07-01,70.0,70.16999816894531,69.6500015258789,69.76000213623047,11633100.0
2021-07-02,69.91999816894531,70.13999938964844,69.83000183105469,69.93000030517578,20733300.0
2021-07-06,69.7699966430664,69.80000305175781,69.30999755859375,69.63999938964844,7595700.0
2021-07-07,69.62000274658203,70.27999877929688,69.61000061035156,70.01000213623047,7880500.0
2021-07-08,69.68000030517578,70.05999755859375,69.4800033569336,69.75,9212900.0
2021-07-09,70.0199966430664,70.27999877929688,69.87999725341797,70.1500015258789,6286900.0
2021-07-12,70.02999877929688,70.13999938964844,69.7699966430664,70.04000091552734,7384200.0
2021-07-13,70.0199966430664,70.44999694824219,69.87999725341797,70.0199966430664,12057600.0
2021-07-14,70.11000061035156,70.73999786376953,70.01000213623047,70.63999938964844,7616100.0
2021-07-15,70.52999877929688,70.94000244140625,70.33000183105469,70.93000030517578,8662500.0
2021-07-16,71.05000305175781,71.30999755859375,70.94999694824219,71.04000091552734,8634300.0
2021-07-19,70.80000305175781,71.2699966430664,70.19999694824219,70.83000183105469,20734400.0
2021-07-20,70.81999969482422,71.54000091552734,70.66000366210938,70.8499984741211,20404900.0
2021-07-21,71.18000030517578,71.23999786376953,70.6500015258789,70.66999816894531,9366300.0
2021-07-22,70.48999786376953,70.73999786376953,70.0999984741211,70.55000305175781,9632100.0
2021-07-23,70.56999969482422,71.48999786376953,70.47000122070312,71.4000015258789,9732400.0
2021-07-26,71.29000091552734,71.62999725341797,71.11000061035156,71.5199966430664,5952200.0
2021-07-27,71.5,71.9800033569336,71.2699966430664,71.66999816894531,14720700.0
2021-07-28,71.5,71.58999633789062,70.88999938964844,71.04000091552734,9114100.0
2021-07-29,71.30000305175781,71.58999633789062,71.2300033569336,71.38999938964844,8811100.0
2021-07-30,71.5,71.87999725341797,71.4000015258789,71.51000213623047,10403700.0
2021-08-02,71.51000213623047,71.58000183105469,71.12999725341797,71.20999908447266,12049800.0
2021-08-03,71.2300033569336,71.66000366210938,71.05999755859375,71.52999877929688,8647700.0
2021-08-04,71.27999877929688,71.45999908447266,70.55000305175781,70.5999984741211,8886500.0
2021-08-05,70.97000122070312,71.08999633789062,70.7699966430664,70.94000244140625,7063000.0
2021-08-06,71.0999984741211,71.2300033569336,70.80999755859375,70.94000244140625,13492100.0
2021-08-09,71.16999816894531,71.31999969482422,71.01000213623047,71.19999694824219,9054900.0
2021-08-10,71.33999633789062,71.73999786376953,71.22000122070312,71.70999908447266,11291700.0
2021-08-11,71.88999938964844,72.23999786376953,71.83000183105469,71.94999694824219,14992700.0
2021-08-12,71.98999786376953,72.04000091552734,71.77999877929688,71.91000366210938,6432100.0
2021-08-13,72.0,72.58000183105469,71.88999938964844,72.51000213623047,8808500.0
2021-08-16,72.51000213623047,72.94999694824219,72.37999725341797,72.93000030517578,7903100.0
2021-08-17,72.80000305175781,73.25,72.62999725341797,72.97000122070312,15666000.0
2021-08-18,72.83000183105469,72.94000244140625,72.01000213623047,72.05999755859375,10669200.0
2021-08-19,71.73999786376953,72.79000091552734,71.69999694824219,72.63999938964844,13035600.0
2021-08-20,72.62999725341797,73.05000305175781,72.36000061035156,72.76000213623047,10454500.0
2021-08-23,72.7699966430664,72.9000015258789,72.5,72.52999877929688,8794500.0
2021-08-24,72.48999786376953,72.51000213623047,71.87999725341797,71.9800033569336,8494200.0
2021-08-25,71.93000030517578,72.02999877929688,71.61000061035156,71.86000061035156,8007400.0
2021-08-26,71.76000213623047,71.80999755859375,71.29000091552734,71.52999877929688,13078000.0
2021-08-27,71.5999984741211,71.91000366210938,71.36000061035156,71.77999877929688,9126200.0
2021-08-30,71.80000305175781,72.16999816894531,71.7300033569336,72.0999984741211,5645800.0
2021-08-31,72.16000366210938,72.33999633789062,71.9800033569336,72.26000213623047,8037000.0
2021-09-01,72.31999969482422,72.70999908447266,72.19000244140625,72.63999938964844,8399100.0
2021-09-02,72.79000091552734,73.04000091552734,72.66000366210938,72.91999816894531,6623300.0
2021-09-03,72.69999694824219,72.94000244140625,72.48999786376953,72.83000183105469,6010700.0
2021-09-07,72.70999908447266,72.70999908447266,71.94000244140625,71.98999786376953,9206300.0
2021-09-08,71.9000015258789,72.69000244140625,71.86000061035156,72.61000061035156,10662900.0
2021-09-09,72.54000091552734,72.55999755859375,72.12000274658203,72.19000244140625,7741500.0
2021-09-10,72.33000183105469,72.36000061035156,71.73999786376953,71.87999725341797,10269900.0
2021-09-13,72.16000366210938,72.68000030517578,71.88999938964844,72.05999755859375,13798000.0
2021-09-14,72.23999786376953,72.29000091552734,71.61000061035156,71.7300033569336,9145500.0
2021-09-15,71.7300033569336,72.11000061035156,71.55999755859375,71.98999786376953,8824700.0
2021-09-16,71.9000015258789,72.12000274658203,71.1500015258789,71.75,9789900.0
2021-09-17,71.55999755859375,71.81999969482422,71.3499984741211,71.36000061035156,13150000.0
2021-09-20,70.43000030517578,70.83999633789062,69.66999816894531,70.20999908447266,17880700.0
2021-09-21,70.41000366210938,70.97000122070312,70.0,70.12999725341797,11140400.0
2021-09-22,70.58999633789062,70.7699966430664,70.19000244140625,70.33000183105469,10025900.0
2021-09-23,70.43000030517578,70.91000366210938,70.36000061035156,70.58999633789062,8440500.0
2021-09-24,70.48999786376953,70.93000030517578,70.48999786376953,70.62000274658203,6717300.0
2021-09-27,70.51000213623047,70.83999633789062,70.23999786376953,70.30000305175781,8467100.0
2021-09-28,70.11000061035156,70.19000244140625,69.22000122070312,69.47000122070312,14982900.0
2021-09-29,69.61000061035156,70.45999908447266,69.45999908447266,70.0999984741211,13329500.0
2021-09-30,70.2699966430664,70.33000183105469,68.80999755859375,68.83999633789062,16259900.0
2021-10-01,69.05000305175781,69.3499984741211,68.37000274658203,69.0199966430664,15889200.0
2021-10-04,69.0,69.48999786376953,68.31999969482422,68.80000305175781,20351600.0
2021-10-05,68.97000122070312,69.45999908447266,68.81999969482422,69.1500015258789,16186100.0
2021-10-06,68.79000091552734,69.88999938964844,68.70999908447266,69.81999969482422,14909900.0
2021-10-07,70.16999816894531,70.75,70.08000183105469,70.12999725341797,8396800.0
2021-10-08,70.18000030517578,70.33999633789062,69.91999816894531,70.05000305175781,7285700.0
2021-10-11,70.16000366210938,70.41000366210938,69.97000122070312,70.02999877929688,8218300.0
2021-10-12,70.08999633789062,70.5999984741211,69.91000366210938,70.05999755859375,12401200.0
2021-10-13,70.12999725341797,70.37999725341797,69.58000183105469,70.19000244140625,9548300.0
2021-10-14,70.44999694824219,71.08999633789062,70.4000015258789,70.9800033569336,9975100.0
2021-10-15,71.22000122070312,71.25,70.61000061035156,70.80999755859375,11575200.0
2021-10-18,70.5,70.72000122070312,70.0199966430664,70.38999938964844,10043300.0
2021-10-19,70.2699966430664,70.43000030517578,69.93000030517578,70.41999816894531,10203100.0
2021-10-20,70.48999786376953,71.06999969482422,70.43000030517578,70.83000183105469,8829700.0
2021-10-21,70.93000030517578,70.98999786376953,70.66000366210938,70.73999786376953,7976400.0
2021-10-22,70.87999725341797,71.4000015258789,70.81999969482422,71.29000091552734,9575700.0
2021-10-25,71.23999786376953,71.4000015258789,70.73999786376953,71.23999786376953,6844600.0
2021-10-26,71.25,71.66999816894531,71.19999694824219,71.48999786376953,8805500.0
2021-10-27,71.86000061035156,71.91000366210938,71.04000091552734,71.06999969482422,10334900.0
2021-10-28,71.08999633789062,71.3499984741211,70.97000122070312,71.31999969482422,8614800.0
2021-10-29,71.13999938964844,71.52999877929688,71.06999969482422,71.25,8105300.0
2021-11-01,71.4000015258789,71.5199966430664,71.11000061035156,71.36000061035156,7033700.0
2021-11-02,71.4000015258789,72.0,71.19000244140625,71.83999633789062,9942700.0
2021-11-03,71.8499984741211,72.51000213623047,71.80000305175781,72.51000213623047,10471100.0
2021-11-04,72.25,72.63999938964844,72.05999755859375,72.58000183105469,11701700.0
2021-11-05,72.86000061035156,73.12000274658203,72.72000122070312,73.0,9929100.0
2021-11-08,73.02999877929688,73.08000183105469,72.08000183105469,72.41999816894531,12813600.0
2021-11-09,72.44000244140625,72.73999786376953,72.19999694824219,72.66999816894531,13527600.0
2021-11-10,72.73999786376953,73.08000183105469,72.61000061035156,72.88999938964844,11350400.0
2021-11-11,72.94000244140625,72.9800033569336,72.66999816894531,72.83999633789062,6319100.0
2021-11-12,72.98999786376953,73.18000030517578,72.72000122070312,72.83999633789062,7469800.0
2021-11-15,72.97000122070312,73.2699966430664,72.83000183105469,73.19000244140625,6381300.0
2021-11-16,73.13999938964844,73.37999725341797,72.69999694824219,72.7300033569336,6562200.0
2021-11-17,72.66000366210938,72.80000305175781,72.44000244140625,72.56999969482422,10444900.0
2021-11-18,72.37999725341797,72.4800033569336,71.95999908447266,72.30999755859375,11269500.0
2021-11-19,72.47000122070312,72.48999786376953,72.01000213623047,72.05000305175781,11924000.0
2021-11-22,72.13999938964844,73.12000274658203,72.05999755859375,72.62000274658203,13425400.0
2021-11-23,72.62999725341797,73.22000122070312,72.51000213623047,73.0999984741211,13405700.0
2021-11-24,73.0,73.11000061035156,72.55000305175781,72.87999725341797,9556400.0
2021-11-26,72.38999938964844,72.72000122070312,71.69999694824219,71.95999908447266,11715600.0
2021-11-29,72.04000091552734,72.41999816894531,71.68000030517578,72.13999938964844,13646600.0
2021-11-30,71.69000244140625,71.75,70.13999938964844,70.29000091552734,23715100.0
2021-12-01,70.7699966430664,71.36000061035156,69.91999816894531,69.94999694824219,22897400.0
2021-12-02,70.19000244140625,71.13999938964844,70.19000244140625,70.69000244140625,18704000.0
2021-12-03,71.08000183105469,71.68000030517578,70.87000274658203,71.56999969482422,22867600.0
2021-12-06,72.08000183105469,73.0999984741211,72.06999969482422,72.83000183105469,18524400.0
2021-12-07,72.94999694824219,73.3499984741211,72.80999755859375,72.98999786376953,13169300.0
2021-12-08,72.87000274658203,73.19000244140625,72.13999938964844,72.76000213623047,14489800.0
2021-12-09,72.75,73.22000122070312,72.44000244140625,72.95999908447266,8613900.0
2021-12-10,73.38999938964844,74.23999786376953,73.26000213623047,74.19000244140625,10890000.0
2021-12-13,74.16999816894531,75.38999938964844,74.05999755859375,75.16000366210938,16518100.0
2021-12-14,75.01000213623047,75.33000183105469,74.72000122070312,75.20999908447266,16048300.0
2021-12-15,75.22000122070312,76.05999755859375,75.19000244140625,75.97000122070312,21277000.0
2021-12-16,75.91000366210938,76.77999877929688,75.9000015258789,76.51000213623047,14499000.0
2021-12-17,76.23999786376953,76.62000274658203,75.16000366210938,75.19999694824219,23809700.0
2021-12-20,74.12000274658203,74.75,74.02999877929688,74.70999908447266,14116700.0
2021-12-21,74.70999908447266,74.76000213623047,74.16999816894531,74.61000061035156,11872100.0
2021-12-22,74.58000183105469,75.11000061035156,74.29000091552734,75.08000183105469,7650200.0
2021-12-23,75.26000213623047,75.51000213623047,75.13999938964844,75.25,8089000.0
2021-12-27,75.30000305175781,76.05000305175781,75.30000305175781,76.05000305175781,7343200.0
2021-12-28,75.95999908447266,76.55999755859375,75.95999908447266,76.4800033569336,7285200.0
2021-12-29,76.55999755859375,77.0199966430664,76.43000030517578,76.83000183105469,7891600.0
2021-12-30,77.0199966430664,77.0999984741211,76.54000091552734,76.58999633789062,6802800.0
2021-12-31,76.54000091552734,77.2300033569336,76.5,77.11000061035156,11289000.0
2022-01-03,76.66000366210938,77.13999938964844,76.0199966430664,77.0999984741211,22320300.0
2022-01-04,77.08000183105469,77.86000061035156,77.05000305175781,77.62000274658203,23066000.0
2022-01-05,77.5199966430664,78.18000030517578,77.48999786376953,77.55000305175781,29748500.0
2022-01-06,77.5,77.9800033569336,77.2300033569336,77.33999633789062,25023900.0
2022-01-07,77.22000122070312,77.72000122070312,77.01000213623047,77.41999816894531,12650300.0
2022-01-10,77.30000305175781,77.45999908447266,76.55999755859375,76.80999755859375,18578300.0
2022-01-11,76.7300033569336,76.79000091552734,75.87999725341797,76.72000122070312,19571600.0
2022-01-12,76.66999816894531,76.80999755859375,76.38999938964844,76.75,11155200.0
2022-01-13,76.83000183105469,77.05000305175781,76.58000183105469,76.88999938964844,14287300.0
2022-01-14,76.69999694824219,77.12999725341797,76.3499984741211,77.02999877929688,21391700.0
2022-01-18,76.45999908447266,76.4800033569336,75.68000030517578,75.91999816894531,16683800.0
2022-01-19,76.05999755859375,76.93000030517578,76.04000091552734,76.4000015258789,18518500.0
2022-01-20,76.33000183105469,76.9800033569336,75.83000183105469,75.9000015258789,15677800.0
2022-01-21,76.27999877929688,76.93000030517578,75.83999633789062,75.95999908447266,25270600.0
2022-01-24,75.66000366210938,76.16000366210938,74.11000061035156,75.70999908447266,35518900.0
2022-01-25,75.05000305175781,75.30999755859375,73.97000122070312,74.87000274658203,28638500.0
2022-01-26,74.63999938964844,75.30999755859375,73.86000061035156,74.30000305175781,33222000.0
2022-01-27,74.88999938964844,75.9800033569336,74.51000213623047,74.80000305175781,23816500.0
2022-01-28,74.41000366210938,75.72000122070312,73.76000213623047,75.68000030517578,25111500.0
2022-01-31,75.22000122070312,76.04000091552734,75.05000305175781,75.97000122070312,15453000.0
2022-02-01,75.97000122070312,76.13999938964844,75.12000274658203,75.9000015258789,15620900.0
2022-02-02,75.9800033569336,76.93000030517578,75.91000366210938,76.80999755859375,13630400.0
2022-02-03,76.45999908447266,77.20999908447266,76.3499984741211,76.83000183105469,14414700.0
2022-02-04,76.30999755859375,76.66999816894531,75.45999908447266,75.88999938964844,17939500.0
2022-02-07,76.19000244140625,76.4000015258789,75.58999633789062,76.02999877929688,10949400.0
2022-02-08,76.20999908447266,76.52999877929688,75.91000366210938,76.31999969482422,11472900.0
2022-02-09,76.69000244140625,76.86000061035156,76.20999908447266,76.33999633789062,14899300.0
2022-02-10,75.91999816894531,76.2699966430664,75.25,75.5199966430664,19828500.0
2022-02-11,75.73999786376953,76.0199966430664,75.02999877929688,75.25,18498300.0
2022-02-14,75.25,75.52999877929688,74.04000091552734,75.04000091552734,23550800.0
2022-02-15,75.48999786376953,75.97000122070312,74.81999969482422,75.16999816894531,12300400.0
2022-02-16,75.12999725341797,75.58000183105469,74.58000183105469,75.30999755859375,13507700.0
2022-02-17,75.12000274658203,76.0999984741211,74.9000015258789,75.88999938964844,12873300.0
2022-02-18,75.83000183105469,76.31999969482422,75.58000183105469,76.02999877929688,16470100.0
2022-02-22,76.08999633789062,76.1500015258789,74.95999908447266,75.44000244140625,21545800.0
2022-02-23,75.69000244140625,75.7300033569336,74.7300033569336,74.83000183105469,15134300.0
2022-02-24,73.83999633789062,74.0,72.19000244140625,73.54000091552734,30125500.0
2022-02-25,73.97000122070312,76.0199966430664,73.94000244140625,75.91000366210938,21141600.0
2022-02-28,74.77999877929688,75.20999908447266,74.08999633789062,74.9000015258789,20975100.0
2022-03-01,74.69999694824219,75.30999755859375,74.05999755859375,74.45999908447266,18750300.0
2022-03-02,74.4800033569336,75.58999633789062,74.37999725341797,75.25,18935000.0
2022-03-03,75.58000183105469,76.30999755859375,75.5199966430664,75.86000061035156,19576500.0
2022-03-04,75.0,76.02999877929688,74.70999908447266,75.87000274658203,22078900.0
2022-03-07,75.45999908447266,75.79000091552734,74.4000015258789,74.48999786376953,20057300.0
2022-03-08,74.56999969482422,74.76000213623047,72.43000030517578,72.4800033569336,29710400.0
2022-03-09,73.61000061035156,73.62999725341797,72.66000366210938,72.97000122070312,18254000.0
2022-03-10,72.44999694824219,72.7300033569336,71.5999984741211,72.27999877929688,21892400.0
2022-03-11,72.54000091552734,72.94000244140625,71.33999633789062,71.44000244140625,14276500.0
2022-03-14,71.88999938964844,72.54000091552734,71.43000030517578,71.81999969482422,18438900.0
2022-03-15,72.47000122070312,73.5199966430664,72.30000305175781,73.43000030517578,17078100.0
2022-03-16,73.61000061035156,73.88999938964844,72.45999908447266,73.51000213623047,18783200.0
2022-03-17,73.45999908447266,74.1500015258789,73.29000091552734,74.0199966430664,14484600.0
2022-03-18,74.08999633789062,74.26000213623047,73.52999877929688,74.19000244140625,20278600.0
2022-03-21,74.04000091552734,74.61000061035156,73.54000091552734,73.94999694824219,17659100.0
2022-03-22,74.5,74.6500015258789,73.87000274658203,74.5,11667300.0
2022-03-23,74.58999633789062,74.77999877929688,73.83000183105469,73.9000015258789,14027800.0
2022-03-24,74.19999694824219,74.44999694824219,73.94999694824219,74.41999816894531,9458800.0
2022-03-25,74.5999984741211,75.19000244140625,74.52999877929688,75.04000091552734,12508400.0
2022-03-28,75.06999969482422,75.3499984741211,74.62999725341797,75.3499984741211,11602600.0
2022-03-29,75.94000244140625,76.16000366210938,75.33999633789062,76.0199966430664,16595100.0
2022-03-30,75.72000122070312,76.08000183105469,75.4000015258789,76.06999969482422,13367500.0
2022-03-31,75.9800033569336,76.3499984741211,75.76000213623047,75.88999938964844,12388500.0
2022-04-01,76.02999877929688,76.73999786376953,75.73999786376953,76.6500015258789,12644000.0
2022-04-04,76.5199966430664,76.5199966430664,75.54000091552734,76.41000366210938,9618400.0
2022-04-05,76.05999755859375,77.2699966430664,76.05999755859375,76.4800033569336,12717200.0
2022-04-06,76.4800033569336,77.55000305175781,76.1500015258789,77.44999694824219,23849600.0
2022-04-07,77.70999908447266,78.55999755859375,77.48999786376953,78.38999938964844,18311500.0
2022-04-08,78.5999984741211,78.95999908447266,78.25,78.72000122070312,13879400.0
2022-04-11,78.86000061035156,79.12000274658203,78.25,78.4000015258789,18229900.0
2022-04-12,78.41000366210938,78.95999908447266,78.13999938964844,78.41999816894531,19804800.0
2022-04-13,78.36000061035156,78.97000122070312,78.3499984741211,78.86000061035156,11715500.0
2022-04-14,78.98999786376953,79.38999938964844,78.79000091552734,78.83999633789062,12195600.0
2022-04-18,78.66000366210938,78.94999694824219,77.97000122070312,78.19000244140625,11426700.0
2022-04-19,78.22000122070312,79.48999786376953,78.1500015258789,79.37999725341797,12814100.0
2022-04-20,79.81999969482422,80.75,79.7699966430664,80.56999969482422,21659600.0
2022-04-21,80.7300033569336,81.33999633789062,80.44000244140625,80.5,18501800.0
2022-04-22,80.69000244140625,80.79000091552734,79.16999816894531,79.23999786376953,19747900.0
2022-04-25,79.48999786376953,79.83000183105469,78.18000030517578,79.58999633789062,30868200.0
2022-04-26,79.47000122070312,79.8499984741211,78.33999633789062,78.36000061035156,26864500.0
2022-04-27,78.52999877929688,79.47000122070312,78.31999969482422,78.6500015258789,29441700.0
2022-04-28,78.76000213623047,79.9000015258789,78.3499984741211,79.80999755859375,22128500.0
2022-04-29,79.41000366210938,79.52999877929688,77.54000091552734,77.63999938964844,27802900.0
2022-05-02,78.18000030517578,78.29000091552734,75.48999786376953,76.62000274658203,55145100.0
2022-05-03,76.48999786376953,77.12000274658203,75.9000015258789,76.4000015258789,47646900.0
2022-05-04,76.43000030517578,78.2300033569336,76.19999694824219,78.12000274658203,37161600.0
2022-05-05,77.69999694824219,77.87999725341797,76.06999969482422,76.63999938964844,32186100.0
2022-05-06,76.36000061035156,77.11000061035156,75.97000122070312,76.72000122070312,34046900.0
2022-05-09,76.12999725341797,77.37000274658203,75.7699966430664,76.69000244140625,33323800.0
2022-05-10,77.08000183105469,77.33000183105469,75.8499984741211,76.16000366210938,32510900.0
2022-05-11,76.25,77.11000061035156,75.7699966430664,75.83000183105469,30110100.0
2022-05-12,75.9800033569336,76.36000061035156,75.0,75.80999755859375,29049700.0
2022-05-13,76.19000244140625,77.01000213623047,75.7300033569336,76.94999694824219,15405300.0
2022-05-16,76.9000015258789,77.6500015258789,76.56999969482422,77.30000305175781,14613700.0
2022-05-17,77.02999877929688,77.2300033569336,75.98999786376953,76.7699966430664,20637000.0
2022-05-18,75.93000030517578,75.95999908447266,71.5999984741211,71.83000183105469,40188900.0
2022-05-19,71.43000030517578,71.44999694824219,70.08000183105469,70.55000305175781,38772000.0
2022-05-20,70.94999694824219,70.97000122070312,69.58000183105469,70.69999694824219,26185000.0
2022-05-23,71.4800033569336,72.41999816894531,71.2699966430664,72.16000366210938,17710900.0
2022-05-24,71.98999786376953,73.44999694824219,71.87000274658203,73.33999633789062,23272400.0
2022-05-25,73.19999694824219,73.56999969482422,72.73999786376953,73.36000061035156,16647300.0
2022-05-26,73.69999694824219,74.5199966430664,73.58000183105469,74.13999938964844,16580500.0
2022-05-27,74.25,75.0,74.12000274658203,75.0,16921300.0
2022-05-31,74.5999984741211,74.95999908447266,73.69000244140625,74.47000122070312,19212200.0
2022-06-01,74.56999969482422,74.62999725341797,73.01000213623047,73.5,17552000.0
2022-06-02,73.66999816894531,74.56999969482422,72.45999908447266,74.56999969482422,17618500.0
2022-06-03,74.26000213623047,74.55000305175781,73.62999725341797,73.81999969482422,9750300.0
2022-06-06,74.33000183105469,74.55999755859375,73.5999984741211,73.8499984741211,10924200.0
2022-06-07,72.88999938964844,74.33999633789062,72.88999938964844,74.23999786376953,9070200.0
2022-06-08,73.81999969482422,73.98999786376953,73.27999877929688,73.33000183105469,7896600.0
2022-06-09,73.26000213623047,73.97000122070312,72.20999908447266,72.2300033569336,9442200.0
2022-06-10,71.33999633789062,72.48999786376953,70.97000122070312,71.91999816894531,17720500.0
2022-06-13,70.8499984741211,71.33999633789062,70.08000183105469,70.37000274658203,22813000.0
2022-06-14,70.3499984741211,70.66999816894531,69.04000091552734,69.54000091552734,19864600.0
2022-06-15,70.02999877929688,70.58999633789062,68.83000183105469,69.61000061035156,20069400.0
2022-06-16,68.66000366210938,69.61000061035156,68.22000122070312,69.08000183105469,19017100.0
2022-06-17,69.19999694824219,69.58000183105469,68.5199966430664,68.83000183105469,24825300.0
2022-06-21,69.12999725341797,70.33000183105469,68.80000305175781,70.13999938964844,16147200.0
2022-06-22,69.79000091552734,70.56999969482422,69.5199966430664,70.08999633789062,15207200.0
2022-06-23,70.56999969482422,71.5199966430664,70.5,71.44999694824219,16570700.0
2022-06-24,72.08000183105469,72.87999725341797,71.81999969482422,72.8499984741211,13437000.0
2022-06-27,72.91999816894531,73.04000091552734,72.44000244140625,72.6500015258789,10936500.0
2022-06-28,72.86000061035156,73.31999969482422,71.62000274658203,71.68000030517578,11004000.0
2022-06-29,71.95999908447266,72.43000030517578,71.79000091552734,72.12999725341797,9230600.0
2022-06-30,71.76000213623047,72.5,71.33000183105469,72.18000030517578,12670700.0
2022-07-01,72.19999694824219,73.2699966430664,72.08000183105469,73.22000122070312,11664100.0
2022-07-05,72.7300033569336,72.9800033569336,71.58000183105469,72.75,12828700.0
2022-07-06,73.0199966430664,73.47000122070312,72.7300033569336,72.95999908447266,11768100.0
2022-07-07,72.9000015258789,73.1500015258789,72.5999984741211,73.02999877929688,8476300.0
2022-07-08,73.05999755859375,73.4800033569336,72.66999816894531,72.9000015258789,10732500.0
2022-07-11,72.80999755859375,73.30000305175781,72.55000305175781,72.80000305175781,7172500.0
2022-07-12,72.9000015258789,73.55000305175781,72.33000183105469,72.58999633789062,11032200.0
2022-07-13,72.16999816894531,73.29000091552734,71.98999786376953,72.63999938964844,13851600.0
2022-07-14,71.70999908447266,72.80999755859375,71.69000244140625,72.69999694824219,10801700.0
2022-07-15,73.18000030517578,73.41000366210938,72.6500015258789,72.94000244140625,9300100.0
2022-07-18,73.06999969482422,73.19000244140625,72.0999984741211,72.2300033569336,8473600.0
2022-07-19,72.83000183105469,73.12999725341797,72.62999725341797,72.98999786376953,8729100.0
2022-07-20,73.06999969482422,73.13999938964844,72.12000274658203,72.5,10232000.0
2022-07-21,72.36000061035156,72.88999938964844,72.1500015258789,72.72000122070312,11944800.0
2022-07-22,72.87999725341797,73.41000366210938,72.7699966430664,73.19999694824219,9369800.0
2022-07-25,73.29000091552734,73.7300033569336,73.13999938964844,73.55999755859375,8157500.0
2022-07-26,72.88999938964844,73.5,72.6500015258789,73.38999938964844,9764200.0
2022-07-27,73.25,74.0999984741211,72.69000244140625,73.88999938964844,10995600.0
2022-07-28,73.94000244140625,75.22000122070312,73.80999755859375,75.06999969482422,9372000.0
2022-07-29,74.20999908447266,74.61000061035156,74.01000213623047,74.48999786376953,13198900.0
2022-08-01,74.38999938964844,75.66000366210938,74.36000061035156,75.41999816894531,13150400.0
2022-08-02,75.37000274658203,75.51000213623047,74.70999908447266,74.81999969482422,10632700.0
2022-08-03,74.83999633789062,75.45999908447266,74.52999877929688,75.30999755859375,12808400.0
2022-08-04,75.13999938964844,75.3499984741211,74.51000213623047,74.80999755859375,11983600.0
2022-08-05,74.44000244140625,74.69000244140625,73.94000244140625,74.63999938964844,7125700.0
2022-08-08,74.93000030517578,75.16000366210938,74.41999816894531,74.5999984741211,6966100.0
2022-08-09,74.70999908447266,74.81999969482422,74.3499984741211,74.48999786376953,8086200.0
2022-08-10,75.19999694824219,75.2699966430664,74.77999877929688,75.04000091552734,11262300.0
2022-08-11,75.36000061035156,75.5999984741211,74.69000244140625,74.86000061035156,8959500.0
2022-08-12,75.08999633789062,75.51000213623047,74.80000305175781,75.51000213623047,11094400.0
2022-08-15,75.47000122070312,76.33999633789062,75.3499984741211,76.26000213623047,10207200.0
2022-08-16,76.54000091552734,77.4000015258789,76.4800033569336,77.12000274658203,12312600.0
2022-08-17,76.80000305175781,77.19999694824219,76.70999908447266,76.9000015258789,9667600.0
2022-08-18,76.77999877929688,77.2699966430664,76.69000244140625,77.16000366210938,5777700.0
2022-08-19,76.91999816894531,77.27999877929688,76.7699966430664,76.91000366210938,6456500.0
2022-08-22,76.68000030517578,76.69999694824219,76.0,76.12999725341797,7113700.0
2022-08-23,75.8499984741211,75.91000366210938,75.47000122070312,75.80000305175781,10183400.0
2022-08-24,75.93000030517578,76.1500015258789,75.66999816894531,75.98999786376953,8061900.0
2022-08-25,76.0199966430664,76.33999633789062,75.66000366210938,76.33999633789062,6105000.0
2022-08-26,76.37999725341797,76.47000122070312,74.36000061035156,74.44999694824219,11212500.0
2022-08-29,74.01000213623047,74.75,73.81999969482422,74.33000183105469,13214300.0
2022-08-30,74.47000122070312,74.47000122070312,73.37000274658203,73.55999755859375,10316700.0
2022-08-31,73.79000091552734,73.91999816894531,73.11000061035156,73.11000061035156,10397800.0
2022-09-01,72.86000061035156,73.68000030517578,72.58000183105469,73.5199966430664,15968200.0
2022-09-02,74.08000183105469,74.37000274658203,72.33000183105469,72.55999755859375,15846700.0
2022-09-06,72.5999984741211,73.18000030517578,72.05000305175781,72.1500015258789,21871800.0
2022-09-07,72.37999725341797,73.54000091552734,72.31999969482422,73.44999694824219,19632300.0
2022-09-08,73.08999633789062,73.54000091552734,72.4000015258789,73.26000213623047,14843900.0
2022-09-09,73.44999694824219,74.47000122070312,73.18000030517578,73.9800033569336,18139000.0
2022-09-12,74.04000091552734,74.5199966430664,73.94000244140625,74.2699966430664,8680000.0
2022-09-13,73.6500015258789,73.75,71.58999633789062,71.79000091552734,12940800.0
2022-09-14,72.01000213623047,72.0999984741211,71.33999633789062,71.76000213623047,12291500.0
2022-09-15,71.72000122070312,71.79000091552734,70.97000122070312,71.16000366210938,11234700.0
2022-09-16,70.91000366210938,71.41000366210938,70.9000015258789,71.33000183105469,13452600.0
2022-09-19,70.5999984741211,71.38999938964844,70.5999984741211,71.33999633789062,9370400.0
2022-09-20,70.87000274658203,71.11000061035156,70.4000015258789,70.94999694824219,9169900.0
2022-09-21,71.37999725341797,72.08000183105469,70.63999938964844,70.68000030517578,14189700.0
2022-09-22,70.73999786376953,71.05999755859375,70.44999694824219,70.58000183105469,10428400.0
2022-09-23,70.19000244140625,70.19000244140625,68.66000366210938,69.37999725341797,15909500.0
2022-09-26,69.2300033569336,70.02999877929688,69.0999984741211,69.43000030517578,11638000.0
2022-09-27,69.7699966430664,70.1500015258789,68.0999984741211,68.2300033569336,17159300.0
2022-09-28,68.54000091552734,69.38999938964844,67.94000244140625,69.05000305175781,14259200.0
2022-09-29,68.88999938964844,69.02999877929688,67.48999786376953,67.91000366210938,13508200.0
2022-09-30,68.08000183105469,68.19000244140625,66.68000030517578,66.7300033569336,13427400.0
2022-10-03,67.20999908447266,68.05000305175781,66.83999633789062,67.87999725341797,12703300.0
2022-10-04,68.29000091552734,69.2699966430664,68.27999877929688,68.91000366210938,13366400.0
2022-10-05,68.55000305175781,68.87999725341797,67.79000091552734,68.51000213623047,10596100.0
2022-10-06,68.48999786376953,68.61000061035156,67.36000061035156,67.51000213623047,10607000.0
2022-10-07,67.37999725341797,67.45999908447266,66.23999786376953,66.5,13741600.0
2022-10-10,66.62000274658203,67.0199966430664,66.18000030517578,66.73999786376953,11799000.0
2022-10-11,66.77999877929688,67.9000015258789,66.66999816894531,67.29000091552734,10783400.0
2022-10-12,67.94999694824219,68.41999816894531,67.63999938964844,67.6500015258789,10963200.0
2022-10-13,67.0,69.02999877929688,66.69000244140625,68.7699966430664,18475600.0
2022-10-14,69.18000030517578,69.26000213623047,67.41999816894531,67.52999877929688,11611200.0
2022-10-17,68.23999786376953,68.5999984741211,68.0999984741211,68.26000213623047,9105200.0
2022-10-18,69.27999877929688,69.62000274658203,68.73999786376953,69.1500015258789,11000700.0
2022-10-19,69.25,69.62000274658203,68.55000305175781,68.83000183105469,8985300.0
2022-10-20,68.86000061035156,69.0199966430664,67.80999755859375,67.87000274658203,10023200.0
2022-10-21,67.83000183105469,69.08000183105469,67.61000061035156,68.91000366210938,9613300.0
2022-10-24,69.4000015258789,70.29000091552734,69.25,70.1500015258789,11076000.0
2022-10-25,70.30999755859375,71.16000366210938,69.91000366210938,71.06999969482422,10619600.0
2022-10-26,71.2300033569336,72.05000305175781,71.01000213623047,71.54000091552734,9483700.0
2022-10-27,71.61000061035156,72.06999969482422,71.48999786376953,71.5999984741211,9988200.0
2022-10-28,71.7300033569336,73.30000305175781,71.69999694824219,73.16999816894531,9545400.0
2022-10-31,72.95999908447266,73.19000244140625,72.55000305175781,72.73999786376953,9201000.0
2022-11-01,72.91999816894531,73.2699966430664,72.25,72.51000213623047,9535200.0
2022-11-02,72.36000061035156,73.08000183105469,71.20999908447266,71.25,16291600.0
2022-11-03,70.6500015258789,71.33000183105469,70.48999786376953,71.01000213623047,10624500.0
2022-11-04,71.86000061035156,72.25,70.91000366210938,71.8499984741211,11938600.0
2022-11-07,72.0,72.62000274658203,71.86000061035156,72.48999786376953,7133600.0
2022-11-08,72.70999908447266,73.1500015258789,71.94999694824219,72.69999694824219,9091700.0
2022-11-09,72.5199966430664,72.97000122070312,71.8499984741211,71.91000366210938,9465200.0
2022-11-10,73.44999694824219,73.79000091552734,72.37999725341797,73.5999984741211,19286100.0
2022-11-11,73.80000305175781,73.87999725341797,72.37000274658203,73.5199966430664,14289300.0
2022-11-14,73.44999694824219,74.11000061035156,72.9000015258789,72.94000244140625,14803000.0
2022-11-15,73.86000061035156,74.0999984741211,72.94999694824219,73.55000305175781,15064200.0
2022-11-16,73.6500015258789,74.27999877929688,73.61000061035156,73.91000366210938,9748600.0
2022-11-17,73.26000213623047,73.93000030517578,73.26000213623047,73.88999938964844,7827000.0
2022-11-18,74.48999786376953,74.7699966430664,74.18000030517578,74.68000030517578,9070800.0
2022-11-21,74.81999969482422,75.5,74.66999816894531,75.38999938964844,8054900.0
2022-11-22,75.94999694824219,76.01000213623047,75.66000366210938,75.94000244140625,6307100.0
2022-11-23,76.0,76.3499984741211,75.9000015258789,76.19999694824219,6286400.0
2022-11-25,76.30000305175781,76.30999755859375,76.0999984741211,76.25,2978000.0
2022-11-28,75.97000122070312,76.37999725341797,75.8499984741211,75.95999908447266,8698300.0
2022-11-29,75.76000213623047,75.91999816894531,75.27999877929688,75.66999816894531,7755100.0
2022-11-30,75.62000274658203,77.20999908447266,75.22000122070312,77.19000244140625,11704200.0
2022-12-01,77.05000305175781,77.13999938964844,76.5199966430664,76.83999633789062,10215700.0
2022-12-02,76.27999877929688,77.29000091552734,76.19000244140625,77.19000244140625,6087200.0
2022-12-05,76.36000061035156,76.44999694824219,76.0,76.22000122070312,8632900.0
2022-12-06,76.30000305175781,76.58999633789062,75.37999725341797,75.75,8136300.0
2022-12-07,75.88999938964844,76.2300033569336,75.75,76.06999969482422,7298700.0
2022-12-08,75.94999694824219,76.48999786376953,75.8499984741211,76.4800033569336,7803400.0
2022-12-09,76.11000061035156,76.44000244140625,75.87999725341797,75.88999938964844,9761700.0
2022-12-12,76.02999877929688,76.69999694824219,75.79000091552734,76.69000244140625,6996800.0
2022-12-13,77.44999694824219,77.62000274658203,76.0999984741211,76.58000183105469,11349000.0
2022-12-14,76.69999694824219,77.2699966430664,76.08000183105469,76.52999877929688,13820200.0
2022-12-15,75.88999938964844,76.04000091552734,74.66999816894531,75.2300033569336,11281000.0
2022-12-16,74.83999633789062,75.0999984741211,74.20999908447266,74.86000061035156,14561500.0
2022-12-19,74.30999755859375,74.94000244140625,73.83999633789062,74.27999877929688,8093900.0
2022-12-20,74.1500015258789,74.51000213623047,73.80999755859375,74.22000122070312,7368900.0
2022-12-21,74.58000183105469,75.25,74.52999877929688,74.95999908447266,7953100.0
2022-12-22,74.69000244140625,74.83000183105469,73.95999908447266,74.79000091552734,6888300.0
2022-12-23,74.83000183105469,75.2300033569336,74.58000183105469,75.18000030517578,4874700.0
2022-12-27,75.27999877929688,75.69000244140625,75.12000274658203,75.54000091552734,4839700.0
2022-12-28,75.76000213623047,75.86000061035156,74.5999984741211,74.5999984741211,5028900.0
2022-12-29,74.9000015258789,75.19000244140625,74.77999877929688,74.91999816894531,5574800.0
2022-12-30,74.7699966430664,74.83000183105469,74.01000213623047,74.55000305175781,6249900.0
2023-01-03,74.58999633789062,74.62000274658203,73.5199966430664,74.2699966430664,14433300.0
2023-01-04,74.4800033569336,75.0199966430664,74.08999633789062,74.55999755859375,12197300.0
2023-01-05,74.41999816894531,74.48999786376953,73.66000366210938,73.80999755859375,9848200.0
2023-01-06,74.76000213623047,76.08000183105469,74.69999694824219,75.77999877929688,9982400.0
2023-01-09,75.7300033569336,76.25,75.04000091552734,75.04000091552734,11081800.0
2023-01-10,75.12999725341797,75.25,74.69000244140625,74.94000244140625,8427900.0
2023-01-11,75.19000244140625,75.41000366210938,74.31999969482422,74.9800033569336,9848300.0
2023-01-12,75.13999938964844,75.1500015258789,74.20999908447266,74.38999938964844,9841300.0
2023-01-13,74.19000244140625,74.76000213623047,74.13999938964844,74.73999786376953,9274200.0
2023-01-17,74.86000061035156,75.41999816894531,74.68000030517578,74.79000091552734,9006800.0
2023-01-18,74.61000061035156,74.66000366210938,72.63999938964844,72.75,16069900.0
2023-01-19,72.45999908447266,72.79000091552734,72.04000091552734,72.05999755859375,12421500.0
2023-01-20,72.11000061035156,72.6500015258789,71.5999984741211,72.62000274658203,12349600.0
2023-01-23,72.76000213623047,73.22000122070312,72.55000305175781,72.8499984741211,12000200.0
2023-01-24,72.83000183105469,73.3499984741211,72.4000015258789,73.1500015258789,13465600.0
2023-01-25,72.70999908447266,73.33000183105469,72.3499984741211,73.33000183105469,11606800.0
2023-01-26,73.25,73.30999755859375,72.83000183105469,73.06999969482422,8081500.0
2023-01-27,73.0199966430664,73.19000244140625,72.51000213623047,72.86000061035156,10341700.0
2023-01-30,72.70999908447266,73.5,72.70999908447266,72.94999694824219,10463100.0
2023-01-31,73.08999633789062,73.75,72.87000274658203,73.73999786376953,8002700.0
2023-02-01,73.68000030517578,74.66000366210938,73.36000061035156,74.33000183105469,15447600.0
2023-02-02,73.83000183105469,74.16999816894531,73.36000061035156,73.69000244140625,12238800.0
2023-02-03,73.91000366210938,73.93000030517578,72.86000061035156,73.4000015258789,12874800.0
2023-02-06,73.27999877929688,73.62999725341797,73.2300033569336,73.48999786376953,7208900.0
2023-02-07,72.95999908447266,73.31999969482422,72.44999694824219,73.18000030517578,9268200.0
2023-02-08,72.77999877929688,72.91000366210938,72.48999786376953,72.62000274658203,8933500.0
2023-02-09,73.0,73.26000213623047,72.20999908447266,72.30000305175781,8341500.0
2023-02-10,72.30000305175781,73.02999877929688,72.1500015258789,72.97000122070312,8197200.0
2023-02-13,73.19000244140625,73.83000183105469,73.1500015258789,73.80000305175781,7440500.0
2023-02-14,73.75,73.77999877929688,72.87999725341797,73.12999725341797,9344700.0
2023-02-15,72.9800033569336,73.29000091552734,72.68000030517578,73.2699966430664,9006000.0
2023-02-16,72.62000274658203,73.18000030517578,72.30999755859375,72.73999786376953,8355100.0
2023-02-17,72.52999877929688,73.70999908447266,72.52999877929688,73.68000030517578,11116000.0
2023-02-21,73.37999725341797,73.79000091552734,73.01000213623047,73.4000015258789,8974700.0
2023-02-22,73.5,74.01000213623047,73.11000061035156,73.29000091552734,8851000.0
2023-02-23,73.36000061035156,73.55999755859375,72.75,73.19999694824219,12700000.0
2023-02-24,72.66000366210938,72.83000183105469,72.2699966430664,72.70999908447266,11340600.0
2023-02-27,73.05999755859375,73.26000213623047,72.47000122070312,72.62999725341797,10162300.0
2023-02-28,72.33000183105469,72.45999908447266,72.0,72.02999877929688,9757300.0
2023-03-01,71.80999755859375,71.88999938964844,70.93000030517578,71.5,10475000.0
2023-03-02,71.51000213623047,72.62000274658203,71.44000244140625,72.4800033569336,9876000.0
2023-03-03,72.4800033569336,72.61000061035156,71.87000274658203,72.54000091552734,12384300.0
2023-03-06,72.33999633789062,72.83999633789062,72.30999755859375,72.7300033569336,8356000.0
2023-03-07,72.73999786376953,72.9800033569336,71.88999938964844,72.01000213623047,10059400.0
2023-03-08,71.94000244140625,72.20999908447266,71.69000244140625,72.12999725341797,11170800.0
2023-03-09,72.41000366210938,72.52999877929688,71.25,71.45999908447266,15612700.0
2023-03-10,71.5999984741211,71.87999725341797,70.8499984741211,71.11000061035156,19026300.0
2023-03-13,71.04000091552734,72.58000183105469,71.0,71.47000122070312,29831400.0
2023-03-14,71.68000030517578,72.16000366210938,71.43000030517578,72.12000274658203,19139200.0
2023-03-15,71.6500015258789,72.68000030517578,71.48999786376953,72.58999633789062,21438000.0
2023-03-16,72.54000091552734,72.70999908447266,72.12999725341797,72.63999938964844,15712500.0
2023-03-17,72.54000091552734,72.66000366210938,71.79000091552734,72.11000061035156,13283900.0
2023-03-20,72.04000091552734,72.83000183105469,72.01000213623047,72.76000213623047,14130900.0
2023-03-21,72.87000274658203,73.02999877929688,72.19000244140625,72.69999694824219,12499700.0
2023-03-22,72.83000183105469,73.13999938964844,72.0199966430664,72.02999877929688,11942200.0
2023-03-23,72.22000122070312,72.4800033569336,71.4800033569336,71.75,12160300.0
2023-03-24,71.94000244140625,73.04000091552734,71.86000061035156,72.97000122070312,12352500.0
2023-03-27,73.22000122070312,73.69000244140625,73.20999908447266,73.36000061035156,10865500.0
2023-03-28,73.47000122070312,73.88999938964844,73.38999938964844,73.48999786376953,11593400.0
2023-03-29,73.9000015258789,73.9800033569336,73.70999908447266,73.9000015258789,9483400.0
2023-03-30,74.08999633789062,74.30000305175781,73.87999725341797,74.11000061035156,10737800.0
2023-03-31,74.48999786376953,74.73999786376953,74.36000061035156,74.70999908447266,10338700.0
2023-04-03,74.76000213623047,75.26000213623047,74.4800033569336,75.0999984741211,9607700.0
2023-04-04,75.06999969482422,75.38999938964844,74.79000091552734,74.94999694824219,7272900.0
2023-04-05,75.16000366210938,75.62999725341797,75.16000366210938,75.30000305175781,12409900.0
2023-04-06,75.2300033569336,75.48999786376953,74.91000366210938,75.36000061035156,8616800.0
2023-04-10,75.0999984741211,75.37999725341797,74.63999938964844,75.36000061035156,9423400.0
2023-04-11,75.5,75.79000091552734,75.44000244140625,75.58000183105469,12944300.0
2023-04-12,75.56999969482422,75.81999969482422,75.13999938964844,75.23999786376953,10386400.0
2023-04-13,75.2699966430664,75.69999694824219,74.91999816894531,75.66000366210938,12919000.0
2023-04-14,75.45999908447266,75.79000091552734,74.97000122070312,75.18000030517578,8789700.0
2023-04-17,75.33000183105469,75.66999816894531,75.23999786376953,75.66000366210938,9683400.0
2023-04-18,75.6500015258789,75.95999908447266,75.41000366210938,75.88999938964844,7233100.0
2023-04-19,75.9800033569336,76.05999755859375,75.61000061035156,75.83999633789062,6283600.0
2023-04-20,75.56999969482422,76.26000213623047,75.52999877929688,76.0199966430664,7329500.0
2023-04-21,76.52999877929688,76.97000122070312,76.41000366210938,76.56999969482422,10431000.0
2023-04-24,76.56999969482422,76.93000030517578,76.56999969482422,76.87999725341797,8723100.0
2023-04-25,76.86000061035156,77.37000274658203,76.69000244140625,76.77999877929688,12179700.0
2023-04-26,76.41999816894531,76.72000122070312,76.13999938964844,76.18000030517578,8778800.0
2023-04-27,76.22000122070312,77.11000061035156,76.16999816894531,77.02999877929688,11287800.0
2023-04-28,77.2300033569336,77.58000183105469,77.04000091552734,77.44000244140625,9757600.0
2023-05-01,77.30999755859375,77.81999969482422,77.29000091552734,77.5,10860800.0
2023-05-02,77.43000030517578,77.47000122070312,76.51000213623047,77.29000091552734,19136000.0
2023-05-03,77.05999755859375,77.37999725341797,76.63999938964844,76.66000366210938,11656600.0
2023-05-04,76.73999786376953,76.86000061035156,76.22000122070312,76.47000122070312,11682600.0
2023-05-05,76.58999633789062,77.23999786376953,76.5,77.18000030517578,10479400.0
2023-05-08,76.91000366210938,77.05000305175781,76.69000244140625,76.94999694824219,8069200.0
2023-05-09,76.95999908447266,76.95999908447266,76.56999969482422,76.70999908447266,6939500.0
2023-05-10,76.7300033569336,77.05999755859375,76.05999755859375,76.58999633789062,12259100.0
2023-05-11,76.56999969482422,76.87000274658203,76.1500015258789,76.81999969482422,11790600.0
2023-05-12,76.9000015258789,77.1500015258789,76.73999786376953,77.12000274658203,7012000.0
2023-05-15,77.23999786376953,77.33999633789062,76.58999633789062,76.93000030517578,8652200.0
2023-05-16,76.81999969482422,76.81999969482422,76.16999816894531,76.27999877929688,11310700.0
2023-05-17,76.4800033569336,76.48999786376953,75.7699966430664,76.23999786376953,10891300.0
2023-05-18,75.95999908447266,76.05999755859375,75.41000366210938,75.87000274658203,10765300.0
2023-05-19,76.02999877929688,76.12000274658203,75.58000183105469,75.91999816894531,10457600.0
2023-05-22,75.72000122070312,75.8499984741211,74.7300033569336,74.7699966430664,14575700.0
2023-05-23,74.56999969482422,74.62999725341797,74.12000274658203,74.22000122070312,13700400.0
2023-05-24,74.25,74.30000305175781,73.68000030517578,73.73999786376953,11901800.0
2023-05-25,73.08999633789062,73.44000244140625,72.62999725341797,73.18000030517578,17725000.0
2023-05-26,73.11000061035156,73.55000305175781,72.86000061035156,73.43000030517578,15531000.0
2023-05-30,73.0,73.18000030517578,72.3499984741211,72.58999633789062,22766900.0
2023-05-31,72.68000030517578,73.06999969482422,72.30999755859375,72.66999816894531,22328600.0
2023-06-01,72.6500015258789,72.7300033569336,72.23999786376953,72.61000061035156,13836100.0
2023-06-02,72.63999938964844,73.66000366210938,72.62000274658203,73.61000061035156,14719800.0
2023-06-05,73.5,74.02999877929688,73.20999908447266,73.33999633789062,9629600.0
2023-06-06,73.41000366210938,73.55000305175781,72.55000305175781,72.97000122070312,10796900.0
2023-06-07,72.5,72.93000030517578,72.27999877929688,72.7300033569336,13595100.0
2023-06-08,72.80999755859375,73.25,72.63999938964844,73.2300033569336,8881300.0
2023-06-09,72.9800033569336,73.33999633789062,72.83000183105469,73.11000061035156,8756200.0
2023-06-12,73.19999694824219,73.2699966430664,72.72000122070312,73.08999633789062,11357600.0
2023-06-13,72.98999786376953,73.5,72.88999938964844,73.38999938964844,8401800.0
2023-06-14,73.7300033569336,74.08999633789062,73.51000213623047,73.83999633789062,13849900.0
2023-06-15,74.0999984741211,74.76000213623047,73.95999908447266,74.58000183105469,16251200.0
2023-06-16,74.80999755859375,75.05000305175781,74.5999984741211,74.66999816894531,12672900.0
2023-06-20,74.05000305175781,74.27999877929688,73.55999755859375,73.58000183105469,9731800.0
2023-06-21,73.54000091552734,74.08000183105469,73.26000213623047,73.83999633789062,13633500.0
2023-06-22,74.22000122070312,74.37999725341797,73.9800033569336,74.2699966430664,17247600.0
2023-06-23,74.38999938964844,74.38999938964844,73.73999786376953,73.77999877929688,9706900.0
2023-06-26,73.77999877929688,73.91000366210938,73.26000213623047,73.87999725341797,8955400.0
2023-06-27,73.68000030517578,74.16999816894531,73.66000366210938,74.0999984741211,8965400.0
2023-06-28,73.76000213623047,73.80999755859375,73.19999694824219,73.5999984741211,12800400.0
2023-06-29,73.23999786376953,73.6500015258789,73.0,73.52999877929688,10018000.0
2023-06-30,73.69999694824219,74.27999877929688,73.63999938964844,74.16999816894531,14266200.0
2023-07-03,74.05999755859375,74.75,73.86000061035156,74.75,12817100.0
2023-07-05,74.44000244140625,74.69000244140625,74.3499984741211,74.62000274658203,17579200.0
2023-07-06,74.27999877929688,74.47000122070312,74.05000305175781,74.43000030517578,14881300.0
2023-07-07,74.25,74.25,73.41000366210938,73.45999908447266,16405400.0
2023-07-10,73.56999969482422,74.16000366210938,73.3499984741211,73.44000244140625,11953600.0
2023-07-11,73.5,73.66000366210938,73.11000061035156,73.55000305175781,9812500.0
2023-07-12,73.68000030517578,73.91999816894531,73.55999755859375,73.72000122070312,12680900.0
2023-07-13,73.8499984741211,74.16000366210938,73.55000305175781,74.02999877929688,10581500.0
2023-07-14,74.05000305175781,74.41000366210938,73.83000183105469,74.27999877929688,12475600.0
2023-07-17,74.0,74.30999755859375,73.79000091552734,74.05999755859375,9496300.0
2023-07-18,73.98999786376953,74.61000061035156,73.75,73.9800033569336,10124100.0
2023-07-19,74.22000122070312,74.80999755859375,74.16999816894531,74.7300033569336,14718700.0
2023-07-20,74.80000305175781,75.47000122070312,74.63999938964844,75.37000274658203,16106300.0
2023-07-21,75.48999786376953,75.83999633789062,75.4000015258789,75.62999725341797,13836800.0
2023-07-24,75.61000061035156,76.02999877929688,75.54000091552734,75.91999816894531,10692500.0
2023-07-25,75.83000183105469,75.91999816894531,75.51000213623047,75.9000015258789,8576600.0
2023-07-26,75.69999694824219,76.20999908447266,75.58000183105469,75.98999786376953,10506500.0
2023-07-27,76.12999725341797,76.30999755859375,75.31999969482422,75.31999969482422,10008500.0
2023-07-28,75.9800033569336,76.4000015258789,75.77999877929688,76.0999984741211,9672400.0
2023-07-31,76.0,76.2300033569336,75.45999908447266,75.75,10057100.0
2023-08-01,75.6500015258789,75.97000122070312,75.27999877929688,75.33999633789062,9376700.0
2023-08-02,75.04000091552734,76.08000183105469,75.04000091552734,75.61000061035156,11509700.0
2023-08-03,75.56999969482422,75.76000213623047,75.36000061035156,75.4000015258789,8774900.0
2023-08-04,75.5,75.68000030517578,74.58000183105469,74.6500015258789,10022800.0
2023-08-07,74.79000091552734,75.33999633789062,74.7699966430664,75.26000213623047,8875600.0
2023-08-08,75.20999908447266,75.29000091552734,74.5199966430664,74.72000122070312,11413600.0
2023-08-09,74.76000213623047,75.22000122070312,74.63999938964844,74.83000183105469,11912200.0
2023-08-10,75.06999969482422,75.52999877929688,74.58000183105469,74.68000030517578,10357700.0
2023-08-11,74.70999908447266,74.98999786376953,74.52999877929688,74.80000305175781,7472500.0
2023-08-14,74.9000015258789,75.0999984741211,74.30000305175781,74.43000030517578,11483800.0
2023-08-15,74.22000122070312,74.33999633789062,73.5999984741211,73.62999725341797,13257500.0
2023-08-16,73.93000030517578,74.13999938964844,73.37000274658203,73.45999908447266,14814900.0
2023-08-17,73.4800033569336,73.66999816894531,72.63999938964844,72.75,11798000.0
2023-08-18,72.62999725341797,73.16999816894531,72.55999755859375,73.0199966430664,12334500.0
2023-08-21,72.83000183105469,72.97000122070312,72.22000122070312,72.52999877929688,12005400.0
2023-08-22,72.30000305175781,72.37999725341797,72.0199966430664,72.12000274658203,11496100.0
2023-08-23,72.37000274658203,72.5999984741211,72.25,72.5999984741211,10796800.0
2023-08-24,72.3499984741211,73.0,72.0,72.0199966430664,13797500.0
2023-08-25,72.31999969482422,72.5999984741211,71.97000122070312,72.41999816894531,13088500.0
2023-08-28,72.66000366210938,72.87999725341797,72.5,72.75,6914800.0
2023-08-29,72.79000091552734,73.05000305175781,72.37999725341797,73.01000213623047,9502800.0
2023-08-30,73.0999984741211,73.36000061035156,72.93000030517578,73.12999725341797,9679300.0
2023-08-31,72.86000061035156,73.12000274658203,72.75,72.76000213623047,7731300.0
2023-09-01,73.0,73.04000091552734,71.9000015258789,72.13999938964844,8346400.0
2023-09-05,72.01000213623047,72.27999877929688,71.5199966430664,71.5199966430664,8634200.0
2023-09-06,71.44000244140625,71.5999984741211,71.20999908447266,71.44000244140625,9050100.0
2023-09-07,71.56999969482422,71.87000274658203,71.31999969482422,71.61000061035156,10149000.0
2023-09-08,71.63999938964844,71.70999908447266,71.41999816894531,71.69999694824219,8323000.0
2023-09-11,71.80000305175781,72.37999725341797,71.80000305175781,72.31999969482422,8450700.0
2023-09-12,72.36000061035156,72.37999725341797,71.63999938964844,71.69999694824219,13300200.0
2023-09-13,71.81999969482422,72.0999984741211,71.66999816894531,71.91999816894531,7863700.0
2023-09-14,72.12000274658203,72.69999694824219,72.08999633789062,72.6500015258789,9356000.0
2023-09-15,72.5,72.76000213623047,71.98999786376953,72.05000305175781,10891600.0
2023-09-18,71.80000305175781,71.83000183105469,71.23999786376953,71.54000091552734,6841200.0
2023-09-19,71.41999816894531,71.5,71.01000213623047,71.37000274658203,7733500.0
2023-09-20,71.56999969482422,71.91999816894531,71.2300033569336,71.44000244140625,10841700.0
2023-09-21,71.37999725341797,71.45999908447266,70.51000213623047,70.5199966430664,11869900.0
2023-09-22,70.54000091552734,70.72000122070312,70.0999984741211,70.13999938964844,12243000.0
2023-09-25,69.91999816894531,70.06999969482422,69.56999969482422,69.88999938964844,9137600.0
2023-09-26,69.58999633789062,69.79000091552734,69.30000305175781,69.37000274658203,11541000.0
2023-09-27,69.2699966430664,69.48999786376953,68.44000244140625,68.80000305175781,14182700.0
2023-09-28,68.9000015258789,69.19000244140625,68.72000122070312,69.01000213623047,12094400.0
2023-09-29,69.2300033569336,69.33999633789062,68.44000244140625,68.80999755859375,11797500.0
2023-10-02,68.6500015258789,68.73999786376953,67.88999938964844,68.33999633789062,12642500.0
2023-10-03,68.13999938964844,68.48999786376953,67.80000305175781,67.8499984741211,15396200.0
2023-10-04,68.0199966430664,68.44000244140625,67.62999725341797,68.38999938964844,15125900.0
2023-10-05,68.26000213623047,68.33999633789062,67.01000213623047,67.04000091552734,15757300.0
2023-10-06,66.75,66.9000015258789,65.18000030517578,66.66999816894531,28723400.0
2023-10-09,66.41999816894531,66.76000213623047,65.94999694824219,66.7300033569336,15662900.0
2023-10-10,67.27999877929688,67.73999786376953,67.06999969482422,67.41000366210938,18809600.0
2023-10-11,67.70999908447266,67.83000183105469,66.6500015258789,66.94999694824219,18293200.0
2023-10-12,67.1500015258789,67.18000030517578,65.98999786376953,66.22000122070312,15185000.0
2023-10-13,66.33999633789062,66.9000015258789,66.22000122070312,66.80000305175781,15641000.0
2023-10-16,67.19000244140625,67.69999694824219,66.91000366210938,67.48999786376953,16172800.0
2023-10-17,67.22000122070312,67.91000366210938,67.22000122070312,67.77999877929688,13192200.0
2023-10-18,68.05999755859375,68.55000305175781,67.91999816894531,68.02999877929688,16617700.0
2023-10-19,67.9800033569336,68.25,67.51000213623047,67.52999877929688,18237000.0
2023-10-20,67.68000030517578,67.9800033569336,67.2699966430664,67.2699966430664,14730500.0
2023-10-23,67.19000244140625,67.62999725341797,66.94999694824219,67.13999938964844,13777300.0
2023-10-24,67.23999786376953,67.83000183105469,67.22000122070312,67.70999908447266,12055600.0
2023-10-25,67.5999984741211,68.23999786376953,67.41999816894531,67.94000244140625,11351100.0
2023-10-26,67.97000122070312,68.22000122070312,67.4800033569336,67.5,13662200.0
2023-10-27,67.37999725341797,67.6500015258789,66.37999725341797,66.58000183105469,17587700.0
2023-10-30,66.83000183105469,67.73999786376953,66.83000183105469,67.62000274658203,12224000.0
2023-10-31,67.68000030517578,67.93000030517578,67.33999633789062,67.86000061035156,8586400.0
2023-11-01,67.91000366210938,68.05000305175781,67.41000366210938,67.79000091552734,18709400.0
2023-11-02,68.02999877929688,68.7699966430664,67.7699966430664,68.66999816894531,21175900.0
2023-11-03,69.06999969482422,69.33999633789062,68.75,68.75,17201100.0
2023-11-06,68.7699966430664,69.16000366210938,68.72000122070312,68.86000061035156,14663200.0
2023-11-07,68.87999725341797,69.31999969482422,68.80000305175781,69.02999877929688,12567700.0
2023-11-08,69.16000366210938,69.26000213623047,68.56999969482422,68.76000213623047,10481700.0
2023-11-09,68.83999633789062,68.9000015258789,68.31999969482422,68.4800033569336,10336900.0
2023-11-10,68.63999938964844,69.02999877929688,68.2699966430664,68.95999908447266,9266200.0
2023-11-13,68.9000015258789,69.37999725341797,68.83999633789062,69.18000030517578,8540800.0
2023-11-14,69.52999877929688,70.12000274658203,69.5,69.88999938964844,13606200.0
2023-11-15,70.4000015258789,70.58999633789062,70.22000122070312,70.44999694824219,10618900.0
2023-11-16,69.72000122070312,70.0199966430664,69.44000244140625,69.58000183105469,16536300.0
2023-11-17,69.66999816894531,69.72000122070312,69.23999786376953,69.48999786376953,10761100.0
2023-11-20,69.19999694824219,69.55999755859375,69.1500015258789,69.44000244140625,11651300.0
2023-11-21,69.43000030517578,69.69999694824219,69.12999725341797,69.6500015258789,11681400.0
2023-11-22,69.80000305175781,70.19000244140625,69.80000305175781,70.1500015258789,8862100.0
2023-11-24,70.16000366210938,70.47000122070312,70.16000366210938,70.41000366210938,4500800.0
2023-11-27,70.33999633789062,70.47000122070312,70.16999816894531,70.20999908447266,11746800.0
2023-11-28,70.19000244140625,70.70999908447266,70.18000030517578,70.52999877929688,8562300.0
2023-11-29,70.5999984741211,70.5999984741211,69.87000274658203,69.95999908447266,9873800.0
2023-11-30,70.02999877929688,70.69999694824219,69.56999969482422,70.66000366210938,11803600.0
2023-12-01,70.61000061035156,70.9800033569336,70.4000015258789,70.94999694824219,13490300.0
2023-12-04,70.55999755859375,71.27999877929688,70.55999755859375,71.04000091552734,11386300.0
2023-12-05,70.93000030517578,71.0999984741211,70.38999938964844,70.4800033569336,11565900.0
2023-12-06,70.31999969482422,70.47000122070312,70.01000213623047,70.30000305175781,11008700.0
2023-12-07,70.5,70.83000183105469,70.25,70.5999984741211,8460000.0
2023-12-08,70.47000122070312,70.52999877929688,70.01000213623047,70.11000061035156,8191300.0
2023-12-11,70.5,70.80999755859375,70.38999938964844,70.77999877929688,16192800.0
2023-12-12,70.93000030517578,71.01000213623047,70.61000061035156,71.01000213623047,8764500.0
2023-12-13,71.0,72.31999969482422,70.81999969482422,72.30000305175781,14052700.0
2023-12-14,72.36000061035156,72.47000122070312,71.19000244140625,71.23999786376953,16056700.0
2023-12-15,71.13999938964844,71.44000244140625,70.95999908447266,71.23999786376953,17434600.0
2023-12-18,71.01000213623047,71.69999694824219,70.86000061035156,71.44000244140625,11816000.0
2023-12-19,71.30999755859375,71.66000366210938,71.27999877929688,71.58000183105469,8283200.0
2023-12-20,71.11000061035156,71.2699966430664,70.19000244140625,70.19000244140625,16705400.0
2023-12-21,70.56999969482422,70.75,70.12000274658203,70.68000030517578,10971900.0
2023-12-22,70.86000061035156,71.3499984741211,70.79000091552734,71.22000122070312,7831800.0
2023-12-26,71.06999969482422,71.69999694824219,71.06999969482422,71.5199966430664,6915800.0
2023-12-27,71.54000091552734,71.8499984741211,71.44000244140625,71.8499984741211,7566700.0
2023-12-28,71.75,71.97000122070312,71.6500015258789,71.87999725341797,6466000.0
2023-12-29,71.77999877929688,72.06999969482422,71.70999908447266,72.02999877929688,10412700.0
2024-01-02,71.7699966430664,72.95999908447266,71.7699966430664,72.83999633789062,12912000.0
2024-01-03,72.97000122070312,73.08999633789062,72.16000366210938,72.2699966430664,13979700.0
2024-01-04,72.22000122070312,72.66000366210938,72.0199966430664,72.16999816894531,10865000.0
2024-01-05,72.20999908447266,72.4800033569336,71.58999633789062,72.01000213623047,12802800.0
2024-01-08,72.0199966430664,72.56999969482422,71.9800033569336,72.54000091552734,9409000.0
2024-01-09,72.2699966430664,72.7300033569336,72.01000213623047,72.7300033569336,7838600.0
2024-01-10,72.66999816894531,73.0,72.36000061035156,72.58000183105469,11113300.0
2024-01-11,72.5,72.61000061035156,72.08000183105469,72.56999969482422,9507800.0
2024-01-12,72.81999969482422,72.9800033569336,72.55000305175781,72.80000305175781,7712800.0
2024-01-16,72.80999755859375,72.8499984741211,72.11000061035156,72.4000015258789,11566900.0
2024-01-17,72.2300033569336,72.5999984741211,72.08000183105469,72.3499984741211,9641400.0
2024-01-18,72.16999816894531,72.30999755859375,71.70999908447266,72.26000213623047,10548800.0
2024-01-19,72.31999969482422,72.33999633789062,71.68000030517578,72.05000305175781,11309600.0
2024-01-22,71.73999786376953,72.0,71.55999755859375,71.69999694824219,15078600.0
2024-01-23,72.08000183105469,72.58999633789062,72.05999755859375,72.4800033569336,13859600.0
2024-01-24,72.41999816894531,72.45999908447266,71.56999969482422,71.58999633789062,12290500.0
2024-01-25,71.88999938964844,72.27999877929688,71.58999633789062,72.27999877929688,12160900.0
2024-01-26,72.41999816894531,72.73999786376953,72.41999816894531,72.62999725341797,7432800.0
2024-01-29,72.83000183105469,73.08000183105469,72.56999969482422,73.05000305175781,9321900.0
2024-01-30,72.94000244140625,73.5,72.68000030517578,73.45999908447266,11058900.0
2024-01-31,73.44000244140625,73.6500015258789,72.83000183105469,72.91999816894531,17220600.0
2024-02-01,72.94999694824219,74.41000366210938,72.72000122070312,74.41000366210938,20588700.0
2024-02-02,74.19000244140625,74.4800033569336,73.80999755859375,74.16999816894531,23158000.0
2024-02-05,74.19000244140625,74.23999786376953,73.69000244140625,73.70999908447266,14564700.0
2024-02-06,73.70999908447266,73.91999816894531,73.47000122070312,73.87999725341797,11224200.0
2024-02-07,74.19000244140625,74.2300033569336,73.73999786376953,73.80999755859375,7544100.0
2024-02-08,73.69000244140625,74.08000183105469,73.47000122070312,73.79000091552734,16287600.0
2024-02-09,73.5999984741211,73.5999984741211,73.0,73.11000061035156,20698800.0
2024-02-12,73.19000244140625,73.63999938964844,72.80000305175781,73.62999725341797,13422900.0
2024-02-13,73.58000183105469,73.79000091552734,72.4000015258789,72.83999633789062,21640600.0
2024-02-14,72.77999877929688,72.81999969482422,72.36000061035156,72.69999694824219,15191300.0
2024-02-15,72.98999786376953,73.2699966430664,72.91000366210938,73.16999816894531,14235700.0
2024-02-16,73.0999984741211,73.62000274658203,72.79000091552734,73.27999877929688,15568300.0
2024-02-20,73.80000305175781,74.47000122070312,73.68000030517578,74.05000305175781,15388700.0
2024-02-21,74.19000244140625,74.44000244140625,73.97000122070312,74.31999969482422,13776600.0
2024-02-22,73.98999786376953,74.62999725341797,73.69000244140625,74.55000305175781,11744900.0
2024-02-23,74.58999633789062,75.16000366210938,74.45999908447266,74.77999877929688,12548300.0
2024-02-26,74.80000305175781,74.81999969482422,74.37000274658203,74.4800033569336,11806000.0
2024-02-27,74.41000366210938,74.52999877929688,74.27999877929688,74.48999786376953,8294300.0
2024-02-28,74.44000244140625,74.63999938964844,74.25,74.56999969482422,6768700.0
2024-02-29,74.80000305175781,74.91000366210938,74.30999755859375,74.44999694824219,14083400.0
2024-03-01,74.25,74.54000091552734,73.94000244140625,74.45999908447266,15512500.0
2024-03-04,74.16999816894531,74.58000183105469,74.1500015258789,74.5199966430664,15912700.0
2024-03-05,74.83999633789062,75.22000122070312,74.55000305175781,74.69999694824219,15708400.0
2024-03-06,75.05000305175781,75.45999908447266,74.9800033569336,75.33000183105469,11816200.0
2024-03-07,75.63999938964844,75.83000183105469,75.45999908447266,75.76000213623047,9174900.0
2024-03-08,75.25,75.38999938964844,74.88999938964844,75.16000366210938,13301600.0
2024-03-11,75.33000183105469,75.68000030517578,75.11000061035156,75.56999969482422,9316500.0
2024-03-12,75.73999786376953,76.19000244140625,75.63999938964844,75.95999908447266,10454900.0
2024-03-13,75.94999694824219,76.19999694824219,75.83000183105469,76.1500015258789,9739500.0
2024-03-14,76.0999984741211,76.27999877929688,75.30999755859375,75.55999755859375,14086100.0
2024-03-15,75.19999694824219,75.61000061035156,75.08000183105469,75.52999877929688,14248300.0
2024-03-18,74.88999938964844,75.68000030517578,74.88999938964844,75.45999908447266,10229000.0
2024-03-19,75.55999755859375,75.77999877929688,75.5199966430664,75.73999786376953,10245900.0
2024-03-20,75.8499984741211,76.0,75.56999969482422,75.97000122070312,10986100.0
2024-03-21,76.01000213623047,76.2699966430664,75.69000244140625,76.01000213623047,8936100.0
2024-03-22,76.01000213623047,76.12999725341797,75.62000274658203,75.63999938964844,10942300.0
2024-03-25,75.63999938964844,75.81999969482422,75.2699966430664,75.43000030517578,11003700.0
2024-03-26,75.5199966430664,75.69000244140625,75.41000366210938,75.47000122070312,7964400.0
2024-03-27,75.8499984741211,76.26000213623047,75.8499984741211,76.26000213623047,9848100.0
2024-03-28,76.48999786376953,76.61000061035156,76.26000213623047,76.36000061035156,9172700.0
2024-04-01,76.3499984741211,76.45999908447266,75.75,75.75,13205200.0
2024-04-02,75.75,75.86000061035156,75.23999786376953,75.36000061035156,16269200.0
2024-04-03,75.33000183105469,75.33000183105469,74.41000366210938,74.52999877929688,16094700.0
2024-04-04,74.86000061035156,74.98999786376953,74.11000061035156,74.20999908447266,18289500.0
2024-04-05,74.1500015258789,74.55999755859375,73.98999786376953,74.33000183105469,11148900.0
2024-04-08,74.19999694824219,74.48999786376953,74.1500015258789,74.22000122070312,10040700.0
2024-04-09,74.44000244140625,74.5999984741211,74.0199966430664,74.58000183105469,12629600.0
2024-04-10,74.0,74.43000030517578,73.7699966430664,74.30999755859375,15018400.0
2024-04-11,74.66999816894531,74.69000244140625,73.9000015258789,74.12999725341797,10551900.0
2024-04-12,73.83000183105469,74.0199966430664,73.30000305175781,73.37999725341797,14605900.0
2024-04-15,73.83000183105469,74.0199966430664,72.97000122070312,73.08000183105469,12119600.0
2024-04-16,73.2300033569336,73.33000183105469,72.93000030517578,73.11000061035156,12737600.0
2024-04-17,73.54000091552734,73.63999938964844,73.02999877929688,73.37999725341797,12731500.0
2024-04-18,73.62000274658203,73.88999938964844,73.47000122070312,73.72000122070312,11964200.0
2024-04-19,73.69000244140625,74.4800033569336,73.55999755859375,74.44000244140625,15843100.0
2024-04-22,74.58999633789062,75.3499984741211,74.26000213623047,75.1500015258789,12181600.0
2024-04-23,75.2699966430664,75.43000030517578,75.0199966430664,75.36000061035156,12821100.0
2024-04-24,74.83999633789062,76.0199966430664,74.48999786376953,75.93000030517578,15011000.0
2024-04-25,76.08999633789062,76.47000122070312,75.47000122070312,75.75,14352600.0
2024-04-26,75.4800033569336,76.0,75.43000030517578,75.58999633789062,13488200.0
2024-04-29,75.61000061035156,75.86000061035156,75.37999725341797,75.83000183105469,9244000.0
2024-04-30,75.75,75.7699966430664,75.31999969482422,75.5,12517400.0
2024-05-01,75.27999877929688,75.56999969482422,74.70999908447266,75.0199966430664,24867400.0
2024-05-02,75.2699966430664,75.91999816894531,74.9800033569336,75.6500015258789,22820400.0
2024-05-03,75.68000030517578,76.02999877929688,75.25,75.87999725341797,18088200.0
2024-05-06,76.05000305175781,76.13999938964844,75.43000030517578,75.91999816894531,12508400.0
2024-05-07,76.23999786376953,76.79000091552734,76.23999786376953,76.75,14641800.0
2024-05-08,76.73999786376953,76.88999938964844,76.41999816894531,76.5199966430664,12686000.0
2024-05-09,76.58999633789062,77.18000030517578,76.54000091552734,77.18000030517578,12851900.0
2024-05-10,77.16999816894531,77.70999908447266,77.0999984741211,77.62000274658203,10774900.0
2024-05-13,77.7699966430664,78.0,77.2699966430664,77.4000015258789,11755400.0
2024-05-14,77.47000122070312,77.5999984741211,76.87000274658203,77.25,10117600.0
2024-05-15,77.05000305175781,77.41999816894531,77.05000305175781,77.30000305175781,18143000.0
2024-05-16,78.0,78.61000061035156,77.83000183105469,78.4000015258789,17360400.0
2024-05-17,78.30999755859375,78.37999725341797,78.01000213623047,78.20999908447266,11265700.0
2024-05-20,78.19000244140625,78.19000244140625,77.58000183105469,77.66999816894531,9226400.0
2024-05-21,77.87999725341797,78.16000366210938,77.72000122070312,78.12999725341797,6595200.0
2024-05-22,77.5999984741211,78.08000183105469,77.45999908447266,77.81999969482422,9395100.0
2024-05-23,77.58000183105469,77.70999908447266,76.86000061035156,76.9000015258789,10751300.0
2024-05-24,77.16999816894531,77.4000015258789,77.05999755859375,77.0999984741211,6943200.0
2024-05-28,76.8499984741211,77.05999755859375,76.22000122070312,76.5,8840700.0
2024-05-29,76.08999633789062,76.36000061035156,75.91999816894531,75.94999694824219,10402400.0
2024-05-30,76.16999816894531,76.36000061035156,75.97000122070312,76.1500015258789,7404400.0
2024-05-31,76.08000183105469,77.37999725341797,75.7300033569336,77.33999633789062,11873900.0
2024-06-03,77.08999633789062,77.68000030517578,76.86000061035156,77.30999755859375,12223400.0
2024-06-04,77.31999969482422,78.11000061035156,77.19000244140625,77.9800033569336,9097500.0
2024-06-05,77.87999725341797,77.98999786376953,77.19000244140625,77.80999755859375,9095100.0
2024-06-06,77.76000213623047,78.33000183105469,77.5999984741211,78.05000305175781,9759400.0
2024-06-07,78.02999877929688,78.25,77.58000183105469,77.66000366210938,7490500.0
2024-06-10,77.77999877929688,77.80000305175781,77.0999984741211,77.5999984741211,10033800.0
2024-06-11,77.48999786376953,77.55999755859375,76.91999816894531,77.55999755859375,8583700.0
2024-06-12,77.70999908447266,77.75,76.5199966430664,76.70999908447266,14172800.0
2024-06-13,76.68000030517578,76.87999725341797,76.36000061035156,76.80999755859375,8723500.0
2024-06-14,76.58999633789062,76.94999694824219,76.38999938964844,76.94999694824219,7246400.0
2024-06-17,76.66000366210938,77.81999969482422,76.5,77.68000030517578,8762000.0
2024-06-18,77.55999755859375,77.87999725341797,77.44999694824219,77.77999877929688,6567100.0
2024-06-20,77.63999938964844,78.01000213623047,77.41000366210938,77.61000061035156,9316300.0
2024-06-21,77.7699966430664,78.16999816894531,77.61000061035156,77.66999816894531,11594000.0
2024-06-24,77.2699966430664,78.01000213623047,77.11000061035156,77.91000366210938,9722600.0
2024-06-25,77.62000274658203,77.7300033569336,77.11000061035156,77.41000366210938,10705700.0
2024-06-26,76.87000274658203,77.44000244140625,76.70999908447266,77.25,8405200.0
2024-06-27,77.2300033569336,77.30000305175781,76.5999984741211,76.91999816894531,4592300.0
2024-06-28,76.91000366210938,77.0,76.37999725341797,76.58000183105469,8396900.0
2024-07-01,76.9800033569336,77.2699966430664,75.9800033569336,76.04000091552734,9275300.0
2024-07-02,76.12999725341797,76.58000183105469,75.88999938964844,76.56999969482422,8233400.0
2024-07-03,76.44000244140625,76.70999908447266,76.23999786376953,76.44000244140625,5600600.0
2024-07-05,76.44000244140625,77.43000030517578,76.33000183105469,77.37999725341797,7202900.0
2024-07-08,77.44000244140625,77.52999877929688,77.05000305175781,77.26000213623047,4486800.0
2024-07-09,77.26000213623047,77.43000030517578,77.02999877929688,77.05999755859375,5635700.0
2024-07-10,77.19999694824219,77.43000030517578,77.01000213623047,77.4000015258789,7249100.0
2024-07-11,77.29000091552734,77.43000030517578,76.88999938964844,77.11000061035156,11414600.0
2024-07-12,77.5199966430664,77.86000061035156,77.19000244140625,77.44999694824219,10028200.0
2024-07-15,77.4000015258789,77.5999984741211,76.94000244140625,77.0,8481200.0
2024-07-16,77.02999877929688,77.75,76.91999816894531,77.73999786376953,7987300.0
2024-07-17,77.86000061035156,78.88999938964844,77.83999633789062,78.73999786376953,18297900.0
2024-07-18,78.44999694824219,79.1500015258789,78.33999633789062,78.3499984741211,14877200.0
2024-07-19,78.55000305175781,78.6500015258789,77.97000122070312,78.08999633789062,11816500.0
2024-07-22,78.2699966430664,78.33000183105469,77.7699966430664,78.13999938964844,9408200.0
2024-07-23,78.22000122070312,78.36000061035156,77.79000091552734,77.86000061035156,6937900.0
2024-07-24,77.58000183105469,77.93000030517578,77.27999877929688,77.79000091552734,10620400.0
2024-07-25,78.05999755859375,78.87999725341797,77.69999694824219,77.69999694824219,15686200.0
2024-07-26,78.01000213623047,78.58000183105469,77.81999969482422,78.48999786376953,10271900.0
2024-07-29,78.33999633789062,78.69000244140625,77.94000244140625,78.5199966430664,9115000.0
2024-07-30,77.58000183105469,78.12000274658203,77.23999786376953,77.98999786376953,11818400.0
2024-07-31,77.98999786376953,78.33999633789062,77.51000213623047,77.8499984741211,10474100.0
2024-08-01,78.0,78.73999786376953,77.76000213623047,78.56999969482422,16535000.0
2024-08-02,79.16999816894531,79.75,77.80000305175781,79.26000213623047,24086900.0
2024-08-05,79.12000274658203,79.3499984741211,77.44000244140625,77.69999694824219,29057400.0
2024-08-06,78.08000183105469,79.08999633789062,77.98999786376953,78.23999786376953,15801400.0
2024-08-07,78.56999969482422,79.4000015258789,78.2699966430664,78.31999969482422,14182300.0
2024-08-08,78.0999984741211,79.16000366210938,78.0199966430664,79.02999877929688,13889800.0
2024-08-09,78.87000274658203,79.29000091552734,78.52999877929688,79.1500015258789,10319800.0
2024-08-12,79.11000061035156,79.16999816894531,78.55000305175781,78.75,9735300.0
2024-08-13,78.75,79.12999725341797,78.3499984741211,79.11000061035156,7513900.0
2024-08-14,79.05000305175781,79.70999908447266,78.91999816894531,79.47000122070312,7264000.0
2024-08-15,80.58999633789062,80.80999755859375,80.05000305175781,80.29000091552734,7745200.0
2024-08-16,80.20999908447266,80.58000183105469,80.08000183105469,80.51000213623047,6976700.0
2024-08-19,80.5999984741211,80.97000122070312,80.56999969482422,80.77999877929688,7330000.0
2024-08-20,80.76000213623047,81.18000030517578,80.62999725341797,81.18000030517578,6931200.0
2024-08-21,81.86000061035156,82.29000091552734,81.5,81.7300033569336,7960700.0
2024-08-22,81.94999694824219,81.94999694824219,81.26000213623047,81.61000061035156,7632600.0
2024-08-23,81.75,81.86000061035156,81.33000183105469,81.83999633789062,6505100.0
2024-08-26,81.93000030517578,82.58999633789062,81.91999816894531,82.41999816894531,7270700.0
2024-08-27,82.54000091552734,82.7699966430664,82.30999755859375,82.62000274658203,5674600.0
2024-08-28,82.63999938964844,82.75,81.95999908447266,82.2699966430664,6666800.0
2024-08-29,82.16999816894531,82.16999816894531,81.69000244140625,81.86000061035156,6343700.0
2024-08-30,82.0199966430664,82.58000183105469,81.80000305175781,82.51000213623047,8884800.0
2024-09-03,82.52999877929688,83.37000274658203,82.43000030517578,83.08999633789062,15503700.0
2024-09-04,82.94000244140625,83.54000091552734,82.86000061035156,83.4800033569336,19276700.0
2024-09-05,83.5,83.62999725341797,82.73999786376953,83.16000366210938,12775800.0
2024-09-06,83.1500015258789,83.51000213623047,82.88999938964844,82.98999786376953,12616500.0
2024-09-09,83.0,83.79000091552734,82.86000061035156,83.62999725341797,10061000.0
2024-09-10,83.51000213623047,84.0,83.38999938964844,83.61000061035156,14002500.0
2024-09-11,83.30999755859375,83.37000274658203,82.08000183105469,82.83000183105469,14556400.0
2024-09-12,82.8499984741211,83.43000030517578,82.56999969482422,83.33999633789062,8659100.0
2024-09-13,83.4000015258789,84.0,83.22000122070312,83.93000030517578,5953700.0
2024-09-16,84.1500015258789,84.52999877929688,83.87000274658203,84.26000213623047,7794600.0
2024-09-17,83.97000122070312,84.20999908447266,83.36000061035156,83.45999908447266,8404900.0
2024-09-18,83.4000015258789,83.86000061035156,82.80000305175781,83.13999938964844,12935600.0
2024-09-19,83.36000061035156,83.37000274658203,82.5199966430664,82.6500015258789,14934200.0
2024-09-20,82.56999969482422,83.11000061035156,82.43000030517578,83.05000305175781,12719100.0
2024-09-23,82.44000244140625,83.36000061035156,82.37999725341797,83.08999633789062,11985900.0
2024-09-24,82.9800033569336,83.27999877929688,82.69000244140625,82.88999938964844,8985100.0
2024-09-25,83.18000030517578,83.26000213623047,82.55999755859375,82.68000030517578,6100900.0
2024-09-26,82.52999877929688,83.25,82.52999877929688,82.87000274658203,8565600.0
2024-09-27,82.9800033569336,83.5,82.87999725341797,83.0199966430664,6432600.0
2024-09-30,83.31999969482422,83.4800033569336,82.68000030517578,83.0,8468900.0
2024-10-01,83.02999877929688,83.13999938964844,82.47000122070312,82.72000122070312,15725800.0
2024-10-02,82.5,82.51000213623047,81.86000061035156,82.0199966430664,10788300.0
2024-10-03,81.69000244140625,81.80999755859375,81.05999755859375,81.19999694824219,11507900.0
2024-10-04,81.06999969482422,81.56999969482422,80.94999694824219,81.47000122070312,12463000.0
2024-10-07,81.5,81.5,80.55999755859375,80.66000366210938,9270800.0
2024-10-08,80.69000244140625,81.16000366210938,80.47000122070312,81.05999755859375,8218300.0
2024-10-09,81.12999725341797,81.66999816894531,81.0,81.55000305175781,9276300.0
2024-10-10,81.52999877929688,81.69999694824219,80.98999786376953,81.19000244140625,9122600.0
2024-10-11,81.47000122070312,81.72000122070312,81.11000061035156,81.63999938964844,8741500.0
2024-10-14,81.5999984741211,82.01000213623047,81.47000122070312,81.97000122070312,6263000.0
2024-10-15,82.08000183105469,83.19000244140625,82.08000183105469,82.48999786376953,11287700.0
2024-10-16,82.20999908447266,82.54000091552734,82.0199966430664,82.43000030517578,7720300.0
2024-10-17,82.54000091552734,82.6500015258789,81.83999633789062,82.05999755859375,7716400.0
2024-10-18,81.87999725341797,82.2699966430664,81.63999938964844,82.23999786376953,8314200.0
2024-10-21,82.20999908447266,82.38999938964844,81.47000122070312,81.55000305175781,8704600.0
2024-10-22,81.43000030517578,82.11000061035156,81.3499984741211,82.01000213623047,8912400.0
2024-10-23,81.5999984741211,81.97000122070312,81.44000244140625,81.8499984741211,6926500.0
2024-10-24,81.83000183105469,82.0,81.5,81.73999786376953,6211500.0
2024-10-25,81.73999786376953,81.87000274658203,80.98999786376953,81.05999755859375,6546900.0
2024-10-28,81.37999725341797,81.55999755859375,81.16999816894531,81.20999908447266,5714200.0
2024-10-29,80.83000183105469,81.04000091552734,80.36000061035156,80.41000366210938,9459900.0
2024-10-30,80.30000305175781,80.54000091552734,80.05000305175781,80.27999877929688,8504800.0
2024-10-31,80.08000183105469,80.58999633789062,79.95999908447266,80.12000274658203,10905300.0
2024-11-01,80.37999725341797,80.44000244140625,80.05000305175781,80.1500015258789,7916100.0
2024-11-04,80.2699966430664,80.61000061035156,80.1500015258789,80.37000274658203,6958900.0
2024-11-05,80.16999816894531,80.87999725341797,80.0199966430664,80.87999725341797,5304800.0
2024-11-06,81.08999633789062,81.20999908447266,79.36000061035156,79.55999755859375,18487700.0
2024-11-07,79.7300033569336,80.30999755859375,79.66999816894531,79.8499984741211,17598100.0
2024-11-08,79.86000061035156,81.0199966430664,79.8499984741211,80.81999969482422,11530300.0
2024-11-11,80.70999908447266,81.44999694824219,80.4800033569336,80.54000091552734,9273800.0
2024-11-12,80.83999633789062,80.94999694824219,80.48999786376953,80.62999725341797,13518000.0
2024-11-13,80.63999938964844,80.94999694824219,80.4000015258789,80.87000274658203,6781600.0
2024-11-14,80.66999816894531,81.13999938964844,80.61000061035156,80.66999816894531,7572200.0
2024-11-15,80.5999984741211,80.66000366210938,79.91999816894531,79.95999908447266,11359100.0
2024-11-18,80.13999938964844,80.66999816894531,80.05000305175781,80.5199966430664,8747600.0
2024-11-19,80.7300033569336,80.88999938964844,80.13999938964844,80.62999725341797,8020800.0
2024-11-20,79.9000015258789,80.22000122070312,79.52999877929688,80.22000122070312,7687200.0
2024-11-21,80.30999755859375,81.18000030517578,80.08999633789062,81.08999633789062,8185800.0
2024-11-22,81.54000091552734,81.91000366210938,81.44000244140625,81.83999633789062,7703800.0
2024-11-25,82.37999725341797,82.62999725341797,82.04000091552734,82.29000091552734,8243100.0
2024-11-26,82.23999786376953,82.70999908447266,82.13999938964844,82.62999725341797,6973600.0
2024-11-27,83.0,83.23999786376953,82.6500015258789,82.80000305175781,7067800.0
2024-11-29,82.77999877929688,83.30000305175781,82.66999816894531,83.22000122070312,4982600.0
2024-12-02,83.13999938964844,83.22000122070312,82.5199966430664,83.12000274658203,10750100.0
2024-12-03,83.05000305175781,83.11000061035156,82.54000091552734,82.69000244140625,11053200.0
2024-12-04,82.47000122070312,82.58000183105469,82.05000305175781,82.45999908447266,10100900.0
2024-12-05,82.55000305175781,82.94999694824219,82.33000183105469,82.79000091552734,12639000.0
2024-12-06,82.80999755859375,83.29000091552734,82.37999725341797,82.37999725341797,7180600.0
2024-12-09,82.5,82.87999725341797,82.02999877929688,82.25,11614000.0
2024-12-10,82.19000244140625,82.83999633789062,81.86000061035156,82.63999938964844,8497200.0
2024-12-11,82.7699966430664,83.11000061035156,81.97000122070312,82.01000213623047,9046100.0
2024-12-12,82.52999877929688,82.62000274658203,82.12000274658203,82.25,5410800.0
2024-12-13,82.08999633789062,82.5199966430664,81.62999725341797,82.04000091552734,8154300.0
2024-12-16,82.06999969482422,82.4800033569336,81.58999633789062,81.61000061035156,6495000.0
2024-12-17,81.44000244140625,81.88999938964844,81.33000183105469,81.47000122070312,8535900.0
2024-12-18,81.16000366210938,81.43000030517578,80.20999908447266,80.2300033569336,17223000.0
2024-12-19,80.16000366210938,80.55999755859375,79.66000366210938,79.66000366210938,15778400.0
2024-12-20,79.62000274658203,80.4000015258789,79.3499984741211,79.94000244140625,11035400.0
2024-12-23,79.05000305175781,79.2300033569336,78.16000366210938,78.91999816894531,11469000.0
2024-12-24,78.8499984741211,79.48999786376953,78.73999786376953,79.44000244140625,3932600.0
2024-12-26,79.29000091552734,79.73999786376953,79.22000122070312,79.69000244140625,4253700.0
2024-12-27,79.31999969482422,79.72000122070312,79.01000213623047,79.30000305175781,6601700.0
2024-12-30,78.95999908447266,79.01000213623047,78.12000274658203,78.37000274658203,7249300.0
2024-12-31,78.52999877929688,78.86000061035156,78.16000366210938,78.61000061035156,6125500.0
2025-01-02,78.77999877929688,79.13999938964844,78.11000061035156,78.37000274658203,9321800.0
2025-01-03,78.5199966430664,78.69999694824219,78.05000305175781,78.33000183105469,6991300.0
2025-01-06,78.41999816894531,78.44000244140625,77.41999816894531,77.51000213623047,9275700.0
2025-01-07,77.70999908447266,78.16000366210938,77.12999725341797,77.23999786376953,11112800.0
2025-01-08,77.16000366210938,77.45999908447266,76.66999816894531,77.37999725341797,9277400.0
2025-01-10,76.88999938964844,77.33000183105469,76.23999786376953,76.33999633789062,13943200.0
2025-01-13,76.4000015258789,76.66000366210938,76.05999755859375,76.47000122070312,9490900.0
2025-01-14,76.55999755859375,76.6500015258789,76.12999725341797,76.48999786376953,7763700.0
2025-01-15,76.91000366210938,77.1500015258789,76.11000061035156,76.2300033569336,11426800.0
2025-01-16,76.08000183105469,76.87999725341797,75.80999755859375,76.80000305175781,11223400.0
2025-01-17,76.94000244140625,77.4000015258789,76.8499984741211,77.23999786376953,10524800.0
2025-01-21,77.38999938964844,77.9000015258789,77.30999755859375,77.5999984741211,8849500.0
2025-01-22,77.94999694824219,77.94999694824219,77.1500015258789,77.22000122070312,8357500.0
2025-01-23,77.11000061035156,77.52999877929688,76.80000305175781,77.5,7562500.0
2025-01-24,77.47000122070312,77.93000030517578,77.43000030517578,77.9000015258789,6685300.0
2025-01-27,78.69000244140625,80.16000366210938,78.68000030517578,80.01000213623047,17519900.0
2025-01-28,79.76000213623047,80.0999984741211,78.5999984741211,78.76000213623047,11664900.0
2025-01-29,78.87999725341797,79.30000305175781,78.80999755859375,78.94999694824219,10195100.0
2025-01-30,79.33999633789062,79.9000015258789,79.18000030517578,79.7300033569336,8192000.0
2025-01-31,79.02999877929688,79.56999969482422,78.93000030517578,78.9800033569336,10269000.0
2025-02-03,78.41000366210938,79.44999694824219,78.2300033569336,79.29000091552734,13340800.0
2025-02-04,79.0199966430664,79.0999984741211,78.30000305175781,78.62000274658203,9307500.0
2025-02-05,78.61000061035156,79.12999725341797,78.19000244140625,79.11000061035156,8847800.0
2025-02-06,80.1500015258789,80.16999816894531,79.22000122070312,79.47000122070312,9846300.0
2025-02-07,79.48999786376953,79.68000030517578,79.12000274658203,79.3499984741211,8104000.0
2025-02-10,79.55999755859375,79.8499984741211,79.05999755859375,79.83999633789062,7949600.0
2025-02-11,79.95999908447266,80.62999725341797,79.66999816894531,80.61000061035156,9157100.0
2025-02-12,79.91999816894531,80.6500015258789,79.87000274658203,80.55000305175781,10564000.0
2025-02-13,80.76000213623047,81.48999786376953,80.54000091552734,81.41999816894531,10132300.0
2025-02-14,81.37999725341797,81.43000030517578,80.58999633789062,80.61000061035156,10470300.0
2025-02-18,80.3499984741211,80.91999816894531,79.9000015258789,80.9000015258789,10432400.0
2025-02-19,81.08999633789062,81.58000183105469,80.88999938964844,81.55000305175781,6450800.0
2025-02-20,80.55999755859375,81.2300033569336,80.43000030517578,81.2300033569336,14264000.0
2025-02-21,81.2300033569336,82.25,80.9800033569336,82.18000030517578,18203300.0
2025-02-24,81.8499984741211,82.80999755859375,81.80999755859375,82.43000030517578,14114200.0
2025-02-25,82.69000244140625,83.87999725341797,82.69000244140625,83.5999984741211,18198000.0
2025-02-26,83.27999877929688,83.36000061035156,81.8499984741211,82.0,19969500.0
2025-02-27,81.63999938964844,82.43000030517578,81.62000274658203,81.98999786376953,16613700.0
2025-02-28,82.69000244140625,83.12999725341797,82.13999938964844,83.08000183105469,15163900.0
2025-03-03,82.68000030517578,83.81999969482422,82.68000030517578,83.5199966430664,18918900.0
2025-03-04,83.36000061035156,84.13999938964844,82.05000305175781,82.0999984741211,21845600.0
2025-03-05,81.94000244140625,82.75,81.80999755859375,82.44000244140625,13772700.0
2025-03-06,82.12999725341797,82.80000305175781,81.94000244140625,82.58999633789062,13729400.0
2025-03-07,82.05999755859375,83.43000030517578,82.04000091552734,82.86000061035156,19631100.0
2025-03-10,82.98999786376953,84.3499984741211,82.36000061035156,82.68000030517578,27412700.0
2025-03-11,82.51000213623047,82.58000183105469,81.41000366210938,81.47000122070312,27913700.0
2025-03-12,80.68000030517578,80.9800033569336,79.62000274658203,79.69999694824219,22000500.0
2025-03-13,79.80000305175781,80.12000274658203,79.18000030517578,79.33000183105469,18077400.0
2025-03-14,79.1500015258789,79.58000183105469,78.87999725341797,79.51000213623047,10251300.0
2025-03-17,79.6500015258789,80.91000366210938,79.58000183105469,80.66999816894531,12470000.0
2025-03-18,80.61000061035156,80.70999908447266,79.69999694824219,79.75,9461100.0
2025-03-19,79.56999969482422,79.83000183105469,79.13999938964844,79.75,12042700.0
2025-03-20,79.62999725341797,79.91999816894531,79.23999786376953,79.36000061035156,10954500.0
2025-03-21,79.30000305175781,79.52999877929688,78.98999786376953,79.33000183105469,11926200.0
2025-03-24,79.02999877929688,79.4800033569336,78.95999908447266,79.4000015258789,9586600.0
2025-03-25,79.26000213623047,79.36000061035156,78.43000030517578,78.68000030517578,12703200.0
2025-03-26,78.8499984741211,80.08000183105469,78.8499984741211,79.9000015258789,11491900.0
2025-03-27,80.12999725341797,80.97000122070312,80.06999969482422,80.80999755859375,9253000.0
2025-03-28,80.91999816894531,81.0999984741211,80.11000061035156,80.41000366210938,12493200.0
2025-03-31,80.52999877929688,81.91999816894531,80.52999877929688,81.66999816894531,14299100.0
2025-04-01,81.86000061035156,82.01000213623047,81.31999969482422,81.79000091552734,11201000.0
2025-04-02,81.83000183105469,82.05999755859375,81.18000030517578,81.55000305175781,9219000.0
2025-04-03,81.75,82.81999969482422,81.3499984741211,82.0199966430664,20746100.0
2025-04-04,81.58000183105469,82.04000091552734,78.45999908447266,78.45999908447266,35619500.0
2025-04-07,76.5999984741211,79.37999725341797,76.16000366210938,77.55000305175781,45133500.0
2025-04-08,78.70999908447266,78.97000122070312,75.61000061035156,76.3499984741211,26842500.0
2025-04-09,75.97000122070312,79.94000244140625,75.83000183105469,79.30999755859375,39358900.0
2025-04-10,79.30000305175781,80.1500015258789,77.97000122070312,79.3499984741211,25968000.0
2025-04-11,79.6500015258789,80.86000061035156,78.91000366210938,80.3499984741211,19009500.0
2025-04-14,80.69000244140625,82.05000305175781,80.33000183105469,81.72000122070312,12388100.0
2025-04-15,81.83999633789062,81.94000244140625,80.9800033569336,81.02999877929688,8920200.0
2025-04-16,81.37000274658203,81.48999786376953,79.81999969482422,80.16000366210938,13657300.0
2025-04-17,80.51000213623047,82.26000213623047,80.38999938964844,81.87000274658203,13663600.0
2025-04-21,81.94000244140625,82.02999877929688,80.19999694824219,81.08999633789062,13804400.0
2025-04-22,81.4000015258789,82.70999908447266,81.26000213623047,82.23999786376953,11258800.0
2025-04-23,82.37999725341797,82.70999908447266,81.12999725341797,81.7699966430664,17717300.0
2025-04-24,81.22000122070312,81.33000183105469,80.68000030517578,81.05000305175781,12480700.0
2025-04-25,81.19999694824219,81.44000244140625,80.0,80.83999633789062,14378000.0
2025-04-28,80.91000366210938,81.22000122070312,80.13999938964844,80.56999969482422,12088900.0
2025-04-29,80.2300033569336,81.30000305175781,79.79000091552734,81.23999786376953,10065700.0
2025-04-30,81.69000244140625,82.1500015258789,80.66999816894531,81.83000183105469,10565800.0
2025-05-01,81.29000091552734,81.55000305175781,80.83000183105469,81.12000274658203,13203000.0
2025-05-02,81.58000183105469,81.86000061035156,81.20999908447266,81.55999755859375,14859700.0
2025-05-05,81.58000183105469,81.68000030517578,81.0,81.48999786376953,10236300.0
2025-05-06,81.33000183105469,81.62999725341797,80.97000122070312,81.3499984741211,10506300.0
2025-05-07,81.43000030517578,81.8499984741211,81.16000366210938,81.4800033569336,10474900.0
2025-05-08,81.56999969482422,81.94999694824219,81.06999969482422,81.37999725341797,11018500.0
2025-05-09,81.02999877929688,81.33999633789062,80.81999969482422,80.91000366210938,9231500.0
2025-05-12,80.97000122070312,81.2300033569336,80.33000183105469,81.02999877929688,18914800.0
2025-05-13,80.76000213623047,80.87999725341797,79.6500015258789,79.94000244140625,13148500.0
2025-05-14,79.80000305175781,79.91000366210938,79.36000061035156,79.51000213623047,10352000.0
2025-05-15,79.58000183105469,81.19000244140625,79.26000213623047,81.13999938964844,13370000.0
2025-05-16,81.22000122070312,82.06999969482422,81.0999984741211,82.06999969482422,11973300.0
2025-05-19,81.8499984741211,82.37000274658203,81.61000061035156,82.30999755859375,13601400.0
2025-05-20,82.2699966430664,82.83999633789062,82.2699966430664,82.5999984741211,12719300.0
2025-05-21,82.19999694824219,82.33000183105469,81.51000213623047,81.63999938964844,10989100.0
2025-05-22,81.56999969482422,81.73999786376953,80.97000122070312,81.30000305175781,11871600.0
2025-05-23,81.26000213623047,81.7699966430664,80.76000213623047,81.5999984741211,10693100.0
2025-05-27,81.9000015258789,82.38999938964844,81.72000122070312,82.33999633789062,14433600.0
2025-05-28,82.30999755859375,82.58000183105469,81.69000244140625,81.77999877929688,9963800.0
2025-05-29,81.80999755859375,82.16000366210938,81.4000015258789,82.11000061035156,13321300.0
2025-05-30,81.97000122070312,83.19000244140625,81.97000122070312,82.83000183105469,17778900.0
2025-06-02,82.58999633789062,82.88999938964844,82.05999755859375,82.87999725341797,15827900.0
2025-06-03,82.73999786376953,82.93000030517578,82.22000122070312,82.80000305175781,13265600.0
2025-06-04,82.81999969482422,82.83999633789062,82.1500015258789,82.22000122070312,10804100.0
2025-06-05,82.05000305175781,82.16000366210938,81.20999908447266,81.43000030517578,16474500.0
2025-06-06,81.80999755859375,81.94999694824219,81.43000030517578,81.69000244140625,10948900.0
2025-06-09,81.55999755859375,81.83000183105469,81.19000244140625,81.58000183105469,13027300.0
2025-06-10,81.58999633789062,81.94999694824219,81.44999694824219,81.76000213623047,12364900.0
2025-06-11,81.70999908447266,81.70999908447266,81.20999908447266,81.4800033569336,11204000.0
2025-06-12,81.44999694824219,81.9800033569336,81.08999633789062,81.95999908447266,10709900.0
2025-06-13,81.70999908447266,82.16000366210938,80.7699966430664,80.95999908447266,15635100.0
2025-06-16,81.16000366210938,81.8499984741211,80.97000122070312,81.22000122070312,12728200.0
2025-06-17,80.98999786376953,81.12000274658203,80.5,80.52999877929688,15059900.0
2025-06-18,80.75,80.83999633789062,80.37999725341797,80.43000030517578,11117700.0
2025-06-20,80.72000122070312,81.23999786376953,80.61000061035156,81.0199966430664,16771500.0
2025-06-23,80.52999877929688,81.47000122070312,80.47000122070312,81.4000015258789,17771400.0
2025-06-24,81.38999938964844,81.4800033569336,80.97000122070312,81.33000183105469,12580900.0
2025-06-25,81.16000366210938,81.16000366210938,80.12999725341797,80.23999786376953,12880400.0
2025-06-26,80.31999969482422,80.63999938964844,79.97000122070312,80.16999816894531,13783200.0
2025-06-27,80.25,80.80000305175781,80.16999816894531,80.55000305175781,15135300.0
2025-06-30,80.51000213623047,81.12000274658203,80.38999938964844,80.97000122070312,12080000.0
2025-07-01,81.05999755859375,82.4800033569336,81.05999755859375,81.9800033569336,23302100.0
2025-07-02,81.91999816894531,82.2699966430664,81.54000091552734,82.22000122070312,16429100.0
2025-07-03,82.2699966430664,82.33000183105469,81.77999877929688,82.18000030517578,10898400.0
2025-07-07,82.0999984741211,82.16000366210938,81.68000030517578,82.11000061035156,14365100.0
2025-07-08,81.79000091552734,81.91000366210938,81.27999877929688,81.3499984741211,15712800.0
2025-07-09,81.45999908447266,81.55000305175781,80.37000274658203,80.81999969482422,22179000.0
2025-07-10,80.86000061035156,81.41999816894531,80.56999969482422,81.11000061035156,16687900.0
2025-07-11,80.79000091552734,81.01000213623047,80.4000015258789,80.80999755859375,16936700.0
2025-07-14,80.83000183105469,80.93000030517578,80.27999877929688,80.87999725341797,13694000.0
2025-07-15,80.69999694824219,80.8499984741211,80.05999755859375,80.06999969482422,17681600.0
2025-07-16,80.11000061035156,80.41999816894531,79.68000030517578,80.3499984741211,15633600.0
2025-07-17,80.66000366210938,81.16000366210938,80.47000122070312,81.11000061035156,17079000.0
2025-07-18,81.1500015258789,81.48999786376953,80.79000091552734,80.88999938964844,12755000.0
2025-07-21,80.95999908447266,81.31999969482422,80.79000091552734,80.87999725341797,13430900.0
2025-07-22,80.4800033569336,81.76000213623047,80.41999816894531,81.62000274658203,20413700.0
2025-07-23,81.6500015258789,81.86000061035156,81.38999938964844,81.6500015258789,13808900.0
2025-07-24,81.72000122070312,81.80999755859375,81.29000091552734,81.36000061035156,11462600.0
2025-07-25,81.30999755859375,81.5199966430664,81.04000091552734,81.5,9284900.0
2025-07-28,81.06999969482422,81.19999694824219,80.55000305175781,80.66000366210938,12113200.0
2025-07-29,80.80000305175781,81.43000030517578,80.37000274658203,81.19000244140625,18872900.0
2025-07-30,81.2300033569336,81.48999786376953,80.25,80.47000122070312,16485500.0
2025-07-31,79.9000015258789,80.55999755859375,79.6500015258789,79.77999877929688,18339700.0
2025-08-01,80.22000122070312,80.66000366210938,80.05000305175781,80.16000366210938,28529200.0
2025-08-04,80.05999755859375,80.69000244140625,80.05999755859375,80.55000305175781,14441900.0
2025-08-05,80.51000213623047,80.91000366210938,80.3499984741211,80.47000122070312,15062900.0
2025-08-06,80.69999694824219,81.88999938964844,80.5,81.62000274658203,16043200.0
2025-08-07,81.76000213623047,82.36000061035156,81.48999786376953,82.23999786376953,15984100.0
2025-08-08,82.30999755859375,82.79000091552734,82.27999877929688,82.4800033569336,14135200.0
2025-08-11,82.5199966430664,82.62999725341797,81.91000366210938,82.41000366210938,12970500.0
2025-08-12,82.5199966430664,82.69999694824219,82.26000213623047,82.62999725341797,16449500.0
2025-08-13,82.19000244140625,82.80000305175781,81.93000030517578,82.62999725341797,17683900.0
2025-08-14,82.3499984741211,82.4000015258789,81.83000183105469,81.88999938964844,12826500.0
2025-08-15,82.02999877929688,82.2699966430664,81.6500015258789,82.0199966430664,12217700.0
2025-08-18,82.05999755859375,82.29000091552734,81.86000061035156,81.91000366210938,11892100.0
2025-08-19,82.06999969482422,82.87999725341797,82.05000305175781,82.75,13215600.0
2025-08-20,82.72000122070312,83.9000015258789,82.63999938964844,83.22000122070312,24835800.0
2025-08-21,82.6500015258789,82.69000244140625,82.18000030517578,82.47000122070312,18125200.0
2025-08-22,82.72000122070312,83.26000213623047,82.26000213623047,82.47000122070312,16491500.0
2025-08-25,82.08999633789062,82.2300033569336,80.9800033569336,81.05999755859375,20490600.0
2025-08-26,80.94999694824219,81.0,80.37999725341797,80.52999877929688,17724000.0
2025-08-27,80.44000244140625,80.80000305175781,80.3499984741211,80.7699966430664,11764700.0
2025-08-28,80.81999969482422,80.87000274658203,80.0199966430664,80.26000213623047,14505000.0
2025-08-29,80.44000244140625,80.83999633789062,80.27999877929688,80.77999877929688,15675800.0
2025-09-02,80.91999816894531,81.19999694824219,80.33000183105469,80.6500015258789,16662400.0
2025-09-03,80.25,80.62999725341797,79.91000366210938,80.58999633789062,14723100.0
2025-09-04,80.75,81.05000305175781,80.44000244140625,80.63999938964844,12717400.0
2025-09-05,80.62000274658203,81.27999877929688,80.41999816894531,80.87000274658203,20657300.0
2025-09-08,80.77999877929688,80.79000091552734,80.04000091552734,80.56999969482422,18019800.0
2025-09-09,80.41000366210938,80.8499984741211,80.31999969482422,80.7300033569336,13459600.0
2025-09-10,80.38999938964844,80.54000091552734,79.54000091552734,79.94000244140625,19041800.0
2025-09-11,80.1500015258789,80.81999969482422,80.02999877929688,80.58999633789062,16717500.0
2025-09-12,80.44999694824219,80.63999938964844,80.11000061035156,80.31999969482422,10261000.0
2025-09-15,80.29000091552734,80.4800033569336,79.36000061035156,79.4000015258789,14871900.0
2025-09-16,79.52999877929688,79.94000244140625,79.3499984741211,79.76000213623047,16171000.0
2025-09-17,79.87999725341797,80.73999786376953,79.87999725341797,80.23999786376953,14408700.0
2025-09-18,79.70999908447266,80.0199966430664,79.52999877929688,79.54000091552734,21046100.0
2025-09-19,79.7300033569336,79.75,79.30999755859375,79.37999725341797,13348900.0
2025-09-22,78.54000091552734,78.5999984741211,77.91000366210938,77.95999908447266,11993700.0
2025-09-23,78.02999877929688,78.37999725341797,77.7300033569336,78.3499984741211,9703700.0
2025-09-24,78.33000183105469,78.83000183105469,78.19999694824219,78.5199966430664,10634100.0
2025-09-25,78.86000061035156,78.93000030517578,77.7699966430664,77.7699966430664,12046100.0
2025-09-26,77.69000244140625,78.01000213623047,77.48999786376953,77.95999908447266,11547800.0
2025-09-29,78.08999633789062,78.12999725341797,77.58000183105469,78.11000061035156,11490300.0
2025-09-30,78.01000213623047,78.54000091552734,77.94999694824219,78.37000274658203,12306100.0
2025-10-01,78.2699966430664,78.48999786376953,77.80000305175781,78.25,10125300.0
2025-10-02,77.91000366210938,78.19999694824219,77.75,77.94000244140625,8422100.0
2025-10-03,77.91000366210938,78.3499984741211,77.80999755859375,78.02999877929688,8426600.0
2025-10-06,77.86000061035156,77.91999816894531,77.37999725341797,77.45999908447266,10740000.0
2025-10-07,77.55999755859375,78.30000305175781,77.16000366210938,78.18000030517578,12084200.0
2025-10-08,78.12000274658203,78.12999725341797,77.66000366210938,77.79000091552734,9503000.0
2025-10-09,78.04000091552734,78.16000366210938,77.69000244140625,78.04000091552734,9315600.0
2025-10-10,78.30000305175781,78.7699966430664,78.0999984741211,78.0999984741211,20763500.0
2025-10-13,77.7300033569336,78.12999725341797,77.44000244140625,77.83999633789062,12692100.0
2025-10-14,77.91999816894531,79.12999725341797,77.79000091552734,79.08999633789062,12884100.0
2025-10-15,79.08000183105469,79.72000122070312,78.95999908447266,79.2300033569336,9111200.0
2025-10-16,79.43000030517578,79.75,78.4800033569336,78.68000030517578,13600000.0
2025-10-17,79.05999755859375,79.77999877929688,79.0199966430664,79.7300033569336,13983900.0
2025-10-20,79.9000015258789,80.01000213623047,79.52999877929688,79.66000366210938,13002500.0
2025-10-21,79.80000305175781,79.8499984741211,79.06999969482422,79.29000091552734,17471400.0
2025-10-22,79.41000366210938,80.25,78.98999786376953,79.73999786376953,13294700.0
2025-10-23,79.83000183105469,79.86000061035156,79.01000213623047,79.3499984741211,10809500.0
2025-10-24,79.87999725341797,79.9000015258789,79.05999755859375,79.08999633789062,12735500.0
2025-10-27,79.30000305175781,79.33000183105469,78.87000274658203,79.22000122070312,13984700.0
2025-10-28,78.91000366210938,79.0,78.41000366210938,78.43000030517578,8927500.0
2025-10-29,77.88999938964844,77.9000015258789,76.48999786376953,76.58000183105469,19894100.0
2025-10-30,76.61000061035156,76.94999694824219,76.47000122070312,76.5,17364800.0
2025-10-31,76.19000244140625,76.48999786376953,75.80999755859375,76.27999877929688,14658200.0
2025-11-03,76.12000274658203,76.18000030517578,75.45999908447266,75.68000030517578,16185500.0
2025-11-04,76.0,76.19999694824219,75.55000305175781,75.98999786376953,18147000.0
2025-11-05,75.9000015258789,76.20999908447266,75.51000213623047,75.94000244140625,15782900.0
2025-11-06,75.69999694824219,75.93000030517578,75.16000366210938,75.5999984741211,15452200.0
2025-11-07,76.12999725341797,76.8499984741211,75.87999725341797,76.70999908447266,16959500.0
2025-11-10,76.4800033569336,76.61000061035156,75.93000030517578,76.43000030517578,16805900.0
2025-11-11,76.66999816894531,77.54000091552734,76.61000061035156,77.43000030517578,19801200.0
2025-11-12,77.48999786376953,77.7300033569336,77.30000305175781,77.31999969482422,10978200.0
2025-11-13,77.33000183105469,77.79000091552734,77.12000274658203,77.31999969482422,15370800.0
2025-11-14,77.3499984741211,77.61000061035156,76.79000091552734,77.26000213623047,13138200.0
2025-11-17,77.27999877929688,77.5999984741211,76.72000122070312,76.7699966430664,13887100.0
2025-11-18,76.9800033569336,77.37999725341797,76.63999938964844,77.0999984741211,16840000.0
2025-11-19,76.94000244140625,77.06999969482422,76.2300033569336,76.51000213623047,15122100.0
2025-11-20,76.75,77.37999725341797,76.69999694824219,77.05999755859375,21590200.0
2025-11-21,77.36000061035156,78.4000015258789,77.20999908447266,77.9000015258789,22216000.0
2025-11-24,77.80000305175781,77.93000030517578,76.9000015258789,77.0,17869400.0
2025-11-25,77.19999694824219,78.08999633789062,77.19999694824219,78.05999755859375,18586300.0
2025-11-26,78.05999755859375,79.11000061035156,78.05999755859375,78.91000366210938,13275100.0
2025-11-28,78.80000305175781,79.38999938964844,78.80000305175781,79.37000274658203,8914300.0
2025-12-01,79.26000213623047,79.52999877929688,79.04000091552734,79.29000091552734,16939900.0
2025-12-02,79.05000305175781,79.05000305175781,78.16999816894531,78.7699966430664,20551000.0
2025-12-03,78.93000030517578,79.55000305175781,78.73999786376953,78.83000183105469,16832900.0
2025-12-04,78.69000244140625,78.91000366210938,78.01000213623047,78.44999694824219,14269500.0
2025-12-05,78.4000015258789,78.98999786376953,78.2300033569336,78.45999908447266,13343200.0
2025-12-08,78.30999755859375,78.31999969482422,77.68000030517578,77.80999755859375,14602000.0
2025-12-09,77.9800033569336,78.22000122070312,77.6500015258789,77.98999786376953,14040200.0
2025-12-10,78.19000244140625,78.37999725341797,77.93000030517578,78.22000122070312,13945300.0
2025-12-11,78.41000366210938,79.06999969482422,78.4000015258789,78.80000305175781,13753800.0
2025-12-12,78.93000030517578,79.45999908447266,78.80000305175781,79.41999816894531,14506900.0
2025-12-15,79.62999725341797,79.91000366210938,79.31999969482422,79.63999938964844,14499400.0
2025-12-16,79.79000091552734,79.97000122070312,79.0999984741211,79.27999877929688,13055300.0
2025-12-17,79.38999938964844,79.87999725341797,79.3499984741211,79.6500015258789,14268400.0
2025-12-18,79.33000183105469,79.81999969482422,79.13999938964844,79.19000244140625,12117100.0
2025-12-19,79.12000274658203,79.16000366210938,78.76000213623047,78.77999877929688,13142000.0
2025-12-22,77.97000122070312,78.19999694824219,77.7300033569336,77.87999725341797,10983600.0
2025-12-23,77.80999755859375,77.81999969482422,77.37999725341797,77.51000213623047,7638500.0
2025-12-24,77.55000305175781,78.19000244140625,77.55000305175781,78.12000274658203,4697100.0
2025-12-26,78.04000091552734,78.41000366210938,77.97000122070312,78.2300033569336,8761300.0
2025-12-29,78.16999816894531,78.4800033569336,78.16999816894531,78.27999877929688,9242300.0
2025-12-30,78.0999984741211,78.33000183105469,78.04000091552734,78.1500015258789,5610900.0
2025-12-31,77.98999786376953,78.12000274658203,77.66999816894531,77.68000030517578,5872000.0
2026-01-02,77.70999908447266,77.97000122070312,77.30000305175781,77.69000244140625,15968600.0
2026-01-05,77.55999755859375,77.56999969482422,76.76000213623047,77.3499984741211,23429400.0
2026-01-06,77.33999633789062,77.69000244140625,77.13999938964844,77.47000122070312,17108100.0
2026-01-07,77.55999755859375,77.69000244140625,76.5999984741211,76.62000274658203,18977200.0
2026-01-08,76.61000061035156,78.7300033569336,76.51000213623047,78.44000244140625,26260100.0
2026-01-09,78.43000030517578,79.33999633789062,78.37000274658203,79.25,18234000.0
2026-01-12,79.52999877929688,80.2699966430664,79.26000213623047,80.18000030517578,26411200.0
2026-01-13,80.20999908447266,81.19000244140625,80.20999908447266,81.11000061035156,26284200.0
2026-01-14,81.08000183105469,82.3499984741211,81.05000305175781,82.2300033569336,32494200.0
2026-01-15,82.0999984741211,82.51000213623047,81.8499984741211,82.37000274658203,29123700.0
2026-01-16,82.1500015258789,82.27999877929688,81.72000122070312,82.11000061035156,23754200.0
2026-01-20,81.94999694824219,82.55999755859375,81.44999694824219,82.36000061035156,19889000.0
2026-01-21,82.16999816894531,82.56999969482422,81.66000366210938,82.44000244140625,23029100.0
2026-01-22,82.33999633789062,82.56999969482422,82.05000305175781,82.2699966430664,15777300.0
2026-01-23,82.37999725341797,82.94000244140625,82.30999755859375,82.91000366210938,20185600.0
2026-01-26,83.05000305175781,83.33000183105469,82.63999938964844,82.77999877929688,13188000.0
2026-01-27,82.76000213623047,83.23999786376953,82.44999694824219,83.16000366210938,13532200.0
2026-01-28,83.0,83.4000015258789,81.94999694824219,82.31999969482422,16303200.0
2026-01-29,82.36000061035156,82.8499984741211,82.01000213623047,82.12999725341797,18799300.0
2026-01-30,82.18000030517578,83.51000213623047,82.02999877929688,83.51000213623047,18174800.0
2026-02-02,83.76000213623047,84.66000366210938,83.29000091552734,84.5,26041700.0
2026-02-03,84.12000274658203,86.33999633789062,84.05999755859375,85.87000274658203,33052500.0
2026-02-04,86.31999969482422,87.3499984741211,86.22000122070312,86.98999786376953,33748100.0
2026-02-05,87.58000183105469,87.63999938964844,86.47000122070312,86.91999816894531,38772900.0
2026-02-06,86.8499984741211,88.08999633789062,86.69999694824219,87.94000244140625,29568600.0
2026-02-09,87.91000366210938,88.22000122070312,86.87999725341797,87.43000030517578,21853900.0
2026-02-10,87.33000183105469,87.83000183105469,86.81999969482422,87.1500015258789,20908100.0
2026-02-11,86.98999786376953,88.70999908447266,86.7300033569336,88.4000015258789,25588300.0
2026-02-12,88.48999786376953,90.05999755859375,88.48999786376953,89.20999908447266,35282800.0
2026-02-13,89.05000305175781,90.0,88.62000274658203,89.51000213623047,25649700.0
2026-02-17,89.62999725341797,90.13999938964844,87.6500015258789,88.19999694824219,29819300.0
2026-02-18,87.93000030517578,88.5199966430664,87.62000274658203,88.04000091552734,20422200.0
2026-02-19,88.0,88.69999694824219,87.37000274658203,87.66999816894531,18447200.0
2026-02-20,87.66999816894531,87.94999694824219,87.18000030517578,87.88999938964844,17909400.0
2026-02-23,87.68000030517578,89.16999816894531,87.68000030517578,88.97000122070312,22070900.0
2026-02-24,88.95999908447266,89.77999877929688,88.76000213623047,89.73999786376953,20364000.0
2026-02-25,89.33999633789062,89.45999908447266,88.31999969482422,89.01000213623047,15215600.0
2026-02-26,89.26000213623047,89.63999938964844,88.58999633789062,88.86000061035156,15925900.0
2026-02-27,88.9800033569336,90.05999755859375,88.95999908447266,90.01000213623047,17314200.0
2026-03-02,89.44000244140625,89.79000091552734,88.69000244140625,88.70999908447266,27606700.0
2026-03-03,88.3499984741211,88.51000213623047,87.16000366210938,87.73999786376953,36852400.0
2026-03-04,87.80999755859375,87.95999908447266,86.93000030517578,87.16000366210938,22736400.0
2026-03-05,86.33999633789062,86.44000244140625,85.05999755859375,85.41000366210938,33738500.0
2026-03-06,84.91999816894531,85.8499984741211,84.62000274658203,85.77999877929688,25859700.0
2026-03-09,85.2699966430664,86.16000366210938,84.80000305175781,85.97000122070312,20729100.0
2026-03-10,85.69000244140625,86.48999786376953,85.16000366210938,85.72000122070312,18864900.0
2026-03-11,85.55000305175781,85.61000061035156,84.20999908447266,84.58999633789062,18432200.0
2026-03-12,83.91999816894531,84.97000122070312,83.69000244140625,84.25,17861800.0
2026-03-13,84.70999908447266,85.11000061035156,84.55999755859375,84.73999786376953,13103600.0
2026-03-16,85.20999908447266,85.45999908447266,84.81999969482422,84.9800033569336,12882500.0
2026-03-17,85.4000015258789,85.68000030517578,84.63999938964844,84.69999694824219,12224900.0
2026-03-18,84.01000213623047,84.02999877929688,82.5999984741211,82.63999938964844,19412700.0
2026-03-19,82.62000274658203,83.0,81.83000183105469,81.97000122070312,18581300.0
2026-03-20,82.11000061035156,82.30999755859375,81.05999755859375,81.29000091552734,20895800.0
2026-03-23,81.77999877929688,81.83000183105469,80.9800033569336,81.18000030517578,21027400.0
2026-03-24,80.80000305175781,82.02999877929688,80.62999725341797,81.11000061035156,14830000.0
2026-03-25,81.43000030517578,81.62999725341797,80.51000213623047,81.51000213623047,17648200.0
2026-03-26,81.4800033569336,82.2300033569336,81.06999969482422,81.13999938964844,14148400.0
2026-03-27,81.2699966430664,82.31999969482422,80.98999786376953,81.77999877929688,25942100.0
2026-03-30,81.91000366210938,82.61000061035156,81.62999725341797,81.87999725341797,15855700.0
2026-03-31,82.0,82.2699966430664,81.1500015258789,81.9800033569336,19522700.0
2026-04-01,81.72000122070312,81.87000274658203,80.91999816894531,81.45999908447266,29643400.0
2026-04-02,81.70999908447266,81.9800033569336,81.16000366210938,81.88999938964844,20709800.0
2026-04-06,81.86000061035156,82.69000244140625,81.61000061035156,82.66000366210938,9796700.0
2026-04-07,82.45999908447266,82.54000091552734,81.0999984741211,81.26000213623047,13331200.0
2026-04-08,81.25,82.80000305175781,80.97000122070312,82.77999877929688,12645900.0
2026-04-09,82.23999786376953,83.63999938964844,82.05999755859375,83.44999694824219,11716200.0
2026-04-10,83.37999725341797,83.41000366210938,82.13999938964844,82.37000274658203,12097000.0
2026-04-13,82.13999938964844,82.2699966430664,81.06999969482422,81.55000305175781,9981200.0
2026-04-14,81.05999755859375,81.75,80.70999908447266,81.47000122070312,11577400.0
2026-04-15,81.2300033569336,81.31999969482422,80.45999908447266,81.05999755859375,10893700.0
2026-04-16,80.98999786376953,81.80000305175781,80.87000274658203,81.43000030517578,13279000.0
2026-04-17,81.31999969482422,82.54000091552734,81.1500015258789,82.45999908447266,12251700.0
2026-04-20,82.55000305175781,82.94999694824219,82.08000183105469,82.38999938964844,9430800.0
2026-04-21,82.33999633789062,82.44999694824219,81.73999786376953,81.83999633789062,8710400.0
2026-04-22,82.08999633789062,82.51000213623047,81.8499984741211,82.11000061035156,9138500.0
2026-04-23,82.36000061035156,83.66000366210938,82.36000061035156,83.4800033569336,12354400.0
2026-04-24,83.76000213623047,83.86000061035156,82.94999694824219,83.2300033569336,10852700.0
2026-04-27,83.0999984741211,83.33999633789062,82.2699966430664,82.33999633789062,11125800.0
2026-04-28,83.5999984741211,83.6500015258789,82.62000274658203,83.08000183105469,10170400.0
2026-04-29,82.76000213623047,83.23999786376953,82.47000122070312,82.91999816894531,12096900.0
2026-04-30,83.29000091552734,84.44000244140625,83.18000030517578,84.30999755859375,15360200.0
2026-05-01,84.72000122070312,85.05999755859375,83.73999786376953,84.16999816894531,13320000.0
2026-05-04,83.54000091552734,84.3499984741211,83.13999938964844,83.54000091552734,12599100.0
2026-05-05,83.4800033569336,84.45999908447266,83.2699966430664,84.05999755859375,10891500.0
2026-05-06,84.33999633789062,84.51000213623047,83.83999633789062,84.23999786376953,11529800.0
2026-05-07,83.93000030517578,84.30000305175781,83.1500015258789,83.9800033569336,10116900.0
2026-05-08,84.52999877929688,84.80000305175781,84.16000366210938,84.18000030517578,10323400.0
2026-05-11,84.08000183105469,84.29000091552734,82.83000183105469,83.37000274658203,11062700.0
2026-05-12,83.70999908447266,85.0199966430664,83.20999908447266,84.44000244140625,16105000.0
2026-05-13,84.19999694824219,85.26000213623047,84.13999938964844,84.72000122070312,10463200.0
2026-05-14,84.94999694824219,85.26000213623047,84.79000091552734,84.9800033569336,6627600.0
2026-05-15,85.52999877929688,85.58999633789062,84.51000213623047,84.63999938964844,12229600.0
2026-05-18,84.75,85.94000244140625,84.68000030517578,85.9000015258789,11634800.0
2026-05-19,85.81999969482422,86.69999694824219,85.16000366210938,86.08999633789062,12233000.0
2026-05-20,85.58000183105469,86.06999969482422,84.80999755859375,85.5199966430664,14035000.0
2026-05-21,84.55999755859375,84.7699966430664,83.44000244140625,84.66000366210938,13185200.0
2026-05-22,84.72000122070312,85.12000274658203,84.44000244140625,84.80000305175781,7889900.0
2026-05-26,84.79000091552734,84.88999938964844,83.52999877929688,83.62999725341797,9475800.0
2026-05-27,84.0199966430664,85.16000366210938,83.9000015258789,84.58000183105469,12224200.0
2026-05-28,84.86000061035156,84.94999694824219,84.37000274658203,84.43000030517578,6414300.0
2026-05-29,83.97000122070312,84.0999984741211,82.8499984741211,82.91000366210938,13011100.0
2026-06-01,82.51000213623047,82.63999938964844,81.68000030517578,82.02999877929688,20246700.0
2026-06-02,81.91999816894531,82.29000091552734,81.4800033569336,81.83000183105469,15723400.0
2026-06-03,81.79000091552734,82.72000122070312,81.6500015258789,82.16000366210938,14750300.0
2026-06-04,83.33999633789062,83.61000061035156,81.83999633789062,82.04000091552734,12184700.0
2026-06-05,82.58999633789062,84.38999938964844,82.44000244140625,83.44000244140625,17021500.0
2026-06-08,82.97000122070312,83.48999786376953,82.93000030517578,83.06999969482422,9544500.0
2026-06-09,83.18000030517578,84.58999633789062,83.04000091552734,84.0999984741211,12440600.0
2026-06-10,84.76000213623047,85.62000274658203,84.4000015258789,85.48999786376953,13134100.0
2026-06-11,85.68000030517578,85.95999908447266,85.19999694824219,85.2699966430664,18013600.0
2026-06-12,85.45999908447266,85.86000061035156,85.12000274658203,85.81999969482422,9363000.0
2026-06-15,85.47000122070312,85.7699966430664,85.12999725341797,85.4800033569336,10980200.0
2026-06-16,85.79000091552734,86.3499984741211,85.08999633789062,85.58999633789062,9364100.0
2026-06-17,85.19000244140625,85.38999938964844,83.36000061035156,83.68000030517578,18015200.0
2026-06-18,83.83999633789062,83.88999938964844,83.12999725341797,83.30000305175781,10446700.0
2026-06-22,82.66000366210938,83.13999938964844,82.1500015258789,82.18000030517578,11243600.0
2026-06-23,83.62000274658203,83.83999633789062,83.02999877929688,83.72000122070312,14963300.0
2026-06-24,84.04000091552734,84.80999755859375,83.81999969482422,84.44000244140625,11294900.0
2026-06-25,83.94999694824219,84.98999786376953,83.69999694824219,83.94000244140625,12076100.0
2026-06-26,84.6500015258789,85.22000122070312,84.44999694824219,84.70999908447266,11372100.0
2026-06-29,84.91000366210938,85.08000183105469,84.05000305175781,84.37000274658203,10163800.0
2026-06-30,83.98999786376953,84.08999633789062,82.94999694824219,83.06999969482422,12752500.0
2026-07-01,83.0999984741211,83.33000183105469,82.7699966430664,83.30000305175781,12210100.0
2026-07-02,83.75,85.13999938964844,83.75,84.98999786376953,16704700.0
2026-07-06,84.80000305175781,85.0999984741211,83.31999969482422,84.0999984741211,13176600.0
2026-07-07,85.5199966430664,85.95999908447266,84.44999694824219,84.86000061035156,13234800.0
2026-07-08,85.16999816894531,85.30000305175781,84.3499984741211,84.38999938964844,10998500.0
2026-07-09,83.55000305175781,83.83999633789062,83.11000061035156,83.19999694824219,11322100.0
2026-07-10,83.23999786376953,84.19000244140625,83.16999816894531,84.12000274658203,8305400.0
2026-07-13,84.55000305175781,85.54000091552734,84.37999725341797,84.58999633789062,8118700.0
2026-07-14,84.51000213623047,84.73999786376953,83.3499984741211,83.41999816894531,7871000.0
2026-07-15,83.0999984741211,84.22000122070312,82.97000122070312,83.47000122070312,7387500.0
2026-07-16,84.13999938964844,85.81999969482422,84.04000091552734,85.80999755859375,12146500.0
2026-07-17,86.79000091552734,87.43000030517578,84.76000213623047,85.19000244140625,15692300.0
2026-07-20,85.13999938964844,85.4000015258789,84.55999755859375,84.86000061035156,8570800.0
2026-07-21,84.43000030517578,84.5999984741211,83.91999816894531,84.05999755859375,7388000.0
2026-07-22,84.58000183105469,85.0199966430664,84.06999969482422,84.37999725341797,6545700.0
