Date,Open,High,Low,Close,Volume
2018-07-23,32.4900016784668,32.4900016784668,32.2130012512207,32.40999984741211,2796900.0
2018-07-24,32.38999938964844,32.52000045776367,32.13999938964844,32.31999969482422,2104200.0
2018-07-25,32.34000015258789,32.69499969482422,32.31999969482422,32.63999938964844,2608800.0
2018-07-26,32.66999816894531,32.900001525878906,32.66999816894531,32.75,2256900.0
2018-07-27,32.849998474121094,32.85499954223633,32.42100143432617,32.45000076293945,2666300.0
2018-07-30,32.47999954223633,32.51499938964844,32.189998626708984,32.41999816894531,2941100.0
2018-07-31,32.66999816894531,33.13999938964844,32.619998931884766,33.04999923706055,4027300.0
2018-08-01,32.79999923706055,33.310001373291016,32.650001525878906,33.27000045776367,3776600.0
2018-08-02,33.13999938964844,33.314998626708984,33.04800033569336,33.11000061035156,2963100.0
2018-08-03,33.130001068115234,33.584999084472656,33.099998474121094,33.540000915527344,2721000.0
2018-08-06,33.56999969482422,33.66999816894531,33.400001525878906,33.470001220703125,2860800.0
2018-08-07,33.56999969482422,33.66999816894531,33.209999084472656,33.400001525878906,2122400.0
2018-08-08,33.45000076293945,33.45000076293945,33.154998779296875,33.189998626708984,2437300.0
2018-08-09,33.20000076293945,33.369998931884766,33.16999816894531,33.25,1937500.0
2018-08-10,33.189998626708984,33.31999969482422,32.90999984741211,32.93000030517578,2656000.0
2018-08-13,32.93000030517578,33.029998779296875,32.849998474121094,32.91999816894531,1652300.0
2018-08-14,32.9900016784668,33.125,32.90999984741211,33.04999923706055,1559100.0
2018-08-15,33.060001373291016,33.3650016784668,32.959999084472656,33.34000015258789,2608300.0
2018-08-16,33.33000183105469,33.630001068115234,33.310001373291016,33.599998474121094,4032200.0
2018-08-17,33.619998931884766,33.93000030517578,33.59000015258789,33.91999816894531,2608600.0
2018-08-20,33.970001220703125,34.1349983215332,33.90999984741211,33.959999084472656,1947100.0
2018-08-21,33.88999938964844,33.95000076293945,33.599998474121094,33.650001525878906,2117700.0
2018-08-22,33.630001068115234,33.630001068115234,33.29999923706055,33.439998626708984,1380300.0
2018-08-23,33.43000030517578,33.51499938964844,33.34000015258789,33.36000061035156,1233500.0
2018-08-24,33.31999969482422,33.599998474121094,33.29999923706055,33.59000015258789,3533100.0
2018-08-27,33.61000061035156,33.66999816894531,33.36000061035156,33.540000915527344,2515300.0
2018-08-28,33.540000915527344,33.95000076293945,33.45000076293945,33.95000076293945,1887900.0
2018-08-29,33.939998626708984,34.060001373291016,33.880001068115234,33.900001525878906,1468700.0
2018-08-30,33.959999084472656,33.970001220703125,33.665000915527344,33.720001220703125,1730100.0
2018-08-31,33.7599983215332,33.95000076293945,33.7400016784668,33.849998474121094,1579300.0
2018-09-04,33.779998779296875,33.88999938964844,33.47999954223633,33.54999923706055,2310700.0
2018-09-05,33.47999954223633,33.849998474121094,33.31999969482422,33.7599983215332,3257000.0
2018-09-06,33.810001373291016,33.93000030517578,33.7599983215332,33.869998931884766,1960400.0
2018-09-07,33.709999084472656,33.720001220703125,33.40999984741211,33.439998626708984,1899000.0
2018-09-10,33.59000015258789,33.79999923706055,33.54999923706055,33.619998931884766,1797100.0
2018-09-11,33.5099983215332,33.7400016784668,33.41999816894531,33.630001068115234,1534300.0
2018-09-12,33.66999816894531,33.7599983215332,33.5099983215332,33.65999984741211,1388600.0
2018-09-13,33.790000915527344,33.959999084472656,33.709999084472656,33.869998931884766,1576500.0
2018-09-14,33.77000045776367,33.790000915527344,33.375,33.58000183105469,1828300.0
2018-09-17,33.5,33.81999969482422,33.494998931884766,33.77000045776367,2338800.0
2018-09-18,33.720001220703125,33.790000915527344,33.5,33.56999969482422,1451800.0
2018-09-19,33.58000183105469,33.59000015258789,33.19499969482422,33.25,2033100.0
2018-09-20,33.2599983215332,33.52000045776367,33.130001068115234,33.5,1928400.0
2018-09-21,33.16999816894531,33.30500030517578,33.040000915527344,33.150001525878906,1954600.0
2018-09-24,33.040000915527344,33.04999923706055,32.375,32.5,2862000.0
2018-09-25,32.5,32.665000915527344,32.433998107910156,32.470001220703125,1710600.0
2018-09-26,32.5,32.529998779296875,32.06999969482422,32.11000061035156,2323300.0
2018-09-27,32.15999984741211,32.380001068115234,32.130001068115234,32.209999084472656,1599100.0
2018-09-28,32.220001220703125,32.630001068115234,32.16999816894531,32.61000061035156,3145400.0
2018-10-01,32.61000061035156,32.698001861572266,32.34000015258789,32.36000061035156,3654400.0
2018-10-02,32.369998931884766,32.439998626708984,32.2599983215332,32.2599983215332,2752400.0
2018-10-03,32.290000915527344,32.404998779296875,31.709999084472656,31.889999389648438,2625100.0
2018-10-04,31.889999389648438,31.889999389648438,31.469999313354492,31.739999771118164,2934700.0
2018-10-05,31.780000686645508,31.950000762939453,31.700000762939453,31.75,3406600.0
2018-10-08,31.850000381469727,32.30500030517578,31.770000457763672,32.15999984741211,3076200.0
2018-10-09,32.150001525878906,32.369998931884766,32.0099983215332,32.27000045776367,4429900.0
2018-10-10,32.18000030517578,32.33000183105469,31.760000228881836,31.760000228881836,4361500.0
2018-10-11,31.81999969482422,31.850000381469727,30.760000228881836,30.829999923706055,9558500.0
2018-10-12,31.010000228881836,31.280000686645508,30.649999618530273,30.809999465942383,5288200.0
2018-10-15,30.799999237060547,31.290000915527344,30.760000228881836,31.0,3894500.0
2018-10-16,31.040000915527344,31.674999237060547,30.93000030517578,31.579999923706055,3272200.0
2018-10-17,31.540000915527344,31.674999237060547,31.260000228881836,31.489999771118164,3449400.0
2018-10-18,31.479999542236328,31.774999618530273,31.3700008392334,31.5,3345200.0
2018-10-19,31.530000686645508,31.93000030517578,31.530000686645508,31.81999969482422,2999900.0
2018-10-22,31.899999618530273,31.9950008392334,31.360000610351562,31.3700008392334,4269600.0
2018-10-23,31.280000686645508,31.709999084472656,31.15999984741211,31.56999969482422,5159700.0
2018-10-24,31.6200008392334,32.209999084472656,31.559999465942383,31.940000534057617,5443600.0
2018-10-25,32.0099983215332,32.4900016784668,31.860000610351562,32.31999969482422,5413800.0
2018-10-26,32.18000030517578,32.220001220703125,31.309999465942383,31.479999542236328,8951600.0
2018-10-29,31.709999084472656,32.150001525878906,31.709999084472656,32.0,6143200.0
2018-10-30,32.040000915527344,32.75,31.959999084472656,32.529998779296875,7427400.0
2018-10-31,32.529998779296875,32.529998779296875,32.02000045776367,32.09000015258789,4202400.0
2018-11-01,32.18000030517578,32.314998626708984,31.969999313354492,32.209999084472656,4848800.0
2018-11-02,32.27000045776367,32.279998779296875,31.579999923706055,31.940000534057617,6876800.0
2018-11-05,32.02000045776367,32.58000183105469,32.02000045776367,32.470001220703125,4093100.0
2018-11-06,32.470001220703125,32.65999984741211,32.40999984741211,32.650001525878906,2958800.0
2018-11-07,32.81999969482422,33.029998779296875,32.625,33.0099983215332,3917900.0
2018-11-08,32.970001220703125,33.08000183105469,32.79499816894531,33.08000183105469,2665000.0
2018-11-09,33.029998779296875,33.20000076293945,32.93000030517578,33.119998931884766,3558700.0
2018-11-12,33.130001068115234,33.4900016784668,33.130001068115234,33.189998626708984,2861900.0
2018-11-13,33.189998626708984,33.349998474121094,33.0099983215332,33.2599983215332,6307600.0
2018-11-14,33.380001068115234,33.380001068115234,33.08000183105469,33.25,4369000.0
2018-11-15,33.119998931884766,33.18000030517578,32.66999816894531,32.9900016784668,7158900.0
2018-11-16,32.97999954223633,33.459999084472656,32.939998626708984,33.459999084472656,3738100.0
2018-11-19,33.470001220703125,33.7599983215332,33.310001373291016,33.54999923706055,4668200.0
2018-11-20,33.41999816894531,33.650001525878906,33.099998474121094,33.11000061035156,6593700.0
2018-11-21,33.150001525878906,33.36000061035156,32.939998626708984,33.09000015258789,3707500.0
2018-11-23,33.0099983215332,33.130001068115234,32.779998779296875,32.970001220703125,2543000.0
2018-11-26,33.04999923706055,33.18000030517578,32.849998474121094,33.040000915527344,3242200.0
2018-11-27,33.02000045776367,33.22999954223633,32.86000061035156,33.220001220703125,3227200.0
2018-11-28,33.220001220703125,33.529998779296875,33.08000183105469,33.4900016784668,3645700.0
2018-11-29,33.47999954223633,33.69499969482422,33.279998779296875,33.529998779296875,2600700.0
2018-11-30,33.630001068115234,33.8849983215332,33.46500015258789,33.849998474121094,4327200.0
2018-12-03,33.900001525878906,34.029998779296875,33.70000076293945,34.0099983215332,5321300.0
2018-12-04,33.959999084472656,34.130001068115234,33.5099983215332,33.560001373291016,6476800.0
2018-12-06,33.47999954223633,34.5,33.09000015258789,34.47999954223633,6368500.0
2018-12-07,34.369998931884766,34.380001068115234,33.86000061035156,33.959999084472656,5559900.0
2018-12-10,33.959999084472656,33.9900016784668,33.314998626708984,33.83000183105469,9157900.0
2018-12-11,33.9900016784668,34.13999938964844,33.869998931884766,33.88999938964844,4645200.0
2018-12-12,34.02000045776367,34.119998931884766,33.224998474121094,33.25,4298900.0
2018-12-13,33.279998779296875,33.7599983215332,33.279998779296875,33.47999954223633,4652700.0
2018-12-14,33.380001068115234,33.52000045776367,33.209999084472656,33.41999816894531,4138700.0
2018-12-17,33.459999084472656,33.540000915527344,32.099998474121094,32.16999816894531,7214000.0
2018-12-18,32.459999084472656,32.72999954223633,32.33000183105469,32.4900016784668,8109100.0
2018-12-19,32.52000045776367,32.779998779296875,32.09000015258789,32.189998626708984,12878000.0
2018-12-20,32.310001373291016,32.32500076293945,31.579999923706055,31.799999237060547,11333000.0
2018-12-21,31.600000381469727,32.099998474121094,30.91900062561035,30.950000762939453,15120000.0
2018-12-24,31.100000381469727,31.100000381469727,29.801000595092773,29.809999465942383,10641000.0
2018-12-26,29.90999984741211,30.770000457763672,29.520000457763672,30.760000228881836,10947900.0
2018-12-27,30.559999465942383,30.84000015258789,29.93000030517578,30.829999923706055,14151800.0
2018-12-28,31.110000610351562,31.239999771118164,30.677000045776367,30.940000534057617,10391000.0
2018-12-31,31.040000915527344,31.049999237060547,30.510000228881836,31.0,7807200.0
2019-01-02,30.799999237060547,30.850000381469727,30.110000610351562,30.290000915527344,10445000.0
2019-01-03,30.260000228881836,30.93000030517578,30.25,30.43000030517578,9743800.0
2019-01-04,30.68000030517578,31.020000457763672,30.469999313354492,30.739999771118164,9620900.0
2019-01-07,30.780000686645508,31.219999313354492,30.75,31.0,5141800.0
2019-01-08,31.190000534057617,31.610000610351562,31.09000015258789,31.540000915527344,7575900.0
2019-01-09,31.579999923706055,31.6299991607666,31.139999389648438,31.40999984741211,5100800.0
2019-01-10,31.31999969482422,31.950000762939453,31.260000228881836,31.90999984741211,7837200.0
2019-01-11,31.809999465942383,31.989999771118164,31.68000030517578,31.969999313354492,3095100.0
2019-01-14,31.850000381469727,32.060001373291016,31.739999771118164,31.8700008392334,2918300.0
2019-01-15,31.889999389648438,32.29999923706055,31.889999389648438,32.22999954223633,3925000.0
2019-01-16,32.20000076293945,32.51499938964844,32.11000061035156,32.380001068115234,7295900.0
2019-01-17,32.34000015258789,32.58000183105469,32.290000915527344,32.540000915527344,3397100.0
2019-01-18,32.66999816894531,32.66999816894531,32.39400100708008,32.65999984741211,7865600.0
2019-01-22,32.630001068115234,32.720001220703125,32.33000183105469,32.599998474121094,8116300.0
2019-01-23,32.77000045776367,32.77000045776367,32.40999984741211,32.619998931884766,3087500.0
2019-01-24,32.56999969482422,32.82500076293945,32.38999938964844,32.75,4578000.0
2019-01-25,32.86000061035156,33.15999984741211,32.65999984741211,33.130001068115234,3031400.0
2019-01-28,33.02000045776367,33.4900016784668,32.959999084472656,33.459999084472656,5276000.0
2019-01-29,33.34000015258789,33.7400016784668,33.279998779296875,33.720001220703125,2530000.0
2019-01-30,33.7599983215332,34.119998931884766,33.630001068115234,34.0,5118100.0
2019-01-31,33.970001220703125,34.38999938964844,33.65999984741211,34.33000183105469,7024500.0
2019-02-01,34.380001068115234,34.470001220703125,33.66999816894531,34.119998931884766,9829200.0
2019-02-04,34.08000183105469,34.34000015258789,33.79999923706055,34.31999969482422,6513600.0
2019-02-05,34.36000061035156,34.560001373291016,34.130001068115234,34.54999923706055,4186000.0
2019-02-06,34.45000076293945,34.4900016784668,34.165000915527344,34.279998779296875,3535200.0
2019-02-07,34.20000076293945,34.584999084472656,34.09000015258789,34.56999969482422,6325300.0
2019-02-08,34.43000030517578,34.66999816894531,34.369998931884766,34.56999969482422,2913100.0
2019-02-11,34.599998474121094,34.720001220703125,34.45000076293945,34.66999816894531,2971900.0
2019-02-12,34.70000076293945,34.70000076293945,34.292999267578125,34.43000030517578,8982900.0
2019-02-13,34.40999984741211,34.68000030517578,34.29999923706055,34.65999984741211,3751800.0
2019-02-14,34.68000030517578,34.91999816894531,34.470001220703125,34.790000915527344,4007000.0
2019-02-15,34.88999938964844,35.0099983215332,34.790000915527344,35.0,2674800.0
2019-02-19,34.95000076293945,35.119998931884766,34.880001068115234,35.040000915527344,3921300.0
2019-02-20,34.869998931884766,35.0,34.5629997253418,34.81999969482422,3200300.0
2019-02-21,34.689998626708984,34.88999938964844,34.47999954223633,34.880001068115234,4484200.0
2019-02-22,34.91999816894531,35.220001220703125,34.7599983215332,35.08000183105469,3477800.0
2019-02-25,35.13999938964844,35.189998626708984,34.75,34.790000915527344,4075800.0
2019-02-26,34.88999938964844,34.95000076293945,34.65999984741211,34.720001220703125,2674700.0
2019-02-27,34.59000015258789,34.77000045776367,34.33000183105469,34.61000061035156,3252300.0
2019-02-28,34.599998474121094,35.119998931884766,34.4900016784668,34.709999084472656,5002100.0
2019-03-01,34.77000045776367,34.77000045776367,34.26499938964844,34.66999816894531,5897500.0
2019-03-04,34.77000045776367,34.849998474121094,34.404998779296875,34.810001373291016,6178600.0
2019-03-05,34.75,35.040000915527344,34.689998626708984,34.90999984741211,4066400.0
2019-03-06,34.91999816894531,35.04999923706055,34.7599983215332,34.81999969482422,3832300.0
2019-03-07,34.84000015258789,35.09000015258789,34.68000030517578,34.790000915527344,7592600.0
2019-03-08,34.720001220703125,34.98500061035156,34.65599822998047,34.81999969482422,3103900.0
2019-03-11,34.97999954223633,35.38999938964844,34.93199920654297,35.36000061035156,4124100.0
2019-03-12,35.40999984741211,35.630001068115234,35.38999938964844,35.54999923706055,4323800.0
2019-03-13,35.56999969482422,35.83000183105469,35.56999969482422,35.720001220703125,2726000.0
2019-03-14,35.72999954223633,35.81999969482422,35.61000061035156,35.810001373291016,4504400.0
2019-03-15,35.63999938964844,35.65999984741211,35.38999938964844,35.459999084472656,5436300.0
2019-03-18,35.5,35.56999969482422,35.119998931884766,35.279998779296875,3318300.0
2019-03-19,35.310001373291016,35.369998931884766,35.06999969482422,35.18000030517578,3464300.0
2019-03-20,35.209999084472656,35.529998779296875,34.946998596191406,35.34000015258789,8689800.0
2019-03-21,35.290000915527344,35.97999954223633,35.27000045776367,35.970001220703125,4798000.0
2019-03-22,35.970001220703125,36.30699920654297,35.79999923706055,35.79999923706055,5026000.0
2019-03-25,35.81999969482422,35.970001220703125,35.665000915527344,35.83000183105469,4370800.0
2019-03-26,35.959999084472656,36.06999969482422,35.849998474121094,36.04999923706055,2357500.0
2019-03-27,36.11000061035156,36.220001220703125,35.709999084472656,35.93000030517578,2939100.0
2019-03-28,36.0099983215332,36.23500061035156,35.88999938964844,36.22999954223633,3626500.0
2019-03-29,36.220001220703125,36.290000915527344,36.064998626708984,36.220001220703125,3565600.0
2019-04-01,36.27000045776367,36.290000915527344,35.77000045776367,36.11000061035156,6733100.0
2019-04-02,36.150001525878906,36.48500061035156,35.880001068115234,36.41999816894531,6604200.0
2019-04-03,36.40999984741211,36.540000915527344,36.099998474121094,36.380001068115234,3581300.0
2019-04-04,36.41999816894531,36.43000030517578,36.11000061035156,36.27000045776367,3507700.0
2019-04-05,36.310001373291016,36.58700180053711,36.209999084472656,36.54999923706055,2869900.0
2019-04-08,36.540000915527344,36.59000015258789,36.27000045776367,36.369998931884766,2918500.0
2019-04-09,36.380001068115234,36.43000030517578,36.209999084472656,36.2599983215332,2094500.0
2019-04-10,36.349998474121094,36.54999923706055,36.310001373291016,36.54999923706055,2606200.0
2019-04-11,36.560001373291016,36.70000076293945,36.349998474121094,36.5,3705500.0
2019-04-12,36.45000076293945,36.70000076293945,36.20000076293945,36.70000076293945,2691300.0
2019-04-15,36.709999084472656,36.709999084472656,36.369998931884766,36.47999954223633,2115300.0
2019-04-16,36.4900016784668,36.4900016784668,35.439998626708984,35.619998931884766,3994500.0
2019-04-17,35.72999954223633,35.79999923706055,35.1349983215332,35.25,4323500.0
2019-04-18,35.40999984741211,35.59000015258789,35.11000061035156,35.529998779296875,2756900.0
2019-04-22,35.459999084472656,35.459999084472656,34.82500076293945,35.13999938964844,4012600.0
2019-04-23,35.27000045776367,35.630001068115234,35.13999938964844,35.540000915527344,5469100.0
2019-04-24,35.63999938964844,35.93000030517578,35.54999923706055,35.790000915527344,3304200.0
2019-04-25,35.68000030517578,35.86000061035156,35.459999084472656,35.75,4198400.0
2019-04-26,35.88999938964844,36.01499938964844,35.709999084472656,35.9900016784668,2517000.0
2019-04-29,35.869998931884766,36.06999969482422,35.57500076293945,35.619998931884766,3256800.0
2019-04-30,35.63999938964844,36.07500076293945,35.38999938964844,36.029998779296875,4650200.0
2019-05-01,36.060001373291016,36.470001220703125,35.959999084472656,36.029998779296875,6051300.0
2019-05-02,36.040000915527344,36.459999084472656,36.040000915527344,36.099998474121094,5382600.0
2019-05-03,36.25,36.40999984741211,36.08000183105469,36.349998474121094,3223400.0
2019-05-06,36.189998626708984,36.34000015258789,35.970001220703125,36.20000076293945,3377200.0
2019-05-07,36.08000183105469,36.13999938964844,35.31999969482422,35.58000183105469,3711800.0
2019-05-08,35.650001525878906,35.91999816894531,35.564998626708984,35.58000183105469,3831500.0
2019-05-09,35.5,35.7400016784668,35.2599983215332,35.70000076293945,5684500.0
2019-05-10,35.619998931884766,36.20000076293945,35.595001220703125,36.11000061035156,3268400.0
2019-05-13,35.869998931884766,36.16999816894531,35.79999923706055,36.11000061035156,3392100.0
2019-05-14,36.18000030517578,36.38999938964844,36.099998474121094,36.2400016784668,3984400.0
2019-05-15,36.2400016784668,36.61000061035156,36.099998474121094,36.47999954223633,3478200.0
2019-05-16,36.47999954223633,36.84000015258789,36.45000076293945,36.689998626708984,2834200.0
2019-05-17,36.52000045776367,36.709999084472656,36.439998626708984,36.63999938964844,3403200.0
2019-05-20,36.5099983215332,36.56999969482422,35.91999816894531,36.04999923706055,3472100.0
2019-05-21,36.209999084472656,36.45500183105469,36.150001525878906,36.349998474121094,2353600.0
2019-05-22,36.38999938964844,36.54999923706055,36.310001373291016,36.52000045776367,1982800.0
2019-05-23,36.41999816894531,36.73500061035156,36.36000061035156,36.70000076293945,2521100.0
2019-05-24,36.86000061035156,36.9900016784668,36.7400016784668,36.75,1523600.0
2019-05-28,36.93000030517578,36.9900016784668,36.36000061035156,36.369998931884766,2496400.0
2019-05-29,36.34000015258789,36.43000030517578,35.801998138427734,35.95000076293945,2648700.0
2019-05-30,35.9900016784668,36.28499984741211,35.93000030517578,36.16999816894531,2656200.0
2019-05-31,36.09000015258789,36.66999816894531,36.040000915527344,36.470001220703125,4582100.0
2019-06-03,36.599998474121094,36.66999816894531,36.290000915527344,36.61000061035156,6621400.0
2019-06-04,36.619998931884766,36.619998931884766,36.099998474121094,36.40999984741211,3596800.0
2019-06-05,36.619998931884766,37.2599983215332,36.4900016784668,37.2400016784668,4495200.0
2019-06-06,37.34000015258789,37.380001068115234,37.08000183105469,37.310001373291016,2272500.0
2019-06-07,37.52000045776367,37.65999984741211,37.380001068115234,37.43000030517578,2114000.0
2019-06-10,37.47999954223633,37.5099983215332,37.130001068115234,37.29999923706055,3041400.0
2019-06-11,37.400001525878906,37.47999954223633,37.1150016784668,37.369998931884766,2472200.0
2019-06-12,37.41999816894531,37.689998626708984,37.380001068115234,37.5099983215332,2555500.0
2019-06-13,37.540000915527344,37.6150016784668,37.415000915527344,37.560001373291016,2511300.0
2019-06-14,37.560001373291016,37.84600067138672,37.560001373291016,37.720001220703125,1945900.0
2019-06-17,37.81999969482422,38.17499923706055,37.81999969482422,38.130001068115234,4130200.0
2019-06-18,38.33000183105469,38.4900016784668,37.869998931884766,38.02000045776367,4654400.0
2019-06-19,37.9900016784668,38.39500045776367,37.810001373291016,38.27000045776367,4654300.0
2019-06-20,38.45000076293945,38.619998931884766,38.41999816894531,38.5,4478800.0
2019-06-21,38.16999816894531,38.16999816894531,37.58000183105469,37.77000045776367,9512500.0
2019-06-24,37.86000061035156,37.9900016784668,37.52000045776367,37.58000183105469,5083600.0
2019-06-25,37.619998931884766,37.7599983215332,37.060001373291016,37.06999969482422,3829000.0
2019-06-26,37.06999969482422,37.06999969482422,36.220001220703125,36.349998474121094,7944600.0
2019-06-27,36.56999969482422,36.790000915527344,36.54999923706055,36.650001525878906,4578500.0
2019-06-28,36.709999084472656,36.979000091552734,36.650001525878906,36.77000045776367,5010600.0
2019-07-01,36.95000076293945,37.0,36.28499984741211,36.70000076293945,6775000.0
2019-07-02,36.79999923706055,37.38999938964844,36.77000045776367,37.380001068115234,5959000.0
2019-07-03,37.4900016784668,37.93000030517578,37.448001861572266,37.91999816894531,3519500.0
2019-07-05,37.63999938964844,37.8390007019043,37.130001068115234,37.709999084472656,5079200.0
2019-07-08,37.68000030517578,37.93000030517578,37.619998931884766,37.849998474121094,3435900.0
2019-07-09,37.77000045776367,38.095001220703125,37.720001220703125,38.04999923706055,3166600.0
2019-07-10,38.189998626708984,38.310001373291016,37.970001220703125,38.2599983215332,8591200.0
2019-07-11,38.20000076293945,38.209999084472656,37.60499954223633,37.77000045776367,5157600.0
2019-07-12,37.790000915527344,37.84000015258789,37.494998931884766,37.619998931884766,3620400.0
2019-07-15,37.70000076293945,37.91999816894531,37.56999969482422,37.66999816894531,2650100.0
2019-07-16,37.630001068115234,37.74599838256836,37.4900016784668,37.61000061035156,3533000.0
2019-07-17,37.709999084472656,37.83000183105469,37.224998474121094,37.41999816894531,3227300.0
2019-07-18,37.33000183105469,37.52000045776367,37.130001068115234,37.40999984741211,4028800.0
2019-07-19,37.45000076293945,37.4900016784668,36.7599983215332,36.79999923706055,4515800.0
2019-07-22,36.849998474121094,36.88999938964844,36.60499954223633,36.7599983215332,3031000.0
2019-07-23,36.849998474121094,37.130001068115234,36.720001220703125,37.119998931884766,3084800.0
2019-07-24,37.16999816894531,37.209999084472656,36.959999084472656,37.09000015258789,2663600.0
2019-07-25,37.04999923706055,37.130001068115234,36.77000045776367,36.93000030517578,3237500.0
2019-07-26,36.959999084472656,37.150001525878906,36.77000045776367,37.04999923706055,2822300.0
2019-07-29,37.13999938964844,37.439998626708984,37.119998931884766,37.189998626708984,3030900.0
2019-07-30,37.189998626708984,37.67499923706055,37.18000030517578,37.560001373291016,3455600.0
2019-07-31,37.599998474121094,37.88999938964844,37.189998626708984,37.40999984741211,6644000.0
2019-08-01,37.52000045776367,37.84000015258789,37.15999984741211,37.5,9956300.0
2019-08-02,37.540000915527344,38.04499816894531,37.46500015258789,37.790000915527344,4953600.0
2019-08-05,37.70000076293945,37.720001220703125,36.619998931884766,37.06999969482422,6359700.0
2019-08-06,37.150001525878906,37.68000030517578,37.02000045776367,37.529998779296875,6841500.0
2019-08-07,37.560001373291016,38.130001068115234,36.95500183105469,37.880001068115234,7396200.0
2019-08-08,37.93000030517578,38.47999954223633,37.599998474121094,38.47999954223633,5601800.0
2019-08-09,38.38999938964844,38.630001068115234,38.09000015258789,38.470001220703125,4695700.0
2019-08-12,38.459999084472656,38.584999084472656,38.20500183105469,38.439998626708984,3727900.0
2019-08-13,38.439998626708984,38.599998474121094,38.09000015258789,38.459999084472656,5176100.0
2019-08-14,38.36000061035156,38.36000061035156,37.810001373291016,37.86000061035156,5999600.0
2019-08-15,37.970001220703125,38.470001220703125,37.86000061035156,38.38999938964844,5501400.0
2019-08-16,38.47999954223633,38.7599983215332,38.369998931884766,38.65999984741211,3766700.0
2019-08-19,38.84000015258789,39.09000015258789,38.650001525878906,39.0099983215332,2930000.0
2019-08-20,39.060001373291016,39.150001525878906,38.689998626708984,38.720001220703125,3245400.0
2019-08-21,38.810001373291016,38.97700119018555,38.65999984741211,38.880001068115234,3480700.0
2019-08-22,38.91999816894531,39.11000061035156,38.63999938964844,39.06999969482422,2511100.0
2019-08-23,39.08000183105469,39.3380012512207,38.415000915527344,38.58000183105469,6048100.0
2019-08-26,38.77000045776367,38.95000076293945,38.59000015258789,38.939998626708984,3621000.0
2019-08-27,39.119998931884766,39.22999954223633,38.790000915527344,38.810001373291016,3042200.0
2019-08-28,38.83000183105469,38.9900016784668,38.724998474121094,38.91999816894531,3129500.0
2019-08-29,39.130001068115234,39.26499938964844,38.97999954223633,39.20000076293945,3070700.0
2019-08-30,39.31999969482422,39.38999938964844,39.09000015258789,39.209999084472656,3623100.0
2019-09-03,39.150001525878906,39.77000045776367,39.130001068115234,39.77000045776367,6160800.0
2019-09-04,39.959999084472656,40.13999938964844,39.849998474121094,40.099998474121094,3541500.0
2019-09-05,40.099998474121094,40.11000061035156,39.61000061035156,39.75,3925900.0
2019-09-06,39.77000045776367,39.98699951171875,39.689998626708984,39.79999923706055,2457600.0
2019-09-09,39.81999969482422,39.83000183105469,39.400001525878906,39.5,4618900.0
2019-09-10,39.310001373291016,39.310001373291016,38.650001525878906,38.91999816894531,5632900.0
2019-09-11,38.86000061035156,38.939998626708984,38.61000061035156,38.83000183105469,7353200.0
2019-09-12,39.119998931884766,39.310001373291016,38.7599983215332,39.060001373291016,5425200.0
2019-09-13,38.95000076293945,39.15999984741211,38.46500015258789,38.59000015258789,5653800.0
2019-09-16,38.58000183105469,39.0099983215332,38.540000915527344,38.9900016784668,4535700.0
2019-09-17,39.15999984741211,39.54999923706055,39.150001525878906,39.540000915527344,6054200.0
2019-09-18,39.63999938964844,39.709999084472656,39.03300094604492,39.41999816894531,4031700.0
2019-09-19,39.47999954223633,39.689998626708984,39.380001068115234,39.54999923706055,3941500.0
2019-09-20,39.369998931884766,39.439998626708984,39.099998474121094,39.119998931884766,5392500.0
2019-09-23,39.09000015258789,39.42499923706055,39.02000045776367,39.2599983215332,3196700.0
2019-09-24,39.36000061035156,39.4900016784668,39.029998779296875,39.209999084472656,6528700.0
2019-09-25,39.220001220703125,39.34000015258789,39.029998779296875,39.16999816894531,3912600.0
2019-09-26,39.290000915527344,39.62799835205078,39.2599983215332,39.54999923706055,2565600.0
2019-09-27,39.619998931884766,39.63999938964844,38.97999954223633,39.290000915527344,3350700.0
2019-09-30,39.31999969482422,39.54999923706055,39.279998779296875,39.34000015258789,3492500.0
2019-10-01,39.29999923706055,39.400001525878906,38.849998474121094,39.0,6075600.0
2019-10-02,38.95000076293945,39.04499816894531,38.529998779296875,38.7599983215332,5305300.0
2019-10-03,38.7599983215332,39.29999923706055,38.70000076293945,39.220001220703125,6328400.0
2019-10-04,39.279998779296875,39.4900016784668,39.2400016784668,39.400001525878906,2653300.0
2019-10-07,39.29999923706055,39.5099983215332,39.150001525878906,39.33000183105469,3165800.0
2019-10-08,39.29999923706055,39.46500015258789,38.939998626708984,39.13999938964844,4616600.0
2019-10-09,39.290000915527344,39.41999816894531,39.165000915527344,39.2599983215332,2969000.0
2019-10-10,39.209999084472656,39.41999816894531,39.040000915527344,39.36000061035156,3373400.0
2019-10-11,39.470001220703125,39.56999969482422,39.189998626708984,39.22999954223633,4949200.0
2019-10-14,39.2599983215332,39.439998626708984,39.11000061035156,39.290000915527344,1794100.0
2019-10-15,39.29999923706055,39.369998931884766,38.9900016784668,39.31999969482422,3091100.0
2019-10-16,39.31999969482422,39.36000061035156,39.01499938964844,39.27000045776367,5929800.0
2019-10-17,39.369998931884766,39.63999938964844,39.27000045776367,39.529998779296875,4775600.0
2019-10-18,39.52000045776367,39.9900016784668,39.52000045776367,39.90999984741211,2313300.0
2019-10-21,39.91999816894531,40.209999084472656,39.810001373291016,40.18000030517578,1957300.0
2019-10-22,40.27000045776367,40.34000015258789,40.0099983215332,40.060001373291016,2226000.0
2019-10-23,40.08000183105469,40.22999954223633,39.790000915527344,40.130001068115234,2159900.0
2019-10-24,40.209999084472656,40.2599983215332,39.8650016784668,39.97999954223633,1781800.0
2019-10-25,39.88999938964844,39.95000076293945,39.400001525878906,39.4900016784668,2842500.0
2019-10-28,39.41999816894531,39.47800064086914,38.9900016784668,39.06999969482422,3318300.0
2019-10-29,39.130001068115234,39.41999816894531,39.060001373291016,39.16999816894531,2167200.0
2019-10-30,39.25,39.459999084472656,38.95000076293945,39.459999084472656,2637400.0
2019-10-31,39.529998779296875,39.58000183105469,39.18000030517578,39.33000183105469,3263900.0
2019-11-01,39.380001068115234,39.51499938964844,38.81999969482422,39.22999954223633,3370000.0
2019-11-04,39.15999984741211,39.20000076293945,38.7400016784668,38.790000915527344,3045400.0
2019-11-05,38.66999816894531,38.66999816894531,37.88999938964844,38.119998931884766,6643600.0
2019-11-06,38.16999816894531,38.43899917602539,38.1349983215332,38.2599983215332,2425600.0
2019-11-07,38.150001525878906,38.15999984741211,37.71500015258789,37.849998474121094,3725800.0
2019-11-08,37.77000045776367,38.04999923706055,37.68000030517578,37.779998779296875,2612100.0
2019-11-11,37.7599983215332,37.98699951171875,37.75,37.849998474121094,2538700.0
2019-11-12,37.849998474121094,38.10599899291992,37.54999923706055,37.599998474121094,6213800.0
2019-11-13,37.65999984741211,38.06999969482422,37.63999938964844,37.97999954223633,2220800.0
2019-11-14,38.06999969482422,38.36000061035156,38.02000045776367,38.36000061035156,2525100.0
2019-11-15,38.38999938964844,38.560001373291016,38.27000045776367,38.54999923706055,2615000.0
2019-11-18,38.599998474121094,38.93000030517578,38.56999969482422,38.7599983215332,2835500.0
2019-11-19,38.83000183105469,38.93000030517578,38.689998626708984,38.84000015258789,3345100.0
2019-11-20,38.810001373291016,38.95000076293945,38.612998962402344,38.86000061035156,5711400.0
2019-11-21,38.77000045776367,38.77000045776367,38.29100036621094,38.34000015258789,3556100.0
2019-11-22,38.380001068115234,38.400001525878906,37.935001373291016,38.119998931884766,3614400.0
2019-11-25,38.20000076293945,38.40999984741211,38.084999084472656,38.150001525878906,2712000.0
2019-11-26,38.18000030517578,38.68000030517578,38.150001525878906,38.68000030517578,4916300.0
2019-11-27,38.65999984741211,38.810001373291016,38.5099983215332,38.79999923706055,2605700.0
2019-11-29,38.77000045776367,38.95000076293945,38.61000061035156,38.650001525878906,2550800.0
2019-12-02,38.54999923706055,38.619998931884766,37.939998626708984,37.939998626708984,6651500.0
2019-12-03,37.91999816894531,38.31999969482422,37.90999984741211,38.25,3584000.0
2019-12-04,38.16999816894531,38.54499816894531,38.09000015258789,38.45000076293945,2283800.0
2019-12-05,38.38999938964844,38.5099983215332,38.23500061035156,38.5099983215332,3042200.0
2019-12-06,38.52000045776367,38.70000076293945,38.48500061035156,38.52000045776367,3855600.0
2019-12-09,38.56999969482422,38.68000030517578,38.415000915527344,38.56999969482422,2562300.0
2019-12-10,38.599998474121094,38.709999084472656,38.20000076293945,38.29999923706055,7303200.0
2019-12-11,38.38999938964844,38.38999938964844,37.880001068115234,38.0099983215332,6222900.0
2019-12-12,38.029998779296875,38.15999984741211,37.439998626708984,37.54999923706055,7621000.0
2019-12-13,37.540000915527344,37.72999954223633,37.2599983215332,37.59000015258789,6152000.0
2019-12-16,37.650001525878906,37.9900016784668,37.415000915527344,37.880001068115234,5093900.0
2019-12-17,37.95000076293945,38.0,37.39500045776367,37.470001220703125,4452000.0
2019-12-18,37.470001220703125,38.06999969482422,37.470001220703125,38.0,3504100.0
2019-12-19,37.959999084472656,38.38999938964844,37.88999938964844,38.36000061035156,3334500.0
2019-12-20,38.099998474121094,38.345001220703125,38.04999923706055,38.2400016784668,3691800.0
2019-12-23,38.310001373291016,38.36000061035156,37.939998626708984,38.0099983215332,3000600.0
2019-12-24,38.040000915527344,38.150001525878906,37.91999816894531,38.060001373291016,1120200.0
2019-12-26,38.13999938964844,38.310001373291016,38.060001373291016,38.290000915527344,1607200.0
2019-12-27,38.40999984741211,38.470001220703125,38.26499938964844,38.43000030517578,1828500.0
2019-12-30,38.349998474121094,38.459999084472656,38.220001220703125,38.400001525878906,2638400.0
2019-12-31,38.380001068115234,38.709999084472656,38.349998474121094,38.66999816894531,3675000.0
2020-01-02,38.790000915527344,38.849998474121094,38.06999969482422,38.220001220703125,4380100.0
2020-01-03,37.9900016784668,38.584999084472656,37.970001220703125,38.5,3499000.0
2020-01-06,38.43000030517578,38.65999984741211,38.349998474121094,38.5099983215332,3097200.0
2020-01-07,38.400001525878906,38.400001525878906,37.8849983215332,38.09000015258789,3550600.0
2020-01-08,38.130001068115234,38.34000015258789,37.9900016784668,38.279998779296875,5089000.0
2020-01-09,38.25,38.36000061035156,38.150001525878906,38.27000045776367,2885000.0
2020-01-10,38.349998474121094,38.6510009765625,38.26499938964844,38.63999938964844,6513200.0
2020-01-13,38.65999984741211,39.11000061035156,38.650001525878906,39.11000061035156,2988100.0
2020-01-14,39.06999969482422,39.06999969482422,38.70500183105469,38.91999816894531,3720200.0
2020-01-15,39.02000045776367,39.310001373291016,39.0099983215332,39.189998626708984,4468700.0
2020-01-16,39.279998779296875,39.540000915527344,39.18000030517578,39.540000915527344,4244500.0
2020-01-17,39.52000045776367,39.72999954223633,39.470001220703125,39.59000015258789,3014700.0
2020-01-21,39.599998474121094,40.02000045776367,39.529998779296875,39.9900016784668,2329500.0
2020-01-22,40.099998474121094,40.209999084472656,39.599998474121094,39.66999816894531,5815200.0
2020-01-23,39.689998626708984,40.08000183105469,39.59000015258789,40.04999923706055,2637800.0
2020-01-24,40.130001068115234,40.20500183105469,39.84000015258789,39.9900016784668,2397900.0
2020-01-27,39.75,39.970001220703125,39.709999084472656,39.81999969482422,6741600.0
2020-01-28,39.869998931884766,40.0890007019043,39.77000045776367,39.91999816894531,2904300.0
2020-01-29,40.04999923706055,40.13999938964844,39.66999816894531,39.709999084472656,5409600.0
2020-01-30,39.58000183105469,39.83300018310547,39.5099983215332,39.79999923706055,3847400.0
2020-01-31,39.70000076293945,39.75,39.1349983215332,39.22999954223633,7586200.0
2020-02-03,39.38999938964844,39.63800048828125,39.23500061035156,39.27000045776367,6254800.0
2020-02-04,39.40999984741211,39.92499923706055,39.334999084472656,39.779998779296875,5309500.0
2020-02-05,39.81999969482422,39.91999816894531,39.650001525878906,39.75,3049300.0
2020-02-06,39.880001068115234,40.0099983215332,39.79999923706055,39.91999816894531,2676700.0
2020-02-07,39.939998626708984,39.98500061035156,39.82500076293945,39.939998626708984,3216600.0
2020-02-10,40.06999969482422,40.41999816894531,40.029998779296875,40.400001525878906,3489300.0
2020-02-11,40.540000915527344,41.16999816894531,40.540000915527344,40.88999938964844,10001700.0
2020-02-12,40.939998626708984,41.25,40.790000915527344,41.150001525878906,2539700.0
2020-02-13,41.09000015258789,41.494998931884766,41.040000915527344,41.400001525878906,2825500.0
2020-02-14,41.5,41.88999938964844,41.439998626708984,41.880001068115234,2235200.0
2020-02-18,41.93000030517578,41.93000030517578,41.59000015258789,41.84000015258789,3260100.0
2020-02-19,41.849998474121094,41.849998474121094,41.25,41.25,2606100.0
2020-02-20,41.36000061035156,41.7400016784668,41.15999984741211,41.709999084472656,3901800.0
2020-02-21,41.709999084472656,42.0,41.65999984741211,41.93000030517578,2986900.0
2020-02-24,41.439998626708984,41.814998626708984,41.180999755859375,41.369998931884766,4703100.0
2020-02-25,41.47999954223633,41.619998931884766,40.18000030517578,40.33000183105469,9190200.0
2020-02-26,40.380001068115234,40.69499969482422,39.89099884033203,39.97999954223633,8641900.0
2020-02-27,39.31999969482422,39.47999954223633,37.709999084472656,37.720001220703125,15861500.0
2020-02-28,36.91999816894531,37.15999984741211,35.69300079345703,36.790000915527344,44499000.0
2020-03-02,36.970001220703125,38.630001068115234,36.880001068115234,38.619998931884766,19686200.0
2020-03-03,38.70000076293945,39.55500030517578,38.220001220703125,38.59000015258789,37983700.0
2020-03-04,39.099998474121094,40.13999938964844,39.040000915527344,40.09000015258789,13712900.0
2020-03-05,39.43000030517578,39.75,38.72999954223633,39.16999816894531,13348200.0
2020-03-06,38.31999969482422,38.65999984741211,37.2400016784668,38.5,16942300.0
2020-03-09,36.45000076293945,36.959999084472656,35.75,35.779998779296875,12791800.0
2020-03-10,36.70000076293945,37.58000183105469,35.400001525878906,37.52000045776367,18902400.0
2020-03-11,36.61000061035156,36.66999816894531,35.150001525878906,35.5099983215332,16089100.0
2020-03-12,33.2599983215332,34.58000183105469,28.0,32.459999084472656,9058600.0
2020-03-13,34.16999816894531,35.36000061035156,32.529998779296875,35.310001373291016,9694900.0
2020-03-16,31.799999237060547,32.65999984741211,29.43000030517578,29.65999984741211,5840100.0
2020-03-17,30.110000610351562,32.290000915527344,29.440000534057617,31.459999084472656,7267800.0
2020-03-18,29.600000381469727,30.8700008392334,28.3700008392334,29.25,12255800.0
2020-03-19,28.81999969482422,29.540000915527344,28.0,28.790000915527344,13526100.0
2020-03-20,28.950000762939453,29.600000381469727,26.969999313354492,27.15999984741211,16549800.0
2020-03-23,26.8799991607666,26.920000076293945,24.8799991607666,25.459999084472656,28171300.0
2020-03-24,26.6299991607666,27.770000457763672,26.219999313354492,27.68000030517578,15346800.0
2020-03-25,27.8799991607666,30.43000030517578,27.479999542236328,28.90999984741211,18863500.0
2020-03-26,29.15999984741211,31.260000228881836,28.959999084472656,31.1299991607666,17228600.0
2020-03-27,30.170000076293945,31.950000762939453,30.149999618530273,31.209999084472656,11840800.0
2020-03-30,31.3799991607666,32.18000030517578,30.690000534057617,32.02000045776367,10377700.0
2020-03-31,31.790000915527344,31.84000015258789,30.270000457763672,31.0,9015800.0
2020-04-01,29.600000381469727,29.6200008392334,28.479999542236328,29.1200008392334,11255400.0
2020-04-02,28.780000686645508,29.969999313354492,28.760000228881836,29.549999237060547,11021700.0
2020-04-03,29.34000015258789,29.799999237060547,28.770000457763672,29.299999237060547,7984100.0
2020-04-06,30.40999984741211,31.549999237060547,30.40999984741211,31.420000076293945,9514500.0
2020-04-07,32.68000030517578,32.9900016784668,31.40999984741211,31.43000030517578,19488600.0
2020-04-08,31.84000015258789,33.970001220703125,31.5,33.790000915527344,27207800.0
2020-04-09,34.400001525878906,35.95000076293945,34.349998474121094,35.529998779296875,49899800.0
2020-04-13,35.33000183105469,35.38999938964844,33.69499969482422,33.900001525878906,9877300.0
2020-04-14,34.59000015258789,35.189998626708984,34.59000015258789,35.029998779296875,6720300.0
2020-04-15,34.11000061035156,34.380001068115234,33.38999938964844,33.68000030517578,5378900.0
2020-04-16,33.72999954223633,34.02000045776367,33.26499938964844,33.459999084472656,4372800.0
2020-04-17,34.349998474121094,34.70000076293945,33.959999084472656,34.540000915527344,6540400.0
2020-04-20,33.93000030517578,34.060001373291016,33.2599983215332,33.2599983215332,5773900.0
2020-04-21,32.47999954223633,33.0099983215332,32.369998931884766,32.77000045776367,7839500.0
2020-04-22,33.27000045776367,33.63999938964844,33.02000045776367,33.34000015258789,5386000.0
2020-04-23,33.400001525878906,33.619998931884766,32.88999938964844,32.959999084472656,6367800.0
2020-04-24,33.130001068115234,33.23099899291992,32.71500015258789,33.08000183105469,5142700.0
2020-04-27,33.349998474121094,34.15999984741211,33.349998474121094,34.040000915527344,4024200.0
2020-04-28,34.63999938964844,35.02000045776367,34.040000915527344,34.06999969482422,5955000.0
2020-04-29,34.7599983215332,34.869998931884766,34.13999938964844,34.15999984741211,6095100.0
2020-04-30,33.709999084472656,34.04999923706055,33.369998931884766,33.91999816894531,6837500.0
2020-05-01,33.09000015258789,33.310001373291016,32.68000030517578,32.880001068115234,5724300.0
2020-05-04,32.59000015258789,32.88999938964844,32.09000015258789,32.86000061035156,6816600.0
2020-05-05,33.13999938964844,33.50899887084961,33.025001525878906,33.06999969482422,4899400.0
2020-05-06,33.16999816894531,33.31999969482422,32.459999084472656,32.459999084472656,4609500.0
2020-05-07,32.779998779296875,33.15999984741211,32.560001373291016,32.75,4927700.0
2020-05-08,33.130001068115234,33.45000076293945,33.040000915527344,33.349998474121094,4428800.0
2020-05-11,32.9900016784668,33.45000076293945,32.779998779296875,32.95000076293945,4566400.0
2020-05-12,33.08000183105469,33.11000061035156,31.530000686645508,31.549999237060547,16049400.0
2020-05-13,31.3700008392334,31.739999771118164,30.895000457763672,31.049999237060547,5131500.0
2020-05-14,30.649999618530273,31.09000015258789,30.030000686645508,31.09000015258789,8269300.0
2020-05-15,30.8700008392334,30.989999771118164,30.389999389648438,30.979999542236328,7482800.0
2020-05-18,31.90999984741211,32.75,31.90999984741211,32.4900016784668,6286400.0
2020-05-19,32.31999969482422,32.439998626708984,31.860000610351562,31.860000610351562,5799300.0
2020-05-20,32.20000076293945,32.25,31.90999984741211,32.15999984741211,4041700.0
2020-05-21,32.04999923706055,32.27000045776367,31.760000228881836,32.0,4289000.0
2020-05-22,32.029998779296875,32.720001220703125,31.8799991607666,32.70000076293945,4743200.0
2020-05-26,33.72999954223633,33.970001220703125,33.345001220703125,33.7400016784668,5756600.0
2020-05-27,34.43000030517578,34.459999084472656,33.599998474121094,34.459999084472656,5779800.0
2020-05-28,34.86000061035156,34.90999984741211,34.439998626708984,34.849998474121094,5281400.0
2020-05-29,34.619998931884766,34.81999969482422,34.310001373291016,34.650001525878906,7830900.0
2020-06-01,34.619998931884766,35.60499954223633,34.52000045776367,35.34000015258789,5275600.0
2020-06-02,35.560001373291016,35.709999084472656,35.15999984741211,35.56999969482422,4613100.0
2020-06-03,35.88999938964844,36.625,35.83000183105469,36.41999816894531,3685700.0
2020-06-04,36.2400016784668,36.2599983215332,35.459999084472656,35.7400016784668,3692400.0
2020-06-05,36.869998931884766,37.29999923706055,36.709999084472656,37.04999923706055,5313700.0
2020-06-08,37.439998626708984,37.86000061035156,37.380001068115234,37.86000061035156,4384200.0
2020-06-09,37.310001373291016,37.599998474121094,36.970001220703125,37.41999816894531,3636100.0
2020-06-10,37.2599983215332,37.43000030517578,36.5,36.720001220703125,3956600.0
2020-06-11,35.33000183105469,35.720001220703125,34.40999984741211,34.45000076293945,17916000.0
2020-06-12,35.52000045776367,35.689998626708984,34.65999984741211,35.540000915527344,7645100.0
2020-06-15,34.58000183105469,36.119998931884766,34.529998779296875,35.9900016784668,5146600.0
2020-06-16,37.099998474121094,37.20000076293945,35.9900016784668,36.59000015258789,6559300.0
2020-06-17,36.81999969482422,36.81999969482422,36.150001525878906,36.15999984741211,3553800.0
2020-06-18,35.900001525878906,35.95000076293945,35.540000915527344,35.709999084472656,2261000.0
2020-06-19,36.220001220703125,36.25,35.08000183105469,35.349998474121094,5057400.0
2020-06-22,34.970001220703125,35.10499954223633,34.5099983215332,34.97999954223633,2525400.0
2020-06-23,35.310001373291016,35.400001525878906,34.79999923706055,34.849998474121094,2444900.0
2020-06-24,34.45000076293945,34.58000183105469,33.2599983215332,33.959999084472656,6262800.0
2020-06-25,33.779998779296875,34.34000015258789,33.67399978637695,34.31999969482422,3520100.0
2020-06-26,34.220001220703125,34.38999938964844,33.650001525878906,33.72999954223633,4398900.0
2020-06-29,34.0099983215332,34.310001373291016,33.630001068115234,34.310001373291016,4052700.0
2020-06-30,34.380001068115234,34.97999954223633,34.290000915527344,34.810001373291016,3640600.0
2020-07-01,34.95000076293945,35.869998931884766,34.875,35.7599983215332,5182500.0
2020-07-02,36.290000915527344,36.31999969482422,35.5099983215332,35.63999938964844,2586000.0
2020-07-06,36.25,36.36000061035156,35.612998962402344,35.68000030517578,3206300.0
2020-07-07,35.380001068115234,35.529998779296875,35.09000015258789,35.099998474121094,2668600.0
2020-07-08,35.209999084472656,35.31999969482422,34.77000045776367,35.08000183105469,11063900.0
2020-07-09,35.0099983215332,35.099998474121094,34.400001525878906,34.959999084472656,6024700.0
2020-07-10,34.959999084472656,35.18000030517578,34.81999969482422,35.0,5978400.0
2020-07-13,35.119998931884766,35.189998626708984,34.36000061035156,34.45000076293945,10021700.0
2020-07-14,34.4900016784668,34.900001525878906,34.400001525878906,34.790000915527344,6206300.0
2020-07-15,35.25,35.369998931884766,34.755001068115234,34.95000076293945,7492500.0
2020-07-16,34.810001373291016,34.970001220703125,34.45500183105469,34.540000915527344,3339300.0
2020-07-17,34.689998626708984,35.189998626708984,34.5099983215332,35.02000045776367,8696300.0
2020-07-20,35.04999923706055,35.2400016784668,34.56999969482422,34.689998626708984,2792300.0
2020-07-21,35.0099983215332,35.09000015258789,34.599998474121094,34.70000076293945,5930700.0
2020-07-22,34.650001525878906,35.130001068115234,34.43000030517578,35.119998931884766,21831500.0
2020-07-23,35.060001373291016,35.25,34.560001373291016,34.939998626708984,9896100.0
2020-07-24,34.880001068115234,35.099998474121094,34.72999954223633,34.79999923706055,3388800.0
2020-07-27,34.81999969482422,35.22999954223633,34.459999084472656,35.209999084472656,3487800.0
2020-07-28,35.20000076293945,36.097999572753906,35.119998931884766,35.91999816894531,3591000.0
2020-07-29,36.04999923706055,36.599998474121094,36.029998779296875,36.599998474121094,3072600.0
2020-07-30,36.130001068115234,36.31999969482422,35.81999969482422,36.29999923706055,3104000.0
2020-07-31,36.25,36.31999969482422,35.7400016784668,36.2599983215332,4594400.0
2020-08-03,36.130001068115234,36.18000030517578,35.584999084472656,35.68000030517578,4743600.0
2020-08-04,35.689998626708984,36.32500076293945,35.63999938964844,36.209999084472656,4030600.0
2020-08-05,36.349998474121094,36.43000030517578,35.84000015258789,35.939998626708984,2729100.0
2020-08-06,35.869998931884766,36.06999969482422,35.744998931884766,36.0099983215332,2887800.0
2020-08-07,35.86000061035156,36.525001525878906,35.849998474121094,36.5,4065400.0
2020-08-10,36.58000183105469,36.66999816894531,36.290000915527344,36.439998626708984,2986400.0
2020-08-11,36.75,36.75,35.617000579833984,35.7400016784668,5520100.0
2020-08-12,36.0,36.279998779296875,35.84000015258789,36.189998626708984,4035200.0
2020-08-13,36.09000015258789,36.36000061035156,35.72999954223633,35.77000045776367,4096600.0
2020-08-14,35.75,36.130001068115234,35.71200180053711,35.86000061035156,2416800.0
2020-08-17,35.849998474121094,36.18000030517578,35.736000061035156,36.18000030517578,2824900.0
2020-08-18,36.25,36.26499938964844,35.90999984741211,36.13999938964844,2603600.0
2020-08-19,36.209999084472656,36.22999954223633,35.349998474121094,35.400001525878906,4328900.0
2020-08-20,35.2599983215332,35.94499969482422,35.16999816894531,35.779998779296875,3032800.0
2020-08-21,35.869998931884766,35.9900016784668,35.441001892089844,35.900001525878906,2155700.0
2020-08-24,35.95000076293945,35.970001220703125,35.43000030517578,35.95000076293945,3438400.0
2020-08-25,36.060001373291016,36.099998474121094,35.74100112915039,36.060001373291016,3226600.0
2020-08-26,35.959999084472656,36.0099983215332,35.56700134277344,35.810001373291016,2231400.0
2020-08-27,35.900001525878906,36.400001525878906,35.86000061035156,36.290000915527344,3098400.0
2020-08-28,36.349998474121094,36.56999969482422,35.9900016784668,36.56999969482422,1583700.0
2020-08-31,36.52000045776367,36.52000045776367,36.119998931884766,36.25,3522700.0
2020-09-01,36.13999938964844,36.2400016784668,35.869998931884766,36.189998626708984,4280200.0
2020-09-02,36.2400016784668,37.040000915527344,35.959999084472656,37.0,4663200.0
2020-09-03,36.95000076293945,37.20000076293945,36.11000061035156,36.380001068115234,8943100.0
2020-09-04,36.5,36.72999954223633,35.619998931884766,36.25,9308100.0
2020-09-08,36.0099983215332,36.099998474121094,35.52000045776367,35.790000915527344,6823000.0
2020-09-09,36.029998779296875,36.66999816894531,35.959999084472656,36.18000030517578,4081600.0
2020-09-10,36.13999938964844,36.25,35.650001525878906,35.66999816894531,6048400.0
2020-09-11,35.77000045776367,35.86000061035156,35.290000915527344,35.54999923706055,5445000.0
2020-09-14,35.790000915527344,36.513999938964844,35.790000915527344,36.41999816894531,3205600.0
2020-09-15,36.52000045776367,37.2400016784668,36.4900016784668,36.900001525878906,2947800.0
2020-09-16,37.08000183105469,37.51499938964844,36.959999084472656,37.13999938964844,3545400.0
2020-09-17,36.81999969482422,37.060001373291016,36.07400131225586,36.31999969482422,3656800.0
2020-09-18,36.34000015258789,36.34000015258789,35.529998779296875,35.599998474121094,6254300.0
2020-09-21,34.9900016784668,35.040000915527344,34.255001068115234,34.439998626708984,6227100.0
2020-09-22,34.529998779296875,35.130001068115234,34.47999954223633,34.849998474121094,4578000.0
2020-09-23,34.790000915527344,34.86000061035156,33.79499816894531,33.849998474121094,4330800.0
2020-09-24,33.869998931884766,34.45000076293945,33.7400016784668,34.0099983215332,4926400.0
2020-09-25,33.880001068115234,34.709999084472656,33.81999969482422,34.66999816894531,2765000.0
2020-09-28,35.119998931884766,35.41999816894531,35.060001373291016,35.27000045776367,2802800.0
2020-09-29,35.16999816894531,35.31999969482422,34.880001068115234,35.09000015258789,2217600.0
2020-09-30,35.2599983215332,35.599998474121094,34.91999816894531,35.27000045776367,4386100.0
2020-10-01,35.400001525878906,35.86000061035156,35.16999816894531,35.849998474121094,5842200.0
2020-10-02,35.310001373291016,36.540000915527344,35.290000915527344,36.43000030517578,4494600.0
2020-10-05,36.529998779296875,36.68000030517578,35.8849983215332,36.630001068115234,2185900.0
2020-10-06,36.72999954223633,36.83000183105469,36.189998626708984,36.31999969482422,4225600.0
2020-10-07,36.560001373291016,36.654998779296875,36.290000915527344,36.41999816894531,2158300.0
2020-10-08,36.650001525878906,37.209999084472656,36.599998474121094,37.029998779296875,2208700.0
2020-10-09,37.2400016784668,37.25,36.78900146484375,36.93000030517578,2617400.0
2020-10-12,37.0,37.20000076293945,36.7599983215332,37.119998931884766,2747100.0
2020-10-13,37.0,37.0,36.279998779296875,36.4900016784668,4258700.0
2020-10-14,36.540000915527344,36.54999923706055,36.02000045776367,36.06999969482422,7041600.0
2020-10-15,35.849998474121094,36.540000915527344,35.83000183105469,36.2400016784668,3691200.0
2020-10-16,36.27000045776367,36.34000015258789,35.9900016784668,36.11000061035156,2730500.0
2020-10-19,36.189998626708984,36.33000183105469,35.5,35.540000915527344,3782500.0
2020-10-20,35.7400016784668,36.03499984741211,35.68000030517578,35.779998779296875,5962200.0
2020-10-21,35.66999816894531,35.869998931884766,35.560001373291016,35.650001525878906,3566700.0
2020-10-22,35.63999938964844,35.689998626708984,35.334999084472656,35.400001525878906,3013900.0
2020-10-23,35.540000915527344,35.72999954223633,35.345001220703125,35.630001068115234,2194100.0
2020-10-26,35.36000061035156,35.36000061035156,34.869998931884766,35.20000076293945,3322600.0
2020-10-27,35.2599983215332,35.439998626708984,34.75,34.75,2760300.0
2020-10-28,34.189998626708984,34.56999969482422,33.83000183105469,33.97999954223633,5331500.0
2020-10-29,34.060001373291016,34.65999984741211,33.7400016784668,34.369998931884766,4989600.0
2020-10-30,34.15999984741211,34.369998931884766,33.709999084472656,34.150001525878906,5662400.0
2020-11-02,34.529998779296875,34.9900016784668,34.290000915527344,34.9900016784668,5349800.0
2020-11-03,35.27000045776367,35.7599983215332,35.15999984741211,35.540000915527344,4895700.0
2020-11-04,35.689998626708984,36.29999923706055,35.45000076293945,35.63999938964844,5642500.0
2020-11-05,35.91999816894531,36.119998931884766,35.611000061035156,35.77000045776367,4718500.0
2020-11-06,35.79999923706055,36.05500030517578,35.5,35.630001068115234,4562400.0
2020-11-09,37.349998474121094,39.11000061035156,36.47999954223633,36.56999969482422,11855500.0
2020-11-10,36.619998931884766,36.9900016784668,36.459999084472656,36.77000045776367,9593400.0
2020-11-11,36.959999084472656,37.27000045776367,36.66999816894531,37.04999923706055,6219300.0
2020-11-12,36.939998626708984,37.165000915527344,36.45000076293945,36.66999816894531,5034500.0
2020-11-13,36.869998931884766,37.599998474121094,36.869998931884766,37.5099983215332,3078700.0
2020-11-16,38.189998626708984,38.27000045776367,37.29999923706055,37.75,4066500.0
2020-11-17,37.52000045776367,37.90999984741211,37.2400016784668,37.77000045776367,4501200.0
2020-11-18,37.79999923706055,38.14500045776367,37.11000061035156,37.130001068115234,4579100.0
2020-11-19,37.08000183105469,37.2599983215332,36.68000030517578,37.189998626708984,4583900.0
2020-11-20,37.2400016784668,37.25,36.810001373291016,36.939998626708984,2799000.0
2020-11-23,37.150001525878906,37.220001220703125,36.755001068115234,36.81999969482422,4084700.0
2020-11-24,37.2400016784668,37.369998931884766,36.757999420166016,36.79999923706055,3201500.0
2020-11-25,36.869998931884766,36.970001220703125,36.56999969482422,36.88999938964844,3553300.0
2020-11-27,37.060001373291016,37.060001373291016,36.66999816894531,36.81999969482422,1791100.0
2020-11-30,36.79999923706055,36.79999923706055,36.32500076293945,36.5,4225200.0
2020-12-01,36.869998931884766,37.0880012512207,36.790000915527344,36.959999084472656,4491900.0
2020-12-02,36.86000061035156,37.09000015258789,36.540000915527344,36.56999969482422,3019100.0
2020-12-03,36.63999938964844,37.02000045776367,36.599998474121094,36.84000015258789,2953400.0
2020-12-04,37.04999923706055,37.349998474121094,37.0099983215332,37.33000183105469,3325500.0
2020-12-07,37.279998779296875,37.36000061035156,36.834999084472656,36.959999084472656,3027800.0
2020-12-08,36.81999969482422,37.040000915527344,36.77000045776367,36.790000915527344,2184100.0
2020-12-09,36.83000183105469,36.86000061035156,36.220001220703125,36.45000076293945,3443200.0
2020-12-10,36.310001373291016,36.599998474121094,36.13999938964844,36.25,2687300.0
2020-12-11,36.099998474121094,36.279998779296875,35.849998474121094,36.27000045776367,2340600.0
2020-12-14,36.58000183105469,36.79499816894531,35.9900016784668,36.0099983215332,3412600.0
2020-12-15,36.20000076293945,36.63999938964844,35.939998626708984,36.63999938964844,2593200.0
2020-12-16,36.709999084472656,36.904998779296875,36.43899917602539,36.650001525878906,2919300.0
2020-12-17,36.849998474121094,37.130001068115234,36.7400016784668,37.08000183105469,2124200.0
2020-12-18,37.11000061035156,37.130001068115234,36.17499923706055,36.439998626708984,4150700.0
2020-12-21,35.529998779296875,35.7400016784668,35.29999923706055,35.650001525878906,5463900.0
2020-12-22,35.68000030517578,35.900001525878906,35.529998779296875,35.900001525878906,1673100.0
2020-12-23,36.02000045776367,36.21799850463867,35.560001373291016,35.560001373291016,1965300.0
2020-12-24,35.70000076293945,35.90999984741211,35.68000030517578,35.90999984741211,1600000.0
2020-12-28,36.029998779296875,36.22999954223633,35.86000061035156,36.20000076293945,2955500.0
2020-12-29,36.36000061035156,36.5099983215332,35.91999816894531,35.91999816894531,2212200.0
2020-12-30,36.0099983215332,36.38999938964844,35.935001373291016,36.119998931884766,2365000.0
2020-12-31,36.130001068115234,36.61000061035156,35.849998474121094,36.560001373291016,4083800.0
2021-01-04,36.63999938964844,36.709999084472656,35.369998931884766,35.380001068115234,4967000.0
2021-01-05,35.400001525878906,35.68000030517578,35.310001373291016,35.34000015258789,4432400.0
2021-01-06,35.349998474121094,35.39500045776367,34.970001220703125,35.16999816894531,7383400.0
2021-01-07,35.25,35.400001525878906,35.01499938964844,35.279998779296875,3433700.0
2021-01-08,35.369998931884766,35.77000045776367,35.31999969482422,35.65999984741211,3419900.0
2021-01-11,35.470001220703125,35.630001068115234,34.95500183105469,35.060001373291016,4050000.0
2021-01-12,34.9900016784668,35.130001068115234,34.650001525878906,35.09000015258789,4372500.0
2021-01-13,35.06999969482422,35.630001068115234,35.06999969482422,35.56999969482422,3024400.0
2021-01-14,35.66999816894531,36.02000045776367,35.5,35.790000915527344,3792500.0
2021-01-15,35.709999084472656,36.40599822998047,35.630001068115234,36.34000015258789,4213000.0
2021-01-19,36.52000045776367,36.540000915527344,36.025001525878906,36.099998474121094,3317800.0
2021-01-20,36.189998626708984,36.99399948120117,36.0099983215332,36.849998474121094,4404200.0
2021-01-21,36.70000076293945,36.76900100708008,36.369998931884766,36.72999954223633,2669600.0
2021-01-22,36.54999923706055,36.90999984741211,36.52000045776367,36.81999969482422,2355200.0
2021-01-25,36.810001373291016,37.369998931884766,36.630001068115234,37.150001525878906,5784200.0
2021-01-26,37.20000076293945,37.630001068115234,37.119998931884766,37.529998779296875,3398900.0
2021-01-27,37.29999923706055,37.689998626708984,36.810001373291016,37.04999923706055,8415100.0
2021-01-28,37.119998931884766,37.590999603271484,36.79999923706055,37.150001525878906,11831200.0
2021-01-29,36.869998931884766,37.290000915527344,36.54999923706055,36.7599983215332,5590700.0
2021-02-01,36.9900016784668,37.60499954223633,36.52000045776367,37.59000015258789,3729300.0
2021-02-02,37.779998779296875,37.939998626708984,37.5099983215332,37.75,3017400.0
2021-02-03,37.70000076293945,37.72999954223633,37.09000015258789,37.599998474121094,3472200.0
2021-02-04,37.650001525878906,38.040000915527344,37.529998779296875,37.810001373291016,3040200.0
2021-02-05,37.91999816894531,38.0099983215332,37.779998779296875,37.939998626708984,2019400.0
2021-02-08,37.959999084472656,38.029998779296875,37.689998626708984,38.02000045776367,2590000.0
2021-02-09,38.099998474121094,38.310001373291016,37.97999954223633,38.189998626708984,1682200.0
2021-02-10,38.380001068115234,38.70500183105469,38.23099899291992,38.45000076293945,3329000.0
2021-02-11,38.5,38.61000061035156,38.18000030517578,38.380001068115234,2301000.0
2021-02-12,38.290000915527344,38.459999084472656,38.020999908447266,38.369998931884766,1826300.0
2021-02-16,38.43000030517578,38.470001220703125,37.77000045776367,37.959999084472656,3341300.0
2021-02-17,37.939998626708984,38.05500030517578,37.720001220703125,37.9900016784668,3277200.0
2021-02-18,37.84000015258789,38.029998779296875,37.81999969482422,37.970001220703125,2932100.0
2021-02-19,38.150001525878906,38.36000061035156,37.98500061035156,38.09000015258789,2448500.0
2021-02-22,38.029998779296875,38.45000076293945,37.880001068115234,38.310001373291016,4293100.0
2021-02-23,38.540000915527344,38.689998626708984,38.30500030517578,38.45000076293945,5986100.0
2021-02-24,38.45000076293945,38.76499938964844,38.310001373291016,38.630001068115234,3779900.0
2021-02-25,38.63999938964844,38.900001525878906,37.7400016784668,38.0,6790200.0
2021-02-26,38.119998931884766,38.119998931884766,37.31700134277344,37.34000015258789,8008400.0
2021-03-01,37.7599983215332,38.02000045776367,37.375,37.380001068115234,4505600.0
2021-03-02,37.400001525878906,37.41999816894531,36.849998474121094,37.150001525878906,7482600.0
2021-03-03,37.150001525878906,37.150001525878906,36.6349983215332,36.689998626708984,7743400.0
2021-03-04,36.810001373291016,37.119998931884766,36.06999969482422,36.41999816894531,11162900.0
2021-03-05,36.70000076293945,37.0,35.88999938964844,36.84000015258789,9431800.0
2021-03-08,36.93000030517578,37.47999954223633,36.66999816894531,37.02000045776367,5381500.0
2021-03-09,37.209999084472656,37.69499969482422,37.209999084472656,37.439998626708984,4163400.0
2021-03-10,37.47999954223633,38.040000915527344,37.380001068115234,37.810001373291016,4908400.0
2021-03-11,37.91999816894531,38.650001525878906,37.82500076293945,38.369998931884766,4092700.0
2021-03-12,38.33000183105469,39.029998779296875,38.310001373291016,39.029998779296875,3621600.0
2021-03-15,39.060001373291016,39.58000183105469,38.84199905395508,39.470001220703125,4585700.0
2021-03-16,39.529998779296875,39.65999984741211,39.290000915527344,39.470001220703125,3814700.0
2021-03-17,39.400001525878906,39.45000076293945,39.060001373291016,39.40999984741211,4914800.0
2021-03-18,39.189998626708984,39.27000045776367,38.86000061035156,39.15999984741211,4147000.0
2021-03-19,39.16999816894531,39.308998107910156,38.58000183105469,38.63999938964844,5718700.0
2021-03-22,38.279998779296875,38.79999923706055,38.15999984741211,38.68000030517578,4371700.0
2021-03-23,38.7599983215332,39.06999969482422,38.599998474121094,38.79999923706055,4453800.0
2021-03-24,38.779998779296875,39.029998779296875,38.505001068115234,38.630001068115234,10398000.0
2021-03-25,38.630001068115234,39.005001068115234,38.220001220703125,38.959999084472656,5725300.0
2021-03-26,39.13999938964844,39.93000030517578,39.040000915527344,39.90999984741211,4550900.0
2021-03-29,39.77000045776367,40.0,39.34000015258789,39.81999969482422,5335600.0
2021-03-30,39.7599983215332,39.81999969482422,39.54999923706055,39.650001525878906,4534600.0
2021-03-31,39.599998474121094,39.895999908447266,39.27000045776367,39.4900016784668,5083900.0
2021-04-01,39.68000030517578,40.119998931884766,39.470001220703125,40.119998931884766,6082700.0
2021-04-05,40.369998931884766,40.369998931884766,39.939998626708984,40.33000183105469,5235600.0
2021-04-06,40.2400016784668,40.43000030517578,40.08000183105469,40.43000030517578,4270100.0
2021-04-07,40.45000076293945,40.57400131225586,40.1150016784668,40.47999954223633,3063200.0
2021-04-08,40.529998779296875,40.70000076293945,40.244998931884766,40.279998779296875,4042700.0
2021-04-09,40.349998474121094,40.38999938964844,40.15999984741211,40.34000015258789,1887000.0
2021-04-12,40.43000030517578,40.584999084472656,40.09000015258789,40.58000183105469,2946900.0
2021-04-13,40.58000183105469,40.86000061035156,40.47999954223633,40.81999969482422,7557800.0
2021-04-14,40.79999923706055,41.0099983215332,40.52000045776367,40.56999969482422,3027900.0
2021-04-15,40.79999923706055,41.349998474121094,40.70000076293945,41.34000015258789,3786400.0
2021-04-16,41.52000045776367,41.54999923706055,41.290000915527344,41.400001525878906,3173700.0
2021-04-19,41.40999984741211,41.54499816894531,41.165000915527344,41.529998779296875,3291600.0
2021-04-20,41.45000076293945,42.119998931884766,41.400001525878906,41.9900016784668,5042100.0
2021-04-21,42.060001373291016,42.2599983215332,41.93000030517578,42.18000030517578,4182600.0
2021-04-22,42.130001068115234,42.369998931884766,41.93000030517578,42.0,4074600.0
2021-04-23,42.11000061035156,42.36000061035156,41.97999954223633,42.2400016784668,3551700.0
2021-04-26,42.40999984741211,42.56999969482422,42.220001220703125,42.33000183105469,2893600.0
2021-04-27,42.470001220703125,42.470001220703125,42.220001220703125,42.33000183105469,3715200.0
2021-04-28,42.400001525878906,42.47999954223633,42.150001525878906,42.18000030517578,2246200.0
2021-04-29,42.40999984741211,42.58000183105469,42.20000076293945,42.4900016784668,4261900.0
2021-04-30,42.34000015258789,42.810001373291016,42.29999923706055,42.77000045776367,4592300.0
2021-05-03,42.869998931884766,42.869998931884766,42.47999954223633,42.540000915527344,5074000.0
2021-05-04,42.45000076293945,42.720001220703125,42.02000045776367,42.279998779296875,4892400.0
2021-05-05,42.220001220703125,42.22999954223633,41.47999954223633,41.65999984741211,5972400.0
2021-05-06,41.68000030517578,41.90999984741211,41.5099983215332,41.86000061035156,4116400.0
2021-05-07,41.81999969482422,42.38999938964844,41.81999969482422,42.369998931884766,3863600.0
2021-05-10,42.58000183105469,42.9379997253418,42.46500015258789,42.560001373291016,3873100.0
2021-05-11,42.11000061035156,42.21799850463867,41.67499923706055,42.060001373291016,5546200.0
2021-05-12,41.88999938964844,42.0,41.02000045776367,41.040000915527344,5443800.0
2021-05-13,41.119998931884766,41.79800033569336,41.11000061035156,41.560001373291016,10719300.0
2021-05-14,41.77000045776367,42.11000061035156,41.619998931884766,41.95000076293945,3828600.0
2021-05-17,41.90999984741211,42.07500076293945,41.81999969482422,41.970001220703125,3583400.0
2021-05-18,41.95000076293945,42.29899978637695,41.67499923706055,42.04999923706055,4545500.0
2021-05-19,41.72999954223633,41.88999938964844,41.33000183105469,41.88999938964844,7500900.0
2021-05-20,41.81999969482422,42.56999969482422,41.744998931884766,42.40999984741211,5260700.0
2021-05-21,42.5099983215332,42.56999969482422,42.27000045776367,42.34000015258789,4565100.0
2021-05-24,42.58000183105469,42.994998931884766,42.5099983215332,42.79999923706055,9873000.0
2021-05-25,42.900001525878906,43.07899856567383,42.61000061035156,42.91999816894531,4333800.0
2021-05-26,43.0,43.29999923706055,42.88999938964844,43.02000045776367,4738200.0
2021-05-27,43.15999984741211,43.18000030517578,42.90399932861328,42.970001220703125,4288000.0
2021-05-28,43.22800064086914,43.40999984741211,43.150001525878906,43.2599983215332,3534100.0
2021-06-01,43.47999954223633,44.0,43.279998779296875,44.0,5512300.0
2021-06-02,44.11000061035156,44.619998931884766,43.97999954223633,44.61000061035156,4599000.0
2021-06-03,44.44200134277344,44.560001373291016,44.23500061035156,44.52000045776367,3447300.0
2021-06-04,44.66999816894531,44.72999954223633,44.34000015258789,44.560001373291016,3061300.0
2021-06-07,44.619998931884766,45.150001525878906,44.619998931884766,44.97999954223633,5659700.0
2021-06-08,45.06999969482422,45.36800003051758,45.005001068115234,45.220001220703125,5577200.0
2021-06-09,45.380001068115234,45.46799850463867,45.22999954223633,45.27000045776367,2401800.0
2021-06-10,45.290000915527344,45.810001373291016,45.17499923706055,45.72999954223633,3818400.0
2021-06-11,45.779998779296875,45.779998779296875,45.27000045776367,45.439998626708984,4478100.0
2021-06-14,45.45000076293945,45.720001220703125,45.380001068115234,45.70000076293945,2746000.0
2021-06-15,45.70000076293945,45.70000076293945,45.2400016784668,45.279998779296875,2948300.0
2021-06-16,45.380001068115234,45.505001068115234,44.83000183105469,44.869998931884766,6093100.0
2021-06-17,44.77000045776367,45.06999969482422,44.66999816894531,45.040000915527344,4558600.0
2021-06-18,44.790000915527344,45.04499816894531,44.33000183105469,44.33000183105469,9034600.0
2021-06-21,44.2400016784668,45.029998779296875,44.06999969482422,44.91999816894531,4818200.0
2021-06-22,44.939998626708984,44.95000076293945,44.709999084472656,44.720001220703125,2428600.0
2021-06-23,44.70000076293945,44.84400177001953,44.52299880981445,44.58000183105469,5049300.0
2021-06-24,44.7400016784668,44.7400016784668,44.18000030517578,44.369998931884766,3267900.0
2021-06-25,44.459999084472656,44.70000076293945,44.29999923706055,44.689998626708984,3278500.0
2021-06-28,44.779998779296875,44.779998779296875,44.349998474121094,44.709999084472656,3260700.0
2021-06-29,44.65999984741211,44.97800064086914,44.599998474121094,44.68000030517578,2851400.0
2021-06-30,44.65999984741211,44.91999816894531,44.279998779296875,44.33000183105469,6087600.0
2021-07-01,44.31999969482422,44.849998474121094,44.165000915527344,44.5099983215332,6332000.0
2021-07-02,44.65999984741211,44.875999450683594,44.5,44.720001220703125,3992900.0
2021-07-06,44.70000076293945,45.15999984741211,44.40999984741211,45.119998931884766,5002400.0
2021-07-07,45.09000015258789,45.52000045776367,44.86000061035156,45.349998474121094,4634400.0
2021-07-08,45.06999969482422,45.43000030517578,44.970001220703125,45.310001373291016,5252900.0
2021-07-09,45.529998779296875,45.939998626708984,45.349998474121094,45.90999984741211,4090400.0
2021-07-12,45.88999938964844,46.36000061035156,45.849998474121094,46.310001373291016,3406600.0
2021-07-13,46.150001525878906,46.2400016784668,45.560001373291016,45.709999084472656,4764500.0
2021-07-14,45.75,46.244998931884766,45.61000061035156,46.11000061035156,3942900.0
2021-07-15,46.06999969482422,46.25,46.01499938964844,46.18000030517578,4138400.0
2021-07-16,46.33000183105469,46.54499816894531,46.18000030517578,46.22999954223633,4107200.0
2021-07-19,45.810001373291016,45.91999816894531,45.130001068115234,45.5099983215332,8124900.0
2021-07-20,45.7400016784668,46.47999954223633,45.66999816894531,46.33000183105469,4986200.0
2021-07-21,46.40999984741211,46.470001220703125,46.1150016784668,46.189998626708984,4280500.0
2021-07-22,46.029998779296875,46.029998779296875,45.619998931884766,45.86000061035156,4127600.0
2021-07-23,46.0099983215332,46.31999969482422,45.880001068115234,46.279998779296875,4995800.0
2021-07-26,46.16999816894531,46.29899978637695,45.880001068115234,46.279998779296875,3699600.0
2021-07-27,46.2599983215332,46.689998626708984,46.095001220703125,46.650001525878906,3937400.0
2021-07-28,46.68000030517578,46.70000076293945,46.220001220703125,46.369998931884766,6457100.0
2021-07-29,46.4900016784668,46.7400016784668,46.18000030517578,46.22999954223633,7659100.0
2021-07-30,46.33000183105469,46.93000030517578,46.27000045776367,46.380001068115234,4998700.0
2021-08-02,46.619998931884766,46.88999938964844,46.34000015258789,46.400001525878906,6819300.0
2021-08-03,46.529998779296875,46.665000915527344,46.28799819946289,46.59000015258789,6669700.0
2021-08-04,46.599998474121094,46.79999923706055,46.220001220703125,46.439998626708984,4374600.0
2021-08-05,46.689998626708984,46.83000183105469,46.40999984741211,46.810001373291016,5469000.0
2021-08-06,46.849998474121094,47.0099983215332,46.63199996948242,46.72999954223633,3452600.0
2021-08-09,46.72999954223633,46.72999954223633,46.40999984741211,46.52000045776367,3556200.0
2021-08-10,46.58000183105469,46.599998474121094,45.9900016784668,46.02000045776367,6752900.0
2021-08-11,46.2400016784668,46.369998931884766,46.04999923706055,46.27000045776367,4074400.0
2021-08-12,46.369998931884766,46.439998626708984,46.11000061035156,46.43000030517578,3733000.0
2021-08-13,46.58000183105469,46.7599983215332,46.3849983215332,46.7400016784668,4763300.0
2021-08-16,46.66999816894531,46.97999954223633,46.599998474121094,46.790000915527344,4879200.0
2021-08-17,46.630001068115234,46.89500045776367,46.470001220703125,46.880001068115234,4916800.0
2021-08-18,46.77000045776367,46.790000915527344,46.33000183105469,46.38999938964844,5431500.0
2021-08-19,46.25,46.849998474121094,46.119998931884766,46.779998779296875,5385100.0
2021-08-20,46.7599983215332,47.23699951171875,46.43000030517578,47.0,4420700.0
2021-08-23,47.13999938964844,47.15999984741211,46.720001220703125,46.81999969482422,4653700.0
2021-08-24,46.939998626708984,46.939998626708984,46.349998474121094,46.470001220703125,4291800.0
2021-08-25,46.470001220703125,46.654998779296875,46.2599983215332,46.41999816894531,4543600.0
2021-08-26,46.470001220703125,46.595001220703125,46.275001525878906,46.45000076293945,2861300.0
2021-08-27,46.63999938964844,46.959999084472656,46.540000915527344,46.83000183105469,2530500.0
2021-08-30,46.869998931884766,47.415000915527344,46.77000045776367,47.400001525878906,6169800.0
2021-08-31,47.2400016784668,47.7400016784668,47.119998931884766,47.68000030517578,4855300.0
2021-09-01,47.75,48.54999923706055,47.7400016784668,48.5,9196200.0
2021-09-02,48.58000183105469,48.72999954223633,48.13999938964844,48.72999954223633,6576100.0
2021-09-03,48.58000183105469,48.80500030517578,48.154998779296875,48.72999954223633,5537900.0
2021-09-07,48.54999923706055,48.599998474121094,47.73400115966797,48.189998626708984,7162300.0
2021-09-08,48.0099983215332,48.630001068115234,47.90999984741211,48.47999954223633,6704200.0
2021-09-09,48.209999084472656,48.2599983215332,47.439998626708984,47.45000076293945,4573200.0
2021-09-10,47.5,47.52000045776367,46.83000183105469,46.849998474121094,6203600.0
2021-09-13,47.33000183105469,47.505001068115234,46.9109992980957,47.11000061035156,5495200.0
2021-09-14,47.33000183105469,47.38999938964844,46.77000045776367,47.0099983215332,5234500.0
2021-09-15,47.11000061035156,47.439998626708984,46.83000183105469,47.189998626708984,4885700.0
2021-09-16,47.189998626708984,47.479000091552734,46.849998474121094,47.279998779296875,4685700.0
2021-09-17,47.02000045776367,47.33000183105469,46.77299880981445,46.849998474121094,8711800.0
2021-09-20,46.06999969482422,46.6150016784668,45.720001220703125,46.27000045776367,13017800.0
2021-09-21,46.459999084472656,46.83000183105469,46.2599983215332,46.279998779296875,6982600.0
2021-09-22,46.599998474121094,46.93000030517578,46.349998474121094,46.66999816894531,6432400.0
2021-09-23,46.779998779296875,46.91999816894531,46.369998931884766,46.439998626708984,4571500.0
2021-09-24,46.349998474121094,46.52000045776367,45.779998779296875,45.90999984741211,5211600.0
2021-09-27,45.869998931884766,46.13999938964844,45.10499954223633,45.150001525878906,6701100.0
2021-09-28,44.869998931884766,45.08000183105469,44.529998779296875,44.880001068115234,12068800.0
2021-09-29,45.04999923706055,45.380001068115234,45.0,45.16999816894531,5975800.0
2021-09-30,45.380001068115234,45.39500045776367,44.45000076293945,44.45000076293945,6342800.0
2021-10-01,44.7400016784668,45.25,44.400001525878906,44.93000030517578,8294700.0
2021-10-04,44.84000015258789,45.15999984741211,44.650001525878906,44.97999954223633,10456400.0
2021-10-05,45.060001373291016,45.060001373291016,44.43000030517578,44.630001068115234,5480300.0
2021-10-06,44.459999084472656,45.099998474121094,43.95000076293945,45.060001373291016,8996300.0
2021-10-07,45.29999923706055,45.720001220703125,45.04999923706055,45.11000061035156,7269800.0
2021-10-08,45.11000061035156,45.16999816894531,44.54999923706055,44.619998931884766,5464400.0
2021-10-11,44.599998474121094,44.875999450683594,44.34000015258789,44.68000030517578,4151900.0
2021-10-12,44.75,45.47999954223633,44.65999984741211,45.279998779296875,5663300.0
2021-10-13,45.20000076293945,45.59000015258789,44.85300064086914,45.540000915527344,9279200.0
2021-10-14,45.81999969482422,46.23500061035156,45.709999084472656,46.18000030517578,4392500.0
2021-10-15,46.47999954223633,46.599998474121094,45.91999816894531,46.20000076293945,5210100.0
2021-10-18,46.029998779296875,46.470001220703125,45.93000030517578,46.279998779296875,4251300.0
2021-10-19,46.52000045776367,46.70000076293945,46.40999984741211,46.4900016784668,3509700.0
2021-10-20,46.58000183105469,47.209999084472656,46.5099983215332,47.20000076293945,5596400.0
2021-10-21,47.18000030517578,47.38999938964844,47.025001525878906,47.349998474121094,5528800.0
2021-10-22,47.4900016784668,47.79499816894531,47.40999984741211,47.689998626708984,5378000.0
2021-10-25,47.72999954223633,47.94499969482422,47.35499954223633,47.83000183105469,4933100.0
2021-10-26,47.88999938964844,48.21900177001953,47.83000183105469,48.04999923706055,9546200.0
2021-10-27,48.290000915527344,48.31999969482422,47.70000076293945,47.70000076293945,7158300.0
2021-10-28,47.689998626708984,48.400001525878906,47.672000885009766,48.400001525878906,6690300.0
2021-10-29,48.220001220703125,48.36000061035156,47.61000061035156,47.81999969482422,7925200.0
2021-11-01,47.939998626708984,48.025001525878906,47.14500045776367,47.93000030517578,6766900.0
2021-11-02,48.16999816894531,48.54800033569336,47.91999816894531,48.380001068115234,6617300.0
2021-11-03,48.439998626708984,48.7599983215332,48.15999984741211,48.65999984741211,4814500.0
2021-11-04,48.58000183105469,48.70000076293945,47.90999984741211,48.11000061035156,4620600.0
2021-11-05,48.58000183105469,48.849998474121094,48.13800048828125,48.220001220703125,5731400.0
2021-11-08,48.36000061035156,48.41999816894531,47.77000045776367,48.209999084472656,5791700.0
2021-11-09,48.310001373291016,48.47999954223633,48.20000076293945,48.38999938964844,4410400.0
2021-11-10,48.2400016784668,48.560001373291016,48.14500045776367,48.150001525878906,5063100.0
2021-11-11,48.209999084472656,48.209999084472656,47.810001373291016,48.16999816894531,4191900.0
2021-11-12,48.33000183105469,48.349998474121094,48.0099983215332,48.189998626708984,3902800.0
2021-11-15,48.209999084472656,48.459999084472656,48.0099983215332,48.459999084472656,3591500.0
2021-11-16,48.4900016784668,48.58000183105469,48.064998626708984,48.15999984741211,4936700.0
2021-11-17,48.060001373291016,48.540000915527344,47.459999084472656,48.47999954223633,15340000.0
2021-11-18,48.529998779296875,48.58000183105469,48.25,48.470001220703125,5484700.0
2021-11-19,48.52000045776367,48.59000015258789,48.09000015258789,48.209999084472656,5099600.0
2021-11-22,48.220001220703125,48.41999816894531,47.849998474121094,47.970001220703125,5416900.0
2021-11-23,48.119998931884766,48.6150016784668,47.89500045776367,48.47999954223633,9784700.0
2021-11-24,48.470001220703125,49.19499969482422,48.34000015258789,49.130001068115234,5086700.0
2021-11-26,48.470001220703125,48.59000015258789,47.72999954223633,47.79999923706055,6829200.0
2021-11-29,48.16999816894531,48.7599983215332,47.808998107910156,48.400001525878906,7173400.0
2021-11-30,48.18000030517578,48.29999923706055,47.369998931884766,47.38999938964844,11022100.0
2021-12-01,47.900001525878906,48.43000030517578,46.7400016784668,46.77000045776367,12299600.0
2021-12-02,47.09000015258789,48.34000015258789,46.97999954223633,48.04999923706055,10097200.0
2021-12-03,48.11000061035156,48.34000015258789,47.400001525878906,47.810001373291016,11826500.0
2021-12-06,48.15999984741211,48.900001525878906,48.13999938964844,48.5,8711100.0
2021-12-07,48.880001068115234,49.435001373291016,48.7599983215332,49.36000061035156,7763600.0
2021-12-08,49.36000061035156,49.70000076293945,49.189998626708984,49.56999969482422,6931400.0
2021-12-09,49.459999084472656,49.470001220703125,48.89500045776367,48.939998626708984,3572400.0
2021-12-10,49.13999938964844,49.22999954223633,48.88199996948242,49.189998626708984,3683700.0
2021-12-13,49.04999923706055,50.07500076293945,48.97999954223633,49.849998474121094,5105600.0
2021-12-14,49.7400016784668,49.849998474121094,48.93000030517578,49.29999923706055,8920600.0
2021-12-15,49.459999084472656,50.099998474121094,49.40999984741211,50.029998779296875,8196000.0
2021-12-16,50.13999938964844,50.54999923706055,49.904998779296875,50.220001220703125,7161500.0
2021-12-17,50.16999816894531,50.64500045776367,49.97999954223633,50.04999923706055,8626500.0
2021-12-20,49.04999923706055,49.5,48.77000045776367,49.29999923706055,9760200.0
2021-12-21,49.63999938964844,49.88999938964844,49.375,49.58000183105469,6024000.0
2021-12-22,49.72999954223633,50.099998474121094,49.67499923706055,50.06999969482422,4530000.0
2021-12-23,50.16999816894531,50.189998626708984,49.630001068115234,49.91999816894531,5264600.0
2021-12-27,50.060001373291016,50.939998626708984,49.959999084472656,50.939998626708984,5183100.0
2021-12-28,50.939998626708984,51.18000030517578,50.77000045776367,51.15999984741211,5592700.0
2021-12-29,51.2599983215332,51.619998931884766,51.02000045776367,51.470001220703125,4404700.0
2021-12-30,51.52000045776367,51.869998931884766,51.439998626708984,51.70000076293945,3665900.0
2021-12-31,51.720001220703125,52.16999816894531,51.65999984741211,51.810001373291016,3979100.0
2022-01-03,51.97999954223633,51.97999954223633,50.54999923706055,51.33000183105469,8441200.0
2022-01-04,51.470001220703125,51.689998626708984,51.08000183105469,51.130001068115234,7440700.0
2022-01-05,50.959999084472656,50.959999084472656,49.439998626708984,49.470001220703125,14980800.0
2022-01-06,49.5099983215332,49.67499923706055,48.880001068115234,49.529998779296875,9807100.0
2022-01-07,49.369998931884766,49.5989990234375,49.040000915527344,49.27000045776367,6141100.0
2022-01-10,48.849998474121094,48.97999954223633,48.25,48.97999954223633,6870600.0
2022-01-11,48.880001068115234,48.98500061035156,48.17499923706055,48.900001525878906,7442400.0
2022-01-12,48.84000015258789,49.349998474121094,48.84000015258789,49.029998779296875,4686800.0
2022-01-13,49.20000076293945,49.29999923706055,48.7760009765625,48.86000061035156,5481200.0
2022-01-14,48.58000183105469,48.63999938964844,47.72999954223633,48.290000915527344,5737300.0
2022-01-18,47.9900016784668,48.119998931884766,47.47999954223633,47.959999084472656,8948300.0
2022-01-19,48.209999084472656,48.5,47.34000015258789,47.34000015258789,7152500.0
2022-01-20,47.43000030517578,48.06100082397461,46.869998931884766,46.91999816894531,7586800.0
2022-01-21,47.150001525878906,47.46500015258789,46.775001525878906,46.88999938964844,10920600.0
2022-01-24,46.470001220703125,47.084999084472656,45.35300064086914,46.9900016784668,19972200.0
2022-01-25,46.43000030517578,47.20000076293945,45.9900016784668,46.86000061035156,10908900.0
2022-01-26,47.099998474121094,47.66999816894531,45.744998931884766,46.08000183105469,12858500.0
2022-01-27,46.43000030517578,46.71500015258789,45.06999969482422,45.25,8783800.0
2022-01-28,45.349998474121094,46.81999969482422,44.79999923706055,46.81999969482422,6455400.0
2022-01-31,46.56999969482422,47.40999984741211,46.41999816894531,47.34000015258789,4557200.0
2022-02-01,47.34000015258789,47.40999984741211,46.709999084472656,47.02000045776367,8057400.0
2022-02-02,47.279998779296875,47.935001373291016,47.2400016784668,47.83000183105469,6716600.0
2022-02-03,47.54999923706055,47.709999084472656,47.279998779296875,47.34000015258789,4484000.0
2022-02-04,47.0,47.29999923706055,46.34000015258789,46.689998626708984,5447900.0
2022-02-07,46.689998626708984,47.0099983215332,46.560001373291016,46.70000076293945,5403300.0
2022-02-08,46.56999969482422,46.71500015258789,46.18000030517578,46.279998779296875,4876000.0
2022-02-09,46.83000183105469,47.42499923706055,46.810001373291016,47.400001525878906,4927400.0
2022-02-10,46.630001068115234,47.21500015258789,45.78499984741211,46.04999923706055,8187100.0
2022-02-11,46.220001220703125,46.33000183105469,45.13999938964844,45.41999816894531,9040100.0
2022-02-14,45.459999084472656,45.689998626708984,44.72999954223633,44.93000030517578,6979200.0
2022-02-15,45.349998474121094,45.540000915527344,44.9900016784668,45.150001525878906,5395100.0
2022-02-16,45.220001220703125,45.380001068115234,44.790000915527344,45.27000045776367,5675200.0
2022-02-17,45.150001525878906,45.31999969482422,44.775001525878906,44.880001068115234,5008400.0
2022-02-18,44.7400016784668,45.189998626708984,44.54100036621094,44.68000030517578,6226000.0
2022-02-22,44.599998474121094,44.869998931884766,44.290000915527344,44.560001373291016,6832300.0
2022-02-23,44.95000076293945,45.20000076293945,43.91999816894531,43.97999954223633,5917600.0
2022-02-24,43.15999984741211,44.875,43.0,44.7400016784668,11608800.0
2022-02-25,44.91999816894531,45.89500045776367,44.709999084472656,45.86000061035156,6193400.0
2022-02-28,45.27000045776367,45.529998779296875,44.59000015258789,45.06999969482422,8591800.0
2022-03-01,45.290000915527344,45.540000915527344,44.72999954223633,44.97999954223633,9027900.0
2022-03-02,45.13999938964844,45.98500061035156,45.12200164794922,45.779998779296875,5481500.0
2022-03-03,46.040000915527344,46.45500183105469,45.66999816894531,46.279998779296875,5774900.0
2022-03-04,45.93000030517578,46.709999084472656,45.83000183105469,46.66999816894531,6193600.0
2022-03-07,46.58000183105469,46.720001220703125,45.81999969482422,45.81999969482422,7882200.0
2022-03-08,45.83000183105469,46.310001373291016,45.369998931884766,45.40999984741211,10469300.0
2022-03-09,46.189998626708984,46.61000061035156,46.04999923706055,46.16999816894531,6229300.0
2022-03-10,45.720001220703125,46.400001525878906,45.470001220703125,46.33000183105469,5638500.0
2022-03-11,46.560001373291016,46.880001068115234,45.85499954223633,45.869998931884766,4363500.0
2022-03-14,46.220001220703125,46.2400016784668,45.40999984741211,45.59000015258789,4846100.0
2022-03-15,46.119998931884766,46.310001373291016,45.540000915527344,45.95000076293945,4988500.0
2022-03-16,46.310001373291016,46.66899871826172,45.5,46.459999084472656,6868200.0
2022-03-17,46.31999969482422,47.13999938964844,46.27000045776367,47.119998931884766,4499700.0
2022-03-18,47.290000915527344,47.439998626708984,46.93000030517578,47.22999954223633,4727800.0
2022-03-21,46.95000076293945,47.220001220703125,46.4900016784668,46.720001220703125,3979300.0
2022-03-22,46.88999938964844,47.06999969482422,46.68000030517578,46.75,2853300.0
2022-03-23,46.619998931884766,46.79999923706055,46.16400146484375,46.220001220703125,3976800.0
2022-03-24,46.290000915527344,46.58000183105469,46.09000015258789,46.58000183105469,3758900.0
2022-03-25,46.7599983215332,47.15999984741211,46.599998474121094,47.130001068115234,4003200.0
2022-03-28,47.15999984741211,47.7599983215332,47.15999984741211,47.72999954223633,3705400.0
2022-03-29,48.09000015258789,49.20000076293945,48.09000015258789,49.130001068115234,5108100.0
2022-03-30,48.939998626708984,48.9900016784668,48.59000015258789,48.86000061035156,3881400.0
2022-03-31,49.099998474121094,49.220001220703125,48.290000915527344,48.31999969482422,5624200.0
2022-04-01,48.54999923706055,49.310001373291016,48.29999923706055,49.279998779296875,6746700.0
2022-04-04,49.2599983215332,49.43000030517578,48.69499969482422,49.130001068115234,5056000.0
2022-04-05,48.939998626708984,49.810001373291016,48.939998626708984,49.16999816894531,5239100.0
2022-04-06,48.959999084472656,49.959999084472656,48.75,49.900001525878906,6810900.0
2022-04-07,49.619998931884766,49.709999084472656,49.13999938964844,49.4900016784668,6015900.0
2022-04-08,49.4900016784668,49.83000183105469,49.25,49.66999816894531,5033700.0
2022-04-11,49.560001373291016,49.790000915527344,48.849998474121094,48.9900016784668,5041300.0
2022-04-12,48.88999938964844,49.2599983215332,48.630001068115234,48.84000015258789,6728900.0
2022-04-13,48.90999984741211,49.10499954223633,48.619998931884766,49.040000915527344,8415000.0
2022-04-14,49.150001525878906,49.380001068115234,48.73400115966797,48.7599983215332,5098900.0
2022-04-18,48.66999816894531,48.970001220703125,48.380001068115234,48.63999938964844,5247900.0
2022-04-19,48.90999984741211,49.790000915527344,48.900001525878906,49.65999984741211,5908900.0
2022-04-20,49.79999923706055,50.7400016784668,49.709999084472656,50.599998474121094,6241800.0
2022-04-21,50.79999923706055,50.970001220703125,50.2400016784668,50.27000045776367,6083100.0
2022-04-22,50.20000076293945,50.20000076293945,49.33000183105469,49.369998931884766,8511100.0
2022-04-25,49.310001373291016,49.45000076293945,48.34000015258789,49.13999938964844,8143800.0
2022-04-26,49.04999923706055,49.380001068115234,48.36000061035156,48.369998931884766,8830300.0
2022-04-27,48.470001220703125,48.86000061035156,48.029998779296875,48.08000183105469,13001300.0
2022-04-28,48.43000030517578,49.10499954223633,47.779998779296875,48.959999084472656,9532500.0
2022-04-29,48.619998931884766,48.66999816894531,46.4900016784668,46.599998474121094,11520500.0
2022-05-02,46.72999954223633,46.88999938964844,44.45800018310547,45.38999938964844,17231300.0
2022-05-03,45.619998931884766,46.2599983215332,45.220001220703125,45.939998626708984,13431300.0
2022-05-04,45.93000030517578,46.54999923706055,45.154998779296875,46.47999954223633,14707100.0
2022-05-05,46.220001220703125,46.58000183105469,44.959999084472656,45.290000915527344,13591600.0
2022-05-06,44.900001525878906,45.08000183105469,44.33000183105469,44.83000183105469,16154900.0
2022-05-09,44.41999816894531,44.41999816894531,42.599998474121094,42.7400016784668,18005000.0
2022-05-10,43.2599983215332,43.56999969482422,41.52000045776367,41.790000915527344,27771000.0
2022-05-11,41.90999984741211,42.66999816894531,41.65999984741211,41.72999954223633,25360800.0
2022-05-12,41.709999084472656,42.040000915527344,41.369998931884766,42.040000915527344,20802700.0
2022-05-13,42.5099983215332,43.119998931884766,42.119998931884766,43.09000015258789,8949200.0
2022-05-16,42.959999084472656,43.13999938964844,42.69499969482422,42.7400016784668,7445500.0
2022-05-17,43.25,43.29999923706055,42.59000015258789,43.20000076293945,7254800.0
2022-05-18,43.130001068115234,43.18000030517578,41.79999923706055,41.939998626708984,9546400.0
2022-05-19,41.650001525878906,42.349998474121094,41.59000015258789,41.86000061035156,8204600.0
2022-05-20,42.310001373291016,42.43000030517578,41.689998626708984,42.349998474121094,9859500.0
2022-05-23,42.68000030517578,43.0,42.11000061035156,42.900001525878906,8100200.0
2022-05-24,42.630001068115234,43.470001220703125,42.13999938964844,43.400001525878906,9706200.0
2022-05-25,43.209999084472656,43.790000915527344,43.060001373291016,43.63999938964844,7668000.0
2022-05-26,43.90999984741211,44.11600112915039,43.5,43.59000015258789,7131100.0
2022-05-27,43.83000183105469,44.84000015258789,43.83000183105469,44.81999969482422,4540800.0
2022-05-31,44.349998474121094,44.54999923706055,43.970001220703125,44.220001220703125,15462000.0
2022-06-01,44.38999938964844,44.41999816894531,43.2599983215332,43.7400016784668,9317800.0
2022-06-02,43.529998779296875,44.41999816894531,42.904998779296875,44.400001525878906,8401500.0
2022-06-03,44.0,44.310001373291016,43.7400016784668,43.84000015258789,6905100.0
2022-06-06,44.150001525878906,44.220001220703125,43.59000015258789,43.709999084472656,7605400.0
2022-06-07,43.5,44.25,43.20000076293945,44.220001220703125,4812800.0
2022-06-08,43.970001220703125,44.040000915527344,43.060001373291016,43.15999984741211,5418800.0
2022-06-09,43.0099983215332,43.34000015258789,42.15999984741211,42.16999816894531,5533800.0
2022-06-10,41.61000061035156,41.72999954223633,41.150001525878906,41.16999816894531,8566800.0
2022-06-13,40.099998474121094,40.2599983215332,39.02000045776367,39.189998626708984,13192800.0
2022-06-14,39.31999969482422,39.400001525878906,38.630001068115234,38.90999984741211,9800800.0
2022-06-15,39.29999923706055,40.36000061035156,39.16999816894531,39.79999923706055,9429200.0
2022-06-16,38.93000030517578,39.310001373291016,38.65999984741211,38.849998474121094,8398000.0
2022-06-17,39.029998779296875,39.63999938964844,38.74399948120117,39.08000183105469,14302000.0
2022-06-21,39.18000030517578,39.81999969482422,39.13999938964844,39.4900016784668,6031800.0
2022-06-22,39.119998931884766,40.685001373291016,39.08000183105469,40.130001068115234,5776400.0
2022-06-23,40.31999969482422,41.05500030517578,40.279998779296875,40.91999816894531,7414500.0
2022-06-24,41.209999084472656,41.83000183105469,41.099998474121094,41.810001373291016,6781800.0
2022-06-27,41.72999954223633,42.16999816894531,41.470001220703125,41.65999984741211,4743000.0
2022-06-28,41.869998931884766,42.18000030517578,41.02000045776367,41.09000015258789,3487300.0
2022-06-29,40.75,40.91999816894531,40.27000045776367,40.83000183105469,4473000.0
2022-06-30,40.650001525878906,41.36000061035156,40.33000183105469,40.86000061035156,4305200.0
2022-07-01,40.779998779296875,41.709999084472656,40.720001220703125,41.59000015258789,4894100.0
2022-07-05,41.18000030517578,41.41999816894531,40.415000915527344,41.41999816894531,4563400.0
2022-07-06,41.59000015258789,41.959999084472656,41.279998779296875,41.38999938964844,5866400.0
2022-07-07,41.59000015258789,41.84000015258789,41.279998779296875,41.41999816894531,3019300.0
2022-07-08,41.2599983215332,41.505001068115234,41.02000045776367,41.22999954223633,3067500.0
2022-07-11,41.11000061035156,41.349998474121094,40.83000183105469,41.22999954223633,3716600.0
2022-07-12,41.0,41.42499923706055,40.68000030517578,40.970001220703125,3978300.0
2022-07-13,40.4900016784668,41.09000015258789,40.2400016784668,40.75,5314500.0
2022-07-14,40.040000915527344,40.529998779296875,39.9900016784668,40.349998474121094,4305800.0
2022-07-15,40.849998474121094,41.244998931884766,40.630001068115234,41.0,3126600.0
2022-07-18,41.290000915527344,41.29999923706055,40.45000076293945,40.599998474121094,4191200.0
2022-07-19,40.9900016784668,41.790000915527344,40.90999984741211,41.720001220703125,3414900.0
2022-07-20,41.61000061035156,42.099998474121094,41.380001068115234,41.5099983215332,3630300.0
2022-07-21,41.58000183105469,41.95000076293945,41.22999954223633,41.939998626708984,5243600.0
2022-07-22,42.16999816894531,42.5099983215332,41.939998626708984,42.2599983215332,3791600.0
2022-07-25,42.2599983215332,42.54999923706055,42.064998626708984,42.290000915527344,3131300.0
2022-07-26,42.33000183105469,42.64500045776367,42.209999084472656,42.369998931884766,3006400.0
2022-07-27,42.43000030517578,42.689998626708984,42.099998474121094,42.599998474121094,5156000.0
2022-07-28,43.04999923706055,44.22999954223633,42.880001068115234,44.16999816894531,5375700.0
2022-07-29,44.18000030517578,44.540000915527344,43.9900016784668,44.34000015258789,3523300.0
2022-08-01,44.13999938964844,44.2400016784668,43.77000045776367,43.939998626708984,4102700.0
2022-08-02,43.97999954223633,44.06999969482422,43.33000183105469,43.36000061035156,3477300.0
2022-08-03,43.630001068115234,43.959999084472656,43.529998779296875,43.540000915527344,3208100.0
2022-08-04,43.630001068115234,43.755001068115234,43.310001373291016,43.58000183105469,3236400.0
2022-08-05,43.2599983215332,43.7599983215332,43.099998474121094,43.720001220703125,3320200.0
2022-08-08,44.130001068115234,44.5099983215332,43.810001373291016,44.040000915527344,4055100.0
2022-08-09,44.20000076293945,44.38999938964844,43.939998626708984,44.38999938964844,2368400.0
2022-08-10,44.88999938964844,45.06999969482422,44.619998931884766,44.9900016784668,3617200.0
2022-08-11,45.220001220703125,45.310001373291016,44.6349983215332,44.779998779296875,2815500.0
2022-08-12,45.060001373291016,45.569000244140625,44.9900016784668,45.540000915527344,2392600.0
2022-08-15,45.5,45.8650016784668,45.38999938964844,45.7400016784668,3296500.0
2022-08-16,45.52000045776367,45.814998626708984,45.43000030517578,45.560001373291016,3279000.0
2022-08-17,45.13999938964844,45.70100021362305,45.11000061035156,45.43000030517578,3331300.0
2022-08-18,45.5099983215332,45.58000183105469,44.86000061035156,45.119998931884766,1654800.0
2022-08-19,45.02000045776367,45.08000183105469,44.53499984741211,44.68000030517578,3202300.0
2022-08-22,44.34000015258789,44.369998931884766,43.709999084472656,43.75,3430400.0
2022-08-23,43.63999938964844,43.709999084472656,42.93000030517578,43.09000015258789,2800000.0
2022-08-24,43.16999816894531,43.665000915527344,43.09000015258789,43.43000030517578,3277100.0
2022-08-25,43.630001068115234,44.11000061035156,43.45000076293945,44.099998474121094,1713900.0
2022-08-26,44.130001068115234,44.130001068115234,42.959999084472656,42.97999954223633,2725600.0
2022-08-29,42.7400016784668,43.040000915527344,42.5,42.61000061035156,2492900.0
2022-08-30,42.689998626708984,42.7599983215332,41.869998931884766,42.0,3539400.0
2022-08-31,42.22999954223633,42.459999084472656,41.75,41.849998474121094,4646700.0
2022-09-01,41.529998779296875,42.0099983215332,41.2400016784668,42.0,5343200.0
2022-09-02,42.349998474121094,42.44499969482422,41.185001373291016,41.279998779296875,3911300.0
2022-09-06,41.38999938964844,41.91999816894531,41.2599983215332,41.709999084472656,6399500.0
2022-09-07,41.720001220703125,42.58000183105469,41.69499969482422,42.5099983215332,4618500.0
2022-09-08,42.2599983215332,42.75,42.13999938964844,42.630001068115234,4505200.0
2022-09-09,42.790000915527344,43.19499969482422,42.52000045776367,43.040000915527344,2909100.0
2022-09-12,43.20000076293945,43.474998474121094,43.11000061035156,43.400001525878906,2802400.0
2022-09-13,42.560001373291016,42.71699905395508,41.599998474121094,41.75,4139500.0
2022-09-14,41.599998474121094,41.689998626708984,40.95000076293945,41.2400016784668,4143900.0
2022-09-15,41.189998626708984,41.28200149536133,40.290000915527344,40.34000015258789,6227200.0
2022-09-16,40.029998779296875,40.380001068115234,39.8650016784668,40.349998474121094,6045400.0
2022-09-19,39.619998931884766,39.90999984741211,39.27000045776367,39.90999984741211,4129400.0
2022-09-20,39.540000915527344,39.560001373291016,38.66999816894531,38.86000061035156,6259200.0
2022-09-21,39.16999816894531,39.415000915527344,38.27000045776367,38.290000915527344,9215800.0
2022-09-22,38.15999984741211,38.18000030517578,37.775001525878906,37.93000030517578,6380200.0
2022-09-23,37.540000915527344,37.75,37.01499938964844,37.459999084472656,7329900.0
2022-09-26,37.2400016784668,37.27000045776367,36.05500030517578,36.45000076293945,10027200.0
2022-09-27,36.790000915527344,37.05500030517578,35.902000427246094,35.970001220703125,10794400.0
2022-09-28,36.2400016784668,36.79999923706055,35.91999816894531,36.650001525878906,7304200.0
2022-09-29,36.33000183105469,36.33000183105469,35.41999816894531,35.630001068115234,7684000.0
2022-09-30,35.790000915527344,36.27000045776367,35.720001220703125,36.0099983215332,7700800.0
2022-10-03,36.58000183105469,36.900001525878906,35.9900016784668,36.68000030517578,11620000.0
2022-10-04,37.09000015258789,37.599998474121094,36.97999954223633,37.2599983215332,8889900.0
2022-10-05,36.77000045776367,36.83000183105469,35.97999954223633,36.56999969482422,7074300.0
2022-10-06,36.45000076293945,36.58000183105469,35.31999969482422,35.369998931884766,8933000.0
2022-10-07,35.029998779296875,35.2599983215332,34.334999084472656,34.529998779296875,6487600.0
2022-10-10,34.619998931884766,34.91999816894531,34.09000015258789,34.13999938964844,7805100.0
2022-10-11,34.040000915527344,34.72999954223633,33.709999084472656,34.459999084472656,8847600.0
2022-10-12,34.400001525878906,34.43000030517578,33.83000183105469,34.0,8899300.0
2022-10-13,33.290000915527344,34.810001373291016,33.125,34.63999938964844,14575700.0
2022-10-14,35.06999969482422,35.150001525878906,33.70000076293945,33.77000045776367,9011700.0
2022-10-17,34.380001068115234,35.165000915527344,34.31999969482422,35.029998779296875,7687600.0
2022-10-18,35.68000030517578,35.96500015258789,35.15999984741211,35.4900016784668,7743400.0
2022-10-19,35.16999816894531,35.27000045776367,34.400001525878906,34.599998474121094,7615200.0
2022-10-20,34.61000061035156,34.959999084472656,34.32500076293945,34.43000030517578,7603500.0
2022-10-21,34.5,34.68000030517578,33.959999084472656,34.66999816894531,9826900.0
2022-10-24,35.0,35.14500045776367,34.380001068115234,34.650001525878906,6076300.0
2022-10-25,34.70000076293945,36.060001373291016,34.68000030517578,36.02000045776367,7176700.0
2022-10-26,36.040000915527344,36.290000915527344,35.720001220703125,35.95000076293945,8945000.0
2022-10-27,36.130001068115234,36.38999938964844,35.814998626708984,35.970001220703125,8435500.0
2022-10-28,35.869998931884766,36.91999816894531,35.65999984741211,36.81999969482422,5460300.0
2022-10-31,36.47999954223633,36.970001220703125,36.31999969482422,36.72999954223633,7154700.0
2022-11-01,37.099998474121094,37.29999923706055,36.564998626708984,36.66999816894531,6000900.0
2022-11-02,36.470001220703125,36.95000076293945,35.64500045776367,35.709999084472656,13999400.0
2022-11-03,35.43000030517578,35.97999954223633,35.029998779296875,35.689998626708984,10969400.0
2022-11-04,36.0099983215332,36.3650016784668,35.459999084472656,36.189998626708984,7524100.0
2022-11-07,36.41999816894531,36.560001373291016,35.959999084472656,36.18000030517578,6479800.0
2022-11-08,36.279998779296875,36.77000045776367,36.165000915527344,36.400001525878906,6225500.0
2022-11-09,36.29800033569336,36.7400016784668,35.93000030517578,36.0,7752900.0
2022-11-10,37.345001220703125,38.86000061035156,37.189998626708984,38.7599983215332,11979200.0
2022-11-11,38.880001068115234,39.20000076293945,38.6349983215332,38.7400016784668,7291400.0
2022-11-14,38.52000045776367,38.56999969482422,37.709999084472656,37.709999084472656,6304100.0
2022-11-15,38.2599983215332,38.41999816894531,37.75,38.18000030517578,9588700.0
2022-11-16,38.130001068115234,38.310001373291016,37.810001373291016,37.90999984741211,7771200.0
2022-11-17,37.38199996948242,37.689998626708984,37.255001068115234,37.56999969482422,4402600.0
2022-11-18,38.06999969482422,38.20000076293945,37.66999816894531,38.04999923706055,5865600.0
2022-11-21,37.987998962402344,38.369998931884766,37.83000183105469,38.31999969482422,4836700.0
2022-11-22,38.470001220703125,38.529998779296875,38.21900177001953,38.5099983215332,5547200.0
2022-11-23,38.45000076293945,38.72999954223633,38.220001220703125,38.56999969482422,3604500.0
2022-11-25,38.689998626708984,38.84000015258789,38.58000183105469,38.79999923706055,2254100.0
2022-11-28,38.56999969482422,38.7400016784668,37.625,37.709999084472656,7298200.0
2022-11-29,37.78799819946289,38.38999938964844,37.650001525878906,38.34000015258789,4954300.0
2022-11-30,38.2400016784668,39.27000045776367,38.0099983215332,39.2400016784668,8120200.0
2022-12-01,39.630001068115234,39.84000015258789,38.84000015258789,39.15999984741211,9814100.0
2022-12-02,38.68000030517578,39.16999816894531,38.4900016784668,38.970001220703125,5460800.0
2022-12-05,38.61000061035156,38.81999969482422,38.22999954223633,38.310001373291016,7165500.0
2022-12-06,38.38999938964844,38.459999084472656,37.84000015258789,38.02000045776367,5249500.0
2022-12-07,37.900001525878906,38.505001068115234,37.84000015258789,38.099998474121094,6159800.0
2022-12-08,38.22999954223633,38.685001373291016,38.119998931884766,38.380001068115234,4461000.0
2022-12-09,38.27000045776367,38.71500015258789,38.15999984741211,38.29999923706055,6077000.0
2022-12-12,38.34000015258789,38.63999938964844,37.97999954223633,38.619998931884766,4945000.0
2022-12-13,39.81999969482422,40.0,38.9900016784668,39.470001220703125,10763800.0
2022-12-14,39.41999816894531,39.90999984741211,38.935001373291016,39.09000015258789,10786500.0
2022-12-15,38.59000015258789,38.9900016784668,38.400001525878906,38.63999938964844,6033200.0
2022-12-16,38.119998931884766,38.13999938964844,37.124000549316406,37.5,8016200.0
2022-12-19,37.0,37.04999923706055,36.41999816894531,36.63999938964844,4543900.0
2022-12-20,36.459999084472656,36.779998779296875,36.119998931884766,36.560001373291016,4333900.0
2022-12-21,36.88800048828125,37.310001373291016,36.7599983215332,36.93000030517578,4082400.0
2022-12-22,36.599998474121094,36.83000183105469,36.095001220703125,36.75,4206200.0
2022-12-23,36.630001068115234,37.099998474121094,36.474998474121094,37.08000183105469,3935100.0
2022-12-27,37.099998474121094,37.1879997253418,36.720001220703125,37.04999923706055,4259700.0
2022-12-28,37.13999938964844,37.34000015258789,36.42499923706055,36.459999084472656,4730900.0
2022-12-29,36.72100067138672,37.3650016784668,36.619998931884766,37.27000045776367,4143200.0
2022-12-30,37.040000915527344,37.18000030517578,36.529998779296875,36.93000030517578,5087800.0
2023-01-03,37.22999954223633,37.560001373291016,36.61000061035156,37.06999969482422,7060300.0
2023-01-04,37.400001525878906,38.2599983215332,37.27000045776367,37.91999816894531,7586900.0
2023-01-05,37.619998931884766,37.619998931884766,36.75,36.810001373291016,6581100.0
2023-01-06,37.11000061035156,38.0099983215332,36.83000183105469,37.880001068115234,6329600.0
2023-01-09,38.060001373291016,38.310001373291016,37.72999954223633,37.86000061035156,3965600.0
2023-01-10,37.79999923706055,37.9900016784668,37.470001220703125,37.970001220703125,5196700.0
2023-01-11,38.209999084472656,39.36000061035156,38.209999084472656,39.349998474121094,4733100.0
2023-01-12,39.439998626708984,39.869998931884766,39.060001373291016,39.790000915527344,5102300.0
2023-01-13,39.34000015258789,39.720001220703125,39.25,39.560001373291016,3796000.0
2023-01-17,39.58000183105469,39.82500076293945,39.470001220703125,39.56999969482422,5463200.0
2023-01-18,39.779998779296875,39.81999969482422,38.90399932861328,38.959999084472656,7466700.0
2023-01-19,38.790000915527344,39.2599983215332,38.7400016784668,38.77000045776367,7253700.0
2023-01-20,38.79999923706055,39.2599983215332,38.279998779296875,39.220001220703125,4262500.0
2023-01-23,39.25,39.5890007019043,38.939998626708984,39.33000183105469,7002200.0
2023-01-24,39.29999923706055,39.650001525878906,38.540000915527344,39.5,7089700.0
2023-01-25,39.25,39.61000061035156,39.150001525878906,39.540000915527344,8163100.0
2023-01-26,39.7599983215332,39.9900016784668,39.54999923706055,39.9900016784668,4497400.0
2023-01-27,39.869998931884766,40.52000045776367,39.86000061035156,40.349998474121094,3519900.0
2023-01-30,40.029998779296875,40.494998931884766,39.83000183105469,39.86000061035156,3806400.0
2023-01-31,39.849998474121094,40.64500045776367,39.7599983215332,40.59000015258789,4274800.0
2023-02-01,40.41999816894531,41.16999816894531,39.9900016784668,40.88999938964844,7921000.0
2023-02-02,41.310001373291016,42.209999084472656,41.2400016784668,41.83000183105469,7014400.0
2023-02-03,41.22999954223633,41.2599983215332,40.40999984741211,40.959999084472656,7467200.0
2023-02-06,40.380001068115234,40.74399948120117,40.189998626708984,40.70000076293945,5384400.0
2023-02-07,40.39099884033203,40.755001068115234,40.0099983215332,40.540000915527344,7056600.0
2023-02-08,40.380001068115234,40.61000061035156,40.23500061035156,40.43000030517578,4347800.0
2023-02-09,40.720001220703125,40.849998474121094,39.93000030517578,40.040000915527344,3476900.0
2023-02-10,39.83000183105469,40.22999954223633,39.6150016784668,40.119998931884766,4253400.0
2023-02-13,40.27000045776367,40.55500030517578,40.220001220703125,40.4900016784668,2943000.0
2023-02-14,40.347999572753906,40.630001068115234,39.85499954223633,40.06999969482422,4544900.0
2023-02-15,39.83000183105469,40.19499969482422,39.720001220703125,40.18000030517578,3873000.0
2023-02-16,39.529998779296875,40.15299987792969,39.2599983215332,39.810001373291016,4807200.0
2023-02-17,39.63999938964844,39.7400016784668,39.2400016784668,39.61000061035156,7192500.0
2023-02-21,39.400001525878906,39.400001525878906,38.654998779296875,38.83000183105469,4220800.0
2023-02-22,38.95000076293945,38.97999954223633,38.29999923706055,38.47999954223633,7049600.0
2023-02-23,38.709999084472656,38.93000030517578,38.470001220703125,38.849998474121094,9331700.0
2023-02-24,38.369998931884766,38.4900016784668,37.944000244140625,38.130001068115234,8159000.0
2023-02-27,38.66999816894531,38.77000045776367,38.02000045776367,38.189998626708984,4816100.0
2023-02-28,38.220001220703125,38.68000030517578,38.06999969482422,38.209999084472656,4202100.0
2023-03-01,37.970001220703125,38.0099983215332,37.375,37.619998931884766,7279000.0
2023-03-02,37.349998474121094,38.16999816894531,37.29999923706055,38.11000061035156,5067200.0
2023-03-03,38.400001525878906,38.834999084472656,38.290000915527344,38.75,4420200.0
2023-03-06,38.959999084472656,38.959999084472656,38.529998779296875,38.599998474121094,4248500.0
2023-03-07,38.599998474121094,38.66999816894531,37.599998474121094,37.630001068115234,5385900.0
2023-03-08,37.650001525878906,38.38999938964844,37.619998931884766,38.15999984741211,4473000.0
2023-03-09,38.25,38.290000915527344,37.209999084472656,37.290000915527344,5683500.0
2023-03-10,37.25,37.34000015258789,35.95000076293945,36.099998474121094,11736200.0
2023-03-13,35.869998931884766,37.220001220703125,35.814998626708984,36.68000030517578,16936000.0
2023-03-14,37.25,37.40999984741211,36.625,37.060001373291016,7719000.0
2023-03-15,36.45000076293945,37.20500183105469,36.45000076293945,37.08000183105469,14961500.0
2023-03-16,36.810001373291016,37.25,36.41999816894531,37.08000183105469,8068700.0
2023-03-17,36.939998626708984,36.959999084472656,36.209999084472656,36.22999954223633,8692500.0
2023-03-20,36.060001373291016,36.49300003051758,35.869998931884766,36.36000061035156,4962800.0
2023-03-21,36.61000061035156,36.63999938964844,35.763999938964844,36.150001525878906,4952600.0
2023-03-22,35.88999938964844,35.91999816894531,34.80400085449219,34.83000183105469,8042000.0
2023-03-23,34.939998626708984,35.42499923706055,34.5099983215332,34.619998931884766,7494000.0
2023-03-24,34.40999984741211,35.52000045776367,34.34000015258789,35.5099983215332,8241100.0
2023-03-27,35.72999954223633,35.84000015258789,35.34000015258789,35.38999938964844,5108800.0
2023-03-28,35.11000061035156,35.470001220703125,35.0,35.27000045776367,5117800.0
2023-03-29,35.619998931884766,36.130001068115234,35.619998931884766,36.11000061035156,4108600.0
2023-03-30,36.5,36.67599868774414,36.43000030517578,36.58000183105469,4383800.0
2023-03-31,36.7400016784668,37.400001525878906,36.70500183105469,37.380001068115234,6971500.0
2023-04-03,37.290000915527344,37.55500030517578,36.82500076293945,37.029998779296875,6452000.0
2023-04-04,37.04999923706055,37.21500015258789,36.80500030517578,37.040000915527344,5639900.0
2023-04-05,36.970001220703125,37.22999954223633,36.81999969482422,36.849998474121094,4476400.0
2023-04-06,36.97999954223633,37.10499954223633,36.650001525878906,37.099998474121094,4053400.0
2023-04-10,36.880001068115234,37.29999923706055,36.709999084472656,37.290000915527344,3814600.0
2023-04-11,37.380001068115234,37.77000045776367,37.209999084472656,37.470001220703125,9963400.0
2023-04-12,37.849998474121094,37.880001068115234,37.29499816894531,37.36000061035156,6764800.0
2023-04-13,37.40999984741211,37.4119987487793,36.888999938964844,37.2400016784668,4650800.0
2023-04-14,37.29999923706055,37.439998626708984,36.34000015258789,36.599998474121094,4853400.0
2023-04-17,36.619998931884766,37.43000030517578,36.619998931884766,37.43000030517578,4601000.0
2023-04-18,37.5,37.5,37.1619987487793,37.369998931884766,3479300.0
2023-04-19,37.130001068115234,37.689998626708984,37.060001373291016,37.59000015258789,5605700.0
2023-04-20,37.36000061035156,37.38999938964844,36.98400115966797,37.13999938964844,4243600.0
2023-04-21,37.22999954223633,37.34000015258789,36.880001068115234,37.18000030517578,3252700.0
2023-04-24,37.25,37.369998931884766,36.79499816894531,37.08000183105469,3709700.0
2023-04-25,36.869998931884766,37.040000915527344,36.720001220703125,36.7400016784668,3664000.0
2023-04-26,36.650001525878906,37.0099983215332,36.34000015258789,36.439998626708984,4446300.0
2023-04-27,36.540000915527344,37.404998779296875,36.540000915527344,37.31999969482422,4278800.0
2023-04-28,37.31999969482422,37.880001068115234,37.25,37.75,5256200.0
2023-05-01,37.630001068115234,37.83000183105469,37.35499954223633,37.400001525878906,4381900.0
2023-05-02,37.31999969482422,37.38999938964844,36.529998779296875,36.7599983215332,6376400.0
2023-05-03,36.83000183105469,37.2400016784668,36.5,36.529998779296875,6140700.0
2023-05-04,36.52000045776367,37.099998474121094,36.38999938964844,36.869998931884766,4887800.0
2023-05-05,37.11000061035156,37.52000045776367,37.040000915527344,37.439998626708984,3265600.0
2023-05-08,37.31999969482422,37.4900016784668,37.04999923706055,37.18000030517578,3358700.0
2023-05-09,37.060001373291016,37.19499969482422,36.650001525878906,37.060001373291016,2995000.0
2023-05-10,37.38999938964844,37.56999969482422,37.040000915527344,37.40999984741211,3770000.0
2023-05-11,37.18000030517578,37.209999084472656,36.78499984741211,37.02000045776367,3419800.0
2023-05-12,37.15999984741211,37.15999984741211,36.78499984741211,37.09000015258789,2950200.0
2023-05-15,37.130001068115234,37.23500061035156,36.891998291015625,37.02000045776367,3003600.0
2023-05-16,36.9900016784668,36.9900016784668,36.029998779296875,36.029998779296875,3240300.0
2023-05-17,36.279998779296875,36.564998626708984,35.95000076293945,36.5,3220400.0
2023-05-18,36.36000061035156,36.46500015258789,35.97999954223633,36.27000045776367,4111000.0
2023-05-19,36.47999954223633,36.630001068115234,36.04999923706055,36.209999084472656,4578700.0
2023-05-22,36.279998779296875,36.68000030517578,36.05799865722656,36.45000076293945,3943200.0
2023-05-23,36.380001068115234,36.65999984741211,35.959999084472656,36.0,3152000.0
2023-05-24,35.8849983215332,35.900001525878906,35.150001525878906,35.209999084472656,3991400.0
2023-05-25,35.38999938964844,35.57500076293945,35.040000915527344,35.290000915527344,5230700.0
2023-05-26,35.380001068115234,35.78499984741211,35.22999954223633,35.70000076293945,4403100.0
2023-05-30,35.970001220703125,36.29999923706055,35.7400016784668,35.810001373291016,4540300.0
2023-05-31,35.83000183105469,36.11000061035156,35.61000061035156,36.040000915527344,6945100.0
2023-06-01,36.0099983215332,36.25,35.68000030517578,36.04999923706055,5485000.0
2023-06-02,36.47999954223633,36.95500183105469,36.310001373291016,36.810001373291016,4350000.0
2023-06-05,36.88999938964844,37.040000915527344,36.54999923706055,36.63999938964844,3970500.0
2023-06-06,36.84000015258789,36.935001373291016,36.5099983215332,36.86000061035156,3260600.0
2023-06-07,37.018001556396484,37.630001068115234,36.790000915527344,37.540000915527344,4415600.0
2023-06-08,37.369998931884766,37.40999984741211,36.89500045776367,37.310001373291016,4027000.0
2023-06-09,37.34000015258789,37.41999816894531,36.915000915527344,37.119998931884766,4261700.0
2023-06-12,37.099998474121094,37.150001525878906,36.775001525878906,37.099998474121094,3819100.0
2023-06-13,37.099998474121094,37.40999984741211,36.970001220703125,37.369998931884766,4358200.0
2023-06-14,37.4900016784668,37.79600143432617,37.22999954223633,37.56999969482422,7845400.0
2023-06-15,37.41999816894531,37.810001373291016,37.15999984741211,37.72999954223633,4383300.0
2023-06-16,37.7400016784668,38.060001373291016,37.63999938964844,37.689998626708984,6076400.0
2023-06-20,37.130001068115234,37.209999084472656,36.68000030517578,36.93000030517578,4026500.0
2023-06-21,36.72999954223633,36.904998779296875,36.470001220703125,36.77000045776367,4543300.0
2023-06-22,36.79999923706055,36.83000183105469,36.025001525878906,36.25,5103500.0
2023-06-23,36.130001068115234,36.3849983215332,35.84000015258789,35.86000061035156,5414100.0
2023-06-26,35.849998474121094,36.689998626708984,35.810001373291016,36.65999984741211,2988900.0
2023-06-27,36.7599983215332,37.14500045776367,36.54999923706055,37.060001373291016,4012700.0
2023-06-28,37.060001373291016,37.215999603271484,36.8120002746582,37.15999984741211,3963100.0
2023-06-29,37.0099983215332,37.5,36.84000015258789,37.5,3727400.0
2023-06-30,37.810001373291016,37.90999984741211,37.220001220703125,37.689998626708984,6437000.0
2023-07-03,37.540000915527344,38.19499969482422,37.470001220703125,37.9900016784668,3628200.0
2023-07-05,37.880001068115234,38.42900085449219,37.65999984741211,38.18000030517578,6300600.0
2023-07-06,37.75,38.02000045776367,37.2599983215332,37.970001220703125,5046400.0
2023-07-07,37.720001220703125,38.029998779296875,37.632999420166016,37.790000915527344,4617200.0
2023-07-10,37.689998626708984,37.95000076293945,37.595001220703125,37.91999816894531,4345300.0
2023-07-11,38.0,38.380001068115234,37.880001068115234,38.349998474121094,4772800.0
2023-07-12,38.77000045776367,38.869998931884766,38.5099983215332,38.529998779296875,7247700.0
2023-07-13,38.52000045776367,38.810001373291016,38.27000045776367,38.790000915527344,4708100.0
2023-07-14,38.70000076293945,38.816001892089844,38.470001220703125,38.790000915527344,3901500.0
2023-07-17,38.65999984741211,38.810001373291016,38.435001373291016,38.459999084472656,4556400.0
2023-07-18,38.560001373291016,38.58000183105469,37.814998626708984,38.13999938964844,6513800.0
2023-07-19,38.41999816894531,38.81999969482422,38.380001068115234,38.560001373291016,6610700.0
2023-07-20,38.369998931884766,38.439998626708984,37.880001068115234,38.43000030517578,6665000.0
2023-07-21,38.560001373291016,38.720001220703125,38.41999816894531,38.599998474121094,4801800.0
2023-07-24,38.709999084472656,38.9900016784668,38.61000061035156,38.970001220703125,5157000.0
2023-07-25,38.90999984741211,39.099998474121094,38.66999816894531,38.68000030517578,4383300.0
2023-07-26,38.599998474121094,38.900001525878906,38.59000015258789,38.81999969482422,5117900.0
2023-07-27,39.099998474121094,39.20000076293945,37.9900016784668,38.0,7511200.0
2023-07-28,38.439998626708984,38.560001373291016,37.849998474121094,37.88999938964844,5870000.0
2023-07-31,38.0,38.3650016784668,37.89500045776367,38.189998626708984,4940900.0
2023-08-01,38.09000015258789,38.275001525878906,37.959999084472656,38.119998931884766,6124600.0
2023-08-02,37.88999938964844,38.029998779296875,37.71500015258789,37.959999084472656,6503700.0
2023-08-03,37.5099983215332,37.54999923706055,36.91899871826172,37.439998626708984,6268000.0
2023-08-04,37.27000045776367,37.667999267578125,36.95500183105469,37.06999969482422,5874700.0
2023-08-07,37.18000030517578,37.54999923706055,37.15999984741211,37.540000915527344,3606100.0
2023-08-08,37.25,37.45500183105469,36.9900016784668,37.349998474121094,4094200.0
2023-08-09,37.27000045776367,37.61000061035156,37.119998931884766,37.439998626708984,5354500.0
2023-08-10,37.540000915527344,37.790000915527344,37.20500183105469,37.31999969482422,4901600.0
2023-08-11,37.15999984741211,37.439998626708984,37.04999923706055,37.38999938964844,3643000.0
2023-08-14,37.34000015258789,37.34000015258789,37.06999969482422,37.189998626708984,3069500.0
2023-08-15,36.95000076293945,37.047000885009766,36.724998474121094,36.810001373291016,3931200.0
2023-08-16,36.849998474121094,36.8650016784668,36.31999969482422,36.36000061035156,4804500.0
2023-08-17,36.38999938964844,36.66999816894531,36.06999969482422,36.09000015258789,5679300.0
2023-08-18,35.84000015258789,36.290000915527344,35.790000915527344,36.189998626708984,4503900.0
2023-08-21,36.130001068115234,36.15999984741211,35.57500076293945,35.880001068115234,3958300.0
2023-08-22,36.02000045776367,36.1150016784668,35.84000015258789,35.9900016784668,5446600.0
2023-08-23,36.15999984741211,36.54999923706055,36.150001525878906,36.52000045776367,5105800.0
2023-08-24,36.58000183105469,37.025001525878906,36.34000015258789,36.349998474121094,5086900.0
2023-08-25,36.439998626708984,36.63999938964844,36.25,36.45000076293945,4985900.0
2023-08-28,36.56999969482422,36.915000915527344,36.56999969482422,36.7400016784668,4212900.0
2023-08-29,36.75,37.185001373291016,36.59000015258789,37.15999984741211,3808200.0
2023-08-30,37.209999084472656,37.40999984741211,37.125,37.290000915527344,3051300.0
2023-08-31,37.27000045776367,37.33000183105469,36.97999954223633,37.02000045776367,4084700.0
2023-09-01,37.25,37.30500030517578,36.880001068115234,37.0,3927600.0
2023-09-05,36.939998626708984,36.994998931884766,36.62900161743164,36.630001068115234,5000000.0
2023-09-06,36.619998931884766,36.72100067138672,36.25,36.560001373291016,3974900.0
2023-09-07,36.529998779296875,37.005001068115234,36.47999954223633,36.86000061035156,3861000.0
2023-09-08,36.93000030517578,36.935001373291016,36.560001373291016,36.619998931884766,4369000.0
2023-09-11,36.65999984741211,36.75,36.45000076293945,36.63999938964844,3336700.0
2023-09-12,36.56999969482422,36.689998626708984,36.32500076293945,36.63999938964844,3225000.0
2023-09-13,36.65999984741211,36.65999984741211,36.16999816894531,36.27000045776367,4274000.0
2023-09-14,36.56999969482422,37.0,36.54999923706055,36.93000030517578,3686900.0
2023-09-15,36.790000915527344,36.93000030517578,36.654998779296875,36.790000915527344,4755300.0
2023-09-18,36.5,36.50699996948242,36.099998474121094,36.18000030517578,3812000.0
2023-09-19,36.18000030517578,36.290000915527344,35.88999938964844,35.9900016784668,3937100.0
2023-09-20,36.25,36.474998474121094,36.029998779296875,36.060001373291016,3873400.0
2023-09-21,35.84000015258789,35.86000061035156,34.790000915527344,34.810001373291016,5749900.0
2023-09-22,34.79999923706055,35.02899932861328,34.5099983215332,34.56999969482422,8497400.0
2023-09-25,34.400001525878906,34.529998779296875,34.255001068115234,34.5099983215332,5017200.0
2023-09-26,34.25,34.36800003051758,33.78499984741211,33.900001525878906,7143100.0
2023-09-27,34.040000915527344,34.18000030517578,33.45899963378906,33.599998474121094,9007100.0
2023-09-28,33.77000045776367,34.04999923706055,33.68000030517578,33.95000076293945,7431500.0
2023-09-29,34.470001220703125,34.540000915527344,33.88999938964844,34.06999969482422,7305700.0
2023-10-02,33.939998626708984,34.11000061035156,33.244998931884766,33.45000076293945,8673300.0
2023-10-03,33.27000045776367,33.43000030517578,32.7400016784668,32.84000015258789,9197900.0
2023-10-04,33.060001373291016,33.22999954223633,32.619998931884766,33.189998626708984,9241000.0
2023-10-05,33.209999084472656,33.46500015258789,33.02000045776367,33.43000030517578,7857600.0
2023-10-06,33.15999984741211,33.770999908447266,32.81999969482422,33.560001373291016,10218500.0
2023-10-09,33.369998931884766,34.09000015258789,33.34000015258789,34.0,6258000.0
2023-10-10,33.970001220703125,34.40999984741211,33.79999923706055,34.119998931884766,4979700.0
2023-10-11,34.400001525878906,34.81999969482422,34.34000015258789,34.810001373291016,5178300.0
2023-10-12,34.70000076293945,34.75,34.17499923706055,34.349998474121094,5970000.0
2023-10-13,34.529998779296875,34.650001525878906,34.18000030517578,34.34000015258789,5688400.0
2023-10-16,34.54999923706055,34.79999923706055,34.189998626708984,34.689998626708984,7719300.0
2023-10-17,34.41999816894531,34.970001220703125,34.275001525878906,34.5099983215332,7239500.0
2023-10-18,34.279998779296875,34.404998779296875,33.7400016784668,33.75,8313200.0
2023-10-19,33.47999954223633,33.72999954223633,32.89500045776367,32.91999816894531,10377000.0
2023-10-20,33.06999969482422,33.23500061035156,32.7400016784668,32.75,8556300.0
2023-10-23,32.470001220703125,32.90999984741211,32.369998931884766,32.470001220703125,6709100.0
2023-10-24,32.58000183105469,32.959999084472656,32.56999969482422,32.880001068115234,5749200.0
2023-10-25,32.540000915527344,32.650001525878906,32.099998474121094,32.189998626708984,8454400.0
2023-10-26,32.33000183105469,33.095001220703125,32.29999923706055,32.869998931884766,10663200.0
2023-10-27,32.959999084472656,32.959999084472656,32.23500061035156,32.349998474121094,10350600.0
2023-10-30,32.540000915527344,32.720001220703125,31.989999771118164,32.45000076293945,7071900.0
2023-10-31,32.7400016784668,33.13999938964844,32.43000030517578,33.099998474121094,8490800.0
2023-11-01,33.13999938964844,33.310001373291016,32.904998779296875,33.27000045776367,8343100.0
2023-11-02,33.810001373291016,34.45000076293945,33.7400016784668,34.29999923706055,8882200.0
2023-11-03,34.93000030517578,35.625,34.84000015258789,35.11000061035156,8575200.0
2023-11-06,35.04999923706055,35.06999969482422,34.45500183105469,34.630001068115234,7431300.0
2023-11-07,34.58000183105469,34.650001525878906,34.29999923706055,34.34000015258789,6579300.0
2023-11-08,34.5,34.619998931884766,34.36000061035156,34.540000915527344,7298000.0
2023-11-09,34.63999938964844,34.65999984741211,33.95000076293945,34.0099983215332,7336200.0
2023-11-10,34.25,34.439998626708984,33.94499969482422,34.38999938964844,5969000.0
2023-11-13,34.119998931884766,34.22999954223633,33.895999908447266,34.099998474121094,4313800.0
2023-11-14,35.279998779296875,36.224998474121094,35.11000061035156,35.939998626708984,10526900.0
2023-11-15,35.869998931884766,36.33100128173828,35.869998931884766,36.02000045776367,7168900.0
2023-11-16,36.119998931884766,36.20500183105469,35.90999984741211,36.0099983215332,5026800.0
2023-11-17,36.31999969482422,36.33000183105469,35.81999969482422,35.970001220703125,4417300.0
2023-11-20,35.90999984741211,36.25,35.619998931884766,36.25,4228100.0
2023-11-21,36.11000061035156,36.20500183105469,35.970001220703125,36.06999969482422,3300600.0
2023-11-22,36.36000061035156,36.474998474121094,36.040000915527344,36.18000030517578,4951400.0
2023-11-24,36.119998931884766,36.33000183105469,35.939998626708984,36.31999969482422,2620300.0
2023-11-27,36.34000015258789,36.665000915527344,36.189998626708984,36.45000076293945,4648900.0
2023-11-28,36.33000183105469,36.70000076293945,36.18000030517578,36.650001525878906,6450900.0
2023-11-29,36.91999816894531,37.220001220703125,36.880001068115234,36.93000030517578,7941600.0
2023-11-30,36.900001525878906,37.26499938964844,36.779998779296875,37.22999954223633,5804100.0
2023-12-01,37.220001220703125,38.040000915527344,37.11000061035156,38.0099983215332,7274200.0
2023-12-04,37.79999923706055,38.2400016784668,37.7599983215332,38.220001220703125,10359500.0
2023-12-05,38.06999969482422,38.099998474121094,37.83000183105469,38.060001373291016,7758300.0
2023-12-06,38.290000915527344,38.44900131225586,37.90999984741211,37.93000030517578,4832200.0
2023-12-07,37.970001220703125,38.150001525878906,37.79999923706055,37.97999954223633,5663100.0
2023-12-08,37.90999984741211,38.029998779296875,37.5099983215332,37.900001525878906,4873800.0
2023-12-11,37.810001373291016,38.095001220703125,37.71500015258789,38.029998779296875,4871000.0
2023-12-12,38.040000915527344,38.125999450683594,37.79999923706055,38.02000045776367,5580500.0
2023-12-13,38.060001373291016,39.52000045776367,37.93000030517578,39.400001525878906,7112400.0
2023-12-14,40.18000030517578,40.75,40.099998474121094,40.4900016784668,8647400.0
2023-12-15,40.290000915527344,40.400001525878906,39.654998779296875,40.0,8011100.0
2023-12-18,39.72999954223633,39.79499816894531,39.40999984741211,39.470001220703125,6638700.0
2023-12-19,39.61000061035156,39.849998474121094,39.599998474121094,39.7400016784668,4681400.0
2023-12-20,39.7400016784668,40.0099983215332,39.21500015258789,39.2400016784668,6513500.0
2023-12-21,39.54999923706055,39.68000030517578,39.16999816894531,39.56999969482422,6684700.0
2023-12-22,39.689998626708984,40.0099983215332,39.540000915527344,39.72999954223633,4929100.0
2023-12-26,39.779998779296875,40.130001068115234,39.69499969482422,40.02000045776367,2537600.0
2023-12-27,40.099998474121094,40.2599983215332,39.915000915527344,40.25,4006300.0
2023-12-28,40.25,40.5,40.15999984741211,40.5,3764800.0
2023-12-29,40.22999954223633,40.40999984741211,40.02000045776367,40.060001373291016,5777300.0
2024-01-02,39.970001220703125,40.45000076293945,39.779998779296875,40.43000030517578,6591500.0
2024-01-03,40.130001068115234,40.130001068115234,39.39500045776367,39.470001220703125,7424500.0
2024-01-04,39.38999938964844,39.65999984741211,39.23500061035156,39.369998931884766,7180300.0
2024-01-05,39.150001525878906,39.630001068115234,38.917999267578125,39.290000915527344,5770300.0
2024-01-08,39.2599983215332,39.869998931884766,39.189998626708984,39.83000183105469,4812700.0
2024-01-09,39.52000045776367,39.7400016784668,39.290000915527344,39.54999923706055,4134500.0
2024-01-10,39.61000061035156,39.79999923706055,39.470001220703125,39.61000061035156,4498600.0
2024-01-11,39.40999984741211,39.52000045776367,39.06999969482422,39.2400016784668,5151900.0
2024-01-12,39.650001525878906,39.7400016784668,39.31999969482422,39.540000915527344,4393500.0
2024-01-16,39.349998474121094,39.54999923706055,39.178001403808594,39.29999923706055,11100100.0
2024-01-17,38.81999969482422,39.279998779296875,38.18000030517578,38.58000183105469,9752000.0
2024-01-18,38.599998474121094,38.75,38.0880012512207,38.33000183105469,6142100.0
2024-01-19,38.459999084472656,38.849998474121094,38.130001068115234,38.70000076293945,7967800.0
2024-01-22,38.83000183105469,39.29999923706055,38.73500061035156,38.880001068115234,5850600.0
2024-01-23,39.040000915527344,39.150001525878906,38.529998779296875,38.66999816894531,4549800.0
2024-01-24,39.060001373291016,39.08000183105469,38.11000061035156,38.13999938964844,7349500.0
2024-01-25,38.68000030517578,38.81999969482422,38.470001220703125,38.65999984741211,6601700.0
2024-01-26,38.709999084472656,38.79999923706055,38.40999984741211,38.4900016784668,4398000.0
2024-01-29,38.47999954223633,38.810001373291016,38.38999938964844,38.77000045776367,5724200.0
2024-01-30,38.54999923706055,38.7400016784668,38.33000183105469,38.40999984741211,6931500.0
2024-01-31,38.630001068115234,38.880001068115234,38.03499984741211,38.130001068115234,11580700.0
2024-02-01,38.04999923706055,38.814998626708984,37.89500045776367,38.79999923706055,10887000.0
2024-02-02,38.36000061035156,38.560001373291016,37.650001525878906,38.310001373291016,12844000.0
2024-02-05,37.83000183105469,37.869998931884766,37.43000030517578,37.54999923706055,8668200.0
2024-02-06,37.630001068115234,38.17499923706055,37.47999954223633,38.119998931884766,7866800.0
2024-02-07,38.257999420166016,38.310001373291016,37.869998931884766,38.099998474121094,6679000.0
2024-02-08,37.970001220703125,38.39699935913086,37.95000076293945,38.310001373291016,4517700.0
2024-02-09,38.29999923706055,38.439998626708984,37.94499969482422,38.40999984741211,5515700.0
2024-02-12,38.5,38.665000915527344,38.2130012512207,38.290000915527344,5376400.0
2024-02-13,37.52000045776367,37.599998474121094,37.07500076293945,37.59000015258789,21419000.0
2024-02-14,37.720001220703125,38.060001373291016,37.52000045776367,37.84000015258789,14186400.0
2024-02-15,38.16999816894531,38.79600143432617,38.16999816894531,38.75,8637600.0
2024-02-16,38.22999954223633,38.55699920654297,38.06999969482422,38.349998474121094,7683100.0
2024-02-20,38.209999084472656,38.4900016784668,37.970001220703125,38.290000915527344,6929300.0
2024-02-21,38.45000076293945,38.61800003051758,38.279998779296875,38.56999969482422,5653100.0
2024-02-22,38.689998626708984,38.880001068115234,38.564998626708984,38.66999816894531,6144400.0
2024-02-23,38.7400016784668,38.922000885009766,38.599998474121094,38.720001220703125,5263400.0
2024-02-26,38.63999938964844,38.82500076293945,38.220001220703125,38.279998779296875,6427800.0
2024-02-27,38.5099983215332,38.65999984741211,38.189998626708984,38.310001373291016,9466100.0
2024-02-28,38.130001068115234,38.959999084472656,38.06999969482422,38.79999923706055,7497600.0
2024-02-29,39.04999923706055,39.31999969482422,38.95000076293945,39.11000061035156,12860800.0
2024-03-01,39.0099983215332,39.58000183105469,38.61000061035156,39.540000915527344,9655500.0
2024-03-04,39.45000076293945,40.01900100708008,39.18000030517578,39.9900016784668,8697600.0
2024-03-05,39.83000183105469,40.095001220703125,39.314998626708984,39.47999954223633,6913800.0
2024-03-06,39.7400016784668,39.84000015258789,39.4900016784668,39.70000076293945,5483600.0
2024-03-07,39.91999816894531,40.005001068115234,39.47999954223633,39.70000076293945,5077000.0
2024-03-08,39.9900016784668,40.26499938964844,39.93000030517578,40.16999816894531,7551200.0
2024-03-11,40.029998779296875,40.33000183105469,39.779998779296875,39.970001220703125,4594600.0
2024-03-12,39.869998931884766,40.02000045776367,39.52000045776367,39.869998931884766,5669000.0
2024-03-13,39.79999923706055,40.01499938964844,39.4900016784668,39.619998931884766,6245300.0
2024-03-14,39.43000030517578,39.540000915527344,38.689998626708984,39.060001373291016,10442800.0
2024-03-15,38.68000030517578,39.12799835205078,38.68000030517578,39.040000915527344,9639600.0
2024-03-18,38.84000015258789,39.0099983215332,38.709999084472656,38.77000045776367,4971000.0
2024-03-19,38.790000915527344,38.90999984741211,38.5099983215332,38.77000045776367,5255100.0
2024-03-20,38.439998626708984,39.02199935913086,38.310001373291016,38.93000030517578,8678200.0
2024-03-21,39.099998474121094,39.29999923706055,38.845001220703125,39.08000183105469,6263500.0
2024-03-22,39.08000183105469,39.16999816894531,38.58000183105469,38.619998931884766,4402500.0
2024-03-25,38.66999816894531,38.790000915527344,38.439998626708984,38.470001220703125,5661600.0
2024-03-26,38.5,38.564998626708984,38.279998779296875,38.310001373291016,6160300.0
2024-03-27,38.72999954223633,39.279998779296875,38.619998931884766,39.279998779296875,6711000.0
2024-03-28,39.369998931884766,39.619998931884766,39.369998931884766,39.529998779296875,5695400.0
2024-04-01,39.61000061035156,39.619998931884766,38.790000915527344,38.84000015258789,8064400.0
2024-04-02,38.599998474121094,38.599998474121094,38.279998779296875,38.40999984741211,7393500.0
2024-04-03,38.369998931884766,38.5099983215332,38.17499923706055,38.43000030517578,5392200.0
2024-04-04,38.810001373291016,38.959999084472656,38.02000045776367,38.130001068115234,6667800.0
2024-04-05,38.029998779296875,38.47100067138672,37.95000076293945,38.380001068115234,6055700.0
2024-04-08,38.4900016784668,38.7400016784668,38.40999984741211,38.709999084472656,5588500.0
2024-04-09,38.900001525878906,39.209999084472656,38.775001525878906,39.20000076293945,7565200.0
2024-04-10,38.18000030517578,38.18000030517578,37.345001220703125,37.59000015258789,14873300.0
2024-04-11,37.84000015258789,37.904998779296875,37.30500030517578,37.630001068115234,9441800.0
2024-04-12,37.4900016784668,37.5,37.09000015258789,37.2400016784668,9246200.0
2024-04-15,37.470001220703125,37.529998779296875,36.345001220703125,36.59000015258789,7757100.0
2024-04-16,36.459999084472656,36.5099983215332,35.915000915527344,36.029998779296875,11776100.0
2024-04-17,35.93000030517578,36.099998474121094,35.724998474121094,35.72999954223633,11722700.0
2024-04-18,35.88999938964844,35.94900131225586,35.56999969482422,35.7400016784668,10327600.0
2024-04-19,35.900001525878906,36.04999923706055,35.7400016784668,35.880001068115234,10629100.0
2024-04-22,36.029998779296875,36.2599983215332,35.790000915527344,36.16999816894531,7762900.0
2024-04-23,36.2599983215332,36.61600112915039,36.16999816894531,36.5,10804900.0
2024-04-24,36.33000183105469,36.709999084472656,36.150001525878906,36.63999938964844,10758500.0
2024-04-25,36.310001373291016,36.5099983215332,36.02000045776367,36.43000030517578,8374300.0
2024-04-26,36.45000076293945,36.83000183105469,36.38999938964844,36.459999084472656,6950900.0
2024-04-29,36.650001525878906,36.959999084472656,36.63199996948242,36.869998931884766,6987400.0
2024-04-30,36.560001373291016,36.77000045776367,36.16999816894531,36.189998626708984,9796800.0
2024-05-01,36.18000030517578,36.858001708984375,36.07500076293945,36.209999084472656,15601300.0
2024-05-02,36.58000183105469,36.779998779296875,36.13999938964844,36.72999954223633,13264300.0
2024-05-03,37.33000183105469,37.58000183105469,36.93000030517578,37.02000045776367,11887700.0
2024-05-06,37.27000045776367,37.33000183105469,36.849998474121094,37.029998779296875,9739000.0
2024-05-07,37.310001373291016,37.5099983215332,37.17499923706055,37.41999816894531,13276100.0
2024-05-08,37.209999084472656,37.224998474121094,36.98500061035156,37.06999969482422,8182100.0
2024-05-09,37.5099983215332,37.97999954223633,37.5,37.95000076293945,8914600.0
2024-05-10,38.0,38.02000045776367,37.689998626708984,37.810001373291016,6882900.0
2024-05-13,37.970001220703125,38.1349983215332,37.70000076293945,37.90999984741211,6846500.0
2024-05-14,38.15999984741211,38.36600112915039,37.994998931884766,38.18000030517578,9703800.0
2024-05-15,38.80799865722656,38.95000076293945,38.66999816894531,38.83000183105469,10083500.0
2024-05-16,38.86000061035156,39.007999420166016,38.720001220703125,38.7599983215332,7195600.0
2024-05-17,38.81999969482422,38.86000061035156,38.619998931884766,38.7599983215332,6153000.0
2024-05-20,38.70000076293945,38.790000915527344,38.474998474121094,38.52000045776367,4067100.0
2024-05-21,38.43000030517578,38.57500076293945,38.34000015258789,38.4900016784668,3621500.0
2024-05-22,38.43000030517578,38.55500030517578,38.040000915527344,38.15999984741211,7027100.0
2024-05-23,38.16999816894531,38.16999816894531,37.32500076293945,37.349998474121094,5597300.0
2024-05-24,37.58000183105469,37.61000061035156,37.29999923706055,37.349998474121094,4686100.0
2024-05-28,37.59000015258789,37.685001373291016,37.08000183105469,37.130001068115234,4696100.0
2024-05-29,36.79999923706055,36.849998474121094,36.619998931884766,36.779998779296875,6076400.0
2024-05-30,37.040000915527344,37.31999969482422,36.974998474121094,37.310001373291016,5867800.0
2024-05-31,37.540000915527344,38.060001373291016,37.35499954223633,38.04999923706055,7949600.0
2024-06-03,38.119998931884766,38.189998626708984,37.69900131225586,37.900001525878906,5826300.0
2024-06-04,37.83000183105469,38.40999984741211,37.790000915527344,38.2599983215332,5647500.0
2024-06-05,38.290000915527344,38.290000915527344,37.9900016784668,38.209999084472656,4541200.0
2024-06-06,38.06999969482422,38.30500030517578,37.880001068115234,38.27000045776367,3888600.0
2024-06-07,37.7599983215332,38.06999969482422,37.63999938964844,37.970001220703125,5140400.0
2024-06-10,37.849998474121094,38.29999923706055,37.650001525878906,38.15999984741211,4148800.0
2024-06-11,38.029998779296875,38.2400016784668,37.904998779296875,38.040000915527344,3492400.0
2024-06-12,38.869998931884766,39.025001525878906,38.279998779296875,38.310001373291016,7600800.0
2024-06-13,38.45000076293945,38.630001068115234,38.209999084472656,38.5,3704300.0
2024-06-14,38.36000061035156,38.64500045776367,38.209999084472656,38.529998779296875,4975400.0
2024-06-17,38.31999969482422,38.529998779296875,38.09000015258789,38.33000183105469,4880900.0
2024-06-18,38.43000030517578,38.630001068115234,38.36000061035156,38.47999954223633,4893400.0
2024-06-20,38.36000061035156,38.4900016784668,38.2400016784668,38.380001068115234,4503300.0
2024-06-21,38.43000030517578,38.529998779296875,38.16999816894531,38.47999954223633,5287100.0
2024-06-24,38.119998931884766,38.7599983215332,38.02000045776367,38.349998474121094,5891800.0
2024-06-25,38.31999969482422,38.31999969482422,37.650001525878906,37.810001373291016,4429900.0
2024-06-26,37.619998931884766,37.880001068115234,37.529998779296875,37.7599983215332,3639300.0
2024-06-27,37.869998931884766,38.15999984741211,37.7400016784668,38.099998474121094,3571700.0
2024-06-28,38.31999969482422,38.56999969482422,38.099998474121094,38.40999984741211,5569800.0
2024-07-01,38.31999969482422,38.439998626708984,37.810001373291016,38.040000915527344,5700100.0
2024-07-02,38.040000915527344,38.28499984741211,37.979000091552734,38.20000076293945,3985500.0
2024-07-03,38.290000915527344,38.439998626708984,38.130001068115234,38.15999984741211,2359100.0
2024-07-05,38.27000045776367,38.34000015258789,38.02000045776367,38.29999923706055,3785800.0
2024-07-08,38.310001373291016,38.45600128173828,38.21500015258789,38.38999938964844,4443200.0
2024-07-09,38.33000183105469,38.525001525878906,38.0099983215332,38.400001525878906,3679200.0
2024-07-10,38.58000183105469,38.685001373291016,38.27000045776367,38.66999816894531,3935600.0
2024-07-11,39.2599983215332,39.88999938964844,39.220001220703125,39.70000076293945,8693400.0
2024-07-12,39.959999084472656,40.25,39.8489990234375,39.9900016784668,5322200.0
2024-07-15,40.04999923706055,40.22600173950195,39.84000015258789,40.15999984741211,4828400.0
2024-07-16,40.41999816894531,40.58000183105469,40.130001068115234,40.540000915527344,5753700.0
2024-07-17,40.619998931884766,41.13999938964844,40.560001373291016,40.900001525878906,7445800.0
2024-07-18,40.630001068115234,41.35499954223633,40.46500015258789,40.560001373291016,6016200.0
2024-07-19,40.630001068115234,40.724998474121094,40.33000183105469,40.5099983215332,5259100.0
2024-07-22,40.56999969482422,40.95000076293945,40.349998474121094,40.90999984741211,5233000.0
2024-07-23,40.88999938964844,41.125,40.66899871826172,40.84000015258789,4351500.0
2024-07-24,40.83000183105469,41.1150016784668,40.2400016784668,40.279998779296875,5606900.0
2024-07-25,40.5,40.93000030517578,39.972999572753906,40.060001373291016,8353400.0
2024-07-26,40.22999954223633,40.869998931884766,40.18000030517578,40.72999954223633,5702800.0
2024-07-29,40.72999954223633,41.130001068115234,40.41999816894531,40.9900016784668,5418100.0
2024-07-30,41.15999984741211,41.380001068115234,41.0,41.290000915527344,4674000.0
2024-07-31,41.22999954223633,41.63999938964844,41.04499816894531,41.189998626708984,8786900.0
2024-08-01,41.619998931884766,41.90999984741211,41.38999938964844,41.83000183105469,9813900.0
2024-08-02,41.849998474121094,42.29999923706055,41.4900016784668,41.86000061035156,8818200.0
2024-08-05,41.27000045776367,41.875999450683594,40.584999084472656,40.650001525878906,14134700.0
2024-08-06,40.68000030517578,41.959999084472656,40.529998779296875,41.54999923706055,11389400.0
2024-08-07,41.65999984741211,42.2400016784668,41.20500183105469,41.25,9907700.0
2024-08-08,41.15999984741211,41.64899826049805,41.060001373291016,41.599998474121094,10383100.0
2024-08-09,41.779998779296875,41.91999816894531,41.31999969482422,41.810001373291016,5454900.0
2024-08-12,41.630001068115234,41.66999816894531,41.25699996948242,41.560001373291016,4924500.0
2024-08-13,41.849998474121094,41.90999984741211,41.59000015258789,41.849998474121094,3707000.0
2024-08-14,41.91999816894531,42.20000076293945,41.77000045776367,42.0,3300600.0
2024-08-15,42.029998779296875,42.09000015258789,41.70100021362305,41.880001068115234,6282100.0
2024-08-16,41.84000015258789,42.0,41.650001525878906,41.86000061035156,4212300.0
2024-08-19,41.86000061035156,42.150001525878906,41.834999084472656,42.11000061035156,3971100.0
2024-08-20,42.09000015258789,42.255001068115234,41.94499969482422,42.150001525878906,4828200.0
2024-08-21,42.18000030517578,42.349998474121094,41.939998626708984,42.290000915527344,4214800.0
2024-08-22,42.349998474121094,42.54999923706055,42.220001220703125,42.54999923706055,4953100.0
2024-08-23,42.709999084472656,43.45000076293945,42.64500045776367,43.369998931884766,6135200.0
2024-08-26,43.58000183105469,43.66999816894531,43.270999908447266,43.34000015258789,4047800.0
2024-08-27,43.08000183105469,43.494998931884766,43.0099983215332,43.45000076293945,3717600.0
2024-08-28,43.45000076293945,43.58000183105469,43.04999923706055,43.29999923706055,5035000.0
2024-08-29,43.22999954223633,43.29999923706055,42.93000030517578,43.130001068115234,5339900.0
2024-08-30,43.34000015258789,43.56999969482422,43.0,43.54999923706055,5611600.0
2024-09-03,43.27000045776367,43.86000061035156,43.25,43.650001525878906,7580900.0
2024-09-04,43.75,44.20000076293945,43.525001525878906,43.75,5855600.0
2024-09-05,44.08000183105469,44.099998474121094,43.51499938964844,43.630001068115234,5539200.0
2024-09-06,43.65999984741211,43.69499969482422,43.233001708984375,43.630001068115234,6671700.0
2024-09-09,43.630001068115234,44.257999420166016,43.56999969482422,44.150001525878906,5070000.0
2024-09-10,44.34000015258789,44.959999084472656,44.2599983215332,44.93000030517578,7884500.0
2024-09-11,44.529998779296875,44.869998931884766,44.0099983215332,44.810001373291016,5792200.0
2024-09-12,44.880001068115234,44.959999084472656,44.380001068115234,44.88999938964844,4263300.0
2024-09-13,45.119998931884766,45.2599983215332,44.974998474121094,45.209999084472656,3707500.0
2024-09-16,45.41999816894531,45.58000183105469,45.224998474121094,45.36000061035156,4130200.0
2024-09-17,45.380001068115234,45.5099983215332,44.85499954223633,45.0,5919400.0
2024-09-18,45.060001373291016,45.5099983215332,44.810001373291016,44.869998931884766,6234400.0
2024-09-19,45.2400016784668,45.2400016784668,44.4900016784668,44.7599983215332,4552400.0
2024-09-20,44.5,44.724998474121094,44.400001525878906,44.68000030517578,4839800.0
2024-09-23,44.689998626708984,44.88999938964844,44.560001373291016,44.86000061035156,4013700.0
2024-09-24,44.650001525878906,45.02000045776367,44.470001220703125,44.86000061035156,4103800.0
2024-09-25,44.95000076293945,45.06999969482422,44.54999923706055,44.66999816894531,3457000.0
2024-09-26,44.689998626708984,44.720001220703125,44.06999969482422,44.22999954223633,4552700.0
2024-09-27,44.540000915527344,44.64500045776367,44.220001220703125,44.290000915527344,3613700.0
2024-09-30,44.130001068115234,44.70000076293945,44.04999923706055,44.66999816894531,4929900.0
2024-10-01,44.79999923706055,44.880001068115234,44.20000076293945,44.400001525878906,6453100.0
2024-10-02,43.95000076293945,44.275001525878906,43.93000030517578,44.2400016784668,4022000.0
2024-10-03,44.099998474121094,44.21500015258789,43.68000030517578,43.810001373291016,3504500.0
2024-10-04,43.560001373291016,43.59000015258789,43.099998474121094,43.52000045776367,5386100.0
2024-10-07,43.2400016784668,43.290000915527344,42.97999954223633,43.20000076293945,3793500.0
2024-10-08,43.380001068115234,43.4900016784668,43.1349983215332,43.33000183105469,4039700.0
2024-10-09,43.2400016784668,43.38600158691406,43.08000183105469,43.349998474121094,3338800.0
2024-10-10,43.11000061035156,43.470001220703125,42.84000015258789,42.9900016784668,3659600.0
2024-10-11,43.220001220703125,43.439998626708984,43.095001220703125,43.43000030517578,2312100.0
2024-10-14,43.31999969482422,43.790000915527344,43.209999084472656,43.72999954223633,3542900.0
2024-10-15,43.91999816894531,44.63999938964844,43.88999938964844,44.279998779296875,5176300.0
2024-10-16,44.380001068115234,44.78499984741211,44.25,44.720001220703125,3662700.0
2024-10-17,44.59000015258789,44.630001068115234,44.2599983215332,44.43000030517578,2934000.0
2024-10-18,44.52000045776367,44.75600051879883,44.345001220703125,44.7400016784668,3950800.0
2024-10-21,44.47999954223633,44.68000030517578,43.7599983215332,43.81999969482422,5938700.0
2024-10-22,43.72999954223633,44.060001373291016,43.619998931884766,43.88999938964844,4497400.0
2024-10-23,43.779998779296875,44.39500045776367,43.7400016784668,44.31999969482422,4849500.0
2024-10-24,44.36000061035156,44.689998626708984,44.34000015258789,44.41999816894531,3188600.0
2024-10-25,44.790000915527344,44.97999954223633,44.04999923706055,44.06999969482422,4820700.0
2024-10-28,44.459999084472656,44.650001525878906,44.125,44.209999084472656,3129100.0
2024-10-29,44.06999969482422,44.30500030517578,43.7400016784668,43.810001373291016,4557100.0
2024-10-30,43.849998474121094,44.290000915527344,43.790000915527344,43.970001220703125,5513800.0
2024-10-31,43.5,43.88999938964844,43.189998626708984,43.20000076293945,5866200.0
2024-11-01,43.4900016784668,43.54499816894531,42.709999084472656,42.7400016784668,6141400.0
2024-11-04,42.91999816894531,43.290000915527344,42.875,43.220001220703125,6509900.0
2024-11-05,43.11000061035156,43.81999969482422,42.875,43.810001373291016,4747500.0
2024-11-06,43.41999816894531,43.65999984741211,42.189998626708984,42.63999938964844,12721600.0
2024-11-07,42.79999923706055,43.290000915527344,42.720001220703125,43.16999816894531,10597900.0
2024-11-08,43.369998931884766,44.03499984741211,43.31999969482422,43.90999984741211,7348100.0
2024-11-11,43.849998474121094,44.060001373291016,43.4900016784668,43.529998779296875,7899300.0
2024-11-12,43.41999816894531,43.58000183105469,42.96500015258789,42.97999954223633,4972000.0
2024-11-13,43.459999084472656,43.650001525878906,43.244998931884766,43.31999969482422,5095000.0
2024-11-14,43.25,43.25,42.875,42.93000030517578,4860400.0
2024-11-15,42.72999954223633,43.058998107910156,42.60499954223633,42.97999954223633,5875700.0
2024-11-18,42.790000915527344,43.369998931884766,42.68000030517578,43.36000061035156,3810800.0
2024-11-19,43.22999954223633,43.66999816894531,43.04499816894531,43.540000915527344,3693100.0
2024-11-20,43.290000915527344,43.529998779296875,43.130001068115234,43.470001220703125,3198700.0
2024-11-21,43.5099983215332,43.904998779296875,43.31999969482422,43.7599983215332,3070100.0
2024-11-22,43.93000030517578,44.16999816894531,43.88999938964844,44.09000015258789,3333900.0
2024-11-25,44.36000061035156,44.880001068115234,44.31999969482422,44.68000030517578,4625700.0
2024-11-26,44.630001068115234,44.97999954223633,44.46500015258789,44.900001525878906,3183800.0
2024-11-27,45.11000061035156,45.481998443603516,45.099998474121094,45.209999084472656,3531500.0
2024-11-29,45.2400016784668,45.43000030517578,44.974998474121094,45.0,3737500.0
2024-12-02,44.75,44.83000183105469,44.15999984741211,44.31999969482422,4837300.0
2024-12-03,44.36000061035156,44.45000076293945,44.029998779296875,44.060001373291016,4164900.0
2024-12-04,44.060001373291016,44.09000015258789,43.689998626708984,43.939998626708984,3315800.0
2024-12-05,43.68000030517578,43.86000061035156,43.54999923706055,43.83000183105469,2971300.0
2024-12-06,43.95000076293945,44.08000183105469,43.564998626708984,43.77000045776367,3624700.0
2024-12-09,43.849998474121094,43.994998931884766,43.685001373291016,43.86000061035156,5211000.0
2024-12-10,43.790000915527344,43.790000915527344,43.01499938964844,43.150001525878906,4090500.0
2024-12-11,43.27000045776367,43.38999938964844,42.91999816894531,43.040000915527344,4988900.0
2024-12-12,42.9900016784668,43.47999954223633,42.93000030517578,43.0099983215332,3418100.0
2024-12-13,42.970001220703125,43.06999969482422,42.7400016784668,42.83000183105469,3833300.0
2024-12-16,42.849998474121094,43.13999938964844,42.59000015258789,42.61000061035156,3642900.0
2024-12-17,42.400001525878906,42.80500030517578,42.27000045776367,42.41999816894531,5319100.0
2024-12-18,42.279998779296875,42.4900016784668,40.709999084472656,40.7599983215332,9802600.0
2024-12-19,40.79999923706055,41.09000015258789,40.0099983215332,40.060001373291016,8386500.0
2024-12-20,40.25,41.220001220703125,40.150001525878906,40.790000915527344,9792600.0
2024-12-23,40.209999084472656,40.599998474121094,40.08000183105469,40.540000915527344,6917200.0
2024-12-24,40.38999938964844,40.84000015258789,40.36000061035156,40.810001373291016,2812100.0
2024-12-26,40.70000076293945,40.939998626708984,40.5,40.869998931884766,4044800.0
2024-12-27,40.630001068115234,40.9900016784668,40.400001525878906,40.540000915527344,4588800.0
2024-12-30,40.43000030517578,40.45000076293945,39.92499923706055,40.349998474121094,4493500.0
2024-12-31,40.66999816894531,40.75,40.279998779296875,40.66999816894531,7590600.0
2025-01-02,40.720001220703125,40.77000045776367,40.16999816894531,40.290000915527344,9786400.0
2025-01-03,40.380001068115234,40.900001525878906,40.25,40.84000015258789,5128600.0
2025-01-06,40.86000061035156,40.9900016784668,40.220001220703125,40.279998779296875,5980200.0
2025-01-07,40.41999816894531,40.6349983215332,39.8849983215332,39.97999954223633,8867700.0
2025-01-08,40.0099983215332,40.16999816894531,39.6150016784668,40.150001525878906,6312800.0
2025-01-10,39.52000045776367,39.619998931884766,39.14500045776367,39.18000030517578,8343100.0
2025-01-13,39.130001068115234,39.68899917602539,39.04999923706055,39.68000030517578,5769300.0
2025-01-14,39.810001373291016,40.11000061035156,39.709999084472656,40.02000045776367,5022100.0
2025-01-15,41.060001373291016,41.150001525878906,40.13999938964844,40.189998626708984,6511000.0
2025-01-16,40.290000915527344,41.125,40.154998779296875,41.09000015258789,5600900.0
2025-01-17,41.209999084472656,41.310001373291016,41.060001373291016,41.08000183105469,4913400.0
2025-01-21,41.2599983215332,41.869998931884766,41.2400016784668,41.83000183105469,6105700.0
2025-01-22,41.75,41.75,41.060001373291016,41.099998474121094,5837100.0
2025-01-23,41.189998626708984,41.439998626708984,40.79499816894531,41.43000030517578,3916200.0
2025-01-24,41.290000915527344,41.84000015258789,41.2599983215332,41.54999923706055,4038800.0
2025-01-27,41.5,42.005001068115234,41.40999984741211,41.959999084472656,11135800.0
2025-01-28,41.900001525878906,41.900001525878906,41.310001373291016,41.45000076293945,4366300.0
2025-01-29,41.5,41.58000183105469,40.779998779296875,40.970001220703125,3945600.0
2025-01-30,41.599998474121094,41.81999969482422,41.14400100708008,41.5099983215332,4481500.0
2025-01-31,41.380001068115234,41.83000183105469,41.290000915527344,41.41999816894531,4730300.0
2025-02-03,41.08000183105469,41.5099983215332,40.68000030517578,41.349998474121094,7439600.0
2025-02-04,41.06999969482422,41.457000732421875,40.91999816894531,41.349998474121094,4559300.0
2025-02-05,41.83000183105469,42.10499954223633,41.40999984741211,42.0,4356900.0
2025-02-06,42.2400016784668,42.25,41.81999969482422,42.119998931884766,3680600.0
2025-02-07,42.22999954223633,42.26499938964844,41.779998779296875,41.970001220703125,5337100.0
2025-02-10,42.060001373291016,42.095001220703125,41.64500045776367,42.029998779296875,3907600.0
2025-02-11,41.83000183105469,42.27000045776367,41.76499938964844,42.2599983215332,3276300.0
2025-02-12,41.43000030517578,42.04999923706055,41.43000030517578,41.900001525878906,6834300.0
2025-02-13,41.810001373291016,42.34000015258789,41.66999816894531,42.22999954223633,7069100.0
2025-02-14,42.349998474121094,42.4900016784668,42.04999923706055,42.060001373291016,4528100.0
2025-02-18,41.95000076293945,42.3849983215332,41.91999816894531,42.209999084472656,5622200.0
2025-02-19,42.029998779296875,42.387001037597656,41.96500015258789,42.290000915527344,4405400.0
2025-02-20,42.290000915527344,42.650001525878906,42.05500030517578,42.58000183105469,3947300.0
2025-02-21,42.59000015258789,42.650001525878906,42.02000045776367,42.22999954223633,5072100.0
2025-02-24,42.29999923706055,42.64500045776367,42.06999969482422,42.41999816894531,4435200.0
2025-02-25,42.560001373291016,43.08000183105469,42.54999923706055,42.869998931884766,5698200.0
2025-02-26,42.95000076293945,43.04499816894531,42.53499984741211,42.65999984741211,5472200.0
2025-02-27,42.66999816894531,43.08000183105469,42.59000015258789,42.849998474121094,4040600.0
2025-02-28,43.060001373291016,43.244998931884766,42.68000030517578,43.150001525878906,5771500.0
2025-03-03,43.29999923706055,43.74599838256836,43.16999816894531,43.52000045776367,9874300.0
2025-03-04,43.560001373291016,43.861000061035156,42.91999816894531,43.02000045776367,9765700.0
2025-03-05,42.54999923706055,43.53499984741211,42.540000915527344,43.41999816894531,5564100.0
2025-03-06,43.060001373291016,43.150001525878906,42.165000915527344,42.22999954223633,7954300.0
2025-03-07,42.310001373291016,42.637001037597656,41.939998626708984,42.470001220703125,7083600.0
2025-03-10,42.43000030517578,42.88999938964844,41.86000061035156,42.060001373291016,9447900.0
2025-03-11,42.16999816894531,42.314998626708984,41.3849983215332,41.619998931884766,7103500.0
2025-03-12,41.689998626708984,41.814998626708984,41.34000015258789,41.470001220703125,6013500.0
2025-03-13,41.47999954223633,41.709999084472656,40.60300064086914,40.65999984741211,6167200.0
2025-03-14,41.04499816894531,41.48500061035156,40.79999923706055,41.45000076293945,4548100.0
2025-03-17,41.459999084472656,42.32500076293945,41.459999084472656,42.18000030517578,4422800.0
2025-03-18,42.18000030517578,42.38999938964844,41.7599983215332,41.91999816894531,4860300.0
2025-03-19,41.95000076293945,42.2869987487793,41.6150016784668,41.970001220703125,3919100.0
2025-03-20,41.970001220703125,42.15999984741211,41.7400016784668,41.91999816894531,3452800.0
2025-03-21,41.72999954223633,41.79999923706055,41.244998931884766,41.5099983215332,6237900.0
2025-03-24,41.5,41.904998779296875,41.310001373291016,41.81999969482422,4457800.0
2025-03-25,41.81999969482422,41.83000183105469,41.08000183105469,41.31999969482422,4660800.0
2025-03-26,41.5099983215332,41.724998474121094,41.34400177001953,41.529998779296875,3717700.0
2025-03-27,41.59000015258789,41.91999816894531,41.32500076293945,41.43000030517578,3586700.0
2025-03-28,41.61000061035156,41.650001525878906,41.165000915527344,41.40999984741211,4905600.0
2025-03-31,41.529998779296875,42.1150016784668,41.470001220703125,41.849998474121094,7736800.0
2025-04-01,41.9900016784668,42.08000183105469,41.369998931884766,41.880001068115234,5903000.0
2025-04-02,41.810001373291016,42.17499923706055,41.599998474121094,42.08000183105469,4657000.0
2025-04-03,41.65999984741211,42.060001373291016,40.7599983215332,40.81999969482422,11584800.0
2025-04-04,40.619998931884766,40.619998931884766,38.915000915527344,38.959999084472656,15419700.0
2025-04-07,38.29999923706055,39.47999954223633,37.16999816894531,38.02000045776367,25297200.0
2025-04-08,38.88999938964844,38.98500061035156,36.64500045776367,37.08000183105469,16319500.0
2025-04-09,36.459999084472656,39.3849983215332,35.7599983215332,39.209999084472656,27138900.0
2025-04-10,38.81999969482422,39.25,37.43000030517578,38.380001068115234,19936700.0
2025-04-11,38.18000030517578,39.0099983215332,37.7400016784668,38.91999816894531,10742800.0
2025-04-14,39.22999954223633,40.0,39.11000061035156,39.779998779296875,6543600.0
2025-04-15,39.91999816894531,40.150001525878906,39.63999938964844,39.84000015258789,4272300.0
2025-04-16,39.9900016784668,40.349998474121094,39.56999969482422,39.81999969482422,6021900.0
2025-04-17,39.970001220703125,40.77899932861328,39.970001220703125,40.45000076293945,4793500.0
2025-04-21,40.11000061035156,40.20000076293945,39.11000061035156,39.61000061035156,4364300.0
2025-04-22,40.18000030517578,40.61000061035156,39.97999954223633,40.41999816894531,4213200.0
2025-04-23,40.7599983215332,41.22999954223633,40.22999954223633,40.470001220703125,8046200.0
2025-04-24,40.4900016784668,40.904998779296875,40.28499984741211,40.59000015258789,5093400.0
2025-04-25,40.61000061035156,40.7599983215332,40.275001525878906,40.529998779296875,4511000.0
2025-04-28,40.52000045776367,40.88999938964844,40.40999984741211,40.779998779296875,4403400.0
2025-04-29,40.790000915527344,41.290000915527344,40.720001220703125,41.11000061035156,4088100.0
2025-04-30,40.849998474121094,41.45000076293945,40.619998931884766,41.29999923706055,5100700.0
2025-05-01,41.41999816894531,41.77000045776367,41.154998779296875,41.41999816894531,6986300.0
2025-05-02,41.92499923706055,42.060001373291016,41.7400016784668,41.93000030517578,4073900.0
2025-05-05,41.92499923706055,42.10499954223633,41.630001068115234,41.880001068115234,3018300.0
2025-05-06,41.689998626708984,41.92499923706055,41.400001525878906,41.59000015258789,2531600.0
2025-05-07,41.619998931884766,41.91699981689453,41.5,41.560001373291016,3892500.0
2025-05-08,41.779998779296875,41.79999923706055,41.28499984741211,41.36000061035156,3841000.0
2025-05-09,41.38999938964844,41.749000549316406,41.290000915527344,41.61000061035156,2540300.0
2025-05-12,42.11000061035156,42.13999938964844,41.439998626708984,41.650001525878906,5525700.0
2025-05-13,41.56999969482422,41.66999816894531,40.94499969482422,41.09000015258789,6501800.0
2025-05-14,40.9900016784668,40.9900016784668,40.540000915527344,40.7400016784668,4416300.0
2025-05-15,40.91999816894531,41.505001068115234,40.849998474121094,41.4900016784668,4703800.0
2025-05-16,41.56999969482422,42.029998779296875,41.43000030517578,42.0099983215332,3421200.0
2025-05-19,41.68000030517578,42.1349983215332,41.630001068115234,42.099998474121094,3023400.0
2025-05-20,41.7599983215332,42.0099983215332,41.7400016784668,41.880001068115234,2311800.0
2025-05-21,41.66999816894531,41.7599983215332,40.75,40.77000045776367,3708700.0
2025-05-22,40.84000015258789,40.869998931884766,40.30500030517578,40.630001068115234,3599300.0
2025-05-23,40.595001220703125,40.7599983215332,40.39699935913086,40.63999938964844,3751400.0
2025-05-27,40.9900016784668,41.426998138427734,40.849998474121094,41.310001373291016,3626800.0
2025-05-28,41.349998474121094,41.349998474121094,41.01300048828125,41.310001373291016,3491900.0
2025-05-29,41.310001373291016,41.86000061035156,41.2599983215332,41.689998626708984,4811800.0
2025-05-30,41.529998779296875,41.84000015258789,41.310001373291016,41.72999954223633,6882700.0
2025-06-02,41.43000030517578,41.80500030517578,41.040000915527344,41.790000915527344,4756500.0
2025-06-03,41.59000015258789,41.70000076293945,41.30500030517578,41.63999938964844,6276900.0
2025-06-04,41.540000915527344,41.939998626708984,41.42499923706055,41.77000045776367,2969700.0
2025-06-05,41.83000183105469,41.974998474121094,41.55500030517578,41.7599983215332,5412000.0
2025-06-06,41.959999084472656,42.11000061035156,41.67499923706055,41.880001068115234,3533600.0
2025-06-09,41.82500076293945,42.1349983215332,41.56999969482422,41.86000061035156,4581000.0
2025-06-10,41.970001220703125,42.2400016784668,41.900001525878906,42.22999954223633,4832800.0
2025-06-11,42.22999954223633,42.41999816894531,41.82400131225586,42.0,4809300.0
2025-06-12,42.0,42.29999923706055,41.95000076293945,42.22999954223633,4151500.0
2025-06-13,42.0,42.16999816894531,41.59000015258789,41.88999938964844,6375700.0
2025-06-16,42.0,42.41999816894531,41.77000045776367,41.93000030517578,6304400.0
2025-06-17,41.90999984741211,42.02000045776367,41.599998474121094,41.7599983215332,5610100.0
2025-06-18,41.83000183105469,42.150001525878906,41.619998931884766,41.84000015258789,5529900.0
2025-06-20,42.02000045776367,42.224998474121094,41.779998779296875,41.83000183105469,5834600.0
2025-06-23,41.56999969482422,42.10499954223633,41.51499938964844,42.060001373291016,6057900.0
2025-06-24,42.16999816894531,42.415000915527344,41.904998779296875,42.2599983215332,5292600.0
2025-06-25,41.970001220703125,42.060001373291016,41.185001373291016,41.22999954223633,10960100.0
2025-06-26,41.220001220703125,41.22999954223633,40.474998474121094,40.970001220703125,14023700.0
2025-06-27,41.040000915527344,41.529998779296875,40.90999984741211,41.119998931884766,6608200.0
2025-06-30,41.150001525878906,41.470001220703125,40.66999816894531,41.41999816894531,6959500.0
2025-07-01,41.349998474121094,42.0,41.30500030517578,41.70000076293945,9438400.0
2025-07-02,41.650001525878906,41.85599899291992,41.439998626708984,41.779998779296875,6737400.0
2025-07-03,41.790000915527344,41.96500015258789,41.619998931884766,41.79999923706055,5758100.0
2025-07-07,41.709999084472656,42.04999923706055,41.22999954223633,41.47999954223633,6417800.0
2025-07-08,41.29999923706055,41.59700012207031,41.2400016784668,41.41999816894531,5768600.0
2025-07-09,41.459999084472656,41.52000045776367,41.23500061035156,41.400001525878906,4867800.0
2025-07-10,41.439998626708984,41.88999938964844,41.290000915527344,41.61000061035156,6045300.0
2025-07-11,41.29999923706055,41.68000030517578,41.15999984741211,41.56999969482422,5802500.0
2025-07-14,41.560001373291016,41.869998931884766,41.52000045776367,41.849998474121094,7270600.0
2025-07-15,41.86000061035156,41.90999984741211,41.20000076293945,41.310001373291016,6427500.0
2025-07-16,41.63999938964844,41.79499816894531,41.345001220703125,41.7599983215332,8487900.0
2025-07-17,41.709999084472656,41.88999938964844,41.525001525878906,41.720001220703125,7848700.0
2025-07-18,41.7599983215332,41.98500061035156,41.650001525878906,41.84000015258789,5608100.0
2025-07-21,42.05500030517578,42.290000915527344,41.900001525878906,42.0,5336600.0
2025-07-22,42.18000030517578,42.78499984741211,42.125,42.72999954223633,6165500.0
2025-07-23,42.790000915527344,42.90999984741211,42.650001525878906,42.849998474121094,5625700.0
2025-07-24,42.779998779296875,42.95500183105469,42.70000076293945,42.790000915527344,6727900.0
2025-07-25,42.79999923706055,42.84000015258789,42.33000183105469,42.790000915527344,4698000.0
2025-07-28,42.59000015258789,42.66999816894531,42.0099983215332,42.04999923706055,4776600.0
2025-07-29,42.279998779296875,42.790000915527344,42.040000915527344,42.75,9447100.0
2025-07-30,42.65999984741211,42.77000045776367,41.869998931884766,42.150001525878906,9908200.0
2025-07-31,41.869998931884766,42.099998474121094,41.349998474121094,41.40999984741211,10320700.0
2025-08-01,41.845001220703125,41.869998931884766,41.040000915527344,41.290000915527344,9602600.0
2025-08-04,41.36000061035156,41.7599983215332,41.32500076293945,41.63999938964844,6584500.0
2025-08-05,41.619998931884766,41.89500045776367,41.45000076293945,41.779998779296875,6265300.0
2025-08-06,41.90999984741211,41.90999984741211,41.415000915527344,41.43000030517578,7569500.0
2025-08-07,41.68000030517578,41.68000030517578,41.310001373291016,41.59000015258789,6429600.0
2025-08-08,41.66999816894531,41.709999084472656,41.17499923706055,41.25,7161600.0
2025-08-11,41.09000015258789,41.290000915527344,40.970001220703125,41.0099983215332,6054800.0
2025-08-12,41.06999969482422,41.15999984741211,40.694000244140625,41.08000183105469,8099800.0
2025-08-13,41.150001525878906,41.400001525878906,40.97999954223633,41.349998474121094,4962700.0
2025-08-14,41.084999084472656,41.13999938964844,40.77000045776367,41.060001373291016,7988300.0
2025-08-15,41.060001373291016,41.46500015258789,41.040000915527344,41.33000183105469,5689600.0
2025-08-18,41.41999816894531,41.41999816894531,40.93000030517578,40.939998626708984,4496900.0
2025-08-19,41.150001525878906,41.689998626708984,41.11000061035156,41.66999816894531,6803400.0
2025-08-20,41.779998779296875,42.189998626708984,41.720001220703125,41.83000183105469,7026700.0
2025-08-21,41.650001525878906,41.849998474121094,41.51499938964844,41.68000030517578,5851800.0
2025-08-22,42.01499938964844,42.584999084472656,41.93000030517578,42.34000015258789,6488900.0
2025-08-25,42.290000915527344,42.43000030517578,42.05500030517578,42.130001068115234,6213400.0
2025-08-26,42.09000015258789,42.20000076293945,41.849998474121094,42.0099983215332,4318200.0
2025-08-27,42.119998931884766,42.349998474121094,42.060001373291016,42.189998626708984,5171300.0
2025-08-28,42.220001220703125,42.22999954223633,41.86000061035156,42.08000183105469,4199700.0
2025-08-29,42.16999816894531,42.33000183105469,42.09000015258789,42.310001373291016,4810600.0
2025-09-02,41.93000030517578,42.02000045776367,41.44300079345703,41.59000015258789,8204200.0
2025-09-03,41.470001220703125,41.665000915527344,41.34000015258789,41.47999954223633,5668000.0
2025-09-04,41.63999938964844,41.83000183105469,41.369998931884766,41.7599983215332,5991100.0
2025-09-05,41.97999954223633,42.38999938964844,41.93000030517578,42.18000030517578,5298300.0
2025-09-08,41.65999984741211,41.91999816894531,41.54999923706055,41.900001525878906,7678500.0
2025-09-09,41.724998474121094,41.88999938964844,41.6619987487793,41.880001068115234,4308300.0
2025-09-10,41.88999938964844,42.18000030517578,41.790000915527344,41.86000061035156,4006500.0
2025-09-11,41.91999816894531,42.619998931884766,41.915000915527344,42.540000915527344,3604900.0
2025-09-12,42.41999816894531,42.58000183105469,42.310001373291016,42.349998474121094,2515100.0
2025-09-15,42.400001525878906,42.560001373291016,42.185001373291016,42.29999923706055,3844000.0
2025-09-16,42.2599983215332,42.38999938964844,41.970001220703125,42.04999923706055,5432500.0
2025-09-17,42.16999816894531,42.650001525878906,41.9900016784668,42.029998779296875,7312900.0
2025-09-18,42.04499816894531,42.2599983215332,41.94499969482422,42.060001373291016,5162000.0
2025-09-19,42.099998474121094,42.17499923706055,41.849998474121094,41.849998474121094,5331000.0
2025-09-22,41.54999923706055,41.7599983215332,41.33000183105469,41.66999816894531,4786500.0
2025-09-23,41.689998626708984,42.064998626708984,41.68000030517578,42.0,3002000.0
2025-09-24,41.959999084472656,41.959999084472656,41.560001373291016,41.56999969482422,3990500.0
2025-09-25,41.619998931884766,41.76499938964844,41.44499969482422,41.470001220703125,3559500.0
2025-09-26,41.61000061035156,41.965999603271484,41.51499938964844,41.880001068115234,3436200.0
2025-09-29,41.91999816894531,42.04999923706055,41.7400016784668,41.959999084472656,3891100.0
2025-09-30,42.02000045776367,42.15999984741211,41.810001373291016,42.130001068115234,3940800.0
2025-10-01,42.11000061035156,42.334999084472656,42.0099983215332,42.130001068115234,6818800.0
2025-10-02,42.0,42.040000915527344,41.689998626708984,41.90999984741211,6391600.0
2025-10-03,41.959999084472656,42.39500045776367,41.959999084472656,42.08000183105469,4820800.0
2025-10-06,42.095001220703125,42.099998474121094,41.630001068115234,41.65999984741211,4921700.0
2025-10-07,41.709999084472656,41.709999084472656,41.345001220703125,41.529998779296875,5191500.0
2025-10-08,41.30500030517578,41.47999954223633,41.22999954223633,41.31999969482422,6809300.0
2025-10-09,41.415000915527344,41.45000076293945,41.025001525878906,41.130001068115234,4517100.0
2025-10-10,41.209999084472656,41.310001373291016,40.619998931884766,40.68000030517578,10153200.0
2025-10-13,40.689998626708984,40.94599914550781,40.61000061035156,40.90999984741211,6720700.0
2025-10-14,40.849998474121094,41.349998474121094,40.779998779296875,41.29999923706055,7769100.0
2025-10-15,41.43000030517578,42.02000045776367,41.40999984741211,41.900001525878906,7393900.0
2025-10-16,41.9900016784668,42.150001525878906,41.72999954223633,41.77000045776367,9443200.0
2025-10-17,41.79999923706055,42.0989990234375,41.630001068115234,42.040000915527344,9458500.0
2025-10-20,42.28799819946289,42.4900016784668,42.150001525878906,42.47999954223633,4826100.0
2025-10-21,42.380001068115234,42.59600067138672,42.244998931884766,42.349998474121094,6887700.0
2025-10-22,42.540000915527344,42.61000061035156,42.290000915527344,42.540000915527344,7755300.0
2025-10-23,42.59000015258789,42.720001220703125,42.10499954223633,42.5,9446300.0
2025-10-24,42.720001220703125,42.880001068115234,42.63999938964844,42.650001525878906,7820300.0
2025-10-27,42.66999816894531,42.7760009765625,42.45000076293945,42.7400016784668,6851400.0
2025-10-28,42.53499984741211,42.61000061035156,41.77000045776367,41.790000915527344,17438000.0
2025-10-29,41.349998474121094,41.52000045776367,40.529998779296875,40.650001525878906,13140800.0
2025-10-30,40.67499923706055,41.13999938964844,40.58000183105469,40.880001068115234,14353400.0
2025-10-31,40.58000183105469,41.058998107910156,40.4900016784668,40.900001525878906,9788100.0
2025-11-03,40.47999954223633,40.869998931884766,40.279998779296875,40.83000183105469,10847400.0
2025-11-04,40.93000030517578,41.005001068115234,40.7400016784668,40.939998626708984,8413000.0
2025-11-05,41.060001373291016,41.119998931884766,40.70500183105469,40.93000030517578,6925600.0
2025-11-06,40.869998931884766,41.04499816894531,40.70000076293945,40.72999954223633,8171900.0
2025-11-07,40.91999816894531,41.290000915527344,40.79999923706055,41.27000045776367,7674200.0
2025-11-10,41.189998626708984,41.404998779296875,40.95000076293945,41.2400016784668,6823600.0
2025-11-11,41.31999969482422,41.71500015258789,41.310001373291016,41.70000076293945,5743700.0
2025-11-12,41.47999954223633,41.64500045776367,41.3650016784668,41.369998931884766,5801500.0
2025-11-13,41.18000030517578,41.31999969482422,40.775001525878906,40.83000183105469,8032500.0
2025-11-14,41.0099983215332,41.029998779296875,40.709999084472656,40.95000076293945,6434600.0
2025-11-17,41.099998474121094,41.11000061035156,40.560001373291016,40.68000030517578,5861900.0
2025-11-18,40.720001220703125,40.95500183105469,40.540000915527344,40.83000183105469,6634200.0
2025-11-19,40.849998474121094,40.849998474121094,40.380001068115234,40.5099983215332,7201800.0
2025-11-20,40.83000183105469,40.97999954223633,40.35499954223633,40.369998931884766,7477000.0
2025-11-21,40.650001525878906,41.08000183105469,40.439998626708984,40.900001525878906,7858600.0
2025-11-24,40.939998626708984,41.03499984741211,40.630001068115234,40.959999084472656,6796900.0
2025-11-25,41.06999969482422,41.459999084472656,41.040000915527344,41.290000915527344,5898100.0
2025-11-26,41.16999816894531,41.685001373291016,41.15999984741211,41.470001220703125,6814100.0
2025-11-28,41.47999954223633,41.78499984741211,41.41999816894531,41.66999816894531,3771900.0
2025-12-01,41.22999954223633,41.38999938964844,41.07500076293945,41.09000015258789,6008700.0
2025-12-02,41.2400016784668,41.25,40.834999084472656,40.9900016784668,5411600.0
2025-12-03,40.939998626708984,41.16999816894531,40.86399841308594,41.06999969482422,4501400.0
2025-12-04,40.9900016784668,41.290000915527344,40.939998626708984,41.0,7427000.0
2025-12-05,40.9900016784668,41.19499969482422,40.8849983215332,40.9900016784668,4553300.0
2025-12-08,40.970001220703125,41.005001068115234,40.709999084472656,40.7400016784668,6046300.0
2025-12-09,40.84000015258789,41.084999084472656,40.470001220703125,40.5,6325000.0
2025-12-10,40.61000061035156,40.87799835205078,40.534000396728516,40.58000183105469,7956300.0
2025-12-11,40.66999816894531,40.92499923706055,40.619998931884766,40.79999923706055,10300400.0
2025-12-12,40.970001220703125,41.119998931884766,40.60499954223633,40.75,7441900.0
2025-12-15,40.97999954223633,40.98500061035156,40.6150016784668,40.90999984741211,7820400.0
2025-12-16,40.95000076293945,41.02000045776367,40.500999450683594,40.54999923706055,7722200.0
2025-12-17,40.55500030517578,40.869998931884766,40.540000915527344,40.72999954223633,8811800.0
2025-12-18,40.880001068115234,40.9900016784668,40.43000030517578,40.47999954223633,9482100.0
2025-12-19,40.369998931884766,40.61600112915039,40.314998626708984,40.33000183105469,8338000.0
2025-12-22,39.849998474121094,40.2400016784668,39.724998474121094,40.189998626708984,6797800.0
2025-12-23,40.22999954223633,40.22999954223633,39.994998931884766,40.18000030517578,8384200.0
2025-12-24,40.20000076293945,40.5099983215332,40.20000076293945,40.439998626708984,3242600.0
2025-12-26,40.349998474121094,40.540000915527344,40.308998107910156,40.52000045776367,5973000.0
2025-12-29,40.689998626708984,40.7400016784668,40.52000045776367,40.630001068115234,9519300.0
2025-12-30,40.630001068115234,40.7400016784668,40.560001373291016,40.720001220703125,7967100.0
2025-12-31,40.68000030517578,40.689998626708984,40.34000015258789,40.349998474121094,6082600.0
2026-01-02,40.34000015258789,40.505001068115234,40.04999923706055,40.380001068115234,9211900.0
2026-01-05,40.244998931884766,40.599998474121094,40.04999923706055,40.43000030517578,12232000.0
2026-01-06,40.2599983215332,40.83000183105469,40.2400016784668,40.70000076293945,9052600.0
2026-01-07,40.880001068115234,40.9900016784668,40.130001068115234,40.13999938964844,12482300.0
2026-01-08,39.9900016784668,40.6349983215332,39.900001525878906,40.439998626708984,8785000.0
2026-01-09,40.40999984741211,40.755001068115234,40.40999984741211,40.5,7050200.0
2026-01-12,40.54999923706055,40.81999969482422,40.45500183105469,40.619998931884766,8398900.0
2026-01-13,40.61000061035156,40.974998474121094,40.25,40.93000030517578,8778300.0
2026-01-14,40.900001525878906,41.39500045776367,40.900001525878906,41.38999938964844,9738100.0
2026-01-15,41.540000915527344,41.849998474121094,41.44499969482422,41.70000076293945,23308300.0
2026-01-16,41.61000061035156,42.34000015258789,41.540000915527344,42.209999084472656,9540900.0
2026-01-20,41.93000030517578,42.0,41.36000061035156,41.400001525878906,9263900.0
2026-01-21,41.650001525878906,41.7599983215332,41.21500015258789,41.54999923706055,9950200.0
2026-01-22,41.560001373291016,41.685001373291016,41.119998931884766,41.13999938964844,9731900.0
2026-01-23,41.130001068115234,41.33000183105469,40.93000030517578,41.25,7587100.0
2026-01-26,41.40999984741211,41.51499938964844,41.189998626708984,41.220001220703125,6462100.0
2026-01-27,41.290000915527344,41.349998474121094,41.06999969482422,41.25,6453200.0
2026-01-28,41.23500061035156,41.369998931884766,40.744998931884766,40.849998474121094,8519200.0
2026-01-29,41.04999923706055,41.45000076293945,40.84000015258789,41.369998931884766,8650900.0
2026-01-30,41.310001373291016,41.439998626708984,40.88800048828125,41.43000030517578,10617900.0
2026-02-02,41.5,41.584999084472656,40.95000076293945,40.959999084472656,9386900.0
2026-02-03,40.869998931884766,41.08000183105469,40.529998779296875,40.810001373291016,8709700.0
2026-02-04,41.04999923706055,41.64500045776367,40.900001525878906,41.459999084472656,9573700.0
2026-02-05,41.34000015258789,41.505001068115234,40.994998931884766,41.22999954223633,9894800.0
2026-02-06,41.58000183105469,42.04499816894531,41.470001220703125,41.9900016784668,8181400.0
2026-02-09,41.91999816894531,42.279998779296875,41.689998626708984,42.25,5638900.0
2026-02-10,42.275001525878906,42.94499969482422,42.220001220703125,42.84000015258789,10547700.0
2026-02-11,42.939998626708984,43.06999969482422,42.720001220703125,42.79999923706055,13760200.0
2026-02-12,43.33000183105469,43.75,42.86000061035156,42.869998931884766,17848900.0
2026-02-13,43.03499984741211,43.65999984741211,42.869998931884766,43.5,10767600.0
2026-02-17,43.650001525878906,43.96500015258789,43.40999984741211,43.939998626708984,9757700.0
2026-02-18,43.81999969482422,43.92499923706055,43.244998931884766,43.349998474121094,10995700.0
2026-02-19,43.290000915527344,43.54499816894531,43.0099983215332,43.20000076293945,6655300.0
2026-02-20,43.25,43.560001373291016,43.154998779296875,43.560001373291016,7468400.0
2026-02-23,43.5099983215332,43.95000076293945,43.439998626708984,43.61000061035156,8647500.0
2026-02-24,43.52000045776367,43.79499816894531,43.439998626708984,43.72999954223633,10590000.0
2026-02-25,43.689998626708984,43.79999923706055,43.33000183105469,43.439998626708984,8744800.0
2026-02-26,43.65999984741211,43.720001220703125,43.415000915527344,43.630001068115234,8774100.0
2026-02-27,43.54999923706055,44.025001525878906,43.51499938964844,43.84000015258789,10826300.0
2026-03-02,43.560001373291016,44.06999969482422,43.369998931884766,43.91999816894531,13308300.0
2026-03-03,43.310001373291016,43.849998474121094,42.91999816894531,43.70000076293945,12288100.0
2026-03-04,43.54999923706055,43.80500030517578,43.26499938964844,43.7599983215332,7850700.0
2026-03-05,43.279998779296875,43.400001525878906,42.95000076293945,43.34000015258789,9182400.0
2026-03-06,42.95000076293945,43.0,42.66999816894531,42.88999938964844,11703200.0
2026-03-09,42.41999816894531,43.125,41.97999954223633,42.97999954223633,10771000.0
2026-03-10,42.849998474121094,43.29499816894531,42.654998779296875,42.91999816894531,10506900.0
2026-03-11,42.75,42.779998779296875,42.290000915527344,42.40999984741211,7164700.0
2026-03-12,42.06999969482422,42.43000030517578,41.97999954223633,42.13999938964844,6487100.0
2026-03-13,42.61000061035156,42.709999084472656,42.20000076293945,42.25,7916200.0
2026-03-16,42.560001373291016,42.85900115966797,42.4900016784668,42.58000183105469,9002800.0
2026-03-17,42.939998626708984,43.060001373291016,42.68000030517578,42.720001220703125,5654600.0
2026-03-18,42.54999923706055,42.584999084472656,41.9900016784668,42.02000045776367,6351100.0
2026-03-19,41.90999984741211,42.09000015258789,41.654998779296875,41.91999816894531,9645500.0
2026-03-20,41.849998474121094,41.939998626708984,40.40999984741211,40.59000015258789,15901300.0
2026-03-23,40.91999816894531,41.11000061035156,40.59000015258789,40.619998931884766,15314800.0
2026-03-24,40.41999816894531,40.72999954223633,40.220001220703125,40.290000915527344,9942800.0
2026-03-25,40.459999084472656,40.58000183105469,40.09000015258789,40.27000045776367,9903600.0
2026-03-26,40.189998626708984,40.599998474121094,40.029998779296875,40.290000915527344,14478400.0
2026-03-27,40.220001220703125,40.45000076293945,39.939998626708984,40.0099983215332,6122400.0
2026-03-30,40.459999084472656,40.75,40.040000915527344,40.209999084472656,12617000.0
2026-03-31,40.689998626708984,41.13999938964844,40.35499954223633,40.83000183105469,13395200.0
2026-04-01,40.869998931884766,41.125,40.75,40.95000076293945,11565600.0
2026-04-02,40.88999938964844,41.689998626708984,40.70000076293945,41.61000061035156,7354700.0
2026-04-06,41.52000045776367,41.869998931884766,41.404998779296875,41.7599983215332,5149600.0
2026-04-07,41.59000015258789,41.875,41.35499954223633,41.720001220703125,5421400.0
2026-04-08,42.310001373291016,42.51499938964844,42.119998931884766,42.439998626708984,5836500.0
2026-04-09,42.290000915527344,43.11000061035156,42.22999954223633,42.72999954223633,5202000.0
2026-04-10,42.77000045776367,42.959999084472656,42.6150016784668,42.81999969482422,4989700.0
2026-04-13,42.65999984741211,43.03499984741211,42.54999923706055,43.02000045776367,4079300.0
2026-04-14,42.970001220703125,43.474998474121094,42.85499954223633,43.43000030517578,4873600.0
2026-04-15,43.345001220703125,43.42499923706055,43.130001068115234,43.40999984741211,3029500.0
2026-04-16,43.529998779296875,43.83000183105469,43.470001220703125,43.810001373291016,4316700.0
2026-04-17,43.93000030517578,44.560001373291016,43.880001068115234,44.47999954223633,3840300.0
2026-04-20,44.400001525878906,44.650001525878906,44.321998596191406,44.63999938964844,3628800.0
2026-04-21,44.58000183105469,44.64500045776367,43.75,43.779998779296875,5080900.0
2026-04-22,43.90999984741211,44.13999938964844,43.29999923706055,43.459999084472656,5116300.0
2026-04-23,43.650001525878906,44.0099983215332,43.5,43.959999084472656,4159300.0
2026-04-24,44.0,44.18000030517578,43.79999923706055,43.83000183105469,3581000.0
2026-04-27,43.65999984741211,43.970001220703125,43.43000030517578,43.4900016784668,4082400.0
2026-04-28,43.75,43.95000076293945,43.32500076293945,43.90999984741211,6136400.0
2026-04-29,43.75,44.029998779296875,43.47999954223633,43.63999938964844,9108500.0
2026-04-30,43.540000915527344,44.474998474121094,43.5,44.400001525878906,7471300.0
2026-05-01,44.4900016784668,44.57500076293945,44.16999816894531,44.31999969482422,7212400.0
2026-05-04,44.15999984741211,44.439998626708984,43.900001525878906,44.08000183105469,4220400.0
2026-05-05,44.119998931884766,44.27000045776367,43.849998474121094,44.16999816894531,5810800.0
2026-05-06,44.439998626708984,44.90999984741211,44.415000915527344,44.7400016784668,5308700.0
2026-05-07,44.564998626708984,44.7400016784668,44.17499923706055,44.400001525878906,6956200.0
2026-05-08,44.52000045776367,44.720001220703125,44.3849983215332,44.40999984741211,3267100.0
2026-05-11,44.38999938964844,44.810001373291016,44.38999938964844,44.56999969482422,4172300.0
2026-05-12,44.52000045776367,44.689998626708984,44.275001525878906,44.58000183105469,5022400.0
2026-05-13,44.22999954223633,44.41999816894531,43.935001373291016,44.209999084472656,5242500.0
2026-05-14,44.33000183105469,44.3849983215332,43.869998931884766,43.90999984741211,4745800.0
2026-05-15,43.810001373291016,43.84000015258789,43.16999816894531,43.22999954223633,4936600.0
2026-05-18,43.290000915527344,43.78499984741211,43.290000915527344,43.75,6060900.0
2026-05-19,43.71500015258789,44.03499984741211,43.5099983215332,43.939998626708984,4328300.0
2026-05-20,43.86000061035156,44.45000076293945,43.86000061035156,44.43000030517578,3861400.0
2026-05-21,44.27000045776367,44.540000915527344,43.98500061035156,44.5,3567800.0
2026-05-22,44.630001068115234,44.81999969482422,44.279998779296875,44.560001373291016,3829700.0
2026-05-26,44.77000045776367,44.904998779296875,44.54999923706055,44.709999084472656,4320200.0
2026-05-27,44.7400016784668,44.98500061035156,44.599998474121094,44.630001068115234,3436100.0
2026-05-28,44.529998779296875,44.755001068115234,44.30500030517578,44.40999984741211,3274000.0
2026-05-29,44.310001373291016,44.349998474121094,43.82500076293945,43.9900016784668,6642300.0
2026-06-01,43.720001220703125,43.814998626708984,43.27000045776367,43.27000045776367,6478200.0
2026-06-02,43.29999923706055,43.5099983215332,43.07500076293945,43.4900016784668,6160600.0
2026-06-03,43.380001068115234,43.96500015258789,43.31999969482422,43.5099983215332,5665400.0
2026-06-04,44.15999984741211,44.43000030517578,43.78499984741211,44.400001525878906,5184700.0
2026-06-05,44.33000183105469,45.04999923706055,44.209999084472656,44.70000076293945,5326500.0
2026-06-08,44.689998626708984,44.83000183105469,43.94499969482422,44.029998779296875,4974500.0
2026-06-09,44.279998779296875,45.189998626708984,44.189998626708984,44.970001220703125,5556000.0
2026-06-10,45.11000061035156,45.27000045776367,44.9900016784668,44.9900016784668,4560100.0
2026-06-11,45.060001373291016,45.2400016784668,44.724998474121094,44.91999816894531,5514100.0
2026-06-12,45.040000915527344,45.52000045776367,45.02000045776367,45.36000061035156,4002500.0
2026-06-15,45.314998626708984,45.650001525878906,44.869998931884766,44.9900016784668,5283800.0
2026-06-16,45.209999084472656,45.459999084472656,44.959999084472656,45.099998474121094,4003900.0
2026-06-17,44.959999084472656,45.05500030517578,43.845001220703125,43.970001220703125,11440200.0
2026-06-18,44.380001068115234,44.380001068115234,43.83000183105469,43.86000061035156,5730700.0
2026-06-22,43.66999816894531,44.224998474121094,43.47999954223633,44.02000045776367,4444100.0
2026-06-23,44.130001068115234,44.71699905395508,44.09000015258789,44.63999938964844,4137600.0
2026-06-24,44.779998779296875,44.880001068115234,44.28499984741211,44.5099983215332,5158800.0
2026-06-25,44.70000076293945,44.775001525878906,44.119998931884766,44.59000015258789,5642900.0
2026-06-26,44.88999938964844,45.290000915527344,44.779998779296875,45.2400016784668,5422100.0
2026-06-29,45.13999938964844,45.19499969482422,44.54999923706055,44.91999816894531,5151100.0
2026-06-30,44.375,44.52000045776367,43.98500061035156,44.029998779296875,9117300.0
2026-07-01,44.040000915527344,44.540000915527344,44.01499938964844,44.18000030517578,8072900.0
2026-07-02,44.369998931884766,44.689998626708984,44.29999923706055,44.68000030517578,5502500.0
2026-07-06,44.72999954223633,44.779998779296875,44.099998474121094,44.290000915527344,7036500.0
2026-07-07,44.525001525878906,45.125,44.47999954223633,44.88999938964844,4836400.0
2026-07-08,44.849998474121094,44.849998474121094,44.1150016784668,44.150001525878906,3957300.0
2026-07-09,44.20000076293945,44.470001220703125,44.08000183105469,44.22999954223633,2959200.0
2026-07-10,44.47999954223633,44.560001373291016,44.04999923706055,44.45000076293945,3608200.0
2026-07-13,44.61000061035156,44.95500183105469,44.5,44.70000076293945,4213900.0
2026-07-14,44.75,44.79499816894531,44.3849983215332,44.47999954223633,3944400.0
2026-07-15,44.61000061035156,45.040000915527344,44.400001525878906,44.560001373291016,4562500.0
2026-07-16,44.709999084472656,45.51499938964844,44.66999816894531,45.459999084472656,4227700.0
2026-07-17,45.68000030517578,45.95500183105469,45.224998474121094,45.41999816894531,3903300.0
2026-07-20,45.334999084472656,45.5099983215332,45.060001373291016,45.22999954223633,3255300.0
2026-07-21,45.279998779296875,45.3650016784668,45.03499984741211,45.20000076293945,3136900.0
2026-07-22,45.29999923706055,45.369998931884766,44.91999816894531,45.0099983215332,4064300.0
